,Datetime,Open,High,Low,Close,Volume
0,2016-04-07,6704.0,7204.0,6041.0,6241.0,1300480.0
1,2016-04-08,6203.0,6554.0,6091.0,6504.0,241904.0
2,2016-04-11,6591.0,6591.0,6216.0,6216.0,120620.0
3,2016-04-12,6254.0,6291.0,6166.0,6203.0,44424.0
4,2016-04-14,6203.0,6379.0,5753.0,5916.0,117474.0
5,2016-04-15,5916.0,5928.0,5566.0,5778.0,64545.0
6,2016-04-18,5803.0,5916.0,5691.0,5916.0,29375.0
7,2016-04-19,5841.0,5953.0,5778.0,5878.0,12683.0
8,2016-04-20,5941.0,5966.0,5741.0,5866.0,17753.0
9,2016-04-21,5916.0,5916.0,5578.0,5678.0,31496.0
10,2016-04-22,5628.0,5666.0,5553.0,5628.0,26072.0
11,2016-04-25,5678.0,5678.0,5503.0,5616.0,12191.0
12,2016-04-26,5616.0,5616.0,5503.0,5603.0,10964.0
13,2016-04-27,5566.0,5666.0,5440.0,5591.0,21667.0
14,2016-04-28,5553.0,5628.0,5516.0,5516.0,9899.0
15,2016-04-29,5578.0,5691.0,5491.0,5628.0,27135.0
16,2016-05-02,5653.0,5828.0,5440.0,5591.0,57026.0
17,2016-05-03,5591.0,5591.0,5491.0,5541.0,13072.0
18,2016-05-04,5541.0,5566.0,5403.0,5503.0,26884.0
19,2016-05-09,5428.0,5903.0,5140.0,5753.0,95760.0
20,2016-05-10,5766.0,5803.0,5578.0,5741.0,62125.0
21,2016-05-11,5691.0,5978.0,5666.0,5978.0,58689.0
22,2016-05-12,5966.0,6003.0,5853.0,5903.0,28716.0
23,2016-05-13,5991.0,6254.0,5903.0,6041.0,43015.0
24,2016-05-16,6041.0,6103.0,5891.0,5953.0,9762.0
25,2016-05-17,6078.0,6078.0,5753.0,5903.0,8577.0
26,2016-05-18,5903.0,5903.0,5628.0,5641.0,26625.0
27,2016-05-19,5591.0,5828.0,5491.0,5678.0,22825.0
28,2016-05-20,5928.0,5928.0,5603.0,5653.0,8022.0
29,2016-05-23,5666.0,5703.0,5390.0,5516.0,32556.0
30,2016-05-24,5641.0,5641.0,5403.0,5478.0,12889.0
31,2016-05-25,5566.0,5591.0,5390.0,5516.0,17036.0
32,2016-05-26,5666.0,5841.0,5528.0,5816.0,50976.0
33,2016-05-27,5766.0,5966.0,5766.0,5916.0,12224.0
34,2016-05-30,5978.0,5978.0,5678.0,5791.0,12919.0
35,2016-05-31,5791.0,5791.0,5666.0,5703.0,8877.0
36,2016-06-01,5703.0,5891.0,5666.0,5853.0,14979.0
37,2016-06-02,5878.0,5941.0,5741.0,5903.0,14691.0
38,2016-06-03,5878.0,6091.0,5878.0,6091.0,15477.0
39,2016-06-07,6091.0,6166.0,5953.0,6078.0,20805.0
40,2016-06-08,6078.0,6078.0,5966.0,6028.0,29764.0
41,2016-06-09,6028.0,6116.0,5916.0,6003.0,17875.0
42,2016-06-10,6003.0,6228.0,5953.0,6041.0,50858.0
43,2016-06-13,6128.0,6128.0,5891.0,5966.0,10591.0
44,2016-06-14,5966.0,6041.0,5816.0,6028.0,9306.0
45,2016-06-15,6003.0,6228.0,6003.0,6203.0,18426.0
46,2016-06-16,6203.0,6441.0,6191.0,6354.0,33429.0
47,2016-06-17,6466.0,6816.0,6266.0,6541.0,70304.0
48,2016-06-20,6541.0,6741.0,6466.0,6541.0,28176.0
49,2016-06-21,6704.0,6829.0,6554.0,6729.0,39819.0
50,2016-06-22,6629.0,6704.0,6441.0,6441.0,112841.0
51,2016-06-23,6479.0,6929.0,6454.0,6716.0,41369.0
52,2016-06-24,6954.0,6991.0,6454.0,6841.0,70286.0
53,2016-06-27,6904.0,7042.0,6766.0,6804.0,49834.0
54,2016-06-28,6729.0,7192.0,6729.0,7129.0,78066.0
55,2016-06-29,6954.0,7229.0,6904.0,7154.0,49089.0
56,2016-06-30,7229.0,7304.0,7004.0,7179.0,39190.0
57,2016-07-01,7054.0,7167.0,6841.0,7016.0,37517.0
58,2016-07-04,6979.0,6979.0,6629.0,6741.0,40401.0
59,2016-07-05,6704.0,6941.0,6591.0,6841.0,33643.0
60,2016-07-06,6879.0,6966.0,6641.0,6679.0,21200.0
61,2016-07-07,6566.0,6704.0,6429.0,6691.0,88744.0
62,2016-07-08,6604.0,7104.0,6554.0,7029.0,72917.0
63,2016-07-11,7029.0,7204.0,7029.0,7042.0,36447.0
64,2016-07-12,7179.0,7179.0,6891.0,6979.0,27526.0
65,2016-07-13,7079.0,7079.0,6829.0,6829.0,18931.0
66,2016-07-14,7004.0,7079.0,6866.0,7016.0,17203.0
67,2016-07-15,7016.0,7079.0,6854.0,6891.0,14084.0
68,2016-07-18,6779.0,6966.0,6579.0,6779.0,16857.0
69,2016-07-19,6754.0,6816.0,6591.0,6754.0,19046.0
70,2016-07-20,6704.0,7104.0,6479.0,7079.0,24627.0
71,2016-07-21,6991.0,7167.0,6954.0,7167.0,20037.0
72,2016-07-22,7317.0,7729.0,7016.0,7667.0,39896.0
73,2016-07-25,7754.0,7930.0,7567.0,7567.0,27781.0
74,2016-07-26,7442.0,7942.0,7317.0,7942.0,22146.0
75,2016-07-27,8042.0,8192.0,7692.0,7742.0,46773.0
76,2016-07-28,7654.0,7867.0,7417.0,7742.0,39717.0
77,2016-07-29,7742.0,7742.0,7279.0,7429.0,53888.0
78,2016-08-01,7417.0,7617.0,7242.0,7442.0,17354.0
79,2016-08-02,7617.0,7617.0,7342.0,7554.0,13792.0
80,2016-08-03,7529.0,7579.0,7429.0,7554.0,9430.0
81,2016-08-04,7629.0,7679.0,7404.0,7679.0,10353.0
82,2016-08-05,7667.0,7779.0,7554.0,7754.0,15925.0
83,2016-08-08,7692.0,7817.0,7542.0,7629.0,10115.0
84,2016-08-09,7504.0,7629.0,7254.0,7417.0,40933.0
85,2016-08-10,7279.0,7554.0,7279.0,7417.0,11667.0
86,2016-08-11,7292.0,7442.0,7279.0,7404.0,8181.0
87,2016-08-12,7504.0,7504.0,7242.0,7392.0,26470.0
88,2016-08-16,7392.0,7529.0,7054.0,7304.0,44177.0
89,2016-08-17,7304.0,7454.0,7167.0,7167.0,15092.0
90,2016-08-18,7104.0,7254.0,6966.0,7092.0,15421.0
91,2016-08-19,7242.0,7242.0,6754.0,7217.0,34522.0
92,2016-08-22,7279.0,7279.0,6804.0,7004.0,20358.0
93,2016-08-23,6891.0,6979.0,6704.0,6879.0,34509.0
94,2016-08-24,7042.0,7042.0,6741.0,6829.0,9220.0
95,2016-08-25,6866.0,6866.0,6591.0,6754.0,26652.0
96,2016-08-26,6679.0,6866.0,6554.0,6729.0,10892.0
97,2016-08-29,6804.0,6904.0,6616.0,6866.0,11194.0
98,2016-08-30,6754.0,6866.0,6679.0,6741.0,14565.0
99,2016-08-31,6741.0,6841.0,6566.0,6754.0,10116.0
100,2016-09-01,6754.0,7242.0,6654.0,7167.0,28369.0
101,2016-09-02,7242.0,7242.0,7042.0,7167.0,8560.0
102,2016-09-05,7242.0,7242.0,7117.0,7204.0,9539.0
103,2016-09-06,7242.0,7254.0,7004.0,7217.0,7039.0
104,2016-09-07,7229.0,7229.0,6966.0,7104.0,11162.0
105,2016-09-08,7104.0,7104.0,6666.0,6954.0,22402.0
106,2016-09-09,6954.0,6954.0,6666.0,6891.0,12624.0
107,2016-09-12,6754.0,6779.0,6641.0,6741.0,8542.0
108,2016-09-13,6816.0,6979.0,6716.0,6916.0,4808.0
109,2016-09-19,6916.0,6954.0,6754.0,6916.0,2264.0
110,2016-09-20,6954.0,6954.0,6791.0,6879.0,1900.0
111,2016-09-21,7004.0,7004.0,6741.0,6979.0,10083.0
112,2016-09-22,6954.0,6966.0,6829.0,6841.0,11708.0
113,2016-09-23,6941.0,7104.0,6854.0,7042.0,14848.0
114,2016-09-26,7079.0,7367.0,6904.0,7254.0,19691.0
115,2016-09-27,7154.0,7367.0,7154.0,7254.0,11725.0
116,2016-09-28,7367.0,7367.0,7067.0,7179.0,14024.0
117,2016-09-29,7329.0,7329.0,7217.0,7292.0,12635.0
118,2016-09-30,7192.0,7404.0,7117.0,7342.0,18453.0
119,2016-10-04,7329.0,7454.0,7254.0,7342.0,14514.0
120,2016-10-05,7392.0,7679.0,7292.0,7629.0,30292.0
121,2016-10-06,7629.0,7742.0,7379.0,7529.0,17382.0
122,2016-10-07,7529.0,7729.0,7304.0,7679.0,21774.0
123,2016-10-10,7679.0,7955.0,7604.0,7867.0,22012.0
124,2016-10-11,7867.0,8017.0,7717.0,8017.0,21171.0
125,2016-10-12,7867.0,8117.0,7867.0,8105.0,17587.0
126,2016-10-13,8130.0,8155.0,7967.0,8130.0,10022.0
127,2016-10-14,8142.0,8142.0,7817.0,8055.0,12392.0
128,2016-10-17,8092.0,8092.0,7692.0,7855.0,10876.0
129,2016-10-18,7992.0,7992.0,7479.0,7804.0,20111.0
130,2016-10-19,7654.0,7930.0,7617.0,7754.0,9852.0
131,2016-10-20,7642.0,7804.0,7542.0,7792.0,9933.0
132,2016-10-21,7629.0,7892.0,7629.0,7830.0,6124.0
133,2016-10-24,7842.0,7917.0,7767.0,7842.0,6937.0
134,2016-10-25,7880.0,7880.0,7642.0,7855.0,4160.0
135,2016-10-26,7830.0,7855.0,7704.0,7804.0,4678.0
136,2016-10-27,7955.0,7955.0,7529.0,7754.0,12149.0
137,2016-10-28,7792.0,7792.0,7579.0,7754.0,8598.0
138,2016-10-31,7729.0,7729.0,7379.0,7579.0,12647.0
139,2016-11-01,7454.0,7592.0,7117.0,7254.0,23143.0
140,2016-11-02,7254.0,7354.0,7042.0,7354.0,4644.0
141,2016-11-03,7342.0,7454.0,7254.0,7354.0,4007.0
142,2016-11-04,7417.0,7417.0,7267.0,7267.0,3129.0
143,2016-11-07,7229.0,7367.0,7129.0,7304.0,3162.0
144,2016-11-08,7304.0,7479.0,7167.0,7454.0,4639.0
145,2016-11-09,7454.0,7604.0,6916.0,7404.0,18808.0
146,2016-11-10,7379.0,7567.0,7229.0,7529.0,8730.0
147,2016-11-11,7342.0,7554.0,7342.0,7529.0,2861.0
148,2016-11-14,7629.0,7629.0,7267.0,7329.0,5655.0
149,2016-11-15,7342.0,7442.0,7142.0,7329.0,6831.0
150,2016-11-16,7329.0,7329.0,7142.0,7267.0,7723.0
151,2016-11-17,7229.0,7254.0,7092.0,7092.0,7795.0
152,2016-11-18,7079.0,7179.0,7004.0,7067.0,7116.0
153,2016-11-21,7154.0,7154.0,6966.0,7042.0,6776.0
154,2016-11-22,7117.0,7117.0,6954.0,7042.0,4281.0
155,2016-11-23,6904.0,7104.0,6779.0,6929.0,9960.0
156,2016-11-24,6979.0,6979.0,6604.0,6929.0,12850.0
157,2016-11-25,7004.0,7004.0,6841.0,6991.0,1902.0
158,2016-11-28,6991.0,6991.0,6841.0,6979.0,3964.0
159,2016-11-29,6829.0,6954.0,6704.0,6866.0,10077.0
160,2016-11-30,6866.0,6866.0,6716.0,6854.0,4567.0
161,2016-12-01,6904.0,6904.0,6704.0,6891.0,5806.0
162,2016-12-02,6891.0,6954.0,6704.0,6929.0,13290.0
163,2016-12-05,6929.0,6929.0,6729.0,6841.0,9775.0
164,2016-12-06,6754.0,6979.0,6729.0,6879.0,16169.0
165,2016-12-07,6866.0,6866.0,6616.0,6654.0,16349.0
166,2016-12-08,6791.0,6791.0,6279.0,6404.0,22927.0
167,2016-12-09,6554.0,6604.0,6341.0,6529.0,7337.0
168,2016-12-12,6479.0,6591.0,6441.0,6479.0,19100.0
169,2016-12-13,6454.0,6529.0,6391.0,6504.0,11376.0
170,2016-12-14,6504.0,6504.0,6341.0,6429.0,19751.0
171,2016-12-15,6329.0,6541.0,6329.0,6504.0,26628.0
172,2016-12-16,6566.0,6566.0,6404.0,6504.0,14266.0
173,2016-12-19,6654.0,6654.0,6454.0,6491.0,12604.0
174,2016-12-20,6491.0,6616.0,6466.0,6591.0,6637.0
175,2016-12-21,6629.0,6704.0,6491.0,6691.0,7384.0
176,2016-12-22,6691.0,6841.0,6566.0,6804.0,8213.0
177,2016-12-23,6854.0,6916.0,6754.0,6816.0,4811.0
178,2016-12-26,6854.0,6854.0,6679.0,6754.0,9227.0
179,2016-12-27,6854.0,6854.0,6504.0,6604.0,16311.0
180,2016-12-28,6504.0,6629.0,6441.0,6616.0,14776.0
181,2016-12-29,6504.0,6591.0,6391.0,6554.0,17608.0
182,2017-01-02,6479.0,6541.0,6304.0,6366.0,15518.0
183,2017-01-03,6304.0,6429.0,6141.0,6254.0,33092.0
184,2017-01-04,6254.0,6304.0,6153.0,6153.0,16226.0
185,2017-01-05,6241.0,6341.0,6153.0,6178.0,11128.0
186,2017-01-06,6153.0,6191.0,6091.0,6166.0,8359.0
187,2017-01-09,6128.0,6241.0,6041.0,6203.0,18736.0
188,2017-01-10,6279.0,6279.0,6053.0,6128.0,8106.0
189,2017-01-11,6128.0,6203.0,6053.0,6128.0,9701.0
190,2017-01-12,6128.0,6128.0,6028.0,6066.0,5509.0
191,2017-01-13,6066.0,6078.0,5966.0,6078.0,8778.0
192,2017-01-16,6128.0,6128.0,5953.0,6078.0,4932.0
193,2017-01-17,6078.0,6078.0,5928.0,5966.0,11046.0
194,2017-01-18,6016.0,6291.0,5916.0,6241.0,15824.0
195,2017-01-19,6254.0,6291.0,6166.0,6291.0,10440.0
196,2017-01-20,6166.0,6354.0,6166.0,6291.0,10692.0
197,2017-01-23,6291.0,6429.0,6291.0,6354.0,8139.0
198,2017-01-24,6441.0,6441.0,6166.0,6266.0,5133.0
199,2017-01-25,6404.0,6404.0,6153.0,6203.0,7532.0
200,2017-01-26,6153.0,6354.0,6153.0,6254.0,4641.0
201,2017-01-31,6254.0,6291.0,6216.0,6279.0,2775.0
202,2017-02-01,6279.0,6279.0,6178.0,6216.0,3967.0
203,2017-02-02,6391.0,6391.0,6116.0,6254.0,5251.0
204,2017-02-03,6254.0,6354.0,6153.0,6228.0,5314.0
205,2017-02-06,6228.0,6354.0,6191.0,6304.0,5390.0
206,2017-02-07,6304.0,6904.0,6304.0,6616.0,31916.0
207,2017-02-08,6616.0,6766.0,6516.0,6554.0,3767.0
208,2017-02-09,6679.0,6979.0,6454.0,6979.0,22086.0
209,2017-02-10,7004.0,7179.0,6891.0,7029.0,23010.0
210,2017-02-13,7004.0,7117.0,7004.0,7079.0,9460.0
211,2017-02-14,7004.0,7016.0,6904.0,7004.0,9307.0
212,2017-02-15,7004.0,7004.0,6916.0,6979.0,3712.0
213,2017-02-16,7016.0,7016.0,6879.0,6941.0,2872.0
214,2017-02-17,6941.0,7117.0,6891.0,6979.0,12304.0
215,2017-02-20,7004.0,7016.0,6841.0,6954.0,3237.0
216,2017-02-21,6916.0,7067.0,6916.0,6991.0,9173.0
217,2017-02-22,7016.0,7016.0,6879.0,6966.0,4311.0
218,2017-02-23,6854.0,7054.0,6454.0,7016.0,14073.0
219,2017-02-24,7029.0,7029.0,6829.0,6891.0,6541.0
220,2017-02-27,6979.0,6979.0,6766.0,6879.0,4145.0
221,2017-02-28,6791.0,6841.0,6766.0,6779.0,2586.0
222,2017-03-02,6779.0,6779.0,6591.0,6729.0,5480.0
223,2017-03-03,6729.0,6941.0,6654.0,6891.0,6889.0
224,2017-03-06,6891.0,6941.0,6816.0,6904.0,773.0
225,2017-03-07,6916.0,6941.0,6666.0,6704.0,4003.0
226,2017-03-08,6816.0,6816.0,6666.0,6729.0,1453.0
227,2017-03-09,6754.0,6754.0,6629.0,6704.0,2533.0
228,2017-03-10,6666.0,6866.0,6641.0,6804.0,3566.0
229,2017-03-13,6654.0,6729.0,6616.0,6654.0,8998.0
230,2017-03-14,6629.0,6629.0,6466.0,6579.0,9727.0
231,2017-03-15,6566.0,6566.0,6354.0,6479.0,10890.0
232,2017-03-16,6541.0,6666.0,6379.0,6641.0,9652.0
233,2017-03-17,6641.0,6641.0,6479.0,6641.0,3741.0
234,2017-03-20,6641.0,6641.0,6391.0,6391.0,5626.0
235,2017-03-21,6454.0,6504.0,6241.0,6441.0,11544.0
236,2017-03-22,6441.0,6516.0,6316.0,6504.0,6861.0
237,2017-03-23,6529.0,6679.0,6366.0,6679.0,11401.0
238,2017-03-24,6679.0,6779.0,6616.0,6779.0,5461.0
239,2017-03-27,6729.0,6829.0,6554.0,6554.0,5897.0
240,2017-03-28,6604.0,6691.0,6529.0,6641.0,5330.0
241,2017-03-29,6754.0,6754.0,6554.0,6704.0,4638.0
242,2017-03-30,6704.0,6754.0,6554.0,6704.0,6508.0
243,2017-03-31,6704.0,6704.0,6504.0,6666.0,10339.0
244,2017-04-03,6716.0,7079.0,6716.0,6979.0,22613.0
245,2017-04-04,6979.0,7004.0,6704.0,6791.0,5456.0
246,2017-04-05,6804.0,6941.0,6741.0,6879.0,5566.0
247,2017-04-06,6829.0,6854.0,6729.0,6829.0,3620.0
248,2017-04-07,6829.0,6954.0,6691.0,6854.0,5645.0
249,2017-04-10,6879.0,6879.0,6466.0,6629.0,16539.0
250,2017-04-11,6629.0,6754.0,6541.0,6604.0,2146.0
251,2017-04-12,6616.0,6616.0,6466.0,6579.0,3549.0
252,2017-04-13,6516.0,6791.0,6479.0,6779.0,11332.0
253,2017-04-14,6641.0,6704.0,6566.0,6691.0,4695.0
254,2017-04-17,6691.0,6804.0,6691.0,6779.0,8791.0
255,2017-04-18,6879.0,6879.0,6616.0,6804.0,5398.0
256,2017-04-19,6804.0,6904.0,6754.0,6904.0,6528.0
257,2017-04-20,6791.0,6866.0,6691.0,6829.0,5699.0
258,2017-04-21,6891.0,6891.0,6729.0,6841.0,4184.0
259,2017-04-24,6841.0,6904.0,6779.0,6904.0,6450.0
260,2017-04-25,6966.0,6979.0,6841.0,6904.0,3239.0
261,2017-04-26,6929.0,6929.0,6791.0,6829.0,5003.0
262,2017-04-27,6829.0,6954.0,6754.0,6904.0,9095.0
263,2017-04-28,6979.0,6991.0,6879.0,6904.0,5657.0
264,2017-05-02,6929.0,6929.0,6604.0,6841.0,6628.0
265,2017-05-04,6879.0,6929.0,6779.0,6904.0,6605.0
266,2017-05-08,6941.0,6941.0,6804.0,6891.0,7613.0
267,2017-05-10,6929.0,6991.0,6816.0,6979.0,8805.0
268,2017-05-11,6979.0,7067.0,6929.0,7004.0,8085.0
269,2017-05-12,7054.0,7054.0,6929.0,7004.0,3748.0
270,2017-05-15,7067.0,7067.0,6891.0,7004.0,3287.0
271,2017-05-16,7054.0,7054.0,6916.0,7042.0,3432.0
272,2017-05-17,6941.0,7029.0,6891.0,7029.0,7376.0
273,2017-05-18,6904.0,6954.0,6854.0,6891.0,5735.0
274,2017-05-19,6891.0,6941.0,6829.0,6904.0,7393.0
275,2017-05-22,6904.0,6904.0,6804.0,6829.0,5580.0
276,2017-05-23,6791.0,6979.0,6791.0,6791.0,6449.0
277,2017-05-24,6754.0,6791.0,6716.0,6791.0,11300.0
278,2017-05-25,6791.0,6829.0,6766.0,6791.0,7826.0
279,2017-05-26,6816.0,6816.0,6679.0,6791.0,8631.0
280,2017-05-29,6841.0,6841.0,6716.0,6791.0,18719.0
281,2017-05-30,6866.0,6991.0,6841.0,6991.0,18141.0
282,2017-05-31,7004.0,7079.0,6941.0,7079.0,21485.0
283,2017-06-01,7092.0,7104.0,7004.0,7054.0,5607.0
284,2017-06-02,7117.0,7117.0,6979.0,7104.0,9823.0
285,2017-06-05,7104.0,7317.0,7054.0,7317.0,22729.0
286,2017-06-07,7254.0,7479.0,7254.0,7429.0,22664.0
287,2017-06-08,7429.0,7429.0,7029.0,7279.0,14984.0
288,2017-06-09,7379.0,7379.0,7192.0,7279.0,8443.0
289,2017-06-12,7279.0,7342.0,7142.0,7254.0,11203.0
290,2017-06-13,7304.0,7304.0,7129.0,7204.0,8834.0
291,2017-06-14,7129.0,7304.0,7129.0,7279.0,12650.0
292,2017-06-15,7304.0,7342.0,7104.0,7179.0,17891.0
293,2017-06-16,7229.0,7229.0,7067.0,7179.0,10218.0
294,2017-06-19,7217.0,7217.0,7092.0,7167.0,16035.0
295,2017-06-20,7167.0,7204.0,7042.0,7179.0,13104.0
296,2017-06-21,7217.0,7217.0,7054.0,7167.0,16673.0
297,2017-06-22,7167.0,7204.0,7079.0,7104.0,5000.0
298,2017-06-23,7142.0,7179.0,7104.0,7179.0,8115.0
299,2017-06-26,7254.0,7254.0,7154.0,7154.0,6320.0
300,2017-06-27,7142.0,7242.0,7104.0,7229.0,9440.0
301,2017-06-28,7279.0,7279.0,7192.0,7204.0,17244.0
302,2017-06-29,7229.0,7254.0,7129.0,7142.0,9357.0
303,2017-06-30,7142.0,7242.0,7079.0,7217.0,7245.0
304,2017-07-03,7242.0,7242.0,7054.0,7067.0,5042.0
305,2017-07-04,7142.0,7154.0,6879.0,7054.0,16339.0
306,2017-07-05,7167.0,7167.0,6966.0,7079.0,5381.0
307,2017-07-06,7079.0,7129.0,6854.0,6941.0,14081.0
308,2017-07-07,6941.0,6991.0,6754.0,6979.0,19896.0
309,2017-07-10,7016.0,7016.0,6679.0,6704.0,22109.0
310,2017-07-11,6704.0,6791.0,6704.0,6704.0,12987.0
311,2017-07-12,6679.0,7917.0,6579.0,7204.0,252733.0
312,2017-07-13,7254.0,7504.0,7167.0,7417.0,139185.0
313,2017-07-14,7517.0,7579.0,7367.0,7479.0,57770.0
314,2017-07-17,7604.0,7629.0,7379.0,7492.0,46535.0
315,2017-07-18,7504.0,7504.0,7342.0,7417.0,29476.0
316,2017-07-19,7442.0,7529.0,7329.0,7404.0,31899.0
317,2017-07-20,7467.0,7517.0,7329.0,7492.0,30197.0
318,2017-07-21,7504.0,7579.0,7417.0,7492.0,35925.0
319,2017-07-24,7504.0,7629.0,7442.0,7579.0,41469.0
320,2017-07-25,7642.0,7842.0,7604.0,7754.0,61293.0
321,2017-07-26,7754.0,7917.0,7742.0,7917.0,52491.0
322,2017-07-27,7942.0,8105.0,7754.0,7980.0,99668.0
323,2017-07-28,9450.0,10350.0,7940.0,8470.0,1293015.0
324,2017-07-31,8300.0,8300.0,7840.0,7900.0,183592.0
325,2017-08-01,7930.0,8040.0,7790.0,7890.0,111899.0
326,2017-08-02,7840.0,8020.0,7830.0,8000.0,54977.0
327,2017-08-03,7940.0,8180.0,7720.0,8010.0,58619.0
328,2017-08-04,8020.0,8070.0,7850.0,7970.0,40423.0
329,2017-08-07,7960.0,7980.0,7810.0,7860.0,36917.0
330,2017-08-08,7860.0,7970.0,7810.0,7920.0,20520.0
331,2017-08-09,7910.0,7940.0,7780.0,7870.0,21252.0
332,2017-08-10,7870.0,7870.0,7730.0,7860.0,30596.0
333,2017-08-11,7730.0,7880.0,7650.0,7880.0,26573.0
334,2017-08-14,7880.0,7990.0,7720.0,7900.0,33485.0
335,2017-08-16,7900.0,7980.0,7770.0,7920.0,28630.0
336,2017-08-17,7980.0,8220.0,7850.0,8220.0,48308.0
337,2017-08-18,7900.0,8040.0,7850.0,8000.0,79892.0
338,2017-08-21,8010.0,8050.0,7790.0,7790.0,66068.0
339,2017-08-22,7520.0,7840.0,7510.0,7760.0,289708.0
340,2017-08-23,7780.0,7870.0,7610.0,7830.0,142823.0
341,2017-08-24,7820.0,7820.0,7670.0,7700.0,90514.0
342,2017-08-25,7630.0,7690.0,7530.0,7550.0,131487.0
343,2017-08-28,7550.0,7680.0,7540.0,7640.0,86504.0
344,2017-08-29,7640.0,8400.0,7500.0,7680.0,274375.0
345,2017-08-30,7690.0,7700.0,7480.0,7580.0,136686.0
346,2017-08-31,7550.0,7560.0,7340.0,7430.0,93142.0
347,2017-09-01,7480.0,7590.0,7370.0,7550.0,55373.0
348,2017-09-04,7450.0,7700.0,7300.0,7500.0,90072.0
349,2017-09-05,7550.0,7650.0,7450.0,7580.0,57485.0
350,2017-09-06,7600.0,7670.0,7520.0,7660.0,42711.0
351,2017-09-07,7650.0,7700.0,7550.0,7660.0,41283.0
352,2017-09-08,7660.0,7750.0,7580.0,7690.0,51832.0
353,2017-09-11,7820.0,7990.0,7730.0,7920.0,201038.0
354,2017-09-12,7920.0,8200.0,7840.0,8190.0,205884.0
355,2017-09-13,8320.0,8320.0,8080.0,8240.0,128315.0
356,2017-09-14,8300.0,8320.0,8170.0,8190.0,71502.0
357,2017-09-15,8190.0,8320.0,8000.0,8300.0,71145.0
358,2017-09-18,8300.0,8390.0,8120.0,8390.0,78142.0
359,2017-09-19,8390.0,8560.0,8310.0,8550.0,126399.0
360,2017-09-20,8510.0,8880.0,8480.0,8660.0,162395.0
361,2017-09-21,8750.0,8780.0,8290.0,8770.0,132351.0
362,2017-09-22,8740.0,9200.0,8540.0,8890.0,366757.0
363,2017-09-25,9050.0,9050.0,8590.0,8690.0,139120.0
364,2017-09-26,8580.0,8870.0,8580.0,8730.0,77243.0
365,2017-09-27,8840.0,8850.0,8600.0,8680.0,64649.0
366,2017-09-28,8620.0,9040.0,8620.0,8900.0,141897.0
367,2017-09-29,8940.0,9340.0,8890.0,9220.0,194850.0
368,2017-10-10,9310.0,9430.0,8920.0,9100.0,142737.0
369,2017-10-11,9200.0,9290.0,8870.0,9130.0,110765.0
370,2017-10-12,9200.0,9240.0,9090.0,9230.0,85057.0
371,2017-10-13,9140.0,9280.0,9090.0,9190.0,98815.0
372,2017-10-16,9290.0,9290.0,8810.0,9030.0,128262.0
373,2017-10-17,9040.0,9100.0,8700.0,9020.0,195231.0
374,2017-10-18,9000.0,9500.0,8890.0,9500.0,219954.0
375,2017-10-19,9530.0,9650.0,8950.0,8950.0,275783.0
376,2017-10-20,8950.0,9190.0,8810.0,8880.0,89359.0
377,2017-10-23,8880.0,9040.0,8820.0,8920.0,41039.0
378,2017-10-24,8930.0,8970.0,8730.0,8920.0,49807.0
379,2017-10-25,8990.0,9060.0,8900.0,8970.0,32121.0
380,2017-10-26,8950.0,8960.0,8380.0,8560.0,210639.0
381,2017-10-27,8560.0,8710.0,8450.0,8530.0,79150.0
382,2017-10-30,8500.0,8690.0,8450.0,8480.0,74543.0
383,2017-10-31,8530.0,8690.0,8320.0,8400.0,121910.0
384,2017-11-01,8580.0,8580.0,8400.0,8510.0,60447.0
385,2017-11-02,8550.0,8710.0,8410.0,8510.0,55655.0
386,2017-11-03,8520.0,8800.0,8450.0,8800.0,41087.0
387,2017-11-06,8790.0,8830.0,8650.0,8800.0,42916.0
388,2017-11-07,8850.0,8900.0,8600.0,8800.0,54557.0
389,2017-11-08,8820.0,8850.0,8720.0,8740.0,40801.0
390,2017-11-09,8740.0,8970.0,8700.0,8960.0,73321.0
391,2017-11-10,8970.0,9080.0,8940.0,9060.0,62163.0
392,2017-11-13,9100.0,9170.0,8940.0,9060.0,90328.0
393,2017-11-14,9100.0,9100.0,8870.0,8870.0,46777.0
394,2017-11-15,8900.0,8980.0,8700.0,8850.0,62177.0
395,2017-11-16,8890.0,8900.0,8730.0,8820.0,43803.0
396,2017-11-17,8820.0,8950.0,8720.0,8820.0,37547.0
397,2017-11-20,8860.0,8870.0,8630.0,8850.0,73419.0
398,2017-11-21,8840.0,8980.0,8740.0,8890.0,69404.0
399,2017-11-22,9000.0,9000.0,8730.0,8790.0,35738.0
400,2017-11-23,8790.0,8810.0,8630.0,8700.0,38324.0
401,2017-11-24,8720.0,8900.0,8700.0,8790.0,38674.0
402,2017-11-27,8710.0,8890.0,8710.0,8730.0,23888.0
403,2017-11-28,8730.0,8780.0,8590.0,8720.0,51701.0
404,2017-11-29,8730.0,8870.0,8670.0,8760.0,29712.0
405,2017-11-30,8760.0,8800.0,8680.0,8730.0,25146.0
406,2017-12-01,8840.0,8840.0,8540.0,8620.0,99024.0
407,2017-12-04,8680.0,8920.0,8560.0,8900.0,91571.0
408,2017-12-05,8950.0,8960.0,8820.0,8910.0,46863.0
409,2017-12-06,8900.0,9150.0,8830.0,9100.0,112433.0
410,2017-12-07,9100.0,9130.0,8860.0,9000.0,62205.0
411,2017-12-08,9000.0,9050.0,8750.0,9000.0,47104.0
412,2017-12-11,9010.0,9010.0,8860.0,8940.0,25857.0
413,2017-12-12,8940.0,8970.0,8750.0,8830.0,22862.0
414,2017-12-13,8940.0,8940.0,8760.0,8810.0,22566.0
415,2017-12-14,8730.0,8810.0,8640.0,8770.0,72018.0
416,2017-12-15,8790.0,8790.0,8450.0,8750.0,121545.0
417,2017-12-18,8750.0,8770.0,8540.0,8660.0,41733.0
418,2017-12-19,8600.0,8730.0,8560.0,8720.0,66678.0
419,2017-12-20,8710.0,8880.0,8710.0,8830.0,62502.0
420,2017-12-21,8850.0,8870.0,8630.0,8700.0,43184.0
421,2017-12-22,8650.0,9030.0,8550.0,8980.0,80983.0
422,2017-12-26,9090.0,9090.0,8800.0,8890.0,77090.0
423,2017-12-27,8750.0,8840.0,8660.0,8830.0,41492.0
424,2017-12-28,8900.0,8910.0,8760.0,8850.0,31508.0
425,2018-01-02,8880.0,8900.0,8670.0,8890.0,101834.0
426,2018-01-03,8890.0,8890.0,8710.0,8830.0,79393.0
427,2018-01-04,8800.0,9070.0,8760.0,8980.0,134184.0
428,2018-01-05,8990.0,9380.0,8850.0,9330.0,328145.0
429,2018-01-08,9400.0,9400.0,9160.0,9330.0,122081.0
430,2018-01-09,9320.0,9320.0,9140.0,9240.0,72144.0
431,2018-01-10,9130.0,9360.0,9130.0,9300.0,114070.0
432,2018-01-11,9350.0,9350.0,9070.0,9290.0,51561.0
433,2018-01-12,9300.0,9300.0,9110.0,9270.0,64457.0
434,2018-01-15,9310.0,9440.0,9200.0,9430.0,90701.0
435,2018-01-16,9430.0,9940.0,9430.0,9930.0,223451.0
436,2018-01-17,10100.0,10100.0,9780.0,9880.0,150299.0
437,2018-01-18,9980.0,10150.0,9840.0,9980.0,104270.0
438,2018-01-19,10100.0,10100.0,9870.0,9990.0,60304.0
439,2018-01-22,10000.0,10600.0,9910.0,10300.0,170495.0
440,2018-01-23,10350.0,10350.0,10000.0,10250.0,70577.0
441,2018-01-24,10250.0,10350.0,9990.0,10200.0,89957.0
442,2018-01-25,10200.0,10350.0,10000.0,10150.0,71117.0
443,2018-01-26,10050.0,10500.0,9990.0,10450.0,86284.0
444,2018-01-29,10500.0,10500.0,10050.0,10300.0,84998.0
445,2018-01-30,10250.0,10450.0,10050.0,10400.0,52163.0
446,2018-01-31,10200.0,10500.0,10200.0,10500.0,43746.0
447,2018-02-01,10500.0,10500.0,10300.0,10400.0,24547.0
448,2018-02-02,10400.0,10450.0,10000.0,10150.0,110266.0
449,2018-02-05,10000.0,10250.0,9940.0,10000.0,83579.0
450,2018-02-06,9510.0,9910.0,9430.0,9750.0,104653.0
451,2018-02-07,9940.0,10100.0,9500.0,9500.0,122912.0
452,2018-02-08,9390.0,9950.0,9380.0,9700.0,77613.0
453,2018-02-09,9400.0,9700.0,9380.0,9540.0,45475.0
454,2018-02-12,9550.0,9800.0,9550.0,9630.0,43745.0
455,2018-02-13,9640.0,9700.0,9350.0,9500.0,66700.0
456,2018-02-14,9500.0,9540.0,9450.0,9510.0,23973.0
457,2018-02-19,9720.0,9720.0,9500.0,9550.0,39659.0
458,2018-02-20,9550.0,10100.0,9550.0,9760.0,182002.0
459,2018-02-21,9790.0,9830.0,9620.0,9780.0,36082.0
460,2018-02-22,9780.0,9780.0,9520.0,9660.0,37069.0
461,2018-02-23,9700.0,9700.0,9430.0,9440.0,45766.0
462,2018-02-26,9440.0,9470.0,9150.0,9280.0,73870.0
463,2018-02-27,9280.0,9400.0,9150.0,9270.0,34878.0
464,2018-02-28,9140.0,9340.0,9140.0,9180.0,27872.0
465,2018-03-02,9280.0,9280.0,8710.0,9230.0,35205.0
466,2018-03-05,9280.0,9280.0,8850.0,8950.0,32125.0
467,2018-03-06,8880.0,9250.0,8780.0,9040.0,26033.0
468,2018-03-07,8950.0,9120.0,8880.0,9050.0,29113.0
469,2018-03-08,9020.0,9110.0,8850.0,9010.0,25056.0
470,2018-03-09,9010.0,9160.0,8830.0,9100.0,34218.0
471,2018-03-12,9100.0,9250.0,9000.0,9080.0,35226.0
472,2018-03-13,9120.0,9480.0,9050.0,9440.0,47782.0
473,2018-03-14,9440.0,9480.0,9300.0,9470.0,34379.0
474,2018-03-15,9460.0,9460.0,9200.0,9380.0,39704.0
475,2018-03-16,9380.0,9530.0,9350.0,9460.0,44318.0
476,2018-03-19,9400.0,9530.0,9380.0,9450.0,28547.0
477,2018-03-20,9510.0,9510.0,9270.0,9490.0,27577.0
478,2018-03-21,9370.0,9500.0,9310.0,9390.0,18351.0
479,2018-03-22,9450.0,9450.0,9180.0,9280.0,32177.0
480,2018-03-23,9050.0,9210.0,8990.0,9050.0,61279.0
481,2018-03-26,9090.0,9130.0,8900.0,9050.0,30980.0
482,2018-03-27,9060.0,9130.0,9020.0,9090.0,13376.0
483,2018-03-28,8970.0,9160.0,8950.0,9090.0,48916.0
484,2018-03-29,9090.0,9150.0,8870.0,9050.0,28424.0
485,2018-03-30,9000.0,9000.0,8820.0,8940.0,60852.0
486,2018-04-02,8850.0,9020.0,8830.0,8830.0,16922.0
487,2018-04-03,8630.0,8830.0,8560.0,8830.0,36190.0
488,2018-04-04,8850.0,8870.0,8600.0,8830.0,24246.0
489,2018-04-05,8920.0,8920.0,8720.0,8850.0,12442.0
490,2018-04-06,8850.0,8900.0,8640.0,8660.0,30196.0
491,2018-04-09,8650.0,8650.0,8580.0,8640.0,20008.0
492,2018-04-10,8600.0,8660.0,8460.0,8650.0,33929.0
493,2018-04-11,8650.0,8800.0,8580.0,8640.0,38213.0
494,2018-04-12,8530.0,8640.0,8460.0,8550.0,27755.0
495,2018-04-13,8500.0,8650.0,8300.0,8410.0,87058.0
496,2018-04-16,8390.0,8440.0,8230.0,8360.0,44027.0
497,2018-04-17,8360.0,8530.0,8180.0,8500.0,78653.0
498,2018-04-18,8500.0,8500.0,8270.0,8300.0,43459.0
499,2018-04-19,8300.0,8320.0,8070.0,8280.0,70315.0
500,2018-04-20,8190.0,8280.0,8150.0,8190.0,32865.0
501,2018-04-23,8080.0,8550.0,8070.0,8470.0,83658.0
502,2018-04-24,8510.0,8570.0,8330.0,8490.0,30987.0
503,2018-04-25,8470.0,8490.0,8240.0,8300.0,26060.0
504,2018-04-26,8300.0,8370.0,8210.0,8370.0,17345.0
505,2018-04-27,8400.0,8400.0,8180.0,8200.0,25755.0
506,2018-04-30,8120.0,8200.0,7860.0,8030.0,91278.0
507,2018-05-02,8040.0,8040.0,7780.0,7840.0,83996.0
508,2018-05-03,7750.0,7980.0,7710.0,7720.0,69970.0
509,2018-05-04,7750.0,7840.0,7630.0,7790.0,52423.0
510,2018-05-08,7830.0,7930.0,7760.0,7830.0,34777.0
511,2018-05-09,7830.0,7830.0,7690.0,7750.0,22812.0
512,2018-05-10,7780.0,7890.0,7690.0,7830.0,20161.0
513,2018-05-11,7800.0,7890.0,7720.0,7820.0,73396.0
514,2018-05-14,7840.0,8100.0,7690.0,8100.0,85689.0
515,2018-05-15,8100.0,8460.0,7920.0,8290.0,121943.0
516,2018-05-16,8290.0,8350.0,8150.0,8250.0,13187.0
517,2018-05-17,8250.0,8290.0,8110.0,8250.0,35887.0
518,2018-05-18,8250.0,8300.0,8180.0,8240.0,11950.0
519,2018-05-21,8240.0,8350.0,8200.0,8290.0,15376.0
520,2018-05-23,8290.0,8300.0,8170.0,8300.0,28139.0
521,2018-05-24,8400.0,8580.0,8310.0,8480.0,44189.0
522,2018-05-25,8500.0,8640.0,8280.0,8590.0,53033.0
523,2018-05-28,8640.0,8640.0,8420.0,8460.0,21442.0
524,2018-05-29,8460.0,8580.0,8400.0,8480.0,12562.0
525,2018-05-30,8440.0,8490.0,8280.0,8460.0,19638.0
526,2018-05-31,8500.0,8550.0,8320.0,8550.0,34357.0
527,2018-06-01,8460.0,8650.0,8420.0,8620.0,45371.0
528,2018-06-04,8620.0,8820.0,8510.0,8740.0,43046.0
529,2018-06-05,8690.0,8740.0,8620.0,8670.0,47523.0
530,2018-06-07,8630.0,8750.0,8560.0,8660.0,37729.0
531,2018-06-08,8660.0,8700.0,8540.0,8660.0,40067.0
532,2018-06-11,8670.0,8690.0,8530.0,8660.0,38958.0
533,2018-06-12,8600.0,8710.0,8570.0,8630.0,33229.0
534,2018-06-14,8630.0,8750.0,8540.0,8750.0,87673.0
535,2018-06-15,8750.0,8960.0,8650.0,8930.0,69578.0
536,2018-06-18,8930.0,8940.0,8570.0,8700.0,63739.0
537,2018-06-19,8580.0,8660.0,8400.0,8590.0,42090.0
538,2018-06-20,8590.0,8690.0,8520.0,8520.0,30805.0
539,2018-06-21,8400.0,8570.0,8380.0,8400.0,28561.0
540,2018-06-22,8460.0,8460.0,7980.0,8130.0,43767.0
541,2018-06-25,8130.0,8240.0,7990.0,8200.0,15037.0
542,2018-06-26,8200.0,8200.0,8100.0,8160.0,7443.0
543,2018-06-27,8230.0,8230.0,7940.0,8000.0,43665.0
544,2018-06-28,7970.0,7970.0,7650.0,7720.0,36666.0
545,2018-06-29,7700.0,8030.0,7500.0,8000.0,32977.0
546,2018-07-02,8000.0,8000.0,7700.0,7930.0,17780.0
547,2018-07-03,7980.0,7980.0,7600.0,7930.0,43430.0
548,2018-07-04,7930.0,8080.0,7700.0,8020.0,18424.0
549,2018-07-05,8020.0,8080.0,7930.0,8020.0,2431.0
550,2018-07-06,8060.0,8060.0,7780.0,7990.0,5317.0
551,2018-07-09,7880.0,8000.0,7720.0,7980.0,21015.0
552,2018-07-10,7830.0,8440.0,7760.0,7810.0,72035.0
553,2018-07-11,7880.0,7970.0,7790.0,7970.0,29708.0
554,2018-07-12,7970.0,7990.0,7770.0,7780.0,54782.0
555,2018-07-13,7880.0,7980.0,7770.0,7980.0,32383.0
556,2018-07-16,7980.0,8090.0,7830.0,7990.0,13205.0
557,2018-07-17,8000.0,8050.0,7900.0,7980.0,8095.0
558,2018-07-18,7960.0,7970.0,7820.0,7970.0,25600.0
559,2018-07-19,8000.0,8000.0,7860.0,7970.0,14600.0
560,2018-07-20,7990.0,7990.0,7830.0,7960.0,5319.0
561,2018-07-23,7960.0,7960.0,7760.0,7800.0,15204.0
562,2018-07-24,7800.0,7950.0,7720.0,7940.0,10397.0
563,2018-07-25,7910.0,7940.0,7750.0,7920.0,7982.0
564,2018-07-26,7920.0,7920.0,7730.0,7750.0,18197.0
565,2018-07-27,7780.0,7850.0,7700.0,7820.0,17910.0
566,2018-07-30,7750.0,7820.0,7580.0,7680.0,20179.0
567,2018-07-31,7660.0,7780.0,7580.0,7740.0,17692.0
568,2018-08-01,7680.0,7680.0,7580.0,7650.0,19441.0
569,2018-08-02,7650.0,7650.0,7470.0,7580.0,25836.0
570,2018-08-03,7560.0,7640.0,7500.0,7580.0,25760.0
571,2018-08-06,7580.0,7650.0,7540.0,7570.0,8179.0
572,2018-08-07,7600.0,7730.0,7550.0,7710.0,22193.0
573,2018-08-08,7710.0,8180.0,7690.0,8040.0,75631.0
574,2018-08-09,8120.0,8120.0,7840.0,7940.0,18983.0
575,2018-08-10,7920.0,7920.0,7620.0,7870.0,30018.0
576,2018-08-13,7850.0,7860.0,7710.0,7800.0,9920.0
577,2018-08-14,7750.0,7850.0,7700.0,7800.0,6048.0
578,2018-08-16,7800.0,7800.0,7690.0,7800.0,5321.0
579,2018-08-17,7750.0,7890.0,7730.0,7890.0,7073.0
580,2018-08-20,7890.0,7910.0,7670.0,7800.0,17626.0
581,2018-08-21,7760.0,7760.0,7620.0,7660.0,20288.0
582,2018-08-22,7660.0,7690.0,7570.0,7640.0,18335.0
583,2018-08-23,7680.0,7690.0,7530.0,7620.0,14780.0
584,2018-08-24,7620.0,7620.0,7450.0,7580.0,24624.0
585,2018-08-27,7600.0,7620.0,7480.0,7570.0,18732.0
586,2018-08-28,7600.0,7660.0,7540.0,7600.0,14597.0
587,2018-08-29,7640.0,7660.0,7520.0,7590.0,15141.0
588,2018-08-30,7610.0,7610.0,7500.0,7580.0,17989.0
589,2018-08-31,7580.0,7610.0,7490.0,7550.0,16887.0
590,2018-09-03,7550.0,7580.0,7350.0,7500.0,31017.0
591,2018-09-04,7500.0,7510.0,7400.0,7510.0,19235.0
592,2018-09-05,7510.0,7520.0,7400.0,7500.0,11370.0
593,2018-09-06,7450.0,7500.0,7410.0,7500.0,6645.0
594,2018-09-07,7490.0,7490.0,7380.0,7450.0,15676.0
595,2018-09-10,7420.0,7450.0,7380.0,7430.0,8641.0
596,2018-09-11,7410.0,7460.0,7380.0,7460.0,13845.0
597,2018-09-12,7500.0,7690.0,7450.0,7690.0,34523.0
598,2018-09-13,7690.0,7720.0,7590.0,7680.0,8600.0
599,2018-09-14,7680.0,7750.0,7570.0,7730.0,11164.0
600,2018-09-17,7730.0,7810.0,7700.0,7800.0,19561.0
601,2018-09-18,7800.0,7850.0,7690.0,7800.0,20393.0
602,2018-09-19,7800.0,7800.0,7700.0,7700.0,7305.0
603,2018-09-20,7700.0,7790.0,7630.0,7730.0,7865.0
604,2018-09-21,7770.0,7810.0,7610.0,7700.0,10575.0
605,2018-09-27,7700.0,7700.0,7590.0,7690.0,5304.0
606,2018-09-28,7690.0,7740.0,7550.0,7700.0,13511.0
607,2018-10-01,7690.0,7790.0,7280.0,7680.0,17924.0
608,2018-10-02,7650.0,7720.0,7550.0,7670.0,10160.0
609,2018-10-04,7750.0,7750.0,7500.0,7640.0,5480.0
610,2018-10-05,7570.0,7640.0,7250.0,7540.0,15585.0
611,2018-10-08,7540.0,7590.0,7400.0,7550.0,8437.0
612,2018-10-10,7550.0,7550.0,7250.0,7390.0,23715.0
613,2018-10-11,7020.0,7290.0,6920.0,7220.0,43986.0
614,2018-10-12,7220.0,7220.0,7000.0,7010.0,18997.0
615,2018-10-15,7010.0,7010.0,6810.0,6990.0,24163.0
616,2018-10-16,6960.0,7090.0,6890.0,7090.0,7687.0
617,2018-10-17,7090.0,7180.0,7040.0,7130.0,3178.0
618,2018-10-18,7180.0,7200.0,7090.0,7120.0,1840.0
619,2018-10-19,7140.0,7180.0,6910.0,7180.0,17042.0
620,2018-10-22,7180.0,7290.0,7050.0,7180.0,14536.0
621,2018-10-23,7160.0,7170.0,6900.0,6900.0,22891.0
622,2018-10-24,7040.0,7040.0,6750.0,6980.0,17745.0
623,2018-10-25,6830.0,6960.0,6630.0,6870.0,22944.0
624,2018-10-26,6870.0,6870.0,6410.0,6700.0,19672.0
625,2018-10-29,6700.0,6700.0,6400.0,6520.0,24802.0
626,2018-10-30,6490.0,6580.0,6410.0,6550.0,16828.0
627,2018-10-31,6550.0,6550.0,6460.0,6490.0,8006.0
628,2018-11-01,6580.0,6580.0,6460.0,6530.0,11018.0
629,2018-11-02,6530.0,6650.0,6380.0,6650.0,23153.0
630,2018-11-05,6680.0,6680.0,6320.0,6470.0,31278.0
631,2018-11-06,6460.0,6540.0,6430.0,6490.0,16523.0
632,2018-11-07,6500.0,6770.0,6500.0,6670.0,64117.0
633,2018-11-08,6680.0,6880.0,6610.0,6870.0,40658.0
634,2018-11-09,6870.0,6940.0,6750.0,6850.0,5525.0
635,2018-11-12,6850.0,6870.0,6600.0,6780.0,24394.0
636,2018-11-13,6700.0,6760.0,6570.0,6720.0,11299.0
637,2018-11-14,6650.0,6720.0,6550.0,6610.0,8989.0
638,2018-11-15,6620.0,6700.0,6540.0,6620.0,14227.0
639,2018-11-16,6700.0,6730.0,6630.0,6720.0,10894.0
640,2018-11-19,6670.0,6780.0,6670.0,6750.0,5742.0
641,2018-11-20,6740.0,6780.0,6650.0,6760.0,18209.0
642,2018-11-21,6760.0,6780.0,6650.0,6760.0,6793.0
643,2018-11-22,6790.0,6790.0,6700.0,6780.0,5244.0
644,2018-11-23,6770.0,6780.0,6710.0,6750.0,6938.0
645,2018-11-26,6770.0,6850.0,6750.0,6850.0,23823.0
646,2018-11-27,6890.0,7040.0,6840.0,6950.0,52573.0
647,2018-11-28,7010.0,7070.0,6900.0,7060.0,25271.0
648,2018-11-29,7060.0,7110.0,6970.0,7110.0,19569.0
649,2018-11-30,7110.0,7310.0,7080.0,7260.0,35753.0
650,2018-12-03,7300.0,7300.0,7100.0,7280.0,22671.0
651,2018-12-04,7300.0,7390.0,7250.0,7340.0,62172.0
652,2018-12-05,7250.0,7290.0,7190.0,7290.0,14231.0
653,2018-12-06,7240.0,7280.0,7000.0,7140.0,28580.0
654,2018-12-07,7170.0,7180.0,7000.0,7110.0,16148.0
655,2018-12-10,7050.0,7140.0,6970.0,7060.0,7852.0
656,2018-12-11,7060.0,7180.0,6910.0,7050.0,13297.0
657,2018-12-12,7050.0,7200.0,7000.0,7180.0,26114.0
658,2018-12-13,7180.0,7250.0,7100.0,7200.0,15775.0
659,2018-12-14,7200.0,7200.0,6960.0,7180.0,23726.0
660,2018-12-17,7160.0,7160.0,6940.0,6940.0,21691.0
661,2018-12-18,6910.0,6940.0,6800.0,6930.0,29585.0
662,2018-12-19,6920.0,6940.0,6790.0,6880.0,18128.0
663,2018-12-20,6880.0,6890.0,6770.0,6810.0,9492.0
664,2018-12-21,6840.0,6840.0,6750.0,6830.0,9774.0
665,2018-12-24,6840.0,6840.0,6700.0,6780.0,18310.0
666,2018-12-26,6730.0,6800.0,6660.0,6780.0,21036.0
667,2018-12-27,6800.0,6800.0,6680.0,6750.0,11304.0
668,2018-12-28,6650.0,6780.0,6650.0,6720.0,5142.0
669,2019-01-02,6720.0,6790.0,6600.0,6600.0,7821.0
670,2019-01-03,6600.0,6650.0,6490.0,6590.0,17312.0
671,2019-01-04,6600.0,6630.0,6490.0,6630.0,14060.0
672,2019-01-07,6630.0,6710.0,6600.0,6600.0,8795.0
673,2019-01-08,6600.0,6660.0,6450.0,6510.0,30037.0
674,2019-01-09,6510.0,6570.0,6380.0,6500.0,42053.0
675,2019-01-10,6500.0,6720.0,6400.0,6710.0,26559.0
676,2019-01-11,6740.0,6750.0,6610.0,6750.0,18079.0
677,2019-01-14,6750.0,7150.0,6650.0,6980.0,81607.0
678,2019-01-15,6950.0,7300.0,6950.0,7050.0,176504.0
679,2019-01-16,7000.0,7130.0,6790.0,7040.0,65243.0
680,2019-01-17,7000.0,7040.0,6810.0,6870.0,32613.0
681,2019-01-18,6890.0,7110.0,6800.0,7060.0,40134.0
682,2019-01-21,7060.0,7080.0,6860.0,6940.0,24867.0
683,2019-01-22,6970.0,7040.0,6840.0,7020.0,42257.0
684,2019-01-23,6990.0,6990.0,6900.0,6950.0,12608.0
685,2019-01-24,6950.0,7010.0,6900.0,6900.0,11651.0
686,2019-01-25,6930.0,6970.0,6830.0,6900.0,35712.0
687,2019-01-28,6890.0,6970.0,6840.0,6910.0,27276.0
688,2019-01-29,6890.0,6990.0,6840.0,6850.0,34900.0
689,2019-01-30,6970.0,6970.0,6730.0,6830.0,38064.0
690,2019-01-31,6870.0,6990.0,6830.0,6960.0,31484.0
691,2019-02-01,6980.0,7230.0,6960.0,7150.0,85341.0
692,2019-02-07,7150.0,7170.0,7000.0,7070.0,57287.0
693,2019-02-08,7040.0,7090.0,6940.0,6980.0,36193.0
694,2019-02-11,6980.0,7040.0,6810.0,7000.0,56441.0
695,2019-02-12,7030.0,7030.0,6840.0,6940.0,28664.0
696,2019-02-13,7000.0,7000.0,6850.0,6870.0,29331.0
697,2019-02-14,6870.0,7000.0,6780.0,6890.0,31385.0
698,2019-02-15,6800.0,7150.0,6660.0,6850.0,117033.0
699,2019-02-18,6960.0,7070.0,6860.0,7030.0,71895.0
700,2019-02-19,7090.0,7380.0,7040.0,7240.0,155227.0
701,2019-02-20,7230.0,7470.0,7200.0,7400.0,155778.0
702,2019-02-21,7400.0,7450.0,7230.0,7400.0,62125.0
703,2019-02-22,7370.0,7450.0,7230.0,7300.0,29432.0
704,2019-02-25,7480.0,8450.0,7430.0,7700.0,707716.0
705,2019-02-26,7630.0,7810.0,7450.0,7580.0,143655.0
706,2019-02-27,7600.0,7760.0,7480.0,7600.0,82755.0
707,2019-02-28,7600.0,7710.0,7310.0,7310.0,79505.0
708,2019-03-04,7450.0,7670.0,7340.0,7600.0,109107.0
709,2019-03-05,7810.0,8140.0,7640.0,7910.0,251190.0
710,2019-03-06,7940.0,8060.0,7600.0,7670.0,55254.0
711,2019-03-07,7660.0,7780.0,7410.0,7700.0,70757.0
712,2019-03-08,7700.0,7840.0,7400.0,7780.0,125793.0
713,2019-03-11,7880.0,8150.0,7730.0,8070.0,168442.0
714,2019-03-12,8070.0,8160.0,7860.0,7990.0,61441.0
715,2019-03-13,8000.0,8040.0,7770.0,7810.0,65547.0
716,2019-03-14,7820.0,7910.0,7700.0,7830.0,28439.0
717,2019-03-15,7840.0,7890.0,7490.0,7570.0,74523.0
718,2019-03-18,7620.0,7750.0,7520.0,7570.0,29016.0
719,2019-03-19,7550.0,7670.0,7380.0,7540.0,84233.0
720,2019-03-20,7570.0,7600.0,7300.0,7400.0,46782.0
721,2019-03-21,7450.0,7470.0,7260.0,7320.0,40074.0
722,2019-03-22,7210.0,7260.0,6890.0,7160.0,269497.0
723,2019-03-25,6990.0,7260.0,6930.0,7140.0,166478.0
724,2019-03-26,7110.0,7200.0,7020.0,7190.0,87278.0
725,2019-03-27,7230.0,7500.0,7130.0,7450.0,109209.0
726,2019-03-28,7420.0,7500.0,7050.0,7170.0,214271.0
727,2019-03-29,7160.0,7480.0,6960.0,7410.0,223404.0
728,2019-04-01,7400.0,7480.0,7080.0,7110.0,138919.0
729,2019-04-02,7150.0,7220.0,7110.0,7190.0,56526.0
730,2019-04-03,7180.0,7290.0,7140.0,7200.0,71253.0
731,2019-04-04,7160.0,7290.0,7150.0,7260.0,57270.0
732,2019-04-05,7300.0,7400.0,7260.0,7390.0,54410.0
733,2019-04-08,7420.0,7590.0,7380.0,7520.0,69802.0
734,2019-04-09,7590.0,7740.0,7510.0,7690.0,81864.0
735,2019-04-10,7720.0,7750.0,7430.0,7490.0,48255.0
736,2019-04-11,7360.0,7660.0,7360.0,7600.0,49738.0
737,2019-04-12,7650.0,7860.0,7590.0,7780.0,86380.0
738,2019-04-15,7700.0,7820.0,7590.0,7710.0,49367.0
739,2019-04-16,7670.0,7990.0,7580.0,7900.0,142813.0
740,2019-04-17,7860.0,7960.0,7660.0,7730.0,37449.0
741,2019-04-18,7650.0,7720.0,7450.0,7510.0,41433.0
742,2019-04-19,7470.0,7600.0,7440.0,7530.0,12502.0
743,2019-04-22,7460.0,7600.0,7320.0,7380.0,42291.0
744,2019-04-23,7320.0,7420.0,7270.0,7300.0,24617.0
745,2019-04-24,7320.0,7350.0,7180.0,7310.0,21854.0
746,2019-04-25,7330.0,7420.0,7210.0,7360.0,20034.0
747,2019-04-26,7360.0,7370.0,7180.0,7230.0,17854.0
748,2019-04-29,7180.0,7330.0,7180.0,7250.0,20977.0
749,2019-04-30,7310.0,7310.0,7190.0,7280.0,14532.0
750,2019-05-02,7250.0,7390.0,7210.0,7330.0,13679.0
751,2019-05-03,7160.0,7340.0,7160.0,7240.0,18144.0
752,2019-05-07,7140.0,7200.0,7100.0,7190.0,42593.0
753,2019-05-08,7020.0,7200.0,7010.0,7080.0,53058.0
754,2019-05-09,7090.0,7110.0,6380.0,6890.0,66098.0
755,2019-05-10,6880.0,6950.0,6730.0,6900.0,34796.0
756,2019-05-13,6840.0,6920.0,6570.0,6870.0,83976.0
757,2019-05-14,6820.0,6860.0,6590.0,6780.0,87441.0
758,2019-05-15,6750.0,6750.0,6570.0,6650.0,45993.0
759,2019-05-16,6720.0,6720.0,6550.0,6610.0,18526.0
760,2019-05-17,6610.0,6670.0,6570.0,6600.0,15012.0
761,2019-05-20,6660.0,6660.0,6410.0,6490.0,35268.0
762,2019-05-21,6510.0,6530.0,6380.0,6500.0,13632.0
763,2019-05-22,6510.0,6520.0,6370.0,6440.0,27127.0
764,2019-05-23,6500.0,6620.0,6360.0,6370.0,21347.0
765,2019-05-24,6360.0,6450.0,6320.0,6400.0,18787.0
766,2019-05-27,6300.0,6410.0,6220.0,6260.0,41395.0
767,2019-05-28,6260.0,6340.0,6050.0,6330.0,54139.0
768,2019-05-29,6260.0,6340.0,6180.0,6330.0,15188.0
769,2019-05-30,6220.0,6320.0,6210.0,6220.0,8210.0
770,2019-05-31,6250.0,6260.0,6150.0,6220.0,8357.0
771,2019-06-03,6250.0,6260.0,6130.0,6230.0,6114.0
772,2019-06-04,6240.0,6290.0,6170.0,6250.0,10128.0
773,2019-06-05,6300.0,6350.0,6170.0,6300.0,12362.0
774,2019-06-07,6200.0,6330.0,6200.0,6280.0,27306.0
775,2019-06-10,6320.0,6420.0,6280.0,6390.0,17470.0
776,2019-06-11,6420.0,6520.0,6340.0,6490.0,14545.0
777,2019-06-12,6450.0,6510.0,6450.0,6500.0,13934.0
778,2019-06-13,6450.0,6520.0,6450.0,6510.0,9527.0
779,2019-06-14,6510.0,6540.0,6490.0,6530.0,5337.0
780,2019-06-17,6530.0,6640.0,6530.0,6610.0,9826.0
781,2019-06-18,6640.0,6650.0,6570.0,6650.0,5551.0
782,2019-06-19,6650.0,6670.0,6540.0,6630.0,8571.0
783,2019-06-20,6600.0,6680.0,6600.0,6670.0,4948.0
784,2019-06-21,6670.0,6700.0,6580.0,6640.0,11147.0
785,2019-06-24,6650.0,6650.0,6600.0,6640.0,7474.0
786,2019-06-25,6650.0,6670.0,6580.0,6640.0,17763.0
787,2019-06-26,6640.0,6640.0,6490.0,6600.0,34608.0
788,2019-06-27,6540.0,6540.0,6200.0,6470.0,8639.0
789,2019-06-28,6470.0,6480.0,6300.0,6370.0,12230.0
790,2019-07-01,6390.0,6430.0,6290.0,6350.0,8075.0
791,2019-07-02,6370.0,6460.0,6300.0,6420.0,9866.0
792,2019-07-03,6450.0,6450.0,6340.0,6410.0,6655.0
793,2019-07-04,6450.0,6450.0,6340.0,6400.0,2110.0
794,2019-07-05,6400.0,6410.0,6350.0,6360.0,2541.0
795,2019-07-08,6410.0,6410.0,6210.0,6300.0,17884.0
796,2019-07-09,6300.0,6300.0,6190.0,6260.0,13909.0
797,2019-07-10,6230.0,6400.0,6230.0,6390.0,19483.0
798,2019-07-11,6430.0,6430.0,6200.0,6340.0,2764.0
799,2019-07-12,6340.0,6360.0,6300.0,6310.0,6813.0
800,2019-07-15,6310.0,6360.0,6210.0,6300.0,3598.0
801,2019-07-16,6300.0,6350.0,6200.0,6300.0,6647.0
802,2019-07-17,6300.0,6340.0,6160.0,6260.0,2955.0
803,2019-07-18,6060.0,6240.0,6060.0,6230.0,4965.0
804,2019-07-19,6230.0,6260.0,6150.0,6210.0,7491.0
805,2019-07-22,6210.0,6330.0,6200.0,6230.0,3258.0
806,2019-07-23,6230.0,6270.0,5910.0,6150.0,83639.0
807,2019-07-24,6150.0,6150.0,6020.0,6100.0,6733.0
808,2019-07-25,6100.0,6130.0,5960.0,6120.0,8901.0
809,2019-07-26,5970.0,6250.0,5890.0,6110.0,12642.0
810,2019-07-29,6110.0,6110.0,5900.0,5910.0,30042.0
811,2019-07-30,5910.0,6060.0,5910.0,6060.0,9868.0
812,2019-07-31,6050.0,6140.0,5850.0,6120.0,13688.0
813,2019-08-01,6150.0,6160.0,5950.0,6060.0,3239.0
814,2019-08-02,5920.0,6030.0,5800.0,6000.0,39090.0
815,2019-08-05,5920.0,5960.0,5540.0,5540.0,37709.0
816,2019-08-06,5250.0,5690.0,5190.0,5540.0,38305.0
817,2019-08-07,5540.0,5670.0,5500.0,5660.0,12707.0
818,2019-08-08,5720.0,5800.0,5350.0,5740.0,13685.0
819,2019-08-09,5740.0,5790.0,5720.0,5760.0,5730.0
820,2019-08-12,5740.0,5870.0,5720.0,5860.0,7747.0
821,2019-08-13,5860.0,5930.0,5600.0,5850.0,5706.0
822,2019-08-14,5870.0,5990.0,5840.0,5870.0,17757.0
823,2019-08-16,5880.0,5890.0,5750.0,5790.0,2332.0
824,2019-08-19,5820.0,5870.0,5520.0,5770.0,5648.0
825,2019-08-20,5770.0,5900.0,5700.0,5900.0,7323.0
826,2019-08-21,5900.0,5970.0,5660.0,5880.0,5707.0
827,2019-08-22,5880.0,5920.0,5770.0,5840.0,2628.0
828,2019-08-23,5860.0,5860.0,5620.0,5810.0,14580.0
829,2019-08-26,5700.0,5780.0,5700.0,5760.0,4353.0
830,2019-08-27,5760.0,5800.0,5760.0,5780.0,877.0
831,2019-08-28,5750.0,5800.0,5520.0,5680.0,30606.0
832,2019-08-29,5680.0,5760.0,5630.0,5730.0,7937.0
833,2019-08-30,5730.0,5870.0,5600.0,5840.0,11059.0
834,2019-09-02,5860.0,6030.0,5770.0,5780.0,26144.0
835,2019-09-03,5850.0,5850.0,5770.0,5820.0,4901.0
836,2019-09-04,5790.0,5840.0,5740.0,5800.0,20431.0
837,2019-09-05,5820.0,5830.0,5710.0,5780.0,15958.0
838,2019-09-06,5790.0,5790.0,5540.0,5660.0,49018.0
839,2019-09-09,5680.0,5720.0,5630.0,5660.0,7522.0
840,2019-09-10,5680.0,5680.0,5510.0,5640.0,6816.0
841,2019-09-11,5660.0,5680.0,5610.0,5650.0,4706.0
842,2019-09-16,5650.0,5680.0,5590.0,5650.0,9821.0
843,2019-09-17,5650.0,5680.0,5550.0,5640.0,16665.0
844,2019-09-18,5640.0,5650.0,5580.0,5640.0,6443.0
845,2019-09-19,5640.0,5680.0,5600.0,5650.0,12835.0
846,2019-09-20,5660.0,5700.0,5580.0,5670.0,13617.0
847,2019-09-23,5670.0,5680.0,5600.0,5600.0,12887.0
848,2019-09-24,5650.0,5660.0,5600.0,5650.0,7127.0
849,2019-09-25,5650.0,5660.0,5550.0,5600.0,18163.0
850,2019-09-26,5600.0,5710.0,5600.0,5710.0,15424.0
851,2019-09-27,5550.0,5660.0,5550.0,5630.0,17851.0
852,2019-09-30,5620.0,5630.0,5530.0,5590.0,8651.0
853,2019-10-01,5590.0,5600.0,5460.0,5600.0,17260.0
854,2019-10-02,5550.0,5590.0,5440.0,5560.0,11000.0
855,2019-10-04,5560.0,5570.0,5410.0,5500.0,12879.0
856,2019-10-07,5500.0,5520.0,5390.0,5450.0,9493.0
857,2019-10-08,5480.0,5500.0,5350.0,5480.0,3778.0
858,2019-10-10,5480.0,5490.0,5370.0,5470.0,8914.0
859,2019-10-11,5410.0,5520.0,5380.0,5480.0,10695.0
860,2019-10-14,5510.0,5530.0,5410.0,5500.0,11070.0
861,2019-10-15,5480.0,5500.0,5410.0,5440.0,11589.0
862,2019-10-16,5440.0,5480.0,5390.0,5460.0,9409.0
863,2019-10-17,5460.0,5490.0,5310.0,5310.0,11900.0
864,2019-10-18,5340.0,5460.0,5330.0,5380.0,8567.0
865,2019-10-21,5260.0,5430.0,5260.0,5390.0,10605.0
866,2019-10-22,5390.0,5440.0,5330.0,5400.0,2575.0
867,2019-10-23,5400.0,5450.0,5370.0,5420.0,7550.0
868,2019-10-24,5420.0,5450.0,5320.0,5440.0,16592.0
869,2019-10-25,5430.0,5470.0,5390.0,5460.0,7924.0
870,2019-10-28,5490.0,5490.0,5410.0,5470.0,2266.0
871,2019-10-29,5470.0,5490.0,5410.0,5460.0,4230.0
872,2019-10-30,5450.0,5470.0,5430.0,5460.0,3980.0
873,2019-10-31,5490.0,5490.0,5370.0,5470.0,1686.0
874,2019-11-01,5470.0,5490.0,5380.0,5380.0,8792.0
875,2019-11-04,5380.0,5450.0,5300.0,5440.0,13164.0
876,2019-11-05,5450.0,5460.0,5380.0,5420.0,5499.0
877,2019-11-06,5420.0,5470.0,5380.0,5470.0,6963.0
878,2019-11-07,5440.0,5490.0,5320.0,5450.0,25582.0
879,2019-11-08,5470.0,5500.0,5360.0,5410.0,18624.0
880,2019-11-11,5450.0,5550.0,5410.0,5490.0,12732.0
881,2019-11-12,5490.0,5500.0,5420.0,5450.0,4066.0
882,2019-11-13,5440.0,5450.0,5350.0,5390.0,11232.0
883,2019-11-14,5390.0,5390.0,5200.0,5330.0,39101.0
884,2019-11-15,5330.0,5480.0,5300.0,5450.0,18983.0
885,2019-11-18,5450.0,5460.0,5390.0,5430.0,9338.0
886,2019-11-19,5430.0,5450.0,5350.0,5390.0,3462.0
887,2019-11-20,5340.0,5360.0,5070.0,5330.0,111002.0
888,2019-11-21,5330.0,5330.0,5020.0,5260.0,17248.0
889,2019-11-22,5270.0,5270.0,5180.0,5230.0,3124.0
890,2019-11-25,5230.0,5230.0,5060.0,5090.0,47640.0
891,2019-11-26,5100.0,5140.0,5060.0,5110.0,6102.0
892,2019-11-27,5110.0,5120.0,5030.0,5090.0,12187.0
893,2019-11-28,5090.0,5120.0,5000.0,5070.0,17862.0
894,2019-11-29,5070.0,5100.0,5000.0,5090.0,10987.0
895,2019-12-02,5140.0,5140.0,5080.0,5120.0,1349.0
896,2019-12-03,5130.0,5310.0,5000.0,5270.0,25488.0
897,2019-12-04,5300.0,5320.0,5140.0,5230.0,7792.0
898,2019-12-05,5230.0,5250.0,5150.0,5230.0,5188.0
899,2019-12-06,5240.0,5430.0,5190.0,5420.0,37768.0
900,2019-12-09,5350.0,5460.0,5330.0,5440.0,10814.0
901,2019-12-10,5440.0,5440.0,5300.0,5400.0,5586.0
902,2019-12-11,5400.0,5400.0,5270.0,5400.0,5411.0
903,2019-12-12,5390.0,5400.0,5290.0,5380.0,1993.0
904,2019-12-13,5400.0,5400.0,5320.0,5400.0,7563.0
905,2019-12-16,5320.0,5460.0,5320.0,5380.0,6176.0
906,2019-12-17,5390.0,5400.0,5340.0,5390.0,9502.0
907,2019-12-18,5380.0,5430.0,5320.0,5370.0,17242.0
908,2019-12-19,5370.0,5400.0,5310.0,5390.0,3597.0
909,2019-12-20,5370.0,5390.0,5300.0,5340.0,9639.0
910,2019-12-23,5340.0,5340.0,5240.0,5240.0,8070.0
911,2019-12-24,5300.0,5300.0,5190.0,5280.0,9710.0
912,2019-12-26,5280.0,5360.0,5260.0,5340.0,8267.0
913,2019-12-27,5340.0,5410.0,5290.0,5320.0,14344.0
914,2019-12-30,5320.0,5340.0,5240.0,5300.0,5255.0
915,2020-01-02,5300.0,5320.0,5250.0,5280.0,6269.0
916,2020-01-03,5300.0,5300.0,5220.0,5240.0,8099.0
917,2020-01-06,5290.0,5300.0,5200.0,5300.0,16049.0
918,2020-01-07,5290.0,5310.0,5190.0,5310.0,7688.0
919,2020-01-08,5310.0,5340.0,5000.0,5340.0,12607.0
920,2020-01-09,5340.0,5340.0,5210.0,5310.0,11480.0
921,2020-01-10,5310.0,5340.0,5150.0,5310.0,6357.0
922,2020-01-13,5310.0,5320.0,5260.0,5300.0,5528.0
923,2020-01-14,5300.0,5320.0,5230.0,5290.0,6594.0
924,2020-01-15,5290.0,5330.0,5180.0,5320.0,10558.0
925,2020-01-16,5250.0,5370.0,5250.0,5270.0,18388.0
926,2020-01-17,5330.0,5370.0,5200.0,5340.0,116203.0
927,2020-01-20,5330.0,5370.0,5260.0,5270.0,22894.0
928,2020-01-21,5270.0,5300.0,5260.0,5290.0,5062.0
929,2020-01-22,5270.0,5310.0,5240.0,5260.0,9110.0
930,2020-01-23,5260.0,5280.0,5170.0,5270.0,14749.0
931,2020-01-28,5250.0,5250.0,5090.0,5150.0,23057.0
932,2020-01-29,5190.0,5240.0,5150.0,5180.0,14889.0
933,2020-01-30,5200.0,5200.0,5050.0,5130.0,7421.0
934,2020-01-31,5130.0,5150.0,4995.0,5110.0,23676.0
935,2020-02-03,5030.0,5360.0,5010.0,5130.0,12890.0
936,2020-02-04,5130.0,5130.0,5010.0,5010.0,13668.0
937,2020-02-05,5020.0,5100.0,4965.0,5050.0,22977.0
938,2020-02-06,5050.0,5120.0,4965.0,5040.0,38886.0
939,2020-02-07,5040.0,5040.0,4990.0,5020.0,9879.0
940,2020-02-10,5000.0,5020.0,4990.0,5010.0,3756.0
941,2020-02-11,5050.0,5160.0,5030.0,5080.0,21578.0
942,2020-02-12,5090.0,5140.0,4985.0,5020.0,38836.0
943,2020-02-13,5050.0,5050.0,4975.0,5000.0,11213.0
944,2020-02-14,5010.0,5050.0,4980.0,5010.0,20782.0
945,2020-02-17,5020.0,5040.0,4985.0,5030.0,46198.0
946,2020-02-18,5030.0,5070.0,4985.0,5050.0,11092.0
947,2020-02-19,5080.0,5080.0,4990.0,5010.0,33357.0
948,2020-02-20,5010.0,5060.0,4995.0,5030.0,15227.0
949,2020-02-21,5050.0,5360.0,4975.0,5160.0,299632.0
950,2020-02-24,5300.0,5420.0,4890.0,5000.0,163441.0
951,2020-02-25,4980.0,4980.0,4800.0,4965.0,40128.0
952,2020-02-26,4905.0,4980.0,4880.0,4970.0,20879.0
953,2020-02-27,4980.0,5020.0,4925.0,4990.0,19043.0
954,2020-02-28,4920.0,4935.0,4580.0,4700.0,66921.0
955,2020-03-02,4570.0,4780.0,4555.0,4780.0,16513.0
956,2020-03-03,4830.0,4885.0,4760.0,4760.0,10922.0
957,2020-03-04,4810.0,4810.0,4760.0,4760.0,6128.0
958,2020-03-05,4800.0,4800.0,4715.0,4780.0,8697.0
959,2020-03-06,4780.0,4780.0,4580.0,4705.0,19168.0
960,2020-03-09,4705.0,4730.0,4510.0,4595.0,10492.0
961,2020-03-10,4600.0,4630.0,4135.0,4580.0,146878.0
962,2020-03-11,4565.0,4565.0,4320.0,4455.0,27784.0
963,2020-03-12,4450.0,4450.0,4010.0,4265.0,33465.0
964,2020-03-13,3810.0,4140.0,3780.0,4125.0,70829.0
965,2020-03-16,3915.0,4180.0,3910.0,4180.0,41639.0
966,2020-03-17,3800.0,4410.0,3800.0,4050.0,146455.0
967,2020-03-18,4340.0,4470.0,3850.0,3945.0,74632.0
968,2020-03-19,3945.0,3945.0,3195.0,3680.0,78794.0
969,2020-03-20,3495.0,3895.0,3495.0,3800.0,75976.0
970,2020-03-23,4010.0,4010.0,3305.0,3400.0,117714.0
971,2020-03-24,3400.0,3730.0,3260.0,3480.0,188515.0
972,2020-03-25,3540.0,3740.0,3470.0,3735.0,76911.0
973,2020-03-26,3890.0,4020.0,3720.0,3835.0,49664.0
974,2020-03-27,4040.0,4040.0,3850.0,3980.0,43024.0
975,2020-03-30,4190.0,4605.0,3980.0,4520.0,1199203.0
976,2020-03-31,5250.0,5770.0,4560.0,4720.0,3487149.0
977,2020-04-01,4830.0,4900.0,4380.0,4380.0,617580.0
978,2020-04-02,4380.0,4680.0,4165.0,4200.0,601314.0
979,2020-04-03,4090.0,4255.0,4070.0,4105.0,187304.0
980,2020-04-06,4105.0,4205.0,4065.0,4160.0,199969.0
981,2020-04-07,4220.0,4350.0,4095.0,4235.0,315190.0
982,2020-04-08,4265.0,4265.0,4150.0,4220.0,115023.0
983,2020-04-09,4305.0,4560.0,4155.0,4170.0,210386.0
984,2020-04-10,4150.0,4210.0,4100.0,4130.0,136474.0
985,2020-04-13,4220.0,4220.0,4060.0,4065.0,96723.0
986,2020-04-14,4065.0,4180.0,4050.0,4115.0,104373.0
987,2020-04-16,4115.0,4185.0,4065.0,4170.0,76610.0
988,2020-04-17,4195.0,4325.0,4155.0,4320.0,199072.0
989,2020-04-20,4350.0,4430.0,4255.0,4270.0,225144.0
990,2020-04-21,4305.0,4320.0,3890.0,4135.0,193845.0
991,2020-04-22,4080.0,4175.0,4045.0,4175.0,82228.0
992,2020-04-23,4175.0,4400.0,4175.0,4290.0,102718.0
993,2020-04-24,4290.0,4360.0,4250.0,4260.0,106467.0
994,2020-04-27,4350.0,4385.0,4320.0,4350.0,92143.0
995,2020-04-28,4405.0,4405.0,4295.0,4350.0,70153.0
996,2020-04-29,4390.0,4445.0,4350.0,4395.0,103757.0
997,2020-05-04,4400.0,4425.0,4305.0,4410.0,55120.0
998,2020-05-06,4410.0,4470.0,4385.0,4465.0,95676.0
999,2020-05-07,4470.0,4515.0,4430.0,4485.0,71186.0
1000,2020-05-08,4485.0,4660.0,4485.0,4655.0,187619.0
1001,2020-05-11,4805.0,4830.0,4640.0,4715.0,397894.0
1002,2020-05-12,4720.0,4745.0,4500.0,4610.0,165681.0
1003,2020-05-13,4610.0,4665.0,4510.0,4585.0,139009.0
1004,2020-05-14,4670.0,4875.0,4630.0,4720.0,314431.0
1005,2020-05-15,4775.0,4800.0,4590.0,4725.0,145819.0
1006,2020-05-18,5950.0,6140.0,5610.0,5840.0,5396026.0
1007,2020-05-19,5650.0,5970.0,5140.0,5700.0,1874430.0
1008,2020-05-20,5750.0,5930.0,5650.0,5840.0,489172.0
1009,2020-05-21,5950.0,5950.0,5630.0,5770.0,348130.0
1010,2020-05-22,5670.0,5790.0,5360.0,5490.0,364900.0
1011,2020-05-25,5600.0,5700.0,5450.0,5490.0,228865.0
1012,2020-05-26,5440.0,5610.0,5270.0,5420.0,433560.0
1013,2020-05-27,5420.0,5450.0,5280.0,5350.0,241942.0
1014,2020-05-28,5350.0,5530.0,5290.0,5420.0,275333.0
1015,2020-05-29,5420.0,5450.0,5300.0,5410.0,150864.0
1016,2020-06-01,5450.0,5450.0,5300.0,5350.0,203984.0
1017,2020-06-02,5400.0,5400.0,5320.0,5380.0,185868.0
1018,2020-06-03,5350.0,5460.0,5350.0,5390.0,213621.0
1019,2020-06-04,5440.0,5500.0,5280.0,5380.0,175691.0
1020,2020-06-05,5350.0,5400.0,5290.0,5370.0,178066.0
1021,2020-06-08,5490.0,5570.0,5370.0,5550.0,256345.0
1022,2020-06-09,5580.0,5590.0,5350.0,5520.0,222563.0
1023,2020-06-10,5490.0,5510.0,5400.0,5480.0,160900.0
1024,2020-06-11,5410.0,5570.0,5410.0,5450.0,137969.0
1025,2020-06-12,5140.0,5420.0,5140.0,5360.0,136325.0
1026,2020-06-15,5340.0,5580.0,5060.0,5140.0,236352.0
1027,2020-06-16,5340.0,5490.0,5160.0,5400.0,125735.0
1028,2020-06-17,5390.0,5500.0,5290.0,5370.0,130501.0
1029,2020-06-18,5380.0,5520.0,5340.0,5470.0,92463.0
1030,2020-06-19,5470.0,5510.0,5370.0,5420.0,98475.0
1031,2020-06-22,5420.0,5550.0,5420.0,5490.0,145754.0
1032,2020-06-23,5450.0,5530.0,5360.0,5420.0,104723.0
1033,2020-06-24,5440.0,5540.0,5340.0,5540.0,133599.0
1034,2020-06-25,5450.0,5560.0,5450.0,5490.0,110460.0
1035,2020-06-26,5560.0,5570.0,5440.0,5570.0,120900.0
1036,2020-06-29,5450.0,5500.0,5300.0,5390.0,157530.0
1037,2020-06-30,5390.0,5460.0,5360.0,5370.0,42885.0
1038,2020-07-01,5410.0,5410.0,5230.0,5320.0,79153.0
1039,2020-07-02,5310.0,5400.0,5210.0,5390.0,72029.0
1040,2020-07-03,5390.0,5390.0,5310.0,5390.0,42697.0
1041,2020-07-06,5400.0,5420.0,5300.0,5380.0,71941.0
1042,2020-07-07,5380.0,5380.0,5300.0,5300.0,82472.0
1043,2020-07-08,5300.0,5360.0,5220.0,5230.0,42581.0
1044,2020-07-09,5230.0,5300.0,5180.0,5270.0,59375.0
1045,2020-07-10,5270.0,5290.0,5180.0,5200.0,61007.0
1046,2020-07-13,5210.0,5280.0,5210.0,5250.0,42518.0
1047,2020-07-14,5250.0,5370.0,5200.0,5370.0,72205.0
1048,2020-07-15,5370.0,5390.0,5250.0,5340.0,48124.0
1049,2020-07-16,5350.0,5370.0,5300.0,5320.0,27051.0
1050,2020-07-17,5390.0,5390.0,5270.0,5300.0,18968.0
1051,2020-07-20,5300.0,5330.0,5240.0,5300.0,41710.0
1052,2020-07-21,5330.0,5330.0,5210.0,5280.0,42123.0
1053,2020-07-22,5280.0,5280.0,5200.0,5220.0,30798.0
1054,2020-07-23,5190.0,5260.0,5080.0,5120.0,98123.0
1055,2020-07-24,5140.0,5180.0,5010.0,5140.0,54326.0
1056,2020-07-27,5140.0,5150.0,5040.0,5110.0,41956.0
1057,2020-07-28,5100.0,5170.0,5040.0,5150.0,64419.0
1058,2020-07-29,5090.0,5250.0,5090.0,5200.0,35945.0
1059,2020-07-30,5200.0,5230.0,5100.0,5180.0,36107.0
1060,2020-07-31,5250.0,5360.0,5210.0,5260.0,117289.0
1061,2020-08-03,5350.0,5350.0,5180.0,5270.0,49581.0
1062,2020-08-04,5270.0,5390.0,5250.0,5280.0,111609.0
1063,2020-08-05,5330.0,5350.0,5240.0,5280.0,63156.0
1064,2020-08-06,5300.0,5350.0,5180.0,5350.0,57489.0
1065,2020-08-07,5400.0,6040.0,5360.0,5500.0,3046989.0
1066,2020-08-10,5520.0,5700.0,5360.0,5530.0,193423.0
1067,2020-08-11,5540.0,5670.0,5500.0,5630.0,150110.0
1068,2020-08-12,5640.0,5670.0,5480.0,5610.0,95164.0
1069,2020-08-13,5670.0,5760.0,5610.0,5700.0,223549.0
1070,2020-08-14,5710.0,5860.0,5650.0,5670.0,145795.0
1071,2020-08-18,5980.0,6700.0,5710.0,5720.0,1120548.0
1072,2020-08-19,5710.0,5820.0,5520.0,5740.0,203891.0
1073,2020-08-20,5620.0,5720.0,5430.0,5550.0,201276.0
1074,2020-08-21,5570.0,5890.0,5560.0,5820.0,277932.0
1075,2020-08-24,5960.0,6010.0,5680.0,5710.0,264054.0
1076,2020-08-25,5740.0,5910.0,5700.0,5880.0,174717.0
1077,2020-08-26,5910.0,5960.0,5730.0,5780.0,151714.0
1078,2020-08-27,5810.0,6600.0,5790.0,6320.0,2012472.0
1079,2020-08-28,6250.0,6280.0,5880.0,5920.0,667120.0
1080,2020-08-31,5940.0,5940.0,5650.0,5680.0,340720.0
1081,2020-09-01,5600.0,5730.0,5550.0,5590.0,146818.0
1082,2020-09-02,5620.0,5710.0,5510.0,5580.0,151442.0
1083,2020-09-03,5580.0,5680.0,5560.0,5630.0,95644.0
1084,2020-09-04,5540.0,5620.0,5500.0,5540.0,148386.0
1085,2020-09-07,5540.0,5600.0,5510.0,5550.0,84988.0
1086,2020-09-08,5550.0,5600.0,5510.0,5550.0,69569.0
1087,2020-09-09,5490.0,5570.0,5470.0,5500.0,68193.0
1088,2020-09-10,5510.0,5600.0,5510.0,5560.0,80114.0
1089,2020-09-11,5510.0,5560.0,5490.0,5540.0,62114.0
1090,2020-09-14,5540.0,5690.0,5540.0,5640.0,91899.0
1091,2020-09-15,5690.0,5700.0,5590.0,5640.0,50115.0
1092,2020-09-16,5680.0,5990.0,5660.0,5870.0,357235.0
1093,2020-09-17,5880.0,5990.0,5800.0,5800.0,179254.0
1094,2020-09-18,5870.0,6010.0,5800.0,6000.0,135199.0
1095,2020-09-21,6180.0,6290.0,5960.0,6010.0,454067.0
1096,2020-09-22,6010.0,6100.0,5800.0,5950.0,213066.0
1097,2020-09-23,6050.0,6120.0,5760.0,6090.0,203103.0
1098,2020-09-24,5860.0,6040.0,5840.0,6020.0,212616.0
1099,2020-09-25,6020.0,6080.0,5800.0,6020.0,253714.0
1100,2020-09-28,6050.0,6150.0,5970.0,6140.0,239933.0
1101,2020-09-29,6140.0,6180.0,6050.0,6100.0,105341.0
1102,2020-10-05,6150.0,6150.0,5900.0,6070.0,83671.0
1103,2020-10-06,6080.0,6100.0,5950.0,5990.0,98875.0
1104,2020-10-07,5950.0,6040.0,5930.0,6020.0,96083.0
1105,2020-10-08,6000.0,6020.0,5940.0,6000.0,48733.0
1106,2020-10-12,5990.0,6110.0,5910.0,6080.0,106193.0
1107,2020-10-13,6050.0,6210.0,6030.0,6200.0,180205.0
1108,2020-10-14,6200.0,6230.0,5800.0,6000.0,102717.0
1109,2020-10-15,6010.0,6120.0,5910.0,6000.0,65994.0
1110,2020-10-16,5990.0,6020.0,5910.0,5970.0,60934.0
1111,2020-10-19,5970.0,6000.0,5840.0,5860.0,54466.0
1112,2020-10-20,5870.0,5900.0,5800.0,5900.0,41728.0
1113,2020-10-21,5900.0,5930.0,5870.0,5890.0,42856.0
1114,2020-10-22,5970.0,5970.0,5860.0,5900.0,30920.0
1115,2020-10-23,5890.0,5920.0,5870.0,5910.0,19023.0
1116,2020-10-26,5910.0,5910.0,5830.0,5850.0,30757.0
1117,2020-10-27,5850.0,5900.0,5750.0,5830.0,57743.0
1118,2020-10-28,5830.0,5850.0,5750.0,5800.0,36436.0
1119,2020-10-29,5780.0,5840.0,5720.0,5840.0,57956.0
1120,2020-10-30,5800.0,5850.0,5760.0,5800.0,37033.0
1121,2020-11-02,5800.0,5860.0,5730.0,5830.0,43940.0
1122,2020-11-03,5930.0,5940.0,5840.0,5870.0,35699.0
1123,2020-11-04,5940.0,5940.0,5840.0,5860.0,49856.0
1124,2020-11-05,5910.0,5910.0,5840.0,5870.0,61789.0
1125,2020-11-06,5880.0,5880.0,5840.0,5860.0,35509.0
1126,2020-11-09,5860.0,6070.0,5860.0,5980.0,107088.0
1127,2020-11-10,5970.0,6040.0,5930.0,5990.0,43329.0
1128,2020-11-11,6040.0,6040.0,5940.0,5980.0,33020.0
1129,2020-11-12,5930.0,5930.0,5780.0,5870.0,109392.0
1130,2020-11-13,5860.0,5990.0,5800.0,5930.0,90544.0
1131,2020-11-16,5970.0,6120.0,5950.0,5980.0,164862.0
1132,2020-11-17,6060.0,6060.0,5900.0,5940.0,57197.0
1133,2020-11-18,5990.0,5990.0,5890.0,5910.0,71758.0
1134,2020-11-19,5960.0,6020.0,5890.0,5920.0,60484.0
1135,2020-11-20,5890.0,5930.0,5860.0,5920.0,54006.0
1136,2020-11-23,5980.0,6040.0,5910.0,6030.0,189812.0
1137,2020-11-24,6070.0,6130.0,5950.0,6000.0,69453.0
1138,2020-11-25,6010.0,6070.0,5860.0,5920.0,151553.0
1139,2020-11-26,5940.0,5940.0,5670.0,5740.0,306540.0
1140,2020-11-27,5750.0,5780.0,5680.0,5740.0,94611.0
1141,2020-11-30,5820.0,5820.0,5700.0,5720.0,54400.0
1142,2020-12-01,5700.0,5750.0,5690.0,5730.0,57665.0
1143,2020-12-02,5740.0,5740.0,5620.0,5710.0,74251.0
1144,2020-12-03,5730.0,5730.0,5600.0,5610.0,101069.0
1145,2020-12-04,5680.0,5680.0,5510.0,5570.0,101849.0
1146,2020-12-07,5570.0,5570.0,5450.0,5450.0,100766.0
1147,2020-12-08,5450.0,5550.0,5400.0,5420.0,46927.0
1148,2020-12-09,5490.0,5490.0,5380.0,5470.0,63962.0
1149,2020-12-10,5470.0,5490.0,5380.0,5490.0,62699.0
1150,2020-12-11,5490.0,5520.0,5430.0,5520.0,42282.0
1151,2020-12-14,5590.0,5590.0,5510.0,5520.0,76058.0
1152,2020-12-15,5570.0,5570.0,5460.0,5520.0,37953.0
1153,2020-12-16,5520.0,5550.0,5440.0,5500.0,63404.0
1154,2020-12-17,5500.0,5530.0,5460.0,5500.0,34076.0
1155,2020-12-18,5530.0,5530.0,5450.0,5500.0,90125.0
1156,2020-12-21,5500.0,5500.0,5450.0,5470.0,57037.0
1157,2020-12-22,5490.0,5500.0,5460.0,5480.0,44752.0
1158,2020-12-23,5450.0,5490.0,5450.0,5490.0,48674.0
1159,2020-12-24,5490.0,5530.0,5460.0,5490.0,64132.0
1160,2020-12-28,5460.0,5520.0,5400.0,5500.0,173061.0
1161,2020-12-29,5390.0,5480.0,5340.0,5460.0,91875.0
1162,2020-12-30,5490.0,5490.0,5350.0,5470.0,85327.0
1163,2021-01-04,5470.0,5480.0,5270.0,5320.0,153209.0
1164,2021-01-05,5320.0,5340.0,5200.0,5340.0,71629.0
1165,2021-01-06,5340.0,5340.0,5250.0,5290.0,53159.0
1166,2021-01-07,5400.0,5400.0,5190.0,5210.0,142913.0
1167,2021-01-08,5240.0,5240.0,5070.0,5140.0,208594.0
1168,2021-01-11,5150.0,5150.0,4975.0,4990.0,198063.0
1169,2021-01-12,5000.0,5130.0,4985.0,5110.0,99439.0
1170,2021-01-13,5120.0,5120.0,4975.0,5010.0,115106.0
1171,2021-01-14,5020.0,5060.0,4975.0,4995.0,108624.0
1172,2021-01-15,5010.0,5010.0,4975.0,4985.0,58155.0
1173,2021-01-18,5000.0,5020.0,4955.0,4985.0,67732.0
1174,2021-01-19,4985.0,5010.0,4935.0,4990.0,42098.0
1175,2021-01-20,4990.0,5040.0,4940.0,5010.0,75386.0
1176,2021-01-21,5000.0,5030.0,4955.0,5000.0,106680.0
1177,2021-01-22,5010.0,5010.0,4960.0,4995.0,132453.0
1178,2021-01-25,4995.0,5140.0,4930.0,5130.0,271965.0
1179,2021-01-26,5140.0,5220.0,5090.0,5140.0,107313.0
1180,2021-01-27,5180.0,5180.0,5120.0,5130.0,45975.0
1181,2021-01-28,5000.0,5140.0,5000.0,5080.0,40008.0
1182,2021-01-29,5080.0,5140.0,4950.0,5010.0,79970.0
1183,2021-02-01,5010.0,5070.0,4900.0,4995.0,48908.0
1184,2021-02-02,4995.0,5090.0,4980.0,5090.0,35618.0
1185,2021-02-03,5140.0,5150.0,4890.0,5090.0,56959.0
1186,2021-02-04,5090.0,5090.0,5000.0,5080.0,60775.0
1187,2021-02-05,5080.0,5150.0,5060.0,5150.0,41621.0
1188,2021-02-08,5160.0,5170.0,5120.0,5140.0,31646.0
1189,2021-02-09,5150.0,5230.0,5120.0,5220.0,69310.0
1190,2021-02-10,5220.0,5360.0,5150.0,5290.0,113526.0
1191,2021-02-15,5290.0,5350.0,5230.0,5330.0,69506.0
1192,2021-02-16,5330.0,5350.0,5260.0,5300.0,72310.0
1193,2021-02-17,5310.0,5310.0,5180.0,5300.0,84892.0
1194,2021-02-18,5300.0,5300.0,5210.0,5260.0,34588.0
1195,2021-02-19,5230.0,5260.0,5180.0,5240.0,65662.0
1196,2021-02-22,5250.0,5250.0,5180.0,5210.0,40944.0
1197,2021-02-23,5120.0,5200.0,5120.0,5160.0,25229.0
1198,2021-02-24,5150.0,5190.0,5060.0,5080.0,60787.0
1199,2021-02-25,5130.0,5230.0,5080.0,5210.0,39859.0
1200,2021-02-26,5070.0,5200.0,5060.0,5160.0,29018.0
1201,2021-03-02,5200.0,5280.0,5050.0,5140.0,94176.0
1202,2021-03-03,5190.0,6680.0,5150.0,6300.0,14269920.0
1203,2021-03-04,6180.0,6220.0,5900.0,6140.0,2191812.0
1204,2021-03-05,6010.0,7480.0,6010.0,6480.0,11491677.0
1205,2021-03-08,6740.0,6900.0,6430.0,6710.0,3651593.0
1206,2021-03-09,6700.0,7200.0,6460.0,6560.0,2471330.0
1207,2021-03-10,6550.0,6760.0,6380.0,6560.0,1559034.0
1208,2021-03-11,6670.0,6740.0,6070.0,6160.0,1286405.0
1209,2021-03-12,6210.0,6330.0,6030.0,6240.0,1132826.0
1210,2021-03-15,6350.0,6350.0,6190.0,6220.0,572788.0
1211,2021-03-16,6200.0,6400.0,6100.0,6400.0,825570.0
1212,2021-03-17,6410.0,6560.0,6210.0,6210.0,1033351.0
1213,2021-03-18,6220.0,6310.0,6100.0,6180.0,404716.0
1214,2021-03-19,6060.0,6300.0,6050.0,6270.0,334460.0
1215,2021-03-22,6300.0,6580.0,6280.0,6310.0,1074791.0
1216,2021-03-23,6330.0,6650.0,6300.0,6490.0,1107216.0
1217,2021-03-24,6490.0,6550.0,6350.0,6520.0,696912.0
1218,2021-03-25,6670.0,7270.0,6450.0,6450.0,7419800.0
1219,2021-03-26,6450.0,6580.0,6290.0,6310.0,775981.0
1220,2021-03-29,6300.0,6460.0,6240.0,6240.0,563013.0
1221,2021-03-30,6240.0,6390.0,6110.0,6370.0,465872.0
1222,2021-03-31,6430.0,6750.0,6400.0,6660.0,1799694.0
1223,2021-04-01,6600.0,6830.0,6530.0,6730.0,1050321.0
1224,2021-04-02,6730.0,6760.0,6560.0,6660.0,508905.0
1225,2021-04-05,6770.0,6960.0,6680.0,6830.0,891200.0
1226,2021-04-06,6830.0,7070.0,6730.0,6950.0,1027115.0
1227,2021-04-07,7090.0,7090.0,6620.0,6620.0,713945.0
1228,2021-04-08,6590.0,6740.0,6590.0,6700.0,285677.0
1229,2021-04-09,6700.0,6810.0,6670.0,6710.0,311670.0
1230,2021-04-12,6710.0,6740.0,6570.0,6600.0,220872.0
1231,2021-04-13,6600.0,6790.0,6560.0,6740.0,397742.0
1232,2021-04-14,6800.0,7650.0,6710.0,7060.0,9897581.0
1233,2021-04-15,7090.0,7090.0,6660.0,6690.0,923558.0
1234,2021-04-16,6710.0,6780.0,6610.0,6610.0,396723.0
1235,2021-04-19,6570.0,6660.0,6500.0,6530.0,315426.0
1236,2021-04-20,6550.0,6770.0,6530.0,6630.0,244272.0
1237,2021-04-21,6650.0,6690.0,6540.0,6580.0,185291.0
1238,2021-04-22,6580.0,6630.0,6550.0,6550.0,130772.0
1239,2021-04-23,6570.0,6650.0,6430.0,6430.0,293907.0
1240,2021-04-26,6420.0,6510.0,6420.0,6440.0,147173.0
1241,2021-04-27,6530.0,6560.0,6350.0,6390.0,167166.0
1242,2021-04-28,6390.0,6410.0,6160.0,6230.0,294041.0
1243,2021-04-29,6190.0,6360.0,6190.0,6240.0,97648.0
1244,2021-04-30,6220.0,6310.0,6130.0,6190.0,106055.0
1245,2021-05-03,6180.0,6280.0,6100.0,6120.0,96931.0
1246,2021-05-04,6080.0,6120.0,5500.0,6070.0,201977.0
1247,2021-05-06,6100.0,6160.0,6000.0,6110.0,62981.0
1248,2021-05-07,6160.0,6250.0,6080.0,6230.0,77267.0
1249,2021-05-10,6300.0,6350.0,6230.0,6320.0,100724.0
1250,2021-05-11,6330.0,6330.0,6160.0,6180.0,82928.0
1251,2021-05-12,6290.0,6350.0,6170.0,6250.0,149856.0
1252,2021-05-13,6210.0,6480.0,6170.0,6330.0,187549.0
1253,2021-05-14,6440.0,6440.0,6260.0,6350.0,73394.0
1254,2021-05-17,6430.0,6460.0,6330.0,6430.0,130882.0
1255,2021-05-18,6440.0,6760.0,6400.0,6620.0,779577.0
1256,2021-05-20,6650.0,6780.0,6560.0,6700.0,326909.0
1257,2021-05-21,6760.0,6820.0,6630.0,6760.0,389917.0
1258,2021-05-24,6800.0,6980.0,6690.0,6960.0,605855.0
1259,2021-05-25,7020.0,7050.0,6900.0,6990.0,531822.0
1260,2021-05-26,7050.0,7180.0,6980.0,7140.0,687896.0
1261,2021-05-27,7190.0,7200.0,6860.0,6870.0,417656.0
1262,2021-05-28,7220.0,7400.0,6880.0,6940.0,932780.0
1263,2021-05-31,6900.0,7130.0,6840.0,7050.0,340570.0
1264,2021-06-01,7020.0,7550.0,7020.0,7470.0,1930002.0
1265,2021-06-02,7390.0,7620.0,7280.0,7560.0,858299.0
1266,2021-06-03,7530.0,7590.0,7350.0,7550.0,543493.0
1267,2021-06-04,7520.0,7540.0,7400.0,7430.0,306696.0
1268,2021-06-07,7460.0,7480.0,7220.0,7240.0,348654.0
1269,2021-06-08,7240.0,7310.0,7120.0,7210.0,263856.0
1270,2021-06-09,7210.0,7420.0,7170.0,7320.0,199652.0
1271,2021-06-10,7300.0,7370.0,7080.0,7130.0,198068.0
1272,2021-06-11,7230.0,7230.0,7050.0,7130.0,155783.0
1273,2021-06-14,7240.0,7300.0,7120.0,7260.0,209573.0
1274,2021-06-15,7260.0,7490.0,7240.0,7350.0,377239.0
