,Datetime,Open,High,Low,Close,Volume,Name
0,2016-04-14 09:00:00,6340.0,6400.0,6220.0,6330.0,24152.0,A007820
1,2016-04-14 11:00:00,6310.0,6330.0,6230.0,6260.0,9836.0,A007820
2,2016-04-14 13:00:00,6240.0,6290.0,6210.0,6290.0,17267.0,A007820
3,2016-04-15 09:00:00,6190.0,6240.0,6180.0,6190.0,12534.0,A007820
4,2016-04-15 11:00:00,6250.0,6320.0,6230.0,6250.0,22850.0,A007820
5,2016-04-15 13:00:00,6250.0,6300.0,6170.0,6200.0,28259.0,A007820
6,2016-04-18 09:00:00,6160.0,6190.0,6100.0,6190.0,29810.0,A007820
7,2016-04-18 11:00:00,6150.0,6200.0,6140.0,6190.0,17720.0,A007820
8,2016-04-18 13:00:00,6170.0,6230.0,6150.0,6170.0,10351.0,A007820
9,2016-04-19 09:00:00,6170.0,6230.0,6150.0,6200.0,14946.0,A007820
10,2016-04-19 11:00:00,6240.0,6240.0,6150.0,6160.0,13603.0,A007820
11,2016-04-19 13:00:00,6170.0,6190.0,6160.0,6170.0,2325.0,A007820
12,2016-04-20 09:00:00,6180.0,6200.0,6130.0,6200.0,19002.0,A007820
13,2016-04-20 11:00:00,6170.0,6210.0,6160.0,6170.0,24951.0,A007820
14,2016-04-20 13:00:00,6170.0,6200.0,6160.0,6190.0,8589.0,A007820
15,2016-04-21 09:00:00,6200.0,6210.0,6150.0,6200.0,10594.0,A007820
16,2016-04-21 11:00:00,6190.0,6190.0,6140.0,6160.0,10297.0,A007820
17,2016-04-21 13:00:00,6160.0,6210.0,6130.0,6210.0,32161.0,A007820
18,2016-04-22 09:00:00,6220.0,6230.0,6160.0,6200.0,10064.0,A007820
19,2016-04-22 11:00:00,6190.0,6210.0,6170.0,6180.0,4690.0,A007820
20,2016-04-22 13:00:00,6180.0,6200.0,6170.0,6200.0,13821.0,A007820
21,2016-04-25 09:00:00,6180.0,6220.0,6160.0,6190.0,11758.0,A007820
22,2016-04-25 11:00:00,6190.0,6200.0,6170.0,6180.0,6068.0,A007820
23,2016-04-25 13:00:00,6180.0,6200.0,6150.0,6200.0,19326.0,A007820
24,2016-04-26 09:00:00,6200.0,6350.0,6160.0,6270.0,58274.0,A007820
25,2016-04-26 11:00:00,6260.0,6300.0,6240.0,6250.0,11883.0,A007820
26,2016-04-26 13:00:00,6250.0,6280.0,6220.0,6280.0,18813.0,A007820
27,2016-04-27 09:00:00,6200.0,6230.0,6170.0,6230.0,21100.0,A007820
28,2016-04-27 11:00:00,6230.0,6250.0,6180.0,6210.0,7504.0,A007820
29,2016-04-27 13:00:00,6290.0,6330.0,6230.0,6230.0,20221.0,A007820
30,2016-04-28 09:00:00,6210.0,6270.0,6200.0,6260.0,24891.0,A007820
31,2016-04-28 11:00:00,6260.0,6300.0,6240.0,6300.0,32406.0,A007820
32,2016-04-28 13:00:00,6180.0,6210.0,6120.0,6210.0,39179.0,A007820
33,2016-04-29 09:00:00,6290.0,6340.0,6230.0,6260.0,23635.0,A007820
34,2016-04-29 11:00:00,6270.0,6290.0,6220.0,6270.0,12483.0,A007820
35,2016-04-29 13:00:00,6270.0,6480.0,6250.0,6450.0,58588.0,A007820
36,2016-05-02 09:00:00,6580.0,7050.0,6500.0,6620.0,244600.0,A007820
37,2016-05-02 11:00:00,6620.0,6720.0,6600.0,6660.0,41079.0,A007820
38,2016-05-02 13:00:00,6660.0,6710.0,6640.0,6670.0,49678.0,A007820
39,2016-05-03 09:00:00,6350.0,6450.0,6260.0,6440.0,186756.0,A007820
40,2016-05-03 11:00:00,6440.0,6670.0,6410.0,6590.0,68208.0,A007820
41,2016-05-03 13:00:00,6600.0,6670.0,6550.0,6620.0,41600.0,A007820
42,2016-05-04 09:00:00,6620.0,6670.0,6480.0,6610.0,78158.0,A007820
43,2016-05-04 11:00:00,6610.0,6650.0,6450.0,6450.0,41429.0,A007820
44,2016-05-04 13:00:00,6440.0,6450.0,6320.0,6350.0,42609.0,A007820
45,2016-05-09 09:00:00,6010.0,6010.0,5770.0,5930.0,104344.0,A007820
46,2016-05-09 11:00:00,6350.0,6350.0,6010.0,6020.0,88389.0,A007820
47,2016-05-09 13:00:00,6020.0,6070.0,5990.0,6010.0,38934.0,A007820
48,2016-05-10 09:00:00,5810.0,5960.0,5810.0,5960.0,26461.0,A007820
49,2016-05-10 11:00:00,5910.0,5950.0,5860.0,5920.0,30683.0,A007820
50,2016-05-10 13:00:00,5860.0,5880.0,5790.0,5800.0,39800.0,A007820
51,2016-05-11 09:00:00,5910.0,5910.0,5840.0,5840.0,47271.0,A007820
52,2016-05-11 11:00:00,5840.0,5870.0,5800.0,5810.0,38481.0,A007820
53,2016-05-11 13:00:00,5800.0,5830.0,5800.0,5800.0,49225.0,A007820
54,2016-05-12 09:00:00,5820.0,5870.0,5780.0,5820.0,22033.0,A007820
55,2016-05-12 11:00:00,5830.0,5900.0,5770.0,5890.0,13211.0,A007820
56,2016-05-12 13:00:00,5820.0,5840.0,5740.0,5830.0,10493.0,A007820
57,2016-05-13 09:00:00,5890.0,5980.0,5850.0,5950.0,48407.0,A007820
58,2016-05-13 11:00:00,5950.0,6020.0,5880.0,6000.0,23108.0,A007820
59,2016-05-13 13:00:00,6000.0,6120.0,5970.0,6100.0,48896.0,A007820
60,2016-05-16 09:00:00,6060.0,6060.0,5870.0,5900.0,31615.0,A007820
61,2016-05-16 11:00:00,5900.0,5940.0,5850.0,5900.0,62418.0,A007820
62,2016-05-16 13:00:00,5900.0,5940.0,5600.0,5920.0,157949.0,A007820
63,2016-05-17 09:00:00,5910.0,5940.0,5870.0,5930.0,24797.0,A007820
64,2016-05-17 11:00:00,5940.0,5960.0,5890.0,5910.0,25296.0,A007820
65,2016-05-17 13:00:00,5880.0,5930.0,5830.0,5920.0,22230.0,A007820
66,2016-05-18 09:00:00,5860.0,5890.0,5850.0,5850.0,21103.0,A007820
67,2016-05-18 11:00:00,5850.0,5860.0,5760.0,5760.0,46410.0,A007820
68,2016-05-18 13:00:00,5770.0,5800.0,5660.0,5760.0,43964.0,A007820
69,2016-05-19 09:00:00,5760.0,5770.0,5680.0,5710.0,27616.0,A007820
70,2016-05-19 11:00:00,5710.0,5710.0,5650.0,5650.0,15026.0,A007820
71,2016-05-19 13:00:00,5650.0,5730.0,5570.0,5730.0,53070.0,A007820
72,2016-05-20 09:00:00,5730.0,5880.0,5680.0,5850.0,33751.0,A007820
73,2016-05-20 11:00:00,5640.0,5750.0,5600.0,5670.0,47152.0,A007820
74,2016-05-20 13:00:00,5660.0,5750.0,5650.0,5740.0,15511.0,A007820
75,2016-05-23 09:00:00,5760.0,5830.0,5760.0,5800.0,16418.0,A007820
76,2016-05-23 11:00:00,5770.0,5820.0,5710.0,5760.0,36433.0,A007820
77,2016-05-23 13:00:00,5720.0,5790.0,5700.0,5760.0,19286.0,A007820
78,2016-05-24 09:00:00,5680.0,5710.0,5570.0,5620.0,20100.0,A007820
79,2016-05-24 11:00:00,5610.0,5670.0,5530.0,5590.0,21725.0,A007820
80,2016-05-24 13:00:00,5580.0,5640.0,5550.0,5590.0,18284.0,A007820
81,2016-05-25 09:00:00,5580.0,5640.0,5560.0,5620.0,36834.0,A007820
82,2016-05-25 11:00:00,5690.0,5690.0,5580.0,5580.0,18205.0,A007820
83,2016-05-25 13:00:00,5570.0,5750.0,5550.0,5680.0,34226.0,A007820
84,2016-05-26 09:00:00,5560.0,5590.0,5450.0,5530.0,61738.0,A007820
85,2016-05-26 11:00:00,5630.0,5750.0,5530.0,5540.0,14312.0,A007820
86,2016-05-26 13:00:00,5540.0,5590.0,5490.0,5590.0,16768.0,A007820
87,2016-05-27 09:00:00,5300.0,5310.0,5280.0,5280.0,39361.0,A007820
88,2016-05-27 11:00:00,5460.0,5460.0,5260.0,5270.0,108307.0,A007820
89,2016-05-27 13:00:00,5270.0,5310.0,5260.0,5290.0,26131.0,A007820
90,2016-05-30 09:00:00,5290.0,5320.0,5210.0,5320.0,17399.0,A007820
91,2016-05-30 11:00:00,5310.0,5330.0,5260.0,5290.0,27567.0,A007820
92,2016-05-30 13:00:00,5280.0,5350.0,5270.0,5350.0,18426.0,A007820
93,2016-05-31 09:00:00,5350.0,5390.0,5280.0,5300.0,25539.0,A007820
94,2016-05-31 11:00:00,5300.0,5340.0,5290.0,5310.0,17316.0,A007820
95,2016-05-31 13:00:00,5310.0,5330.0,5160.0,5210.0,105990.0,A007820
96,2016-06-01 09:00:00,5270.0,5300.0,5190.0,5230.0,20040.0,A007820
97,2016-06-01 11:00:00,5230.0,5250.0,5210.0,5240.0,7691.0,A007820
98,2016-06-01 13:00:00,5240.0,5280.0,5160.0,5250.0,72021.0,A007820
99,2016-06-02 09:00:00,5250.0,5260.0,5210.0,5230.0,11461.0,A007820
100,2016-06-02 11:00:00,5240.0,5260.0,5220.0,5240.0,8600.0,A007820
101,2016-06-02 13:00:00,5240.0,5270.0,5220.0,5270.0,23608.0,A007820
102,2016-06-03 09:00:00,5310.0,5320.0,5280.0,5310.0,9749.0,A007820
103,2016-06-03 11:00:00,5270.0,5350.0,5230.0,5260.0,31219.0,A007820
104,2016-06-03 13:00:00,5290.0,5320.0,5260.0,5300.0,6463.0,A007820
105,2016-06-07 09:00:00,5390.0,5390.0,5290.0,5310.0,7983.0,A007820
106,2016-06-07 11:00:00,5320.0,5330.0,5240.0,5290.0,18612.0,A007820
107,2016-06-07 13:00:00,5270.0,5280.0,5230.0,5230.0,19492.0,A007820
108,2016-06-08 09:00:00,5210.0,5300.0,5200.0,5240.0,19241.0,A007820
109,2016-06-08 11:00:00,5260.0,5300.0,5210.0,5300.0,11534.0,A007820
110,2016-06-08 13:00:00,5270.0,5290.0,5220.0,5240.0,16324.0,A007820
111,2016-06-09 09:00:00,5220.0,5240.0,5190.0,5240.0,13217.0,A007820
112,2016-06-09 11:00:00,5240.0,5300.0,5210.0,5240.0,9652.0,A007820
113,2016-06-09 13:00:00,5260.0,5270.0,5190.0,5240.0,20446.0,A007820
114,2016-06-10 09:00:00,5200.0,5270.0,5200.0,5240.0,13519.0,A007820
115,2016-06-10 11:00:00,5240.0,5280.0,5230.0,5270.0,5554.0,A007820
116,2016-06-10 13:00:00,5270.0,5300.0,5270.0,5290.0,21473.0,A007820
117,2016-06-13 09:00:00,5270.0,5270.0,5180.0,5210.0,15205.0,A007820
118,2016-06-13 11:00:00,5190.0,5230.0,5180.0,5190.0,2971.0,A007820
119,2016-06-13 13:00:00,5190.0,5220.0,5170.0,5220.0,8821.0,A007820
120,2016-06-14 09:00:00,5160.0,5220.0,5160.0,5220.0,16638.0,A007820
121,2016-06-14 11:00:00,5130.0,5170.0,5100.0,5170.0,19880.0,A007820
122,2016-06-14 13:00:00,5170.0,5220.0,5120.0,5120.0,27864.0,A007820
123,2016-06-15 09:00:00,5170.0,5180.0,5150.0,5150.0,2808.0,A007820
124,2016-06-15 11:00:00,5210.0,5210.0,5120.0,5150.0,34412.0,A007820
125,2016-06-15 13:00:00,5140.0,5170.0,5140.0,5170.0,7552.0,A007820
126,2016-06-16 09:00:00,5130.0,5190.0,5130.0,5150.0,10011.0,A007820
127,2016-06-16 11:00:00,5150.0,5170.0,5110.0,5110.0,17337.0,A007820
128,2016-06-16 13:00:00,5120.0,5150.0,5070.0,5150.0,32236.0,A007820
129,2016-06-17 09:00:00,5120.0,5260.0,5120.0,5230.0,17001.0,A007820
130,2016-06-17 11:00:00,5220.0,5270.0,5220.0,5260.0,7520.0,A007820
131,2016-06-17 13:00:00,5260.0,5260.0,5190.0,5240.0,12229.0,A007820
132,2016-06-20 09:00:00,5260.0,5300.0,5200.0,5230.0,8676.0,A007820
133,2016-06-20 11:00:00,5200.0,5240.0,5190.0,5240.0,1988.0,A007820
134,2016-06-20 13:00:00,5240.0,5320.0,5230.0,5300.0,9929.0,A007820
135,2016-06-21 09:00:00,5290.0,5350.0,5240.0,5270.0,5832.0,A007820
136,2016-06-21 11:00:00,5270.0,5320.0,5270.0,5310.0,4223.0,A007820
137,2016-06-21 13:00:00,5280.0,5300.0,5240.0,5300.0,16715.0,A007820
138,2016-06-22 09:00:00,5370.0,5430.0,5370.0,5420.0,157821.0,A007820
139,2016-06-22 11:00:00,5350.0,5390.0,5320.0,5390.0,25482.0,A007820
140,2016-06-22 13:00:00,5350.0,5380.0,5290.0,5320.0,23171.0,A007820
141,2016-06-23 09:00:00,5400.0,5400.0,5300.0,5340.0,22133.0,A007820
142,2016-06-23 11:00:00,5340.0,5430.0,5340.0,5360.0,15856.0,A007820
143,2016-06-23 13:00:00,5390.0,5410.0,5290.0,5400.0,10812.0,A007820
144,2016-06-24 09:00:00,5410.0,5470.0,5260.0,5340.0,44805.0,A007820
145,2016-06-24 11:00:00,5340.0,5340.0,5030.0,5050.0,33108.0,A007820
146,2016-06-24 13:00:00,5060.0,5160.0,5000.0,5100.0,62193.0,A007820
147,2016-06-27 09:00:00,4990.0,5050.0,4980.0,5040.0,30473.0,A007820
148,2016-06-27 11:00:00,5020.0,5060.0,5000.0,5040.0,6340.0,A007820
149,2016-06-27 13:00:00,5040.0,5060.0,4995.0,5040.0,14609.0,A007820
150,2016-06-28 09:00:00,4980.0,5040.0,4950.0,5000.0,28565.0,A007820
151,2016-06-28 11:00:00,5040.0,5050.0,5000.0,5000.0,12712.0,A007820
152,2016-06-28 13:00:00,5040.0,5090.0,5000.0,5090.0,14009.0,A007820
153,2016-06-29 09:00:00,5090.0,5490.0,5080.0,5450.0,47301.0,A007820
154,2016-06-29 11:00:00,5430.0,5510.0,5290.0,5440.0,36341.0,A007820
155,2016-06-29 13:00:00,5450.0,5450.0,5370.0,5400.0,31289.0,A007820
156,2016-06-30 09:00:00,5440.0,5510.0,5430.0,5510.0,11912.0,A007820
157,2016-06-30 11:00:00,5400.0,5500.0,5380.0,5460.0,29701.0,A007820
158,2016-06-30 13:00:00,5460.0,5530.0,5440.0,5440.0,15825.0,A007820
159,2016-07-01 09:00:00,5710.0,5720.0,5670.0,5690.0,9656.0,A007820
160,2016-07-01 11:00:00,5500.0,5750.0,5450.0,5680.0,52983.0,A007820
161,2016-07-01 13:00:00,5700.0,5700.0,5650.0,5700.0,13757.0,A007820
162,2016-07-04 09:00:00,5560.0,5800.0,5560.0,5640.0,6036.0,A007820
163,2016-07-04 11:00:00,5640.0,5700.0,5620.0,5630.0,27160.0,A007820
164,2016-07-04 13:00:00,5630.0,5670.0,5590.0,5670.0,16752.0,A007820
165,2016-07-05 09:00:00,5750.0,5750.0,5540.0,5700.0,13530.0,A007820
166,2016-07-05 11:00:00,5680.0,5700.0,5630.0,5690.0,5205.0,A007820
167,2016-07-05 13:00:00,5650.0,5690.0,5650.0,5680.0,9838.0,A007820
168,2016-07-06 09:00:00,5520.0,5680.0,5510.0,5660.0,9674.0,A007820
169,2016-07-06 11:00:00,5610.0,5660.0,5610.0,5630.0,10113.0,A007820
170,2016-07-06 13:00:00,5620.0,5620.0,5510.0,5510.0,22208.0,A007820
171,2016-07-07 09:00:00,5580.0,5740.0,5580.0,5650.0,22316.0,A007820
172,2016-07-07 11:00:00,5670.0,5690.0,5650.0,5690.0,4773.0,A007820
173,2016-07-07 13:00:00,5670.0,5900.0,5660.0,5900.0,113142.0,A007820
174,2016-07-08 09:00:00,5900.0,6390.0,5840.0,6210.0,197405.0,A007820
175,2016-07-08 11:00:00,6170.0,6270.0,6090.0,6150.0,60229.0,A007820
176,2016-07-08 13:00:00,6150.0,6380.0,6150.0,6350.0,118889.0,A007820
177,2016-07-11 09:00:00,6400.0,6460.0,6370.0,6430.0,42952.0,A007820
178,2016-07-11 11:00:00,6410.0,6410.0,6350.0,6400.0,31506.0,A007820
179,2016-07-11 13:00:00,6260.0,6410.0,6200.0,6410.0,51979.0,A007820
180,2016-07-12 09:00:00,6200.0,6370.0,6120.0,6330.0,40993.0,A007820
181,2016-07-12 11:00:00,6310.0,6420.0,6250.0,6290.0,32525.0,A007820
182,2016-07-12 13:00:00,6290.0,6300.0,6170.0,6200.0,25848.0,A007820
183,2016-07-13 09:00:00,6280.0,6380.0,6220.0,6320.0,20075.0,A007820
184,2016-07-13 11:00:00,6320.0,6320.0,6220.0,6230.0,23625.0,A007820
185,2016-07-13 13:00:00,6230.0,6360.0,6230.0,6350.0,22549.0,A007820
186,2016-07-14 09:00:00,6420.0,6650.0,6400.0,6500.0,95061.0,A007820
187,2016-07-14 11:00:00,6500.0,6640.0,6450.0,6570.0,36713.0,A007820
188,2016-07-14 13:00:00,6570.0,6670.0,6550.0,6660.0,62671.0,A007820
189,2016-07-15 09:00:00,6620.0,6700.0,6500.0,6500.0,36442.0,A007820
190,2016-07-15 11:00:00,6500.0,6530.0,6430.0,6440.0,45042.0,A007820
191,2016-07-15 13:00:00,6440.0,6510.0,6400.0,6420.0,34862.0,A007820
192,2016-07-18 09:00:00,6420.0,6640.0,6400.0,6500.0,37973.0,A007820
193,2016-07-18 11:00:00,6500.0,6600.0,6430.0,6440.0,18857.0,A007820
194,2016-07-18 13:00:00,6440.0,6530.0,6440.0,6530.0,19547.0,A007820
195,2016-07-19 09:00:00,6670.0,6750.0,6660.0,6690.0,23418.0,A007820
196,2016-07-19 11:00:00,6790.0,6790.0,6670.0,6670.0,43300.0,A007820
197,2016-07-19 13:00:00,6560.0,6860.0,6430.0,6790.0,156795.0,A007820
198,2016-07-20 09:00:00,6680.0,6900.0,6680.0,6850.0,119218.0,A007820
199,2016-07-20 11:00:00,6840.0,6870.0,6750.0,6790.0,43491.0,A007820
200,2016-07-20 13:00:00,6780.0,6900.0,6710.0,6900.0,76301.0,A007820
201,2016-07-21 09:00:00,6900.0,6900.0,6750.0,6750.0,22381.0,A007820
202,2016-07-21 11:00:00,6750.0,6760.0,6670.0,6750.0,22631.0,A007820
203,2016-07-21 13:00:00,6750.0,6810.0,6700.0,6760.0,14767.0,A007820
204,2016-07-22 09:00:00,6640.0,6750.0,6590.0,6710.0,14879.0,A007820
205,2016-07-22 11:00:00,6700.0,6800.0,6660.0,6740.0,10206.0,A007820
206,2016-07-22 13:00:00,6740.0,6810.0,6660.0,6810.0,10895.0,A007820
207,2016-07-25 09:00:00,6680.0,6800.0,6580.0,6800.0,18209.0,A007820
208,2016-07-25 11:00:00,6810.0,6820.0,6600.0,6770.0,10947.0,A007820
209,2016-07-25 13:00:00,6770.0,6780.0,6600.0,6670.0,21122.0,A007820
210,2016-07-26 09:00:00,6750.0,6820.0,6690.0,6790.0,18066.0,A007820
211,2016-07-26 11:00:00,6780.0,6790.0,6740.0,6740.0,11110.0,A007820
212,2016-07-26 13:00:00,6740.0,6970.0,6740.0,6880.0,83814.0,A007820
213,2016-07-27 09:00:00,6900.0,7020.0,6820.0,6870.0,63759.0,A007820
214,2016-07-27 11:00:00,6880.0,7000.0,6880.0,6910.0,39515.0,A007820
215,2016-07-27 13:00:00,6930.0,7140.0,6910.0,7020.0,110726.0,A007820
216,2016-07-28 09:00:00,6850.0,7000.0,6800.0,7000.0,59827.0,A007820
217,2016-07-28 11:00:00,7020.0,7140.0,6960.0,6960.0,89798.0,A007820
218,2016-07-28 13:00:00,6960.0,6960.0,6840.0,6850.0,31035.0,A007820
219,2016-07-29 09:00:00,7000.0,7060.0,6820.0,6830.0,16238.0,A007820
220,2016-07-29 11:00:00,6830.0,6880.0,6800.0,6880.0,17511.0,A007820
221,2016-07-29 13:00:00,6880.0,6980.0,6850.0,6980.0,30411.0,A007820
222,2016-08-01 09:00:00,6890.0,6970.0,6630.0,6650.0,75482.0,A007820
223,2016-08-01 11:00:00,6650.0,6720.0,6550.0,6680.0,57649.0,A007820
224,2016-08-01 13:00:00,6680.0,6770.0,6640.0,6690.0,27409.0,A007820
225,2016-08-01 15:00:00,6700.0,6780.0,6660.0,6780.0,13195.0,A007820
226,2016-08-02 09:00:00,6670.0,6720.0,6670.0,6670.0,5510.0,A007820
227,2016-08-02 11:00:00,6710.0,6730.0,6640.0,6650.0,33659.0,A007820
228,2016-08-02 13:00:00,6700.0,6830.0,6700.0,6710.0,15548.0,A007820
229,2016-08-02 15:00:00,6640.0,6750.0,6640.0,6670.0,31798.0,A007820
230,2016-08-03 09:00:00,6670.0,6670.0,6390.0,6430.0,103460.0,A007820
231,2016-08-03 11:00:00,6430.0,6480.0,6420.0,6460.0,15358.0,A007820
232,2016-08-03 13:00:00,6470.0,6580.0,6370.0,6570.0,71636.0,A007820
233,2016-08-03 15:00:00,6580.0,6620.0,6530.0,6600.0,4554.0,A007820
234,2016-08-04 09:00:00,6750.0,6900.0,6750.0,6900.0,38798.0,A007820
235,2016-08-04 11:00:00,6600.0,6680.0,6450.0,6670.0,21825.0,A007820
236,2016-08-04 13:00:00,6640.0,6930.0,6640.0,6820.0,12328.0,A007820
237,2016-08-04 15:00:00,6780.0,6850.0,6730.0,6750.0,79835.0,A007820
238,2016-08-05 09:00:00,7700.0,8030.0,7530.0,7610.0,539677.0,A007820
239,2016-08-05 11:00:00,7620.0,7620.0,7340.0,7390.0,323951.0,A007820
240,2016-08-05 13:00:00,7390.0,7590.0,7370.0,7590.0,59155.0,A007820
241,2016-08-05 15:00:00,6900.0,8070.0,6830.0,7710.0,1019036.0,A007820
242,2016-08-08 09:00:00,7530.0,7900.0,7500.0,7780.0,227021.0,A007820
243,2016-08-08 11:00:00,7790.0,7820.0,7620.0,7670.0,42085.0,A007820
244,2016-08-08 13:00:00,7680.0,7720.0,7500.0,7590.0,96492.0,A007820
245,2016-08-08 15:00:00,7610.0,7700.0,7590.0,7700.0,13071.0,A007820
246,2016-08-09 09:00:00,7510.0,7550.0,7350.0,7500.0,46718.0,A007820
247,2016-08-09 11:00:00,7370.0,7410.0,7350.0,7380.0,34998.0,A007820
248,2016-08-09 13:00:00,7380.0,7530.0,7360.0,7510.0,61962.0,A007820
249,2016-08-09 15:00:00,7780.0,7780.0,7350.0,7390.0,90913.0,A007820
250,2016-08-10 09:00:00,7360.0,7490.0,7320.0,7350.0,66763.0,A007820
251,2016-08-10 11:00:00,7330.0,7340.0,7110.0,7180.0,83377.0,A007820
252,2016-08-10 13:00:00,7180.0,7250.0,7140.0,7150.0,101032.0,A007820
253,2016-08-10 15:00:00,7150.0,7220.0,7140.0,7210.0,24901.0,A007820
254,2016-08-11 09:00:00,7060.0,7120.0,7060.0,7110.0,17424.0,A007820
255,2016-08-11 11:00:00,7120.0,7180.0,7060.0,7060.0,65742.0,A007820
256,2016-08-11 13:00:00,7210.0,7260.0,7110.0,7170.0,41712.0,A007820
257,2016-08-11 15:00:00,7170.0,7180.0,7100.0,7120.0,41376.0,A007820
258,2016-08-12 09:00:00,7110.0,7600.0,7090.0,7360.0,145881.0,A007820
259,2016-08-12 11:00:00,7360.0,7420.0,7160.0,7210.0,86528.0,A007820
260,2016-08-12 13:00:00,7210.0,7220.0,6970.0,7020.0,64957.0,A007820
261,2016-08-12 15:00:00,7020.0,7210.0,7020.0,7200.0,43547.0,A007820
262,2016-08-16 09:00:00,7080.0,7180.0,6970.0,7050.0,50318.0,A007820
263,2016-08-16 11:00:00,7050.0,7110.0,6970.0,6980.0,31622.0,A007820
264,2016-08-16 13:00:00,6990.0,7120.0,6940.0,7070.0,32714.0,A007820
265,2016-08-16 15:00:00,7070.0,7140.0,7060.0,7070.0,28829.0,A007820
266,2016-08-17 09:00:00,7500.0,7520.0,7470.0,7500.0,58770.0,A007820
267,2016-08-17 11:00:00,6970.0,8070.0,6970.0,7510.0,825030.0,A007820
268,2016-08-17 13:00:00,7510.0,7520.0,7290.0,7300.0,224468.0,A007820
269,2016-08-17 15:00:00,7300.0,7530.0,7300.0,7500.0,159473.0,A007820
270,2016-08-18 09:00:00,7500.0,7760.0,7390.0,7630.0,166868.0,A007820
271,2016-08-18 11:00:00,7630.0,7680.0,7510.0,7540.0,37911.0,A007820
272,2016-08-18 13:00:00,7520.0,7620.0,7490.0,7610.0,56143.0,A007820
273,2016-08-18 15:00:00,7600.0,7700.0,7580.0,7610.0,23683.0,A007820
274,2016-08-19 09:00:00,7610.0,7690.0,7570.0,7690.0,12905.0,A007820
275,2016-08-19 11:00:00,7780.0,7950.0,7600.0,7660.0,149977.0,A007820
276,2016-08-19 13:00:00,7630.0,7700.0,7590.0,7610.0,18515.0,A007820
277,2016-08-19 15:00:00,7620.0,7700.0,7600.0,7610.0,22499.0,A007820
278,2016-08-22 09:00:00,7690.0,7790.0,7510.0,7590.0,64453.0,A007820
279,2016-08-22 11:00:00,7590.0,7620.0,7510.0,7580.0,50993.0,A007820
280,2016-08-22 13:00:00,7550.0,7580.0,7480.0,7500.0,37564.0,A007820
281,2016-08-22 15:00:00,7500.0,7670.0,7480.0,7670.0,36269.0,A007820
282,2016-08-23 09:00:00,7700.0,7770.0,7470.0,7640.0,63913.0,A007820
283,2016-08-23 11:00:00,7640.0,7690.0,7550.0,7690.0,26965.0,A007820
284,2016-08-23 13:00:00,7670.0,7700.0,7580.0,7690.0,43026.0,A007820
285,2016-08-23 15:00:00,7690.0,7700.0,7620.0,7690.0,20362.0,A007820
286,2016-08-24 09:00:00,7700.0,7730.0,7690.0,7730.0,42402.0,A007820
287,2016-08-24 11:00:00,7700.0,7770.0,7630.0,7660.0,39895.0,A007820
288,2016-08-24 13:00:00,7660.0,7750.0,7630.0,7700.0,65482.0,A007820
289,2016-08-24 15:00:00,7700.0,7750.0,7660.0,7690.0,142623.0,A007820
290,2016-08-25 09:00:00,7730.0,7750.0,7430.0,7590.0,50211.0,A007820
291,2016-08-25 11:00:00,7590.0,7700.0,7580.0,7680.0,28319.0,A007820
292,2016-08-25 13:00:00,7680.0,7730.0,7590.0,7730.0,42566.0,A007820
293,2016-08-25 15:00:00,7730.0,7740.0,7690.0,7730.0,6284.0,A007820
294,2016-08-26 09:00:00,8120.0,8480.0,8120.0,8190.0,121858.0,A007820
295,2016-08-26 11:00:00,7730.0,7950.0,7510.0,7850.0,88323.0,A007820
296,2016-08-26 13:00:00,7880.0,8100.0,7850.0,7970.0,144190.0,A007820
297,2016-08-26 15:00:00,7970.0,8250.0,7970.0,8120.0,185314.0,A007820
298,2016-08-29 09:00:00,8100.0,8240.0,7700.0,7760.0,130146.0,A007820
299,2016-08-29 11:00:00,7760.0,7880.0,7760.0,7880.0,32164.0,A007820
300,2016-08-29 13:00:00,7870.0,7990.0,7780.0,7880.0,56030.0,A007820
301,2016-08-29 15:00:00,7860.0,7860.0,7740.0,7740.0,22869.0,A007820
302,2016-08-30 09:00:00,7600.0,7900.0,7600.0,7760.0,54869.0,A007820
303,2016-08-30 11:00:00,7740.0,7870.0,7720.0,7860.0,64101.0,A007820
304,2016-08-30 13:00:00,7810.0,7900.0,7580.0,7740.0,105169.0,A007820
305,2016-08-30 15:00:00,7740.0,7790.0,7720.0,7790.0,14501.0,A007820
306,2016-08-31 09:00:00,7660.0,7890.0,7660.0,7680.0,63537.0,A007820
307,2016-08-31 11:00:00,7680.0,7690.0,7600.0,7630.0,41566.0,A007820
308,2016-08-31 13:00:00,7630.0,7750.0,7590.0,7610.0,35774.0,A007820
309,2016-08-31 15:00:00,7610.0,7770.0,7580.0,7770.0,12805.0,A007820
310,2016-09-01 09:00:00,8150.0,8250.0,8120.0,8200.0,38245.0,A007820
311,2016-09-01 11:00:00,7770.0,8320.0,7770.0,8110.0,284610.0,A007820
312,2016-09-01 13:00:00,8110.0,8150.0,7910.0,7970.0,66027.0,A007820
313,2016-09-01 15:00:00,7970.0,8160.0,7940.0,8150.0,56961.0,A007820
314,2016-09-02 09:00:00,8240.0,8270.0,8160.0,8260.0,28832.0,A007820
315,2016-09-02 11:00:00,8190.0,8190.0,8120.0,8150.0,17501.0,A007820
316,2016-09-02 13:00:00,8240.0,8250.0,8100.0,8250.0,44254.0,A007820
317,2016-09-02 15:00:00,8260.0,8260.0,8150.0,8190.0,27352.0,A007820
318,2016-09-05 09:00:00,8070.0,8090.0,8020.0,8020.0,8686.0,A007820
319,2016-09-05 11:00:00,8150.0,8200.0,7900.0,8010.0,69593.0,A007820
320,2016-09-05 13:00:00,8010.0,8020.0,7930.0,7930.0,18133.0,A007820
321,2016-09-05 15:00:00,7980.0,8110.0,7940.0,8090.0,33238.0,A007820
322,2016-09-06 09:00:00,7940.0,8110.0,7930.0,7960.0,46567.0,A007820
323,2016-09-06 11:00:00,7970.0,8010.0,7930.0,7940.0,11382.0,A007820
324,2016-09-06 13:00:00,7930.0,7940.0,7760.0,7890.0,27055.0,A007820
325,2016-09-06 15:00:00,7870.0,7900.0,7800.0,7900.0,10478.0,A007820
326,2016-09-07 09:00:00,7900.0,7970.0,7780.0,7780.0,43011.0,A007820
327,2016-09-07 11:00:00,7790.0,7900.0,7790.0,7900.0,11769.0,A007820
328,2016-09-07 13:00:00,7900.0,7950.0,7840.0,7890.0,30115.0,A007820
329,2016-09-07 15:00:00,7850.0,7900.0,7840.0,7860.0,6027.0,A007820
330,2016-09-08 09:00:00,7860.0,7860.0,7540.0,7630.0,68416.0,A007820
331,2016-09-08 11:00:00,7630.0,7630.0,7260.0,7310.0,84343.0,A007820
332,2016-09-08 13:00:00,7300.0,7520.0,7100.0,7450.0,156249.0,A007820
333,2016-09-08 15:00:00,7440.0,7500.0,7390.0,7460.0,29675.0,A007820
334,2016-09-09 09:00:00,7360.0,7410.0,7300.0,7390.0,17036.0,A007820
335,2016-09-09 11:00:00,7180.0,7500.0,7120.0,7350.0,52444.0,A007820
336,2016-09-09 13:00:00,7330.0,7350.0,7140.0,7180.0,37582.0,A007820
337,2016-09-09 15:00:00,7100.0,7580.0,7100.0,7340.0,116202.0,A007820
338,2016-09-12 09:00:00,7250.0,7440.0,7130.0,7280.0,40451.0,A007820
339,2016-09-12 11:00:00,7310.0,7320.0,7150.0,7220.0,23330.0,A007820
340,2016-09-12 13:00:00,7200.0,7270.0,7090.0,7180.0,56745.0,A007820
341,2016-09-12 15:00:00,7150.0,7230.0,7120.0,7210.0,6888.0,A007820
342,2016-09-13 09:00:00,7200.0,7280.0,7150.0,7200.0,39959.0,A007820
343,2016-09-13 11:00:00,7210.0,7280.0,7210.0,7230.0,15500.0,A007820
344,2016-09-13 13:00:00,7230.0,7280.0,7210.0,7230.0,14794.0,A007820
345,2016-09-13 15:00:00,7240.0,7280.0,7230.0,7280.0,6589.0,A007820
346,2016-09-19 09:00:00,7210.0,7590.0,7210.0,7550.0,95521.0,A007820
347,2016-09-19 11:00:00,7550.0,7580.0,7420.0,7510.0,27653.0,A007820
348,2016-09-19 13:00:00,7490.0,7550.0,7450.0,7500.0,40206.0,A007820
349,2016-09-19 15:00:00,7500.0,7530.0,7480.0,7500.0,23412.0,A007820
350,2016-09-20 09:00:00,7480.0,7540.0,7450.0,7530.0,9325.0,A007820
351,2016-09-20 11:00:00,7540.0,7580.0,7440.0,7500.0,27762.0,A007820
352,2016-09-20 13:00:00,7500.0,7620.0,7400.0,7590.0,46365.0,A007820
353,2016-09-20 15:00:00,7590.0,7590.0,7540.0,7580.0,12662.0,A007820
354,2016-09-21 09:00:00,7670.0,7670.0,7450.0,7460.0,16275.0,A007820
355,2016-09-21 11:00:00,7460.0,7500.0,7400.0,7500.0,14843.0,A007820
356,2016-09-21 13:00:00,7490.0,7490.0,7420.0,7480.0,2254.0,A007820
357,2016-09-21 15:00:00,7480.0,7480.0,7440.0,7470.0,1284.0,A007820
358,2016-09-22 09:00:00,7560.0,7560.0,7440.0,7520.0,35476.0,A007820
359,2016-09-22 11:00:00,7520.0,7550.0,7440.0,7460.0,12140.0,A007820
360,2016-09-22 13:00:00,7450.0,7510.0,7440.0,7450.0,30416.0,A007820
361,2016-09-22 15:00:00,7470.0,7470.0,7440.0,7460.0,6458.0,A007820
362,2016-09-23 09:00:00,7530.0,7600.0,7400.0,7410.0,19815.0,A007820
363,2016-09-23 11:00:00,7410.0,7520.0,7350.0,7440.0,25518.0,A007820
364,2016-09-23 13:00:00,7440.0,7520.0,7300.0,7500.0,28263.0,A007820
365,2016-09-23 15:00:00,7500.0,7500.0,7450.0,7480.0,1102.0,A007820
366,2016-09-26 09:00:00,8090.0,8530.0,8090.0,8330.0,479298.0,A007820
367,2016-09-26 11:00:00,8330.0,8500.0,8320.0,8500.0,165004.0,A007820
368,2016-09-26 13:00:00,7480.0,8080.0,7290.0,7800.0,151143.0,A007820
369,2016-09-26 15:00:00,7860.0,8190.0,7820.0,8090.0,193948.0,A007820
370,2016-09-27 09:00:00,8500.0,8520.0,8290.0,8330.0,149544.0,A007820
371,2016-09-27 11:00:00,8340.0,8410.0,8310.0,8310.0,42085.0,A007820
372,2016-09-27 13:00:00,8320.0,8500.0,8310.0,8480.0,54452.0,A007820
373,2016-09-27 15:00:00,8480.0,8500.0,8410.0,8480.0,18996.0,A007820
374,2016-09-28 09:00:00,8630.0,8630.0,8310.0,8530.0,50820.0,A007820
375,2016-09-28 11:00:00,8530.0,8560.0,8340.0,8340.0,29936.0,A007820
376,2016-09-28 13:00:00,8480.0,8690.0,8400.0,8620.0,112296.0,A007820
377,2016-09-28 15:00:00,8620.0,8740.0,8540.0,8630.0,58642.0,A007820
378,2016-09-29 09:00:00,8260.0,8630.0,8250.0,8490.0,80734.0,A007820
379,2016-09-29 11:00:00,8420.0,8480.0,8380.0,8420.0,26048.0,A007820
380,2016-09-29 13:00:00,8430.0,8550.0,8430.0,8530.0,39070.0,A007820
381,2016-09-29 15:00:00,8520.0,8580.0,8520.0,8580.0,25218.0,A007820
382,2016-09-30 09:00:00,8640.0,9170.0,8130.0,8430.0,586804.0,A007820
383,2016-09-30 11:00:00,8440.0,8860.0,8440.0,8690.0,87409.0,A007820
384,2016-09-30 13:00:00,8700.0,8760.0,8430.0,8570.0,69296.0,A007820
385,2016-09-30 15:00:00,8570.0,8680.0,8570.0,8670.0,25017.0,A007820
386,2016-10-04 09:00:00,8680.0,8680.0,8600.0,8600.0,6489.0,A007820
387,2016-10-04 11:00:00,8560.0,8690.0,8510.0,8620.0,25785.0,A007820
388,2016-10-04 13:00:00,8670.0,8670.0,8440.0,8490.0,44189.0,A007820
389,2016-10-04 15:00:00,8490.0,8570.0,8480.0,8560.0,19365.0,A007820
390,2016-10-05 09:00:00,8590.0,8680.0,8500.0,8560.0,29299.0,A007820
391,2016-10-05 11:00:00,8570.0,8620.0,8560.0,8610.0,25505.0,A007820
392,2016-10-05 13:00:00,8600.0,8610.0,8410.0,8410.0,66517.0,A007820
393,2016-10-05 15:00:00,8460.0,8500.0,8430.0,8500.0,9036.0,A007820
394,2016-10-06 09:00:00,8580.0,8580.0,8330.0,8390.0,47357.0,A007820
395,2016-10-06 11:00:00,8400.0,8480.0,8370.0,8390.0,13643.0,A007820
396,2016-10-06 13:00:00,8390.0,8490.0,8340.0,8460.0,38716.0,A007820
397,2016-10-06 15:00:00,8470.0,8570.0,8470.0,8490.0,17618.0,A007820
398,2016-10-07 09:00:00,8380.0,8530.0,8180.0,8190.0,43478.0,A007820
399,2016-10-07 11:00:00,8190.0,8300.0,8140.0,8180.0,51710.0,A007820
400,2016-10-07 13:00:00,8200.0,8280.0,8160.0,8160.0,18811.0,A007820
401,2016-10-07 15:00:00,8200.0,8200.0,8000.0,8050.0,27405.0,A007820
402,2016-10-10 09:00:00,8210.0,8390.0,8160.0,8270.0,34804.0,A007820
403,2016-10-10 11:00:00,8340.0,8400.0,8310.0,8380.0,7838.0,A007820
404,2016-10-10 13:00:00,8050.0,8240.0,7940.0,8170.0,49723.0,A007820
405,2016-10-10 15:00:00,8170.0,8210.0,8100.0,8210.0,8654.0,A007820
406,2016-10-11 09:00:00,8330.0,8550.0,8330.0,8410.0,49527.0,A007820
407,2016-10-11 11:00:00,8410.0,8430.0,8250.0,8260.0,17200.0,A007820
408,2016-10-11 13:00:00,8270.0,8350.0,8260.0,8320.0,11433.0,A007820
409,2016-10-11 15:00:00,8320.0,8330.0,8280.0,8310.0,5733.0,A007820
410,2016-10-12 09:00:00,8160.0,8670.0,8160.0,8550.0,99141.0,A007820
411,2016-10-12 11:00:00,8550.0,8570.0,8470.0,8500.0,18692.0,A007820
412,2016-10-12 13:00:00,8520.0,8700.0,8500.0,8590.0,64305.0,A007820
413,2016-10-12 15:00:00,8590.0,8650.0,8590.0,8650.0,17707.0,A007820
414,2016-10-13 09:00:00,8920.0,9000.0,8890.0,9000.0,27852.0,A007820
415,2016-10-13 11:00:00,8700.0,9070.0,8650.0,8880.0,237062.0,A007820
416,2016-10-13 13:00:00,8840.0,8960.0,8820.0,8920.0,62242.0,A007820
417,2016-10-13 15:00:00,8920.0,9000.0,8850.0,8910.0,61371.0,A007820
418,2016-10-14 09:00:00,8870.0,9170.0,8760.0,9060.0,80696.0,A007820
419,2016-10-14 11:00:00,9110.0,9420.0,8820.0,9010.0,228979.0,A007820
420,2016-10-14 13:00:00,9010.0,9080.0,8940.0,9010.0,61325.0,A007820
421,2016-10-14 15:00:00,9010.0,9080.0,8980.0,8980.0,19128.0,A007820
422,2016-10-17 09:00:00,8540.0,8750.0,8350.0,8660.0,80020.0,A007820
423,2016-10-17 11:00:00,8690.0,8700.0,8600.0,8650.0,31182.0,A007820
424,2016-10-17 13:00:00,9100.0,9300.0,8710.0,8960.0,232087.0,A007820
425,2016-10-17 15:00:00,8960.0,8970.0,8430.0,8480.0,169215.0,A007820
426,2016-10-18 09:00:00,8500.0,8570.0,8470.0,8470.0,14534.0,A007820
427,2016-10-18 11:00:00,8470.0,8540.0,8050.0,8100.0,213162.0,A007820
428,2016-10-18 13:00:00,8120.0,8120.0,7970.0,8000.0,80582.0,A007820
429,2016-10-18 15:00:00,8660.0,8670.0,8340.0,8470.0,121118.0,A007820
430,2016-10-19 09:00:00,8120.0,8150.0,7660.0,8080.0,74224.0,A007820
431,2016-10-19 11:00:00,8090.0,8090.0,7840.0,7860.0,62611.0,A007820
432,2016-10-19 13:00:00,7850.0,7990.0,7750.0,7880.0,52139.0,A007820
433,2016-10-19 15:00:00,7930.0,7990.0,7830.0,7890.0,17304.0,A007820
434,2016-10-20 09:00:00,7360.0,7480.0,7340.0,7450.0,35800.0,A007820
435,2016-10-20 11:00:00,7260.0,7360.0,7150.0,7280.0,120877.0,A007820
436,2016-10-20 13:00:00,7320.0,7430.0,7300.0,7360.0,72181.0,A007820
437,2016-10-20 15:00:00,7890.0,7890.0,7160.0,7260.0,467316.0,A007820
438,2016-10-21 09:00:00,7450.0,7650.0,7270.0,7590.0,91483.0,A007820
439,2016-10-21 11:00:00,7590.0,7610.0,7560.0,7590.0,16652.0,A007820
440,2016-10-21 13:00:00,7570.0,7850.0,7560.0,7730.0,92932.0,A007820
441,2016-10-21 15:00:00,7700.0,7750.0,7630.0,7740.0,10469.0,A007820
442,2016-10-24 09:00:00,7540.0,7590.0,7460.0,7580.0,22818.0,A007820
443,2016-10-24 11:00:00,7690.0,7700.0,7500.0,7550.0,34934.0,A007820
444,2016-10-24 13:00:00,7740.0,7820.0,7520.0,7690.0,72218.0,A007820
445,2016-10-24 15:00:00,7730.0,7760.0,7660.0,7660.0,13025.0,A007820
446,2016-10-25 09:00:00,7470.0,7590.0,7080.0,7130.0,120732.0,A007820
447,2016-10-25 11:00:00,7080.0,7370.0,7050.0,7360.0,37064.0,A007820
448,2016-10-25 13:00:00,7370.0,7490.0,7250.0,7340.0,26329.0,A007820
449,2016-10-25 15:00:00,7340.0,7340.0,7250.0,7280.0,20078.0,A007820
450,2016-10-26 09:00:00,7180.0,7340.0,7100.0,7180.0,58909.0,A007820
451,2016-10-26 11:00:00,7120.0,7240.0,7080.0,7160.0,24951.0,A007820
452,2016-10-26 13:00:00,7170.0,7200.0,7090.0,7130.0,25435.0,A007820
453,2016-10-26 15:00:00,7140.0,7270.0,7140.0,7150.0,11387.0,A007820
454,2016-10-27 09:00:00,7420.0,7450.0,7390.0,7400.0,4204.0,A007820
455,2016-10-27 11:00:00,7150.0,7610.0,7150.0,7610.0,54071.0,A007820
456,2016-10-27 13:00:00,7590.0,7690.0,7520.0,7580.0,35410.0,A007820
457,2016-10-27 15:00:00,7580.0,7580.0,7340.0,7440.0,42843.0,A007820
458,2016-10-28 09:00:00,7400.0,7730.0,7400.0,7560.0,62451.0,A007820
459,2016-10-28 11:00:00,7590.0,7630.0,7510.0,7510.0,9038.0,A007820
460,2016-10-28 13:00:00,7510.0,7520.0,7430.0,7500.0,20871.0,A007820
461,2016-10-28 15:00:00,7500.0,7650.0,7480.0,7650.0,17564.0,A007820
462,2016-10-31 09:00:00,7470.0,7470.0,7390.0,7410.0,10671.0,A007820
463,2016-10-31 11:00:00,7320.0,7460.0,7300.0,7460.0,19698.0,A007820
464,2016-10-31 13:00:00,7520.0,7660.0,7340.0,7450.0,38565.0,A007820
465,2016-10-31 15:00:00,7470.0,7470.0,7300.0,7420.0,10866.0,A007820
466,2016-11-01 09:00:00,7340.0,7430.0,7300.0,7350.0,13885.0,A007820
467,2016-11-01 11:00:00,7360.0,7400.0,7310.0,7350.0,10393.0,A007820
468,2016-11-01 13:00:00,7410.0,7560.0,7300.0,7340.0,38150.0,A007820
469,2016-11-01 15:00:00,7350.0,7430.0,7300.0,7360.0,28320.0,A007820
470,2016-11-02 09:00:00,7350.0,7350.0,7060.0,7120.0,24652.0,A007820
471,2016-11-02 11:00:00,7090.0,7100.0,6860.0,6950.0,44572.0,A007820
472,2016-11-02 13:00:00,6950.0,7100.0,6880.0,7100.0,31373.0,A007820
473,2016-11-02 15:00:00,7050.0,7100.0,7010.0,7050.0,20645.0,A007820
474,2016-11-03 09:00:00,7000.0,7170.0,6880.0,7030.0,27129.0,A007820
475,2016-11-03 11:00:00,7040.0,7080.0,6970.0,7010.0,9000.0,A007820
476,2016-11-03 13:00:00,7010.0,7060.0,6950.0,7000.0,16723.0,A007820
477,2016-11-03 15:00:00,7000.0,7060.0,6960.0,7060.0,4751.0,A007820
478,2016-11-04 09:00:00,7210.0,7210.0,6900.0,7040.0,19388.0,A007820
479,2016-11-04 11:00:00,6980.0,7040.0,6930.0,6970.0,2610.0,A007820
480,2016-11-04 13:00:00,6970.0,7170.0,6950.0,7150.0,23988.0,A007820
481,2016-11-04 15:00:00,7100.0,7190.0,7100.0,7190.0,3706.0,A007820
482,2016-11-07 09:00:00,7170.0,7330.0,7150.0,7330.0,19711.0,A007820
483,2016-11-07 11:00:00,7300.0,7320.0,7230.0,7320.0,7961.0,A007820
484,2016-11-07 13:00:00,7190.0,7340.0,7050.0,7250.0,20362.0,A007820
485,2016-11-07 15:00:00,7280.0,7280.0,7170.0,7190.0,7941.0,A007820
486,2016-11-08 09:00:00,7330.0,7400.0,7260.0,7280.0,15188.0,A007820
487,2016-11-08 11:00:00,7280.0,7300.0,7240.0,7260.0,16199.0,A007820
488,2016-11-08 13:00:00,7260.0,7280.0,7150.0,7180.0,28871.0,A007820
489,2016-11-08 15:00:00,7180.0,7300.0,7150.0,7300.0,8109.0,A007820
490,2016-11-09 09:00:00,7360.0,7360.0,7100.0,7100.0,25409.0,A007820
491,2016-11-09 11:00:00,7100.0,7100.0,6440.0,6910.0,90012.0,A007820
492,2016-11-09 13:00:00,6850.0,6980.0,6610.0,6980.0,54473.0,A007820
493,2016-11-09 15:00:00,6940.0,7100.0,6900.0,7100.0,23208.0,A007820
494,2016-11-10 09:00:00,7080.0,7270.0,7080.0,7270.0,8494.0,A007820
495,2016-11-10 11:00:00,7100.0,7340.0,7060.0,7230.0,42892.0,A007820
496,2016-11-10 13:00:00,7230.0,7250.0,7070.0,7130.0,30125.0,A007820
497,2016-11-10 15:00:00,7130.0,7180.0,7030.0,7130.0,43622.0,A007820
498,2016-11-11 09:00:00,7300.0,7300.0,7120.0,7230.0,32898.0,A007820
499,2016-11-11 11:00:00,7230.0,7290.0,7100.0,7110.0,10977.0,A007820
500,2016-11-11 13:00:00,7110.0,7260.0,7110.0,7150.0,14481.0,A007820
501,2016-11-11 15:00:00,7150.0,7230.0,7130.0,7180.0,2942.0,A007820
502,2016-11-14 09:00:00,7220.0,7270.0,7140.0,7240.0,10074.0,A007820
503,2016-11-14 11:00:00,7090.0,7270.0,7080.0,7260.0,4751.0,A007820
504,2016-11-14 13:00:00,7100.0,7180.0,7040.0,7120.0,4691.0,A007820
505,2016-11-14 15:00:00,7260.0,7300.0,7100.0,7140.0,21942.0,A007820
506,2016-11-15 09:00:00,7300.0,7300.0,7000.0,7160.0,19991.0,A007820
507,2016-11-15 11:00:00,7150.0,7180.0,7090.0,7090.0,2983.0,A007820
508,2016-11-15 13:00:00,7090.0,7260.0,7050.0,7250.0,17061.0,A007820
509,2016-11-15 15:00:00,7140.0,7250.0,7130.0,7240.0,1007.0,A007820
510,2016-11-16 09:00:00,7290.0,7300.0,7150.0,7210.0,13751.0,A007820
511,2016-11-16 11:00:00,7210.0,7210.0,7110.0,7150.0,8039.0,A007820
512,2016-11-16 13:00:00,7150.0,7200.0,7080.0,7160.0,13023.0,A007820
513,2016-11-16 15:00:00,7160.0,7200.0,7120.0,7200.0,8100.0,A007820
514,2016-11-17 09:00:00,7000.0,7080.0,6970.0,7070.0,4008.0,A007820
515,2016-11-17 11:00:00,7250.0,7250.0,7000.0,7070.0,17123.0,A007820
516,2016-11-17 13:00:00,7070.0,7100.0,6950.0,7030.0,29393.0,A007820
517,2016-11-17 15:00:00,7010.0,7080.0,6950.0,7010.0,30813.0,A007820
518,2016-11-18 09:00:00,7070.0,7120.0,6900.0,7010.0,23494.0,A007820
519,2016-11-18 11:00:00,7010.0,7010.0,6800.0,6940.0,21552.0,A007820
520,2016-11-18 13:00:00,6940.0,7070.0,6840.0,7070.0,24199.0,A007820
521,2016-11-18 15:00:00,7060.0,7110.0,7050.0,7110.0,4277.0,A007820
522,2016-11-21 09:00:00,7080.0,7090.0,7040.0,7040.0,7171.0,A007820
523,2016-11-21 11:00:00,7100.0,7160.0,7000.0,7100.0,31102.0,A007820
524,2016-11-21 13:00:00,7090.0,7170.0,7040.0,7140.0,26166.0,A007820
525,2016-11-21 15:00:00,7110.0,7140.0,7050.0,7080.0,2976.0,A007820
526,2016-11-22 09:00:00,7040.0,7200.0,7040.0,7110.0,14224.0,A007820
527,2016-11-22 11:00:00,7110.0,7110.0,7040.0,7060.0,3640.0,A007820
528,2016-11-22 13:00:00,7060.0,7110.0,7000.0,7020.0,18929.0,A007820
529,2016-11-22 15:00:00,7020.0,7170.0,7010.0,7160.0,7254.0,A007820
530,2016-11-23 09:00:00,7160.0,7210.0,7050.0,7200.0,35321.0,A007820
531,2016-11-23 11:00:00,7200.0,7200.0,7150.0,7190.0,15736.0,A007820
532,2016-11-23 13:00:00,7180.0,7180.0,7000.0,7090.0,32747.0,A007820
533,2016-11-23 15:00:00,7030.0,7150.0,7020.0,7150.0,12633.0,A007820
534,2016-11-24 09:00:00,7170.0,7260.0,7130.0,7180.0,40643.0,A007820
535,2016-11-24 11:00:00,7180.0,7210.0,7130.0,7180.0,30435.0,A007820
536,2016-11-24 13:00:00,7160.0,7180.0,7070.0,7120.0,33875.0,A007820
537,2016-11-24 15:00:00,7120.0,7150.0,7040.0,7150.0,9049.0,A007820
538,2016-11-25 09:00:00,7720.0,7870.0,7690.0,7870.0,45872.0,A007820
539,2016-11-25 11:00:00,7670.0,7750.0,7610.0,7710.0,62114.0,A007820
540,2016-11-25 13:00:00,7240.0,7660.0,7240.0,7590.0,163548.0,A007820
541,2016-11-25 15:00:00,7580.0,7760.0,7460.0,7690.0,101799.0,A007820
542,2016-11-28 09:00:00,8450.0,8510.0,8320.0,8450.0,103378.0,A007820
543,2016-11-28 11:00:00,8450.0,8450.0,8100.0,8130.0,177335.0,A007820
544,2016-11-28 13:00:00,8120.0,8180.0,8020.0,8160.0,81423.0,A007820
545,2016-11-28 15:00:00,8950.0,9220.0,8270.0,8450.0,1516518.0,A007820
546,2016-11-29 09:00:00,8190.0,8330.0,7830.0,8190.0,246391.0,A007820
547,2016-11-29 11:00:00,8190.0,8250.0,8080.0,8130.0,16920.0,A007820
548,2016-11-29 13:00:00,8110.0,8250.0,7930.0,8230.0,97135.0,A007820
549,2016-11-29 15:00:00,8240.0,8380.0,8240.0,8380.0,54621.0,A007820
550,2016-11-30 09:00:00,8990.0,9040.0,8950.0,9000.0,66981.0,A007820
551,2016-11-30 11:00:00,9180.0,9790.0,8870.0,9060.0,712388.0,A007820
552,2016-11-30 13:00:00,9050.0,9140.0,8890.0,9000.0,227670.0,A007820
553,2016-11-30 15:00:00,8460.0,9400.0,8420.0,9180.0,805552.0,A007820
554,2016-12-01 09:00:00,8990.0,9410.0,8890.0,9380.0,650984.0,A007820
555,2016-12-01 11:00:00,9380.0,9530.0,9260.0,9430.0,442625.0,A007820
556,2016-12-01 13:00:00,9430.0,9710.0,9320.0,9510.0,515216.0,A007820
557,2016-12-01 15:00:00,9510.0,9520.0,9200.0,9440.0,107440.0,A007820
558,2016-12-02 09:00:00,10350.0,10550.0,10200.0,10450.0,213770.0,A007820
559,2016-12-02 11:00:00,9940.0,10400.0,9910.0,10350.0,869722.0,A007820
560,2016-12-02 13:00:00,9500.0,9930.0,9310.0,9910.0,368970.0,A007820
561,2016-12-02 15:00:00,9920.0,9960.0,9760.0,9960.0,115210.0,A007820
562,2016-12-05 09:00:00,10350.0,11050.0,10250.0,10650.0,493524.0,A007820
563,2016-12-05 11:00:00,10650.0,10800.0,10400.0,10600.0,65594.0,A007820
564,2016-12-05 13:00:00,10650.0,10800.0,10500.0,10700.0,70553.0,A007820
565,2016-12-05 15:00:00,10700.0,10850.0,10650.0,10700.0,45687.0,A007820
566,2016-12-06 09:00:00,10850.0,10950.0,10350.0,10350.0,222117.0,A007820
567,2016-12-06 11:00:00,10350.0,10600.0,10300.0,10550.0,63709.0,A007820
568,2016-12-06 13:00:00,10550.0,10550.0,10200.0,10400.0,109512.0,A007820
569,2016-12-06 15:00:00,10400.0,10400.0,10300.0,10350.0,28084.0,A007820
570,2016-12-07 09:00:00,10200.0,10350.0,10200.0,10300.0,49781.0,A007820
571,2016-12-07 11:00:00,10300.0,10500.0,9940.0,10050.0,262098.0,A007820
572,2016-12-07 13:00:00,10050.0,10100.0,9970.0,9980.0,47795.0,A007820
573,2016-12-07 15:00:00,9990.0,10250.0,9930.0,10200.0,136933.0,A007820
574,2016-12-08 09:00:00,10300.0,10550.0,10150.0,10450.0,131401.0,A007820
575,2016-12-08 11:00:00,10450.0,10600.0,10300.0,10450.0,71539.0,A007820
576,2016-12-08 13:00:00,10450.0,10650.0,10350.0,10650.0,79603.0,A007820
577,2016-12-08 15:00:00,10650.0,10650.0,10450.0,10650.0,37519.0,A007820
578,2016-12-09 09:00:00,10550.0,10600.0,10500.0,10550.0,16051.0,A007820
579,2016-12-09 11:00:00,10700.0,10700.0,10350.0,10350.0,55318.0,A007820
580,2016-12-09 13:00:00,10350.0,10400.0,10200.0,10350.0,55591.0,A007820
581,2016-12-09 15:00:00,10300.0,10600.0,10300.0,10500.0,63159.0,A007820
582,2016-12-12 09:00:00,10750.0,10800.0,10500.0,10700.0,92684.0,A007820
583,2016-12-12 11:00:00,10700.0,11250.0,10700.0,11150.0,224103.0,A007820
584,2016-12-12 13:00:00,11150.0,11200.0,10900.0,10950.0,89333.0,A007820
585,2016-12-12 15:00:00,11000.0,11100.0,10950.0,11000.0,66448.0,A007820
586,2016-12-13 09:00:00,11100.0,11300.0,10850.0,11050.0,129684.0,A007820
587,2016-12-13 11:00:00,11050.0,11200.0,11000.0,11100.0,23610.0,A007820
588,2016-12-13 13:00:00,11200.0,11200.0,11000.0,11200.0,56820.0,A007820
589,2016-12-13 15:00:00,11200.0,11200.0,11050.0,11150.0,8951.0,A007820
590,2016-12-14 09:00:00,11000.0,11050.0,10900.0,10950.0,41771.0,A007820
591,2016-12-14 11:00:00,11150.0,11450.0,11000.0,11400.0,177999.0,A007820
592,2016-12-14 13:00:00,11450.0,11450.0,11100.0,11200.0,76226.0,A007820
593,2016-12-14 15:00:00,11150.0,11200.0,10850.0,11000.0,101352.0,A007820
594,2016-12-15 09:00:00,10900.0,11400.0,10750.0,11350.0,186190.0,A007820
595,2016-12-15 11:00:00,11350.0,11800.0,11100.0,11800.0,276496.0,A007820
596,2016-12-15 13:00:00,11750.0,11850.0,11550.0,11700.0,125336.0,A007820
597,2016-12-15 15:00:00,11700.0,11800.0,11650.0,11750.0,39927.0,A007820
598,2016-12-16 09:00:00,11800.0,11800.0,11750.0,11800.0,15281.0,A007820
599,2016-12-16 11:00:00,11750.0,12000.0,11500.0,11800.0,108659.0,A007820
600,2016-12-16 13:00:00,11750.0,11850.0,11650.0,11800.0,23973.0,A007820
601,2016-12-16 15:00:00,11800.0,11900.0,11700.0,11750.0,77530.0,A007820
602,2016-12-19 09:00:00,11850.0,11900.0,11650.0,11800.0,36792.0,A007820
603,2016-12-19 11:00:00,11750.0,11800.0,11700.0,11750.0,10829.0,A007820
604,2016-12-19 13:00:00,11750.0,11850.0,11650.0,11800.0,39415.0,A007820
605,2016-12-19 15:00:00,11800.0,11800.0,11750.0,11800.0,6679.0,A007820
606,2016-12-20 09:00:00,11750.0,12050.0,11650.0,11900.0,168226.0,A007820
607,2016-12-20 11:00:00,11900.0,11900.0,11800.0,11850.0,32065.0,A007820
608,2016-12-20 13:00:00,11750.0,11900.0,11750.0,11800.0,64403.0,A007820
609,2016-12-20 15:00:00,11850.0,11850.0,11750.0,11800.0,13948.0,A007820
610,2016-12-21 09:00:00,11800.0,11950.0,11750.0,11850.0,112409.0,A007820
611,2016-12-21 11:00:00,11800.0,11850.0,11700.0,11800.0,65552.0,A007820
612,2016-12-21 13:00:00,11850.0,11850.0,11700.0,11750.0,58463.0,A007820
613,2016-12-21 15:00:00,11750.0,11800.0,11700.0,11700.0,19769.0,A007820
614,2016-12-22 09:00:00,12450.0,12600.0,12450.0,12500.0,49100.0,A007820
615,2016-12-22 11:00:00,12450.0,12650.0,12350.0,12500.0,167275.0,A007820
616,2016-12-22 13:00:00,12500.0,12550.0,12300.0,12450.0,85904.0,A007820
617,2016-12-22 15:00:00,11700.0,12600.0,11700.0,12500.0,639863.0,A007820
618,2016-12-23 09:00:00,12450.0,12450.0,12300.0,12400.0,29408.0,A007820
619,2016-12-23 11:00:00,12550.0,12850.0,12150.0,12450.0,235467.0,A007820
620,2016-12-23 13:00:00,12450.0,12500.0,12300.0,12500.0,33648.0,A007820
621,2016-12-23 15:00:00,12500.0,12600.0,12400.0,12450.0,38924.0,A007820
622,2016-12-26 09:00:00,12350.0,12350.0,11850.0,12050.0,156509.0,A007820
623,2016-12-26 11:00:00,12050.0,12100.0,11950.0,11950.0,31494.0,A007820
624,2016-12-26 13:00:00,12350.0,12600.0,12350.0,12350.0,43888.0,A007820
625,2016-12-26 15:00:00,12050.0,12100.0,11850.0,12000.0,45895.0,A007820
626,2016-12-27 09:00:00,12050.0,12100.0,11950.0,12000.0,22850.0,A007820
627,2016-12-27 11:00:00,11950.0,12150.0,11950.0,12100.0,78352.0,A007820
628,2016-12-27 13:00:00,12050.0,12100.0,11950.0,11950.0,31486.0,A007820
629,2016-12-27 15:00:00,12000.0,12100.0,11900.0,12000.0,57296.0,A007820
630,2016-12-28 09:00:00,12100.0,12750.0,12100.0,12350.0,226311.0,A007820
631,2016-12-28 11:00:00,12350.0,12450.0,12150.0,12250.0,68791.0,A007820
632,2016-12-28 13:00:00,12200.0,12300.0,12150.0,12200.0,38502.0,A007820
633,2016-12-28 15:00:00,12200.0,12300.0,12150.0,12300.0,17434.0,A007820
634,2016-12-29 09:00:00,12250.0,12250.0,11850.0,12100.0,66887.0,A007820
635,2016-12-29 11:00:00,12100.0,12400.0,12050.0,12200.0,40323.0,A007820
636,2016-12-29 13:00:00,12250.0,12500.0,12100.0,12500.0,58525.0,A007820
637,2016-12-29 15:00:00,12450.0,12550.0,12450.0,12500.0,13320.0,A007820
638,2017-01-02 09:00:00,12700.0,12800.0,12400.0,12450.0,62025.0,A007820
639,2017-01-02 11:00:00,12450.0,12550.0,12350.0,12400.0,25131.0,A007820
640,2017-01-02 13:00:00,12350.0,12500.0,12300.0,12400.0,25148.0,A007820
641,2017-01-03 09:00:00,12050.0,12150.0,12050.0,12150.0,22951.0,A007820
642,2017-01-03 11:00:00,12000.0,12200.0,11900.0,12050.0,48504.0,A007820
643,2017-01-03 13:00:00,12300.0,12350.0,11800.0,12000.0,145689.0,A007820
644,2017-01-03 15:00:00,12050.0,12100.0,11900.0,12000.0,39496.0,A007820
645,2017-01-04 09:00:00,12100.0,12350.0,11950.0,12300.0,70099.0,A007820
646,2017-01-04 11:00:00,12300.0,12350.0,12200.0,12300.0,43052.0,A007820
647,2017-01-04 13:00:00,12300.0,12450.0,12200.0,12350.0,104898.0,A007820
648,2017-01-04 15:00:00,12350.0,12350.0,12200.0,12200.0,14664.0,A007820
649,2017-01-05 09:00:00,12300.0,12400.0,12200.0,12300.0,37980.0,A007820
650,2017-01-05 11:00:00,12300.0,12350.0,12200.0,12300.0,45309.0,A007820
651,2017-01-05 13:00:00,12300.0,13050.0,12300.0,13050.0,311045.0,A007820
652,2017-01-05 15:00:00,13050.0,13200.0,12850.0,13150.0,100740.0,A007820
653,2017-01-06 09:00:00,13050.0,13750.0,13050.0,13650.0,289090.0,A007820
654,2017-01-06 11:00:00,13650.0,13700.0,13450.0,13550.0,52791.0,A007820
655,2017-01-06 13:00:00,13550.0,13700.0,13450.0,13500.0,62659.0,A007820
656,2017-01-06 15:00:00,13500.0,13550.0,13350.0,13450.0,27343.0,A007820
657,2017-01-09 09:00:00,13550.0,13650.0,13500.0,13650.0,11650.0,A007820
658,2017-01-09 11:00:00,13600.0,13800.0,13450.0,13600.0,59683.0,A007820
659,2017-01-09 13:00:00,13450.0,13850.0,13450.0,13800.0,93806.0,A007820
660,2017-01-09 15:00:00,13800.0,13800.0,13500.0,13600.0,29349.0,A007820
661,2017-01-10 09:00:00,13950.0,13950.0,13450.0,13600.0,130005.0,A007820
662,2017-01-10 11:00:00,13600.0,13850.0,13400.0,13500.0,100782.0,A007820
663,2017-01-10 13:00:00,13500.0,13550.0,13450.0,13500.0,14389.0,A007820
664,2017-01-10 15:00:00,13700.0,14150.0,13350.0,13950.0,156993.0,A007820
665,2017-01-11 09:00:00,13350.0,13800.0,13250.0,13450.0,154325.0,A007820
666,2017-01-11 11:00:00,13450.0,13650.0,13450.0,13550.0,44396.0,A007820
667,2017-01-11 13:00:00,13600.0,13750.0,13450.0,13550.0,67772.0,A007820
668,2017-01-11 15:00:00,13550.0,13600.0,13500.0,13550.0,12257.0,A007820
669,2017-01-12 09:00:00,13700.0,13900.0,13450.0,13650.0,284186.0,A007820
670,2017-01-12 11:00:00,13650.0,13900.0,13600.0,13750.0,64144.0,A007820
671,2017-01-12 13:00:00,13750.0,14000.0,13650.0,13850.0,155715.0,A007820
672,2017-01-12 15:00:00,13900.0,13950.0,13850.0,13900.0,30656.0,A007820
673,2017-01-13 09:00:00,13450.0,13600.0,13450.0,13500.0,25899.0,A007820
674,2017-01-13 11:00:00,13500.0,13550.0,13350.0,13350.0,59640.0,A007820
675,2017-01-13 13:00:00,13900.0,14200.0,13500.0,13550.0,164114.0,A007820
676,2017-01-13 15:00:00,13550.0,13600.0,13350.0,13450.0,86350.0,A007820
677,2017-01-16 09:00:00,13350.0,13600.0,13300.0,13350.0,58490.0,A007820
678,2017-01-16 11:00:00,13400.0,13450.0,13300.0,13350.0,75948.0,A007820
679,2017-01-16 13:00:00,13350.0,13450.0,13250.0,13400.0,61180.0,A007820
680,2017-01-16 15:00:00,13350.0,13450.0,13300.0,13300.0,24453.0,A007820
681,2017-01-17 09:00:00,13400.0,13450.0,13250.0,13350.0,43652.0,A007820
682,2017-01-17 11:00:00,13400.0,13450.0,13300.0,13450.0,8327.0,A007820
683,2017-01-17 13:00:00,13100.0,13600.0,13050.0,13500.0,39898.0,A007820
684,2017-01-17 15:00:00,13450.0,13500.0,13350.0,13450.0,18576.0,A007820
685,2017-01-18 09:00:00,13250.0,13600.0,13100.0,13150.0,49884.0,A007820
686,2017-01-18 11:00:00,13150.0,13450.0,13050.0,13450.0,43361.0,A007820
687,2017-01-18 13:00:00,13450.0,13650.0,13350.0,13350.0,105227.0,A007820
688,2017-01-18 15:00:00,13350.0,13400.0,13250.0,13350.0,44035.0,A007820
689,2017-01-19 09:00:00,13300.0,13450.0,13200.0,13350.0,95017.0,A007820
690,2017-01-19 11:00:00,13300.0,13350.0,13200.0,13250.0,15328.0,A007820
691,2017-01-19 13:00:00,13300.0,13400.0,13250.0,13300.0,38823.0,A007820
692,2017-01-19 15:00:00,13300.0,13400.0,13300.0,13400.0,8750.0,A007820
693,2017-01-20 09:00:00,13600.0,13750.0,13500.0,13650.0,136588.0,A007820
694,2017-01-20 11:00:00,13400.0,13600.0,13350.0,13600.0,42746.0,A007820
695,2017-01-20 13:00:00,13250.0,13550.0,13250.0,13450.0,45310.0,A007820
696,2017-01-20 15:00:00,13400.0,13600.0,13350.0,13400.0,33343.0,A007820
697,2017-01-23 09:00:00,13550.0,14000.0,13450.0,13950.0,100644.0,A007820
698,2017-01-23 11:00:00,13900.0,14050.0,13750.0,13800.0,63593.0,A007820
699,2017-01-23 13:00:00,13750.0,13900.0,13650.0,13850.0,50917.0,A007820
700,2017-01-23 15:00:00,13800.0,13900.0,13800.0,13900.0,14042.0,A007820
701,2017-01-24 09:00:00,13900.0,14350.0,13800.0,14100.0,132683.0,A007820
702,2017-01-24 11:00:00,14150.0,14550.0,14100.0,14350.0,201569.0,A007820
703,2017-01-24 13:00:00,14300.0,14750.0,14300.0,14500.0,163248.0,A007820
704,2017-01-24 15:00:00,14500.0,14500.0,14400.0,14500.0,30619.0,A007820
705,2017-01-25 09:00:00,14550.0,14550.0,14200.0,14450.0,61889.0,A007820
706,2017-01-25 11:00:00,14400.0,14550.0,14300.0,14400.0,37288.0,A007820
707,2017-01-25 13:00:00,14400.0,14500.0,14250.0,14400.0,44790.0,A007820
708,2017-01-25 15:00:00,14400.0,14450.0,14350.0,14450.0,10444.0,A007820
709,2017-01-26 09:00:00,14250.0,14400.0,14150.0,14300.0,51200.0,A007820
710,2017-01-26 11:00:00,14300.0,14450.0,14300.0,14400.0,21525.0,A007820
711,2017-01-26 13:00:00,14450.0,14650.0,14200.0,14300.0,66330.0,A007820
712,2017-01-26 15:00:00,14300.0,14300.0,14050.0,14300.0,91575.0,A007820
713,2017-01-31 09:00:00,14300.0,14600.0,14050.0,14250.0,60712.0,A007820
714,2017-01-31 11:00:00,14250.0,14350.0,14200.0,14250.0,80112.0,A007820
715,2017-01-31 13:00:00,14250.0,14350.0,14150.0,14200.0,104943.0,A007820
716,2017-01-31 15:00:00,14200.0,14250.0,14200.0,14250.0,18216.0,A007820
717,2017-02-01 09:00:00,14250.0,14250.0,13800.0,13900.0,246807.0,A007820
718,2017-02-01 11:00:00,13900.0,14000.0,13850.0,13950.0,38916.0,A007820
719,2017-02-01 13:00:00,14000.0,14050.0,13750.0,13950.0,155266.0,A007820
720,2017-02-01 15:00:00,13950.0,14000.0,13850.0,13950.0,26096.0,A007820
721,2017-02-02 09:00:00,13000.0,13000.0,12400.0,12800.0,306993.0,A007820
722,2017-02-02 11:00:00,13900.0,14100.0,13700.0,13800.0,119338.0,A007820
723,2017-02-02 13:00:00,13800.0,13800.0,12700.0,13100.0,490801.0,A007820
724,2017-02-02 15:00:00,13100.0,13400.0,12800.0,13000.0,294512.0,A007820
725,2017-02-03 09:00:00,12800.0,13050.0,12350.0,12700.0,268824.0,A007820
726,2017-02-03 11:00:00,12750.0,12800.0,12550.0,12650.0,38004.0,A007820
727,2017-02-03 13:00:00,12650.0,12700.0,12300.0,12600.0,133682.0,A007820
728,2017-02-03 15:00:00,12650.0,12850.0,12600.0,12850.0,40478.0,A007820
729,2017-02-06 09:00:00,12950.0,13000.0,12600.0,12600.0,84143.0,A007820
730,2017-02-06 11:00:00,12650.0,12700.0,12550.0,12600.0,26975.0,A007820
731,2017-02-06 13:00:00,12850.0,12850.0,12450.0,12800.0,97873.0,A007820
732,2017-02-06 15:00:00,12800.0,13100.0,12800.0,12950.0,67698.0,A007820
733,2017-02-07 09:00:00,12050.0,12150.0,11550.0,11850.0,228172.0,A007820
734,2017-02-07 11:00:00,11850.0,12250.0,11850.0,12200.0,85764.0,A007820
735,2017-02-07 13:00:00,12200.0,12350.0,12200.0,12350.0,27962.0,A007820
736,2017-02-07 15:00:00,12500.0,12500.0,12100.0,12100.0,275046.0,A007820
737,2017-02-08 09:00:00,12350.0,13150.0,12250.0,12950.0,245766.0,A007820
738,2017-02-08 11:00:00,13000.0,13700.0,12950.0,13150.0,282691.0,A007820
739,2017-02-08 13:00:00,13150.0,13250.0,12950.0,13050.0,135887.0,A007820
740,2017-02-08 15:00:00,13050.0,13050.0,12950.0,13050.0,24095.0,A007820
741,2017-02-09 09:00:00,12900.0,13000.0,12850.0,13000.0,30899.0,A007820
742,2017-02-09 11:00:00,12850.0,12950.0,12850.0,12900.0,11564.0,A007820
743,2017-02-09 13:00:00,12900.0,13150.0,12800.0,12900.0,80968.0,A007820
744,2017-02-09 15:00:00,13050.0,13100.0,12800.0,12800.0,79502.0,A007820
745,2017-02-10 09:00:00,12900.0,13100.0,12700.0,13000.0,81756.0,A007820
746,2017-02-10 11:00:00,12950.0,13000.0,12850.0,12950.0,21431.0,A007820
747,2017-02-10 13:00:00,12950.0,13100.0,12900.0,13000.0,47322.0,A007820
748,2017-02-10 15:00:00,13000.0,13050.0,12900.0,13000.0,34573.0,A007820
749,2017-02-13 09:00:00,12600.0,12650.0,12550.0,12600.0,12484.0,A007820
750,2017-02-13 11:00:00,12550.0,12700.0,12400.0,12600.0,64857.0,A007820
751,2017-02-13 13:00:00,12800.0,12850.0,12200.0,12650.0,110842.0,A007820
752,2017-02-13 15:00:00,12650.0,12700.0,12500.0,12600.0,42936.0,A007820
753,2017-02-14 09:00:00,12500.0,12750.0,12350.0,12750.0,58160.0,A007820
754,2017-02-14 11:00:00,12750.0,12750.0,12400.0,12500.0,20627.0,A007820
755,2017-02-14 13:00:00,12550.0,12550.0,12200.0,12350.0,86434.0,A007820
756,2017-02-14 15:00:00,12350.0,12400.0,12300.0,12400.0,19889.0,A007820
757,2017-02-15 09:00:00,12400.0,12450.0,12200.0,12350.0,32747.0,A007820
758,2017-02-15 11:00:00,12350.0,12500.0,12350.0,12450.0,12934.0,A007820
759,2017-02-15 13:00:00,12450.0,12500.0,12250.0,12300.0,29009.0,A007820
760,2017-02-15 15:00:00,12300.0,12500.0,12300.0,12500.0,15145.0,A007820
761,2017-02-16 09:00:00,12850.0,12850.0,12800.0,12850.0,14059.0,A007820
762,2017-02-16 11:00:00,12500.0,12600.0,12200.0,12450.0,25502.0,A007820
763,2017-02-16 13:00:00,12450.0,12500.0,12350.0,12450.0,14681.0,A007820
764,2017-02-16 15:00:00,12450.0,12850.0,12450.0,12800.0,85947.0,A007820
765,2017-02-17 09:00:00,12900.0,12900.0,12650.0,12700.0,25559.0,A007820
766,2017-02-17 11:00:00,12700.0,12700.0,12500.0,12500.0,31524.0,A007820
767,2017-02-17 13:00:00,12550.0,12650.0,12500.0,12500.0,39950.0,A007820
768,2017-02-17 15:00:00,12500.0,12600.0,12450.0,12550.0,15510.0,A007820
769,2017-02-20 09:00:00,12450.0,12550.0,12450.0,12550.0,13416.0,A007820
770,2017-02-20 11:00:00,12450.0,12550.0,12350.0,12500.0,39664.0,A007820
771,2017-02-20 13:00:00,12700.0,12700.0,12300.0,12500.0,45947.0,A007820
772,2017-02-20 15:00:00,12450.0,12550.0,12400.0,12400.0,9493.0,A007820
773,2017-02-21 09:00:00,12550.0,12600.0,12400.0,12400.0,27985.0,A007820
774,2017-02-21 11:00:00,12400.0,12550.0,12400.0,12550.0,16228.0,A007820
775,2017-02-21 13:00:00,12500.0,12750.0,12450.0,12550.0,48525.0,A007820
776,2017-02-21 15:00:00,12450.0,12500.0,12350.0,12500.0,43445.0,A007820
777,2017-02-22 09:00:00,12450.0,13250.0,12450.0,13200.0,248965.0,A007820
778,2017-02-22 11:00:00,13200.0,13200.0,12900.0,12900.0,62916.0,A007820
779,2017-02-22 13:00:00,12900.0,12950.0,12700.0,12850.0,56666.0,A007820
780,2017-02-22 15:00:00,12850.0,12900.0,12750.0,12850.0,21536.0,A007820
781,2017-02-23 09:00:00,12900.0,12900.0,12400.0,12400.0,66328.0,A007820
782,2017-02-23 11:00:00,12450.0,12450.0,12350.0,12400.0,36754.0,A007820
783,2017-02-23 13:00:00,12450.0,12600.0,12400.0,12450.0,67107.0,A007820
784,2017-02-23 15:00:00,12450.0,12550.0,12450.0,12500.0,11339.0,A007820
785,2017-02-24 09:00:00,12400.0,12500.0,11850.0,11900.0,155781.0,A007820
786,2017-02-24 11:00:00,11900.0,11950.0,11600.0,11650.0,99520.0,A007820
787,2017-02-24 13:00:00,11700.0,11900.0,11500.0,11550.0,110828.0,A007820
788,2017-02-24 15:00:00,11550.0,12000.0,11550.0,12000.0,66165.0,A007820
789,2017-02-27 09:00:00,11750.0,11800.0,11700.0,11750.0,16778.0,A007820
790,2017-02-27 11:00:00,11700.0,11800.0,11650.0,11650.0,17679.0,A007820
791,2017-02-27 13:00:00,11950.0,12000.0,11550.0,11800.0,54272.0,A007820
792,2017-02-27 15:00:00,11800.0,11900.0,11750.0,11850.0,13680.0,A007820
793,2017-02-28 09:00:00,11450.0,11800.0,11450.0,11650.0,38581.0,A007820
794,2017-02-28 11:00:00,11600.0,11900.0,11600.0,11750.0,35330.0,A007820
795,2017-02-28 13:00:00,11700.0,11800.0,11500.0,11700.0,57457.0,A007820
796,2017-02-28 15:00:00,11700.0,11750.0,11550.0,11750.0,15351.0,A007820
797,2017-03-02 09:00:00,11750.0,11800.0,11550.0,11750.0,48392.0,A007820
798,2017-03-02 11:00:00,11700.0,11850.0,11700.0,11800.0,6938.0,A007820
799,2017-03-02 13:00:00,11800.0,11800.0,11700.0,11800.0,19200.0,A007820
800,2017-03-02 15:00:00,11800.0,11800.0,11650.0,11800.0,15523.0,A007820
801,2017-03-03 09:00:00,11400.0,11500.0,11400.0,11500.0,13940.0,A007820
802,2017-03-03 11:00:00,11850.0,11850.0,11200.0,11350.0,46539.0,A007820
803,2017-03-03 13:00:00,11300.0,11450.0,11300.0,11400.0,17168.0,A007820
804,2017-03-03 15:00:00,11400.0,11450.0,11350.0,11450.0,31117.0,A007820
805,2017-03-06 09:00:00,11500.0,11700.0,11300.0,11400.0,55743.0,A007820
806,2017-03-06 11:00:00,11400.0,11550.0,11350.0,11500.0,22516.0,A007820
807,2017-03-06 13:00:00,11500.0,12050.0,11450.0,11850.0,120525.0,A007820
808,2017-03-06 15:00:00,11900.0,11900.0,11800.0,11900.0,20622.0,A007820
809,2017-03-07 09:00:00,11850.0,11900.0,11700.0,11850.0,6942.0,A007820
810,2017-03-07 11:00:00,11800.0,11850.0,11650.0,11800.0,15470.0,A007820
811,2017-03-07 13:00:00,11850.0,11950.0,11650.0,11800.0,35855.0,A007820
812,2017-03-07 15:00:00,11850.0,11900.0,11700.0,11850.0,24052.0,A007820
813,2017-03-08 09:00:00,11950.0,11950.0,11750.0,11900.0,33937.0,A007820
814,2017-03-08 11:00:00,11850.0,12350.0,11850.0,12350.0,76360.0,A007820
815,2017-03-08 13:00:00,12300.0,12400.0,12250.0,12300.0,53540.0,A007820
816,2017-03-08 15:00:00,12300.0,12400.0,12300.0,12400.0,17536.0,A007820
817,2017-03-09 09:00:00,12350.0,12350.0,12050.0,12300.0,64196.0,A007820
818,2017-03-09 11:00:00,12300.0,12350.0,12100.0,12300.0,15521.0,A007820
819,2017-03-09 13:00:00,12150.0,12250.0,12050.0,12100.0,32039.0,A007820
820,2017-03-09 15:00:00,12050.0,12250.0,12050.0,12250.0,9251.0,A007820
821,2017-03-10 09:00:00,12150.0,12350.0,12150.0,12350.0,5346.0,A007820
822,2017-03-10 11:00:00,12350.0,12350.0,11900.0,12000.0,33975.0,A007820
823,2017-03-10 13:00:00,12000.0,12400.0,11650.0,12250.0,49964.0,A007820
824,2017-03-10 15:00:00,12200.0,12400.0,12150.0,12200.0,21826.0,A007820
825,2017-03-13 09:00:00,12350.0,12350.0,12050.0,12200.0,45496.0,A007820
826,2017-03-13 11:00:00,12200.0,12300.0,12200.0,12200.0,5142.0,A007820
827,2017-03-13 13:00:00,12200.0,12250.0,12100.0,12200.0,16746.0,A007820
828,2017-03-13 15:00:00,12150.0,12350.0,12150.0,12350.0,9955.0,A007820
829,2017-03-14 09:00:00,12400.0,12600.0,12400.0,12600.0,27087.0,A007820
830,2017-03-14 11:00:00,12350.0,12350.0,12100.0,12200.0,40077.0,A007820
831,2017-03-14 13:00:00,12200.0,12300.0,12150.0,12300.0,10620.0,A007820
832,2017-03-14 15:00:00,12300.0,12550.0,12250.0,12400.0,53487.0,A007820
833,2017-03-15 09:00:00,13300.0,13400.0,12750.0,13000.0,637638.0,A007820
834,2017-03-15 11:00:00,13000.0,13350.0,12950.0,13150.0,160930.0,A007820
835,2017-03-15 13:00:00,13100.0,13150.0,13050.0,13100.0,85178.0,A007820
836,2017-03-15 15:00:00,13150.0,13250.0,13150.0,13250.0,52207.0,A007820
837,2017-03-16 09:00:00,13300.0,13550.0,13150.0,13550.0,244476.0,A007820
838,2017-03-16 11:00:00,13550.0,13650.0,13450.0,13600.0,143169.0,A007820
839,2017-03-16 13:00:00,13600.0,13650.0,13300.0,13350.0,97437.0,A007820
840,2017-03-16 15:00:00,13350.0,13450.0,13350.0,13450.0,16937.0,A007820
841,2017-03-17 09:00:00,13500.0,13550.0,13150.0,13250.0,101797.0,A007820
842,2017-03-17 11:00:00,13250.0,13400.0,13250.0,13350.0,39966.0,A007820
843,2017-03-17 13:00:00,13350.0,13650.0,13350.0,13550.0,137938.0,A007820
844,2017-03-17 15:00:00,13550.0,13600.0,13450.0,13600.0,22057.0,A007820
845,2017-03-20 09:00:00,13850.0,13950.0,13800.0,13950.0,30325.0,A007820
846,2017-03-20 11:00:00,14000.0,14150.0,13750.0,13850.0,147964.0,A007820
847,2017-03-20 13:00:00,13850.0,14200.0,13550.0,13950.0,287310.0,A007820
848,2017-03-20 15:00:00,13950.0,14050.0,13900.0,13950.0,77845.0,A007820
849,2017-03-21 09:00:00,13900.0,13950.0,13650.0,13850.0,51917.0,A007820
850,2017-03-21 11:00:00,13900.0,13950.0,13700.0,13750.0,59068.0,A007820
851,2017-03-21 13:00:00,13700.0,13800.0,13650.0,13800.0,19149.0,A007820
852,2017-03-21 15:00:00,13950.0,14050.0,13800.0,13850.0,106324.0,A007820
853,2017-03-22 09:00:00,13650.0,13750.0,13500.0,13600.0,71073.0,A007820
854,2017-03-22 11:00:00,13550.0,13600.0,13450.0,13500.0,35311.0,A007820
855,2017-03-22 13:00:00,13500.0,13550.0,13350.0,13400.0,58170.0,A007820
856,2017-03-22 15:00:00,13450.0,13450.0,13400.0,13400.0,14018.0,A007820
857,2017-03-23 09:00:00,13450.0,13500.0,13400.0,13500.0,19727.0,A007820
858,2017-03-23 11:00:00,13650.0,13750.0,13600.0,13650.0,30635.0,A007820
859,2017-03-23 13:00:00,13650.0,13700.0,13400.0,13450.0,63974.0,A007820
860,2017-03-23 15:00:00,13250.0,13800.0,13250.0,13650.0,95223.0,A007820
861,2017-03-24 09:00:00,13650.0,13650.0,13400.0,13550.0,40031.0,A007820
862,2017-03-24 11:00:00,13550.0,13900.0,13500.0,13800.0,49456.0,A007820
863,2017-03-24 13:00:00,13900.0,13900.0,13650.0,13800.0,46318.0,A007820
864,2017-03-24 15:00:00,13850.0,13900.0,13800.0,13900.0,13931.0,A007820
865,2017-03-27 09:00:00,13450.0,13650.0,13450.0,13650.0,13593.0,A007820
866,2017-03-27 11:00:00,13500.0,13650.0,13450.0,13500.0,45174.0,A007820
867,2017-03-27 13:00:00,14100.0,14100.0,13550.0,13600.0,90877.0,A007820
868,2017-03-27 15:00:00,13600.0,13650.0,13450.0,13500.0,49194.0,A007820
869,2017-03-28 09:00:00,13600.0,13950.0,13250.0,13750.0,87769.0,A007820
870,2017-03-28 11:00:00,13800.0,13800.0,13650.0,13700.0,19618.0,A007820
871,2017-03-28 13:00:00,13750.0,13800.0,13600.0,13750.0,21108.0,A007820
872,2017-03-28 15:00:00,13750.0,13750.0,13600.0,13750.0,19907.0,A007820
873,2017-03-29 09:00:00,13750.0,13800.0,13550.0,13750.0,52413.0,A007820
874,2017-03-29 11:00:00,13700.0,13750.0,13600.0,13650.0,29809.0,A007820
875,2017-03-29 13:00:00,13700.0,13800.0,13550.0,13600.0,48113.0,A007820
876,2017-03-29 15:00:00,13650.0,13700.0,13600.0,13700.0,11919.0,A007820
877,2017-03-30 09:00:00,13400.0,13600.0,13400.0,13600.0,18467.0,A007820
878,2017-03-30 11:00:00,13600.0,13700.0,13350.0,13400.0,72137.0,A007820
879,2017-03-30 13:00:00,13400.0,13500.0,13350.0,13400.0,29072.0,A007820
880,2017-03-30 15:00:00,13400.0,13600.0,13350.0,13400.0,44148.0,A007820
881,2017-03-31 09:00:00,13500.0,13800.0,13250.0,13800.0,83087.0,A007820
882,2017-03-31 11:00:00,13750.0,13850.0,13600.0,13850.0,43773.0,A007820
883,2017-03-31 13:00:00,13850.0,14100.0,13800.0,14000.0,122417.0,A007820
884,2017-03-31 15:00:00,14000.0,14000.0,13900.0,14000.0,30634.0,A007820
885,2017-04-03 09:00:00,14000.0,14250.0,14000.0,14200.0,34631.0,A007820
886,2017-04-03 11:00:00,14000.0,14150.0,13650.0,13700.0,102536.0,A007820
887,2017-04-03 13:00:00,13750.0,13900.0,13700.0,13850.0,33670.0,A007820
888,2017-04-03 15:00:00,13850.0,14050.0,13750.0,14000.0,58269.0,A007820
889,2017-04-04 09:00:00,14100.0,14300.0,13850.0,14050.0,98356.0,A007820
890,2017-04-04 11:00:00,14050.0,14050.0,13850.0,14000.0,53187.0,A007820
891,2017-04-04 13:00:00,14000.0,14200.0,13900.0,14000.0,72161.0,A007820
892,2017-04-04 15:00:00,13900.0,14000.0,13800.0,13800.0,31844.0,A007820
893,2017-04-05 09:00:00,13850.0,14150.0,13700.0,14100.0,86983.0,A007820
894,2017-04-05 11:00:00,14100.0,14350.0,14000.0,14350.0,106900.0,A007820
895,2017-04-05 13:00:00,14350.0,14650.0,14250.0,14650.0,243659.0,A007820
896,2017-04-05 15:00:00,14650.0,14700.0,14500.0,14600.0,70321.0,A007820
897,2017-04-06 09:00:00,14950.0,15000.0,14850.0,15000.0,22098.0,A007820
898,2017-04-06 11:00:00,14650.0,14950.0,14350.0,14950.0,141639.0,A007820
899,2017-04-06 13:00:00,14950.0,15250.0,14850.0,15100.0,276571.0,A007820
900,2017-04-06 15:00:00,15100.0,15150.0,14850.0,14950.0,87121.0,A007820
901,2017-04-07 09:00:00,15000.0,15150.0,14750.0,15000.0,123851.0,A007820
902,2017-04-07 11:00:00,15000.0,15100.0,14900.0,15050.0,57648.0,A007820
903,2017-04-07 13:00:00,15050.0,15050.0,14800.0,15000.0,77359.0,A007820
904,2017-04-07 15:00:00,15000.0,15000.0,14850.0,14950.0,23033.0,A007820
905,2017-04-10 09:00:00,14750.0,14750.0,14600.0,14600.0,23078.0,A007820
906,2017-04-10 11:00:00,15000.0,15000.0,14350.0,14850.0,118146.0,A007820
907,2017-04-10 13:00:00,14850.0,14900.0,14550.0,14650.0,43210.0,A007820
908,2017-04-10 15:00:00,14700.0,14750.0,14350.0,14750.0,107750.0,A007820
909,2017-04-11 09:00:00,14700.0,15250.0,14700.0,14950.0,223788.0,A007820
910,2017-04-11 11:00:00,14950.0,14950.0,14600.0,14650.0,78398.0,A007820
911,2017-04-11 13:00:00,14650.0,15000.0,14550.0,14900.0,49133.0,A007820
912,2017-04-11 15:00:00,14900.0,14950.0,14850.0,14950.0,11692.0,A007820
913,2017-04-12 09:00:00,14950.0,15300.0,14650.0,15050.0,162938.0,A007820
914,2017-04-12 11:00:00,15050.0,15200.0,15000.0,15150.0,36663.0,A007820
915,2017-04-12 13:00:00,15150.0,15200.0,15000.0,15150.0,53262.0,A007820
916,2017-04-12 15:00:00,15150.0,15300.0,15150.0,15300.0,38649.0,A007820
917,2017-04-13 09:00:00,15300.0,15500.0,15100.0,15250.0,140371.0,A007820
918,2017-04-13 11:00:00,15200.0,15300.0,15150.0,15250.0,31047.0,A007820
919,2017-04-13 13:00:00,15200.0,15350.0,15200.0,15250.0,61637.0,A007820
920,2017-04-13 15:00:00,15300.0,15300.0,15200.0,15200.0,19915.0,A007820
921,2017-04-14 09:00:00,14800.0,14900.0,14750.0,14850.0,24491.0,A007820
922,2017-04-14 11:00:00,15100.0,15100.0,14700.0,14800.0,64389.0,A007820
923,2017-04-14 13:00:00,14950.0,15100.0,14900.0,15100.0,23488.0,A007820
924,2017-04-14 15:00:00,15150.0,15150.0,14700.0,14950.0,127098.0,A007820
925,2017-04-17 09:00:00,15750.0,15800.0,15700.0,15800.0,43996.0,A007820
926,2017-04-17 11:00:00,15050.0,15600.0,14900.0,15400.0,194590.0,A007820
927,2017-04-17 13:00:00,15400.0,15700.0,15350.0,15650.0,116291.0,A007820
928,2017-04-17 15:00:00,15600.0,15750.0,15550.0,15700.0,92700.0,A007820
929,2017-04-18 09:00:00,16000.0,16050.0,15900.0,15950.0,39252.0,A007820
930,2017-04-18 11:00:00,15850.0,15850.0,15750.0,15800.0,11636.0,A007820
931,2017-04-18 13:00:00,15900.0,16250.0,15600.0,16000.0,211714.0,A007820
932,2017-04-18 15:00:00,15900.0,16050.0,15700.0,15800.0,72942.0,A007820
933,2017-04-19 09:00:00,16000.0,16000.0,15900.0,15950.0,16429.0,A007820
934,2017-04-19 11:00:00,15750.0,16000.0,15600.0,15850.0,96992.0,A007820
935,2017-04-19 13:00:00,15800.0,15850.0,15650.0,15850.0,35520.0,A007820
936,2017-04-19 15:00:00,15800.0,16100.0,15800.0,16000.0,51166.0,A007820
937,2017-04-20 09:00:00,15800.0,15950.0,15600.0,15600.0,91770.0,A007820
938,2017-04-20 11:00:00,15600.0,15700.0,15550.0,15600.0,29782.0,A007820
939,2017-04-20 13:00:00,15600.0,15800.0,15550.0,15650.0,74556.0,A007820
940,2017-04-20 15:00:00,15700.0,15800.0,15650.0,15700.0,16998.0,A007820
941,2017-04-21 09:00:00,15750.0,15750.0,15150.0,15450.0,153544.0,A007820
942,2017-04-21 11:00:00,15450.0,15550.0,15350.0,15350.0,33160.0,A007820
943,2017-04-21 13:00:00,15350.0,15400.0,15050.0,15150.0,147229.0,A007820
944,2017-04-21 15:00:00,15100.0,15200.0,15050.0,15100.0,16438.0,A007820
945,2017-04-24 09:00:00,15200.0,15200.0,14750.0,15050.0,122094.0,A007820
946,2017-04-24 11:00:00,15050.0,15100.0,14850.0,14900.0,51072.0,A007820
947,2017-04-24 13:00:00,14900.0,15000.0,14700.0,14700.0,70343.0,A007820
948,2017-04-24 15:00:00,14700.0,14850.0,14700.0,14800.0,20790.0,A007820
949,2017-04-25 09:00:00,15350.0,15450.0,15300.0,15450.0,32523.0,A007820
950,2017-04-25 11:00:00,15000.0,15450.0,15000.0,15350.0,113126.0,A007820
951,2017-04-25 13:00:00,14700.0,15050.0,14600.0,15000.0,49040.0,A007820
952,2017-04-25 15:00:00,14950.0,14950.0,14550.0,14700.0,71131.0,A007820
953,2017-04-26 09:00:00,15450.0,15500.0,15000.0,15250.0,92921.0,A007820
954,2017-04-26 11:00:00,15200.0,15250.0,15100.0,15200.0,21814.0,A007820
955,2017-04-26 13:00:00,15150.0,15250.0,15100.0,15200.0,32274.0,A007820
956,2017-04-26 15:00:00,15250.0,15250.0,15150.0,15200.0,39883.0,A007820
957,2017-04-27 09:00:00,15300.0,15550.0,15150.0,15350.0,63766.0,A007820
958,2017-04-27 11:00:00,15300.0,15350.0,15200.0,15200.0,15676.0,A007820
959,2017-04-27 13:00:00,15200.0,15300.0,15100.0,15100.0,31661.0,A007820
960,2017-04-27 15:00:00,15100.0,15250.0,15100.0,15250.0,12987.0,A007820
961,2017-04-28 09:00:00,15250.0,15250.0,14850.0,14850.0,64619.0,A007820
962,2017-04-28 11:00:00,14850.0,14900.0,14700.0,14750.0,54324.0,A007820
963,2017-04-28 13:00:00,14700.0,14850.0,14700.0,14750.0,57345.0,A007820
964,2017-04-28 15:00:00,14750.0,14800.0,14700.0,14700.0,33227.0,A007820
965,2017-05-02 09:00:00,15050.0,15100.0,14950.0,15050.0,26389.0,A007820
966,2017-05-02 11:00:00,14800.0,15050.0,14700.0,15050.0,44248.0,A007820
967,2017-05-02 13:00:00,14500.0,14700.0,14300.0,14600.0,87282.0,A007820
968,2017-05-02 15:00:00,14600.0,14850.0,14550.0,14800.0,26159.0,A007820
969,2017-05-04 09:00:00,15200.0,15500.0,14900.0,15450.0,84234.0,A007820
970,2017-05-04 11:00:00,15400.0,15400.0,15200.0,15300.0,23077.0,A007820
971,2017-05-04 13:00:00,15250.0,15400.0,15150.0,15150.0,18970.0,A007820
972,2017-05-04 15:00:00,15150.0,15250.0,15150.0,15150.0,15164.0,A007820
973,2017-05-08 09:00:00,15350.0,15700.0,15150.0,15650.0,173302.0,A007820
974,2017-05-08 11:00:00,15650.0,15700.0,15600.0,15650.0,26724.0,A007820
975,2017-05-08 13:00:00,15650.0,15750.0,15650.0,15750.0,59036.0,A007820
976,2017-05-08 15:00:00,15700.0,15750.0,15650.0,15700.0,20372.0,A007820
977,2017-05-10 09:00:00,15750.0,16750.0,15450.0,16450.0,266874.0,A007820
978,2017-05-10 11:00:00,16450.0,16550.0,16300.0,16500.0,92732.0,A007820
979,2017-05-10 13:00:00,16500.0,16700.0,16400.0,16700.0,119004.0,A007820
980,2017-05-10 15:00:00,16700.0,16700.0,16500.0,16700.0,21938.0,A007820
981,2017-05-11 09:00:00,16700.0,16750.0,16500.0,16550.0,66222.0,A007820
982,2017-05-11 11:00:00,16550.0,16650.0,16550.0,16600.0,16342.0,A007820
983,2017-05-11 13:00:00,16550.0,16950.0,16350.0,16700.0,134864.0,A007820
984,2017-05-11 15:00:00,16700.0,16750.0,16550.0,16700.0,57453.0,A007820
985,2017-05-12 09:00:00,16500.0,16950.0,16400.0,16950.0,95923.0,A007820
986,2017-05-12 11:00:00,16950.0,17100.0,16850.0,17100.0,112592.0,A007820
987,2017-05-12 13:00:00,17100.0,17100.0,16950.0,17100.0,72462.0,A007820
988,2017-05-12 15:00:00,17100.0,17100.0,17000.0,17000.0,19969.0,A007820
989,2017-05-15 09:00:00,16500.0,16600.0,16400.0,16500.0,59228.0,A007820
990,2017-05-15 11:00:00,16450.0,16600.0,16450.0,16550.0,22413.0,A007820
991,2017-05-15 13:00:00,17150.0,17200.0,16450.0,16700.0,136813.0,A007820
992,2017-05-15 15:00:00,16650.0,16700.0,16450.0,16500.0,66822.0,A007820
993,2017-05-16 09:00:00,16250.0,17000.0,16100.0,16950.0,250606.0,A007820
994,2017-05-16 11:00:00,16950.0,17050.0,16850.0,16900.0,75236.0,A007820
995,2017-05-16 13:00:00,16900.0,16950.0,16800.0,16900.0,47304.0,A007820
996,2017-05-16 15:00:00,16900.0,16950.0,16850.0,16900.0,19579.0,A007820
997,2017-05-17 09:00:00,17100.0,17700.0,16800.0,17500.0,254188.0,A007820
998,2017-05-17 11:00:00,17550.0,17700.0,17400.0,17700.0,79537.0,A007820
999,2017-05-17 13:00:00,17700.0,17900.0,17650.0,17700.0,148718.0,A007820
1000,2017-05-17 15:00:00,17700.0,17800.0,17550.0,17700.0,46174.0,A007820
1001,2017-05-18 09:00:00,17600.0,17650.0,17500.0,17650.0,36241.0,A007820
1002,2017-05-18 11:00:00,17700.0,17800.0,17550.0,17550.0,49877.0,A007820
1003,2017-05-18 13:00:00,17400.0,17750.0,17400.0,17650.0,59110.0,A007820
1004,2017-05-18 15:00:00,17650.0,17800.0,17600.0,17650.0,30864.0,A007820
1005,2017-05-19 09:00:00,17700.0,17800.0,17350.0,17500.0,57503.0,A007820
1006,2017-05-19 11:00:00,17500.0,17600.0,17350.0,17350.0,33540.0,A007820
1007,2017-05-19 13:00:00,17350.0,17550.0,17250.0,17350.0,50707.0,A007820
1008,2017-05-19 15:00:00,17400.0,17500.0,17350.0,17400.0,24098.0,A007820
1009,2017-05-22 09:00:00,17550.0,17700.0,16600.0,16850.0,224790.0,A007820
1010,2017-05-22 11:00:00,16800.0,17150.0,16800.0,17050.0,48885.0,A007820
1011,2017-05-22 13:00:00,17100.0,17150.0,16900.0,17000.0,53840.0,A007820
1012,2017-05-22 15:00:00,16950.0,17100.0,16950.0,17000.0,26452.0,A007820
1013,2017-05-23 09:00:00,17050.0,17200.0,16900.0,16900.0,61063.0,A007820
1014,2017-05-23 11:00:00,16900.0,17200.0,16900.0,17150.0,46663.0,A007820
1015,2017-05-23 13:00:00,17150.0,17400.0,17150.0,17250.0,58655.0,A007820
1016,2017-05-23 15:00:00,17300.0,17300.0,17050.0,17150.0,26786.0,A007820
1017,2017-05-24 09:00:00,17300.0,17350.0,17150.0,17300.0,40790.0,A007820
1018,2017-05-24 11:00:00,17250.0,17400.0,17250.0,17300.0,26140.0,A007820
1019,2017-05-24 13:00:00,17400.0,17800.0,17100.0,17100.0,123002.0,A007820
1020,2017-05-24 15:00:00,17150.0,17350.0,17150.0,17300.0,41008.0,A007820
1021,2017-05-25 09:00:00,17250.0,17250.0,16750.0,16950.0,135301.0,A007820
1022,2017-05-25 11:00:00,16900.0,17050.0,16850.0,16850.0,35279.0,A007820
1023,2017-05-25 13:00:00,16850.0,16950.0,16700.0,16750.0,77288.0,A007820
1024,2017-05-25 15:00:00,16750.0,16850.0,16750.0,16850.0,23445.0,A007820
1025,2017-05-26 09:00:00,16900.0,17250.0,16700.0,17150.0,51310.0,A007820
1026,2017-05-26 11:00:00,17150.0,17200.0,17000.0,17200.0,16361.0,A007820
1027,2017-05-26 13:00:00,17200.0,17300.0,17100.0,17150.0,28654.0,A007820
1028,2017-05-26 15:00:00,17150.0,17200.0,17100.0,17200.0,7517.0,A007820
1029,2017-05-29 09:00:00,17050.0,17100.0,17000.0,17100.0,5181.0,A007820
1030,2017-05-29 11:00:00,17250.0,17400.0,16850.0,17200.0,90691.0,A007820
1031,2017-05-29 13:00:00,17200.0,17200.0,17050.0,17050.0,27294.0,A007820
1032,2017-05-29 15:00:00,17050.0,17150.0,16950.0,17000.0,26242.0,A007820
1033,2017-05-30 09:00:00,17150.0,18000.0,17150.0,17850.0,275960.0,A007820
1034,2017-05-30 11:00:00,17850.0,18050.0,17650.0,18050.0,118405.0,A007820
1035,2017-05-30 13:00:00,18000.0,18150.0,17800.0,18150.0,77344.0,A007820
1036,2017-05-30 15:00:00,18100.0,18250.0,18100.0,18200.0,42338.0,A007820
1037,2017-05-31 09:00:00,17800.0,18100.0,17750.0,18100.0,45606.0,A007820
1038,2017-05-31 11:00:00,18050.0,18200.0,17950.0,18150.0,23010.0,A007820
1039,2017-05-31 13:00:00,18100.0,18150.0,17650.0,17700.0,133543.0,A007820
1040,2017-05-31 15:00:00,17700.0,17900.0,17700.0,17850.0,43798.0,A007820
1041,2017-06-01 09:00:00,18250.0,18250.0,18100.0,18150.0,29381.0,A007820
1042,2017-06-01 11:00:00,18150.0,18250.0,18050.0,18100.0,53082.0,A007820
1043,2017-06-01 13:00:00,18150.0,18150.0,18050.0,18150.0,19826.0,A007820
1044,2017-06-01 15:00:00,18150.0,18250.0,17850.0,18250.0,70713.0,A007820
1045,2017-06-02 09:00:00,18100.0,18100.0,17900.0,18000.0,60732.0,A007820
1046,2017-06-02 11:00:00,18000.0,18150.0,17900.0,17900.0,47383.0,A007820
1047,2017-06-02 13:00:00,17900.0,17950.0,17600.0,17650.0,89525.0,A007820
1048,2017-06-02 15:00:00,17650.0,17800.0,17650.0,17800.0,27239.0,A007820
1049,2017-06-05 09:00:00,17750.0,17800.0,17700.0,17800.0,13591.0,A007820
1050,2017-06-05 11:00:00,17900.0,17950.0,17750.0,17800.0,19452.0,A007820
1051,2017-06-05 13:00:00,17800.0,17850.0,17650.0,17750.0,31828.0,A007820
1052,2017-06-05 15:00:00,17800.0,18100.0,17500.0,17900.0,129359.0,A007820
1053,2017-06-07 09:00:00,17700.0,18300.0,17550.0,18200.0,104001.0,A007820
1054,2017-06-07 11:00:00,18150.0,18250.0,18000.0,18100.0,36723.0,A007820
1055,2017-06-07 13:00:00,18050.0,18100.0,18000.0,18050.0,27229.0,A007820
1056,2017-06-07 15:00:00,18050.0,18150.0,18050.0,18050.0,15024.0,A007820
1057,2017-06-08 09:00:00,17950.0,18000.0,17900.0,18000.0,7728.0,A007820
1058,2017-06-08 11:00:00,17900.0,18000.0,17850.0,17950.0,33219.0,A007820
1059,2017-06-08 13:00:00,18150.0,18150.0,17800.0,17950.0,56338.0,A007820
1060,2017-06-08 15:00:00,17950.0,18000.0,17900.0,17900.0,11480.0,A007820
1061,2017-06-09 09:00:00,17850.0,18050.0,17650.0,17800.0,69139.0,A007820
1062,2017-06-09 11:00:00,17850.0,17850.0,17700.0,17850.0,18316.0,A007820
1063,2017-06-09 13:00:00,17850.0,17850.0,17600.0,17750.0,69529.0,A007820
1064,2017-06-09 15:00:00,17700.0,17800.0,17700.0,17800.0,11801.0,A007820
1065,2017-06-12 09:00:00,17650.0,17750.0,17250.0,17350.0,86502.0,A007820
1066,2017-06-12 11:00:00,17400.0,17600.0,17200.0,17550.0,32521.0,A007820
1067,2017-06-12 13:00:00,17550.0,17650.0,17400.0,17550.0,28615.0,A007820
1068,2017-06-12 15:00:00,17550.0,17750.0,17550.0,17700.0,18592.0,A007820
1069,2017-06-13 09:00:00,17700.0,17700.0,17600.0,17650.0,7679.0,A007820
1070,2017-06-13 11:00:00,17700.0,17850.0,17550.0,17700.0,46167.0,A007820
1071,2017-06-13 13:00:00,17650.0,17800.0,17650.0,17800.0,21295.0,A007820
1072,2017-06-13 15:00:00,17750.0,17800.0,17450.0,17700.0,39694.0,A007820
1073,2017-06-14 09:00:00,17800.0,18450.0,17750.0,18300.0,175731.0,A007820
1074,2017-06-14 11:00:00,18300.0,18600.0,18250.0,18450.0,139907.0,A007820
1075,2017-06-14 13:00:00,18450.0,18500.0,18300.0,18300.0,54402.0,A007820
1076,2017-06-14 15:00:00,18300.0,18450.0,18250.0,18350.0,31093.0,A007820
1077,2017-06-15 09:00:00,18300.0,18300.0,18100.0,18100.0,9564.0,A007820
1078,2017-06-15 11:00:00,18000.0,18300.0,17900.0,18300.0,56480.0,A007820
1079,2017-06-15 13:00:00,18350.0,18350.0,17700.0,17900.0,94676.0,A007820
1080,2017-06-15 15:00:00,17900.0,18050.0,17800.0,18000.0,19792.0,A007820
1081,2017-06-16 09:00:00,18150.0,18150.0,18050.0,18100.0,12703.0,A007820
1082,2017-06-16 11:00:00,18050.0,18100.0,17950.0,18100.0,17969.0,A007820
1083,2017-06-16 13:00:00,18100.0,18300.0,17900.0,18150.0,44065.0,A007820
1084,2017-06-16 15:00:00,18100.0,18100.0,17950.0,18000.0,17665.0,A007820
1085,2017-06-19 09:00:00,18000.0,18400.0,17850.0,18100.0,75073.0,A007820
1086,2017-06-19 11:00:00,18100.0,18150.0,17950.0,18100.0,29611.0,A007820
1087,2017-06-19 13:00:00,18100.0,18100.0,17950.0,18000.0,17661.0,A007820
1088,2017-06-19 15:00:00,17950.0,18000.0,17750.0,17750.0,28855.0,A007820
1089,2017-06-20 09:00:00,17750.0,17750.0,16400.0,16950.0,326555.0,A007820
1090,2017-06-20 11:00:00,17000.0,17300.0,16950.0,17000.0,51028.0,A007820
1091,2017-06-20 13:00:00,17050.0,17200.0,16900.0,17000.0,56513.0,A007820
1092,2017-06-20 15:00:00,17050.0,17050.0,16950.0,16950.0,18326.0,A007820
1093,2017-06-21 09:00:00,16950.0,17200.0,16400.0,17100.0,66754.0,A007820
1094,2017-06-21 11:00:00,17100.0,17100.0,16850.0,16900.0,19731.0,A007820
1095,2017-06-21 13:00:00,16900.0,17100.0,16800.0,16900.0,21991.0,A007820
1096,2017-06-21 15:00:00,16900.0,16950.0,16800.0,16850.0,8184.0,A007820
1097,2017-06-22 09:00:00,17350.0,17500.0,17200.0,17300.0,50195.0,A007820
1098,2017-06-22 11:00:00,17300.0,17350.0,17150.0,17150.0,24760.0,A007820
1099,2017-06-22 13:00:00,16750.0,17800.0,16750.0,17700.0,174178.0,A007820
1100,2017-06-22 15:00:00,17700.0,17750.0,17250.0,17400.0,94854.0,A007820
1101,2017-06-23 09:00:00,17300.0,17550.0,16900.0,16950.0,77876.0,A007820
1102,2017-06-23 11:00:00,17000.0,17050.0,16800.0,16900.0,35873.0,A007820
1103,2017-06-23 13:00:00,16950.0,17150.0,16900.0,17100.0,18457.0,A007820
1104,2017-06-23 15:00:00,17050.0,17150.0,17050.0,17150.0,14196.0,A007820
1105,2017-06-26 09:00:00,17000.0,17300.0,16750.0,17100.0,67553.0,A007820
1106,2017-06-26 11:00:00,17100.0,17100.0,16900.0,16950.0,16598.0,A007820
1107,2017-06-26 13:00:00,16950.0,17000.0,16700.0,16750.0,56773.0,A007820
1108,2017-06-26 15:00:00,16750.0,16800.0,16600.0,16800.0,13015.0,A007820
1109,2017-06-27 09:00:00,16850.0,17000.0,16850.0,16950.0,10165.0,A007820
1110,2017-06-27 11:00:00,16650.0,16900.0,16550.0,16650.0,50465.0,A007820
1111,2017-06-27 13:00:00,16650.0,16750.0,16500.0,16650.0,47207.0,A007820
1112,2017-06-27 15:00:00,16650.0,16900.0,16550.0,16850.0,34295.0,A007820
1113,2017-06-28 09:00:00,16700.0,17250.0,16700.0,17200.0,45163.0,A007820
1114,2017-06-28 11:00:00,17200.0,17200.0,16800.0,16900.0,31146.0,A007820
1115,2017-06-28 13:00:00,16900.0,17000.0,16650.0,16850.0,39468.0,A007820
1116,2017-06-28 15:00:00,16750.0,16900.0,16700.0,16800.0,12939.0,A007820
1117,2017-06-29 09:00:00,17150.0,17200.0,17100.0,17100.0,9358.0,A007820
1118,2017-06-29 11:00:00,17200.0,17200.0,16900.0,17150.0,28533.0,A007820
1119,2017-06-29 13:00:00,16950.0,17500.0,16950.0,17200.0,167612.0,A007820
1120,2017-06-29 15:00:00,17100.0,17200.0,17000.0,17200.0,22333.0,A007820
1121,2017-06-30 09:00:00,16900.0,17000.0,16600.0,16750.0,110524.0,A007820
1122,2017-06-30 11:00:00,16700.0,16800.0,16650.0,16800.0,17864.0,A007820
1123,2017-06-30 13:00:00,16800.0,16850.0,16550.0,16800.0,59114.0,A007820
1124,2017-06-30 15:00:00,16800.0,16900.0,16800.0,16900.0,10790.0,A007820
1125,2017-07-03 09:00:00,16800.0,17600.0,16800.0,17400.0,229082.0,A007820
1126,2017-07-03 11:00:00,17400.0,17500.0,16950.0,17100.0,53585.0,A007820
1127,2017-07-03 13:00:00,17100.0,17200.0,16850.0,17100.0,54696.0,A007820
1128,2017-07-03 15:00:00,17050.0,17100.0,17000.0,17000.0,10530.0,A007820
1129,2017-07-04 09:00:00,16550.0,16700.0,16550.0,16650.0,10163.0,A007820
1130,2017-07-04 11:00:00,16900.0,17250.0,16600.0,16750.0,94271.0,A007820
1131,2017-07-04 13:00:00,16750.0,16800.0,16600.0,16700.0,37888.0,A007820
1132,2017-07-04 15:00:00,16750.0,16750.0,16500.0,16550.0,75688.0,A007820
1133,2017-07-05 09:00:00,16700.0,16700.0,16400.0,16550.0,54151.0,A007820
1134,2017-07-05 11:00:00,16550.0,16550.0,16250.0,16300.0,43988.0,A007820
1135,2017-07-05 13:00:00,16300.0,16650.0,16100.0,16550.0,92105.0,A007820
1136,2017-07-05 15:00:00,16550.0,16800.0,16550.0,16800.0,37284.0,A007820
1137,2017-07-06 09:00:00,16300.0,16350.0,16200.0,16250.0,28972.0,A007820
1138,2017-07-06 11:00:00,16850.0,16850.0,16350.0,16350.0,50522.0,A007820
1139,2017-07-06 13:00:00,16350.0,16400.0,16200.0,16300.0,41767.0,A007820
1140,2017-07-06 15:00:00,16300.0,16450.0,16250.0,16300.0,49116.0,A007820
1141,2017-07-07 09:00:00,16050.0,16400.0,16000.0,16250.0,50097.0,A007820
1142,2017-07-07 11:00:00,16250.0,16350.0,16150.0,16300.0,16814.0,A007820
1143,2017-07-07 13:00:00,16250.0,16350.0,16150.0,16250.0,25227.0,A007820
1144,2017-07-07 15:00:00,16200.0,16300.0,16200.0,16300.0,5904.0,A007820
1145,2017-07-10 09:00:00,16300.0,16350.0,15850.0,16000.0,48654.0,A007820
1146,2017-07-10 11:00:00,15950.0,16000.0,15850.0,15850.0,25011.0,A007820
1147,2017-07-10 13:00:00,15850.0,16100.0,15800.0,15850.0,41089.0,A007820
1148,2017-07-10 15:00:00,15850.0,15950.0,15800.0,15900.0,13743.0,A007820
1149,2017-07-11 09:00:00,15800.0,16200.0,15800.0,16000.0,38464.0,A007820
1150,2017-07-11 11:00:00,16000.0,16100.0,16000.0,16050.0,24097.0,A007820
1151,2017-07-11 13:00:00,16000.0,16550.0,16000.0,16200.0,88484.0,A007820
1152,2017-07-11 15:00:00,16200.0,16350.0,16150.0,16350.0,8674.0,A007820
1153,2017-07-12 09:00:00,16300.0,16350.0,16250.0,16250.0,3756.0,A007820
1154,2017-07-12 11:00:00,16350.0,16400.0,16250.0,16300.0,14850.0,A007820
1155,2017-07-12 13:00:00,16200.0,16450.0,16150.0,16350.0,36135.0,A007820
1156,2017-07-12 15:00:00,16350.0,16400.0,16300.0,16300.0,8229.0,A007820
1157,2017-07-13 09:00:00,16900.0,16950.0,16850.0,16900.0,16805.0,A007820
1158,2017-07-13 11:00:00,16900.0,17000.0,16800.0,16950.0,22781.0,A007820
1159,2017-07-13 13:00:00,16950.0,17000.0,16900.0,17000.0,8709.0,A007820
1160,2017-07-13 15:00:00,16500.0,17150.0,16350.0,16950.0,146288.0,A007820
1161,2017-07-14 09:00:00,17050.0,17050.0,16500.0,16650.0,39834.0,A007820
1162,2017-07-14 11:00:00,16700.0,16800.0,16550.0,16600.0,56142.0,A007820
1163,2017-07-14 13:00:00,16600.0,16650.0,16450.0,16500.0,24796.0,A007820
1164,2017-07-14 15:00:00,16450.0,16600.0,16450.0,16450.0,11823.0,A007820
1165,2017-07-17 09:00:00,17250.0,17400.0,17200.0,17400.0,48788.0,A007820
1166,2017-07-17 11:00:00,16950.0,17150.0,16800.0,17100.0,62090.0,A007820
1167,2017-07-17 13:00:00,17100.0,17400.0,17050.0,17200.0,129220.0,A007820
1168,2017-07-17 15:00:00,16750.0,17000.0,16500.0,16950.0,47217.0,A007820
1169,2017-07-18 09:00:00,17500.0,17550.0,17050.0,17400.0,80898.0,A007820
1170,2017-07-18 11:00:00,17400.0,17400.0,17200.0,17350.0,30331.0,A007820
1171,2017-07-18 13:00:00,17350.0,17350.0,17150.0,17300.0,23665.0,A007820
1172,2017-07-18 15:00:00,17300.0,17500.0,17300.0,17450.0,23734.0,A007820
1173,2017-07-19 09:00:00,17150.0,17200.0,17050.0,17200.0,21138.0,A007820
1174,2017-07-19 11:00:00,17150.0,17200.0,17050.0,17150.0,27001.0,A007820
1175,2017-07-19 13:00:00,17500.0,17500.0,17000.0,17200.0,41799.0,A007820
1176,2017-07-19 15:00:00,17200.0,17250.0,17100.0,17150.0,17301.0,A007820
1177,2017-07-20 09:00:00,17200.0,17200.0,16800.0,16850.0,95712.0,A007820
1178,2017-07-20 11:00:00,16800.0,16900.0,16750.0,16900.0,25984.0,A007820
1179,2017-07-20 13:00:00,16900.0,17000.0,16750.0,17000.0,28765.0,A007820
1180,2017-07-20 15:00:00,16950.0,17100.0,16850.0,17100.0,16141.0,A007820
1181,2017-07-21 09:00:00,17150.0,17250.0,16950.0,17000.0,26305.0,A007820
1182,2017-07-21 11:00:00,16950.0,17000.0,16950.0,17000.0,6395.0,A007820
1183,2017-07-21 13:00:00,17000.0,17100.0,16950.0,17050.0,21414.0,A007820
1184,2017-07-21 15:00:00,17000.0,17050.0,16950.0,17050.0,7604.0,A007820
1185,2017-07-24 09:00:00,17500.0,17550.0,17450.0,17500.0,22640.0,A007820
1186,2017-07-24 11:00:00,17250.0,17250.0,16800.0,17050.0,32877.0,A007820
1187,2017-07-24 13:00:00,17050.0,17550.0,17050.0,17450.0,97999.0,A007820
1188,2017-07-24 15:00:00,17450.0,17550.0,17200.0,17500.0,59918.0,A007820
1189,2017-07-25 09:00:00,17500.0,18250.0,17450.0,17850.0,305591.0,A007820
1190,2017-07-25 11:00:00,17800.0,17850.0,17500.0,17750.0,49141.0,A007820
1191,2017-07-25 13:00:00,17750.0,17800.0,17500.0,17500.0,31443.0,A007820
1192,2017-07-25 15:00:00,17500.0,17550.0,17450.0,17450.0,31238.0,A007820
1193,2017-07-26 09:00:00,17000.0,17100.0,17000.0,17000.0,12814.0,A007820
1194,2017-07-26 11:00:00,17550.0,17700.0,17000.0,17100.0,72639.0,A007820
1195,2017-07-26 13:00:00,17150.0,17150.0,17000.0,17100.0,17441.0,A007820
1196,2017-07-26 15:00:00,17050.0,17200.0,17000.0,17000.0,24917.0,A007820
1197,2017-07-27 09:00:00,17150.0,17450.0,16950.0,17150.0,47174.0,A007820
1198,2017-07-27 11:00:00,17150.0,17200.0,17100.0,17100.0,12532.0,A007820
1199,2017-07-27 13:00:00,17100.0,17400.0,17100.0,17350.0,39387.0,A007820
1200,2017-07-27 15:00:00,17350.0,17700.0,17350.0,17700.0,57820.0,A007820
1201,2017-07-28 09:00:00,17700.0,17700.0,17300.0,17350.0,63809.0,A007820
1202,2017-07-28 11:00:00,17300.0,17350.0,17100.0,17150.0,28974.0,A007820
1203,2017-07-28 13:00:00,17150.0,17300.0,17000.0,17050.0,29162.0,A007820
1204,2017-07-28 15:00:00,17100.0,17150.0,17050.0,17050.0,5899.0,A007820
1205,2017-07-31 09:00:00,16950.0,17050.0,16900.0,17050.0,9172.0,A007820
1206,2017-07-31 11:00:00,16950.0,17200.0,16750.0,16950.0,48086.0,A007820
1207,2017-07-31 13:00:00,16950.0,17000.0,16850.0,16950.0,10644.0,A007820
1208,2017-07-31 15:00:00,16900.0,17000.0,16850.0,17000.0,10754.0,A007820
1209,2017-08-01 09:00:00,16900.0,17450.0,16800.0,17350.0,48996.0,A007820
1210,2017-08-01 11:00:00,17350.0,17350.0,17250.0,17300.0,16967.0,A007820
1211,2017-08-01 13:00:00,17300.0,17300.0,17050.0,17100.0,13147.0,A007820
1212,2017-08-01 15:00:00,17100.0,17200.0,16950.0,17200.0,13470.0,A007820
1213,2017-08-02 09:00:00,17250.0,17300.0,17200.0,17250.0,5315.0,A007820
1214,2017-08-02 11:00:00,17150.0,17350.0,17050.0,17250.0,39251.0,A007820
1215,2017-08-02 13:00:00,17200.0,17350.0,17100.0,17300.0,13162.0,A007820
1216,2017-08-02 15:00:00,17350.0,17350.0,17150.0,17300.0,21556.0,A007820
1217,2017-08-03 09:00:00,17200.0,17350.0,16550.0,16600.0,90007.0,A007820
1218,2017-08-03 11:00:00,16550.0,16650.0,16150.0,16650.0,57303.0,A007820
1219,2017-08-03 13:00:00,16600.0,16650.0,16350.0,16350.0,40117.0,A007820
1220,2017-08-03 15:00:00,16350.0,16550.0,16300.0,16300.0,13829.0,A007820
1221,2017-08-04 09:00:00,16400.0,16750.0,16250.0,16400.0,30234.0,A007820
1222,2017-08-04 11:00:00,16450.0,16500.0,16200.0,16250.0,12734.0,A007820
1223,2017-08-04 13:00:00,16250.0,16400.0,16150.0,16200.0,25541.0,A007820
1224,2017-08-04 15:00:00,16150.0,16250.0,16150.0,16250.0,3124.0,A007820
1225,2017-08-07 09:00:00,16050.0,16650.0,16050.0,16450.0,28776.0,A007820
1226,2017-08-07 11:00:00,16450.0,16450.0,16300.0,16400.0,7155.0,A007820
1227,2017-08-07 13:00:00,16400.0,16400.0,16100.0,16250.0,20276.0,A007820
1228,2017-08-07 15:00:00,16300.0,16300.0,16200.0,16300.0,3210.0,A007820
1229,2017-08-08 09:00:00,16350.0,16400.0,16300.0,16400.0,6263.0,A007820
1230,2017-08-08 11:00:00,16350.0,16450.0,16300.0,16350.0,7116.0,A007820
1231,2017-08-08 13:00:00,16300.0,16600.0,16300.0,16400.0,14723.0,A007820
1232,2017-08-08 15:00:00,16400.0,16500.0,16300.0,16300.0,7895.0,A007820
1233,2017-08-09 09:00:00,16250.0,16300.0,16150.0,16200.0,4991.0,A007820
1234,2017-08-09 11:00:00,16450.0,16600.0,16250.0,16550.0,12331.0,A007820
1235,2017-08-09 13:00:00,16300.0,16400.0,16150.0,16250.0,19398.0,A007820
1236,2017-08-09 15:00:00,16200.0,16600.0,16150.0,16500.0,34567.0,A007820
1237,2017-08-10 09:00:00,16400.0,16450.0,16300.0,16400.0,6698.0,A007820
1238,2017-08-10 11:00:00,16550.0,16700.0,16300.0,16450.0,25774.0,A007820
1239,2017-08-10 13:00:00,16450.0,16450.0,16100.0,16200.0,49561.0,A007820
1240,2017-08-10 15:00:00,16150.0,16450.0,16150.0,16400.0,37920.0,A007820
1241,2017-08-11 09:00:00,16000.0,16050.0,15850.0,16000.0,28948.0,A007820
1242,2017-08-11 11:00:00,15950.0,15950.0,15800.0,15800.0,19785.0,A007820
1243,2017-08-11 13:00:00,16000.0,16200.0,15850.0,16000.0,56775.0,A007820
1244,2017-08-11 15:00:00,16050.0,16100.0,15900.0,15950.0,25224.0,A007820
1245,2017-08-14 09:00:00,15950.0,16200.0,15550.0,15750.0,31658.0,A007820
1246,2017-08-14 11:00:00,15750.0,15750.0,15400.0,15500.0,40858.0,A007820
1247,2017-08-14 13:00:00,15500.0,15600.0,15350.0,15450.0,33012.0,A007820
1248,2017-08-14 15:00:00,15450.0,15500.0,15350.0,15400.0,13901.0,A007820
1249,2017-08-16 09:00:00,15400.0,16400.0,15400.0,16400.0,114772.0,A007820
1250,2017-08-16 11:00:00,16450.0,16550.0,16350.0,16550.0,60425.0,A007820
1251,2017-08-16 13:00:00,16550.0,16550.0,16400.0,16400.0,7372.0,A007820
1252,2017-08-16 15:00:00,16400.0,16450.0,16300.0,16450.0,42662.0,A007820
1253,2017-08-17 09:00:00,16400.0,16500.0,16050.0,16350.0,28816.0,A007820
1254,2017-08-17 11:00:00,16300.0,16400.0,16300.0,16300.0,7438.0,A007820
1255,2017-08-17 13:00:00,16300.0,16550.0,16250.0,16450.0,17912.0,A007820
1256,2017-08-17 15:00:00,16450.0,16450.0,16350.0,16350.0,3489.0,A007820
1257,2017-08-18 09:00:00,16600.0,16650.0,16600.0,16650.0,4893.0,A007820
1258,2017-08-18 11:00:00,16350.0,16500.0,16350.0,16500.0,30823.0,A007820
1259,2017-08-18 13:00:00,16100.0,16500.0,16050.0,16400.0,35476.0,A007820
1260,2017-08-18 15:00:00,16500.0,16850.0,16450.0,16650.0,62572.0,A007820
1261,2017-08-21 09:00:00,16650.0,16800.0,16400.0,16550.0,32190.0,A007820
1262,2017-08-21 11:00:00,16550.0,16600.0,16500.0,16600.0,6709.0,A007820
1263,2017-08-21 13:00:00,16600.0,16650.0,16500.0,16500.0,16392.0,A007820
1264,2017-08-21 15:00:00,16500.0,16550.0,16450.0,16450.0,8037.0,A007820
1265,2017-08-22 09:00:00,16600.0,16600.0,16300.0,16350.0,37767.0,A007820
1266,2017-08-22 11:00:00,16350.0,16400.0,16300.0,16300.0,9979.0,A007820
1267,2017-08-22 13:00:00,16300.0,16350.0,16100.0,16150.0,27582.0,A007820
1268,2017-08-22 15:00:00,16150.0,16300.0,16150.0,16300.0,8276.0,A007820
1269,2017-08-23 09:00:00,16300.0,16800.0,16200.0,16800.0,65760.0,A007820
1270,2017-08-23 11:00:00,16800.0,17000.0,16750.0,16950.0,93385.0,A007820
1271,2017-08-23 13:00:00,16950.0,17200.0,16850.0,17000.0,65832.0,A007820
1272,2017-08-23 15:00:00,16950.0,17000.0,16900.0,16950.0,16070.0,A007820
1273,2017-08-24 09:00:00,17050.0,17050.0,16900.0,16950.0,14783.0,A007820
1274,2017-08-24 11:00:00,16900.0,16950.0,16850.0,16900.0,9113.0,A007820
1275,2017-08-24 13:00:00,16800.0,17350.0,16800.0,17150.0,79006.0,A007820
1276,2017-08-24 15:00:00,17150.0,17150.0,16900.0,17050.0,15072.0,A007820
1277,2017-08-25 09:00:00,16900.0,16950.0,16600.0,16600.0,38701.0,A007820
1278,2017-08-25 11:00:00,16600.0,16700.0,16400.0,16400.0,48733.0,A007820
1279,2017-08-25 13:00:00,16400.0,16800.0,16400.0,16700.0,53031.0,A007820
1280,2017-08-25 15:00:00,16600.0,16750.0,16600.0,16600.0,9177.0,A007820
1281,2017-08-28 09:00:00,16500.0,16900.0,16500.0,16750.0,21698.0,A007820
1282,2017-08-28 11:00:00,16750.0,16800.0,16700.0,16700.0,5811.0,A007820
1283,2017-08-28 13:00:00,16700.0,16700.0,16550.0,16600.0,10687.0,A007820
1284,2017-08-28 15:00:00,16600.0,16800.0,16600.0,16800.0,7846.0,A007820
1285,2017-08-29 09:00:00,16450.0,16600.0,16450.0,16600.0,7247.0,A007820
1286,2017-08-29 11:00:00,16700.0,16700.0,16500.0,16600.0,15370.0,A007820
1287,2017-08-29 13:00:00,16600.0,16600.0,16450.0,16500.0,14267.0,A007820
1288,2017-08-29 15:00:00,16500.0,16550.0,16400.0,16450.0,21831.0,A007820
1289,2017-08-30 09:00:00,16600.0,16950.0,16350.0,16600.0,44986.0,A007820
1290,2017-08-30 11:00:00,16600.0,16750.0,16450.0,16500.0,14253.0,A007820
1291,2017-08-30 13:00:00,16550.0,16950.0,16500.0,16900.0,32309.0,A007820
1292,2017-08-30 15:00:00,16850.0,16850.0,16750.0,16850.0,9044.0,A007820
1293,2017-08-31 09:00:00,16550.0,16700.0,16550.0,16550.0,11902.0,A007820
1294,2017-08-31 11:00:00,16750.0,16900.0,16500.0,16600.0,25424.0,A007820
1295,2017-08-31 13:00:00,16650.0,16700.0,16500.0,16700.0,6533.0,A007820
1296,2017-08-31 15:00:00,16700.0,16700.0,16550.0,16650.0,14951.0,A007820
1297,2017-09-01 09:00:00,16700.0,16700.0,16400.0,16650.0,25463.0,A007820
1298,2017-09-01 11:00:00,16650.0,16750.0,16650.0,16700.0,21399.0,A007820
1299,2017-09-01 13:00:00,16700.0,17250.0,16700.0,17150.0,131056.0,A007820
1300,2017-09-01 15:00:00,17200.0,17200.0,17100.0,17150.0,16169.0,A007820
1301,2017-09-04 09:00:00,16700.0,17150.0,16550.0,17100.0,110174.0,A007820
1302,2017-09-04 11:00:00,17050.0,17100.0,16850.0,16850.0,26803.0,A007820
1303,2017-09-04 13:00:00,16850.0,17500.0,16850.0,17500.0,151382.0,A007820
1304,2017-09-04 15:00:00,17500.0,17600.0,17250.0,17350.0,61399.0,A007820
1305,2017-09-05 09:00:00,16300.0,16500.0,15450.0,15900.0,1034581.0,A007820
1306,2017-09-05 11:00:00,15900.0,15900.0,15700.0,15900.0,124548.0,A007820
1307,2017-09-05 13:00:00,15850.0,16100.0,15650.0,15850.0,221004.0,A007820
1308,2017-09-05 15:00:00,15800.0,15850.0,15550.0,15550.0,120552.0,A007820
1309,2017-09-06 09:00:00,15550.0,15850.0,15550.0,15600.0,154916.0,A007820
1310,2017-09-06 11:00:00,15600.0,15700.0,15550.0,15600.0,35640.0,A007820
1311,2017-09-06 13:00:00,15800.0,16200.0,15650.0,15700.0,425611.0,A007820
1312,2017-09-06 15:00:00,15700.0,15750.0,15400.0,15600.0,119109.0,A007820
1313,2017-09-07 09:00:00,15550.0,15800.0,15300.0,15650.0,120451.0,A007820
1314,2017-09-07 11:00:00,15700.0,15750.0,15550.0,15600.0,42627.0,A007820
1315,2017-09-07 13:00:00,15550.0,15600.0,15150.0,15300.0,195291.0,A007820
1316,2017-09-07 15:00:00,15250.0,15400.0,15200.0,15300.0,51492.0,A007820
1317,2017-09-08 09:00:00,15300.0,15650.0,15300.0,15300.0,169178.0,A007820
1318,2017-09-08 11:00:00,15300.0,15550.0,15300.0,15450.0,25043.0,A007820
1319,2017-09-08 13:00:00,15500.0,15600.0,15300.0,15350.0,60699.0,A007820
1320,2017-09-08 15:00:00,15400.0,15450.0,15300.0,15400.0,6027.0,A007820
1321,2017-09-11 09:00:00,16050.0,16100.0,15950.0,16000.0,26991.0,A007820
1322,2017-09-11 11:00:00,15600.0,16100.0,15500.0,15950.0,235069.0,A007820
1323,2017-09-11 13:00:00,15950.0,16000.0,15850.0,15950.0,25085.0,A007820
1324,2017-09-11 15:00:00,15950.0,16100.0,15800.0,16050.0,81162.0,A007820
1325,2017-09-12 09:00:00,16050.0,16050.0,15600.0,16000.0,138260.0,A007820
1326,2017-09-12 11:00:00,16000.0,16000.0,15750.0,15900.0,57817.0,A007820
1327,2017-09-12 13:00:00,15900.0,15900.0,15700.0,15700.0,44113.0,A007820
1328,2017-09-12 15:00:00,15700.0,15900.0,15700.0,15900.0,8333.0,A007820
1329,2017-09-13 09:00:00,15600.0,15650.0,15500.0,15500.0,11528.0,A007820
1330,2017-09-13 11:00:00,16050.0,16050.0,15400.0,15650.0,125920.0,A007820
1331,2017-09-13 13:00:00,15650.0,15750.0,15300.0,15550.0,81489.0,A007820
1332,2017-09-13 15:00:00,15600.0,15750.0,15500.0,15600.0,67946.0,A007820
1333,2017-09-14 09:00:00,15450.0,15550.0,15350.0,15350.0,47975.0,A007820
1334,2017-09-14 11:00:00,15350.0,15500.0,15100.0,15200.0,76285.0,A007820
1335,2017-09-14 13:00:00,15150.0,15400.0,15150.0,15350.0,46625.0,A007820
1336,2017-09-14 15:00:00,15400.0,15500.0,15250.0,15500.0,14840.0,A007820
1337,2017-09-15 09:00:00,15500.0,15500.0,15150.0,15200.0,80752.0,A007820
1338,2017-09-15 11:00:00,15200.0,15300.0,14800.0,15100.0,166442.0,A007820
1339,2017-09-15 13:00:00,15100.0,15150.0,14700.0,15000.0,93672.0,A007820
1340,2017-09-15 15:00:00,15000.0,15100.0,14900.0,15100.0,22127.0,A007820
1341,2017-09-18 09:00:00,15000.0,15000.0,14200.0,14250.0,264010.0,A007820
1342,2017-09-18 11:00:00,14250.0,14350.0,14150.0,14150.0,89398.0,A007820
1343,2017-09-18 13:00:00,14150.0,14250.0,13800.0,13850.0,160216.0,A007820
1344,2017-09-18 15:00:00,13900.0,14200.0,13850.0,14050.0,106266.0,A007820
1345,2017-09-19 09:00:00,14600.0,14750.0,14500.0,14650.0,77171.0,A007820
1346,2017-09-19 11:00:00,14650.0,14750.0,14600.0,14600.0,19731.0,A007820
1347,2017-09-19 13:00:00,14150.0,14600.0,13950.0,14450.0,175656.0,A007820
1348,2017-09-19 15:00:00,14450.0,14650.0,14400.0,14600.0,88759.0,A007820
1349,2017-09-20 09:00:00,14400.0,14600.0,14350.0,14500.0,29250.0,A007820
1350,2017-09-20 11:00:00,14450.0,14500.0,14150.0,14250.0,72267.0,A007820
1351,2017-09-20 13:00:00,14200.0,14250.0,14050.0,14150.0,26139.0,A007820
1352,2017-09-20 15:00:00,14800.0,14800.0,14100.0,14400.0,62195.0,A007820
1353,2017-09-21 09:00:00,14300.0,14400.0,13600.0,13900.0,97677.0,A007820
1354,2017-09-21 11:00:00,13950.0,14000.0,13800.0,13850.0,26933.0,A007820
1355,2017-09-21 13:00:00,13850.0,14000.0,13600.0,13700.0,56100.0,A007820
1356,2017-09-21 15:00:00,13700.0,13850.0,13650.0,13850.0,24344.0,A007820
1357,2017-09-22 09:00:00,13200.0,13300.0,13150.0,13200.0,41552.0,A007820
1358,2017-09-22 11:00:00,13200.0,13450.0,13150.0,13150.0,40202.0,A007820
1359,2017-09-22 13:00:00,13150.0,13550.0,13150.0,13150.0,63632.0,A007820
1360,2017-09-22 15:00:00,13650.0,13900.0,13150.0,13200.0,152646.0,A007820
1361,2017-09-25 09:00:00,13050.0,13800.0,13050.0,13350.0,91298.0,A007820
1362,2017-09-25 11:00:00,13400.0,13450.0,13100.0,13400.0,39643.0,A007820
1363,2017-09-25 13:00:00,13350.0,13500.0,13250.0,13350.0,39123.0,A007820
1364,2017-09-25 15:00:00,13350.0,13400.0,13200.0,13300.0,11266.0,A007820
1365,2017-09-26 09:00:00,13300.0,13350.0,13250.0,13350.0,10684.0,A007820
1366,2017-09-26 11:00:00,13600.0,13600.0,13300.0,13350.0,33742.0,A007820
1367,2017-09-26 13:00:00,13300.0,13700.0,13150.0,13600.0,85749.0,A007820
1368,2017-09-26 15:00:00,13350.0,13450.0,13250.0,13300.0,24208.0,A007820
1369,2017-09-27 09:00:00,13250.0,13450.0,13150.0,13400.0,19327.0,A007820
1370,2017-09-27 11:00:00,13350.0,13450.0,13150.0,13200.0,30024.0,A007820
1371,2017-09-27 13:00:00,13200.0,13400.0,13150.0,13350.0,24000.0,A007820
1372,2017-09-27 15:00:00,13300.0,13450.0,13300.0,13300.0,12128.0,A007820
1373,2017-09-28 09:00:00,13800.0,13800.0,13650.0,13700.0,16682.0,A007820
1374,2017-09-28 11:00:00,13650.0,13700.0,13650.0,13700.0,13598.0,A007820
1375,2017-09-28 13:00:00,13300.0,14100.0,13300.0,13950.0,145144.0,A007820
1376,2017-09-28 15:00:00,14000.0,14000.0,13700.0,13800.0,30351.0,A007820
1377,2017-09-29 09:00:00,13700.0,13900.0,13550.0,13700.0,22874.0,A007820
1378,2017-09-29 11:00:00,13650.0,13750.0,13550.0,13600.0,27954.0,A007820
1379,2017-09-29 13:00:00,13600.0,14000.0,13500.0,14000.0,65976.0,A007820
1380,2017-09-29 15:00:00,14000.0,14150.0,13900.0,14150.0,25753.0,A007820
1381,2017-10-10 09:00:00,14300.0,14350.0,14050.0,14150.0,44094.0,A007820
1382,2017-10-10 11:00:00,14200.0,14250.0,14150.0,14200.0,20547.0,A007820
1383,2017-10-10 13:00:00,14250.0,14350.0,14100.0,14150.0,49038.0,A007820
1384,2017-10-10 15:00:00,14100.0,14250.0,14100.0,14250.0,7703.0,A007820
1385,2017-10-11 09:00:00,13950.0,14150.0,13950.0,14150.0,18230.0,A007820
1386,2017-10-11 11:00:00,14000.0,14200.0,13900.0,14050.0,38742.0,A007820
1387,2017-10-11 13:00:00,14100.0,14100.0,13950.0,14000.0,18009.0,A007820
1388,2017-10-11 15:00:00,14300.0,14500.0,14050.0,14100.0,29225.0,A007820
1389,2017-10-12 09:00:00,14050.0,14400.0,13900.0,14150.0,33439.0,A007820
1390,2017-10-12 11:00:00,14100.0,14200.0,14000.0,14050.0,13706.0,A007820
1391,2017-10-12 13:00:00,14050.0,14100.0,13900.0,14050.0,25081.0,A007820
1392,2017-10-12 15:00:00,14000.0,14100.0,13950.0,14100.0,4083.0,A007820
1393,2017-10-13 09:00:00,14100.0,14100.0,13500.0,13600.0,73150.0,A007820
1394,2017-10-13 11:00:00,13600.0,13600.0,13250.0,13300.0,55959.0,A007820
1395,2017-10-13 13:00:00,13300.0,13400.0,13000.0,13150.0,88222.0,A007820
1396,2017-10-13 15:00:00,13150.0,13400.0,13100.0,13400.0,15016.0,A007820
1397,2017-10-16 09:00:00,11050.0,11450.0,11000.0,11200.0,70487.0,A007820
1398,2017-10-16 11:00:00,13100.0,13200.0,11350.0,11600.0,476196.0,A007820
1399,2017-10-16 13:00:00,11650.0,11650.0,10950.0,10950.0,273745.0,A007820
1400,2017-10-16 15:00:00,11000.0,11400.0,10650.0,11050.0,336647.0,A007820
1401,2017-10-17 09:00:00,11350.0,11400.0,10800.0,10950.0,176682.0,A007820
1402,2017-10-17 11:00:00,10950.0,11100.0,10850.0,10850.0,76457.0,A007820
1403,2017-10-17 13:00:00,10850.0,10950.0,10650.0,10750.0,169143.0,A007820
1404,2017-10-17 15:00:00,10750.0,10850.0,10650.0,10700.0,87375.0,A007820
1405,2017-10-18 09:00:00,10850.0,11000.0,10800.0,11000.0,53380.0,A007820
1406,2017-10-18 11:00:00,10850.0,11350.0,10850.0,11100.0,303075.0,A007820
1407,2017-10-18 13:00:00,11100.0,11100.0,10750.0,10950.0,84671.0,A007820
1408,2017-10-18 15:00:00,10900.0,11000.0,10700.0,10850.0,130096.0,A007820
1409,2017-10-19 09:00:00,11050.0,11500.0,10850.0,11400.0,175481.0,A007820
1410,2017-10-19 11:00:00,11400.0,11550.0,11350.0,11450.0,71811.0,A007820
1411,2017-10-19 13:00:00,11400.0,11600.0,11200.0,11600.0,121145.0,A007820
1412,2017-10-19 15:00:00,11550.0,11600.0,11400.0,11550.0,43939.0,A007820
1413,2017-10-20 09:00:00,11550.0,11650.0,11400.0,11650.0,87234.0,A007820
1414,2017-10-20 11:00:00,11650.0,11850.0,11600.0,11650.0,70342.0,A007820
1415,2017-10-20 13:00:00,11650.0,11800.0,11550.0,11700.0,73860.0,A007820
1416,2017-10-20 15:00:00,11700.0,11900.0,11700.0,11850.0,38164.0,A007820
1417,2017-10-23 09:00:00,11700.0,12050.0,11600.0,11900.0,75881.0,A007820
1418,2017-10-23 11:00:00,11900.0,11900.0,11850.0,11850.0,41604.0,A007820
1419,2017-10-23 13:00:00,11850.0,11900.0,11750.0,11900.0,20696.0,A007820
1420,2017-10-23 15:00:00,11850.0,11900.0,11800.0,11900.0,11869.0,A007820
1421,2017-10-24 09:00:00,11900.0,11900.0,11800.0,11900.0,25831.0,A007820
1422,2017-10-24 11:00:00,11900.0,11900.0,11800.0,11800.0,13705.0,A007820
1423,2017-10-24 13:00:00,11850.0,11900.0,11800.0,11850.0,16500.0,A007820
1424,2017-10-24 15:00:00,11900.0,12000.0,11700.0,11850.0,37719.0,A007820
1425,2017-10-25 09:00:00,11750.0,11900.0,11750.0,11900.0,34823.0,A007820
1426,2017-10-25 11:00:00,11850.0,12150.0,11750.0,11750.0,46841.0,A007820
1427,2017-10-25 13:00:00,11800.0,11900.0,11700.0,11850.0,15391.0,A007820
1428,2017-10-25 15:00:00,11900.0,11900.0,11750.0,11750.0,55727.0,A007820
1429,2017-10-26 09:00:00,11850.0,11900.0,11700.0,11750.0,34982.0,A007820
1430,2017-10-26 11:00:00,11750.0,11800.0,11600.0,11650.0,21550.0,A007820
1431,2017-10-26 13:00:00,11650.0,11700.0,11400.0,11400.0,84563.0,A007820
1432,2017-10-26 15:00:00,11450.0,11600.0,11400.0,11550.0,18920.0,A007820
1433,2017-10-27 09:00:00,11500.0,11550.0,11350.0,11400.0,41187.0,A007820
1434,2017-10-27 11:00:00,11450.0,11550.0,11400.0,11500.0,44391.0,A007820
1435,2017-10-27 13:00:00,11500.0,11600.0,11500.0,11550.0,16775.0,A007820
1436,2017-10-27 15:00:00,11550.0,11800.0,11450.0,11500.0,37572.0,A007820
1437,2017-10-30 09:00:00,11550.0,11650.0,11300.0,11400.0,40187.0,A007820
1438,2017-10-30 11:00:00,11400.0,11550.0,11400.0,11450.0,19037.0,A007820
1439,2017-10-30 13:00:00,11450.0,11500.0,11350.0,11450.0,35355.0,A007820
1440,2017-10-30 15:00:00,11400.0,11450.0,11350.0,11350.0,14537.0,A007820
1441,2017-10-31 09:00:00,12350.0,12400.0,12200.0,12250.0,20783.0,A007820
1442,2017-10-31 11:00:00,12150.0,12500.0,12150.0,12300.0,221307.0,A007820
1443,2017-10-31 13:00:00,11400.0,12050.0,11300.0,12000.0,150034.0,A007820
1444,2017-10-31 15:00:00,11950.0,12300.0,11950.0,12200.0,150918.0,A007820
1445,2017-11-01 09:00:00,12250.0,12650.0,12100.0,12600.0,130820.0,A007820
1446,2017-11-01 11:00:00,12650.0,12900.0,12600.0,12750.0,90143.0,A007820
1447,2017-11-01 13:00:00,12750.0,12800.0,12300.0,12400.0,88422.0,A007820
1448,2017-11-01 15:00:00,12400.0,12450.0,12300.0,12450.0,14780.0,A007820
1449,2017-11-02 09:00:00,12550.0,12600.0,12150.0,12200.0,90013.0,A007820
1450,2017-11-02 11:00:00,12150.0,12350.0,12050.0,12100.0,40793.0,A007820
1451,2017-11-02 13:00:00,12100.0,12300.0,12100.0,12250.0,45288.0,A007820
1452,2017-11-02 15:00:00,12250.0,12450.0,12200.0,12450.0,24476.0,A007820
1453,2017-11-03 09:00:00,12600.0,12800.0,12600.0,12700.0,24235.0,A007820
1454,2017-11-03 11:00:00,12550.0,12550.0,12300.0,12450.0,48892.0,A007820
1455,2017-11-03 13:00:00,12450.0,12450.0,12350.0,12450.0,6156.0,A007820
1456,2017-11-03 15:00:00,12450.0,12700.0,12350.0,12650.0,40154.0,A007820
1457,2017-11-06 09:00:00,12700.0,12750.0,12450.0,12650.0,26668.0,A007820
1458,2017-11-06 11:00:00,12600.0,12700.0,12550.0,12600.0,6953.0,A007820
1459,2017-11-06 13:00:00,12600.0,12650.0,12450.0,12650.0,29211.0,A007820
1460,2017-11-06 15:00:00,12650.0,12850.0,12550.0,12850.0,23946.0,A007820
1461,2017-11-07 09:00:00,13000.0,13200.0,12950.0,13150.0,33815.0,A007820
1462,2017-11-07 11:00:00,12850.0,13150.0,12850.0,12950.0,31000.0,A007820
1463,2017-11-07 13:00:00,12850.0,13100.0,12800.0,12900.0,61687.0,A007820
1464,2017-11-07 15:00:00,12950.0,13100.0,12900.0,13000.0,51430.0,A007820
1465,2017-11-08 09:00:00,13200.0,13200.0,12950.0,13000.0,41156.0,A007820
1466,2017-11-08 11:00:00,13000.0,13400.0,12950.0,13250.0,45721.0,A007820
1467,2017-11-08 13:00:00,13200.0,13300.0,13050.0,13150.0,44351.0,A007820
1468,2017-11-08 15:00:00,13100.0,13200.0,13100.0,13200.0,12295.0,A007820
1469,2017-11-09 09:00:00,13150.0,13300.0,13050.0,13150.0,37393.0,A007820
1470,2017-11-09 11:00:00,13150.0,13300.0,13050.0,13150.0,25094.0,A007820
1471,2017-11-09 13:00:00,13100.0,13200.0,13050.0,13100.0,14336.0,A007820
1472,2017-11-09 15:00:00,13150.0,13150.0,13000.0,13000.0,16924.0,A007820
1473,2017-11-10 09:00:00,13450.0,13650.0,13450.0,13650.0,42498.0,A007820
1474,2017-11-10 11:00:00,13000.0,13450.0,12900.0,13300.0,83768.0,A007820
1475,2017-11-10 13:00:00,13300.0,13550.0,13250.0,13550.0,115656.0,A007820
1476,2017-11-10 15:00:00,13500.0,13750.0,13400.0,13450.0,142208.0,A007820
1477,2017-11-13 09:00:00,13750.0,13800.0,13500.0,13650.0,59755.0,A007820
1478,2017-11-13 11:00:00,13600.0,13650.0,13450.0,13550.0,38444.0,A007820
1479,2017-11-13 13:00:00,13550.0,13650.0,13350.0,13600.0,68933.0,A007820
1480,2017-11-13 15:00:00,13600.0,13600.0,13550.0,13550.0,10490.0,A007820
1481,2017-11-14 09:00:00,14600.0,14650.0,14550.0,14550.0,31512.0,A007820
1482,2017-11-14 11:00:00,13750.0,14100.0,13600.0,14050.0,195192.0,A007820
1483,2017-11-14 13:00:00,14050.0,14300.0,13950.0,14250.0,160127.0,A007820
1484,2017-11-14 15:00:00,14250.0,14750.0,14200.0,14600.0,310657.0,A007820
1485,2017-11-15 09:00:00,14600.0,14900.0,14300.0,14450.0,148789.0,A007820
1486,2017-11-15 11:00:00,14450.0,14700.0,14200.0,14550.0,65008.0,A007820
1487,2017-11-15 13:00:00,14500.0,14750.0,14200.0,14550.0,106448.0,A007820
1488,2017-11-15 15:00:00,14500.0,14550.0,14250.0,14550.0,17943.0,A007820
1489,2017-11-16 09:00:00,14500.0,14550.0,14250.0,14350.0,86364.0,A007820
1490,2017-11-16 11:00:00,14400.0,14450.0,14200.0,14200.0,53117.0,A007820
1491,2017-11-16 13:00:00,14200.0,14400.0,14100.0,14400.0,65977.0,A007820
1492,2017-11-16 15:00:00,14400.0,14450.0,14350.0,14450.0,18826.0,A007820
1493,2017-11-17 09:00:00,14600.0,14950.0,14250.0,14900.0,99224.0,A007820
1494,2017-11-17 11:00:00,14900.0,15000.0,14850.0,14950.0,98758.0,A007820
1495,2017-11-17 13:00:00,14950.0,15300.0,14900.0,15250.0,141760.0,A007820
1496,2017-11-17 15:00:00,15250.0,15250.0,15100.0,15150.0,23642.0,A007820
1497,2017-11-20 09:00:00,14300.0,14650.0,14250.0,14650.0,83375.0,A007820
1498,2017-11-20 11:00:00,14650.0,14750.0,14500.0,14750.0,33543.0,A007820
1499,2017-11-20 13:00:00,14750.0,14750.0,13900.0,14400.0,370885.0,A007820
1500,2017-11-20 15:00:00,14450.0,14450.0,14250.0,14300.0,55209.0,A007820
1501,2017-11-21 09:00:00,14800.0,14800.0,14600.0,14700.0,33818.0,A007820
1502,2017-11-21 11:00:00,14700.0,14700.0,14550.0,14600.0,40763.0,A007820
1503,2017-11-21 13:00:00,14600.0,14700.0,14550.0,14650.0,12099.0,A007820
1504,2017-11-21 15:00:00,14950.0,14950.0,14450.0,14800.0,73588.0,A007820
1505,2017-11-22 09:00:00,14800.0,15500.0,14550.0,15350.0,295842.0,A007820
1506,2017-11-22 11:00:00,15350.0,15450.0,15000.0,15100.0,128278.0,A007820
1507,2017-11-22 13:00:00,15100.0,15150.0,14850.0,15000.0,109112.0,A007820
1508,2017-11-22 15:00:00,14950.0,15000.0,14800.0,14900.0,31343.0,A007820
1509,2017-11-23 09:00:00,15150.0,15200.0,15050.0,15200.0,42157.0,A007820
1510,2017-11-23 11:00:00,15000.0,15150.0,14950.0,15050.0,79842.0,A007820
1511,2017-11-23 13:00:00,15000.0,15250.0,15000.0,15100.0,127830.0,A007820
1512,2017-11-23 15:00:00,14850.0,15150.0,14750.0,15000.0,86235.0,A007820
1513,2017-11-24 09:00:00,15100.0,15600.0,14900.0,15400.0,261422.0,A007820
1514,2017-11-24 11:00:00,15450.0,15650.0,15350.0,15500.0,122470.0,A007820
1515,2017-11-24 13:00:00,15500.0,15750.0,15400.0,15550.0,193639.0,A007820
1516,2017-11-24 15:00:00,15550.0,15700.0,15450.0,15650.0,77893.0,A007820
1517,2017-11-27 09:00:00,16200.0,16250.0,16100.0,16250.0,34768.0,A007820
1518,2017-11-27 11:00:00,16000.0,16300.0,15850.0,16250.0,147806.0,A007820
1519,2017-11-27 13:00:00,16100.0,16500.0,15750.0,16050.0,559068.0,A007820
1520,2017-11-27 15:00:00,16200.0,16300.0,16100.0,16150.0,108853.0,A007820
1521,2017-11-28 09:00:00,16200.0,16250.0,15550.0,16050.0,182569.0,A007820
1522,2017-11-28 11:00:00,16000.0,16150.0,15900.0,15950.0,28824.0,A007820
1523,2017-11-28 13:00:00,15950.0,16000.0,15650.0,15950.0,68162.0,A007820
1524,2017-11-28 15:00:00,16000.0,16050.0,15800.0,15900.0,38292.0,A007820
1525,2017-11-29 09:00:00,15750.0,15950.0,15750.0,15850.0,40314.0,A007820
1526,2017-11-29 11:00:00,15850.0,15900.0,15750.0,15850.0,15511.0,A007820
1527,2017-11-29 13:00:00,16000.0,16150.0,15600.0,15700.0,103458.0,A007820
1528,2017-11-29 15:00:00,15750.0,15900.0,15700.0,15800.0,21466.0,A007820
1529,2017-11-30 09:00:00,15600.0,16050.0,15200.0,15750.0,182073.0,A007820
1530,2017-11-30 11:00:00,15750.0,15800.0,15650.0,15700.0,30298.0,A007820
1531,2017-11-30 13:00:00,15700.0,15850.0,15500.0,15550.0,57383.0,A007820
1532,2017-11-30 15:00:00,15600.0,15600.0,15250.0,15300.0,51639.0,A007820
1533,2017-12-01 09:00:00,15600.0,15650.0,15000.0,15500.0,106431.0,A007820
1534,2017-12-01 11:00:00,15500.0,15550.0,15300.0,15400.0,34820.0,A007820
1535,2017-12-01 13:00:00,15400.0,15700.0,15400.0,15600.0,64818.0,A007820
1536,2017-12-01 15:00:00,15600.0,15600.0,15350.0,15550.0,32023.0,A007820
1537,2017-12-04 09:00:00,13500.0,13550.0,13050.0,13450.0,187964.0,A007820
1538,2017-12-04 11:00:00,14550.0,14700.0,13250.0,13500.0,384979.0,A007820
1539,2017-12-04 13:00:00,14950.0,15000.0,14550.0,14550.0,119249.0,A007820
1540,2017-12-04 15:00:00,15450.0,15650.0,14950.0,15000.0,136098.0,A007820
1541,2017-12-05 09:00:00,13450.0,14200.0,13000.0,14100.0,228251.0,A007820
1542,2017-12-05 11:00:00,14100.0,14200.0,14000.0,14100.0,48183.0,A007820
1543,2017-12-05 13:00:00,14100.0,14550.0,13950.0,14250.0,117246.0,A007820
1544,2017-12-05 15:00:00,14250.0,14250.0,14150.0,14200.0,13150.0,A007820
1545,2017-12-06 09:00:00,14300.0,14700.0,14000.0,14400.0,61871.0,A007820
1546,2017-12-06 11:00:00,14400.0,14500.0,14100.0,14300.0,35974.0,A007820
1547,2017-12-06 13:00:00,14300.0,14500.0,14000.0,14050.0,41133.0,A007820
1548,2017-12-06 15:00:00,14050.0,14200.0,14050.0,14050.0,10631.0,A007820
1549,2017-12-07 09:00:00,14000.0,14250.0,13950.0,14250.0,74587.0,A007820
1550,2017-12-07 11:00:00,14000.0,14300.0,13450.0,13800.0,72016.0,A007820
1551,2017-12-07 13:00:00,13800.0,14100.0,13800.0,14050.0,25985.0,A007820
1552,2017-12-07 15:00:00,14050.0,14100.0,13750.0,14000.0,47177.0,A007820
1553,2017-12-08 09:00:00,14150.0,14250.0,13950.0,14100.0,46414.0,A007820
1554,2017-12-08 11:00:00,14100.0,14150.0,13950.0,14050.0,19958.0,A007820
1555,2017-12-08 13:00:00,14100.0,14400.0,13850.0,14000.0,49994.0,A007820
1556,2017-12-08 15:00:00,13950.0,14000.0,13750.0,13800.0,21263.0,A007820
1557,2017-12-11 09:00:00,14000.0,14050.0,13950.0,14050.0,15652.0,A007820
1558,2017-12-11 11:00:00,14000.0,14300.0,13700.0,13950.0,48648.0,A007820
1559,2017-12-11 13:00:00,14000.0,14100.0,13800.0,14000.0,24248.0,A007820
1560,2017-12-11 15:00:00,13950.0,14000.0,13800.0,13950.0,33817.0,A007820
1561,2017-12-12 09:00:00,13950.0,14550.0,13800.0,14350.0,137983.0,A007820
1562,2017-12-12 11:00:00,14300.0,14500.0,14250.0,14300.0,59659.0,A007820
1563,2017-12-12 13:00:00,14300.0,14500.0,14000.0,14400.0,108435.0,A007820
1564,2017-12-12 15:00:00,14400.0,14450.0,14300.0,14350.0,29642.0,A007820
1565,2017-12-13 09:00:00,14650.0,15650.0,14450.0,15600.0,417735.0,A007820
1566,2017-12-13 11:00:00,15550.0,16050.0,15550.0,16000.0,296082.0,A007820
1567,2017-12-13 13:00:00,16050.0,16300.0,15900.0,16250.0,295258.0,A007820
1568,2017-12-13 15:00:00,16200.0,16250.0,16100.0,16200.0,73487.0,A007820
1569,2017-12-14 09:00:00,16050.0,16600.0,15800.0,16600.0,322177.0,A007820
1570,2017-12-14 11:00:00,16600.0,16950.0,16500.0,16750.0,247968.0,A007820
1571,2017-12-14 13:00:00,16800.0,16800.0,16300.0,16300.0,154058.0,A007820
1572,2017-12-14 15:00:00,16350.0,16500.0,16200.0,16200.0,177404.0,A007820
1573,2017-12-15 09:00:00,15700.0,16250.0,15700.0,16250.0,63668.0,A007820
1574,2017-12-15 11:00:00,16200.0,16350.0,16200.0,16300.0,28246.0,A007820
1575,2017-12-15 13:00:00,16050.0,16150.0,15700.0,15700.0,75023.0,A007820
1576,2017-12-15 15:00:00,16200.0,16400.0,15900.0,16100.0,142188.0,A007820
1577,2017-12-18 09:00:00,15950.0,16100.0,15900.0,16100.0,16938.0,A007820
1578,2017-12-18 11:00:00,16300.0,16600.0,16150.0,16250.0,74633.0,A007820
1579,2017-12-18 13:00:00,16250.0,16350.0,16000.0,16050.0,39956.0,A007820
1580,2017-12-18 15:00:00,16050.0,16150.0,15850.0,15950.0,60343.0,A007820
1581,2017-12-19 09:00:00,15900.0,16100.0,15400.0,15550.0,136963.0,A007820
1582,2017-12-19 11:00:00,15600.0,15600.0,15000.0,15150.0,128920.0,A007820
1583,2017-12-19 13:00:00,15150.0,15550.0,15150.0,15500.0,85847.0,A007820
1584,2017-12-19 15:00:00,15500.0,15650.0,15500.0,15600.0,24864.0,A007820
1585,2017-12-20 09:00:00,15350.0,15450.0,15200.0,15300.0,41087.0,A007820
1586,2017-12-20 11:00:00,15300.0,15500.0,15200.0,15350.0,60219.0,A007820
1587,2017-12-20 13:00:00,15300.0,15500.0,15250.0,15500.0,18909.0,A007820
1588,2017-12-20 15:00:00,15450.0,15700.0,15300.0,15350.0,50482.0,A007820
1589,2017-12-21 09:00:00,15300.0,15600.0,14500.0,14750.0,149432.0,A007820
1590,2017-12-21 11:00:00,14800.0,15050.0,14750.0,14850.0,53220.0,A007820
1591,2017-12-21 13:00:00,14850.0,15050.0,14750.0,14800.0,32881.0,A007820
1592,2017-12-21 15:00:00,14800.0,14850.0,14700.0,14750.0,19788.0,A007820
1593,2017-12-22 09:00:00,15100.0,15250.0,15100.0,15200.0,17869.0,A007820
1594,2017-12-22 11:00:00,14950.0,15100.0,14800.0,14900.0,56415.0,A007820
1595,2017-12-22 13:00:00,14100.0,15100.0,14100.0,14950.0,170586.0,A007820
1596,2017-12-22 15:00:00,14900.0,15450.0,14850.0,15150.0,100421.0,A007820
1597,2017-12-26 09:00:00,15200.0,15650.0,14800.0,15600.0,93433.0,A007820
1598,2017-12-26 11:00:00,15600.0,15950.0,15550.0,15800.0,77411.0,A007820
1599,2017-12-26 13:00:00,15750.0,15800.0,15450.0,15450.0,36187.0,A007820
1600,2017-12-26 15:00:00,15450.0,15650.0,15450.0,15550.0,23014.0,A007820
1601,2017-12-27 09:00:00,16200.0,16350.0,16100.0,16350.0,79105.0,A007820
1602,2017-12-27 11:00:00,16350.0,16350.0,16200.0,16300.0,25943.0,A007820
1603,2017-12-27 13:00:00,15750.0,16150.0,15400.0,16000.0,137717.0,A007820
1604,2017-12-27 15:00:00,16000.0,16350.0,15950.0,16250.0,90696.0,A007820
1605,2017-12-28 09:00:00,16550.0,17400.0,16500.0,17150.0,450655.0,A007820
1606,2017-12-28 11:00:00,17150.0,17500.0,16800.0,17500.0,209888.0,A007820
1607,2017-12-28 13:00:00,17500.0,17600.0,17050.0,17150.0,177557.0,A007820
1608,2017-12-28 15:00:00,17050.0,17150.0,16900.0,16900.0,85905.0,A007820
1609,2018-01-02 09:00:00,16950.0,18050.0,16950.0,17750.0,423071.0,A007820
1610,2018-01-02 11:00:00,17750.0,18000.0,17600.0,17850.0,119687.0,A007820
1611,2018-01-02 13:00:00,17800.0,17850.0,17500.0,17850.0,100985.0,A007820
1612,2018-01-03 09:00:00,17200.0,17450.0,17200.0,17300.0,28851.0,A007820
1613,2018-01-03 11:00:00,17400.0,17500.0,17100.0,17200.0,122887.0,A007820
1614,2018-01-03 13:00:00,17850.0,17900.0,17200.0,17450.0,174241.0,A007820
1615,2018-01-03 15:00:00,17500.0,17650.0,17400.0,17400.0,51146.0,A007820
1616,2018-01-04 09:00:00,17100.0,17200.0,17050.0,17150.0,49885.0,A007820
1617,2018-01-04 11:00:00,17150.0,17250.0,17000.0,17000.0,64217.0,A007820
1618,2018-01-04 13:00:00,17000.0,17050.0,16850.0,16900.0,68475.0,A007820
1619,2018-01-04 15:00:00,17300.0,17650.0,17000.0,17100.0,133961.0,A007820
1620,2018-01-05 09:00:00,16900.0,17900.0,16900.0,17500.0,217846.0,A007820
1621,2018-01-05 11:00:00,17500.0,17600.0,17300.0,17400.0,49551.0,A007820
1622,2018-01-05 13:00:00,17400.0,17450.0,17200.0,17400.0,58726.0,A007820
1623,2018-01-05 15:00:00,17350.0,17400.0,17300.0,17400.0,11457.0,A007820
1624,2018-01-08 09:00:00,16750.0,16850.0,16550.0,16550.0,49368.0,A007820
1625,2018-01-08 11:00:00,16800.0,16900.0,16650.0,16700.0,60657.0,A007820
1626,2018-01-08 13:00:00,16700.0,16750.0,16500.0,16750.0,102434.0,A007820
1627,2018-01-08 15:00:00,17350.0,17350.0,16600.0,16850.0,212411.0,A007820
1628,2018-01-09 09:00:00,16500.0,16900.0,16150.0,16650.0,126284.0,A007820
1629,2018-01-09 11:00:00,16700.0,16750.0,16250.0,16300.0,72722.0,A007820
1630,2018-01-09 13:00:00,16250.0,16550.0,16050.0,16300.0,109051.0,A007820
1631,2018-01-09 15:00:00,16300.0,16500.0,16250.0,16450.0,12473.0,A007820
1632,2018-01-10 09:00:00,16750.0,16750.0,16600.0,16750.0,19575.0,A007820
1633,2018-01-10 11:00:00,16500.0,16800.0,16450.0,16700.0,70727.0,A007820
1634,2018-01-10 13:00:00,16450.0,16750.0,16250.0,16550.0,105375.0,A007820
1635,2018-01-10 15:00:00,16550.0,16600.0,16450.0,16500.0,31466.0,A007820
1636,2018-01-11 09:00:00,16800.0,17350.0,16350.0,17300.0,202699.0,A007820
1637,2018-01-11 11:00:00,17300.0,17300.0,16800.0,16850.0,37830.0,A007820
1638,2018-01-11 13:00:00,16850.0,17150.0,16800.0,17100.0,62665.0,A007820
1639,2018-01-11 15:00:00,17100.0,17100.0,16950.0,17100.0,20760.0,A007820
1640,2018-01-12 09:00:00,17150.0,17200.0,16600.0,16950.0,142878.0,A007820
1641,2018-01-12 11:00:00,16950.0,17050.0,16700.0,16750.0,67984.0,A007820
1642,2018-01-12 13:00:00,16750.0,16850.0,16650.0,16750.0,52306.0,A007820
1643,2018-01-12 15:00:00,16750.0,16850.0,16700.0,16850.0,21920.0,A007820
1644,2018-01-15 09:00:00,16750.0,16800.0,16500.0,16600.0,51829.0,A007820
1645,2018-01-15 11:00:00,16900.0,16950.0,16550.0,16800.0,74522.0,A007820
1646,2018-01-15 13:00:00,16800.0,16900.0,16650.0,16700.0,36694.0,A007820
1647,2018-01-15 15:00:00,16700.0,16800.0,16600.0,16750.0,50664.0,A007820
1648,2018-01-16 09:00:00,15400.0,17100.0,15250.0,16950.0,652319.0,A007820
1649,2018-01-16 11:00:00,16950.0,17300.0,16650.0,17150.0,200253.0,A007820
1650,2018-01-16 13:00:00,17200.0,17650.0,17100.0,17350.0,267868.0,A007820
1651,2018-01-16 15:00:00,17400.0,17400.0,17150.0,17250.0,57588.0,A007820
1652,2018-01-17 09:00:00,17600.0,17600.0,17500.0,17550.0,25138.0,A007820
1653,2018-01-17 11:00:00,17550.0,17950.0,17200.0,17350.0,329386.0,A007820
1654,2018-01-17 13:00:00,17350.0,17450.0,17050.0,17400.0,90770.0,A007820
1655,2018-01-17 15:00:00,17400.0,17650.0,17250.0,17600.0,99008.0,A007820
1656,2018-01-18 09:00:00,17900.0,17900.0,17350.0,17450.0,97498.0,A007820
1657,2018-01-18 11:00:00,17450.0,17700.0,17350.0,17700.0,54182.0,A007820
1658,2018-01-18 13:00:00,17700.0,17700.0,17250.0,17350.0,55446.0,A007820
1659,2018-01-18 15:00:00,17350.0,17500.0,17300.0,17400.0,10228.0,A007820
1660,2018-01-19 09:00:00,17450.0,17450.0,16950.0,17350.0,105703.0,A007820
1661,2018-01-19 11:00:00,17300.0,17350.0,17100.0,17150.0,44391.0,A007820
1662,2018-01-19 13:00:00,17150.0,17200.0,17050.0,17100.0,41109.0,A007820
1663,2018-01-19 15:00:00,17100.0,17100.0,16850.0,16900.0,61963.0,A007820
1664,2018-01-22 09:00:00,17000.0,17100.0,17000.0,17100.0,22214.0,A007820
1665,2018-01-22 11:00:00,17250.0,17300.0,16850.0,17100.0,70226.0,A007820
1666,2018-01-22 13:00:00,17100.0,17300.0,17050.0,17200.0,62676.0,A007820
1667,2018-01-22 15:00:00,17200.0,17200.0,16800.0,17000.0,68470.0,A007820
1668,2018-01-23 09:00:00,17100.0,17200.0,16850.0,17100.0,59872.0,A007820
1669,2018-01-23 11:00:00,17100.0,17350.0,17000.0,17350.0,76742.0,A007820
1670,2018-01-23 13:00:00,17350.0,17850.0,17250.0,17700.0,162222.0,A007820
1671,2018-01-23 15:00:00,17700.0,17750.0,17500.0,17550.0,30920.0,A007820
1672,2018-01-24 09:00:00,17350.0,17350.0,17150.0,17150.0,15853.0,A007820
1673,2018-01-24 11:00:00,17750.0,17750.0,17200.0,17400.0,108648.0,A007820
1674,2018-01-24 13:00:00,17350.0,17450.0,17150.0,17300.0,43660.0,A007820
1675,2018-01-24 15:00:00,17250.0,17350.0,17150.0,17300.0,52068.0,A007820
1676,2018-01-25 09:00:00,17200.0,17350.0,16950.0,17050.0,59432.0,A007820
1677,2018-01-25 11:00:00,17050.0,17200.0,17000.0,17150.0,36382.0,A007820
1678,2018-01-25 13:00:00,17150.0,17150.0,17000.0,17000.0,74442.0,A007820
1679,2018-01-25 15:00:00,17000.0,17150.0,17000.0,17100.0,28581.0,A007820
1680,2018-01-26 09:00:00,17150.0,17300.0,16950.0,16950.0,76773.0,A007820
1681,2018-01-26 11:00:00,17000.0,17100.0,16750.0,16800.0,61422.0,A007820
1682,2018-01-26 13:00:00,16850.0,16950.0,16450.0,16650.0,170964.0,A007820
1683,2018-01-26 15:00:00,16650.0,16750.0,16600.0,16700.0,27506.0,A007820
1684,2018-01-29 09:00:00,16600.0,16800.0,16300.0,16750.0,124782.0,A007820
1685,2018-01-29 11:00:00,16750.0,17050.0,16700.0,16800.0,65357.0,A007820
1686,2018-01-29 13:00:00,16800.0,16800.0,16400.0,16400.0,80704.0,A007820
1687,2018-01-29 15:00:00,16450.0,16500.0,16400.0,16400.0,39315.0,A007820
1688,2018-01-30 09:00:00,16450.0,16450.0,16100.0,16250.0,153502.0,A007820
1689,2018-01-30 11:00:00,16300.0,16450.0,16200.0,16400.0,26229.0,A007820
1690,2018-01-30 13:00:00,16550.0,16650.0,16250.0,16500.0,101398.0,A007820
1691,2018-01-30 15:00:00,16500.0,16550.0,16300.0,16450.0,40332.0,A007820
1692,2018-01-31 09:00:00,16550.0,16950.0,16500.0,16900.0,88424.0,A007820
1693,2018-01-31 11:00:00,16900.0,17000.0,16750.0,16900.0,103280.0,A007820
1694,2018-01-31 13:00:00,16850.0,17000.0,16850.0,16900.0,38495.0,A007820
1695,2018-01-31 15:00:00,16150.0,16600.0,16100.0,16550.0,125066.0,A007820
1696,2018-02-01 09:00:00,16750.0,17200.0,16750.0,17000.0,137554.0,A007820
1697,2018-02-01 11:00:00,17000.0,17000.0,16800.0,16900.0,46796.0,A007820
1698,2018-02-01 13:00:00,16900.0,17000.0,16850.0,16900.0,30587.0,A007820
1699,2018-02-01 15:00:00,16950.0,17050.0,16850.0,16850.0,26912.0,A007820
1700,2018-02-02 09:00:00,16600.0,16700.0,16550.0,16650.0,9627.0,A007820
1701,2018-02-02 11:00:00,16600.0,16700.0,16500.0,16600.0,23536.0,A007820
1702,2018-02-02 13:00:00,16600.0,16800.0,16450.0,16600.0,42451.0,A007820
1703,2018-02-02 15:00:00,16850.0,16900.0,16400.0,16600.0,70524.0,A007820
1704,2018-02-05 09:00:00,16100.0,16450.0,16000.0,16100.0,69199.0,A007820
1705,2018-02-05 11:00:00,16100.0,16250.0,15950.0,16150.0,47615.0,A007820
1706,2018-02-05 13:00:00,16200.0,16300.0,16000.0,16150.0,44254.0,A007820
1707,2018-02-05 15:00:00,16200.0,16200.0,15750.0,16100.0,49823.0,A007820
1708,2018-02-06 09:00:00,15000.0,15200.0,14950.0,15200.0,75745.0,A007820
1709,2018-02-06 11:00:00,14600.0,15250.0,14450.0,15000.0,247755.0,A007820
1710,2018-02-06 13:00:00,15100.0,15450.0,14200.0,14500.0,246798.0,A007820
1711,2018-02-06 15:00:00,14500.0,14650.0,14250.0,14650.0,147307.0,A007820
1712,2018-02-07 09:00:00,15550.0,15700.0,15100.0,15550.0,148302.0,A007820
1713,2018-02-07 11:00:00,15600.0,15600.0,15200.0,15250.0,37707.0,A007820
1714,2018-02-07 13:00:00,15250.0,15300.0,14900.0,14950.0,112839.0,A007820
1715,2018-02-07 15:00:00,14950.0,15000.0,14750.0,15000.0,21867.0,A007820
1716,2018-02-08 09:00:00,14950.0,15600.0,14850.0,15550.0,134581.0,A007820
1717,2018-02-08 11:00:00,15600.0,15750.0,15400.0,15700.0,99533.0,A007820
1718,2018-02-08 13:00:00,15700.0,15850.0,15200.0,15750.0,81567.0,A007820
1719,2018-02-08 15:00:00,15750.0,15800.0,15650.0,15750.0,47577.0,A007820
1720,2018-02-09 09:00:00,15300.0,15300.0,15100.0,15200.0,13578.0,A007820
1721,2018-02-09 11:00:00,15150.0,15500.0,15100.0,15100.0,77571.0,A007820
1722,2018-02-09 13:00:00,15100.0,15250.0,14900.0,15150.0,36658.0,A007820
1723,2018-02-09 15:00:00,15200.0,15300.0,15000.0,15250.0,24601.0,A007820
1724,2018-02-12 09:00:00,15350.0,15600.0,15000.0,15550.0,75460.0,A007820
1725,2018-02-12 11:00:00,15550.0,15800.0,15350.0,15750.0,87544.0,A007820
1726,2018-02-12 13:00:00,15700.0,15850.0,15500.0,15650.0,81671.0,A007820
1727,2018-02-12 15:00:00,15650.0,15750.0,15450.0,15450.0,34719.0,A007820
1728,2018-02-13 09:00:00,15150.0,15150.0,15000.0,15000.0,30080.0,A007820
1729,2018-02-13 11:00:00,15600.0,15650.0,15150.0,15350.0,46373.0,A007820
1730,2018-02-13 13:00:00,15350.0,15450.0,15250.0,15300.0,23191.0,A007820
1731,2018-02-13 15:00:00,15300.0,15400.0,15100.0,15150.0,40470.0,A007820
1732,2018-02-14 09:00:00,15000.0,15150.0,14850.0,15050.0,32065.0,A007820
1733,2018-02-14 11:00:00,15000.0,15050.0,14900.0,14950.0,21044.0,A007820
1734,2018-02-14 13:00:00,14950.0,15150.0,14900.0,15000.0,33718.0,A007820
1735,2018-02-14 15:00:00,15000.0,15300.0,14950.0,15300.0,17336.0,A007820
1736,2018-02-19 09:00:00,15350.0,15600.0,15100.0,15550.0,42751.0,A007820
1737,2018-02-19 11:00:00,15550.0,15650.0,15400.0,15550.0,24166.0,A007820
1738,2018-02-19 13:00:00,15550.0,15650.0,15400.0,15600.0,29117.0,A007820
1739,2018-02-19 15:00:00,15600.0,15800.0,15600.0,15800.0,25280.0,A007820
1740,2018-02-20 09:00:00,15300.0,15450.0,15200.0,15450.0,21153.0,A007820
1741,2018-02-20 11:00:00,15650.0,15700.0,15350.0,15450.0,29070.0,A007820
1742,2018-02-20 13:00:00,15450.0,15500.0,15300.0,15350.0,20763.0,A007820
1743,2018-02-20 15:00:00,15400.0,15500.0,15250.0,15300.0,34611.0,A007820
1744,2018-02-21 09:00:00,15350.0,15600.0,15100.0,15400.0,43409.0,A007820
1745,2018-02-21 11:00:00,15400.0,15500.0,15300.0,15400.0,16145.0,A007820
1746,2018-02-21 13:00:00,15450.0,15500.0,15350.0,15350.0,21896.0,A007820
1747,2018-02-21 15:00:00,15400.0,15400.0,15300.0,15350.0,6954.0,A007820
1748,2018-02-22 09:00:00,14850.0,14900.0,14750.0,14850.0,29971.0,A007820
1749,2018-02-22 11:00:00,15250.0,15350.0,15100.0,15250.0,33053.0,A007820
1750,2018-02-22 13:00:00,15150.0,15250.0,14800.0,14850.0,67323.0,A007820
1751,2018-02-22 15:00:00,14850.0,14950.0,14700.0,14800.0,86102.0,A007820
1752,2018-02-23 09:00:00,14850.0,14950.0,14650.0,14750.0,33500.0,A007820
1753,2018-02-23 11:00:00,14750.0,14850.0,14700.0,14750.0,10045.0,A007820
1754,2018-02-23 13:00:00,14750.0,14850.0,14600.0,14800.0,51685.0,A007820
1755,2018-02-23 15:00:00,14850.0,14850.0,14700.0,14850.0,11713.0,A007820
1756,2018-02-26 09:00:00,14900.0,15150.0,14850.0,14950.0,43882.0,A007820
1757,2018-02-26 11:00:00,14950.0,15050.0,14800.0,15000.0,14570.0,A007820
1758,2018-02-26 13:00:00,15000.0,15050.0,14850.0,14950.0,14480.0,A007820
1759,2018-02-26 15:00:00,14950.0,14950.0,14900.0,14900.0,5589.0,A007820
1760,2018-02-27 09:00:00,15150.0,15350.0,14850.0,15300.0,84761.0,A007820
1761,2018-02-27 11:00:00,15300.0,15350.0,15200.0,15250.0,33644.0,A007820
1762,2018-02-27 13:00:00,15200.0,15300.0,15100.0,15250.0,34076.0,A007820
1763,2018-02-27 15:00:00,15250.0,15300.0,15150.0,15300.0,15561.0,A007820
1764,2018-02-28 09:00:00,14950.0,15100.0,14650.0,14750.0,51820.0,A007820
1765,2018-02-28 11:00:00,14750.0,15000.0,14700.0,15000.0,10601.0,A007820
1766,2018-02-28 13:00:00,15300.0,15400.0,15050.0,15050.0,38298.0,A007820
1767,2018-02-28 15:00:00,15050.0,15100.0,14850.0,15000.0,18878.0,A007820
1768,2018-03-02 09:00:00,14150.0,14450.0,14150.0,14300.0,42924.0,A007820
1769,2018-03-02 11:00:00,14300.0,14450.0,14200.0,14300.0,35945.0,A007820
1770,2018-03-02 13:00:00,14300.0,14350.0,14250.0,14300.0,16296.0,A007820
1771,2018-03-02 15:00:00,14550.0,14650.0,14100.0,14150.0,88375.0,A007820
1772,2018-03-05 09:00:00,14250.0,14350.0,13900.0,14150.0,62083.0,A007820
1773,2018-03-05 11:00:00,14200.0,14200.0,13900.0,14050.0,20731.0,A007820
1774,2018-03-05 13:00:00,14000.0,14100.0,13900.0,14000.0,19452.0,A007820
1775,2018-03-05 15:00:00,14050.0,14150.0,14000.0,14150.0,13397.0,A007820
1776,2018-03-06 09:00:00,14450.0,14500.0,14100.0,14300.0,38605.0,A007820
1777,2018-03-06 11:00:00,14300.0,14300.0,14200.0,14250.0,9468.0,A007820
1778,2018-03-06 13:00:00,14250.0,14400.0,14100.0,14350.0,22942.0,A007820
1779,2018-03-06 15:00:00,14350.0,14450.0,14300.0,14450.0,9356.0,A007820
1780,2018-03-07 09:00:00,14450.0,14750.0,14200.0,14750.0,27636.0,A007820
1781,2018-03-07 11:00:00,14750.0,14800.0,14400.0,14450.0,13339.0,A007820
1782,2018-03-07 13:00:00,14450.0,14500.0,14250.0,14300.0,15791.0,A007820
1783,2018-03-07 15:00:00,14300.0,14400.0,14300.0,14300.0,9954.0,A007820
1784,2018-03-08 09:00:00,14450.0,14550.0,14350.0,14350.0,19118.0,A007820
1785,2018-03-08 11:00:00,14300.0,14500.0,14300.0,14450.0,16729.0,A007820
1786,2018-03-08 13:00:00,14550.0,14550.0,14250.0,14350.0,11552.0,A007820
1787,2018-03-08 15:00:00,14350.0,14400.0,14300.0,14300.0,10663.0,A007820
1788,2018-03-09 09:00:00,14450.0,15000.0,14450.0,14750.0,45260.0,A007820
1789,2018-03-09 11:00:00,14700.0,14750.0,14550.0,14650.0,13721.0,A007820
1790,2018-03-09 13:00:00,14700.0,14800.0,14550.0,14700.0,16725.0,A007820
1791,2018-03-09 15:00:00,14750.0,14900.0,14600.0,14900.0,13615.0,A007820
1792,2018-03-12 09:00:00,14900.0,14900.0,14650.0,14700.0,36737.0,A007820
1793,2018-03-12 11:00:00,14700.0,14850.0,14700.0,14850.0,9998.0,A007820
1794,2018-03-12 13:00:00,15000.0,15100.0,14750.0,15000.0,48378.0,A007820
1795,2018-03-12 15:00:00,15000.0,15000.0,14850.0,14900.0,10150.0,A007820
1796,2018-03-13 09:00:00,14900.0,14950.0,14500.0,14900.0,33205.0,A007820
1797,2018-03-13 11:00:00,14900.0,14900.0,14650.0,14750.0,14895.0,A007820
1798,2018-03-13 13:00:00,14800.0,14850.0,14550.0,14650.0,21391.0,A007820
1799,2018-03-13 15:00:00,14700.0,14700.0,14550.0,14550.0,9489.0,A007820
1800,2018-03-14 09:00:00,14500.0,14950.0,14100.0,14800.0,66798.0,A007820
1801,2018-03-14 11:00:00,14800.0,14850.0,14600.0,14700.0,15654.0,A007820
1802,2018-03-14 13:00:00,14650.0,14850.0,14650.0,14800.0,11157.0,A007820
1803,2018-03-14 15:00:00,14750.0,14800.0,14750.0,14750.0,3655.0,A007820
1804,2018-03-15 09:00:00,15500.0,15550.0,15450.0,15500.0,35085.0,A007820
1805,2018-03-15 11:00:00,14900.0,15000.0,14850.0,14900.0,25231.0,A007820
1806,2018-03-15 13:00:00,14750.0,15300.0,14450.0,14900.0,138147.0,A007820
1807,2018-03-15 15:00:00,14900.0,15750.0,14900.0,15550.0,215816.0,A007820
1808,2018-03-16 09:00:00,15350.0,15350.0,15150.0,15300.0,22443.0,A007820
1809,2018-03-16 11:00:00,15300.0,15650.0,15200.0,15250.0,98614.0,A007820
1810,2018-03-16 13:00:00,15250.0,15500.0,15250.0,15450.0,19623.0,A007820
1811,2018-03-16 15:00:00,15550.0,15550.0,15000.0,15350.0,127795.0,A007820
1812,2018-03-19 09:00:00,15400.0,15400.0,15050.0,15100.0,63296.0,A007820
1813,2018-03-19 11:00:00,15050.0,15100.0,14900.0,15000.0,26653.0,A007820
1814,2018-03-19 13:00:00,14950.0,15100.0,14800.0,14950.0,33093.0,A007820
1815,2018-03-19 15:00:00,14900.0,14950.0,14750.0,14800.0,17909.0,A007820
1816,2018-03-20 09:00:00,14700.0,14800.0,14700.0,14800.0,11524.0,A007820
1817,2018-03-20 11:00:00,14550.0,14600.0,14400.0,14500.0,26316.0,A007820
1818,2018-03-20 13:00:00,14500.0,14750.0,14450.0,14700.0,30572.0,A007820
1819,2018-03-20 15:00:00,14700.0,14850.0,14450.0,14550.0,60630.0,A007820
1820,2018-03-21 09:00:00,14700.0,14850.0,14600.0,14700.0,23735.0,A007820
1821,2018-03-21 11:00:00,14650.0,14700.0,14450.0,14450.0,42891.0,A007820
1822,2018-03-21 13:00:00,14500.0,14650.0,14350.0,14600.0,45590.0,A007820
1823,2018-03-21 15:00:00,14600.0,14650.0,14500.0,14500.0,19449.0,A007820
1824,2018-03-22 09:00:00,14400.0,14400.0,14300.0,14400.0,9604.0,A007820
1825,2018-03-22 11:00:00,14550.0,14550.0,14350.0,14450.0,26983.0,A007820
1826,2018-03-22 13:00:00,14500.0,14700.0,14450.0,14500.0,26237.0,A007820
1827,2018-03-22 15:00:00,14400.0,14500.0,14300.0,14350.0,41751.0,A007820
1828,2018-03-23 09:00:00,13900.0,14400.0,13700.0,13750.0,75543.0,A007820
1829,2018-03-23 11:00:00,13750.0,13850.0,13400.0,13500.0,54582.0,A007820
1830,2018-03-23 13:00:00,13550.0,13600.0,13250.0,13300.0,100048.0,A007820
1831,2018-03-23 15:00:00,13300.0,13400.0,13050.0,13050.0,44750.0,A007820
1832,2018-03-26 09:00:00,13600.0,13700.0,13300.0,13450.0,38789.0,A007820
1833,2018-03-26 11:00:00,13450.0,13700.0,13450.0,13700.0,14907.0,A007820
1834,2018-03-26 13:00:00,13050.0,13500.0,12700.0,13400.0,107366.0,A007820
1835,2018-03-26 15:00:00,13450.0,13700.0,13400.0,13600.0,25150.0,A007820
1836,2018-03-27 09:00:00,13950.0,13950.0,13500.0,13500.0,43707.0,A007820
1837,2018-03-27 11:00:00,13550.0,13800.0,13500.0,13500.0,24440.0,A007820
1838,2018-03-27 13:00:00,13550.0,13750.0,13550.0,13700.0,11745.0,A007820
1839,2018-03-27 15:00:00,13700.0,13750.0,13600.0,13600.0,4880.0,A007820
1840,2018-03-28 09:00:00,13350.0,13600.0,13300.0,13500.0,20330.0,A007820
1841,2018-03-28 11:00:00,13500.0,13600.0,13450.0,13450.0,5621.0,A007820
1842,2018-03-28 13:00:00,13500.0,13500.0,13300.0,13400.0,19270.0,A007820
1843,2018-03-28 15:00:00,13400.0,13600.0,13350.0,13600.0,4892.0,A007820
1844,2018-03-29 09:00:00,13300.0,13600.0,13300.0,13550.0,13890.0,A007820
1845,2018-03-29 11:00:00,13500.0,13550.0,13200.0,13400.0,34385.0,A007820
1846,2018-03-29 13:00:00,13400.0,13550.0,13350.0,13500.0,11057.0,A007820
1847,2018-03-29 15:00:00,13600.0,13600.0,13300.0,13450.0,26787.0,A007820
1848,2018-03-30 09:00:00,13950.0,13950.0,13800.0,13800.0,8624.0,A007820
1849,2018-03-30 11:00:00,13550.0,13700.0,13350.0,13600.0,48640.0,A007820
1850,2018-03-30 13:00:00,13600.0,13950.0,13600.0,13900.0,28529.0,A007820
1851,2018-03-30 15:00:00,13900.0,14000.0,13800.0,13950.0,24106.0,A007820
1852,2018-04-02 09:00:00,13600.0,13650.0,13350.0,13450.0,34009.0,A007820
1853,2018-04-02 11:00:00,13350.0,13400.0,13350.0,13350.0,5185.0,A007820
1854,2018-04-02 13:00:00,13850.0,13850.0,13600.0,13600.0,23116.0,A007820
1855,2018-04-02 15:00:00,13450.0,13500.0,13350.0,13450.0,25059.0,A007820
1856,2018-04-03 09:00:00,13100.0,13550.0,13050.0,13150.0,48406.0,A007820
1857,2018-04-03 11:00:00,13150.0,13450.0,13100.0,13250.0,8305.0,A007820
1858,2018-04-03 13:00:00,13250.0,13450.0,13250.0,13300.0,12157.0,A007820
1859,2018-04-03 15:00:00,13300.0,13350.0,13250.0,13300.0,6394.0,A007820
1860,2018-04-04 09:00:00,13250.0,13300.0,13000.0,13200.0,42324.0,A007820
1861,2018-04-04 11:00:00,12950.0,13000.0,12600.0,12700.0,69264.0,A007820
1862,2018-04-04 13:00:00,12700.0,12850.0,12700.0,12750.0,18390.0,A007820
1863,2018-04-04 15:00:00,13200.0,13250.0,12950.0,13000.0,32342.0,A007820
1864,2018-04-05 09:00:00,12800.0,13150.0,12800.0,13050.0,47547.0,A007820
1865,2018-04-05 11:00:00,13050.0,13300.0,13000.0,13250.0,28726.0,A007820
1866,2018-04-05 13:00:00,13250.0,13250.0,12950.0,13000.0,13215.0,A007820
1867,2018-04-05 15:00:00,13000.0,13050.0,12900.0,13000.0,6365.0,A007820
1868,2018-04-06 09:00:00,12700.0,12850.0,12700.0,12850.0,9986.0,A007820
1869,2018-04-06 11:00:00,13000.0,13000.0,12800.0,12850.0,20409.0,A007820
1870,2018-04-06 13:00:00,12850.0,12850.0,12500.0,12700.0,51298.0,A007820
1871,2018-04-06 15:00:00,12950.0,13200.0,12800.0,13000.0,19802.0,A007820
1872,2018-04-09 09:00:00,12850.0,12950.0,12500.0,12850.0,20915.0,A007820
1873,2018-04-09 11:00:00,12850.0,12900.0,12600.0,12700.0,22285.0,A007820
1874,2018-04-09 13:00:00,12650.0,13050.0,12650.0,12800.0,42296.0,A007820
1875,2018-04-09 15:00:00,12850.0,13050.0,12800.0,13000.0,6795.0,A007820
1876,2018-04-10 09:00:00,13100.0,13800.0,13050.0,13750.0,94390.0,A007820
1877,2018-04-10 11:00:00,13750.0,14300.0,13750.0,13850.0,158873.0,A007820
1878,2018-04-10 13:00:00,13800.0,14050.0,13750.0,13950.0,40557.0,A007820
1879,2018-04-10 15:00:00,14000.0,14050.0,13900.0,14000.0,11610.0,A007820
1880,2018-04-11 09:00:00,13900.0,14200.0,13800.0,13850.0,61151.0,A007820
1881,2018-04-11 11:00:00,13850.0,13900.0,13700.0,13750.0,22547.0,A007820
1882,2018-04-11 13:00:00,13800.0,14150.0,13800.0,13950.0,27327.0,A007820
1883,2018-04-11 15:00:00,13950.0,13950.0,13850.0,13950.0,3057.0,A007820
1884,2018-04-12 09:00:00,13850.0,13900.0,13800.0,13900.0,2509.0,A007820
1885,2018-04-12 11:00:00,13750.0,13950.0,13700.0,13850.0,24204.0,A007820
1886,2018-04-12 13:00:00,13800.0,13950.0,13650.0,13750.0,42576.0,A007820
1887,2018-04-12 15:00:00,13800.0,13900.0,13750.0,13750.0,17454.0,A007820
1888,2018-04-13 09:00:00,13850.0,14000.0,13600.0,13950.0,27926.0,A007820
1889,2018-04-13 11:00:00,14000.0,14000.0,13850.0,13900.0,17571.0,A007820
1890,2018-04-13 13:00:00,13950.0,14050.0,13850.0,13950.0,26495.0,A007820
1891,2018-04-13 15:00:00,13950.0,13950.0,13850.0,13850.0,6239.0,A007820
1892,2018-04-16 09:00:00,13900.0,14150.0,13850.0,13950.0,35778.0,A007820
1893,2018-04-16 11:00:00,13950.0,14150.0,13900.0,14100.0,25467.0,A007820
1894,2018-04-16 13:00:00,14050.0,14200.0,14000.0,14150.0,46975.0,A007820
1895,2018-04-16 15:00:00,14150.0,14200.0,14100.0,14150.0,8340.0,A007820
1896,2018-04-17 09:00:00,14250.0,14250.0,14100.0,14100.0,11849.0,A007820
1897,2018-04-17 11:00:00,14100.0,14250.0,14000.0,14150.0,34445.0,A007820
1898,2018-04-17 13:00:00,14100.0,14200.0,14050.0,14200.0,17798.0,A007820
1899,2018-04-17 15:00:00,14150.0,14300.0,14050.0,14250.0,30189.0,A007820
1900,2018-04-18 09:00:00,14100.0,14200.0,13850.0,14100.0,32309.0,A007820
1901,2018-04-18 11:00:00,14050.0,14200.0,14000.0,14150.0,35776.0,A007820
1902,2018-04-18 13:00:00,14100.0,14150.0,14000.0,14100.0,36145.0,A007820
1903,2018-04-18 15:00:00,14100.0,14150.0,14050.0,14100.0,9148.0,A007820
1904,2018-04-19 09:00:00,14150.0,14250.0,14000.0,14050.0,9439.0,A007820
1905,2018-04-19 11:00:00,14100.0,14650.0,14050.0,14500.0,97527.0,A007820
1906,2018-04-19 13:00:00,14450.0,14500.0,14300.0,14350.0,22772.0,A007820
1907,2018-04-19 15:00:00,14350.0,14400.0,14100.0,14150.0,33124.0,A007820
1908,2018-04-20 09:00:00,14100.0,14600.0,14050.0,14550.0,77252.0,A007820
1909,2018-04-20 11:00:00,14550.0,14750.0,14500.0,14550.0,35671.0,A007820
1910,2018-04-20 13:00:00,14550.0,14600.0,14350.0,14450.0,37362.0,A007820
1911,2018-04-20 15:00:00,14450.0,14500.0,14400.0,14500.0,9970.0,A007820
1912,2018-04-23 09:00:00,14400.0,14550.0,14100.0,14200.0,42318.0,A007820
1913,2018-04-23 11:00:00,14250.0,14300.0,14000.0,14200.0,20912.0,A007820
1914,2018-04-23 13:00:00,14200.0,14250.0,14000.0,14100.0,33832.0,A007820
1915,2018-04-23 15:00:00,14050.0,14150.0,14000.0,14000.0,10097.0,A007820
1916,2018-04-24 09:00:00,14000.0,14250.0,13600.0,13700.0,56407.0,A007820
1917,2018-04-24 11:00:00,13700.0,13900.0,13600.0,13700.0,28909.0,A007820
1918,2018-04-24 13:00:00,13650.0,13800.0,13400.0,13550.0,40875.0,A007820
1919,2018-04-24 15:00:00,13600.0,13600.0,13450.0,13500.0,11438.0,A007820
1920,2018-04-25 09:00:00,13200.0,13350.0,13200.0,13350.0,10495.0,A007820
1921,2018-04-25 11:00:00,13000.0,13350.0,13000.0,13200.0,38005.0,A007820
1922,2018-04-25 13:00:00,13400.0,13600.0,13200.0,13250.0,30930.0,A007820
1923,2018-04-25 15:00:00,13250.0,13400.0,12950.0,13000.0,54150.0,A007820
1924,2018-04-26 09:00:00,13400.0,13500.0,13200.0,13300.0,20805.0,A007820
1925,2018-04-26 11:00:00,13250.0,13400.0,13200.0,13200.0,17181.0,A007820
1926,2018-04-26 13:00:00,13200.0,13400.0,13200.0,13400.0,10243.0,A007820
1927,2018-04-26 15:00:00,13300.0,13600.0,13150.0,13400.0,30763.0,A007820
1928,2018-04-27 09:00:00,13400.0,13500.0,13250.0,13400.0,22299.0,A007820
1929,2018-04-27 11:00:00,13350.0,13400.0,13200.0,13350.0,10091.0,A007820
1930,2018-04-27 13:00:00,13350.0,13450.0,13200.0,13350.0,19420.0,A007820
1931,2018-04-27 15:00:00,13400.0,13500.0,13300.0,13500.0,6066.0,A007820
1932,2018-04-30 09:00:00,13300.0,13350.0,13200.0,13250.0,9373.0,A007820
1933,2018-04-30 11:00:00,13250.0,13400.0,13200.0,13250.0,9257.0,A007820
1934,2018-04-30 13:00:00,13300.0,13350.0,13150.0,13250.0,22663.0,A007820
1935,2018-04-30 15:00:00,13450.0,13700.0,13150.0,13200.0,34575.0,A007820
1936,2018-05-02 09:00:00,13250.0,13300.0,12900.0,13250.0,50454.0,A007820
1937,2018-05-02 11:00:00,13250.0,13650.0,13150.0,13450.0,39208.0,A007820
1938,2018-05-02 13:00:00,13450.0,13500.0,13300.0,13300.0,19073.0,A007820
1939,2018-05-02 15:00:00,13300.0,13450.0,13250.0,13250.0,6684.0,A007820
1940,2018-05-03 09:00:00,13350.0,13400.0,13250.0,13300.0,9230.0,A007820
1941,2018-05-03 11:00:00,13500.0,13500.0,13200.0,13350.0,17361.0,A007820
1942,2018-05-03 13:00:00,13150.0,13400.0,13100.0,13350.0,32080.0,A007820
1943,2018-05-03 15:00:00,13350.0,13550.0,13250.0,13500.0,21555.0,A007820
1944,2018-05-04 09:00:00,13350.0,13350.0,13050.0,13150.0,32694.0,A007820
1945,2018-05-04 11:00:00,13150.0,13300.0,13100.0,13300.0,12350.0,A007820
1946,2018-05-04 13:00:00,13300.0,13400.0,13150.0,13300.0,26126.0,A007820
1947,2018-05-04 15:00:00,13350.0,13350.0,13100.0,13100.0,12375.0,A007820
1948,2018-05-08 09:00:00,13200.0,13800.0,13150.0,13750.0,57650.0,A007820
1949,2018-05-08 11:00:00,13750.0,14100.0,13700.0,13950.0,70316.0,A007820
1950,2018-05-08 13:00:00,13950.0,14000.0,13650.0,13700.0,38766.0,A007820
1951,2018-05-08 15:00:00,13750.0,13800.0,13450.0,13650.0,34294.0,A007820
1952,2018-05-09 09:00:00,14100.0,14100.0,14000.0,14100.0,11127.0,A007820
1953,2018-05-09 11:00:00,13650.0,13850.0,13200.0,13650.0,39539.0,A007820
1954,2018-05-09 13:00:00,13650.0,13950.0,13650.0,13950.0,27009.0,A007820
1955,2018-05-09 15:00:00,13950.0,14100.0,13900.0,14050.0,74331.0,A007820
1956,2018-05-10 09:00:00,14050.0,14050.0,13850.0,14000.0,37027.0,A007820
1957,2018-05-10 11:00:00,13950.0,13950.0,13850.0,13950.0,9421.0,A007820
1958,2018-05-10 13:00:00,13950.0,14000.0,13800.0,13900.0,22149.0,A007820
1959,2018-05-10 15:00:00,13950.0,13950.0,13850.0,13950.0,4954.0,A007820
1960,2018-05-11 09:00:00,13750.0,13950.0,13750.0,13900.0,12078.0,A007820
1961,2018-05-11 11:00:00,13850.0,14000.0,13700.0,13750.0,34649.0,A007820
1962,2018-05-11 13:00:00,13800.0,13800.0,13600.0,13700.0,28987.0,A007820
1963,2018-05-11 15:00:00,13750.0,13850.0,13600.0,13800.0,37694.0,A007820
1964,2018-05-14 09:00:00,13850.0,13900.0,13550.0,13650.0,34989.0,A007820
1965,2018-05-14 11:00:00,13700.0,13700.0,13550.0,13600.0,17428.0,A007820
1966,2018-05-14 13:00:00,13600.0,13750.0,13550.0,13750.0,22234.0,A007820
1967,2018-05-14 15:00:00,13700.0,13750.0,13600.0,13700.0,16227.0,A007820
1968,2018-05-15 09:00:00,13700.0,13800.0,13500.0,13600.0,22443.0,A007820
1969,2018-05-15 11:00:00,13600.0,13700.0,13600.0,13700.0,6362.0,A007820
1970,2018-05-15 13:00:00,13700.0,13700.0,13450.0,13600.0,24152.0,A007820
1971,2018-05-15 15:00:00,13600.0,13700.0,13500.0,13700.0,10978.0,A007820
1972,2018-05-16 09:00:00,13150.0,13350.0,13100.0,13350.0,20743.0,A007820
1973,2018-05-16 11:00:00,13350.0,13500.0,13000.0,13250.0,61374.0,A007820
1974,2018-05-16 13:00:00,13250.0,13350.0,13150.0,13200.0,19425.0,A007820
1975,2018-05-16 15:00:00,13150.0,13250.0,13000.0,13200.0,67472.0,A007820
1976,2018-05-17 09:00:00,13350.0,13400.0,12950.0,13200.0,28942.0,A007820
1977,2018-05-17 11:00:00,13200.0,13200.0,13000.0,13100.0,14627.0,A007820
1978,2018-05-17 13:00:00,13100.0,13150.0,13000.0,13100.0,38599.0,A007820
1979,2018-05-17 15:00:00,13100.0,13300.0,13050.0,13300.0,19698.0,A007820
1980,2018-05-18 09:00:00,13600.0,13700.0,13550.0,13650.0,18362.0,A007820
1981,2018-05-18 11:00:00,13250.0,13400.0,13000.0,13350.0,38872.0,A007820
1982,2018-05-18 13:00:00,13300.0,13400.0,13300.0,13350.0,10592.0,A007820
1983,2018-05-18 15:00:00,13350.0,13600.0,13300.0,13600.0,31461.0,A007820
1984,2018-05-21 09:00:00,13600.0,13900.0,13500.0,13900.0,38643.0,A007820
1985,2018-05-21 11:00:00,13900.0,13950.0,13800.0,13950.0,17726.0,A007820
1986,2018-05-21 13:00:00,13950.0,14000.0,13850.0,13900.0,22493.0,A007820
1987,2018-05-21 15:00:00,13900.0,13950.0,13800.0,13900.0,9954.0,A007820
1988,2018-05-23 09:00:00,13800.0,14450.0,13700.0,14350.0,94911.0,A007820
1989,2018-05-23 11:00:00,14350.0,14450.0,14300.0,14400.0,31331.0,A007820
1990,2018-05-23 13:00:00,14400.0,14400.0,14100.0,14200.0,43549.0,A007820
1991,2018-05-23 15:00:00,14200.0,14350.0,14200.0,14350.0,15906.0,A007820
1992,2018-05-24 09:00:00,14350.0,14400.0,14150.0,14200.0,38561.0,A007820
1993,2018-05-24 11:00:00,14200.0,14200.0,14050.0,14100.0,16490.0,A007820
1994,2018-05-24 13:00:00,14150.0,14250.0,14100.0,14250.0,16020.0,A007820
1995,2018-05-24 15:00:00,14250.0,14300.0,14200.0,14300.0,9511.0,A007820
1996,2018-05-25 09:00:00,14150.0,14200.0,14050.0,14050.0,15726.0,A007820
1997,2018-05-25 11:00:00,14100.0,14200.0,14050.0,14200.0,6088.0,A007820
1998,2018-05-25 13:00:00,14100.0,14200.0,14100.0,14150.0,8864.0,A007820
1999,2018-05-25 15:00:00,13950.0,14250.0,13800.0,14100.0,31137.0,A007820
2000,2018-05-28 09:00:00,13850.0,13900.0,13850.0,13900.0,11164.0,A007820
2001,2018-05-28 11:00:00,14000.0,14200.0,13650.0,13950.0,36397.0,A007820
2002,2018-05-28 13:00:00,13900.0,13950.0,13750.0,13850.0,9721.0,A007820
2003,2018-05-28 15:00:00,13850.0,13900.0,13650.0,13900.0,23820.0,A007820
2004,2018-05-29 09:00:00,13850.0,13900.0,13550.0,13600.0,37313.0,A007820
2005,2018-05-29 11:00:00,13600.0,13700.0,13500.0,13600.0,26195.0,A007820
2006,2018-05-29 13:00:00,13600.0,13700.0,13500.0,13600.0,20449.0,A007820
2007,2018-05-29 15:00:00,13600.0,13700.0,13550.0,13550.0,13449.0,A007820
2008,2018-05-30 09:00:00,13600.0,13600.0,13150.0,13150.0,31455.0,A007820
2009,2018-05-30 11:00:00,13150.0,13250.0,13050.0,13100.0,31043.0,A007820
2010,2018-05-30 13:00:00,13100.0,13600.0,13100.0,13550.0,35695.0,A007820
2011,2018-05-30 15:00:00,13600.0,13750.0,13500.0,13700.0,13699.0,A007820
2012,2018-05-31 09:00:00,13500.0,13550.0,13350.0,13450.0,19580.0,A007820
2013,2018-05-31 11:00:00,13450.0,13550.0,13450.0,13500.0,2158.0,A007820
2014,2018-05-31 13:00:00,13500.0,13750.0,13500.0,13550.0,26235.0,A007820
2015,2018-05-31 15:00:00,13550.0,13650.0,13400.0,13650.0,14204.0,A007820
2016,2018-06-01 09:00:00,13350.0,13500.0,13350.0,13500.0,6317.0,A007820
2017,2018-06-01 11:00:00,13400.0,13450.0,13300.0,13350.0,27972.0,A007820
2018,2018-06-01 13:00:00,13450.0,13550.0,13400.0,13450.0,13102.0,A007820
2019,2018-06-01 15:00:00,13750.0,14000.0,13450.0,13450.0,26108.0,A007820
2020,2018-06-04 09:00:00,13450.0,13550.0,13350.0,13500.0,16228.0,A007820
2021,2018-06-04 11:00:00,13450.0,13800.0,13350.0,13750.0,23803.0,A007820
2022,2018-06-04 13:00:00,13750.0,13750.0,13500.0,13550.0,8831.0,A007820
2023,2018-06-04 15:00:00,13550.0,13650.0,13400.0,13400.0,21455.0,A007820
2024,2018-06-05 09:00:00,13500.0,13800.0,13450.0,13650.0,31297.0,A007820
2025,2018-06-05 11:00:00,13700.0,13750.0,13600.0,13650.0,13926.0,A007820
2026,2018-06-05 13:00:00,13650.0,13750.0,13650.0,13750.0,11114.0,A007820
2027,2018-06-05 15:00:00,13750.0,13800.0,13700.0,13800.0,6485.0,A007820
2028,2018-06-07 09:00:00,14000.0,14000.0,13700.0,13850.0,32407.0,A007820
2029,2018-06-07 11:00:00,13800.0,13900.0,13600.0,13650.0,30191.0,A007820
2030,2018-06-07 13:00:00,13650.0,13800.0,13650.0,13800.0,6483.0,A007820
2031,2018-06-07 15:00:00,13750.0,14300.0,13750.0,13950.0,69567.0,A007820
2032,2018-06-08 09:00:00,13600.0,13750.0,13550.0,13650.0,26679.0,A007820
2033,2018-06-08 11:00:00,13650.0,13700.0,13550.0,13550.0,7377.0,A007820
2034,2018-06-08 13:00:00,13550.0,13650.0,13500.0,13600.0,14037.0,A007820
2035,2018-06-08 15:00:00,13600.0,13650.0,13550.0,13650.0,5081.0,A007820
2036,2018-06-11 09:00:00,13600.0,13650.0,13500.0,13650.0,5239.0,A007820
2037,2018-06-11 11:00:00,13550.0,13650.0,13450.0,13600.0,21128.0,A007820
2038,2018-06-11 13:00:00,13650.0,13750.0,13500.0,13650.0,13913.0,A007820
2039,2018-06-11 15:00:00,13600.0,13650.0,13550.0,13600.0,3463.0,A007820
2040,2018-06-12 09:00:00,13650.0,13750.0,13600.0,13600.0,9706.0,A007820
2041,2018-06-12 11:00:00,13600.0,13750.0,13550.0,13650.0,5806.0,A007820
2042,2018-06-12 13:00:00,13650.0,13650.0,13500.0,13650.0,8823.0,A007820
2043,2018-06-12 15:00:00,13600.0,13700.0,13500.0,13650.0,10688.0,A007820
2044,2018-06-14 09:00:00,13600.0,13700.0,13450.0,13500.0,16283.0,A007820
2045,2018-06-14 11:00:00,13450.0,13550.0,13350.0,13400.0,12945.0,A007820
2046,2018-06-14 13:00:00,13400.0,13500.0,13200.0,13350.0,41829.0,A007820
2047,2018-06-14 15:00:00,13300.0,13350.0,13150.0,13350.0,51478.0,A007820
2048,2018-06-15 09:00:00,13350.0,13450.0,13300.0,13400.0,16917.0,A007820
2049,2018-06-15 11:00:00,13150.0,13350.0,13100.0,13250.0,12411.0,A007820
2050,2018-06-15 13:00:00,13250.0,13350.0,13100.0,13350.0,24494.0,A007820
2051,2018-06-15 15:00:00,13250.0,13400.0,13000.0,13150.0,41298.0,A007820
2052,2018-06-18 09:00:00,13150.0,13250.0,12950.0,13000.0,47118.0,A007820
2053,2018-06-18 11:00:00,13000.0,13050.0,12750.0,12900.0,42250.0,A007820
2054,2018-06-18 13:00:00,12950.0,13000.0,12750.0,12750.0,50163.0,A007820
2055,2018-06-18 15:00:00,12750.0,13000.0,12700.0,13000.0,17749.0,A007820
2056,2018-06-19 09:00:00,12400.0,12650.0,12200.0,12500.0,42518.0,A007820
2057,2018-06-19 11:00:00,12650.0,12800.0,12300.0,12400.0,46523.0,A007820
2058,2018-06-19 13:00:00,12950.0,13100.0,12800.0,12900.0,37884.0,A007820
2059,2018-06-19 15:00:00,12900.0,12950.0,12550.0,12700.0,20360.0,A007820
2060,2018-06-20 09:00:00,12550.0,12700.0,12000.0,12100.0,47684.0,A007820
2061,2018-06-20 11:00:00,12100.0,12150.0,11850.0,12000.0,40897.0,A007820
2062,2018-06-20 13:00:00,12000.0,12300.0,12000.0,12300.0,19564.0,A007820
2063,2018-06-20 15:00:00,12300.0,12350.0,12050.0,12250.0,13449.0,A007820
2064,2018-06-21 09:00:00,12100.0,12100.0,11850.0,12000.0,30692.0,A007820
2065,2018-06-21 11:00:00,11950.0,12000.0,11600.0,11750.0,47298.0,A007820
2066,2018-06-21 13:00:00,11750.0,11800.0,11400.0,11600.0,101043.0,A007820
2067,2018-06-21 15:00:00,11550.0,11600.0,11250.0,11550.0,45494.0,A007820
2068,2018-06-22 09:00:00,11850.0,12050.0,11850.0,12050.0,16529.0,A007820
2069,2018-06-22 11:00:00,11500.0,11500.0,11150.0,11400.0,45292.0,A007820
2070,2018-06-22 13:00:00,11400.0,11450.0,11100.0,11200.0,34645.0,A007820
2071,2018-06-22 15:00:00,11200.0,12050.0,11100.0,11850.0,90648.0,A007820
2072,2018-06-25 09:00:00,11950.0,12700.0,11800.0,12700.0,97520.0,A007820
2073,2018-06-25 11:00:00,12650.0,12900.0,12650.0,12850.0,65137.0,A007820
2074,2018-06-25 13:00:00,12850.0,12850.0,12450.0,12550.0,30775.0,A007820
2075,2018-06-25 15:00:00,12500.0,12650.0,12450.0,12650.0,17043.0,A007820
2076,2018-06-26 09:00:00,12550.0,12550.0,12400.0,12500.0,16884.0,A007820
2077,2018-06-26 11:00:00,12500.0,12800.0,12350.0,12450.0,26818.0,A007820
2078,2018-06-26 13:00:00,12400.0,12650.0,12350.0,12450.0,17121.0,A007820
2079,2018-06-26 15:00:00,12500.0,12600.0,12400.0,12550.0,12431.0,A007820
2080,2018-06-27 09:00:00,12500.0,12600.0,12300.0,12400.0,18085.0,A007820
2081,2018-06-27 11:00:00,12450.0,12600.0,12400.0,12550.0,7008.0,A007820
2082,2018-06-27 13:00:00,12550.0,12550.0,12400.0,12450.0,6491.0,A007820
2083,2018-06-27 15:00:00,12500.0,13000.0,12350.0,12550.0,69734.0,A007820
2084,2018-06-28 09:00:00,12200.0,12400.0,11800.0,12200.0,96925.0,A007820
2085,2018-06-28 11:00:00,12200.0,12200.0,12050.0,12100.0,6275.0,A007820
2086,2018-06-28 13:00:00,12100.0,12150.0,11850.0,11900.0,33201.0,A007820
2087,2018-06-28 15:00:00,11900.0,12200.0,11800.0,12100.0,24775.0,A007820
2088,2018-06-29 09:00:00,12300.0,12300.0,12100.0,12250.0,13966.0,A007820
2089,2018-06-29 11:00:00,12150.0,12350.0,11950.0,12250.0,23666.0,A007820
2090,2018-06-29 13:00:00,12250.0,12350.0,12150.0,12300.0,9100.0,A007820
2091,2018-06-29 15:00:00,12050.0,12200.0,11850.0,12100.0,19982.0,A007820
2092,2018-07-02 09:00:00,12150.0,12200.0,11950.0,12150.0,24453.0,A007820
2093,2018-07-02 11:00:00,12100.0,12250.0,12100.0,12150.0,9576.0,A007820
2094,2018-07-02 13:00:00,12150.0,12150.0,11850.0,11900.0,25336.0,A007820
2095,2018-07-02 15:00:00,11900.0,12000.0,11700.0,11900.0,16029.0,A007820
2096,2018-07-03 09:00:00,11750.0,12000.0,11650.0,12000.0,22050.0,A007820
2097,2018-07-03 11:00:00,11600.0,11800.0,11450.0,11750.0,42406.0,A007820
2098,2018-07-03 13:00:00,11900.0,12050.0,11600.0,11750.0,27225.0,A007820
2099,2018-07-03 15:00:00,11750.0,11900.0,11550.0,11600.0,11161.0,A007820
2100,2018-07-04 09:00:00,11800.0,12050.0,11800.0,12000.0,9574.0,A007820
2101,2018-07-04 11:00:00,11950.0,11950.0,11850.0,11900.0,5954.0,A007820
2102,2018-07-04 13:00:00,11850.0,11900.0,11800.0,11850.0,5253.0,A007820
2103,2018-07-04 15:00:00,11800.0,11950.0,11800.0,11850.0,6529.0,A007820
2104,2018-07-05 09:00:00,11900.0,11950.0,11600.0,11800.0,21651.0,A007820
2105,2018-07-05 11:00:00,11750.0,11950.0,11600.0,11600.0,13157.0,A007820
2106,2018-07-05 13:00:00,11600.0,11900.0,11450.0,11900.0,32145.0,A007820
2107,2018-07-05 15:00:00,11900.0,12050.0,11800.0,12050.0,12971.0,A007820
2108,2018-07-06 09:00:00,12300.0,12650.0,12200.0,12550.0,38228.0,A007820
2109,2018-07-06 11:00:00,12000.0,12200.0,11900.0,12150.0,16119.0,A007820
2110,2018-07-06 13:00:00,12050.0,12050.0,11800.0,11850.0,9797.0,A007820
2111,2018-07-06 15:00:00,11900.0,12300.0,11800.0,12300.0,67797.0,A007820
2112,2018-07-09 09:00:00,12350.0,12650.0,12250.0,12550.0,28482.0,A007820
2113,2018-07-09 11:00:00,12500.0,12600.0,12400.0,12600.0,16169.0,A007820
2114,2018-07-09 13:00:00,12600.0,12600.0,12300.0,12350.0,15740.0,A007820
2115,2018-07-09 15:00:00,12300.0,12450.0,12300.0,12450.0,5616.0,A007820
2116,2018-07-10 09:00:00,12600.0,12600.0,12550.0,12600.0,6394.0,A007820
2117,2018-07-10 11:00:00,12400.0,12650.0,12300.0,12450.0,16894.0,A007820
2118,2018-07-10 13:00:00,12450.0,12550.0,12400.0,12550.0,7497.0,A007820
2119,2018-07-10 15:00:00,12550.0,12700.0,12500.0,12600.0,17868.0,A007820
2120,2018-07-11 09:00:00,12500.0,12500.0,12250.0,12250.0,16752.0,A007820
2121,2018-07-11 11:00:00,12250.0,12500.0,12250.0,12450.0,3149.0,A007820
2122,2018-07-11 13:00:00,12450.0,12500.0,12200.0,12200.0,16315.0,A007820
2123,2018-07-11 15:00:00,12200.0,12350.0,12100.0,12350.0,6906.0,A007820
2124,2018-07-12 09:00:00,12250.0,12350.0,11900.0,12250.0,17239.0,A007820
2125,2018-07-12 11:00:00,12250.0,12400.0,12200.0,12300.0,10940.0,A007820
2126,2018-07-12 13:00:00,12300.0,12400.0,12150.0,12250.0,9566.0,A007820
2127,2018-07-12 15:00:00,12250.0,12300.0,12250.0,12250.0,1457.0,A007820
2128,2018-07-13 09:00:00,12550.0,12600.0,12500.0,12600.0,2381.0,A007820
2129,2018-07-13 11:00:00,12150.0,12600.0,12100.0,12450.0,26567.0,A007820
2130,2018-07-13 13:00:00,12500.0,12500.0,12300.0,12350.0,9157.0,A007820
2131,2018-07-13 15:00:00,12350.0,12600.0,12300.0,12600.0,18329.0,A007820
2132,2018-07-16 09:00:00,12650.0,12750.0,12450.0,12500.0,15717.0,A007820
2133,2018-07-16 11:00:00,12500.0,12550.0,12450.0,12500.0,4830.0,A007820
2134,2018-07-16 13:00:00,12500.0,12750.0,12500.0,12650.0,34478.0,A007820
2135,2018-07-16 15:00:00,12650.0,12750.0,12650.0,12750.0,13774.0,A007820
2136,2018-07-17 09:00:00,12650.0,12700.0,12600.0,12650.0,8331.0,A007820
2137,2018-07-17 11:00:00,12700.0,13100.0,12600.0,12700.0,69691.0,A007820
2138,2018-07-17 13:00:00,12700.0,12750.0,12650.0,12700.0,11519.0,A007820
2139,2018-07-17 15:00:00,12700.0,12750.0,12550.0,12650.0,14968.0,A007820
2140,2018-07-18 09:00:00,12700.0,12900.0,12550.0,12750.0,21338.0,A007820
2141,2018-07-18 11:00:00,12750.0,12850.0,12750.0,12850.0,9987.0,A007820
2142,2018-07-18 13:00:00,12850.0,12850.0,12600.0,12700.0,28151.0,A007820
2143,2018-07-18 15:00:00,12700.0,12850.0,12650.0,12850.0,10175.0,A007820
2144,2018-07-19 09:00:00,12800.0,12850.0,12600.0,12650.0,15019.0,A007820
2145,2018-07-19 11:00:00,12650.0,12650.0,12550.0,12600.0,9988.0,A007820
2146,2018-07-19 13:00:00,12600.0,12750.0,12500.0,12750.0,21322.0,A007820
2147,2018-07-19 15:00:00,12650.0,12700.0,12500.0,12700.0,7520.0,A007820
2148,2018-07-20 09:00:00,12550.0,12700.0,12550.0,12550.0,11677.0,A007820
2149,2018-07-20 11:00:00,12550.0,12650.0,12550.0,12600.0,4522.0,A007820
2150,2018-07-20 13:00:00,12600.0,12650.0,12500.0,12600.0,15450.0,A007820
2151,2018-07-20 15:00:00,12600.0,12650.0,12550.0,12650.0,10008.0,A007820
2152,2018-07-23 09:00:00,12200.0,12300.0,11950.0,12200.0,34250.0,A007820
2153,2018-07-23 11:00:00,12550.0,12550.0,12300.0,12450.0,7662.0,A007820
2154,2018-07-23 13:00:00,12700.0,12750.0,12500.0,12600.0,13539.0,A007820
2155,2018-07-23 15:00:00,12450.0,12450.0,12150.0,12200.0,26599.0,A007820
2156,2018-07-24 09:00:00,12500.0,12550.0,12350.0,12400.0,5800.0,A007820
2157,2018-07-24 11:00:00,12500.0,12550.0,12450.0,12450.0,6894.0,A007820
2158,2018-07-24 13:00:00,12150.0,12550.0,12050.0,12500.0,25565.0,A007820
2159,2018-07-24 15:00:00,12400.0,12500.0,12250.0,12500.0,18577.0,A007820
2160,2018-07-25 09:00:00,12300.0,12400.0,12050.0,12200.0,26757.0,A007820
2161,2018-07-25 11:00:00,12200.0,12250.0,12050.0,12200.0,5338.0,A007820
2162,2018-07-25 13:00:00,12150.0,12300.0,12050.0,12050.0,17907.0,A007820
2163,2018-07-25 15:00:00,12050.0,12200.0,11950.0,12150.0,12551.0,A007820
2164,2018-07-26 09:00:00,12200.0,12450.0,12050.0,12250.0,14746.0,A007820
2165,2018-07-26 11:00:00,12250.0,12400.0,12050.0,12250.0,10949.0,A007820
2166,2018-07-26 13:00:00,12200.0,12750.0,12200.0,12750.0,44371.0,A007820
2167,2018-07-26 15:00:00,12750.0,12800.0,12650.0,12750.0,27233.0,A007820
2168,2018-07-27 09:00:00,12850.0,13850.0,12700.0,13600.0,350730.0,A007820
2169,2018-07-27 11:00:00,13650.0,14000.0,13650.0,13800.0,83497.0,A007820
2170,2018-07-27 13:00:00,13800.0,14100.0,13800.0,14050.0,123308.0,A007820
2171,2018-07-27 15:00:00,14050.0,14050.0,13900.0,13900.0,48529.0,A007820
2172,2018-07-30 09:00:00,14000.0,14100.0,13900.0,14000.0,33981.0,A007820
2173,2018-07-30 11:00:00,14000.0,14000.0,13800.0,13850.0,21107.0,A007820
2174,2018-07-30 13:00:00,13900.0,14150.0,13750.0,14050.0,99147.0,A007820
2175,2018-07-30 15:00:00,14050.0,14100.0,13950.0,14050.0,17563.0,A007820
2176,2018-07-31 09:00:00,13650.0,14000.0,13600.0,13850.0,35257.0,A007820
2177,2018-07-31 11:00:00,13850.0,13850.0,13700.0,13800.0,12571.0,A007820
2178,2018-07-31 13:00:00,13850.0,13950.0,13800.0,13950.0,22166.0,A007820
2179,2018-07-31 15:00:00,13950.0,14000.0,13900.0,14000.0,12928.0,A007820
2180,2018-08-01 09:00:00,14150.0,14150.0,13600.0,13750.0,74054.0,A007820
2181,2018-08-01 11:00:00,13750.0,13850.0,13650.0,13750.0,31269.0,A007820
2182,2018-08-01 13:00:00,13750.0,13900.0,13700.0,13750.0,18837.0,A007820
2183,2018-08-01 15:00:00,13850.0,13900.0,13750.0,13850.0,7237.0,A007820
2184,2018-08-02 09:00:00,13700.0,13700.0,13600.0,13700.0,8899.0,A007820
2185,2018-08-02 11:00:00,13900.0,13950.0,13650.0,13800.0,34578.0,A007820
2186,2018-08-02 13:00:00,13800.0,13850.0,13700.0,13750.0,5901.0,A007820
2187,2018-08-02 15:00:00,13750.0,13750.0,13600.0,13650.0,24910.0,A007820
2188,2018-08-03 09:00:00,13600.0,13950.0,13550.0,13900.0,31639.0,A007820
2189,2018-08-03 11:00:00,13850.0,14150.0,13800.0,13850.0,58975.0,A007820
2190,2018-08-03 13:00:00,13850.0,14100.0,13750.0,14100.0,41518.0,A007820
2191,2018-08-03 15:00:00,14100.0,14100.0,14000.0,14100.0,15039.0,A007820
2192,2018-08-06 09:00:00,13950.0,14000.0,13850.0,13850.0,4626.0,A007820
2193,2018-08-06 11:00:00,14000.0,14050.0,13800.0,13900.0,17263.0,A007820
2194,2018-08-06 13:00:00,14100.0,14150.0,13850.0,14050.0,38406.0,A007820
2195,2018-08-06 15:00:00,13900.0,14000.0,13850.0,13950.0,24033.0,A007820
2196,2018-08-07 09:00:00,13850.0,13950.0,13700.0,13750.0,15664.0,A007820
2197,2018-08-07 11:00:00,13750.0,13800.0,13700.0,13800.0,4464.0,A007820
2198,2018-08-07 13:00:00,13750.0,13950.0,13700.0,13950.0,11437.0,A007820
2199,2018-08-07 15:00:00,13950.0,14050.0,13950.0,13950.0,11735.0,A007820
2200,2018-08-08 09:00:00,13950.0,14000.0,13800.0,13800.0,15950.0,A007820
2201,2018-08-08 11:00:00,13800.0,13900.0,13750.0,13800.0,4386.0,A007820
2202,2018-08-08 13:00:00,13850.0,13950.0,13650.0,13750.0,29644.0,A007820
2203,2018-08-08 15:00:00,13750.0,13850.0,13700.0,13850.0,8717.0,A007820
2204,2018-08-09 09:00:00,13700.0,13850.0,13700.0,13700.0,20263.0,A007820
2205,2018-08-09 11:00:00,13850.0,13900.0,13650.0,13650.0,27425.0,A007820
2206,2018-08-09 13:00:00,13700.0,13800.0,13500.0,13700.0,17944.0,A007820
2207,2018-08-09 15:00:00,13700.0,13700.0,13550.0,13700.0,13017.0,A007820
2208,2018-08-10 09:00:00,13750.0,13750.0,13100.0,13350.0,58502.0,A007820
2209,2018-08-10 11:00:00,13350.0,13450.0,13300.0,13300.0,11963.0,A007820
2210,2018-08-10 13:00:00,13300.0,13400.0,13150.0,13350.0,48100.0,A007820
2211,2018-08-10 15:00:00,13350.0,13400.0,13250.0,13400.0,17276.0,A007820
2212,2018-08-13 09:00:00,12900.0,12900.0,12550.0,12850.0,39920.0,A007820
2213,2018-08-13 11:00:00,13250.0,13250.0,12950.0,13000.0,37697.0,A007820
2214,2018-08-13 13:00:00,13000.0,13000.0,12900.0,12950.0,8440.0,A007820
2215,2018-08-13 15:00:00,12950.0,13050.0,12800.0,12900.0,30469.0,A007820
2216,2018-08-14 09:00:00,12700.0,12950.0,12600.0,12750.0,18529.0,A007820
2217,2018-08-14 11:00:00,12700.0,12700.0,12250.0,12300.0,27965.0,A007820
2218,2018-08-14 13:00:00,12350.0,12700.0,12250.0,12700.0,52587.0,A007820
2219,2018-08-14 15:00:00,12600.0,12850.0,12600.0,12850.0,26711.0,A007820
2220,2018-08-16 09:00:00,12750.0,12850.0,12450.0,12700.0,23660.0,A007820
2221,2018-08-16 11:00:00,12700.0,12800.0,12600.0,12700.0,7436.0,A007820
2222,2018-08-16 13:00:00,12700.0,12850.0,12650.0,12850.0,10553.0,A007820
2223,2018-08-16 15:00:00,12800.0,12850.0,12800.0,12800.0,1874.0,A007820
2224,2018-08-17 09:00:00,12850.0,13150.0,12700.0,12750.0,16397.0,A007820
2225,2018-08-17 11:00:00,12800.0,12800.0,12650.0,12700.0,6834.0,A007820
2226,2018-08-17 13:00:00,12800.0,12850.0,12700.0,12750.0,7572.0,A007820
2227,2018-08-17 15:00:00,12750.0,12800.0,12700.0,12750.0,4682.0,A007820
2228,2018-08-20 09:00:00,12800.0,12850.0,12750.0,12800.0,10378.0,A007820
2229,2018-08-20 11:00:00,12650.0,12800.0,12600.0,12800.0,10561.0,A007820
2230,2018-08-20 13:00:00,12700.0,12850.0,12600.0,12600.0,9407.0,A007820
2231,2018-08-20 15:00:00,12600.0,12800.0,12550.0,12650.0,6529.0,A007820
2232,2018-08-21 09:00:00,12800.0,12900.0,12800.0,12900.0,9307.0,A007820
2233,2018-08-21 11:00:00,12900.0,13100.0,12800.0,13000.0,29591.0,A007820
2234,2018-08-21 13:00:00,13050.0,13050.0,13000.0,13050.0,5017.0,A007820
2235,2018-08-21 15:00:00,12700.0,12800.0,12550.0,12800.0,30653.0,A007820
2236,2018-08-22 09:00:00,12900.0,13200.0,12850.0,13100.0,23443.0,A007820
2237,2018-08-22 11:00:00,13100.0,13100.0,13000.0,13050.0,9055.0,A007820
2238,2018-08-22 13:00:00,13050.0,13350.0,13000.0,13150.0,29435.0,A007820
2239,2018-08-22 15:00:00,13150.0,13200.0,13100.0,13200.0,8397.0,A007820
2240,2018-08-23 09:00:00,13050.0,13250.0,13050.0,13250.0,7553.0,A007820
2241,2018-08-23 11:00:00,13150.0,13200.0,13000.0,13050.0,16224.0,A007820
2242,2018-08-23 13:00:00,13050.0,13200.0,12950.0,13050.0,18042.0,A007820
2243,2018-08-23 15:00:00,13100.0,13350.0,13050.0,13150.0,30592.0,A007820
2244,2018-08-24 09:00:00,13250.0,13400.0,13000.0,13300.0,24941.0,A007820
2245,2018-08-24 11:00:00,13300.0,13300.0,13100.0,13200.0,4982.0,A007820
2246,2018-08-24 13:00:00,13200.0,13650.0,13150.0,13600.0,77682.0,A007820
2247,2018-08-24 15:00:00,13600.0,13700.0,13600.0,13700.0,22814.0,A007820
2248,2018-08-27 09:00:00,13600.0,13700.0,13550.0,13700.0,8168.0,A007820
2249,2018-08-27 11:00:00,13700.0,13750.0,13550.0,13600.0,20057.0,A007820
2250,2018-08-27 13:00:00,13700.0,13700.0,13450.0,13600.0,20387.0,A007820
2251,2018-08-27 15:00:00,13650.0,13700.0,13550.0,13700.0,8333.0,A007820
2252,2018-08-28 09:00:00,13650.0,13900.0,13500.0,13650.0,27776.0,A007820
2253,2018-08-28 11:00:00,13650.0,13700.0,13550.0,13600.0,6657.0,A007820
2254,2018-08-28 13:00:00,13550.0,13650.0,13450.0,13450.0,15242.0,A007820
2255,2018-08-28 15:00:00,13450.0,13550.0,13350.0,13500.0,10806.0,A007820
2256,2018-08-29 09:00:00,13450.0,14550.0,13450.0,14200.0,301563.0,A007820
2257,2018-08-29 11:00:00,14250.0,14300.0,14050.0,14250.0,53994.0,A007820
2258,2018-08-29 13:00:00,14250.0,14450.0,14100.0,14400.0,71833.0,A007820
2259,2018-08-29 15:00:00,14400.0,14500.0,14300.0,14400.0,56429.0,A007820
2260,2018-08-30 09:00:00,14200.0,14250.0,14100.0,14250.0,38210.0,A007820
2261,2018-08-30 11:00:00,14200.0,14400.0,14000.0,14050.0,85055.0,A007820
2262,2018-08-30 13:00:00,14100.0,14100.0,13900.0,14000.0,50093.0,A007820
2263,2018-08-30 15:00:00,13950.0,14200.0,13900.0,14200.0,64717.0,A007820
2264,2018-08-31 09:00:00,14200.0,14300.0,13950.0,14000.0,93704.0,A007820
2265,2018-08-31 11:00:00,14000.0,14100.0,13900.0,14000.0,51589.0,A007820
2266,2018-08-31 13:00:00,14000.0,14050.0,13800.0,14000.0,45522.0,A007820
2267,2018-08-31 15:00:00,14050.0,14200.0,14000.0,14100.0,21673.0,A007820
2268,2018-09-03 09:00:00,14250.0,14500.0,14250.0,14500.0,21556.0,A007820
2269,2018-09-03 11:00:00,14100.0,14650.0,13950.0,14600.0,255409.0,A007820
2270,2018-09-03 13:00:00,14600.0,14700.0,14450.0,14600.0,98288.0,A007820
2271,2018-09-03 15:00:00,14550.0,14650.0,14150.0,14250.0,139775.0,A007820
2272,2018-09-04 09:00:00,14400.0,14550.0,14100.0,14150.0,91415.0,A007820
2273,2018-09-04 11:00:00,14150.0,14200.0,13850.0,14000.0,70768.0,A007820
2274,2018-09-04 13:00:00,14050.0,14350.0,14000.0,14250.0,51724.0,A007820
2275,2018-09-04 15:00:00,14250.0,14300.0,14150.0,14250.0,13481.0,A007820
2276,2018-09-05 09:00:00,14000.0,14200.0,13750.0,14100.0,78136.0,A007820
2277,2018-09-05 11:00:00,14100.0,14200.0,13900.0,14000.0,22086.0,A007820
2278,2018-09-05 13:00:00,14000.0,14100.0,13650.0,13650.0,70366.0,A007820
2279,2018-09-05 15:00:00,13650.0,13800.0,13600.0,13800.0,39310.0,A007820
2280,2018-09-06 09:00:00,13900.0,13950.0,13900.0,13950.0,15516.0,A007820
2281,2018-09-06 11:00:00,13750.0,13950.0,13550.0,13900.0,65505.0,A007820
2282,2018-09-06 13:00:00,13950.0,14050.0,13750.0,13800.0,38465.0,A007820
2283,2018-09-06 15:00:00,13800.0,13900.0,13700.0,13900.0,28630.0,A007820
2284,2018-09-07 09:00:00,14000.0,14950.0,13950.0,14650.0,582128.0,A007820
2285,2018-09-07 11:00:00,14700.0,15100.0,14650.0,14950.0,240452.0,A007820
2286,2018-09-07 13:00:00,15000.0,15250.0,14800.0,15150.0,249639.0,A007820
2287,2018-09-07 15:00:00,15150.0,15300.0,15100.0,15150.0,107006.0,A007820
2288,2018-09-10 09:00:00,15150.0,15200.0,15100.0,15200.0,20920.0,A007820
2289,2018-09-10 11:00:00,15050.0,15300.0,14850.0,15050.0,228132.0,A007820
2290,2018-09-10 13:00:00,15050.0,15150.0,15000.0,15050.0,41111.0,A007820
2291,2018-09-10 15:00:00,15050.0,15250.0,15050.0,15150.0,83790.0,A007820
2292,2018-09-11 09:00:00,15100.0,15750.0,15050.0,15550.0,187190.0,A007820
2293,2018-09-11 11:00:00,15550.0,15650.0,15250.0,15500.0,72374.0,A007820
2294,2018-09-11 13:00:00,15500.0,15500.0,15200.0,15450.0,79972.0,A007820
2295,2018-09-11 15:00:00,15400.0,15500.0,15250.0,15500.0,38841.0,A007820
2296,2018-09-12 09:00:00,15350.0,15400.0,14500.0,14700.0,350899.0,A007820
2297,2018-09-12 11:00:00,14650.0,14800.0,14550.0,14700.0,65574.0,A007820
2298,2018-09-12 13:00:00,14700.0,14750.0,14600.0,14650.0,63065.0,A007820
2299,2018-09-12 15:00:00,14650.0,14750.0,14650.0,14700.0,36316.0,A007820
2300,2018-09-13 09:00:00,14650.0,14850.0,14400.0,14700.0,116542.0,A007820
2301,2018-09-13 11:00:00,14700.0,14800.0,14650.0,14700.0,23295.0,A007820
2302,2018-09-13 13:00:00,14700.0,14700.0,14550.0,14650.0,41545.0,A007820
2303,2018-09-13 15:00:00,14650.0,14750.0,14650.0,14750.0,45204.0,A007820
2304,2018-09-14 09:00:00,14650.0,14900.0,14550.0,14700.0,64903.0,A007820
2305,2018-09-14 11:00:00,14650.0,14800.0,14650.0,14800.0,19732.0,A007820
2306,2018-09-14 13:00:00,14750.0,14800.0,14550.0,14650.0,53969.0,A007820
2307,2018-09-14 15:00:00,14650.0,14750.0,14550.0,14700.0,25174.0,A007820
2308,2018-09-17 09:00:00,14600.0,15250.0,14200.0,14300.0,312332.0,A007820
2309,2018-09-17 11:00:00,14350.0,14450.0,14050.0,14250.0,114626.0,A007820
2310,2018-09-17 13:00:00,14250.0,14450.0,14250.0,14450.0,24232.0,A007820
2311,2018-09-17 15:00:00,14800.0,15050.0,14550.0,14550.0,90783.0,A007820
2312,2018-09-18 09:00:00,14350.0,14350.0,13850.0,13850.0,186664.0,A007820
2313,2018-09-18 11:00:00,13900.0,14050.0,13700.0,13700.0,151757.0,A007820
2314,2018-09-18 13:00:00,13700.0,13850.0,13550.0,13650.0,178388.0,A007820
2315,2018-09-18 15:00:00,13600.0,13750.0,13600.0,13750.0,31587.0,A007820
2316,2018-09-19 09:00:00,13450.0,13650.0,13450.0,13600.0,35635.0,A007820
2317,2018-09-19 11:00:00,13450.0,13600.0,13300.0,13400.0,71009.0,A007820
2318,2018-09-19 13:00:00,13400.0,13600.0,13200.0,13500.0,78435.0,A007820
2319,2018-09-19 15:00:00,13700.0,13950.0,13500.0,13500.0,97318.0,A007820
2320,2018-09-20 09:00:00,13550.0,13550.0,12950.0,13050.0,148090.0,A007820
2321,2018-09-20 11:00:00,13050.0,13200.0,12950.0,12950.0,73029.0,A007820
2322,2018-09-20 13:00:00,13000.0,13050.0,12850.0,12900.0,86777.0,A007820
2323,2018-09-20 15:00:00,12900.0,13050.0,12850.0,13000.0,38428.0,A007820
2324,2018-09-21 09:00:00,13450.0,13450.0,13400.0,13450.0,18594.0,A007820
2325,2018-09-21 11:00:00,13150.0,13450.0,13100.0,13450.0,44131.0,A007820
2326,2018-09-21 13:00:00,13150.0,13400.0,13000.0,13200.0,71410.0,A007820
2327,2018-09-21 15:00:00,13200.0,13250.0,13050.0,13150.0,18758.0,A007820
2328,2018-09-27 09:00:00,13400.0,13400.0,13100.0,13300.0,40924.0,A007820
2329,2018-09-27 11:00:00,13300.0,13300.0,13100.0,13150.0,37467.0,A007820
2330,2018-09-27 13:00:00,13150.0,13200.0,12950.0,13050.0,67526.0,A007820
2331,2018-09-27 15:00:00,13000.0,13150.0,13000.0,13050.0,15238.0,A007820
2332,2018-09-28 09:00:00,13050.0,13300.0,12900.0,13200.0,47678.0,A007820
2333,2018-09-28 11:00:00,13200.0,13300.0,13050.0,13100.0,34304.0,A007820
2334,2018-09-28 13:00:00,13150.0,13200.0,12900.0,12950.0,52418.0,A007820
2335,2018-09-28 15:00:00,12950.0,13100.0,12950.0,12950.0,12928.0,A007820
2336,2018-10-01 09:00:00,12450.0,12550.0,12450.0,12450.0,23103.0,A007820
2337,2018-10-01 11:00:00,13000.0,13200.0,12550.0,12750.0,70050.0,A007820
2338,2018-10-01 13:00:00,12750.0,12800.0,12650.0,12700.0,27427.0,A007820
2339,2018-10-01 15:00:00,12700.0,12700.0,12450.0,12500.0,66114.0,A007820
2340,2018-10-02 09:00:00,12450.0,12950.0,12450.0,12750.0,46072.0,A007820
2341,2018-10-02 11:00:00,12750.0,12750.0,12700.0,12750.0,8697.0,A007820
2342,2018-10-02 13:00:00,12750.0,12800.0,12550.0,12550.0,19282.0,A007820
2343,2018-10-02 15:00:00,12550.0,12550.0,12400.0,12500.0,17530.0,A007820
2344,2018-10-04 09:00:00,11500.0,11650.0,11500.0,11600.0,29017.0,A007820
2345,2018-10-04 11:00:00,12600.0,12650.0,11700.0,11850.0,134352.0,A007820
2346,2018-10-04 13:00:00,11850.0,12100.0,11600.0,11750.0,131340.0,A007820
2347,2018-10-04 15:00:00,11750.0,11800.0,11400.0,11500.0,226585.0,A007820
2348,2018-10-05 09:00:00,11500.0,11850.0,11500.0,11750.0,66177.0,A007820
2349,2018-10-05 11:00:00,11700.0,11700.0,11450.0,11550.0,31712.0,A007820
2350,2018-10-05 13:00:00,11600.0,11800.0,11550.0,11700.0,27740.0,A007820
2351,2018-10-05 15:00:00,11700.0,11800.0,11600.0,11700.0,14619.0,A007820
2352,2018-10-08 09:00:00,11700.0,12100.0,11700.0,11950.0,54853.0,A007820
2353,2018-10-08 11:00:00,11900.0,11950.0,11700.0,11700.0,31532.0,A007820
2354,2018-10-08 13:00:00,11700.0,11800.0,11550.0,11700.0,43953.0,A007820
2355,2018-10-08 15:00:00,11700.0,11800.0,11650.0,11750.0,11084.0,A007820
2356,2018-10-10 09:00:00,11350.0,11550.0,11300.0,11500.0,31654.0,A007820
2357,2018-10-10 11:00:00,11750.0,11850.0,11400.0,11450.0,44744.0,A007820
2358,2018-10-10 13:00:00,11450.0,11450.0,11100.0,11200.0,48592.0,A007820
2359,2018-10-10 15:00:00,11200.0,11550.0,11150.0,11350.0,43096.0,A007820
2360,2018-10-11 09:00:00,10900.0,11450.0,10900.0,11150.0,51537.0,A007820
2361,2018-10-11 11:00:00,11100.0,11300.0,10950.0,11050.0,43463.0,A007820
2362,2018-10-11 13:00:00,11050.0,11250.0,10800.0,10850.0,83251.0,A007820
2363,2018-10-11 15:00:00,10850.0,11150.0,10850.0,11150.0,32372.0,A007820
2364,2018-10-12 09:00:00,11100.0,11100.0,11050.0,11050.0,13374.0,A007820
2365,2018-10-12 11:00:00,11150.0,11300.0,11000.0,11200.0,54637.0,A007820
2366,2018-10-12 13:00:00,11200.0,11200.0,10850.0,11000.0,43162.0,A007820
2367,2018-10-12 15:00:00,11000.0,11150.0,10950.0,11050.0,30400.0,A007820
2368,2018-10-15 09:00:00,10900.0,11000.0,10600.0,10900.0,62043.0,A007820
2369,2018-10-15 11:00:00,10900.0,10900.0,10700.0,10800.0,25394.0,A007820
2370,2018-10-15 13:00:00,10750.0,10950.0,10650.0,10750.0,38740.0,A007820
2371,2018-10-15 15:00:00,10750.0,10950.0,10650.0,10950.0,25986.0,A007820
2372,2018-10-16 09:00:00,10850.0,11300.0,10850.0,11200.0,36532.0,A007820
2373,2018-10-16 11:00:00,11150.0,11200.0,11050.0,11050.0,14944.0,A007820
2374,2018-10-16 13:00:00,11100.0,11650.0,11100.0,11450.0,82952.0,A007820
2375,2018-10-16 15:00:00,11500.0,11550.0,11400.0,11550.0,14648.0,A007820
2376,2018-10-17 09:00:00,11800.0,11800.0,11400.0,11400.0,55484.0,A007820
2377,2018-10-17 11:00:00,11450.0,11500.0,11250.0,11250.0,18353.0,A007820
2378,2018-10-17 13:00:00,11250.0,11450.0,11250.0,11400.0,17256.0,A007820
2379,2018-10-17 15:00:00,11450.0,11500.0,11450.0,11450.0,8888.0,A007820
2380,2018-10-18 09:00:00,11350.0,11350.0,11100.0,11200.0,24838.0,A007820
2381,2018-10-18 11:00:00,11150.0,11200.0,11100.0,11200.0,11540.0,A007820
2382,2018-10-18 13:00:00,11400.0,11650.0,11300.0,11450.0,24345.0,A007820
2383,2018-10-18 15:00:00,11400.0,11400.0,11250.0,11350.0,11373.0,A007820
2384,2018-10-19 09:00:00,11050.0,11150.0,11050.0,11050.0,12390.0,A007820
2385,2018-10-19 11:00:00,11100.0,11600.0,11050.0,11500.0,46172.0,A007820
2386,2018-10-19 13:00:00,11500.0,11700.0,11500.0,11650.0,10460.0,A007820
2387,2018-10-19 15:00:00,11150.0,11200.0,10900.0,11050.0,20498.0,A007820
2388,2018-10-22 09:00:00,11550.0,11700.0,11350.0,11700.0,12583.0,A007820
2389,2018-10-22 11:00:00,11700.0,11950.0,11650.0,11900.0,28158.0,A007820
2390,2018-10-22 13:00:00,11850.0,11900.0,11700.0,11800.0,11215.0,A007820
2391,2018-10-22 15:00:00,11800.0,11800.0,11700.0,11800.0,3962.0,A007820
2392,2018-10-23 09:00:00,11800.0,11850.0,11650.0,11750.0,16355.0,A007820
2393,2018-10-23 11:00:00,11750.0,11750.0,11350.0,11500.0,16559.0,A007820
2394,2018-10-23 13:00:00,11500.0,11750.0,11400.0,11600.0,20594.0,A007820
2395,2018-10-23 15:00:00,11600.0,11600.0,11350.0,11600.0,9555.0,A007820
2396,2018-10-24 09:00:00,11750.0,11750.0,11150.0,11300.0,35270.0,A007820
2397,2018-10-24 11:00:00,11300.0,11400.0,11050.0,11200.0,31919.0,A007820
2398,2018-10-24 13:00:00,11200.0,11350.0,11150.0,11300.0,26251.0,A007820
2399,2018-10-24 15:00:00,11300.0,11350.0,11150.0,11250.0,16049.0,A007820
2400,2018-10-25 09:00:00,11050.0,11250.0,10950.0,11250.0,10970.0,A007820
2401,2018-10-25 11:00:00,11100.0,11300.0,10900.0,11050.0,17359.0,A007820
2402,2018-10-25 13:00:00,10800.0,11200.0,10750.0,10950.0,66771.0,A007820
2403,2018-10-25 15:00:00,10950.0,11100.0,10850.0,11050.0,32986.0,A007820
2404,2018-10-26 09:00:00,11200.0,11200.0,10850.0,10900.0,30497.0,A007820
2405,2018-10-26 11:00:00,10850.0,10950.0,10500.0,10550.0,40000.0,A007820
2406,2018-10-26 13:00:00,10550.0,10900.0,10500.0,10600.0,40759.0,A007820
2407,2018-10-26 15:00:00,10550.0,10650.0,10350.0,10550.0,23867.0,A007820
2408,2018-10-29 09:00:00,10450.0,10550.0,9810.0,10000.0,63711.0,A007820
2409,2018-10-29 11:00:00,10050.0,10050.0,9780.0,9810.0,49595.0,A007820
2410,2018-10-29 13:00:00,10600.0,10850.0,10300.0,10500.0,36174.0,A007820
2411,2018-10-29 15:00:00,10350.0,10600.0,10300.0,10450.0,11410.0,A007820
2412,2018-10-30 09:00:00,9540.0,10250.0,9540.0,10100.0,95194.0,A007820
2413,2018-10-30 11:00:00,10000.0,10100.0,9770.0,9860.0,29249.0,A007820
2414,2018-10-30 13:00:00,9860.0,10200.0,9740.0,10100.0,37651.0,A007820
2415,2018-10-30 15:00:00,10100.0,10300.0,10000.0,10300.0,16660.0,A007820
2416,2018-10-31 09:00:00,10300.0,10400.0,9790.0,10100.0,57634.0,A007820
2417,2018-10-31 11:00:00,10100.0,10100.0,9900.0,9940.0,21581.0,A007820
2418,2018-10-31 13:00:00,9940.0,10300.0,9930.0,10150.0,29529.0,A007820
2419,2018-10-31 15:00:00,10150.0,10300.0,10050.0,10250.0,26949.0,A007820
2420,2018-11-01 09:00:00,10100.0,10100.0,9970.0,9970.0,28172.0,A007820
2421,2018-11-01 11:00:00,10350.0,10350.0,10150.0,10200.0,32992.0,A007820
2422,2018-11-01 13:00:00,10250.0,10350.0,9980.0,10350.0,71856.0,A007820
2423,2018-11-01 15:00:00,10200.0,10250.0,10050.0,10100.0,29962.0,A007820
2424,2018-11-02 09:00:00,10500.0,10500.0,10200.0,10350.0,19568.0,A007820
2425,2018-11-02 11:00:00,10350.0,10600.0,10300.0,10600.0,52033.0,A007820
2426,2018-11-02 13:00:00,10600.0,10600.0,10500.0,10500.0,13180.0,A007820
2427,2018-11-02 15:00:00,10050.0,10450.0,10050.0,10450.0,64414.0,A007820
2428,2018-11-05 09:00:00,10350.0,10450.0,10150.0,10150.0,54111.0,A007820
2429,2018-11-05 11:00:00,10150.0,10300.0,10150.0,10250.0,19752.0,A007820
2430,2018-11-05 13:00:00,10250.0,10400.0,10050.0,10150.0,56917.0,A007820
2431,2018-11-05 15:00:00,10150.0,10350.0,10150.0,10350.0,12172.0,A007820
2432,2018-11-06 09:00:00,10000.0,10050.0,9970.0,10050.0,30069.0,A007820
2433,2018-11-06 11:00:00,10200.0,10250.0,10200.0,10250.0,7358.0,A007820
2434,2018-11-06 13:00:00,10250.0,10300.0,9970.0,10000.0,51620.0,A007820
2435,2018-11-06 15:00:00,10350.0,10500.0,10150.0,10250.0,32041.0,A007820
2436,2018-11-07 09:00:00,10150.0,10200.0,9980.0,10050.0,40521.0,A007820
2437,2018-11-07 11:00:00,10100.0,10150.0,10000.0,10050.0,16540.0,A007820
2438,2018-11-07 13:00:00,10050.0,10050.0,9770.0,9770.0,55207.0,A007820
2439,2018-11-07 15:00:00,9770.0,9810.0,9760.0,9810.0,9699.0,A007820
2440,2018-11-08 09:00:00,9970.0,10050.0,9970.0,10050.0,11589.0,A007820
2441,2018-11-08 11:00:00,10000.0,10050.0,9920.0,9980.0,27062.0,A007820
2442,2018-11-08 13:00:00,9920.0,10100.0,9900.0,10000.0,50300.0,A007820
2443,2018-11-08 15:00:00,9980.0,10200.0,9960.0,9990.0,47100.0,A007820
2444,2018-11-09 09:00:00,10050.0,10050.0,9920.0,9930.0,31995.0,A007820
2445,2018-11-09 11:00:00,9930.0,9930.0,9800.0,9830.0,32171.0,A007820
2446,2018-11-09 13:00:00,9820.0,10050.0,9810.0,9960.0,15110.0,A007820
2447,2018-11-09 15:00:00,9960.0,10050.0,9930.0,10050.0,7283.0,A007820
2448,2018-11-12 09:00:00,9930.0,9980.0,9830.0,9900.0,24315.0,A007820
2449,2018-11-12 11:00:00,9890.0,9890.0,9800.0,9880.0,13592.0,A007820
2450,2018-11-12 13:00:00,10000.0,10000.0,9840.0,9910.0,19607.0,A007820
2451,2018-11-12 15:00:00,9910.0,9980.0,9850.0,9930.0,14910.0,A007820
2452,2018-11-13 09:00:00,9700.0,9700.0,8980.0,9230.0,143869.0,A007820
2453,2018-11-13 11:00:00,9230.0,9480.0,9200.0,9480.0,45809.0,A007820
2454,2018-11-13 13:00:00,9480.0,9590.0,9280.0,9530.0,40631.0,A007820
2455,2018-11-13 15:00:00,9510.0,9570.0,9480.0,9480.0,5236.0,A007820
2456,2018-11-14 09:00:00,9500.0,9500.0,9360.0,9490.0,35858.0,A007820
2457,2018-11-14 11:00:00,9490.0,9640.0,9450.0,9450.0,15528.0,A007820
2458,2018-11-14 13:00:00,9450.0,9650.0,9450.0,9510.0,22059.0,A007820
2459,2018-11-14 15:00:00,9570.0,9570.0,9440.0,9490.0,6149.0,A007820
2460,2018-11-15 09:00:00,9400.0,9580.0,9380.0,9470.0,32009.0,A007820
2461,2018-11-15 11:00:00,9420.0,9460.0,9370.0,9430.0,27043.0,A007820
2462,2018-11-15 13:00:00,9470.0,9500.0,9410.0,9450.0,12233.0,A007820
2463,2018-11-15 15:00:00,9430.0,9480.0,9400.0,9480.0,8915.0,A007820
2464,2018-11-16 09:00:00,9610.0,9800.0,9610.0,9770.0,12684.0,A007820
2465,2018-11-16 11:00:00,9580.0,9630.0,9380.0,9530.0,22350.0,A007820
2466,2018-11-16 13:00:00,9530.0,9600.0,9470.0,9510.0,11059.0,A007820
2467,2018-11-16 15:00:00,9530.0,9780.0,9460.0,9600.0,27801.0,A007820
2468,2018-11-19 09:00:00,9770.0,9820.0,9730.0,9790.0,12440.0,A007820
2469,2018-11-19 11:00:00,9670.0,9710.0,9660.0,9710.0,6177.0,A007820
2470,2018-11-19 13:00:00,9700.0,9850.0,9700.0,9770.0,27349.0,A007820
2471,2018-11-19 15:00:00,9790.0,9800.0,9620.0,9670.0,38956.0,A007820
2472,2018-11-20 09:00:00,9180.0,9200.0,8920.0,9000.0,26816.0,A007820
2473,2018-11-20 11:00:00,9580.0,9580.0,9060.0,9120.0,110701.0,A007820
2474,2018-11-20 13:00:00,9120.0,9130.0,8850.0,8870.0,122420.0,A007820
2475,2018-11-20 15:00:00,8870.0,9190.0,8800.0,9180.0,96952.0,A007820
2476,2018-11-21 09:00:00,8950.0,9170.0,8850.0,9140.0,64706.0,A007820
2477,2018-11-21 11:00:00,9140.0,9560.0,9090.0,9510.0,89837.0,A007820
2478,2018-11-21 13:00:00,9500.0,9900.0,9500.0,9870.0,106962.0,A007820
2479,2018-11-21 15:00:00,9870.0,9900.0,9790.0,9870.0,25085.0,A007820
2480,2018-11-22 09:00:00,9880.0,9900.0,9570.0,9770.0,55553.0,A007820
2481,2018-11-22 11:00:00,9770.0,9810.0,9710.0,9750.0,8643.0,A007820
2482,2018-11-22 13:00:00,9760.0,9770.0,9650.0,9740.0,11662.0,A007820
2483,2018-11-22 15:00:00,9740.0,9740.0,9680.0,9680.0,9654.0,A007820
2484,2018-11-23 09:00:00,9680.0,10700.0,9680.0,10300.0,217775.0,A007820
2485,2018-11-23 11:00:00,10250.0,10500.0,10150.0,10300.0,41504.0,A007820
2486,2018-11-23 13:00:00,10300.0,10300.0,10100.0,10200.0,46346.0,A007820
2487,2018-11-23 15:00:00,10200.0,10250.0,10150.0,10250.0,7409.0,A007820
2488,2018-11-26 09:00:00,10200.0,10200.0,10150.0,10150.0,10390.0,A007820
2489,2018-11-26 11:00:00,10100.0,10250.0,10000.0,10200.0,30927.0,A007820
2490,2018-11-26 13:00:00,10100.0,10150.0,9980.0,10050.0,26933.0,A007820
2491,2018-11-26 15:00:00,10100.0,10400.0,9950.0,10150.0,64910.0,A007820
2492,2018-11-27 09:00:00,10100.0,10350.0,10050.0,10200.0,31655.0,A007820
2493,2018-11-27 11:00:00,10200.0,10500.0,10200.0,10350.0,19540.0,A007820
2494,2018-11-27 13:00:00,10350.0,10500.0,10250.0,10450.0,25989.0,A007820
2495,2018-11-27 15:00:00,10450.0,10500.0,10400.0,10500.0,18454.0,A007820
2496,2018-11-28 09:00:00,10500.0,10500.0,10200.0,10250.0,62344.0,A007820
2497,2018-11-28 11:00:00,10250.0,10550.0,10250.0,10300.0,35665.0,A007820
2498,2018-11-28 13:00:00,10300.0,10400.0,10250.0,10250.0,30867.0,A007820
2499,2018-11-28 15:00:00,10250.0,10350.0,10250.0,10300.0,10272.0,A007820
2500,2018-11-29 09:00:00,10400.0,10450.0,10250.0,10300.0,37220.0,A007820
2501,2018-11-29 11:00:00,10300.0,10450.0,10300.0,10300.0,10892.0,A007820
2502,2018-11-29 13:00:00,10300.0,10350.0,10100.0,10100.0,19735.0,A007820
2503,2018-11-29 15:00:00,10200.0,10250.0,10100.0,10100.0,4702.0,A007820
2504,2018-11-30 09:00:00,9970.0,9990.0,9950.0,9960.0,7462.0,A007820
2505,2018-11-30 11:00:00,9970.0,10050.0,9920.0,9980.0,17990.0,A007820
2506,2018-11-30 13:00:00,10000.0,10200.0,9920.0,10050.0,41729.0,A007820
2507,2018-11-30 15:00:00,10050.0,10100.0,9960.0,9970.0,10849.0,A007820
2508,2018-12-03 09:00:00,10350.0,10400.0,10350.0,10400.0,4970.0,A007820
2509,2018-12-03 11:00:00,10250.0,10400.0,10250.0,10400.0,17054.0,A007820
2510,2018-12-03 13:00:00,10100.0,10550.0,10050.0,10350.0,81770.0,A007820
2511,2018-12-03 15:00:00,10400.0,10400.0,10100.0,10250.0,29643.0,A007820
2512,2018-12-04 09:00:00,10250.0,10750.0,10250.0,10750.0,62455.0,A007820
2513,2018-12-04 11:00:00,10750.0,10750.0,10600.0,10600.0,14260.0,A007820
2514,2018-12-04 13:00:00,10600.0,10650.0,10300.0,10400.0,28139.0,A007820
2515,2018-12-04 15:00:00,10400.0,10500.0,10400.0,10400.0,3770.0,A007820
2516,2018-12-05 09:00:00,10050.0,10450.0,10000.0,10300.0,46408.0,A007820
2517,2018-12-05 11:00:00,10200.0,10300.0,10200.0,10200.0,7450.0,A007820
2518,2018-12-05 13:00:00,10200.0,10250.0,10200.0,10200.0,1966.0,A007820
2519,2018-12-05 15:00:00,10300.0,10300.0,10200.0,10200.0,9669.0,A007820
2520,2018-12-06 09:00:00,10200.0,10200.0,9950.0,10000.0,53911.0,A007820
2521,2018-12-06 11:00:00,10000.0,10050.0,9880.0,9920.0,25172.0,A007820
2522,2018-12-06 13:00:00,9920.0,9930.0,9820.0,9850.0,32552.0,A007820
2523,2018-12-06 15:00:00,9880.0,9880.0,9820.0,9820.0,12726.0,A007820
2524,2018-12-07 09:00:00,9870.0,9890.0,9810.0,9810.0,11602.0,A007820
2525,2018-12-07 11:00:00,9860.0,9910.0,9780.0,9850.0,9838.0,A007820
2526,2018-12-07 13:00:00,9850.0,9940.0,9840.0,9900.0,15523.0,A007820
2527,2018-12-07 15:00:00,9990.0,10050.0,9820.0,9860.0,30126.0,A007820
2528,2018-12-10 09:00:00,9580.0,9730.0,9580.0,9720.0,27198.0,A007820
2529,2018-12-10 11:00:00,9720.0,10150.0,9720.0,10050.0,46119.0,A007820
2530,2018-12-10 13:00:00,10050.0,10050.0,9830.0,9960.0,38683.0,A007820
2531,2018-12-10 15:00:00,9960.0,9970.0,9880.0,9880.0,3879.0,A007820
2532,2018-12-11 09:00:00,9800.0,9870.0,9670.0,9740.0,23212.0,A007820
2533,2018-12-11 11:00:00,9750.0,9750.0,9550.0,9610.0,18769.0,A007820
2534,2018-12-11 13:00:00,9610.0,9630.0,9500.0,9560.0,28387.0,A007820
2535,2018-12-11 15:00:00,9550.0,9590.0,9470.0,9500.0,12699.0,A007820
2536,2018-12-12 09:00:00,9450.0,9890.0,9450.0,9800.0,62608.0,A007820
2537,2018-12-12 11:00:00,9800.0,9990.0,9800.0,9980.0,41664.0,A007820
2538,2018-12-12 13:00:00,9980.0,10000.0,9900.0,9960.0,39244.0,A007820
2539,2018-12-12 15:00:00,9960.0,10050.0,9800.0,10050.0,32093.0,A007820
2540,2018-12-13 09:00:00,10250.0,10350.0,10150.0,10350.0,58174.0,A007820
2541,2018-12-13 11:00:00,10050.0,10250.0,10000.0,10250.0,37907.0,A007820
2542,2018-12-13 13:00:00,10050.0,10200.0,9930.0,10100.0,47883.0,A007820
2543,2018-12-13 15:00:00,10100.0,10250.0,10050.0,10100.0,28722.0,A007820
2544,2018-12-14 09:00:00,10200.0,10250.0,10100.0,10100.0,23324.0,A007820
2545,2018-12-14 11:00:00,10100.0,10150.0,10050.0,10100.0,10380.0,A007820
2546,2018-12-14 13:00:00,10600.0,10950.0,10050.0,10200.0,296007.0,A007820
2547,2018-12-14 15:00:00,10100.0,10200.0,10000.0,10150.0,55257.0,A007820
2548,2018-12-17 09:00:00,10050.0,10050.0,9750.0,10050.0,62432.0,A007820
2549,2018-12-17 11:00:00,10050.0,10200.0,10000.0,10100.0,27508.0,A007820
2550,2018-12-17 13:00:00,10150.0,10250.0,10050.0,10200.0,34084.0,A007820
2551,2018-12-17 15:00:00,10200.0,10250.0,10100.0,10150.0,12817.0,A007820
2552,2018-12-18 09:00:00,10000.0,10000.0,9850.0,9910.0,47367.0,A007820
2553,2018-12-18 11:00:00,9840.0,9840.0,9720.0,9810.0,41481.0,A007820
2554,2018-12-18 13:00:00,9810.0,9880.0,9790.0,9860.0,10675.0,A007820
2555,2018-12-18 15:00:00,9910.0,9950.0,9830.0,9840.0,30731.0,A007820
2556,2018-12-19 09:00:00,9770.0,9950.0,9670.0,9750.0,48015.0,A007820
2557,2018-12-19 11:00:00,9760.0,9850.0,9740.0,9830.0,24486.0,A007820
2558,2018-12-19 13:00:00,9830.0,9860.0,9740.0,9800.0,43140.0,A007820
2559,2018-12-19 15:00:00,9800.0,9890.0,9790.0,9840.0,19521.0,A007820
2560,2018-12-20 09:00:00,9520.0,9540.0,9490.0,9500.0,10607.0,A007820
2561,2018-12-20 11:00:00,9720.0,9720.0,9610.0,9620.0,16994.0,A007820
2562,2018-12-20 13:00:00,9730.0,9850.0,9580.0,9730.0,52590.0,A007820
2563,2018-12-20 15:00:00,9620.0,9630.0,9420.0,9520.0,75664.0,A007820
2564,2018-12-21 09:00:00,9450.0,9580.0,9340.0,9470.0,49778.0,A007820
2565,2018-12-21 11:00:00,9470.0,9470.0,9340.0,9340.0,31521.0,A007820
2566,2018-12-21 13:00:00,9350.0,9350.0,9170.0,9200.0,62178.0,A007820
2567,2018-12-21 15:00:00,9200.0,9210.0,9150.0,9180.0,24433.0,A007820
2568,2018-12-24 09:00:00,9180.0,9180.0,8670.0,8710.0,147845.0,A007820
2569,2018-12-24 11:00:00,8700.0,8840.0,8690.0,8790.0,39521.0,A007820
2570,2018-12-24 13:00:00,8790.0,8810.0,8680.0,8690.0,75360.0,A007820
2571,2018-12-24 15:00:00,8690.0,8750.0,8690.0,8750.0,12622.0,A007820
2572,2018-12-26 09:00:00,8600.0,8670.0,8200.0,8250.0,100784.0,A007820
2573,2018-12-26 11:00:00,8250.0,8260.0,8090.0,8130.0,78953.0,A007820
2574,2018-12-26 13:00:00,8130.0,8340.0,8130.0,8340.0,69902.0,A007820
2575,2018-12-26 15:00:00,8330.0,8510.0,8330.0,8380.0,30233.0,A007820
2576,2018-12-27 09:00:00,8550.0,8620.0,8470.0,8470.0,37425.0,A007820
2577,2018-12-27 11:00:00,8470.0,8470.0,8400.0,8400.0,6392.0,A007820
2578,2018-12-27 13:00:00,8540.0,8620.0,8480.0,8550.0,18187.0,A007820
2579,2018-12-27 15:00:00,8460.0,8780.0,8450.0,8540.0,61920.0,A007820
2580,2018-12-28 09:00:00,8570.0,8660.0,8570.0,8660.0,6366.0,A007820
2581,2018-12-28 11:00:00,8360.0,8640.0,8360.0,8440.0,38643.0,A007820
2582,2018-12-28 13:00:00,8460.0,8580.0,8440.0,8550.0,9543.0,A007820
2583,2018-12-28 15:00:00,8550.0,8700.0,8530.0,8560.0,20578.0,A007820
2584,2019-01-02 09:00:00,8660.0,8720.0,8400.0,8520.0,32222.0,A007820
2585,2019-01-02 11:00:00,8520.0,8520.0,8310.0,8320.0,31046.0,A007820
2586,2019-01-02 13:00:00,8320.0,8380.0,8230.0,8260.0,34249.0,A007820
2587,2019-01-03 09:00:00,8220.0,8250.0,8140.0,8160.0,15108.0,A007820
2588,2019-01-03 11:00:00,8160.0,8240.0,8070.0,8080.0,29259.0,A007820
2589,2019-01-03 13:00:00,8070.0,8170.0,8060.0,8060.0,15852.0,A007820
2590,2019-01-03 15:00:00,8120.0,8260.0,7710.0,8220.0,45689.0,A007820
2591,2019-01-04 09:00:00,7910.0,8060.0,7750.0,7790.0,44867.0,A007820
2592,2019-01-04 11:00:00,7790.0,8030.0,7760.0,8000.0,26377.0,A007820
2593,2019-01-04 13:00:00,8000.0,8190.0,7990.0,8110.0,20811.0,A007820
2594,2019-01-04 15:00:00,8110.0,8120.0,8060.0,8100.0,4370.0,A007820
2595,2019-01-07 09:00:00,8030.0,8120.0,8030.0,8110.0,8871.0,A007820
2596,2019-01-07 11:00:00,8000.0,8210.0,7950.0,8020.0,30676.0,A007820
2597,2019-01-07 13:00:00,8120.0,8230.0,8100.0,8180.0,61829.0,A007820
2598,2019-01-07 15:00:00,8180.0,8190.0,7960.0,8000.0,47021.0,A007820
2599,2019-01-08 09:00:00,8080.0,8130.0,7920.0,7920.0,47519.0,A007820
2600,2019-01-08 11:00:00,7930.0,7960.0,7870.0,7900.0,28311.0,A007820
2601,2019-01-08 13:00:00,7900.0,7910.0,7860.0,7890.0,25502.0,A007820
2602,2019-01-08 15:00:00,7890.0,7910.0,7870.0,7870.0,12045.0,A007820
2603,2019-01-09 09:00:00,7870.0,8450.0,7870.0,8300.0,152810.0,A007820
2604,2019-01-09 11:00:00,8310.0,8380.0,8030.0,8080.0,102094.0,A007820
2605,2019-01-09 13:00:00,8080.0,8170.0,8040.0,8110.0,74912.0,A007820
2606,2019-01-09 15:00:00,8100.0,8130.0,8090.0,8090.0,19138.0,A007820
2607,2019-01-10 09:00:00,8680.0,8750.0,8660.0,8750.0,42790.0,A007820
2608,2019-01-10 11:00:00,8100.0,8350.0,8010.0,8160.0,102515.0,A007820
2609,2019-01-10 13:00:00,8150.0,8310.0,8130.0,8280.0,39236.0,A007820
2610,2019-01-10 15:00:00,8280.0,8760.0,8270.0,8680.0,158852.0,A007820
2611,2019-01-11 09:00:00,8800.0,9670.0,8800.0,9430.0,523099.0,A007820
2612,2019-01-11 11:00:00,9420.0,9560.0,9330.0,9370.0,81766.0,A007820
2613,2019-01-11 13:00:00,9380.0,9400.0,9180.0,9300.0,57844.0,A007820
2614,2019-01-11 15:00:00,9300.0,9370.0,9290.0,9350.0,17836.0,A007820
2615,2019-01-14 09:00:00,9410.0,9410.0,9350.0,9380.0,14399.0,A007820
2616,2019-01-14 11:00:00,9430.0,9460.0,9370.0,9420.0,29057.0,A007820
2617,2019-01-14 13:00:00,9270.0,9540.0,9200.0,9350.0,96613.0,A007820
2618,2019-01-14 15:00:00,9400.0,9480.0,9400.0,9430.0,20425.0,A007820
2619,2019-01-15 09:00:00,9570.0,9580.0,9430.0,9450.0,28499.0,A007820
2620,2019-01-15 11:00:00,9460.0,9500.0,9450.0,9460.0,10122.0,A007820
2621,2019-01-15 13:00:00,9370.0,9610.0,9360.0,9560.0,61123.0,A007820
2622,2019-01-15 15:00:00,9440.0,9490.0,9400.0,9460.0,33750.0,A007820
2623,2019-01-16 09:00:00,9460.0,9600.0,9390.0,9450.0,54162.0,A007820
2624,2019-01-16 11:00:00,9450.0,9460.0,9150.0,9150.0,59342.0,A007820
2625,2019-01-16 13:00:00,9150.0,9370.0,9150.0,9300.0,43043.0,A007820
2626,2019-01-16 15:00:00,9300.0,9350.0,9260.0,9350.0,8795.0,A007820
2627,2019-01-17 09:00:00,9360.0,9360.0,9070.0,9150.0,52854.0,A007820
2628,2019-01-17 11:00:00,9150.0,9190.0,9050.0,9130.0,41592.0,A007820
2629,2019-01-17 13:00:00,9130.0,9230.0,8980.0,9160.0,76957.0,A007820
2630,2019-01-17 15:00:00,9160.0,9160.0,9040.0,9040.0,11588.0,A007820
2631,2019-01-18 09:00:00,9130.0,9460.0,9130.0,9340.0,58696.0,A007820
2632,2019-01-18 11:00:00,9340.0,9340.0,9260.0,9320.0,13101.0,A007820
2633,2019-01-18 13:00:00,9310.0,9350.0,9180.0,9190.0,35190.0,A007820
2634,2019-01-18 15:00:00,9180.0,9320.0,9180.0,9320.0,5432.0,A007820
2635,2019-01-21 09:00:00,9220.0,9340.0,9210.0,9340.0,17852.0,A007820
2636,2019-01-21 11:00:00,9340.0,9540.0,9340.0,9540.0,25418.0,A007820
2637,2019-01-21 13:00:00,9350.0,9350.0,9190.0,9240.0,26745.0,A007820
2638,2019-01-21 15:00:00,9240.0,9310.0,9210.0,9220.0,10492.0,A007820
2639,2019-01-22 09:00:00,9600.0,9630.0,9350.0,9410.0,36580.0,A007820
2640,2019-01-22 11:00:00,9410.0,9470.0,9400.0,9430.0,6545.0,A007820
2641,2019-01-22 13:00:00,9410.0,9490.0,9400.0,9440.0,17009.0,A007820
2642,2019-01-22 15:00:00,9440.0,9500.0,9440.0,9490.0,7633.0,A007820
2643,2019-01-23 09:00:00,9500.0,9830.0,9440.0,9690.0,83641.0,A007820
2644,2019-01-23 11:00:00,9700.0,9790.0,9640.0,9680.0,22774.0,A007820
2645,2019-01-23 13:00:00,9680.0,9850.0,9640.0,9840.0,53246.0,A007820
2646,2019-01-23 15:00:00,9840.0,9960.0,9840.0,9950.0,34860.0,A007820
2647,2019-01-24 09:00:00,9970.0,10050.0,9950.0,10000.0,18125.0,A007820
2648,2019-01-24 11:00:00,9860.0,10050.0,9840.0,9960.0,82843.0,A007820
2649,2019-01-24 13:00:00,9960.0,9980.0,9930.0,9950.0,16915.0,A007820
2650,2019-01-24 15:00:00,9950.0,9990.0,9940.0,9980.0,21155.0,A007820
2651,2019-01-25 09:00:00,10000.0,10100.0,9880.0,9900.0,45939.0,A007820
2652,2019-01-25 11:00:00,9900.0,10050.0,9870.0,10050.0,14095.0,A007820
2653,2019-01-25 13:00:00,10050.0,10200.0,9990.0,10200.0,37814.0,A007820
2654,2019-01-25 15:00:00,10200.0,10300.0,10150.0,10200.0,25920.0,A007820
2655,2019-01-28 09:00:00,10300.0,10350.0,10250.0,10250.0,5737.0,A007820
2656,2019-01-28 11:00:00,10200.0,10350.0,10150.0,10350.0,19113.0,A007820
2657,2019-01-28 13:00:00,10150.0,10400.0,10050.0,10150.0,37165.0,A007820
2658,2019-01-28 15:00:00,10300.0,10600.0,10150.0,10300.0,103644.0,A007820
2659,2019-01-29 09:00:00,10200.0,10350.0,9970.0,10000.0,63803.0,A007820
2660,2019-01-29 11:00:00,10000.0,10100.0,10000.0,10050.0,21431.0,A007820
2661,2019-01-29 13:00:00,10050.0,10100.0,9980.0,10000.0,40820.0,A007820
2662,2019-01-29 15:00:00,10000.0,10150.0,10000.0,10000.0,7968.0,A007820
2663,2019-01-30 09:00:00,10000.0,10150.0,9930.0,9980.0,35852.0,A007820
2664,2019-01-30 11:00:00,9980.0,10050.0,9950.0,10000.0,13740.0,A007820
2665,2019-01-30 13:00:00,10050.0,10150.0,9970.0,9980.0,23503.0,A007820
2666,2019-01-30 15:00:00,9990.0,10050.0,9950.0,9950.0,14800.0,A007820
2667,2019-01-31 09:00:00,10100.0,10150.0,10050.0,10050.0,3370.0,A007820
2668,2019-01-31 11:00:00,10000.0,10300.0,9990.0,10000.0,53507.0,A007820
2669,2019-01-31 13:00:00,10000.0,10200.0,9980.0,10200.0,15682.0,A007820
2670,2019-01-31 15:00:00,10150.0,10200.0,10000.0,10150.0,19548.0,A007820
2671,2019-02-01 09:00:00,10050.0,10200.0,9930.0,9940.0,30997.0,A007820
2672,2019-02-01 11:00:00,9930.0,9990.0,9880.0,9950.0,17978.0,A007820
2673,2019-02-01 13:00:00,9900.0,9920.0,9780.0,9810.0,50051.0,A007820
2674,2019-02-01 15:00:00,9810.0,9810.0,9700.0,9790.0,17041.0,A007820
2675,2019-02-07 09:00:00,10200.0,10300.0,10200.0,10300.0,16157.0,A007820
2676,2019-02-07 11:00:00,9820.0,10150.0,9800.0,10100.0,45303.0,A007820
2677,2019-02-07 13:00:00,10100.0,10150.0,10050.0,10050.0,20800.0,A007820
2678,2019-02-07 15:00:00,10100.0,10350.0,10050.0,10200.0,54472.0,A007820
2679,2019-02-08 09:00:00,10250.0,10350.0,10150.0,10200.0,25918.0,A007820
2680,2019-02-08 11:00:00,10200.0,10300.0,10150.0,10250.0,22915.0,A007820
2681,2019-02-08 13:00:00,10250.0,10250.0,10150.0,10200.0,20426.0,A007820
2682,2019-02-08 15:00:00,10200.0,10250.0,10150.0,10150.0,8271.0,A007820
2683,2019-02-11 09:00:00,10150.0,10200.0,10050.0,10050.0,30750.0,A007820
2684,2019-02-11 11:00:00,10100.0,10150.0,10050.0,10050.0,8934.0,A007820
2685,2019-02-11 13:00:00,10050.0,10150.0,9960.0,10050.0,28366.0,A007820
2686,2019-02-11 15:00:00,10050.0,10100.0,10000.0,10100.0,7511.0,A007820
2687,2019-02-12 09:00:00,10100.0,10100.0,9910.0,9980.0,48917.0,A007820
2688,2019-02-12 11:00:00,9980.0,10100.0,9970.0,10050.0,16284.0,A007820
2689,2019-02-12 13:00:00,10100.0,10250.0,9990.0,10100.0,55536.0,A007820
2690,2019-02-12 15:00:00,10050.0,10100.0,10000.0,10000.0,28399.0,A007820
2691,2019-02-13 09:00:00,10600.0,10700.0,10500.0,10650.0,69499.0,A007820
2692,2019-02-13 11:00:00,10450.0,10700.0,10450.0,10650.0,160672.0,A007820
2693,2019-02-13 13:00:00,10100.0,10750.0,10100.0,10500.0,291125.0,A007820
2694,2019-02-13 15:00:00,10500.0,10550.0,10400.0,10450.0,42335.0,A007820
2695,2019-02-14 09:00:00,11750.0,11800.0,11400.0,11550.0,219012.0,A007820
2696,2019-02-14 11:00:00,11500.0,12000.0,11450.0,11900.0,271369.0,A007820
2697,2019-02-14 13:00:00,11900.0,11950.0,11750.0,11850.0,96096.0,A007820
2698,2019-02-14 15:00:00,10600.0,11750.0,10600.0,11750.0,722330.0,A007820
2699,2019-02-15 09:00:00,11750.0,11900.0,11300.0,11300.0,284857.0,A007820
2700,2019-02-15 11:00:00,11300.0,11750.0,11200.0,11750.0,185242.0,A007820
2701,2019-02-15 13:00:00,11750.0,12200.0,11650.0,11900.0,239248.0,A007820
2702,2019-02-15 15:00:00,11900.0,11900.0,11700.0,11700.0,43989.0,A007820
2703,2019-02-18 09:00:00,11900.0,11900.0,11700.0,11900.0,33739.0,A007820
2704,2019-02-18 11:00:00,12000.0,12000.0,11800.0,11950.0,55671.0,A007820
2705,2019-02-18 13:00:00,11950.0,12150.0,11800.0,11900.0,85835.0,A007820
2706,2019-02-18 15:00:00,11800.0,12350.0,11600.0,11950.0,217750.0,A007820
2707,2019-02-19 09:00:00,11900.0,12000.0,11600.0,11750.0,116429.0,A007820
2708,2019-02-19 11:00:00,11750.0,11850.0,11700.0,11800.0,26532.0,A007820
2709,2019-02-19 13:00:00,11750.0,12050.0,11700.0,11850.0,62674.0,A007820
2710,2019-02-19 15:00:00,11850.0,11850.0,11750.0,11800.0,13412.0,A007820
2711,2019-02-20 09:00:00,11650.0,11700.0,11600.0,11650.0,26556.0,A007820
2712,2019-02-20 11:00:00,11600.0,11750.0,11450.0,11700.0,103259.0,A007820
2713,2019-02-20 13:00:00,11850.0,11950.0,11550.0,11800.0,89761.0,A007820
2714,2019-02-20 15:00:00,11800.0,11800.0,11450.0,11600.0,136712.0,A007820
2715,2019-02-21 09:00:00,11750.0,11750.0,11250.0,11550.0,173552.0,A007820
2716,2019-02-21 11:00:00,11500.0,11600.0,11450.0,11500.0,37047.0,A007820
2717,2019-02-21 13:00:00,11450.0,11650.0,11450.0,11500.0,45133.0,A007820
2718,2019-02-21 15:00:00,11500.0,11600.0,11450.0,11500.0,16271.0,A007820
2719,2019-02-22 09:00:00,11500.0,11700.0,11400.0,11600.0,79606.0,A007820
2720,2019-02-22 11:00:00,11600.0,11900.0,11550.0,11750.0,87031.0,A007820
2721,2019-02-22 13:00:00,11700.0,11850.0,11550.0,11750.0,69536.0,A007820
2722,2019-02-22 15:00:00,11750.0,11800.0,11700.0,11800.0,18984.0,A007820
2723,2019-02-25 09:00:00,11600.0,11650.0,11550.0,11600.0,12299.0,A007820
2724,2019-02-25 11:00:00,11800.0,11900.0,11550.0,11650.0,63251.0,A007820
2725,2019-02-25 13:00:00,11700.0,11700.0,11550.0,11600.0,34771.0,A007820
2726,2019-02-25 15:00:00,11600.0,11700.0,11550.0,11550.0,35142.0,A007820
2727,2019-02-26 09:00:00,11600.0,11800.0,11400.0,11750.0,119142.0,A007820
2728,2019-02-26 11:00:00,11750.0,11750.0,11600.0,11650.0,25217.0,A007820
2729,2019-02-26 13:00:00,11650.0,11700.0,11400.0,11500.0,41988.0,A007820
2730,2019-02-26 15:00:00,11500.0,11500.0,11400.0,11450.0,16475.0,A007820
2731,2019-02-27 09:00:00,11550.0,11550.0,11400.0,11400.0,11806.0,A007820
2732,2019-02-27 11:00:00,11550.0,11650.0,11300.0,11650.0,44497.0,A007820
2733,2019-02-27 13:00:00,11600.0,11650.0,11400.0,11450.0,20875.0,A007820
2734,2019-02-27 15:00:00,11450.0,11600.0,11400.0,11550.0,30341.0,A007820
2735,2019-02-28 09:00:00,11350.0,11700.0,11250.0,11600.0,95044.0,A007820
2736,2019-02-28 11:00:00,11600.0,11600.0,11300.0,11450.0,39618.0,A007820
2737,2019-02-28 13:00:00,11500.0,11500.0,10900.0,10950.0,113389.0,A007820
2738,2019-02-28 15:00:00,10950.0,11250.0,10800.0,10800.0,52499.0,A007820
2739,2019-03-04 09:00:00,11000.0,11400.0,11000.0,11300.0,70315.0,A007820
2740,2019-03-04 11:00:00,11250.0,11350.0,11200.0,11300.0,10303.0,A007820
2741,2019-03-04 13:00:00,11300.0,11300.0,11150.0,11200.0,30200.0,A007820
2742,2019-03-04 15:00:00,11200.0,11200.0,11100.0,11150.0,12734.0,A007820
2743,2019-03-05 09:00:00,10750.0,10850.0,10500.0,10550.0,63131.0,A007820
2744,2019-03-05 11:00:00,11100.0,11250.0,10750.0,10850.0,78721.0,A007820
2745,2019-03-05 13:00:00,10800.0,11000.0,10800.0,10950.0,23036.0,A007820
2746,2019-03-05 15:00:00,10950.0,11000.0,10750.0,10800.0,65853.0,A007820
2747,2019-03-06 09:00:00,10750.0,11350.0,10600.0,11150.0,144836.0,A007820
2748,2019-03-06 11:00:00,11150.0,11200.0,11050.0,11100.0,26056.0,A007820
2749,2019-03-06 13:00:00,11100.0,11100.0,10900.0,11100.0,46352.0,A007820
2750,2019-03-06 15:00:00,11150.0,11250.0,11000.0,11200.0,24257.0,A007820
2751,2019-03-07 09:00:00,11000.0,11000.0,10700.0,10850.0,21844.0,A007820
2752,2019-03-07 11:00:00,11200.0,11400.0,11000.0,11300.0,55076.0,A007820
2753,2019-03-07 13:00:00,11300.0,11350.0,11200.0,11200.0,17123.0,A007820
2754,2019-03-07 15:00:00,11200.0,11250.0,10800.0,11000.0,58175.0,A007820
2755,2019-03-08 09:00:00,10850.0,10850.0,10500.0,10550.0,81279.0,A007820
2756,2019-03-08 11:00:00,10550.0,10600.0,10400.0,10400.0,33870.0,A007820
2757,2019-03-08 13:00:00,10450.0,10800.0,10350.0,10800.0,86829.0,A007820
2758,2019-03-08 15:00:00,10800.0,10800.0,10600.0,10600.0,21629.0,A007820
2759,2019-03-11 09:00:00,10550.0,10800.0,10400.0,10550.0,47516.0,A007820
2760,2019-03-11 11:00:00,10550.0,10600.0,10500.0,10550.0,13072.0,A007820
2761,2019-03-11 13:00:00,10600.0,10750.0,10500.0,10650.0,26598.0,A007820
2762,2019-03-11 15:00:00,10600.0,10700.0,10600.0,10700.0,6394.0,A007820
2763,2019-03-12 09:00:00,10700.0,11150.0,10700.0,11050.0,79311.0,A007820
2764,2019-03-12 11:00:00,11000.0,11050.0,10850.0,11000.0,35156.0,A007820
2765,2019-03-12 13:00:00,11000.0,11050.0,10900.0,11050.0,25672.0,A007820
2766,2019-03-12 15:00:00,11000.0,11100.0,10950.0,11050.0,14431.0,A007820
2767,2019-03-13 09:00:00,10850.0,10900.0,10750.0,10800.0,24163.0,A007820
2768,2019-03-13 11:00:00,10800.0,10850.0,10750.0,10800.0,4627.0,A007820
2769,2019-03-13 13:00:00,10700.0,10900.0,10700.0,10800.0,19626.0,A007820
2770,2019-03-13 15:00:00,10900.0,11050.0,10650.0,10700.0,44209.0,A007820
2771,2019-03-14 09:00:00,11250.0,11300.0,11150.0,11300.0,27399.0,A007820
2772,2019-03-14 11:00:00,10900.0,11350.0,10800.0,11250.0,85126.0,A007820
2773,2019-03-14 13:00:00,11200.0,11450.0,11200.0,11200.0,60540.0,A007820
2774,2019-03-14 15:00:00,11200.0,11350.0,11150.0,11250.0,40140.0,A007820
2775,2019-03-15 09:00:00,11300.0,11300.0,11100.0,11150.0,42690.0,A007820
2776,2019-03-15 11:00:00,11200.0,11250.0,10850.0,11000.0,51111.0,A007820
2777,2019-03-15 13:00:00,10950.0,11150.0,10850.0,11000.0,35913.0,A007820
2778,2019-03-15 15:00:00,10950.0,11000.0,10850.0,10850.0,16594.0,A007820
2779,2019-03-18 09:00:00,11100.0,11300.0,10900.0,11050.0,44197.0,A007820
2780,2019-03-18 11:00:00,11000.0,11100.0,11000.0,11000.0,8577.0,A007820
2781,2019-03-18 13:00:00,11000.0,11100.0,10900.0,10900.0,27375.0,A007820
2782,2019-03-18 15:00:00,10900.0,11000.0,10850.0,11000.0,16051.0,A007820
2783,2019-03-19 09:00:00,11150.0,11150.0,10800.0,10950.0,52673.0,A007820
2784,2019-03-19 11:00:00,10900.0,10950.0,10800.0,10900.0,18557.0,A007820
2785,2019-03-19 13:00:00,10850.0,10900.0,10700.0,10750.0,49041.0,A007820
2786,2019-03-19 15:00:00,10750.0,10800.0,10750.0,10750.0,7942.0,A007820
2787,2019-03-20 09:00:00,10700.0,10850.0,10650.0,10800.0,11832.0,A007820
2788,2019-03-20 11:00:00,10700.0,10700.0,10500.0,10700.0,17431.0,A007820
2789,2019-03-20 13:00:00,10550.0,10700.0,10550.0,10700.0,15511.0,A007820
2790,2019-03-20 15:00:00,10800.0,10800.0,10450.0,10550.0,55255.0,A007820
2791,2019-03-21 09:00:00,11300.0,11350.0,11250.0,11300.0,19640.0,A007820
2792,2019-03-21 11:00:00,11100.0,11550.0,11100.0,11200.0,341013.0,A007820
2793,2019-03-21 13:00:00,11150.0,11350.0,11100.0,11250.0,26732.0,A007820
2794,2019-03-21 15:00:00,11200.0,11350.0,11150.0,11250.0,32624.0,A007820
2795,2019-03-22 09:00:00,11300.0,11550.0,11100.0,11450.0,75696.0,A007820
2796,2019-03-22 11:00:00,11400.0,11500.0,11350.0,11400.0,49449.0,A007820
2797,2019-03-22 13:00:00,11450.0,11450.0,11350.0,11400.0,41989.0,A007820
2798,2019-03-22 15:00:00,11400.0,11450.0,11350.0,11450.0,27242.0,A007820
2799,2019-03-25 09:00:00,12000.0,12400.0,11850.0,12050.0,476646.0,A007820
2800,2019-03-25 11:00:00,12050.0,12200.0,11850.0,11950.0,188312.0,A007820
2801,2019-03-25 13:00:00,11950.0,11950.0,11850.0,11950.0,58392.0,A007820
2802,2019-03-25 15:00:00,11300.0,12100.0,11100.0,12000.0,452297.0,A007820
2803,2019-03-26 09:00:00,12200.0,12500.0,11600.0,11850.0,375894.0,A007820
2804,2019-03-26 11:00:00,11850.0,12000.0,11800.0,11950.0,44618.0,A007820
2805,2019-03-26 13:00:00,11950.0,12150.0,11900.0,11950.0,93382.0,A007820
2806,2019-03-26 15:00:00,11950.0,11950.0,11850.0,11850.0,35305.0,A007820
2807,2019-03-27 09:00:00,12100.0,12350.0,12100.0,12350.0,49908.0,A007820
2808,2019-03-27 11:00:00,12250.0,12300.0,12050.0,12100.0,103106.0,A007820
2809,2019-03-27 13:00:00,11950.0,12400.0,11750.0,12150.0,332201.0,A007820
2810,2019-03-27 15:00:00,12150.0,12450.0,12150.0,12300.0,102850.0,A007820
2811,2019-03-28 09:00:00,12050.0,12200.0,11900.0,11900.0,59367.0,A007820
2812,2019-03-28 11:00:00,11950.0,12150.0,11850.0,11900.0,73276.0,A007820
2813,2019-03-28 13:00:00,11900.0,11900.0,11350.0,11400.0,103675.0,A007820
2814,2019-03-28 15:00:00,12300.0,12400.0,11950.0,12150.0,156542.0,A007820
2815,2019-03-29 09:00:00,11550.0,11700.0,10850.0,11200.0,175824.0,A007820
2816,2019-03-29 11:00:00,11250.0,11450.0,11250.0,11350.0,41395.0,A007820
2817,2019-03-29 13:00:00,11400.0,11500.0,11250.0,11400.0,42069.0,A007820
2818,2019-03-29 15:00:00,11400.0,11400.0,11300.0,11300.0,16223.0,A007820
2819,2019-04-01 09:00:00,12050.0,12050.0,11800.0,11900.0,50078.0,A007820
2820,2019-04-01 11:00:00,11850.0,12100.0,11850.0,12000.0,51085.0,A007820
2821,2019-04-01 13:00:00,12000.0,12100.0,11900.0,12000.0,41923.0,A007820
2822,2019-04-01 15:00:00,11550.0,12150.0,11450.0,11900.0,145478.0,A007820
2823,2019-04-02 09:00:00,11900.0,12350.0,11850.0,11900.0,137674.0,A007820
2824,2019-04-02 11:00:00,11900.0,12000.0,11850.0,12000.0,24673.0,A007820
2825,2019-04-02 13:00:00,11950.0,12000.0,11800.0,11900.0,32118.0,A007820
2826,2019-04-02 15:00:00,11850.0,11950.0,11850.0,11850.0,12089.0,A007820
2827,2019-04-03 09:00:00,11800.0,11900.0,11800.0,11800.0,13229.0,A007820
2828,2019-04-03 11:00:00,11900.0,11900.0,11800.0,11800.0,31095.0,A007820
2829,2019-04-03 13:00:00,11900.0,12000.0,11650.0,11850.0,66472.0,A007820
2830,2019-04-03 15:00:00,11800.0,11900.0,11750.0,11900.0,20257.0,A007820
2831,2019-04-04 09:00:00,11800.0,12250.0,11800.0,12050.0,118279.0,A007820
2832,2019-04-04 11:00:00,12050.0,12050.0,11850.0,11850.0,38009.0,A007820
2833,2019-04-04 13:00:00,11850.0,11850.0,11650.0,11800.0,62548.0,A007820
2834,2019-04-04 15:00:00,11800.0,11800.0,11700.0,11800.0,19485.0,A007820
2835,2019-04-05 09:00:00,11800.0,11900.0,11550.0,11650.0,71060.0,A007820
2836,2019-04-05 11:00:00,11650.0,11700.0,11450.0,11550.0,44804.0,A007820
2837,2019-04-05 13:00:00,11500.0,11600.0,11400.0,11550.0,83503.0,A007820
2838,2019-04-05 15:00:00,11550.0,11600.0,11500.0,11550.0,16676.0,A007820
2839,2019-04-08 09:00:00,11500.0,11550.0,11450.0,11550.0,21175.0,A007820
2840,2019-04-08 11:00:00,11650.0,11800.0,11550.0,11600.0,61487.0,A007820
2841,2019-04-08 13:00:00,11650.0,11650.0,11450.0,11500.0,37744.0,A007820
2842,2019-04-08 15:00:00,11500.0,11550.0,11400.0,11550.0,48996.0,A007820
2843,2019-04-09 09:00:00,11500.0,11550.0,11250.0,11350.0,78634.0,A007820
2844,2019-04-09 11:00:00,11400.0,11400.0,11250.0,11350.0,45096.0,A007820
2845,2019-04-09 13:00:00,11400.0,11800.0,11300.0,11650.0,52850.0,A007820
2846,2019-04-09 15:00:00,11650.0,11750.0,11650.0,11650.0,19105.0,A007820
2847,2019-04-10 09:00:00,11450.0,11500.0,11400.0,11450.0,20790.0,A007820
2848,2019-04-10 11:00:00,11550.0,11550.0,11350.0,11400.0,74384.0,A007820
2849,2019-04-10 13:00:00,11350.0,11500.0,11300.0,11450.0,25718.0,A007820
2850,2019-04-10 15:00:00,11450.0,11550.0,11400.0,11500.0,27440.0,A007820
2851,2019-04-11 09:00:00,11700.0,11850.0,11700.0,11700.0,16277.0,A007820
2852,2019-04-11 11:00:00,11750.0,11800.0,11600.0,11600.0,32470.0,A007820
2853,2019-04-11 13:00:00,11600.0,11650.0,11600.0,11650.0,15131.0,A007820
2854,2019-04-11 15:00:00,11450.0,12000.0,11350.0,11700.0,166103.0,A007820
2855,2019-04-12 09:00:00,11700.0,11800.0,11550.0,11800.0,53910.0,A007820
2856,2019-04-12 11:00:00,11800.0,11850.0,11750.0,11750.0,32284.0,A007820
2857,2019-04-12 13:00:00,11800.0,11800.0,11700.0,11750.0,16320.0,A007820
2858,2019-04-12 15:00:00,11750.0,11800.0,11700.0,11750.0,13257.0,A007820
2859,2019-04-15 09:00:00,11750.0,11800.0,11700.0,11750.0,13263.0,A007820
2860,2019-04-15 11:00:00,11800.0,11900.0,11700.0,11850.0,36184.0,A007820
2861,2019-04-15 13:00:00,11850.0,12100.0,11750.0,11750.0,142683.0,A007820
2862,2019-04-15 15:00:00,11800.0,12050.0,11600.0,11800.0,111309.0,A007820
2863,2019-04-16 09:00:00,11850.0,12250.0,11700.0,12000.0,225760.0,A007820
2864,2019-04-16 11:00:00,12000.0,12000.0,11800.0,11850.0,47913.0,A007820
2865,2019-04-16 13:00:00,11900.0,12150.0,11850.0,12150.0,70525.0,A007820
2866,2019-04-16 15:00:00,12100.0,12150.0,12050.0,12100.0,39533.0,A007820
2867,2019-04-17 09:00:00,12350.0,12400.0,12350.0,12350.0,31596.0,A007820
2868,2019-04-17 11:00:00,12150.0,12450.0,12150.0,12350.0,186070.0,A007820
2869,2019-04-17 13:00:00,12150.0,12250.0,11900.0,12150.0,152179.0,A007820
2870,2019-04-17 15:00:00,12150.0,12250.0,12000.0,12100.0,78364.0,A007820
2871,2019-04-18 09:00:00,12900.0,13100.0,12250.0,12400.0,660441.0,A007820
2872,2019-04-18 11:00:00,12400.0,12550.0,12300.0,12450.0,62367.0,A007820
2873,2019-04-18 13:00:00,12400.0,12500.0,12300.0,12300.0,58870.0,A007820
2874,2019-04-18 15:00:00,12300.0,12450.0,12250.0,12350.0,53615.0,A007820
2875,2019-04-19 09:00:00,12500.0,12600.0,12200.0,12350.0,92478.0,A007820
2876,2019-04-19 11:00:00,12300.0,12350.0,12200.0,12250.0,31454.0,A007820
2877,2019-04-19 13:00:00,12250.0,12300.0,12200.0,12250.0,39618.0,A007820
2878,2019-04-19 15:00:00,12250.0,12350.0,12200.0,12250.0,20666.0,A007820
2879,2019-04-22 09:00:00,12150.0,12300.0,12150.0,12300.0,19439.0,A007820
2880,2019-04-22 11:00:00,12600.0,12600.0,12300.0,12350.0,134367.0,A007820
2881,2019-04-22 13:00:00,12350.0,12400.0,12200.0,12250.0,37159.0,A007820
2882,2019-04-22 15:00:00,12200.0,12300.0,12150.0,12200.0,36525.0,A007820
2883,2019-04-23 09:00:00,12300.0,12300.0,11900.0,12100.0,80818.0,A007820
2884,2019-04-23 11:00:00,12050.0,12100.0,11950.0,12100.0,12417.0,A007820
2885,2019-04-23 13:00:00,12050.0,12100.0,12000.0,12050.0,16554.0,A007820
2886,2019-04-23 15:00:00,12050.0,12100.0,12000.0,12000.0,8245.0,A007820
2887,2019-04-24 09:00:00,11800.0,11950.0,11800.0,11850.0,11934.0,A007820
2888,2019-04-24 11:00:00,12050.0,12200.0,11950.0,12100.0,43849.0,A007820
2889,2019-04-24 13:00:00,12050.0,12100.0,11900.0,11950.0,22601.0,A007820
2890,2019-04-24 15:00:00,11950.0,12000.0,11800.0,11800.0,35975.0,A007820
2891,2019-04-25 09:00:00,11750.0,12350.0,11700.0,12000.0,125048.0,A007820
2892,2019-04-25 11:00:00,12000.0,12150.0,12000.0,12100.0,16845.0,A007820
2893,2019-04-25 13:00:00,12100.0,12100.0,11850.0,11950.0,43080.0,A007820
2894,2019-04-25 15:00:00,11900.0,11950.0,11850.0,11850.0,12156.0,A007820
2895,2019-04-26 09:00:00,11850.0,11900.0,11300.0,11400.0,140437.0,A007820
2896,2019-04-26 11:00:00,11400.0,11500.0,11300.0,11350.0,64991.0,A007820
2897,2019-04-26 13:00:00,11350.0,11450.0,11250.0,11250.0,60977.0,A007820
2898,2019-04-26 15:00:00,11300.0,11350.0,11200.0,11200.0,35513.0,A007820
2899,2019-04-29 09:00:00,11400.0,11400.0,11300.0,11400.0,11324.0,A007820
2900,2019-04-29 11:00:00,11250.0,11350.0,11050.0,11250.0,50235.0,A007820
2901,2019-04-29 13:00:00,11200.0,11450.0,11200.0,11400.0,26061.0,A007820
2902,2019-04-29 15:00:00,11400.0,11450.0,11350.0,11400.0,23384.0,A007820
2903,2019-04-30 09:00:00,11400.0,11400.0,11100.0,11100.0,51830.0,A007820
2904,2019-04-30 11:00:00,11100.0,11350.0,11050.0,11300.0,14712.0,A007820
2905,2019-04-30 13:00:00,11250.0,11350.0,11150.0,11150.0,26363.0,A007820
2906,2019-04-30 15:00:00,11150.0,11250.0,11100.0,11200.0,16045.0,A007820
2907,2019-05-02 09:00:00,11350.0,11400.0,11350.0,11400.0,7663.0,A007820
2908,2019-05-02 11:00:00,11250.0,11450.0,11100.0,11300.0,68450.0,A007820
2909,2019-05-02 13:00:00,11350.0,11350.0,11250.0,11300.0,17848.0,A007820
2910,2019-05-02 15:00:00,11300.0,11450.0,11250.0,11350.0,31846.0,A007820
2911,2019-05-03 09:00:00,11450.0,11750.0,11400.0,11450.0,94179.0,A007820
2912,2019-05-03 11:00:00,11500.0,11600.0,11450.0,11550.0,15843.0,A007820
2913,2019-05-03 13:00:00,11550.0,11600.0,11500.0,11550.0,12035.0,A007820
2914,2019-05-03 15:00:00,11550.0,11600.0,11500.0,11550.0,7034.0,A007820
2915,2019-05-07 09:00:00,11200.0,11400.0,11150.0,11350.0,33496.0,A007820
2916,2019-05-07 11:00:00,11350.0,11350.0,11250.0,11250.0,17114.0,A007820
2917,2019-05-07 13:00:00,11300.0,11350.0,11150.0,11250.0,30613.0,A007820
2918,2019-05-07 15:00:00,11200.0,11250.0,11100.0,11200.0,19923.0,A007820
2919,2019-05-08 09:00:00,11050.0,11300.0,10900.0,11150.0,45207.0,A007820
2920,2019-05-08 11:00:00,11150.0,11200.0,11000.0,11100.0,15321.0,A007820
2921,2019-05-08 13:00:00,11100.0,11100.0,10900.0,10900.0,54512.0,A007820
2922,2019-05-08 15:00:00,10900.0,10950.0,10800.0,10850.0,30274.0,A007820
2923,2019-05-09 09:00:00,10400.0,10450.0,10350.0,10450.0,16450.0,A007820
2924,2019-05-09 11:00:00,10850.0,11000.0,10500.0,10600.0,85846.0,A007820
2925,2019-05-09 13:00:00,10600.0,10650.0,10450.0,10500.0,50965.0,A007820
2926,2019-05-09 15:00:00,10500.0,10550.0,10350.0,10400.0,68954.0,A007820
2927,2019-05-10 09:00:00,10650.0,10650.0,10400.0,10500.0,10948.0,A007820
2928,2019-05-10 11:00:00,10450.0,10550.0,10400.0,10400.0,10595.0,A007820
2929,2019-05-10 13:00:00,10400.0,10700.0,10300.0,10650.0,51148.0,A007820
2930,2019-05-10 15:00:00,10550.0,10600.0,10250.0,10500.0,72353.0,A007820
2931,2019-05-13 09:00:00,10350.0,10600.0,10250.0,10450.0,40916.0,A007820
2932,2019-05-13 11:00:00,10450.0,10500.0,10250.0,10250.0,18559.0,A007820
2933,2019-05-13 13:00:00,10250.0,10350.0,10050.0,10050.0,56360.0,A007820
2934,2019-05-13 15:00:00,10100.0,10100.0,10000.0,10000.0,28625.0,A007820
2935,2019-05-14 09:00:00,9790.0,10200.0,9700.0,10100.0,116698.0,A007820
2936,2019-05-14 11:00:00,10100.0,10150.0,10000.0,10100.0,18835.0,A007820
2937,2019-05-14 13:00:00,10150.0,10150.0,9890.0,9940.0,37044.0,A007820
2938,2019-05-14 15:00:00,9930.0,10000.0,9930.0,9980.0,7899.0,A007820
2939,2019-05-15 09:00:00,9970.0,10550.0,9970.0,10450.0,77455.0,A007820
2940,2019-05-15 11:00:00,10450.0,10500.0,10350.0,10400.0,29181.0,A007820
2941,2019-05-15 13:00:00,10400.0,10450.0,10300.0,10350.0,27839.0,A007820
2942,2019-05-15 15:00:00,10350.0,10450.0,10300.0,10450.0,9958.0,A007820
2943,2019-05-16 09:00:00,10300.0,10300.0,9990.0,10000.0,66091.0,A007820
2944,2019-05-16 11:00:00,10000.0,10050.0,9990.0,10050.0,11607.0,A007820
2945,2019-05-16 13:00:00,10550.0,10650.0,10250.0,10350.0,62798.0,A007820
2946,2019-05-16 15:00:00,10300.0,10350.0,10250.0,10300.0,13801.0,A007820
2947,2019-05-17 09:00:00,10150.0,10450.0,10150.0,10400.0,32823.0,A007820
2948,2019-05-17 11:00:00,10400.0,10400.0,10150.0,10300.0,12765.0,A007820
2949,2019-05-17 13:00:00,10250.0,10350.0,10150.0,10200.0,15083.0,A007820
2950,2019-05-17 15:00:00,10200.0,10250.0,10100.0,10200.0,12545.0,A007820
2951,2019-05-20 09:00:00,10100.0,10350.0,9990.0,10000.0,38440.0,A007820
2952,2019-05-20 11:00:00,10000.0,10100.0,9990.0,10000.0,19491.0,A007820
2953,2019-05-20 13:00:00,10000.0,10100.0,9980.0,9990.0,43238.0,A007820
2954,2019-05-20 15:00:00,9980.0,10000.0,9970.0,10000.0,13546.0,A007820
2955,2019-05-21 09:00:00,10050.0,10050.0,9980.0,10050.0,5566.0,A007820
2956,2019-05-21 11:00:00,9900.0,10150.0,9900.0,10000.0,39482.0,A007820
2957,2019-05-21 13:00:00,10000.0,10100.0,9990.0,10050.0,13785.0,A007820
2958,2019-05-21 15:00:00,10050.0,10100.0,9930.0,10050.0,41032.0,A007820
2959,2019-05-22 09:00:00,10050.0,10150.0,9970.0,10000.0,37049.0,A007820
2960,2019-05-22 11:00:00,10000.0,10050.0,9960.0,10050.0,13416.0,A007820
2961,2019-05-22 13:00:00,10000.0,10100.0,10000.0,10000.0,11790.0,A007820
2962,2019-05-22 15:00:00,10050.0,10100.0,10000.0,10050.0,2873.0,A007820
2963,2019-05-23 09:00:00,9840.0,9840.0,9780.0,9790.0,22806.0,A007820
2964,2019-05-23 11:00:00,9870.0,9950.0,9830.0,9950.0,16265.0,A007820
2965,2019-05-23 13:00:00,9930.0,9990.0,9850.0,9850.0,49485.0,A007820
2966,2019-05-23 15:00:00,9930.0,9950.0,9800.0,9840.0,23277.0,A007820
2967,2019-05-24 09:00:00,9760.0,9890.0,9650.0,9760.0,43543.0,A007820
2968,2019-05-24 11:00:00,9750.0,9770.0,9610.0,9620.0,23835.0,A007820
2969,2019-05-24 13:00:00,9630.0,9630.0,9470.0,9500.0,66344.0,A007820
2970,2019-05-24 15:00:00,9500.0,9540.0,9480.0,9490.0,21731.0,A007820
2971,2019-05-27 09:00:00,9500.0,9880.0,9390.0,9810.0,37522.0,A007820
2972,2019-05-27 11:00:00,9840.0,9900.0,9680.0,9720.0,17270.0,A007820
2973,2019-05-27 13:00:00,9740.0,9750.0,9520.0,9600.0,35152.0,A007820
2974,2019-05-27 15:00:00,9600.0,9620.0,9590.0,9600.0,11272.0,A007820
2975,2019-05-28 09:00:00,9840.0,9950.0,9820.0,9950.0,12722.0,A007820
2976,2019-05-28 11:00:00,9600.0,9830.0,9600.0,9660.0,32712.0,A007820
2977,2019-05-28 13:00:00,9660.0,9710.0,9660.0,9710.0,5439.0,A007820
2978,2019-05-28 15:00:00,9710.0,9950.0,9700.0,9840.0,28398.0,A007820
2979,2019-05-29 09:00:00,9940.0,9940.0,9630.0,9650.0,41513.0,A007820
2980,2019-05-29 11:00:00,9650.0,9690.0,9640.0,9670.0,10792.0,A007820
2981,2019-05-29 13:00:00,9670.0,9700.0,9640.0,9640.0,21545.0,A007820
2982,2019-05-29 15:00:00,9640.0,9670.0,9640.0,9670.0,4100.0,A007820
2983,2019-05-30 09:00:00,9780.0,10150.0,9720.0,10150.0,58456.0,A007820
2984,2019-05-30 11:00:00,9790.0,9880.0,9450.0,9570.0,99738.0,A007820
2985,2019-05-30 13:00:00,9570.0,9690.0,9550.0,9690.0,8847.0,A007820
2986,2019-05-30 15:00:00,9690.0,9760.0,9530.0,9760.0,20055.0,A007820
2987,2019-05-31 09:00:00,10050.0,10050.0,9760.0,9920.0,93527.0,A007820
2988,2019-05-31 11:00:00,9910.0,9940.0,9840.0,9880.0,26311.0,A007820
2989,2019-05-31 13:00:00,9880.0,9940.0,9820.0,9830.0,35381.0,A007820
2990,2019-05-31 15:00:00,9820.0,9840.0,9800.0,9800.0,16610.0,A007820
2991,2019-06-03 09:00:00,9800.0,9870.0,9610.0,9860.0,24769.0,A007820
2992,2019-06-03 11:00:00,9850.0,9890.0,9780.0,9880.0,19391.0,A007820
2993,2019-06-03 13:00:00,9860.0,9880.0,9820.0,9840.0,10502.0,A007820
2994,2019-06-03 15:00:00,9840.0,9860.0,9800.0,9860.0,10296.0,A007820
2995,2019-06-04 09:00:00,9800.0,9930.0,9720.0,9780.0,42490.0,A007820
2996,2019-06-04 11:00:00,9820.0,9920.0,9780.0,9920.0,9655.0,A007820
2997,2019-06-04 13:00:00,9910.0,9940.0,9840.0,9900.0,13378.0,A007820
2998,2019-06-04 15:00:00,9900.0,9900.0,9870.0,9870.0,2767.0,A007820
2999,2019-06-05 09:00:00,10050.0,10050.0,9990.0,10050.0,4236.0,A007820
3000,2019-06-05 11:00:00,10000.0,10100.0,10000.0,10000.0,13525.0,A007820
3001,2019-06-05 13:00:00,10000.0,10200.0,9960.0,10050.0,28112.0,A007820
3002,2019-06-05 15:00:00,10050.0,10050.0,9990.0,10000.0,8662.0,A007820
3003,2019-06-07 09:00:00,10150.0,10300.0,10100.0,10150.0,26594.0,A007820
3004,2019-06-07 11:00:00,10200.0,10350.0,10150.0,10300.0,29324.0,A007820
3005,2019-06-07 13:00:00,10300.0,10350.0,10300.0,10300.0,9319.0,A007820
3006,2019-06-07 15:00:00,10100.0,10150.0,9940.0,10150.0,34392.0,A007820
3007,2019-06-10 09:00:00,10500.0,10750.0,10350.0,10400.0,77585.0,A007820
3008,2019-06-10 11:00:00,10400.0,10600.0,10350.0,10500.0,22345.0,A007820
3009,2019-06-10 13:00:00,10500.0,10600.0,10400.0,10550.0,35204.0,A007820
3010,2019-06-10 15:00:00,10550.0,10600.0,10500.0,10550.0,10348.0,A007820
3011,2019-06-11 09:00:00,10550.0,10700.0,10550.0,10700.0,2634.0,A007820
3012,2019-06-11 11:00:00,10650.0,10750.0,10600.0,10750.0,15686.0,A007820
3013,2019-06-11 13:00:00,10700.0,10750.0,10550.0,10550.0,26924.0,A007820
3014,2019-06-11 15:00:00,10450.0,10750.0,10450.0,10650.0,42863.0,A007820
3015,2019-06-12 09:00:00,10700.0,10700.0,10400.0,10450.0,35494.0,A007820
3016,2019-06-12 11:00:00,10450.0,10550.0,10400.0,10450.0,12507.0,A007820
3017,2019-06-12 13:00:00,10500.0,10500.0,10450.0,10500.0,8849.0,A007820
3018,2019-06-12 15:00:00,10500.0,10500.0,10400.0,10450.0,7159.0,A007820
3019,2019-06-13 09:00:00,10250.0,10350.0,10050.0,10050.0,79357.0,A007820
3020,2019-06-13 11:00:00,10350.0,10350.0,10200.0,10300.0,30774.0,A007820
3021,2019-06-13 13:00:00,10350.0,10500.0,10200.0,10200.0,31705.0,A007820
3022,2019-06-13 15:00:00,10200.0,10400.0,10150.0,10350.0,18589.0,A007820
3023,2019-06-14 09:00:00,10100.0,10400.0,10050.0,10300.0,24368.0,A007820
3024,2019-06-14 11:00:00,10300.0,10300.0,10200.0,10250.0,5884.0,A007820
3025,2019-06-14 13:00:00,10200.0,10250.0,10000.0,10100.0,29426.0,A007820
3026,2019-06-14 15:00:00,10050.0,10150.0,10000.0,10100.0,9047.0,A007820
3027,2019-06-17 09:00:00,10150.0,10200.0,9990.0,10000.0,40452.0,A007820
3028,2019-06-17 11:00:00,10000.0,10000.0,9900.0,9900.0,40549.0,A007820
3029,2019-06-17 13:00:00,9900.0,9910.0,9830.0,9850.0,33653.0,A007820
3030,2019-06-17 15:00:00,9840.0,9900.0,9810.0,9850.0,17247.0,A007820
3031,2019-06-18 09:00:00,9950.0,9960.0,9900.0,9920.0,6734.0,A007820
3032,2019-06-18 11:00:00,10050.0,10200.0,9970.0,10000.0,63511.0,A007820
3033,2019-06-18 13:00:00,10000.0,10000.0,9950.0,9950.0,12886.0,A007820
3034,2019-06-18 15:00:00,9950.0,10000.0,9900.0,9960.0,17403.0,A007820
3035,2019-06-19 09:00:00,10200.0,11000.0,10150.0,10950.0,345789.0,A007820
3036,2019-06-19 11:00:00,10900.0,10950.0,10700.0,10800.0,64621.0,A007820
3037,2019-06-19 13:00:00,10800.0,11150.0,10650.0,10700.0,337972.0,A007820
3038,2019-06-19 15:00:00,10700.0,10800.0,10700.0,10750.0,37821.0,A007820
3039,2019-06-20 09:00:00,10900.0,10950.0,10850.0,10950.0,19611.0,A007820
3040,2019-06-20 11:00:00,11050.0,11300.0,10850.0,11050.0,347938.0,A007820
3041,2019-06-20 13:00:00,11100.0,11150.0,10900.0,10950.0,62817.0,A007820
3042,2019-06-20 15:00:00,10950.0,11000.0,10750.0,10850.0,82501.0,A007820
3043,2019-06-21 09:00:00,11000.0,11000.0,10600.0,10750.0,75098.0,A007820
3044,2019-06-21 11:00:00,10700.0,10850.0,10650.0,10750.0,40674.0,A007820
3045,2019-06-21 13:00:00,10750.0,10900.0,10700.0,10850.0,45913.0,A007820
3046,2019-06-21 15:00:00,10850.0,10900.0,10800.0,10850.0,14231.0,A007820
3047,2019-06-24 09:00:00,10800.0,11350.0,10700.0,11250.0,98261.0,A007820
3048,2019-06-24 11:00:00,11250.0,11300.0,11050.0,11100.0,92298.0,A007820
3049,2019-06-24 13:00:00,11100.0,11200.0,11050.0,11150.0,39132.0,A007820
3050,2019-06-24 15:00:00,11100.0,11150.0,11100.0,11100.0,15638.0,A007820
3051,2019-06-25 09:00:00,11150.0,11200.0,11050.0,11050.0,10030.0,A007820
3052,2019-06-25 11:00:00,10950.0,11300.0,10950.0,11250.0,82732.0,A007820
3053,2019-06-25 13:00:00,11250.0,11300.0,11100.0,11150.0,38426.0,A007820
3054,2019-06-25 15:00:00,11150.0,11200.0,10900.0,11200.0,96222.0,A007820
3055,2019-06-26 09:00:00,11100.0,11350.0,11000.0,11200.0,92139.0,A007820
3056,2019-06-26 11:00:00,11150.0,11300.0,11100.0,11150.0,16650.0,A007820
3057,2019-06-26 13:00:00,11100.0,11150.0,11000.0,11000.0,22846.0,A007820
3058,2019-06-26 15:00:00,11000.0,11100.0,10900.0,10950.0,24674.0,A007820
3059,2019-06-27 09:00:00,10900.0,10950.0,10850.0,10900.0,17841.0,A007820
3060,2019-06-27 11:00:00,10950.0,11250.0,10900.0,11000.0,67317.0,A007820
3061,2019-06-27 13:00:00,11050.0,11100.0,10900.0,11000.0,29727.0,A007820
3062,2019-06-27 15:00:00,11000.0,11000.0,10900.0,10900.0,37232.0,A007820
3063,2019-06-28 09:00:00,11000.0,11250.0,10850.0,10900.0,71790.0,A007820
3064,2019-06-28 11:00:00,10900.0,10950.0,10850.0,10950.0,12116.0,A007820
3065,2019-06-28 13:00:00,10950.0,11000.0,10850.0,10850.0,19499.0,A007820
3066,2019-06-28 15:00:00,10900.0,10900.0,10800.0,10800.0,11169.0,A007820
3067,2019-07-01 09:00:00,11100.0,11200.0,10850.0,10900.0,72102.0,A007820
3068,2019-07-01 11:00:00,10950.0,11000.0,10850.0,10950.0,18858.0,A007820
3069,2019-07-01 13:00:00,10950.0,11150.0,10950.0,11050.0,35002.0,A007820
3070,2019-07-01 15:00:00,11050.0,11150.0,11050.0,11150.0,7586.0,A007820
3071,2019-07-02 09:00:00,11200.0,11300.0,11050.0,11100.0,53182.0,A007820
3072,2019-07-02 11:00:00,11100.0,11150.0,11050.0,11100.0,17463.0,A007820
3073,2019-07-02 13:00:00,11100.0,11100.0,11000.0,11000.0,23787.0,A007820
3074,2019-07-02 15:00:00,11050.0,11050.0,10950.0,11000.0,11431.0,A007820
3075,2019-07-03 09:00:00,11250.0,11250.0,11150.0,11150.0,19093.0,A007820
3076,2019-07-03 11:00:00,11200.0,11250.0,11050.0,11250.0,49186.0,A007820
3077,2019-07-03 13:00:00,11100.0,11500.0,11050.0,11300.0,212948.0,A007820
3078,2019-07-03 15:00:00,11300.0,11400.0,11150.0,11150.0,41671.0,A007820
3079,2019-07-04 09:00:00,11050.0,11150.0,10950.0,11050.0,37626.0,A007820
3080,2019-07-04 11:00:00,11000.0,11200.0,11000.0,11200.0,14825.0,A007820
3081,2019-07-04 13:00:00,11150.0,11350.0,11050.0,11100.0,74315.0,A007820
3082,2019-07-04 15:00:00,11050.0,11100.0,11000.0,11050.0,29222.0,A007820
3083,2019-07-05 09:00:00,11550.0,11650.0,11500.0,11600.0,62276.0,A007820
3084,2019-07-05 11:00:00,11300.0,11400.0,11100.0,11250.0,70978.0,A007820
3085,2019-07-05 13:00:00,11250.0,11450.0,11200.0,11450.0,64204.0,A007820
3086,2019-07-05 15:00:00,11400.0,11550.0,11400.0,11500.0,87917.0,A007820
3087,2019-07-08 09:00:00,11150.0,11200.0,11000.0,11100.0,45074.0,A007820
3088,2019-07-08 11:00:00,10850.0,10900.0,10700.0,10800.0,32347.0,A007820
3089,2019-07-08 13:00:00,11550.0,11550.0,11050.0,11150.0,163766.0,A007820
3090,2019-07-08 15:00:00,11100.0,11150.0,10800.0,10800.0,88527.0,A007820
3091,2019-07-09 09:00:00,10750.0,10950.0,10400.0,10600.0,168407.0,A007820
3092,2019-07-09 11:00:00,10600.0,10650.0,10450.0,10600.0,58311.0,A007820
3093,2019-07-09 13:00:00,10600.0,10600.0,10250.0,10250.0,83385.0,A007820
3094,2019-07-09 15:00:00,10300.0,10350.0,10200.0,10300.0,31916.0,A007820
3095,2019-07-10 09:00:00,10350.0,10600.0,10200.0,10400.0,133757.0,A007820
3096,2019-07-10 11:00:00,10450.0,10550.0,10400.0,10450.0,39129.0,A007820
3097,2019-07-10 13:00:00,10450.0,10500.0,10400.0,10500.0,7800.0,A007820
3098,2019-07-10 15:00:00,10400.0,10500.0,10350.0,10500.0,18372.0,A007820
3099,2019-07-11 09:00:00,10650.0,10650.0,10350.0,10500.0,48961.0,A007820
3100,2019-07-11 11:00:00,10450.0,10500.0,10400.0,10450.0,15619.0,A007820
3101,2019-07-11 13:00:00,10450.0,10600.0,10400.0,10600.0,21485.0,A007820
3102,2019-07-11 15:00:00,10600.0,10600.0,10450.0,10600.0,14308.0,A007820
3103,2019-07-12 09:00:00,10650.0,10700.0,10550.0,10600.0,11435.0,A007820
3104,2019-07-12 11:00:00,10750.0,10750.0,10650.0,10650.0,9115.0,A007820
3105,2019-07-12 13:00:00,10650.0,10750.0,10600.0,10700.0,13391.0,A007820
3106,2019-07-12 15:00:00,10550.0,10800.0,10500.0,10700.0,54912.0,A007820
3107,2019-07-15 09:00:00,10600.0,10600.0,10250.0,10400.0,73549.0,A007820
3108,2019-07-15 11:00:00,10400.0,10400.0,10300.0,10350.0,14856.0,A007820
3109,2019-07-15 13:00:00,10400.0,10550.0,10300.0,10450.0,52513.0,A007820
3110,2019-07-15 15:00:00,10500.0,10500.0,10450.0,10500.0,8698.0,A007820
3111,2019-07-16 09:00:00,10500.0,10650.0,10300.0,10650.0,65324.0,A007820
3112,2019-07-16 11:00:00,10700.0,10750.0,10550.0,10700.0,28449.0,A007820
3113,2019-07-16 13:00:00,10650.0,10700.0,10500.0,10500.0,25338.0,A007820
3114,2019-07-16 15:00:00,10550.0,10550.0,10500.0,10500.0,14185.0,A007820
3115,2019-07-17 09:00:00,10450.0,10550.0,10050.0,10200.0,106171.0,A007820
3116,2019-07-17 11:00:00,10200.0,10250.0,10150.0,10200.0,14377.0,A007820
3117,2019-07-17 13:00:00,10200.0,10400.0,10100.0,10250.0,38379.0,A007820
3118,2019-07-17 15:00:00,10250.0,10300.0,10150.0,10150.0,17273.0,A007820
3119,2019-07-18 09:00:00,10300.0,10350.0,10250.0,10350.0,13406.0,A007820
3120,2019-07-18 11:00:00,10450.0,10500.0,10250.0,10300.0,36665.0,A007820
3121,2019-07-18 13:00:00,10050.0,10350.0,10050.0,10350.0,48450.0,A007820
3122,2019-07-18 15:00:00,10300.0,10450.0,10300.0,10450.0,24067.0,A007820
3123,2019-07-19 09:00:00,10450.0,10600.0,10350.0,10450.0,24461.0,A007820
3124,2019-07-19 11:00:00,10450.0,10450.0,10350.0,10400.0,7299.0,A007820
3125,2019-07-19 13:00:00,10400.0,10550.0,10300.0,10500.0,22143.0,A007820
3126,2019-07-19 15:00:00,10500.0,10600.0,10500.0,10550.0,11291.0,A007820
3127,2019-07-22 09:00:00,10550.0,10650.0,10400.0,10500.0,26728.0,A007820
3128,2019-07-22 11:00:00,10550.0,10650.0,10500.0,10600.0,13460.0,A007820
3129,2019-07-22 13:00:00,10600.0,10650.0,10550.0,10550.0,13499.0,A007820
3130,2019-07-22 15:00:00,10600.0,10600.0,10500.0,10600.0,6514.0,A007820
3131,2019-07-23 09:00:00,10400.0,10500.0,10350.0,10400.0,11906.0,A007820
3132,2019-07-23 11:00:00,10500.0,11050.0,10500.0,11050.0,109398.0,A007820
3133,2019-07-23 13:00:00,11050.0,11100.0,10550.0,10600.0,76465.0,A007820
3134,2019-07-23 15:00:00,10600.0,10650.0,10400.0,10450.0,62038.0,A007820
3135,2019-07-24 09:00:00,10550.0,10750.0,10400.0,10650.0,29478.0,A007820
3136,2019-07-24 11:00:00,10600.0,10650.0,10350.0,10500.0,19947.0,A007820
3137,2019-07-24 13:00:00,10500.0,10500.0,10350.0,10450.0,16536.0,A007820
3138,2019-07-24 15:00:00,10450.0,10500.0,10400.0,10500.0,10375.0,A007820
3139,2019-07-25 09:00:00,9980.0,10000.0,9930.0,9950.0,29475.0,A007820
3140,2019-07-25 11:00:00,10500.0,10550.0,10100.0,10100.0,57191.0,A007820
3141,2019-07-25 13:00:00,10100.0,10150.0,9970.0,10050.0,52361.0,A007820
3142,2019-07-25 15:00:00,10050.0,10150.0,9980.0,9980.0,76146.0,A007820
3143,2019-07-26 09:00:00,9850.0,9910.0,9500.0,9630.0,91341.0,A007820
3144,2019-07-26 11:00:00,9630.0,9800.0,9550.0,9700.0,29091.0,A007820
3145,2019-07-26 13:00:00,9700.0,9750.0,9600.0,9660.0,19671.0,A007820
3146,2019-07-26 15:00:00,9660.0,9700.0,9650.0,9700.0,16167.0,A007820
3147,2019-07-29 09:00:00,9700.0,9700.0,9100.0,9340.0,81842.0,A007820
3148,2019-07-29 11:00:00,9330.0,9340.0,9200.0,9280.0,14335.0,A007820
3149,2019-07-29 13:00:00,9280.0,9300.0,9000.0,9090.0,44313.0,A007820
3150,2019-07-29 15:00:00,9090.0,9100.0,9000.0,9050.0,20789.0,A007820
3151,2019-07-30 09:00:00,9040.0,9250.0,8970.0,9170.0,63454.0,A007820
3152,2019-07-30 11:00:00,9170.0,9240.0,9080.0,9190.0,15595.0,A007820
3153,2019-07-30 13:00:00,9190.0,9190.0,9080.0,9100.0,14477.0,A007820
3154,2019-07-30 15:00:00,9110.0,9110.0,9050.0,9080.0,7721.0,A007820
3155,2019-07-31 09:00:00,9170.0,9200.0,9110.0,9110.0,5541.0,A007820
3156,2019-07-31 11:00:00,8970.0,9230.0,8970.0,9130.0,37506.0,A007820
3157,2019-07-31 13:00:00,8840.0,8970.0,8810.0,8970.0,22046.0,A007820
3158,2019-07-31 15:00:00,8960.0,9180.0,8800.0,8840.0,50750.0,A007820
3159,2019-08-01 09:00:00,8930.0,9010.0,8920.0,8940.0,8606.0,A007820
3160,2019-08-01 11:00:00,9110.0,9160.0,8860.0,9090.0,32286.0,A007820
3161,2019-08-01 13:00:00,9090.0,9120.0,8930.0,8930.0,16801.0,A007820
3162,2019-08-01 15:00:00,8930.0,9060.0,8880.0,8940.0,15779.0,A007820
3163,2019-08-02 09:00:00,9020.0,9020.0,8950.0,8980.0,4911.0,A007820
3164,2019-08-02 11:00:00,8880.0,8880.0,8700.0,8700.0,22902.0,A007820
3165,2019-08-02 13:00:00,9020.0,9090.0,8840.0,9040.0,27931.0,A007820
3166,2019-08-02 15:00:00,8980.0,8990.0,8790.0,8880.0,20466.0,A007820
3167,2019-08-05 09:00:00,8700.0,8700.0,8260.0,8400.0,51412.0,A007820
3168,2019-08-05 11:00:00,8340.0,8440.0,8090.0,8330.0,46515.0,A007820
3169,2019-08-05 13:00:00,8310.0,8340.0,8080.0,8130.0,57640.0,A007820
3170,2019-08-05 15:00:00,8130.0,8130.0,7950.0,7960.0,58405.0,A007820
3171,2019-08-06 09:00:00,7550.0,8150.0,7550.0,8040.0,116056.0,A007820
3172,2019-08-06 11:00:00,8120.0,8150.0,7610.0,7900.0,101983.0,A007820
3173,2019-08-06 13:00:00,7780.0,7820.0,7570.0,7650.0,49553.0,A007820
3174,2019-08-06 15:00:00,8040.0,8130.0,8010.0,8130.0,35158.0,A007820
3175,2019-08-07 09:00:00,7660.0,7970.0,7660.0,7770.0,53487.0,A007820
3176,2019-08-07 11:00:00,7820.0,7900.0,7680.0,7890.0,23912.0,A007820
3177,2019-08-07 13:00:00,7890.0,7900.0,7650.0,7850.0,43689.0,A007820
3178,2019-08-07 15:00:00,7860.0,7980.0,7850.0,7980.0,16758.0,A007820
3179,2019-08-08 09:00:00,8230.0,8310.0,8230.0,8310.0,7824.0,A007820
3180,2019-08-08 11:00:00,8220.0,8280.0,8150.0,8220.0,17688.0,A007820
3181,2019-08-08 13:00:00,8230.0,8270.0,8090.0,8230.0,26615.0,A007820
3182,2019-08-08 15:00:00,8010.0,8250.0,8010.0,8220.0,36022.0,A007820
3183,2019-08-09 09:00:00,8300.0,8390.0,8030.0,8140.0,87355.0,A007820
3184,2019-08-09 11:00:00,8140.0,8250.0,8140.0,8180.0,15341.0,A007820
3185,2019-08-09 13:00:00,8180.0,8190.0,8110.0,8150.0,12859.0,A007820
3186,2019-08-09 15:00:00,8170.0,8170.0,8130.0,8160.0,7771.0,A007820
3187,2019-08-12 09:00:00,8080.0,8210.0,8030.0,8210.0,24262.0,A007820
3188,2019-08-12 11:00:00,8210.0,8220.0,8080.0,8160.0,18801.0,A007820
3189,2019-08-12 13:00:00,8160.0,8220.0,8110.0,8220.0,16638.0,A007820
3190,2019-08-12 15:00:00,8220.0,8220.0,8190.0,8190.0,5176.0,A007820
3191,2019-08-13 09:00:00,8120.0,8240.0,8110.0,8200.0,26805.0,A007820
3192,2019-08-13 11:00:00,8200.0,8220.0,8130.0,8160.0,19615.0,A007820
3193,2019-08-13 13:00:00,8160.0,8200.0,8150.0,8160.0,11794.0,A007820
3194,2019-08-13 15:00:00,8160.0,8180.0,8150.0,8150.0,8054.0,A007820
3195,2019-08-14 09:00:00,8080.0,8200.0,8070.0,8160.0,7160.0,A007820
3196,2019-08-14 11:00:00,8150.0,8150.0,8060.0,8090.0,20380.0,A007820
3197,2019-08-14 13:00:00,8280.0,8400.0,8210.0,8240.0,52601.0,A007820
3198,2019-08-14 15:00:00,8240.0,8260.0,8070.0,8150.0,34165.0,A007820
3199,2019-08-16 09:00:00,8100.0,8100.0,7850.0,7910.0,47306.0,A007820
3200,2019-08-16 11:00:00,7910.0,8000.0,7910.0,8000.0,10329.0,A007820
3201,2019-08-16 13:00:00,8000.0,8010.0,7940.0,7980.0,12872.0,A007820
3202,2019-08-16 15:00:00,7970.0,7990.0,7940.0,7950.0,4126.0,A007820
3203,2019-08-19 09:00:00,8000.0,8280.0,8000.0,8200.0,76318.0,A007820
3204,2019-08-19 11:00:00,8220.0,8220.0,8160.0,8160.0,14452.0,A007820
3205,2019-08-19 13:00:00,8160.0,8210.0,8130.0,8190.0,14107.0,A007820
3206,2019-08-19 15:00:00,8190.0,8220.0,8170.0,8220.0,7988.0,A007820
3207,2019-08-20 09:00:00,8380.0,8480.0,8360.0,8480.0,31280.0,A007820
3208,2019-08-20 11:00:00,8220.0,8250.0,8120.0,8170.0,32680.0,A007820
3209,2019-08-20 13:00:00,8190.0,8250.0,8160.0,8200.0,10147.0,A007820
3210,2019-08-20 15:00:00,8200.0,8390.0,8180.0,8380.0,35463.0,A007820
3211,2019-08-21 09:00:00,8460.0,8460.0,8300.0,8460.0,44049.0,A007820
3212,2019-08-21 11:00:00,8460.0,8520.0,8450.0,8510.0,19610.0,A007820
3213,2019-08-21 13:00:00,8520.0,8520.0,8430.0,8480.0,19161.0,A007820
3214,2019-08-21 15:00:00,8490.0,8520.0,8480.0,8480.0,9545.0,A007820
3215,2019-08-22 09:00:00,8360.0,8370.0,8190.0,8190.0,31917.0,A007820
3216,2019-08-22 11:00:00,8480.0,8480.0,8350.0,8390.0,28416.0,A007820
3217,2019-08-22 13:00:00,8400.0,8400.0,8340.0,8350.0,18297.0,A007820
3218,2019-08-22 15:00:00,8360.0,8400.0,8350.0,8360.0,17554.0,A007820
3219,2019-08-23 09:00:00,8080.0,8180.0,7950.0,8070.0,38492.0,A007820
3220,2019-08-23 11:00:00,8080.0,8130.0,8030.0,8040.0,14122.0,A007820
3221,2019-08-23 13:00:00,8050.0,8100.0,8030.0,8090.0,12377.0,A007820
3222,2019-08-23 15:00:00,8080.0,8080.0,8000.0,8030.0,14483.0,A007820
3223,2019-08-26 09:00:00,7830.0,7940.0,7610.0,7720.0,62351.0,A007820
3224,2019-08-26 11:00:00,7710.0,7760.0,7660.0,7740.0,19885.0,A007820
3225,2019-08-26 13:00:00,7740.0,7750.0,7520.0,7550.0,74802.0,A007820
3226,2019-08-26 15:00:00,7570.0,7590.0,7530.0,7550.0,20511.0,A007820
3227,2019-08-27 09:00:00,7600.0,7900.0,7600.0,7860.0,33274.0,A007820
3228,2019-08-27 11:00:00,7860.0,7880.0,7760.0,7770.0,16387.0,A007820
3229,2019-08-27 13:00:00,7780.0,7810.0,7630.0,7710.0,26785.0,A007820
3230,2019-08-27 15:00:00,7710.0,7790.0,7700.0,7760.0,5739.0,A007820
3231,2019-08-28 09:00:00,7880.0,8000.0,7820.0,8000.0,14732.0,A007820
3232,2019-08-28 11:00:00,7760.0,7910.0,7750.0,7880.0,22182.0,A007820
3233,2019-08-28 13:00:00,7750.0,7920.0,7650.0,7740.0,39794.0,A007820
3234,2019-08-28 15:00:00,7740.0,7790.0,7710.0,7760.0,11356.0,A007820
3235,2019-08-29 09:00:00,7810.0,7960.0,7750.0,7930.0,26888.0,A007820
3236,2019-08-29 11:00:00,7900.0,7990.0,7880.0,7990.0,5123.0,A007820
3237,2019-08-29 13:00:00,7970.0,8080.0,7790.0,7820.0,31021.0,A007820
3238,2019-08-29 15:00:00,7920.0,8050.0,7890.0,7900.0,18267.0,A007820
3239,2019-08-30 09:00:00,8450.0,8470.0,8420.0,8420.0,11815.0,A007820
3240,2019-08-30 11:00:00,8140.0,8340.0,8080.0,8310.0,52954.0,A007820
3241,2019-08-30 13:00:00,8310.0,8480.0,8310.0,8430.0,47715.0,A007820
3242,2019-08-30 15:00:00,8440.0,8470.0,8380.0,8450.0,22549.0,A007820
3243,2019-09-02 09:00:00,8400.0,8520.0,8390.0,8500.0,42137.0,A007820
3244,2019-09-02 11:00:00,8500.0,8540.0,8490.0,8540.0,21459.0,A007820
3245,2019-09-02 13:00:00,8550.0,8670.0,8540.0,8620.0,28938.0,A007820
3246,2019-09-02 15:00:00,8610.0,8630.0,8600.0,8620.0,10557.0,A007820
3247,2019-09-03 09:00:00,8530.0,8640.0,8440.0,8620.0,33516.0,A007820
3248,2019-09-03 11:00:00,8620.0,8660.0,8590.0,8660.0,14692.0,A007820
3249,2019-09-03 13:00:00,8660.0,8780.0,8630.0,8770.0,24820.0,A007820
3250,2019-09-03 15:00:00,8770.0,8780.0,8640.0,8640.0,8943.0,A007820
3251,2019-09-04 09:00:00,8600.0,8870.0,8510.0,8840.0,34682.0,A007820
3252,2019-09-04 11:00:00,8840.0,8870.0,8800.0,8860.0,19076.0,A007820
3253,2019-09-04 13:00:00,8860.0,9140.0,8840.0,9140.0,107856.0,A007820
3254,2019-09-04 15:00:00,9140.0,9160.0,9070.0,9070.0,12142.0,A007820
3255,2019-09-05 09:00:00,9420.0,9440.0,9390.0,9440.0,31965.0,A007820
3256,2019-09-05 11:00:00,9340.0,9420.0,9290.0,9420.0,48000.0,A007820
3257,2019-09-05 13:00:00,9340.0,9370.0,9300.0,9340.0,19906.0,A007820
3258,2019-09-05 15:00:00,9070.0,9400.0,9050.0,9340.0,68515.0,A007820
3259,2019-09-06 09:00:00,9400.0,9510.0,9190.0,9340.0,71310.0,A007820
3260,2019-09-06 11:00:00,9340.0,9350.0,9270.0,9300.0,8299.0,A007820
3261,2019-09-06 13:00:00,9290.0,9350.0,9250.0,9340.0,16969.0,A007820
3262,2019-09-06 15:00:00,9340.0,9350.0,9310.0,9350.0,6045.0,A007820
3263,2019-09-09 09:00:00,9590.0,9590.0,9210.0,9230.0,101808.0,A007820
3264,2019-09-09 11:00:00,9240.0,9240.0,8740.0,8760.0,100496.0,A007820
3265,2019-09-09 13:00:00,8760.0,8920.0,8660.0,8740.0,102155.0,A007820
3266,2019-09-09 15:00:00,8740.0,8750.0,8670.0,8670.0,31780.0,A007820
3267,2019-09-10 09:00:00,8760.0,9040.0,8680.0,8790.0,74452.0,A007820
3268,2019-09-10 11:00:00,8790.0,8830.0,8670.0,8730.0,44493.0,A007820
3269,2019-09-10 13:00:00,8730.0,8850.0,8720.0,8790.0,24797.0,A007820
3270,2019-09-10 15:00:00,8790.0,8790.0,8720.0,8720.0,12552.0,A007820
3271,2019-09-11 09:00:00,8890.0,8930.0,8720.0,8720.0,18314.0,A007820
3272,2019-09-11 11:00:00,8740.0,8930.0,8710.0,8890.0,26090.0,A007820
3273,2019-09-11 13:00:00,8740.0,8860.0,8720.0,8770.0,16015.0,A007820
3274,2019-09-11 15:00:00,8770.0,8780.0,8730.0,8730.0,10411.0,A007820
3275,2019-09-16 09:00:00,8790.0,8930.0,8770.0,8810.0,47816.0,A007820
3276,2019-09-16 11:00:00,8810.0,8940.0,8800.0,8910.0,15173.0,A007820
3277,2019-09-16 13:00:00,8900.0,8940.0,8830.0,8890.0,18850.0,A007820
3278,2019-09-16 15:00:00,8890.0,8910.0,8850.0,8880.0,9267.0,A007820
3279,2019-09-17 09:00:00,8240.0,9050.0,8240.0,8950.0,56711.0,A007820
3280,2019-09-17 11:00:00,8970.0,9000.0,8950.0,8980.0,13472.0,A007820
3281,2019-09-17 13:00:00,8970.0,9000.0,8880.0,8900.0,32708.0,A007820
3282,2019-09-17 15:00:00,8900.0,8900.0,8880.0,8900.0,5721.0,A007820
3283,2019-09-18 09:00:00,8900.0,9150.0,8780.0,8860.0,27924.0,A007820
3284,2019-09-18 11:00:00,8870.0,8870.0,8790.0,8790.0,17225.0,A007820
3285,2019-09-18 13:00:00,8800.0,8850.0,8780.0,8800.0,15688.0,A007820
3286,2019-09-18 15:00:00,8820.0,8820.0,8780.0,8820.0,4959.0,A007820
3287,2019-09-19 09:00:00,8910.0,8950.0,8870.0,8890.0,14640.0,A007820
3288,2019-09-19 11:00:00,8890.0,8940.0,8890.0,8920.0,6065.0,A007820
3289,2019-09-19 13:00:00,8820.0,9020.0,8790.0,8940.0,52891.0,A007820
3290,2019-09-19 15:00:00,8940.0,9000.0,8900.0,8900.0,19348.0,A007820
3291,2019-09-20 09:00:00,9000.0,9030.0,8740.0,8770.0,38172.0,A007820
3292,2019-09-20 11:00:00,8760.0,8810.0,8750.0,8790.0,16964.0,A007820
3293,2019-09-20 13:00:00,8790.0,8820.0,8770.0,8790.0,12471.0,A007820
3294,2019-09-20 15:00:00,8790.0,8790.0,8770.0,8780.0,7018.0,A007820
3295,2019-09-23 09:00:00,8720.0,8790.0,8700.0,8770.0,9564.0,A007820
3296,2019-09-23 11:00:00,8770.0,8770.0,8740.0,8760.0,2652.0,A007820
3297,2019-09-23 13:00:00,8750.0,8870.0,8620.0,8710.0,27593.0,A007820
3298,2019-09-23 15:00:00,8700.0,8760.0,8680.0,8710.0,11323.0,A007820
3299,2019-09-24 09:00:00,8850.0,8970.0,8760.0,8900.0,36160.0,A007820
3300,2019-09-24 11:00:00,8910.0,8930.0,8860.0,8860.0,10845.0,A007820
3301,2019-09-24 13:00:00,8870.0,8890.0,8800.0,8800.0,14838.0,A007820
3302,2019-09-24 15:00:00,8810.0,8830.0,8740.0,8740.0,8905.0,A007820
3303,2019-09-25 09:00:00,8740.0,8790.0,8600.0,8650.0,33508.0,A007820
3304,2019-09-25 11:00:00,8650.0,8720.0,8630.0,8660.0,9336.0,A007820
3305,2019-09-25 13:00:00,8660.0,8670.0,8530.0,8550.0,25270.0,A007820
3306,2019-09-25 15:00:00,8540.0,8630.0,8500.0,8630.0,8912.0,A007820
3307,2019-09-26 09:00:00,8570.0,8640.0,8530.0,8640.0,7378.0,A007820
3308,2019-09-26 11:00:00,8680.0,8690.0,8530.0,8570.0,25522.0,A007820
3309,2019-09-26 13:00:00,8620.0,8790.0,8620.0,8690.0,23746.0,A007820
3310,2019-09-26 15:00:00,8700.0,8720.0,8650.0,8680.0,16580.0,A007820
3311,2019-09-27 09:00:00,8600.0,8750.0,8400.0,8430.0,33924.0,A007820
3312,2019-09-27 11:00:00,8430.0,8510.0,8410.0,8470.0,9498.0,A007820
3313,2019-09-27 13:00:00,8480.0,8550.0,8420.0,8540.0,14029.0,A007820
3314,2019-09-27 15:00:00,8550.0,8570.0,8530.0,8570.0,3918.0,A007820
3315,2019-09-30 09:00:00,8480.0,8520.0,8280.0,8310.0,38526.0,A007820
3316,2019-09-30 11:00:00,8310.0,8380.0,8300.0,8370.0,8944.0,A007820
3317,2019-09-30 13:00:00,8350.0,8400.0,8270.0,8320.0,19097.0,A007820
3318,2019-09-30 15:00:00,8300.0,8340.0,8260.0,8340.0,6942.0,A007820
3319,2019-10-01 09:00:00,8300.0,8490.0,8300.0,8400.0,18351.0,A007820
3320,2019-10-01 11:00:00,8400.0,8400.0,8150.0,8380.0,49735.0,A007820
3321,2019-10-01 13:00:00,8390.0,8460.0,8340.0,8460.0,16107.0,A007820
3322,2019-10-01 15:00:00,8460.0,8500.0,8450.0,8500.0,6679.0,A007820
3323,2019-10-02 09:00:00,8360.0,8490.0,8300.0,8330.0,19488.0,A007820
3324,2019-10-02 11:00:00,8330.0,8370.0,8290.0,8290.0,7131.0,A007820
3325,2019-10-02 13:00:00,8430.0,8430.0,8320.0,8350.0,17633.0,A007820
3326,2019-10-02 15:00:00,8340.0,8370.0,8290.0,8360.0,19438.0,A007820
3327,2019-10-04 09:00:00,8190.0,8310.0,8010.0,8100.0,34526.0,A007820
3328,2019-10-04 11:00:00,8110.0,8150.0,8080.0,8110.0,13346.0,A007820
3329,2019-10-04 13:00:00,8140.0,8190.0,8100.0,8110.0,14426.0,A007820
3330,2019-10-04 15:00:00,8110.0,8120.0,8050.0,8090.0,10159.0,A007820
3331,2019-10-07 09:00:00,8100.0,8170.0,8020.0,8070.0,19535.0,A007820
3332,2019-10-07 11:00:00,8090.0,8100.0,7980.0,8000.0,17733.0,A007820
3333,2019-10-07 13:00:00,8020.0,8050.0,7980.0,8010.0,18458.0,A007820
3334,2019-10-07 15:00:00,8010.0,8050.0,8000.0,8010.0,5412.0,A007820
3335,2019-10-08 09:00:00,8120.0,8140.0,8100.0,8140.0,6284.0,A007820
3336,2019-10-08 11:00:00,7970.0,8140.0,7920.0,8100.0,30696.0,A007820
3337,2019-10-08 13:00:00,8100.0,8200.0,8070.0,8150.0,15909.0,A007820
3338,2019-10-08 15:00:00,8110.0,8190.0,8110.0,8130.0,16735.0,A007820
3339,2019-10-10 09:00:00,8090.0,8160.0,7970.0,8040.0,26834.0,A007820
3340,2019-10-10 11:00:00,8040.0,8080.0,8020.0,8030.0,2909.0,A007820
3341,2019-10-10 13:00:00,8020.0,8260.0,8010.0,8240.0,22804.0,A007820
3342,2019-10-10 15:00:00,8240.0,8250.0,8200.0,8250.0,4113.0,A007820
3343,2019-10-11 09:00:00,8230.0,8250.0,8180.0,8220.0,13388.0,A007820
3344,2019-10-11 11:00:00,8220.0,8230.0,8170.0,8180.0,2912.0,A007820
3345,2019-10-11 13:00:00,8250.0,8270.0,8150.0,8190.0,14416.0,A007820
3346,2019-10-11 15:00:00,8190.0,8240.0,8150.0,8230.0,3157.0,A007820
3347,2019-10-14 09:00:00,8400.0,8490.0,8390.0,8470.0,13880.0,A007820
3348,2019-10-14 11:00:00,8470.0,8540.0,8470.0,8500.0,42293.0,A007820
3349,2019-10-14 13:00:00,8500.0,8510.0,8480.0,8510.0,11115.0,A007820
3350,2019-10-14 15:00:00,8230.0,8500.0,8230.0,8390.0,53655.0,A007820
3351,2019-10-15 09:00:00,8430.0,8510.0,8400.0,8500.0,11754.0,A007820
3352,2019-10-15 11:00:00,8500.0,8630.0,8480.0,8630.0,18084.0,A007820
3353,2019-10-15 13:00:00,8630.0,8660.0,8610.0,8620.0,15126.0,A007820
3354,2019-10-15 15:00:00,8620.0,8640.0,8610.0,8640.0,5365.0,A007820
3355,2019-10-16 09:00:00,8670.0,8720.0,8670.0,8710.0,10082.0,A007820
3356,2019-10-16 11:00:00,8700.0,8710.0,8670.0,8670.0,9355.0,A007820
3357,2019-10-16 13:00:00,8670.0,8710.0,8640.0,8670.0,9437.0,A007820
3358,2019-10-16 15:00:00,8620.0,8740.0,8580.0,8700.0,28627.0,A007820
3359,2019-10-17 09:00:00,8700.0,8720.0,8510.0,8530.0,15503.0,A007820
3360,2019-10-17 11:00:00,8530.0,8570.0,8510.0,8560.0,5418.0,A007820
3361,2019-10-17 13:00:00,8560.0,8560.0,8490.0,8520.0,10913.0,A007820
3362,2019-10-17 15:00:00,8520.0,8530.0,8520.0,8520.0,1419.0,A007820
3363,2019-10-18 09:00:00,8370.0,8410.0,8320.0,8400.0,8602.0,A007820
3364,2019-10-18 11:00:00,8460.0,8460.0,8360.0,8370.0,15312.0,A007820
3365,2019-10-18 13:00:00,8570.0,8570.0,8440.0,8490.0,9730.0,A007820
3366,2019-10-18 15:00:00,8480.0,8500.0,8440.0,8470.0,5251.0,A007820
3367,2019-10-21 09:00:00,8330.0,8330.0,8140.0,8190.0,36467.0,A007820
3368,2019-10-21 11:00:00,8190.0,8190.0,8100.0,8140.0,40866.0,A007820
3369,2019-10-21 13:00:00,8150.0,8230.0,8140.0,8190.0,23486.0,A007820
3370,2019-10-21 15:00:00,8190.0,8220.0,8160.0,8220.0,7194.0,A007820
3371,2019-10-22 09:00:00,8180.0,8200.0,8090.0,8110.0,39392.0,A007820
3372,2019-10-22 11:00:00,8110.0,8150.0,8100.0,8130.0,22205.0,A007820
3373,2019-10-22 13:00:00,8120.0,8170.0,8120.0,8120.0,14901.0,A007820
3374,2019-10-22 15:00:00,8120.0,8140.0,8100.0,8140.0,12454.0,A007820
3375,2019-10-23 09:00:00,8120.0,8130.0,8090.0,8100.0,4043.0,A007820
3376,2019-10-23 11:00:00,8120.0,8170.0,8010.0,8140.0,8823.0,A007820
3377,2019-10-23 13:00:00,8140.0,8140.0,8060.0,8060.0,12566.0,A007820
3378,2019-10-23 15:00:00,8060.0,8140.0,8060.0,8120.0,7367.0,A007820
3379,2019-10-24 09:00:00,8110.0,8140.0,8030.0,8130.0,31186.0,A007820
3380,2019-10-24 11:00:00,8130.0,8140.0,8060.0,8090.0,7729.0,A007820
3381,2019-10-24 13:00:00,8090.0,8100.0,7950.0,8090.0,59191.0,A007820
3382,2019-10-24 15:00:00,8090.0,8180.0,8090.0,8170.0,8978.0,A007820
3383,2019-10-25 09:00:00,8150.0,8160.0,8150.0,8160.0,4946.0,A007820
3384,2019-10-25 11:00:00,8130.0,8160.0,8100.0,8150.0,15003.0,A007820
3385,2019-10-25 13:00:00,8190.0,8190.0,8080.0,8090.0,19150.0,A007820
3386,2019-10-25 15:00:00,8100.0,8140.0,8090.0,8120.0,5081.0,A007820
3387,2019-10-28 09:00:00,8350.0,8410.0,8300.0,8390.0,15515.0,A007820
3388,2019-10-28 11:00:00,8400.0,8400.0,8380.0,8400.0,2056.0,A007820
3389,2019-10-28 13:00:00,8110.0,8450.0,8110.0,8350.0,56836.0,A007820
3390,2019-10-28 15:00:00,8390.0,8410.0,8290.0,8410.0,20395.0,A007820
3391,2019-10-29 09:00:00,8450.0,8470.0,8360.0,8420.0,21200.0,A007820
3392,2019-10-29 11:00:00,8410.0,8480.0,8410.0,8420.0,12192.0,A007820
3393,2019-10-29 13:00:00,8430.0,8450.0,8350.0,8430.0,19196.0,A007820
3394,2019-10-29 15:00:00,8410.0,8410.0,8390.0,8410.0,3450.0,A007820
3395,2019-10-30 09:00:00,8350.0,8410.0,8260.0,8290.0,26304.0,A007820
3396,2019-10-30 11:00:00,8300.0,8320.0,8260.0,8270.0,4574.0,A007820
3397,2019-10-30 13:00:00,8270.0,8310.0,8200.0,8270.0,24081.0,A007820
3398,2019-10-30 15:00:00,8270.0,8310.0,8220.0,8310.0,3440.0,A007820
3399,2019-10-31 09:00:00,8320.0,8510.0,8310.0,8460.0,20365.0,A007820
3400,2019-10-31 11:00:00,8460.0,8500.0,8430.0,8470.0,8897.0,A007820
3401,2019-10-31 13:00:00,8460.0,8480.0,8330.0,8330.0,26460.0,A007820
3402,2019-10-31 15:00:00,8330.0,8370.0,8280.0,8300.0,11465.0,A007820
3403,2019-11-01 09:00:00,8300.0,8340.0,8240.0,8310.0,20235.0,A007820
3404,2019-11-01 11:00:00,8300.0,8340.0,8280.0,8340.0,2858.0,A007820
3405,2019-11-01 13:00:00,8300.0,8360.0,8170.0,8180.0,24108.0,A007820
3406,2019-11-01 15:00:00,8210.0,8340.0,8180.0,8300.0,14689.0,A007820
3407,2019-11-04 09:00:00,8380.0,8660.0,8350.0,8630.0,57305.0,A007820
3408,2019-11-04 11:00:00,8630.0,8740.0,8600.0,8720.0,50193.0,A007820
3409,2019-11-04 13:00:00,8720.0,8740.0,8610.0,8680.0,30665.0,A007820
3410,2019-11-04 15:00:00,8670.0,8690.0,8630.0,8690.0,8255.0,A007820
3411,2019-11-05 09:00:00,8750.0,8750.0,8570.0,8650.0,35465.0,A007820
3412,2019-11-05 11:00:00,8660.0,8670.0,8570.0,8660.0,13521.0,A007820
3413,2019-11-05 13:00:00,8630.0,8670.0,8560.0,8590.0,13540.0,A007820
3414,2019-11-05 15:00:00,8590.0,8620.0,8580.0,8620.0,5240.0,A007820
3415,2019-11-06 09:00:00,8560.0,8580.0,8520.0,8540.0,3828.0,A007820
3416,2019-11-06 11:00:00,8530.0,8710.0,8530.0,8610.0,29729.0,A007820
3417,2019-11-06 13:00:00,8610.0,8630.0,8530.0,8560.0,19256.0,A007820
3418,2019-11-06 15:00:00,8560.0,8580.0,8500.0,8560.0,27654.0,A007820
3419,2019-11-07 09:00:00,8530.0,8580.0,8440.0,8480.0,27063.0,A007820
3420,2019-11-07 11:00:00,8470.0,8480.0,8450.0,8460.0,12574.0,A007820
3421,2019-11-07 13:00:00,8460.0,8530.0,8450.0,8480.0,16647.0,A007820
3422,2019-11-07 15:00:00,8490.0,8510.0,8490.0,8510.0,5574.0,A007820
3423,2019-11-08 09:00:00,8670.0,8730.0,8660.0,8660.0,13625.0,A007820
3424,2019-11-08 11:00:00,8810.0,8820.0,8670.0,8780.0,33796.0,A007820
3425,2019-11-08 13:00:00,8530.0,9020.0,8520.0,8810.0,211726.0,A007820
3426,2019-11-08 15:00:00,8780.0,8790.0,8530.0,8660.0,44217.0,A007820
3427,2019-11-11 09:00:00,8670.0,8690.0,8470.0,8490.0,31755.0,A007820
3428,2019-11-11 11:00:00,8500.0,8500.0,8440.0,8480.0,28925.0,A007820
3429,2019-11-11 13:00:00,8480.0,8480.0,8450.0,8450.0,21296.0,A007820
3430,2019-11-11 15:00:00,8450.0,8470.0,8450.0,8450.0,7098.0,A007820
3431,2019-11-12 09:00:00,8400.0,8730.0,8340.0,8680.0,39806.0,A007820
3432,2019-11-12 11:00:00,8680.0,8720.0,8580.0,8600.0,18023.0,A007820
3433,2019-11-12 13:00:00,8600.0,8680.0,8570.0,8660.0,29623.0,A007820
3434,2019-11-12 15:00:00,8660.0,8660.0,8620.0,8650.0,6504.0,A007820
3435,2019-11-13 09:00:00,8600.0,8630.0,8590.0,8600.0,2624.0,A007820
3436,2019-11-13 11:00:00,8580.0,8730.0,8560.0,8590.0,32418.0,A007820
3437,2019-11-13 13:00:00,8580.0,8680.0,8570.0,8670.0,8852.0,A007820
3438,2019-11-13 15:00:00,8680.0,8690.0,8510.0,8600.0,26601.0,A007820
3439,2019-11-14 09:00:00,8450.0,8680.0,8450.0,8510.0,45069.0,A007820
3440,2019-11-14 11:00:00,8510.0,8580.0,8470.0,8570.0,19912.0,A007820
3441,2019-11-14 13:00:00,8550.0,8720.0,8510.0,8680.0,34270.0,A007820
3442,2019-11-14 15:00:00,8680.0,8690.0,8650.0,8650.0,10716.0,A007820
3443,2019-11-15 09:00:00,9120.0,9120.0,9080.0,9090.0,17276.0,A007820
3444,2019-11-15 11:00:00,8700.0,9130.0,8630.0,9030.0,136650.0,A007820
3445,2019-11-15 13:00:00,9040.0,9100.0,8850.0,8880.0,52287.0,A007820
3446,2019-11-15 15:00:00,8890.0,9120.0,8870.0,9120.0,99600.0,A007820
3447,2019-11-18 09:00:00,9020.0,9220.0,8910.0,9180.0,63138.0,A007820
3448,2019-11-18 11:00:00,9180.0,9190.0,9050.0,9120.0,22204.0,A007820
3449,2019-11-18 13:00:00,9110.0,9160.0,9050.0,9140.0,17123.0,A007820
3450,2019-11-18 15:00:00,9150.0,9160.0,9110.0,9160.0,9894.0,A007820
3451,2019-11-19 09:00:00,9180.0,9180.0,8940.0,8990.0,34069.0,A007820
3452,2019-11-19 11:00:00,9000.0,9030.0,8930.0,9000.0,24889.0,A007820
3453,2019-11-19 13:00:00,8990.0,9120.0,8990.0,9030.0,26242.0,A007820
3454,2019-11-19 15:00:00,9030.0,9100.0,9020.0,9100.0,6152.0,A007820
3455,2019-11-20 09:00:00,9100.0,9220.0,9020.0,9040.0,39110.0,A007820
3456,2019-11-20 11:00:00,9050.0,9090.0,9010.0,9020.0,16604.0,A007820
3457,2019-11-20 13:00:00,9030.0,9030.0,8700.0,8910.0,43722.0,A007820
3458,2019-11-20 15:00:00,8920.0,8930.0,8800.0,8840.0,7878.0,A007820
3459,2019-11-21 09:00:00,8760.0,8760.0,8600.0,8700.0,17964.0,A007820
3460,2019-11-21 11:00:00,8700.0,8700.0,8630.0,8680.0,9787.0,A007820
3461,2019-11-21 13:00:00,8880.0,8880.0,8550.0,8640.0,50389.0,A007820
3462,2019-11-21 15:00:00,8640.0,8780.0,8620.0,8760.0,15677.0,A007820
3463,2019-11-22 09:00:00,8780.0,8800.0,8730.0,8730.0,7505.0,A007820
3464,2019-11-22 11:00:00,8730.0,8740.0,8610.0,8640.0,17935.0,A007820
3465,2019-11-22 13:00:00,8640.0,8730.0,8620.0,8730.0,4576.0,A007820
3466,2019-11-22 15:00:00,8670.0,8810.0,8630.0,8780.0,16361.0,A007820
3467,2019-11-25 09:00:00,8740.0,8940.0,8740.0,8880.0,16588.0,A007820
3468,2019-11-25 11:00:00,8880.0,8980.0,8880.0,8940.0,13417.0,A007820
3469,2019-11-25 13:00:00,8950.0,9010.0,8920.0,8940.0,17763.0,A007820
3470,2019-11-25 15:00:00,8940.0,8980.0,8940.0,8980.0,4352.0,A007820
3471,2019-11-26 09:00:00,9180.0,9190.0,9130.0,9130.0,7911.0,A007820
3472,2019-11-26 11:00:00,9160.0,9270.0,9150.0,9240.0,48969.0,A007820
3473,2019-11-26 13:00:00,9240.0,9240.0,9140.0,9190.0,25835.0,A007820
3474,2019-11-26 15:00:00,8990.0,9200.0,8860.0,9170.0,36264.0,A007820
3475,2019-11-27 09:00:00,9100.0,9180.0,8990.0,9080.0,20260.0,A007820
3476,2019-11-27 11:00:00,9090.0,9190.0,9080.0,9190.0,18760.0,A007820
3477,2019-11-27 13:00:00,9190.0,9220.0,9110.0,9150.0,17702.0,A007820
3478,2019-11-27 15:00:00,9150.0,9150.0,9110.0,9120.0,2145.0,A007820
3479,2019-11-28 09:00:00,9580.0,9580.0,9520.0,9560.0,43348.0,A007820
3480,2019-11-28 11:00:00,9430.0,9580.0,9380.0,9580.0,102045.0,A007820
3481,2019-11-28 13:00:00,9120.0,9540.0,9040.0,9510.0,195665.0,A007820
3482,2019-11-28 15:00:00,9510.0,9520.0,9360.0,9430.0,59720.0,A007820
3483,2019-11-29 09:00:00,9570.0,9600.0,9350.0,9430.0,153076.0,A007820
3484,2019-11-29 11:00:00,9440.0,9500.0,9420.0,9500.0,21096.0,A007820
3485,2019-11-29 13:00:00,9500.0,9580.0,9480.0,9520.0,46020.0,A007820
3486,2019-11-29 15:00:00,9500.0,9530.0,9480.0,9510.0,9927.0,A007820
3487,2019-12-02 09:00:00,9650.0,9750.0,9460.0,9540.0,131240.0,A007820
3488,2019-12-02 11:00:00,9540.0,9590.0,9500.0,9580.0,33137.0,A007820
3489,2019-12-02 13:00:00,9580.0,9590.0,9500.0,9550.0,27506.0,A007820
3490,2019-12-02 15:00:00,9530.0,9540.0,9470.0,9540.0,20382.0,A007820
3491,2019-12-03 09:00:00,9640.0,9640.0,9600.0,9620.0,11274.0,A007820
3492,2019-12-03 11:00:00,9430.0,9600.0,9370.0,9510.0,76104.0,A007820
3493,2019-12-03 13:00:00,9510.0,9590.0,9480.0,9550.0,25920.0,A007820
3494,2019-12-03 15:00:00,9550.0,9650.0,9550.0,9640.0,66118.0,A007820
3495,2019-12-04 09:00:00,9520.0,9620.0,9400.0,9400.0,56429.0,A007820
3496,2019-12-04 11:00:00,9430.0,9480.0,9290.0,9480.0,38739.0,A007820
3497,2019-12-04 13:00:00,9480.0,9570.0,9470.0,9550.0,20458.0,A007820
3498,2019-12-04 15:00:00,9550.0,9560.0,9410.0,9460.0,7873.0,A007820
3499,2019-12-05 09:00:00,9600.0,9620.0,9580.0,9600.0,15387.0,A007820
3500,2019-12-05 11:00:00,9500.0,9740.0,9480.0,9610.0,79920.0,A007820
3501,2019-12-05 13:00:00,9610.0,9690.0,9460.0,9580.0,40993.0,A007820
3502,2019-12-05 15:00:00,9580.0,9650.0,9540.0,9600.0,32778.0,A007820
3503,2019-12-06 09:00:00,9890.0,9950.0,9510.0,9610.0,218585.0,A007820
3504,2019-12-06 11:00:00,9610.0,9660.0,9550.0,9640.0,27593.0,A007820
3505,2019-12-06 13:00:00,9640.0,9640.0,9580.0,9620.0,17210.0,A007820
3506,2019-12-06 15:00:00,9610.0,9640.0,9580.0,9600.0,16557.0,A007820
3507,2019-12-09 09:00:00,9600.0,9760.0,9560.0,9680.0,59708.0,A007820
3508,2019-12-09 11:00:00,9690.0,9750.0,9620.0,9680.0,25234.0,A007820
3509,2019-12-09 13:00:00,9670.0,9670.0,9560.0,9600.0,27281.0,A007820
3510,2019-12-09 15:00:00,9600.0,9610.0,9520.0,9610.0,18640.0,A007820
3511,2019-12-10 09:00:00,9660.0,9660.0,9630.0,9640.0,7746.0,A007820
3512,2019-12-10 11:00:00,9610.0,9610.0,9460.0,9570.0,42606.0,A007820
3513,2019-12-10 13:00:00,9570.0,9620.0,9510.0,9600.0,16289.0,A007820
3514,2019-12-10 15:00:00,9610.0,9670.0,9590.0,9660.0,27812.0,A007820
3515,2019-12-11 09:00:00,9640.0,10150.0,9590.0,10000.0,204652.0,A007820
3516,2019-12-11 11:00:00,10000.0,10100.0,9990.0,10050.0,55975.0,A007820
3517,2019-12-11 13:00:00,10000.0,10100.0,9990.0,10050.0,53076.0,A007820
3518,2019-12-11 15:00:00,10050.0,10250.0,10000.0,10250.0,73671.0,A007820
3519,2019-12-12 09:00:00,10350.0,10400.0,10200.0,10350.0,130640.0,A007820
3520,2019-12-12 11:00:00,10250.0,10300.0,10000.0,10200.0,98888.0,A007820
3521,2019-12-12 13:00:00,10200.0,10300.0,10150.0,10200.0,18286.0,A007820
3522,2019-12-12 15:00:00,10250.0,10400.0,10150.0,10350.0,55427.0,A007820
3523,2019-12-13 09:00:00,10450.0,10500.0,10200.0,10350.0,51742.0,A007820
3524,2019-12-13 11:00:00,10350.0,10400.0,10300.0,10350.0,26916.0,A007820
3525,2019-12-13 13:00:00,10350.0,10400.0,10300.0,10300.0,33899.0,A007820
3526,2019-12-13 15:00:00,10350.0,10450.0,10300.0,10400.0,15683.0,A007820
3527,2019-12-16 09:00:00,10400.0,10450.0,10150.0,10200.0,46520.0,A007820
3528,2019-12-16 11:00:00,10200.0,10200.0,10050.0,10100.0,42267.0,A007820
3529,2019-12-16 13:00:00,10100.0,10250.0,10100.0,10250.0,23687.0,A007820
3530,2019-12-16 15:00:00,10250.0,10350.0,10250.0,10300.0,14310.0,A007820
3531,2019-12-17 09:00:00,10200.0,10600.0,10150.0,10400.0,59677.0,A007820
3532,2019-12-17 11:00:00,10450.0,10550.0,10350.0,10450.0,26349.0,A007820
3533,2019-12-17 13:00:00,10450.0,10500.0,10350.0,10450.0,29626.0,A007820
3534,2019-12-17 15:00:00,10450.0,10650.0,10400.0,10550.0,43425.0,A007820
3535,2019-12-18 09:00:00,10500.0,10500.0,10250.0,10400.0,40325.0,A007820
3536,2019-12-18 11:00:00,10400.0,10400.0,10150.0,10150.0,21180.0,A007820
3537,2019-12-18 13:00:00,10450.0,10500.0,10400.0,10450.0,10883.0,A007820
3538,2019-12-18 15:00:00,10600.0,10600.0,10300.0,10450.0,30411.0,A007820
3539,2019-12-19 09:00:00,10150.0,10300.0,10150.0,10250.0,23589.0,A007820
3540,2019-12-19 11:00:00,10250.0,10600.0,10200.0,10500.0,109430.0,A007820
3541,2019-12-19 13:00:00,10500.0,10550.0,10400.0,10500.0,22793.0,A007820
3542,2019-12-19 15:00:00,10500.0,10500.0,10100.0,10150.0,58577.0,A007820
3543,2019-12-20 09:00:00,10350.0,10400.0,10050.0,10100.0,35184.0,A007820
3544,2019-12-20 11:00:00,10100.0,10250.0,10050.0,10200.0,15625.0,A007820
3545,2019-12-20 13:00:00,10200.0,10200.0,10000.0,10100.0,21983.0,A007820
3546,2019-12-20 15:00:00,10100.0,10150.0,10050.0,10050.0,10221.0,A007820
3547,2019-12-23 09:00:00,10050.0,10200.0,9860.0,9930.0,51053.0,A007820
3548,2019-12-23 11:00:00,9930.0,10100.0,9900.0,10100.0,18232.0,A007820
3549,2019-12-23 13:00:00,10050.0,10100.0,9930.0,10050.0,26180.0,A007820
3550,2019-12-23 15:00:00,10050.0,10150.0,10000.0,10150.0,10534.0,A007820
3551,2019-12-24 09:00:00,10150.0,10650.0,10100.0,10450.0,131877.0,A007820
3552,2019-12-24 11:00:00,10450.0,10500.0,10300.0,10350.0,27592.0,A007820
3553,2019-12-24 13:00:00,10400.0,10450.0,10250.0,10400.0,94520.0,A007820
3554,2019-12-24 15:00:00,10400.0,10500.0,10350.0,10500.0,21064.0,A007820
3555,2019-12-26 09:00:00,10700.0,10700.0,10550.0,10700.0,32434.0,A007820
3556,2019-12-26 11:00:00,10700.0,10750.0,10650.0,10750.0,48773.0,A007820
3557,2019-12-26 13:00:00,10400.0,10650.0,10300.0,10650.0,64507.0,A007820
3558,2019-12-26 15:00:00,10600.0,10700.0,10500.0,10700.0,38535.0,A007820
3559,2019-12-27 09:00:00,10850.0,10950.0,10700.0,10700.0,26390.0,A007820
3560,2019-12-27 11:00:00,10750.0,11000.0,10750.0,10850.0,34184.0,A007820
3561,2019-12-27 13:00:00,10850.0,10950.0,10800.0,10950.0,12134.0,A007820
3562,2019-12-27 15:00:00,10650.0,11050.0,10500.0,10850.0,132698.0,A007820
3563,2019-12-30 09:00:00,10800.0,11000.0,10600.0,10950.0,35063.0,A007820
3564,2019-12-30 11:00:00,10950.0,10950.0,10900.0,10950.0,8039.0,A007820
3565,2019-12-30 13:00:00,10900.0,11050.0,10900.0,11050.0,31516.0,A007820
3566,2019-12-30 15:00:00,11050.0,11050.0,10950.0,11000.0,13580.0,A007820
3567,2020-01-02 09:00:00,11000.0,11100.0,10700.0,10800.0,97947.0,A007820
3568,2020-01-02 11:00:00,10800.0,10850.0,10700.0,10700.0,59542.0,A007820
3569,2020-01-02 13:00:00,10750.0,10750.0,10550.0,10700.0,57948.0,A007820
3570,2020-01-03 09:00:00,10800.0,10800.0,10600.0,10650.0,26615.0,A007820
3571,2020-01-03 11:00:00,10650.0,10650.0,10350.0,10400.0,46054.0,A007820
3572,2020-01-03 13:00:00,10450.0,10550.0,10350.0,10550.0,24338.0,A007820
3573,2020-01-03 15:00:00,10550.0,10600.0,10500.0,10550.0,11426.0,A007820
3574,2020-01-06 09:00:00,9990.0,10000.0,9940.0,9970.0,37096.0,A007820
3575,2020-01-06 11:00:00,10100.0,10200.0,9910.0,9990.0,79169.0,A007820
3576,2020-01-06 13:00:00,10300.0,10500.0,10200.0,10200.0,35542.0,A007820
3577,2020-01-06 15:00:00,10200.0,10250.0,10050.0,10100.0,40931.0,A007820
3578,2020-01-07 09:00:00,10250.0,10250.0,10100.0,10250.0,21659.0,A007820
3579,2020-01-07 11:00:00,10200.0,10250.0,10000.0,10100.0,64057.0,A007820
3580,2020-01-07 13:00:00,10100.0,10200.0,10100.0,10150.0,8845.0,A007820
3581,2020-01-07 15:00:00,10000.0,10300.0,9970.0,10200.0,77577.0,A007820
3582,2020-01-08 09:00:00,10050.0,10150.0,9950.0,10050.0,142538.0,A007820
3583,2020-01-08 11:00:00,10100.0,10300.0,10050.0,10250.0,50927.0,A007820
3584,2020-01-08 13:00:00,10200.0,10300.0,10050.0,10050.0,38261.0,A007820
3585,2020-01-08 15:00:00,10100.0,10150.0,10000.0,10050.0,18735.0,A007820
3586,2020-01-09 09:00:00,10100.0,10250.0,10100.0,10250.0,14453.0,A007820
3587,2020-01-09 11:00:00,10150.0,10200.0,10050.0,10050.0,24436.0,A007820
3588,2020-01-09 13:00:00,10050.0,10150.0,10050.0,10100.0,35795.0,A007820
3589,2020-01-09 15:00:00,10350.0,10400.0,10100.0,10200.0,65785.0,A007820
3590,2020-01-10 09:00:00,10200.0,10250.0,10050.0,10050.0,35750.0,A007820
3591,2020-01-10 11:00:00,10100.0,10100.0,10000.0,10100.0,17509.0,A007820
3592,2020-01-10 13:00:00,10100.0,10200.0,10050.0,10150.0,15796.0,A007820
3593,2020-01-10 15:00:00,10100.0,10200.0,10100.0,10200.0,9981.0,A007820
3594,2020-01-13 09:00:00,10050.0,10050.0,9980.0,9980.0,7420.0,A007820
3595,2020-01-13 11:00:00,9920.0,10100.0,9860.0,10000.0,82964.0,A007820
3596,2020-01-13 13:00:00,10250.0,10250.0,9950.0,9950.0,73357.0,A007820
3597,2020-01-13 15:00:00,9950.0,9960.0,9850.0,9920.0,54148.0,A007820
3598,2020-01-14 09:00:00,10000.0,10300.0,9960.0,10100.0,50087.0,A007820
3599,2020-01-14 11:00:00,10100.0,10150.0,10000.0,10000.0,17090.0,A007820
3600,2020-01-14 13:00:00,10000.0,10150.0,9970.0,10100.0,33814.0,A007820
3601,2020-01-14 15:00:00,10050.0,10150.0,10050.0,10050.0,4432.0,A007820
3602,2020-01-15 09:00:00,10050.0,10150.0,9920.0,10050.0,23957.0,A007820
3603,2020-01-15 11:00:00,10050.0,10100.0,10000.0,10000.0,6041.0,A007820
3604,2020-01-15 13:00:00,10000.0,10050.0,9980.0,10000.0,17255.0,A007820
3605,2020-01-15 15:00:00,10000.0,10050.0,9990.0,10000.0,7123.0,A007820
3606,2020-01-16 09:00:00,10050.0,10150.0,10000.0,10150.0,11298.0,A007820
3607,2020-01-16 11:00:00,10000.0,10200.0,10000.0,10050.0,18352.0,A007820
3608,2020-01-16 13:00:00,10050.0,10100.0,10000.0,10050.0,8908.0,A007820
3609,2020-01-16 15:00:00,10050.0,10100.0,10000.0,10000.0,17698.0,A007820
3610,2020-01-17 09:00:00,10150.0,10250.0,10050.0,10200.0,28591.0,A007820
3611,2020-01-17 11:00:00,10200.0,10350.0,10200.0,10250.0,23167.0,A007820
3612,2020-01-17 13:00:00,10250.0,10250.0,10150.0,10200.0,18534.0,A007820
3613,2020-01-17 15:00:00,10200.0,10200.0,10150.0,10150.0,10653.0,A007820
3614,2020-01-20 09:00:00,9830.0,9850.0,9770.0,9850.0,27829.0,A007820
3615,2020-01-20 11:00:00,10150.0,10300.0,9990.0,10050.0,56320.0,A007820
3616,2020-01-20 13:00:00,10050.0,10100.0,9980.0,10050.0,47483.0,A007820
3617,2020-01-20 15:00:00,10000.0,10050.0,9810.0,9830.0,135387.0,A007820
3618,2020-01-21 09:00:00,9680.0,9700.0,9590.0,9590.0,50463.0,A007820
3619,2020-01-21 11:00:00,9590.0,9630.0,9540.0,9560.0,52620.0,A007820
3620,2020-01-21 13:00:00,9560.0,9600.0,9550.0,9560.0,14275.0,A007820
3621,2020-01-21 15:00:00,9900.0,9930.0,9630.0,9680.0,83520.0,A007820
3622,2020-01-22 09:00:00,9530.0,9760.0,9530.0,9650.0,27315.0,A007820
3623,2020-01-22 11:00:00,9650.0,9750.0,9640.0,9710.0,13690.0,A007820
3624,2020-01-22 13:00:00,9750.0,9820.0,9710.0,9780.0,27864.0,A007820
3625,2020-01-22 15:00:00,9780.0,9840.0,9780.0,9840.0,12259.0,A007820
3626,2020-01-23 09:00:00,9690.0,9690.0,9670.0,9680.0,7795.0,A007820
3627,2020-01-23 11:00:00,9720.0,9750.0,9650.0,9670.0,10529.0,A007820
3628,2020-01-23 13:00:00,9660.0,9760.0,9650.0,9710.0,19796.0,A007820
3629,2020-01-23 15:00:00,9840.0,9840.0,9640.0,9730.0,39655.0,A007820
3630,2020-01-28 09:00:00,9300.0,9300.0,9100.0,9170.0,65047.0,A007820
3631,2020-01-28 11:00:00,9160.0,9190.0,9090.0,9140.0,34128.0,A007820
3632,2020-01-28 13:00:00,9140.0,9260.0,9130.0,9250.0,39529.0,A007820
3633,2020-01-28 15:00:00,9240.0,9240.0,9190.0,9190.0,13671.0,A007820
3634,2020-01-29 09:00:00,9520.0,9550.0,9490.0,9490.0,8441.0,A007820
3635,2020-01-29 11:00:00,9570.0,9580.0,9490.0,9520.0,34330.0,A007820
3636,2020-01-29 13:00:00,9290.0,9530.0,9240.0,9440.0,62612.0,A007820
3637,2020-01-29 15:00:00,9440.0,9580.0,9420.0,9570.0,21015.0,A007820
3638,2020-01-30 09:00:00,9400.0,9490.0,9300.0,9310.0,36824.0,A007820
3639,2020-01-30 11:00:00,9300.0,9300.0,9160.0,9190.0,27686.0,A007820
3640,2020-01-30 13:00:00,9180.0,9200.0,9040.0,9110.0,43070.0,A007820
3641,2020-01-30 15:00:00,9120.0,9120.0,9040.0,9080.0,15206.0,A007820
3642,2020-01-31 09:00:00,9150.0,9360.0,9090.0,9160.0,27352.0,A007820
3643,2020-01-31 11:00:00,9160.0,9250.0,9040.0,9040.0,20225.0,A007820
3644,2020-01-31 13:00:00,9040.0,9100.0,8920.0,8940.0,33630.0,A007820
3645,2020-01-31 15:00:00,8930.0,8940.0,8850.0,8930.0,24992.0,A007820
3646,2020-02-03 09:00:00,8960.0,9010.0,8950.0,8960.0,4100.0,A007820
3647,2020-02-03 11:00:00,8700.0,9100.0,8650.0,9080.0,67402.0,A007820
3648,2020-02-03 13:00:00,9080.0,9080.0,8900.0,9000.0,32030.0,A007820
3649,2020-02-03 15:00:00,8950.0,9000.0,8850.0,8960.0,19892.0,A007820
3650,2020-02-04 09:00:00,8980.0,9120.0,8970.0,9080.0,34535.0,A007820
3651,2020-02-04 11:00:00,9090.0,9100.0,8960.0,9000.0,14891.0,A007820
3652,2020-02-04 13:00:00,9000.0,9070.0,8960.0,9010.0,30559.0,A007820
3653,2020-02-04 15:00:00,9050.0,9070.0,8990.0,9070.0,10433.0,A007820
3654,2020-02-05 09:00:00,9010.0,9010.0,8950.0,9010.0,3447.0,A007820
3655,2020-02-05 11:00:00,9150.0,9200.0,8900.0,9090.0,35036.0,A007820
3656,2020-02-05 13:00:00,9090.0,9150.0,9070.0,9080.0,12896.0,A007820
3657,2020-02-05 15:00:00,9080.0,9110.0,8950.0,9010.0,23055.0,A007820
3658,2020-02-06 09:00:00,9150.0,9150.0,9000.0,9010.0,38678.0,A007820
3659,2020-02-06 11:00:00,9010.0,9050.0,9000.0,9010.0,10482.0,A007820
3660,2020-02-06 13:00:00,9010.0,9200.0,9000.0,9160.0,37103.0,A007820
3661,2020-02-06 15:00:00,9160.0,9180.0,9140.0,9150.0,6128.0,A007820
3662,2020-02-07 09:00:00,9150.0,9230.0,9020.0,9040.0,36624.0,A007820
3663,2020-02-07 11:00:00,9050.0,9130.0,9050.0,9060.0,9836.0,A007820
3664,2020-02-07 13:00:00,9090.0,9130.0,9050.0,9120.0,11719.0,A007820
3665,2020-02-07 15:00:00,9120.0,9150.0,9120.0,9150.0,4165.0,A007820
3666,2020-02-10 09:00:00,9130.0,9220.0,9130.0,9170.0,6369.0,A007820
3667,2020-02-10 11:00:00,9110.0,9120.0,8970.0,9060.0,28053.0,A007820
3668,2020-02-10 13:00:00,9090.0,9120.0,9060.0,9110.0,7510.0,A007820
3669,2020-02-10 15:00:00,9110.0,9240.0,9090.0,9130.0,16774.0,A007820
3670,2020-02-11 09:00:00,9150.0,9400.0,9150.0,9340.0,56042.0,A007820
3671,2020-02-11 11:00:00,9350.0,9360.0,9270.0,9320.0,7960.0,A007820
3672,2020-02-11 13:00:00,9320.0,9370.0,9290.0,9360.0,11745.0,A007820
3673,2020-02-11 15:00:00,9370.0,9380.0,9330.0,9380.0,7934.0,A007820
3674,2020-02-12 09:00:00,9410.0,9450.0,9410.0,9430.0,10376.0,A007820
3675,2020-02-12 11:00:00,9310.0,9390.0,9200.0,9360.0,47957.0,A007820
3676,2020-02-12 13:00:00,9370.0,9450.0,9330.0,9450.0,17646.0,A007820
3677,2020-02-12 15:00:00,9450.0,9450.0,9370.0,9410.0,41826.0,A007820
3678,2020-02-13 09:00:00,9500.0,9820.0,9440.0,9780.0,118316.0,A007820
3679,2020-02-13 11:00:00,9780.0,10100.0,9770.0,9910.0,176648.0,A007820
3680,2020-02-13 13:00:00,9910.0,9970.0,9840.0,9950.0,79109.0,A007820
3681,2020-02-13 15:00:00,9950.0,10050.0,9940.0,9990.0,34996.0,A007820
3682,2020-02-14 09:00:00,10050.0,10150.0,9830.0,10100.0,82057.0,A007820
3683,2020-02-14 11:00:00,10100.0,10100.0,9930.0,9970.0,30912.0,A007820
3684,2020-02-14 13:00:00,9960.0,10050.0,9920.0,10050.0,29079.0,A007820
3685,2020-02-14 15:00:00,10050.0,10050.0,10000.0,10000.0,14666.0,A007820
3686,2020-02-17 09:00:00,9960.0,10300.0,9870.0,10250.0,120691.0,A007820
3687,2020-02-17 11:00:00,10250.0,10350.0,10150.0,10300.0,51519.0,A007820
3688,2020-02-17 13:00:00,10300.0,10350.0,10250.0,10350.0,45387.0,A007820
3689,2020-02-17 15:00:00,10350.0,10400.0,10300.0,10300.0,20224.0,A007820
3690,2020-02-18 09:00:00,10200.0,10300.0,10150.0,10200.0,16148.0,A007820
3691,2020-02-18 11:00:00,10300.0,10400.0,10200.0,10350.0,56109.0,A007820
3692,2020-02-18 13:00:00,10350.0,10450.0,10100.0,10300.0,96331.0,A007820
3693,2020-02-18 15:00:00,10350.0,10400.0,10150.0,10200.0,47053.0,A007820
3694,2020-02-19 09:00:00,10250.0,10350.0,10200.0,10350.0,26664.0,A007820
3695,2020-02-19 11:00:00,10300.0,10400.0,10250.0,10350.0,9887.0,A007820
3696,2020-02-19 13:00:00,10300.0,10450.0,10100.0,10300.0,103560.0,A007820
3697,2020-02-19 15:00:00,10350.0,10400.0,10250.0,10300.0,36758.0,A007820
3698,2020-02-20 09:00:00,10400.0,10400.0,10350.0,10350.0,15638.0,A007820
3699,2020-02-20 11:00:00,10450.0,10500.0,10250.0,10250.0,89703.0,A007820
3700,2020-02-20 13:00:00,10300.0,10350.0,10200.0,10300.0,24621.0,A007820
3701,2020-02-20 15:00:00,10250.0,10400.0,10200.0,10400.0,30921.0,A007820
3702,2020-02-21 09:00:00,10250.0,10250.0,10050.0,10250.0,25531.0,A007820
3703,2020-02-21 11:00:00,10000.0,10100.0,10000.0,10100.0,15626.0,A007820
3704,2020-02-21 13:00:00,10150.0,10300.0,10100.0,10250.0,46218.0,A007820
3705,2020-02-21 15:00:00,10250.0,10250.0,10000.0,10000.0,42022.0,A007820
3706,2020-02-24 09:00:00,9790.0,10000.0,9750.0,9780.0,71403.0,A007820
3707,2020-02-24 11:00:00,9790.0,9790.0,9660.0,9770.0,53759.0,A007820
3708,2020-02-24 13:00:00,9760.0,9780.0,9650.0,9730.0,35182.0,A007820
3709,2020-02-24 15:00:00,9730.0,9730.0,9520.0,9620.0,30056.0,A007820
3710,2020-02-25 09:00:00,9620.0,9920.0,9460.0,9870.0,83008.0,A007820
3711,2020-02-25 11:00:00,9950.0,10150.0,9850.0,9990.0,59459.0,A007820
3712,2020-02-25 13:00:00,9990.0,10050.0,9960.0,10000.0,17287.0,A007820
3713,2020-02-25 15:00:00,9870.0,10000.0,9800.0,9940.0,55263.0,A007820
3714,2020-02-26 09:00:00,9850.0,10050.0,9800.0,9990.0,70020.0,A007820
3715,2020-02-26 11:00:00,9980.0,10350.0,9960.0,10350.0,69607.0,A007820
3716,2020-02-26 13:00:00,10350.0,10350.0,10150.0,10250.0,48832.0,A007820
3717,2020-02-26 15:00:00,10250.0,10250.0,10150.0,10150.0,17909.0,A007820
3718,2020-02-27 09:00:00,9890.0,9890.0,9830.0,9870.0,11739.0,A007820
3719,2020-02-27 11:00:00,10150.0,10150.0,9900.0,10050.0,54247.0,A007820
3720,2020-02-27 13:00:00,10050.0,10050.0,9750.0,9890.0,68095.0,A007820
3721,2020-02-27 15:00:00,10100.0,10350.0,10050.0,10150.0,104690.0,A007820
3722,2020-02-28 09:00:00,9650.0,9760.0,9460.0,9510.0,89069.0,A007820
3723,2020-02-28 11:00:00,9510.0,9600.0,9230.0,9320.0,72806.0,A007820
3724,2020-02-28 13:00:00,9290.0,9400.0,9220.0,9260.0,76882.0,A007820
3725,2020-02-28 15:00:00,9260.0,9280.0,9200.0,9230.0,19952.0,A007820
3726,2020-03-02 09:00:00,9380.0,9580.0,9180.0,9500.0,68146.0,A007820
3727,2020-03-02 11:00:00,9500.0,9670.0,9500.0,9640.0,20686.0,A007820
3728,2020-03-02 13:00:00,9640.0,9830.0,9580.0,9830.0,33703.0,A007820
3729,2020-03-02 15:00:00,9820.0,9900.0,9790.0,9900.0,19624.0,A007820
3730,2020-03-03 09:00:00,10050.0,10200.0,9800.0,9910.0,91806.0,A007820
3731,2020-03-03 11:00:00,9910.0,10050.0,9840.0,10050.0,20076.0,A007820
3732,2020-03-03 13:00:00,10000.0,10000.0,9630.0,9850.0,34897.0,A007820
3733,2020-03-03 15:00:00,9870.0,9870.0,9700.0,9700.0,8804.0,A007820
3734,2020-03-04 09:00:00,10250.0,10300.0,10150.0,10250.0,31743.0,A007820
3735,2020-03-04 11:00:00,10200.0,10250.0,10100.0,10200.0,39169.0,A007820
3736,2020-03-04 13:00:00,9680.0,10150.0,9550.0,10100.0,123673.0,A007820
3737,2020-03-04 15:00:00,10150.0,10250.0,10050.0,10200.0,37705.0,A007820
3738,2020-03-05 09:00:00,10250.0,10350.0,10050.0,10100.0,82218.0,A007820
3739,2020-03-05 11:00:00,10100.0,10200.0,10000.0,10100.0,24061.0,A007820
3740,2020-03-05 13:00:00,10100.0,10250.0,10050.0,10150.0,26630.0,A007820
3741,2020-03-05 15:00:00,10150.0,10250.0,10150.0,10150.0,14963.0,A007820
3742,2020-03-06 09:00:00,10000.0,10100.0,9850.0,9900.0,121408.0,A007820
3743,2020-03-06 11:00:00,9910.0,9940.0,9750.0,9760.0,47657.0,A007820
3744,2020-03-06 13:00:00,9760.0,9790.0,9630.0,9680.0,68400.0,A007820
3745,2020-03-06 15:00:00,9680.0,9740.0,9660.0,9740.0,12159.0,A007820
3746,2020-03-09 09:00:00,9100.0,9110.0,8990.0,8990.0,42863.0,A007820
3747,2020-03-09 11:00:00,9410.0,9600.0,9070.0,9120.0,116704.0,A007820
3748,2020-03-09 13:00:00,9130.0,9320.0,9080.0,9300.0,32905.0,A007820
3749,2020-03-09 15:00:00,9300.0,9300.0,9090.0,9110.0,34508.0,A007820
3750,2020-03-10 09:00:00,9290.0,9460.0,8990.0,9330.0,90363.0,A007820
3751,2020-03-10 11:00:00,9320.0,9390.0,9240.0,9370.0,27708.0,A007820
3752,2020-03-10 13:00:00,9370.0,9610.0,9320.0,9610.0,64766.0,A007820
3753,2020-03-10 15:00:00,9600.0,9670.0,9570.0,9630.0,10672.0,A007820
3754,2020-03-11 09:00:00,9300.0,9300.0,9000.0,9070.0,30799.0,A007820
3755,2020-03-11 11:00:00,9370.0,9590.0,9330.0,9450.0,53401.0,A007820
3756,2020-03-11 13:00:00,9450.0,9490.0,9310.0,9420.0,16722.0,A007820
3757,2020-03-11 15:00:00,9420.0,9420.0,9010.0,9300.0,45996.0,A007820
3758,2020-03-12 09:00:00,9000.0,9280.0,8500.0,8600.0,139367.0,A007820
3759,2020-03-12 11:00:00,8580.0,8690.0,8400.0,8420.0,93037.0,A007820
3760,2020-03-12 13:00:00,8410.0,8680.0,8350.0,8390.0,82305.0,A007820
3761,2020-03-12 15:00:00,8360.0,8370.0,8170.0,8290.0,64639.0,A007820
3762,2020-03-13 09:00:00,7350.0,7750.0,7300.0,7360.0,164381.0,A007820
3763,2020-03-13 11:00:00,7360.0,7650.0,7280.0,7450.0,91431.0,A007820
3764,2020-03-13 13:00:00,7450.0,8130.0,7340.0,7990.0,124002.0,A007820
3765,2020-03-13 15:00:00,7990.0,7990.0,7680.0,7700.0,24208.0,A007820
3766,2020-03-16 09:00:00,7790.0,7850.0,7320.0,7630.0,140672.0,A007820
3767,2020-03-16 11:00:00,7640.0,7680.0,7430.0,7570.0,41920.0,A007820
3768,2020-03-16 13:00:00,7560.0,7580.0,7280.0,7290.0,62914.0,A007820
3769,2020-03-16 15:00:00,7300.0,7300.0,6880.0,6900.0,69191.0,A007820
3770,2020-03-17 09:00:00,6890.0,6930.0,6700.0,6930.0,14912.0,A007820
3771,2020-03-17 11:00:00,6950.0,7000.0,6790.0,6890.0,33259.0,A007820
3772,2020-03-17 13:00:00,6930.0,7000.0,6750.0,6950.0,31762.0,A007820
3773,2020-03-17 15:00:00,6210.0,7100.0,6210.0,6920.0,245815.0,A007820
3774,2020-03-18 09:00:00,6930.0,6930.0,6490.0,6540.0,36223.0,A007820
3775,2020-03-18 11:00:00,7020.0,7290.0,6850.0,7090.0,164550.0,A007820
3776,2020-03-18 13:00:00,7090.0,7260.0,7040.0,7150.0,33972.0,A007820
3777,2020-03-18 15:00:00,7130.0,7230.0,6850.0,6930.0,88600.0,A007820
3778,2020-03-19 09:00:00,6620.0,6700.0,6420.0,6460.0,49585.0,A007820
3779,2020-03-19 11:00:00,6220.0,6300.0,6120.0,6200.0,51205.0,A007820
3780,2020-03-19 13:00:00,6980.0,6990.0,6560.0,6630.0,109879.0,A007820
3781,2020-03-19 15:00:00,6450.0,6800.0,6190.0,6210.0,88735.0,A007820
3782,2020-03-20 09:00:00,6310.0,6700.0,6310.0,6430.0,71140.0,A007820
3783,2020-03-20 11:00:00,6440.0,6610.0,6430.0,6480.0,32384.0,A007820
3784,2020-03-20 13:00:00,6520.0,7020.0,6480.0,6990.0,79091.0,A007820
3785,2020-03-20 15:00:00,6990.0,7100.0,6910.0,7100.0,17098.0,A007820
3786,2020-03-23 09:00:00,6670.0,6780.0,6300.0,6620.0,97384.0,A007820
3787,2020-03-23 11:00:00,6810.0,6970.0,6580.0,6630.0,35578.0,A007820
3788,2020-03-23 13:00:00,6660.0,6700.0,6480.0,6500.0,17326.0,A007820
3789,2020-03-23 15:00:00,6590.0,6900.0,6510.0,6800.0,34579.0,A007820
3790,2020-03-24 09:00:00,6730.0,6940.0,6670.0,6880.0,51889.0,A007820
3791,2020-03-24 11:00:00,6880.0,6960.0,6800.0,6820.0,40392.0,A007820
3792,2020-03-24 13:00:00,6840.0,7380.0,6750.0,7350.0,70617.0,A007820
3793,2020-03-24 15:00:00,7310.0,7380.0,7210.0,7370.0,20151.0,A007820
3794,2020-03-25 09:00:00,7530.0,7690.0,7530.0,7660.0,40421.0,A007820
3795,2020-03-25 11:00:00,7430.0,7450.0,7310.0,7370.0,46823.0,A007820
3796,2020-03-25 13:00:00,7400.0,7530.0,7230.0,7480.0,53454.0,A007820
3797,2020-03-25 15:00:00,7600.0,7690.0,7280.0,7440.0,105354.0,A007820
3798,2020-03-26 09:00:00,7600.0,7700.0,7300.0,7500.0,107572.0,A007820
3799,2020-03-26 11:00:00,7490.0,7630.0,7420.0,7630.0,32802.0,A007820
3800,2020-03-26 13:00:00,7630.0,7740.0,7410.0,7580.0,64658.0,A007820
3801,2020-03-26 15:00:00,7580.0,7600.0,7360.0,7380.0,26893.0,A007820
3802,2020-03-27 09:00:00,7660.0,7680.0,7230.0,7280.0,147404.0,A007820
3803,2020-03-27 11:00:00,7270.0,7370.0,7160.0,7330.0,55656.0,A007820
3804,2020-03-27 13:00:00,7360.0,7360.0,7120.0,7310.0,49108.0,A007820
3805,2020-03-27 15:00:00,7310.0,7340.0,7220.0,7310.0,10250.0,A007820
3806,2020-03-30 09:00:00,7000.0,7170.0,6970.0,7160.0,46514.0,A007820
3807,2020-03-30 11:00:00,7150.0,7230.0,7100.0,7180.0,31361.0,A007820
3808,2020-03-30 13:00:00,7180.0,7370.0,7160.0,7350.0,27909.0,A007820
3809,2020-03-30 15:00:00,7350.0,7350.0,7230.0,7300.0,11017.0,A007820
3810,2020-03-31 09:00:00,7420.0,7530.0,7370.0,7500.0,20966.0,A007820
3811,2020-03-31 11:00:00,7370.0,7460.0,7210.0,7420.0,51044.0,A007820
3812,2020-03-31 13:00:00,7430.0,7560.0,7310.0,7340.0,76461.0,A007820
3813,2020-03-31 15:00:00,7340.0,7410.0,7340.0,7380.0,28435.0,A007820
3814,2020-04-01 09:00:00,7300.0,7640.0,7280.0,7550.0,87041.0,A007820
3815,2020-04-01 11:00:00,7560.0,7620.0,7430.0,7500.0,30403.0,A007820
3816,2020-04-01 13:00:00,7520.0,7620.0,7310.0,7390.0,36230.0,A007820
3817,2020-04-01 15:00:00,7430.0,7430.0,7210.0,7210.0,19693.0,A007820
3818,2020-04-02 09:00:00,7150.0,7500.0,7150.0,7420.0,66183.0,A007820
3819,2020-04-02 11:00:00,7420.0,7470.0,7390.0,7420.0,19886.0,A007820
3820,2020-04-02 13:00:00,7430.0,7450.0,7260.0,7310.0,43283.0,A007820
3821,2020-04-02 15:00:00,7300.0,7390.0,7300.0,7390.0,14609.0,A007820
3822,2020-04-03 09:00:00,7260.0,7370.0,7240.0,7370.0,5965.0,A007820
3823,2020-04-03 11:00:00,7310.0,7480.0,7210.0,7300.0,70007.0,A007820
3824,2020-04-03 13:00:00,7330.0,7360.0,7280.0,7320.0,19977.0,A007820
3825,2020-04-03 15:00:00,7320.0,7330.0,7190.0,7250.0,41348.0,A007820
3826,2020-04-06 09:00:00,7400.0,7520.0,7270.0,7410.0,76340.0,A007820
3827,2020-04-06 11:00:00,7410.0,7480.0,7410.0,7470.0,27631.0,A007820
3828,2020-04-06 13:00:00,7470.0,7670.0,7410.0,7650.0,93060.0,A007820
3829,2020-04-06 15:00:00,7660.0,7870.0,7640.0,7760.0,70539.0,A007820
3830,2020-04-07 09:00:00,7840.0,7850.0,7790.0,7840.0,17903.0,A007820
3831,2020-04-07 11:00:00,8030.0,8030.0,7690.0,7750.0,133881.0,A007820
3832,2020-04-07 13:00:00,7750.0,7820.0,7670.0,7720.0,98015.0,A007820
3833,2020-04-07 15:00:00,7720.0,7880.0,7650.0,7820.0,66089.0,A007820
3834,2020-04-08 09:00:00,7740.0,7840.0,7670.0,7750.0,68409.0,A007820
3835,2020-04-08 11:00:00,7750.0,7800.0,7740.0,7780.0,23463.0,A007820
3836,2020-04-08 13:00:00,7780.0,7920.0,7750.0,7850.0,60715.0,A007820
3837,2020-04-08 15:00:00,7850.0,7870.0,7700.0,7700.0,35627.0,A007820
3838,2020-04-09 09:00:00,7760.0,7840.0,7650.0,7670.0,94721.0,A007820
3839,2020-04-09 11:00:00,7670.0,7750.0,7650.0,7710.0,30228.0,A007820
3840,2020-04-09 13:00:00,7720.0,7770.0,7690.0,7740.0,30013.0,A007820
3841,2020-04-09 15:00:00,7740.0,7750.0,7710.0,7720.0,11992.0,A007820
3842,2020-04-10 09:00:00,7750.0,7930.0,7650.0,7790.0,112487.0,A007820
3843,2020-04-10 11:00:00,7790.0,7830.0,7650.0,7800.0,48938.0,A007820
3844,2020-04-10 13:00:00,7790.0,8020.0,7770.0,7950.0,105063.0,A007820
3845,2020-04-10 15:00:00,7950.0,7980.0,7910.0,7970.0,18255.0,A007820
3846,2020-04-13 09:00:00,7620.0,7650.0,7540.0,7540.0,29375.0,A007820
3847,2020-04-13 11:00:00,7820.0,7820.0,7620.0,7620.0,72038.0,A007820
3848,2020-04-13 13:00:00,7860.0,7990.0,7740.0,7810.0,112888.0,A007820
3849,2020-04-13 15:00:00,7810.0,7860.0,7760.0,7820.0,35543.0,A007820
3850,2020-04-14 09:00:00,7680.0,7750.0,7650.0,7690.0,30239.0,A007820
3851,2020-04-14 11:00:00,7710.0,7760.0,7700.0,7750.0,10522.0,A007820
3852,2020-04-14 13:00:00,7670.0,7700.0,7570.0,7650.0,37988.0,A007820
3853,2020-04-14 15:00:00,7710.0,7780.0,7690.0,7710.0,37261.0,A007820
3854,2020-04-16 09:00:00,7650.0,7750.0,7540.0,7730.0,61656.0,A007820
3855,2020-04-16 11:00:00,7700.0,7810.0,7690.0,7730.0,24112.0,A007820
3856,2020-04-16 13:00:00,7740.0,7820.0,7700.0,7800.0,33572.0,A007820
3857,2020-04-16 15:00:00,7800.0,7810.0,7750.0,7760.0,6970.0,A007820
3858,2020-04-17 09:00:00,7900.0,8130.0,7860.0,8000.0,263977.0,A007820
3859,2020-04-17 11:00:00,7990.0,8020.0,7840.0,7840.0,81119.0,A007820
3860,2020-04-17 13:00:00,7900.0,7950.0,7830.0,7870.0,138235.0,A007820
3861,2020-04-17 15:00:00,7880.0,7880.0,7840.0,7850.0,43530.0,A007820
3862,2020-04-20 09:00:00,7860.0,7890.0,7790.0,7850.0,106726.0,A007820
3863,2020-04-20 11:00:00,7850.0,7870.0,7830.0,7860.0,58802.0,A007820
3864,2020-04-20 13:00:00,7850.0,7870.0,7810.0,7820.0,58492.0,A007820
3865,2020-04-20 15:00:00,7810.0,7830.0,7790.0,7790.0,32558.0,A007820
3866,2020-04-21 09:00:00,7540.0,7580.0,7440.0,7540.0,47532.0,A007820
3867,2020-04-21 11:00:00,7530.0,7570.0,7510.0,7530.0,10659.0,A007820
3868,2020-04-21 13:00:00,7780.0,7790.0,7100.0,7560.0,161966.0,A007820
3869,2020-04-21 15:00:00,7560.0,7590.0,7200.0,7540.0,114235.0,A007820
3870,2020-04-22 09:00:00,7440.0,7440.0,7290.0,7310.0,75432.0,A007820
3871,2020-04-22 11:00:00,7330.0,7390.0,7310.0,7370.0,18975.0,A007820
3872,2020-04-22 13:00:00,7390.0,7420.0,7300.0,7380.0,46271.0,A007820
3873,2020-04-22 15:00:00,7370.0,7410.0,7360.0,7380.0,24925.0,A007820
3874,2020-04-23 09:00:00,7390.0,7840.0,7380.0,7770.0,208926.0,A007820
3875,2020-04-23 11:00:00,7770.0,7880.0,7690.0,7820.0,108865.0,A007820
3876,2020-04-23 13:00:00,7810.0,7880.0,7750.0,7790.0,81409.0,A007820
3877,2020-04-23 15:00:00,7780.0,7810.0,7760.0,7780.0,19370.0,A007820
3878,2020-04-24 09:00:00,7570.0,7610.0,7530.0,7560.0,20871.0,A007820
3879,2020-04-24 11:00:00,7780.0,7780.0,7490.0,7720.0,94592.0,A007820
3880,2020-04-24 13:00:00,7710.0,7750.0,7670.0,7680.0,26056.0,A007820
3881,2020-04-24 15:00:00,7670.0,7700.0,7540.0,7580.0,61779.0,A007820
3882,2020-04-27 09:00:00,7650.0,7820.0,7580.0,7750.0,78819.0,A007820
3883,2020-04-27 11:00:00,7750.0,7800.0,7700.0,7720.0,32627.0,A007820
3884,2020-04-27 13:00:00,7720.0,7950.0,7710.0,7840.0,197360.0,A007820
3885,2020-04-27 15:00:00,7870.0,7920.0,7840.0,7890.0,31883.0,A007820
3886,2020-04-28 09:00:00,7820.0,7840.0,7800.0,7800.0,11960.0,A007820
3887,2020-04-28 11:00:00,7770.0,7830.0,7760.0,7830.0,19265.0,A007820
3888,2020-04-28 13:00:00,8000.0,8000.0,7760.0,7770.0,123848.0,A007820
3889,2020-04-28 15:00:00,7820.0,7850.0,7780.0,7850.0,27492.0,A007820
3890,2020-04-29 09:00:00,7750.0,7880.0,7700.0,7870.0,81395.0,A007820
3891,2020-04-29 11:00:00,7870.0,7870.0,7740.0,7820.0,32441.0,A007820
3892,2020-04-29 13:00:00,7820.0,7830.0,7760.0,7800.0,35473.0,A007820
3893,2020-04-29 15:00:00,7800.0,7800.0,7770.0,7790.0,10007.0,A007820
3894,2020-05-04 09:00:00,7750.0,7770.0,7660.0,7730.0,78130.0,A007820
3895,2020-05-04 11:00:00,7730.0,7820.0,7710.0,7790.0,18044.0,A007820
3896,2020-05-04 13:00:00,7790.0,7820.0,7710.0,7730.0,24272.0,A007820
3897,2020-05-04 15:00:00,7720.0,7730.0,7700.0,7700.0,11210.0,A007820
3898,2020-05-06 09:00:00,7730.0,7820.0,7730.0,7790.0,25095.0,A007820
3899,2020-05-06 11:00:00,7840.0,7850.0,7730.0,7750.0,45698.0,A007820
3900,2020-05-06 13:00:00,7750.0,7790.0,7710.0,7780.0,21951.0,A007820
3901,2020-05-06 15:00:00,7780.0,7840.0,7720.0,7730.0,60385.0,A007820
3902,2020-05-07 09:00:00,7800.0,8160.0,7770.0,8050.0,428581.0,A007820
3903,2020-05-07 11:00:00,8050.0,8230.0,8040.0,8190.0,212624.0,A007820
3904,2020-05-07 13:00:00,8190.0,8250.0,8100.0,8250.0,199023.0,A007820
3905,2020-05-07 15:00:00,8240.0,8380.0,8240.0,8340.0,106495.0,A007820
3906,2020-05-08 09:00:00,8400.0,8460.0,8390.0,8430.0,42555.0,A007820
3907,2020-05-08 11:00:00,8340.0,8610.0,8300.0,8370.0,237961.0,A007820
3908,2020-05-08 13:00:00,8360.0,8410.0,8220.0,8290.0,72921.0,A007820
3909,2020-05-08 15:00:00,8290.0,8430.0,8290.0,8380.0,67047.0,A007820
3910,2020-05-11 09:00:00,8660.0,8690.0,8410.0,8590.0,216296.0,A007820
3911,2020-05-11 11:00:00,8590.0,8620.0,8550.0,8620.0,32122.0,A007820
3912,2020-05-11 13:00:00,8620.0,8630.0,8460.0,8510.0,76994.0,A007820
3913,2020-05-11 15:00:00,8510.0,8560.0,8490.0,8530.0,29307.0,A007820
3914,2020-05-12 09:00:00,8410.0,8600.0,8320.0,8390.0,176406.0,A007820
3915,2020-05-12 11:00:00,8390.0,8430.0,8250.0,8310.0,66933.0,A007820
3916,2020-05-12 13:00:00,8310.0,8440.0,8300.0,8410.0,41565.0,A007820
3917,2020-05-12 15:00:00,8420.0,8420.0,8310.0,8360.0,20315.0,A007820
3918,2020-05-13 09:00:00,8250.0,8400.0,8150.0,8330.0,83175.0,A007820
3919,2020-05-13 11:00:00,8340.0,8370.0,8230.0,8270.0,29319.0,A007820
3920,2020-05-13 13:00:00,8270.0,8320.0,8230.0,8280.0,44828.0,A007820
3921,2020-05-13 15:00:00,8270.0,8320.0,8230.0,8280.0,15275.0,A007820
3922,2020-05-14 09:00:00,7990.0,8060.0,7980.0,8050.0,16776.0,A007820
3923,2020-05-14 11:00:00,8090.0,8180.0,7990.0,8120.0,50714.0,A007820
3924,2020-05-14 13:00:00,8170.0,8210.0,8070.0,8090.0,81566.0,A007820
3925,2020-05-14 15:00:00,8120.0,8140.0,7970.0,8000.0,78938.0,A007820
3926,2020-05-15 09:00:00,8130.0,8130.0,7500.0,7760.0,220085.0,A007820
3927,2020-05-15 11:00:00,7730.0,7830.0,7730.0,7830.0,48078.0,A007820
3928,2020-05-15 13:00:00,7820.0,7820.0,7720.0,7780.0,54368.0,A007820
3929,2020-05-15 15:00:00,7780.0,7810.0,7760.0,7810.0,11095.0,A007820
3930,2020-05-18 09:00:00,8000.0,8270.0,7910.0,8170.0,162871.0,A007820
3931,2020-05-18 11:00:00,8160.0,8400.0,8140.0,8360.0,93305.0,A007820
3932,2020-05-18 13:00:00,8350.0,8490.0,8300.0,8310.0,136623.0,A007820
3933,2020-05-18 15:00:00,8300.0,8360.0,8250.0,8360.0,26967.0,A007820
3934,2020-05-19 09:00:00,8220.0,8260.0,8200.0,8260.0,13159.0,A007820
3935,2020-05-19 11:00:00,8430.0,8510.0,8270.0,8340.0,119602.0,A007820
3936,2020-05-19 13:00:00,8340.0,8410.0,8050.0,8170.0,143676.0,A007820
3937,2020-05-19 15:00:00,8170.0,8280.0,8170.0,8220.0,46722.0,A007820
3938,2020-05-20 09:00:00,8310.0,8390.0,8180.0,8360.0,77290.0,A007820
3939,2020-05-20 11:00:00,8350.0,8370.0,8290.0,8340.0,43647.0,A007820
3940,2020-05-20 13:00:00,8340.0,8410.0,8320.0,8400.0,94246.0,A007820
3941,2020-05-20 15:00:00,8390.0,8420.0,8390.0,8390.0,38500.0,A007820
3942,2020-05-21 09:00:00,8690.0,8700.0,8600.0,8700.0,55940.0,A007820
3943,2020-05-21 11:00:00,8520.0,8520.0,8320.0,8440.0,128291.0,A007820
3944,2020-05-21 13:00:00,8440.0,8450.0,8360.0,8400.0,36326.0,A007820
3945,2020-05-21 15:00:00,8400.0,8850.0,8390.0,8690.0,421654.0,A007820
3946,2020-05-22 09:00:00,8810.0,8940.0,8510.0,8630.0,295646.0,A007820
3947,2020-05-22 11:00:00,8630.0,8710.0,8350.0,8500.0,138740.0,A007820
3948,2020-05-22 13:00:00,8440.0,8470.0,8300.0,8320.0,101327.0,A007820
3949,2020-05-22 15:00:00,8320.0,8430.0,8320.0,8420.0,16571.0,A007820
3950,2020-05-25 09:00:00,8500.0,8500.0,8270.0,8320.0,112083.0,A007820
3951,2020-05-25 11:00:00,8320.0,8440.0,8300.0,8430.0,43241.0,A007820
3952,2020-05-25 13:00:00,8430.0,8430.0,8340.0,8410.0,54296.0,A007820
3953,2020-05-25 15:00:00,8410.0,8420.0,8390.0,8420.0,15456.0,A007820
3954,2020-05-26 09:00:00,8530.0,8730.0,8440.0,8600.0,242558.0,A007820
3955,2020-05-26 11:00:00,8600.0,8650.0,8470.0,8470.0,57667.0,A007820
3956,2020-05-26 13:00:00,8480.0,8500.0,8400.0,8450.0,72073.0,A007820
3957,2020-05-26 15:00:00,8420.0,8480.0,8420.0,8420.0,10325.0,A007820
3958,2020-05-27 09:00:00,8390.0,8480.0,8370.0,8380.0,51595.0,A007820
3959,2020-05-27 11:00:00,8380.0,8440.0,8370.0,8440.0,11403.0,A007820
3960,2020-05-27 13:00:00,8410.0,8470.0,8360.0,8370.0,107505.0,A007820
3961,2020-05-27 15:00:00,8380.0,8400.0,8310.0,8390.0,46308.0,A007820
3962,2020-05-28 09:00:00,8300.0,8340.0,8110.0,8190.0,91289.0,A007820
3963,2020-05-28 11:00:00,8180.0,8230.0,8000.0,8120.0,138582.0,A007820
3964,2020-05-28 13:00:00,8130.0,8160.0,8080.0,8110.0,52735.0,A007820
3965,2020-05-28 15:00:00,8450.0,8470.0,8280.0,8310.0,96871.0,A007820
3966,2020-05-29 09:00:00,8140.0,8170.0,8020.0,8140.0,65047.0,A007820
3967,2020-05-29 11:00:00,8130.0,8140.0,8080.0,8090.0,21385.0,A007820
3968,2020-05-29 13:00:00,8090.0,8150.0,8010.0,8110.0,47532.0,A007820
3969,2020-05-29 15:00:00,8090.0,8150.0,8090.0,8120.0,12907.0,A007820
3970,2020-06-01 09:00:00,8160.0,8210.0,8160.0,8210.0,29750.0,A007820
3971,2020-06-01 11:00:00,8170.0,8200.0,8100.0,8120.0,36314.0,A007820
3972,2020-06-01 13:00:00,8120.0,8190.0,8120.0,8160.0,55070.0,A007820
3973,2020-06-01 15:00:00,8150.0,8240.0,8110.0,8160.0,93454.0,A007820
3974,2020-06-02 09:00:00,8200.0,8570.0,8160.0,8430.0,320958.0,A007820
3975,2020-06-02 11:00:00,8420.0,8460.0,8350.0,8400.0,61382.0,A007820
3976,2020-06-02 13:00:00,8380.0,8460.0,8380.0,8390.0,48108.0,A007820
3977,2020-06-02 15:00:00,8400.0,8520.0,8390.0,8520.0,71523.0,A007820
3978,2020-06-03 09:00:00,8390.0,8450.0,8350.0,8380.0,29851.0,A007820
3979,2020-06-03 11:00:00,8410.0,8480.0,8400.0,8480.0,29109.0,A007820
3980,2020-06-03 13:00:00,8510.0,8610.0,8380.0,8420.0,150419.0,A007820
3981,2020-06-03 15:00:00,8470.0,8500.0,8360.0,8390.0,84910.0,A007820
3982,2020-06-04 09:00:00,8360.0,8510.0,8310.0,8360.0,170580.0,A007820
3983,2020-06-04 11:00:00,8360.0,8360.0,8210.0,8320.0,67121.0,A007820
3984,2020-06-04 13:00:00,8280.0,8380.0,8260.0,8370.0,49007.0,A007820
3985,2020-06-04 15:00:00,8370.0,8410.0,8350.0,8410.0,37754.0,A007820
3986,2020-06-05 09:00:00,8520.0,8610.0,8470.0,8580.0,115085.0,A007820
3987,2020-06-05 11:00:00,8570.0,8590.0,8560.0,8560.0,24318.0,A007820
3988,2020-06-05 13:00:00,8430.0,8440.0,8300.0,8430.0,81483.0,A007820
3989,2020-06-05 15:00:00,8430.0,8560.0,8420.0,8530.0,84889.0,A007820
3990,2020-06-08 09:00:00,8700.0,8700.0,8520.0,8530.0,138833.0,A007820
3991,2020-06-08 11:00:00,8530.0,8580.0,8510.0,8550.0,26306.0,A007820
3992,2020-06-08 13:00:00,8550.0,8610.0,8540.0,8570.0,66594.0,A007820
3993,2020-06-08 15:00:00,8580.0,8590.0,8560.0,8580.0,11086.0,A007820
3994,2020-06-09 09:00:00,8580.0,8620.0,8350.0,8390.0,124339.0,A007820
3995,2020-06-09 11:00:00,8390.0,8420.0,8340.0,8350.0,75903.0,A007820
3996,2020-06-09 13:00:00,8340.0,8350.0,8280.0,8310.0,97851.0,A007820
3997,2020-06-09 15:00:00,8310.0,8350.0,8290.0,8350.0,20794.0,A007820
3998,2020-06-10 09:00:00,8390.0,8420.0,8360.0,8390.0,19304.0,A007820
3999,2020-06-10 11:00:00,8440.0,8460.0,8370.0,8390.0,60792.0,A007820
4000,2020-06-10 13:00:00,8520.0,8540.0,8430.0,8440.0,103071.0,A007820
4001,2020-06-10 15:00:00,8350.0,8580.0,8220.0,8520.0,135430.0,A007820
4002,2020-06-11 09:00:00,8390.0,8400.0,8250.0,8330.0,126271.0,A007820
4003,2020-06-11 11:00:00,8330.0,8330.0,8200.0,8210.0,108126.0,A007820
4004,2020-06-11 13:00:00,8210.0,8230.0,8030.0,8030.0,230100.0,A007820
4005,2020-06-11 15:00:00,8030.0,8090.0,8000.0,8090.0,446496.0,A007820
4006,2020-06-12 09:00:00,7750.0,7870.0,7650.0,7820.0,189831.0,A007820
4007,2020-06-12 11:00:00,7810.0,7850.0,7740.0,7780.0,66167.0,A007820
4008,2020-06-12 13:00:00,7780.0,7790.0,7720.0,7790.0,78732.0,A007820
4009,2020-06-12 15:00:00,7790.0,7820.0,7760.0,7770.0,31541.0,A007820
4010,2020-06-15 09:00:00,7320.0,7340.0,7250.0,7260.0,52406.0,A007820
4011,2020-06-15 11:00:00,7830.0,7830.0,7540.0,7590.0,220016.0,A007820
4012,2020-06-15 13:00:00,7590.0,7620.0,7550.0,7580.0,64308.0,A007820
4013,2020-06-15 15:00:00,7580.0,7600.0,7280.0,7330.0,172725.0,A007820
4014,2020-06-16 09:00:00,7380.0,7520.0,7380.0,7490.0,42545.0,A007820
4015,2020-06-16 11:00:00,7480.0,7530.0,7450.0,7480.0,29867.0,A007820
4016,2020-06-16 13:00:00,7490.0,7490.0,7400.0,7450.0,84503.0,A007820
4017,2020-06-16 15:00:00,7450.0,7580.0,7450.0,7470.0,35100.0,A007820
4018,2020-06-17 09:00:00,7420.0,7460.0,7400.0,7460.0,12309.0,A007820
4019,2020-06-17 11:00:00,7390.0,7750.0,7390.0,7520.0,71416.0,A007820
4020,2020-06-17 13:00:00,7520.0,7560.0,7360.0,7470.0,41024.0,A007820
4021,2020-06-17 15:00:00,7450.0,7550.0,7400.0,7400.0,41762.0,A007820
4022,2020-06-18 09:00:00,7460.0,7550.0,7390.0,7440.0,34620.0,A007820
4023,2020-06-18 11:00:00,7430.0,7530.0,7430.0,7520.0,27539.0,A007820
4024,2020-06-18 13:00:00,7520.0,7700.0,7520.0,7620.0,48449.0,A007820
4025,2020-06-18 15:00:00,7620.0,7660.0,7570.0,7650.0,12767.0,A007820
4026,2020-06-19 09:00:00,7820.0,7820.0,7580.0,7610.0,39066.0,A007820
4027,2020-06-19 11:00:00,7610.0,7630.0,7560.0,7580.0,21704.0,A007820
4028,2020-06-19 13:00:00,7600.0,7600.0,7570.0,7580.0,11315.0,A007820
4029,2020-06-19 15:00:00,7580.0,7610.0,7570.0,7580.0,5602.0,A007820
4030,2020-06-22 09:00:00,7550.0,7550.0,7350.0,7410.0,100864.0,A007820
4031,2020-06-22 11:00:00,7410.0,7430.0,7380.0,7430.0,56376.0,A007820
4032,2020-06-22 13:00:00,7430.0,7450.0,7360.0,7370.0,45274.0,A007820
4033,2020-06-22 15:00:00,7370.0,7410.0,7370.0,7400.0,6386.0,A007820
4034,2020-06-23 09:00:00,7250.0,7300.0,7200.0,7220.0,72223.0,A007820
4035,2020-06-23 11:00:00,7220.0,7240.0,7220.0,7240.0,10699.0,A007820
4036,2020-06-23 13:00:00,7310.0,7370.0,7220.0,7250.0,57546.0,A007820
4037,2020-06-23 15:00:00,7430.0,7510.0,7250.0,7300.0,96496.0,A007820
4038,2020-06-24 09:00:00,7400.0,7410.0,7390.0,7400.0,10366.0,A007820
4039,2020-06-24 11:00:00,7250.0,7340.0,7230.0,7280.0,31882.0,A007820
4040,2020-06-24 13:00:00,7280.0,7320.0,7250.0,7280.0,23083.0,A007820
4041,2020-06-24 15:00:00,7270.0,7410.0,7250.0,7400.0,61731.0,A007820
4042,2020-06-25 09:00:00,7350.0,7510.0,7230.0,7350.0,50040.0,A007820
4043,2020-06-25 11:00:00,7340.0,7420.0,7300.0,7420.0,19580.0,A007820
4044,2020-06-25 13:00:00,7420.0,7470.0,7360.0,7440.0,31686.0,A007820
4045,2020-06-25 15:00:00,7430.0,7580.0,7430.0,7570.0,46036.0,A007820
4046,2020-06-26 09:00:00,7870.0,8300.0,7840.0,8070.0,466741.0,A007820
4047,2020-06-26 11:00:00,8070.0,9200.0,8000.0,8150.0,2184369.0,A007820
4048,2020-06-26 13:00:00,8150.0,8220.0,8100.0,8220.0,271703.0,A007820
4049,2020-06-26 15:00:00,7790.0,8020.0,7670.0,7870.0,394414.0,A007820
4050,2020-06-29 09:00:00,8180.0,8190.0,7930.0,7930.0,345997.0,A007820
4051,2020-06-29 11:00:00,7940.0,8030.0,7860.0,7880.0,88551.0,A007820
4052,2020-06-29 13:00:00,7870.0,7950.0,7810.0,7830.0,95436.0,A007820
4053,2020-06-29 15:00:00,7830.0,7840.0,7750.0,7750.0,70574.0,A007820
4054,2020-06-30 09:00:00,8100.0,8220.0,8100.0,8190.0,33514.0,A007820
4055,2020-06-30 11:00:00,8140.0,8350.0,8070.0,8100.0,279436.0,A007820
4056,2020-06-30 13:00:00,7900.0,8320.0,7900.0,7940.0,457075.0,A007820
4057,2020-06-30 15:00:00,7930.0,8180.0,7930.0,8130.0,72977.0,A007820
4058,2020-07-01 09:00:00,8210.0,8280.0,8060.0,8180.0,108228.0,A007820
4059,2020-07-01 11:00:00,8170.0,8490.0,8160.0,8350.0,278882.0,A007820
4060,2020-07-01 13:00:00,8350.0,8360.0,8140.0,8290.0,205925.0,A007820
4061,2020-07-01 15:00:00,8300.0,8370.0,8290.0,8320.0,57266.0,A007820
4062,2020-07-02 09:00:00,8320.0,8400.0,8140.0,8200.0,180775.0,A007820
4063,2020-07-02 11:00:00,8200.0,8240.0,8170.0,8200.0,27509.0,A007820
4064,2020-07-02 13:00:00,8200.0,8250.0,8160.0,8180.0,40960.0,A007820
4065,2020-07-02 15:00:00,8180.0,8200.0,8160.0,8160.0,23313.0,A007820
4066,2020-07-03 09:00:00,8560.0,8570.0,8490.0,8570.0,59824.0,A007820
4067,2020-07-03 11:00:00,8190.0,8620.0,8190.0,8540.0,617105.0,A007820
4068,2020-07-03 13:00:00,8530.0,8580.0,8460.0,8530.0,104036.0,A007820
4069,2020-07-03 15:00:00,8530.0,8590.0,8470.0,8560.0,148573.0,A007820
4070,2020-07-06 09:00:00,8670.0,8680.0,8450.0,8600.0,180675.0,A007820
4071,2020-07-06 11:00:00,8600.0,8600.0,8500.0,8520.0,69866.0,A007820
4072,2020-07-06 13:00:00,8520.0,8570.0,8500.0,8550.0,45619.0,A007820
4073,2020-07-06 15:00:00,8550.0,8570.0,8540.0,8550.0,17587.0,A007820
4074,2020-07-07 09:00:00,8420.0,8450.0,8380.0,8440.0,26749.0,A007820
4075,2020-07-07 11:00:00,8400.0,8490.0,8380.0,8470.0,56180.0,A007820
4076,2020-07-07 13:00:00,8630.0,8630.0,8380.0,8410.0,202945.0,A007820
4077,2020-07-07 15:00:00,8470.0,8480.0,8360.0,8420.0,58068.0,A007820
4078,2020-07-08 09:00:00,8440.0,8490.0,8380.0,8480.0,27894.0,A007820
4079,2020-07-08 11:00:00,8480.0,8510.0,8450.0,8480.0,33125.0,A007820
4080,2020-07-08 13:00:00,8480.0,8500.0,8470.0,8500.0,13370.0,A007820
4081,2020-07-08 15:00:00,8430.0,8560.0,8360.0,8430.0,92545.0,A007820
4082,2020-07-09 09:00:00,8530.0,8680.0,8440.0,8600.0,190060.0,A007820
4083,2020-07-09 11:00:00,8590.0,8600.0,8500.0,8510.0,59906.0,A007820
4084,2020-07-09 13:00:00,8520.0,8580.0,8320.0,8340.0,123771.0,A007820
4085,2020-07-09 15:00:00,8350.0,8420.0,8330.0,8340.0,28852.0,A007820
4086,2020-07-10 09:00:00,8220.0,8270.0,8200.0,8270.0,11706.0,A007820
4087,2020-07-10 11:00:00,8310.0,8320.0,8230.0,8280.0,31819.0,A007820
4088,2020-07-10 13:00:00,8280.0,8280.0,8200.0,8220.0,28766.0,A007820
4089,2020-07-10 15:00:00,8360.0,8380.0,8110.0,8310.0,173114.0,A007820
4090,2020-07-13 09:00:00,8300.0,8330.0,8120.0,8140.0,77947.0,A007820
4091,2020-07-13 11:00:00,8140.0,8180.0,8140.0,8160.0,27773.0,A007820
4092,2020-07-13 13:00:00,8160.0,8210.0,8100.0,8130.0,96135.0,A007820
4093,2020-07-13 15:00:00,8120.0,8180.0,8080.0,8150.0,37007.0,A007820
4094,2020-07-14 09:00:00,8280.0,8300.0,8230.0,8300.0,20100.0,A007820
4095,2020-07-14 11:00:00,8190.0,8400.0,8120.0,8280.0,148100.0,A007820
4096,2020-07-14 13:00:00,8150.0,8200.0,8050.0,8200.0,54384.0,A007820
4097,2020-07-14 15:00:00,8190.0,8300.0,8170.0,8190.0,42561.0,A007820
4098,2020-07-15 09:00:00,8300.0,8370.0,8250.0,8280.0,103390.0,A007820
4099,2020-07-15 11:00:00,8280.0,8290.0,8180.0,8290.0,55456.0,A007820
4100,2020-07-15 13:00:00,8240.0,8290.0,8210.0,8220.0,26990.0,A007820
4101,2020-07-15 15:00:00,8220.0,8220.0,8190.0,8190.0,27158.0,A007820
4102,2020-07-16 09:00:00,8200.0,8220.0,8120.0,8130.0,87661.0,A007820
4103,2020-07-16 11:00:00,8130.0,8150.0,8060.0,8070.0,54325.0,A007820
4104,2020-07-16 13:00:00,8080.0,8110.0,7970.0,7980.0,166131.0,A007820
4105,2020-07-16 15:00:00,8000.0,8040.0,7980.0,8040.0,24075.0,A007820
4106,2020-07-17 09:00:00,7940.0,7940.0,7900.0,7900.0,43367.0,A007820
4107,2020-07-17 11:00:00,8040.0,8050.0,7980.0,7990.0,55664.0,A007820
4108,2020-07-17 13:00:00,7990.0,7990.0,7900.0,7950.0,84861.0,A007820
4109,2020-07-17 15:00:00,7960.0,7960.0,7890.0,7930.0,93768.0,A007820
4110,2020-07-20 09:00:00,7980.0,7980.0,7740.0,7750.0,119637.0,A007820
4111,2020-07-20 11:00:00,7750.0,7850.0,7750.0,7780.0,41971.0,A007820
4112,2020-07-20 13:00:00,7780.0,7850.0,7770.0,7780.0,49187.0,A007820
4113,2020-07-20 15:00:00,7780.0,7800.0,7770.0,7790.0,6529.0,A007820
4114,2020-07-21 09:00:00,7960.0,8000.0,7940.0,8000.0,15787.0,A007820
4115,2020-07-21 11:00:00,7810.0,7930.0,7800.0,7880.0,53457.0,A007820
4116,2020-07-21 13:00:00,7890.0,7920.0,7850.0,7870.0,33842.0,A007820
4117,2020-07-21 15:00:00,7870.0,7980.0,7850.0,7960.0,59853.0,A007820
4118,2020-07-22 09:00:00,8030.0,8040.0,7920.0,8040.0,43515.0,A007820
4119,2020-07-22 11:00:00,8030.0,8090.0,7990.0,7990.0,61183.0,A007820
4120,2020-07-22 13:00:00,8000.0,8020.0,7930.0,7940.0,39832.0,A007820
4121,2020-07-22 15:00:00,7950.0,8000.0,7940.0,7970.0,5612.0,A007820
4122,2020-07-23 09:00:00,8050.0,8050.0,7870.0,7900.0,54746.0,A007820
4123,2020-07-23 11:00:00,7910.0,7930.0,7840.0,7920.0,46425.0,A007820
4124,2020-07-23 13:00:00,7920.0,7950.0,7870.0,7880.0,33661.0,A007820
4125,2020-07-23 15:00:00,7880.0,7950.0,7880.0,7950.0,7545.0,A007820
4126,2020-07-24 09:00:00,7850.0,7850.0,7800.0,7810.0,12046.0,A007820
4127,2020-07-24 11:00:00,7860.0,7940.0,7800.0,7880.0,52557.0,A007820
4128,2020-07-24 13:00:00,7880.0,7890.0,7810.0,7820.0,53465.0,A007820
4129,2020-07-24 15:00:00,7820.0,7850.0,7770.0,7840.0,37254.0,A007820
4130,2020-07-27 09:00:00,7810.0,7870.0,7790.0,7830.0,32801.0,A007820
4131,2020-07-27 11:00:00,7830.0,7860.0,7810.0,7850.0,17896.0,A007820
4132,2020-07-27 13:00:00,7850.0,7880.0,7820.0,7850.0,25133.0,A007820
4133,2020-07-27 15:00:00,7850.0,7860.0,7840.0,7840.0,6747.0,A007820
4134,2020-07-28 09:00:00,8030.0,8050.0,8010.0,8050.0,12840.0,A007820
4135,2020-07-28 11:00:00,7850.0,8080.0,7850.0,8020.0,111918.0,A007820
4136,2020-07-28 13:00:00,8020.0,8040.0,7910.0,8000.0,46056.0,A007820
4137,2020-07-28 15:00:00,7990.0,8050.0,7910.0,8030.0,47681.0,A007820
4138,2020-07-29 09:00:00,8000.0,8230.0,7950.0,8160.0,125704.0,A007820
4139,2020-07-29 11:00:00,8160.0,8350.0,8140.0,8280.0,209789.0,A007820
4140,2020-07-29 13:00:00,8290.0,8360.0,8240.0,8300.0,107370.0,A007820
4141,2020-07-29 15:00:00,8310.0,8360.0,8300.0,8350.0,58902.0,A007820
4142,2020-07-30 09:00:00,8400.0,8400.0,8220.0,8270.0,149701.0,A007820
4143,2020-07-30 11:00:00,8270.0,8380.0,8260.0,8330.0,56449.0,A007820
4144,2020-07-30 13:00:00,8330.0,8470.0,8270.0,8410.0,163498.0,A007820
4145,2020-07-30 15:00:00,8420.0,8440.0,8410.0,8420.0,24411.0,A007820
4146,2020-07-31 09:00:00,8460.0,8460.0,8330.0,8360.0,100801.0,A007820
4147,2020-07-31 11:00:00,8350.0,8360.0,8200.0,8270.0,81101.0,A007820
4148,2020-07-31 13:00:00,8280.0,8290.0,8220.0,8230.0,59529.0,A007820
4149,2020-07-31 15:00:00,8220.0,8260.0,8210.0,8210.0,21479.0,A007820
4150,2020-08-03 09:00:00,8200.0,8200.0,8140.0,8180.0,24826.0,A007820
4151,2020-08-03 11:00:00,8170.0,8200.0,8150.0,8190.0,13940.0,A007820
4152,2020-08-03 13:00:00,8230.0,8290.0,8100.0,8200.0,84626.0,A007820
4153,2020-08-03 15:00:00,8200.0,8230.0,8170.0,8200.0,23351.0,A007820
4154,2020-08-04 09:00:00,8220.0,8280.0,8220.0,8220.0,45895.0,A007820
4155,2020-08-04 11:00:00,8220.0,8240.0,8170.0,8210.0,60132.0,A007820
4156,2020-08-04 13:00:00,8200.0,8230.0,8150.0,8190.0,26431.0,A007820
4157,2020-08-04 15:00:00,8270.0,8280.0,8150.0,8220.0,87167.0,A007820
4158,2020-08-05 09:00:00,8200.0,8250.0,8070.0,8100.0,100884.0,A007820
4159,2020-08-05 11:00:00,8090.0,8130.0,8030.0,8130.0,78464.0,A007820
4160,2020-08-05 13:00:00,8140.0,8190.0,8090.0,8140.0,32848.0,A007820
4161,2020-08-05 15:00:00,8130.0,8160.0,8120.0,8120.0,12069.0,A007820
4162,2020-08-06 09:00:00,8120.0,8200.0,8060.0,8130.0,98828.0,A007820
4163,2020-08-06 11:00:00,8130.0,8170.0,8100.0,8150.0,25453.0,A007820
4164,2020-08-06 13:00:00,8150.0,8160.0,8100.0,8150.0,31823.0,A007820
4165,2020-08-06 15:00:00,8140.0,8160.0,8130.0,8160.0,17500.0,A007820
4166,2020-08-07 09:00:00,8240.0,8240.0,7910.0,7980.0,212299.0,A007820
4167,2020-08-07 11:00:00,7980.0,7990.0,7870.0,7910.0,135534.0,A007820
4168,2020-08-07 13:00:00,7910.0,7950.0,7860.0,7920.0,106190.0,A007820
4169,2020-08-07 15:00:00,7920.0,7950.0,7880.0,7900.0,32874.0,A007820
4170,2020-08-10 09:00:00,7800.0,7830.0,7790.0,7800.0,14860.0,A007820
4171,2020-08-10 11:00:00,7780.0,7830.0,7770.0,7810.0,71895.0,A007820
4172,2020-08-10 13:00:00,7850.0,7900.0,7790.0,7800.0,123379.0,A007820
4173,2020-08-10 15:00:00,7800.0,7830.0,7760.0,7780.0,109109.0,A007820
4174,2020-08-11 09:00:00,7800.0,7930.0,7770.0,7790.0,155180.0,A007820
4175,2020-08-11 11:00:00,7790.0,7820.0,7760.0,7780.0,95632.0,A007820
4176,2020-08-11 13:00:00,7770.0,7790.0,7740.0,7750.0,116315.0,A007820
4177,2020-08-11 15:00:00,7750.0,7810.0,7750.0,7810.0,19942.0,A007820
4178,2020-08-12 09:00:00,7630.0,7660.0,7610.0,7620.0,79793.0,A007820
4179,2020-08-12 11:00:00,7620.0,7670.0,7620.0,7650.0,17816.0,A007820
4180,2020-08-12 13:00:00,7810.0,7810.0,7590.0,7630.0,254553.0,A007820
4181,2020-08-12 15:00:00,7630.0,7660.0,7610.0,7630.0,73765.0,A007820
4182,2020-08-13 09:00:00,7670.0,7670.0,7510.0,7540.0,213815.0,A007820
4183,2020-08-13 11:00:00,7540.0,7620.0,7540.0,7570.0,70131.0,A007820
4184,2020-08-13 13:00:00,7570.0,7620.0,7550.0,7560.0,67000.0,A007820
4185,2020-08-13 15:00:00,7570.0,7590.0,7550.0,7580.0,23838.0,A007820
4186,2020-08-14 09:00:00,7580.0,7770.0,7530.0,7660.0,149903.0,A007820
4187,2020-08-14 11:00:00,7660.0,7670.0,7530.0,7550.0,72059.0,A007820
4188,2020-08-14 13:00:00,7550.0,7620.0,7540.0,7540.0,60861.0,A007820
4189,2020-08-14 15:00:00,7540.0,7630.0,7540.0,7630.0,28205.0,A007820
4190,2020-08-18 09:00:00,7310.0,7410.0,7240.0,7410.0,46653.0,A007820
4191,2020-08-18 11:00:00,7450.0,7460.0,7280.0,7300.0,108713.0,A007820
4192,2020-08-18 13:00:00,7510.0,7550.0,7300.0,7400.0,186337.0,A007820
4193,2020-08-18 15:00:00,7410.0,7460.0,7360.0,7450.0,27633.0,A007820
4194,2020-08-19 09:00:00,7240.0,7260.0,7190.0,7210.0,65133.0,A007820
4195,2020-08-19 11:00:00,7210.0,7250.0,7140.0,7140.0,102178.0,A007820
4196,2020-08-19 13:00:00,7140.0,7180.0,7140.0,7180.0,19465.0,A007820
4197,2020-08-19 15:00:00,7360.0,7410.0,7230.0,7260.0,81226.0,A007820
4198,2020-08-20 09:00:00,7150.0,7180.0,6800.0,6860.0,157019.0,A007820
4199,2020-08-20 11:00:00,6860.0,6920.0,6750.0,6750.0,85890.0,A007820
4200,2020-08-20 13:00:00,6760.0,6850.0,6760.0,6790.0,65229.0,A007820
4201,2020-08-20 15:00:00,6790.0,6810.0,6770.0,6770.0,18599.0,A007820
4202,2020-08-21 09:00:00,6900.0,6940.0,6870.0,6900.0,8946.0,A007820
4203,2020-08-21 11:00:00,6830.0,6880.0,6800.0,6880.0,18891.0,A007820
4204,2020-08-21 13:00:00,6870.0,6970.0,6870.0,6890.0,44170.0,A007820
4205,2020-08-21 15:00:00,6800.0,6980.0,6680.0,6830.0,68066.0,A007820
4206,2020-08-24 09:00:00,6810.0,7140.0,6760.0,7050.0,45820.0,A007820
4207,2020-08-24 11:00:00,7060.0,7090.0,6990.0,7020.0,31288.0,A007820
4208,2020-08-24 13:00:00,7000.0,7010.0,6850.0,6910.0,52649.0,A007820
4209,2020-08-24 15:00:00,6910.0,7040.0,6910.0,7040.0,12648.0,A007820
4210,2020-08-25 09:00:00,7110.0,7190.0,7080.0,7190.0,18941.0,A007820
4211,2020-08-25 11:00:00,7140.0,7160.0,7070.0,7130.0,39147.0,A007820
4212,2020-08-25 13:00:00,7000.0,7200.0,7000.0,7180.0,67984.0,A007820
4213,2020-08-25 15:00:00,7170.0,7200.0,7130.0,7150.0,46634.0,A007820
4214,2020-08-26 09:00:00,7130.0,7200.0,7100.0,7110.0,56397.0,A007820
4215,2020-08-26 11:00:00,7130.0,7180.0,7110.0,7170.0,29970.0,A007820
4216,2020-08-26 13:00:00,7170.0,7380.0,7160.0,7330.0,86159.0,A007820
4217,2020-08-26 15:00:00,7330.0,7340.0,7250.0,7280.0,7504.0,A007820
4218,2020-08-27 09:00:00,7250.0,7340.0,7130.0,7140.0,93222.0,A007820
4219,2020-08-27 11:00:00,7150.0,7230.0,7150.0,7160.0,15234.0,A007820
4220,2020-08-27 13:00:00,7190.0,7190.0,7110.0,7150.0,24875.0,A007820
4221,2020-08-27 15:00:00,7140.0,7150.0,7110.0,7120.0,13553.0,A007820
4222,2020-08-28 09:00:00,7170.0,7170.0,7060.0,7060.0,40331.0,A007820
4223,2020-08-28 11:00:00,7150.0,7270.0,7090.0,7190.0,37963.0,A007820
4224,2020-08-28 13:00:00,7190.0,7290.0,7190.0,7210.0,30141.0,A007820
4225,2020-08-28 15:00:00,7240.0,7250.0,7160.0,7180.0,24591.0,A007820
4226,2020-08-31 09:00:00,7060.0,7210.0,7060.0,7110.0,28752.0,A007820
4227,2020-08-31 11:00:00,7110.0,7120.0,7070.0,7090.0,24317.0,A007820
4228,2020-08-31 13:00:00,7090.0,7120.0,7050.0,7080.0,26763.0,A007820
4229,2020-08-31 15:00:00,7090.0,7140.0,7030.0,7140.0,24050.0,A007820
4230,2020-09-01 09:00:00,7080.0,7100.0,7070.0,7090.0,7542.0,A007820
4231,2020-09-01 11:00:00,7090.0,7180.0,7050.0,7100.0,21935.0,A007820
4232,2020-09-01 13:00:00,7100.0,7140.0,7060.0,7090.0,10299.0,A007820
4233,2020-09-01 15:00:00,7090.0,7130.0,7050.0,7080.0,31184.0,A007820
4234,2020-09-02 09:00:00,7100.0,7120.0,7060.0,7080.0,17602.0,A007820
4235,2020-09-02 11:00:00,7090.0,7110.0,7070.0,7090.0,12580.0,A007820
4236,2020-09-02 13:00:00,7090.0,7110.0,7090.0,7090.0,6991.0,A007820
4237,2020-09-02 15:00:00,7140.0,7140.0,7080.0,7100.0,25310.0,A007820
4238,2020-09-03 09:00:00,7100.0,7450.0,7100.0,7410.0,191167.0,A007820
4239,2020-09-03 11:00:00,7420.0,7440.0,7350.0,7400.0,45452.0,A007820
4240,2020-09-03 13:00:00,7400.0,7400.0,7270.0,7350.0,43311.0,A007820
4241,2020-09-03 15:00:00,7340.0,7340.0,7290.0,7300.0,8256.0,A007820
4242,2020-09-04 09:00:00,7280.0,7350.0,7280.0,7340.0,19014.0,A007820
4243,2020-09-04 11:00:00,7240.0,7250.0,7180.0,7230.0,23306.0,A007820
4244,2020-09-04 13:00:00,7230.0,7280.0,7220.0,7280.0,44726.0,A007820
4245,2020-09-04 15:00:00,7100.0,7250.0,7050.0,7190.0,93858.0,A007820
4246,2020-09-07 09:00:00,7340.0,7370.0,7220.0,7280.0,50775.0,A007820
4247,2020-09-07 11:00:00,7280.0,7320.0,7280.0,7300.0,28404.0,A007820
4248,2020-09-07 13:00:00,7310.0,7350.0,7270.0,7280.0,49943.0,A007820
4249,2020-09-07 15:00:00,7280.0,7310.0,7270.0,7310.0,19636.0,A007820
4250,2020-09-08 09:00:00,7400.0,7400.0,7300.0,7380.0,29392.0,A007820
4251,2020-09-08 11:00:00,7350.0,7610.0,7320.0,7400.0,164028.0,A007820
4252,2020-09-08 13:00:00,7310.0,7380.0,7250.0,7370.0,47547.0,A007820
4253,2020-09-08 15:00:00,7370.0,7470.0,7330.0,7350.0,59452.0,A007820
4254,2020-09-09 09:00:00,7250.0,7300.0,7160.0,7260.0,64720.0,A007820
4255,2020-09-09 11:00:00,7260.0,7320.0,7220.0,7230.0,30000.0,A007820
4256,2020-09-09 13:00:00,7230.0,7310.0,7220.0,7260.0,26424.0,A007820
4257,2020-09-09 15:00:00,7270.0,7280.0,7250.0,7250.0,3862.0,A007820
4258,2020-09-10 09:00:00,7280.0,7540.0,7260.0,7380.0,167952.0,A007820
4259,2020-09-10 11:00:00,7390.0,7430.0,7290.0,7410.0,46936.0,A007820
4260,2020-09-10 13:00:00,7410.0,7420.0,7310.0,7350.0,38622.0,A007820
4261,2020-09-10 15:00:00,7350.0,7400.0,7330.0,7380.0,16119.0,A007820
4262,2020-09-11 09:00:00,7250.0,7280.0,7240.0,7280.0,12447.0,A007820
4263,2020-09-11 11:00:00,7380.0,7430.0,7230.0,7270.0,92835.0,A007820
4264,2020-09-11 13:00:00,7270.0,7270.0,7180.0,7210.0,53335.0,A007820
4265,2020-09-11 15:00:00,7200.0,7260.0,7200.0,7250.0,28142.0,A007820
4266,2020-09-14 09:00:00,7300.0,7340.0,7210.0,7300.0,48154.0,A007820
4267,2020-09-14 11:00:00,7300.0,7380.0,7280.0,7370.0,65316.0,A007820
4268,2020-09-14 13:00:00,7370.0,7530.0,7350.0,7460.0,168010.0,A007820
4269,2020-09-14 15:00:00,7450.0,7490.0,7450.0,7490.0,23838.0,A007820
4270,2020-09-15 09:00:00,7470.0,7490.0,7460.0,7490.0,13737.0,A007820
4271,2020-09-15 11:00:00,7580.0,7580.0,7400.0,7500.0,106724.0,A007820
4272,2020-09-15 13:00:00,7500.0,7500.0,7480.0,7480.0,26760.0,A007820
4273,2020-09-15 15:00:00,7500.0,7500.0,7450.0,7470.0,37955.0,A007820
4274,2020-09-16 09:00:00,7500.0,7550.0,7400.0,7530.0,126975.0,A007820
4275,2020-09-16 11:00:00,7530.0,7540.0,7480.0,7480.0,42713.0,A007820
4276,2020-09-16 13:00:00,7500.0,7500.0,7370.0,7410.0,49990.0,A007820
4277,2020-09-16 15:00:00,7400.0,7420.0,7380.0,7400.0,11818.0,A007820
4278,2020-09-17 09:00:00,7400.0,7450.0,7270.0,7290.0,86311.0,A007820
4279,2020-09-17 11:00:00,7290.0,7330.0,7190.0,7240.0,159533.0,A007820
4280,2020-09-17 13:00:00,7250.0,7300.0,7210.0,7230.0,46020.0,A007820
4281,2020-09-17 15:00:00,7230.0,7290.0,7220.0,7240.0,8410.0,A007820
4282,2020-09-18 09:00:00,7280.0,7290.0,7270.0,7290.0,3522.0,A007820
4283,2020-09-18 11:00:00,7220.0,7300.0,7210.0,7230.0,52099.0,A007820
4284,2020-09-18 13:00:00,7250.0,7300.0,7240.0,7280.0,15171.0,A007820
4285,2020-09-18 15:00:00,7270.0,7300.0,7240.0,7280.0,33975.0,A007820
4286,2020-09-21 09:00:00,7290.0,7360.0,7220.0,7260.0,33961.0,A007820
4287,2020-09-21 11:00:00,7250.0,7260.0,7210.0,7240.0,26777.0,A007820
4288,2020-09-21 13:00:00,7230.0,7250.0,7130.0,7190.0,72344.0,A007820
4289,2020-09-21 15:00:00,7190.0,7260.0,7190.0,7210.0,10363.0,A007820
4290,2020-09-22 09:00:00,7000.0,7000.0,6980.0,7000.0,11344.0,A007820
4291,2020-09-22 11:00:00,7160.0,7210.0,7000.0,7080.0,75250.0,A007820
4292,2020-09-22 13:00:00,7070.0,7080.0,7020.0,7080.0,33194.0,A007820
4293,2020-09-22 15:00:00,7060.0,7080.0,6990.0,6990.0,64194.0,A007820
4294,2020-09-23 09:00:00,7020.0,7100.0,6790.0,6900.0,134983.0,A007820
4295,2020-09-23 11:00:00,6920.0,6940.0,6860.0,6910.0,13974.0,A007820
4296,2020-09-23 13:00:00,6910.0,6960.0,6900.0,6950.0,19419.0,A007820
4297,2020-09-23 15:00:00,6940.0,6960.0,6910.0,6910.0,7372.0,A007820
4298,2020-09-24 09:00:00,6750.0,6890.0,6630.0,6700.0,93448.0,A007820
4299,2020-09-24 11:00:00,6700.0,6730.0,6640.0,6670.0,24602.0,A007820
4300,2020-09-24 13:00:00,6670.0,6710.0,6610.0,6670.0,57050.0,A007820
4301,2020-09-24 15:00:00,6660.0,6700.0,6650.0,6650.0,7015.0,A007820
4302,2020-09-25 09:00:00,6720.0,6840.0,6620.0,6780.0,51097.0,A007820
4303,2020-09-25 11:00:00,6770.0,6780.0,6710.0,6730.0,10365.0,A007820
4304,2020-09-25 13:00:00,6720.0,6730.0,6690.0,6700.0,19938.0,A007820
4305,2020-09-25 15:00:00,6700.0,6710.0,6680.0,6700.0,10537.0,A007820
4306,2020-09-28 09:00:00,6740.0,6810.0,6730.0,6810.0,8844.0,A007820
4307,2020-09-28 11:00:00,6740.0,6790.0,6710.0,6730.0,33600.0,A007820
4308,2020-09-28 13:00:00,6720.0,6830.0,6650.0,6730.0,64865.0,A007820
4309,2020-09-28 15:00:00,6730.0,6730.0,6700.0,6730.0,19624.0,A007820
4310,2020-09-29 09:00:00,6850.0,6870.0,6780.0,6820.0,7416.0,A007820
4311,2020-09-29 11:00:00,6880.0,6920.0,6870.0,6920.0,7309.0,A007820
4312,2020-09-29 13:00:00,6820.0,6940.0,6670.0,6830.0,44686.0,A007820
4313,2020-09-29 15:00:00,6830.0,6910.0,6810.0,6880.0,21286.0,A007820
4314,2020-10-05 09:00:00,6920.0,6960.0,6830.0,6870.0,55013.0,A007820
4315,2020-10-05 11:00:00,6880.0,6930.0,6880.0,6930.0,19174.0,A007820
4316,2020-10-05 13:00:00,6930.0,6940.0,6890.0,6920.0,23099.0,A007820
4317,2020-10-05 15:00:00,6910.0,6930.0,6900.0,6900.0,4772.0,A007820
4318,2020-10-06 09:00:00,6900.0,7230.0,6900.0,7130.0,88763.0,A007820
4319,2020-10-06 11:00:00,7120.0,7140.0,7080.0,7110.0,21721.0,A007820
4320,2020-10-06 13:00:00,7110.0,7110.0,6980.0,7060.0,27077.0,A007820
4321,2020-10-06 15:00:00,7060.0,7070.0,7010.0,7010.0,2999.0,A007820
4322,2020-10-07 09:00:00,6910.0,7160.0,6890.0,7050.0,48487.0,A007820
4323,2020-10-07 11:00:00,7030.0,7050.0,6980.0,7000.0,12971.0,A007820
4324,2020-10-07 13:00:00,7000.0,7100.0,6990.0,7070.0,11639.0,A007820
4325,2020-10-07 15:00:00,7070.0,7080.0,7020.0,7060.0,4353.0,A007820
4326,2020-10-08 09:00:00,7090.0,7090.0,7030.0,7060.0,16092.0,A007820
4327,2020-10-08 11:00:00,7060.0,7090.0,7040.0,7090.0,9934.0,A007820
4328,2020-10-08 13:00:00,7100.0,7160.0,7010.0,7050.0,33174.0,A007820
4329,2020-10-08 15:00:00,7050.0,7100.0,7050.0,7090.0,6323.0,A007820
4330,2020-10-12 09:00:00,7130.0,7150.0,7050.0,7120.0,35477.0,A007820
4331,2020-10-12 11:00:00,7120.0,7120.0,7090.0,7110.0,7800.0,A007820
4332,2020-10-12 13:00:00,7100.0,7130.0,7090.0,7110.0,10211.0,A007820
4333,2020-10-12 15:00:00,7110.0,7130.0,7080.0,7080.0,9392.0,A007820
4334,2020-10-13 09:00:00,7100.0,7110.0,7020.0,7070.0,19385.0,A007820
4335,2020-10-13 11:00:00,7070.0,7090.0,7040.0,7070.0,5421.0,A007820
4336,2020-10-13 13:00:00,7070.0,7090.0,7030.0,7080.0,15793.0,A007820
4337,2020-10-13 15:00:00,7080.0,7080.0,7060.0,7080.0,1687.0,A007820
4338,2020-10-14 09:00:00,7000.0,7000.0,6980.0,6990.0,9688.0,A007820
4339,2020-10-14 11:00:00,7140.0,7140.0,7010.0,7070.0,19387.0,A007820
4340,2020-10-14 13:00:00,7050.0,7070.0,7030.0,7070.0,13616.0,A007820
4341,2020-10-14 15:00:00,7070.0,7080.0,6980.0,7000.0,23922.0,A007820
4342,2020-10-15 09:00:00,6990.0,7060.0,6880.0,6900.0,55385.0,A007820
4343,2020-10-15 11:00:00,6900.0,6920.0,6850.0,6880.0,19338.0,A007820
4344,2020-10-15 13:00:00,6880.0,6900.0,6840.0,6850.0,31711.0,A007820
4345,2020-10-15 15:00:00,6850.0,6910.0,6830.0,6890.0,15378.0,A007820
4346,2020-10-16 09:00:00,6790.0,6790.0,6750.0,6790.0,13019.0,A007820
4347,2020-10-16 11:00:00,6790.0,6850.0,6770.0,6800.0,17341.0,A007820
4348,2020-10-16 13:00:00,6900.0,6920.0,6770.0,6800.0,32675.0,A007820
4349,2020-10-16 15:00:00,6790.0,6800.0,6740.0,6790.0,22387.0,A007820
4350,2020-10-19 09:00:00,6790.0,6870.0,6690.0,6780.0,54784.0,A007820
4351,2020-10-19 11:00:00,6790.0,6800.0,6760.0,6780.0,11868.0,A007820
4352,2020-10-19 13:00:00,6780.0,6790.0,6720.0,6720.0,17179.0,A007820
4353,2020-10-19 15:00:00,6720.0,6770.0,6690.0,6690.0,19477.0,A007820
4354,2020-10-20 09:00:00,6650.0,6760.0,6650.0,6670.0,33840.0,A007820
4355,2020-10-20 11:00:00,6690.0,6700.0,6650.0,6690.0,14367.0,A007820
4356,2020-10-20 13:00:00,6690.0,6730.0,6670.0,6720.0,13381.0,A007820
4357,2020-10-20 15:00:00,6720.0,6720.0,6710.0,6720.0,3416.0,A007820
4358,2020-10-21 09:00:00,6830.0,6840.0,6810.0,6830.0,812.0,A007820
4359,2020-10-21 11:00:00,6710.0,6790.0,6700.0,6760.0,10530.0,A007820
4360,2020-10-21 13:00:00,6760.0,6790.0,6730.0,6780.0,5631.0,A007820
4361,2020-10-21 15:00:00,6780.0,6830.0,6740.0,6830.0,14099.0,A007820
4362,2020-10-22 09:00:00,6810.0,6820.0,6700.0,6780.0,11586.0,A007820
4363,2020-10-22 11:00:00,6780.0,6780.0,6720.0,6750.0,9172.0,A007820
4364,2020-10-22 13:00:00,6740.0,6760.0,6720.0,6750.0,11763.0,A007820
4365,2020-10-22 15:00:00,6750.0,6750.0,6720.0,6720.0,8542.0,A007820
4366,2020-10-23 09:00:00,6700.0,6730.0,6680.0,6690.0,6274.0,A007820
4367,2020-10-23 11:00:00,6740.0,6800.0,6670.0,6680.0,21273.0,A007820
4368,2020-10-23 13:00:00,6680.0,6750.0,6670.0,6750.0,8715.0,A007820
4369,2020-10-23 15:00:00,6750.0,6750.0,6660.0,6700.0,23616.0,A007820
4370,2020-10-26 09:00:00,6660.0,6740.0,6550.0,6600.0,38460.0,A007820
4371,2020-10-26 11:00:00,6580.0,6590.0,6530.0,6530.0,19234.0,A007820
4372,2020-10-26 13:00:00,6540.0,6580.0,6530.0,6560.0,18811.0,A007820
4373,2020-10-26 15:00:00,6550.0,6560.0,6520.0,6520.0,13596.0,A007820
4374,2020-10-27 09:00:00,6460.0,6520.0,6410.0,6460.0,29765.0,A007820
4375,2020-10-27 11:00:00,6490.0,6490.0,6400.0,6440.0,19851.0,A007820
4376,2020-10-27 13:00:00,6470.0,6510.0,6400.0,6430.0,23396.0,A007820
4377,2020-10-27 15:00:00,6430.0,6490.0,6410.0,6470.0,7057.0,A007820
4378,2020-10-28 09:00:00,6470.0,6530.0,6380.0,6480.0,17441.0,A007820
4379,2020-10-28 11:00:00,6480.0,6490.0,6430.0,6460.0,9446.0,A007820
4380,2020-10-28 13:00:00,6450.0,6460.0,6420.0,6450.0,16013.0,A007820
4381,2020-10-28 15:00:00,6450.0,6460.0,6430.0,6450.0,7544.0,A007820
4382,2020-10-29 09:00:00,6370.0,6490.0,6370.0,6410.0,15347.0,A007820
4383,2020-10-29 11:00:00,6440.0,6460.0,6400.0,6430.0,14321.0,A007820
4384,2020-10-29 13:00:00,6350.0,6420.0,6330.0,6390.0,47117.0,A007820
4385,2020-10-29 15:00:00,6380.0,6410.0,6360.0,6370.0,34515.0,A007820
4386,2020-10-30 09:00:00,6410.0,6430.0,6360.0,6370.0,17783.0,A007820
4387,2020-10-30 11:00:00,6370.0,6410.0,6280.0,6340.0,33478.0,A007820
4388,2020-10-30 13:00:00,6310.0,6350.0,6300.0,6330.0,6508.0,A007820
4389,2020-10-30 15:00:00,6490.0,6610.0,6380.0,6410.0,30437.0,A007820
4390,2020-11-02 09:00:00,6230.0,6380.0,6230.0,6350.0,38510.0,A007820
4391,2020-11-02 11:00:00,6340.0,6360.0,6320.0,6340.0,4404.0,A007820
4392,2020-11-02 13:00:00,6340.0,6340.0,6240.0,6300.0,31637.0,A007820
4393,2020-11-02 15:00:00,6300.0,6320.0,6270.0,6270.0,4436.0,A007820
4394,2020-11-03 09:00:00,6330.0,6360.0,6310.0,6360.0,3121.0,A007820
4395,2020-11-03 11:00:00,6340.0,6360.0,6300.0,6340.0,20035.0,A007820
4396,2020-11-03 13:00:00,6330.0,6350.0,6290.0,6350.0,14816.0,A007820
4397,2020-11-03 15:00:00,6370.0,6370.0,6270.0,6340.0,44164.0,A007820
4398,2020-11-04 09:00:00,6360.0,6390.0,6290.0,6320.0,38488.0,A007820
4399,2020-11-04 11:00:00,6320.0,6370.0,6290.0,6360.0,15971.0,A007820
4400,2020-11-04 13:00:00,6360.0,6400.0,6360.0,6380.0,20003.0,A007820
4401,2020-11-04 15:00:00,6370.0,6390.0,6370.0,6390.0,6396.0,A007820
4402,2020-11-05 09:00:00,6740.0,6750.0,6640.0,6680.0,21727.0,A007820
4403,2020-11-05 11:00:00,6610.0,6800.0,6600.0,6740.0,89842.0,A007820
4404,2020-11-05 13:00:00,6470.0,6600.0,6350.0,6550.0,83508.0,A007820
4405,2020-11-05 15:00:00,6550.0,6610.0,6520.0,6600.0,29371.0,A007820
4406,2020-11-06 09:00:00,6640.0,6750.0,6520.0,6600.0,38987.0,A007820
4407,2020-11-06 11:00:00,6590.0,6600.0,6540.0,6560.0,20008.0,A007820
4408,2020-11-06 13:00:00,6560.0,6590.0,6540.0,6560.0,10431.0,A007820
4409,2020-11-06 15:00:00,6560.0,6580.0,6540.0,6580.0,6525.0,A007820
4410,2020-11-09 09:00:00,6670.0,6670.0,6580.0,6590.0,32689.0,A007820
4411,2020-11-09 11:00:00,6590.0,6700.0,6590.0,6650.0,34834.0,A007820
4412,2020-11-09 13:00:00,6650.0,6660.0,6610.0,6630.0,17499.0,A007820
4413,2020-11-09 15:00:00,6630.0,6650.0,6620.0,6630.0,7399.0,A007820
4414,2020-11-10 09:00:00,6670.0,6690.0,6660.0,6690.0,4650.0,A007820
4415,2020-11-10 11:00:00,6650.0,6690.0,6530.0,6640.0,49821.0,A007820
4416,2020-11-10 13:00:00,6640.0,6710.0,6630.0,6690.0,33571.0,A007820
4417,2020-11-10 15:00:00,6700.0,6700.0,6650.0,6670.0,21058.0,A007820
4418,2020-11-11 09:00:00,6670.0,6750.0,6620.0,6750.0,29033.0,A007820
4419,2020-11-11 11:00:00,6750.0,6760.0,6700.0,6730.0,10484.0,A007820
4420,2020-11-11 13:00:00,6730.0,6770.0,6700.0,6760.0,11313.0,A007820
4421,2020-11-11 15:00:00,6750.0,6760.0,6740.0,6760.0,7224.0,A007820
4422,2020-11-12 09:00:00,6840.0,6860.0,6830.0,6860.0,3698.0,A007820
4423,2020-11-12 11:00:00,6740.0,6920.0,6730.0,6860.0,69726.0,A007820
4424,2020-11-12 13:00:00,6880.0,6890.0,6800.0,6820.0,11206.0,A007820
4425,2020-11-12 15:00:00,6820.0,6850.0,6800.0,6850.0,17083.0,A007820
4426,2020-11-13 09:00:00,6780.0,6910.0,6740.0,6790.0,56143.0,A007820
4427,2020-11-13 11:00:00,6790.0,6870.0,6790.0,6870.0,12409.0,A007820
4428,2020-11-13 13:00:00,6870.0,6880.0,6840.0,6880.0,17898.0,A007820
4429,2020-11-13 15:00:00,6880.0,6880.0,6860.0,6870.0,6479.0,A007820
4430,2020-11-16 09:00:00,6990.0,7850.0,6950.0,7440.0,2569419.0,A007820
4431,2020-11-16 11:00:00,7440.0,7470.0,7250.0,7310.0,433826.0,A007820
4432,2020-11-16 13:00:00,7300.0,7330.0,7160.0,7160.0,233346.0,A007820
4433,2020-11-16 15:00:00,7160.0,7170.0,7100.0,7170.0,97085.0,A007820
4434,2020-11-17 09:00:00,7170.0,7180.0,7150.0,7180.0,25197.0,A007820
4435,2020-11-17 11:00:00,7170.0,7170.0,6970.0,7110.0,199091.0,A007820
4436,2020-11-17 13:00:00,7110.0,7280.0,7060.0,7270.0,134284.0,A007820
4437,2020-11-17 15:00:00,7270.0,7320.0,7120.0,7170.0,117013.0,A007820
4438,2020-11-18 09:00:00,7160.0,7360.0,7150.0,7260.0,133683.0,A007820
4439,2020-11-18 11:00:00,7240.0,7270.0,7160.0,7200.0,46761.0,A007820
4440,2020-11-18 13:00:00,7200.0,7230.0,7160.0,7160.0,57036.0,A007820
4441,2020-11-18 15:00:00,7160.0,7230.0,7160.0,7180.0,16361.0,A007820
4442,2020-11-19 09:00:00,7290.0,7320.0,7260.0,7290.0,22419.0,A007820
4443,2020-11-19 11:00:00,7160.0,7400.0,7110.0,7300.0,193809.0,A007820
4444,2020-11-19 13:00:00,7300.0,7360.0,7210.0,7310.0,76539.0,A007820
4445,2020-11-19 15:00:00,7320.0,7320.0,7270.0,7290.0,53100.0,A007820
4446,2020-11-20 09:00:00,7290.0,7410.0,7170.0,7280.0,198786.0,A007820
4447,2020-11-20 11:00:00,7280.0,7310.0,7270.0,7300.0,26384.0,A007820
4448,2020-11-20 13:00:00,7300.0,7330.0,7290.0,7290.0,46453.0,A007820
4449,2020-11-20 15:00:00,7300.0,7310.0,7260.0,7300.0,19558.0,A007820
4450,2020-11-23 09:00:00,7310.0,7430.0,7270.0,7340.0,179150.0,A007820
4451,2020-11-23 11:00:00,7340.0,7390.0,7330.0,7340.0,40756.0,A007820
4452,2020-11-23 13:00:00,7340.0,7380.0,7330.0,7340.0,42747.0,A007820
4453,2020-11-23 15:00:00,7340.0,7380.0,7340.0,7380.0,11732.0,A007820
4454,2020-11-24 09:00:00,7380.0,7390.0,7260.0,7300.0,100260.0,A007820
4455,2020-11-24 11:00:00,7300.0,7340.0,7300.0,7300.0,28262.0,A007820
4456,2020-11-24 13:00:00,7300.0,7330.0,7270.0,7300.0,41141.0,A007820
4457,2020-11-24 15:00:00,7290.0,7290.0,7280.0,7290.0,7933.0,A007820
4458,2020-11-25 09:00:00,7200.0,7200.0,7040.0,7150.0,78201.0,A007820
4459,2020-11-25 11:00:00,7150.0,7160.0,7110.0,7110.0,8841.0,A007820
4460,2020-11-25 13:00:00,7270.0,7270.0,7170.0,7210.0,64988.0,A007820
4461,2020-11-25 15:00:00,7390.0,7390.0,7220.0,7240.0,71515.0,A007820
4462,2020-11-26 09:00:00,7200.0,7200.0,7150.0,7170.0,7087.0,A007820
4463,2020-11-26 11:00:00,7140.0,7280.0,7110.0,7180.0,35544.0,A007820
4464,2020-11-26 13:00:00,7180.0,7220.0,7160.0,7160.0,16172.0,A007820
4465,2020-11-26 15:00:00,7160.0,7220.0,7160.0,7160.0,27053.0,A007820
4466,2020-11-27 09:00:00,7270.0,7530.0,7250.0,7470.0,331520.0,A007820
4467,2020-11-27 11:00:00,7460.0,7670.0,7430.0,7590.0,365201.0,A007820
4468,2020-11-27 13:00:00,7590.0,7660.0,7520.0,7660.0,161740.0,A007820
4469,2020-11-27 15:00:00,7660.0,7660.0,7630.0,7630.0,66824.0,A007820
4470,2020-11-30 09:00:00,7710.0,7800.0,7700.0,7710.0,56928.0,A007820
4471,2020-11-30 11:00:00,7710.0,7740.0,7580.0,7660.0,70992.0,A007820
4472,2020-11-30 13:00:00,7660.0,7670.0,7620.0,7650.0,20691.0,A007820
4473,2020-11-30 15:00:00,7610.0,7880.0,7530.0,7700.0,380124.0,A007820
4474,2020-12-01 09:00:00,7650.0,7750.0,7600.0,7610.0,72755.0,A007820
4475,2020-12-01 11:00:00,7610.0,7610.0,7520.0,7550.0,39637.0,A007820
4476,2020-12-01 13:00:00,7560.0,7630.0,7520.0,7540.0,59429.0,A007820
4477,2020-12-01 15:00:00,7550.0,7560.0,7530.0,7550.0,10187.0,A007820
4478,2020-12-02 09:00:00,7630.0,7640.0,7600.0,7630.0,13355.0,A007820
4479,2020-12-02 11:00:00,7640.0,7650.0,7600.0,7630.0,20825.0,A007820
4480,2020-12-02 13:00:00,7560.0,7740.0,7550.0,7660.0,98556.0,A007820
4481,2020-12-02 15:00:00,7660.0,7660.0,7630.0,7650.0,26733.0,A007820
4482,2020-12-03 09:00:00,7630.0,7660.0,7500.0,7580.0,87541.0,A007820
4483,2020-12-03 11:00:00,7580.0,7590.0,7550.0,7580.0,25145.0,A007820
4484,2020-12-03 13:00:00,7570.0,7590.0,7530.0,7570.0,52015.0,A007820
4485,2020-12-03 15:00:00,7560.0,7570.0,7530.0,7530.0,16122.0,A007820
4486,2020-12-04 09:00:00,7580.0,7580.0,7440.0,7460.0,135704.0,A007820
4487,2020-12-04 11:00:00,7450.0,7490.0,7350.0,7420.0,98275.0,A007820
4488,2020-12-04 13:00:00,7420.0,7470.0,7370.0,7420.0,55158.0,A007820
4489,2020-12-04 15:00:00,7420.0,7420.0,7380.0,7410.0,18521.0,A007820
4490,2020-12-07 09:00:00,7290.0,7300.0,7270.0,7270.0,4049.0,A007820
4491,2020-12-07 11:00:00,7470.0,7480.0,7210.0,7220.0,165975.0,A007820
4492,2020-12-07 13:00:00,7220.0,7290.0,7220.0,7280.0,19211.0,A007820
4493,2020-12-07 15:00:00,7280.0,7340.0,7270.0,7290.0,33043.0,A007820
4494,2020-12-08 09:00:00,7260.0,7690.0,7260.0,7500.0,243624.0,A007820
4495,2020-12-08 11:00:00,7490.0,7500.0,7360.0,7430.0,97953.0,A007820
4496,2020-12-08 13:00:00,7470.0,7470.0,7390.0,7400.0,60238.0,A007820
4497,2020-12-08 15:00:00,7400.0,7420.0,7390.0,7400.0,14377.0,A007820
4498,2020-12-09 09:00:00,7530.0,7530.0,7490.0,7530.0,8638.0,A007820
4499,2020-12-09 11:00:00,7440.0,7460.0,7370.0,7450.0,48541.0,A007820
4500,2020-12-09 13:00:00,7450.0,7690.0,7450.0,7550.0,166193.0,A007820
4501,2020-12-09 15:00:00,7550.0,7600.0,7500.0,7500.0,65253.0,A007820
4502,2020-12-10 09:00:00,7500.0,7550.0,7410.0,7510.0,39177.0,A007820
4503,2020-12-10 11:00:00,7520.0,7560.0,7450.0,7520.0,40411.0,A007820
4504,2020-12-10 13:00:00,7500.0,7520.0,7450.0,7510.0,38163.0,A007820
4505,2020-12-10 15:00:00,7520.0,7580.0,7520.0,7530.0,20004.0,A007820
4506,2020-12-11 09:00:00,7480.0,7580.0,7470.0,7540.0,64423.0,A007820
4507,2020-12-11 11:00:00,7530.0,7570.0,7520.0,7520.0,22197.0,A007820
4508,2020-12-11 13:00:00,7530.0,7580.0,7490.0,7570.0,47959.0,A007820
4509,2020-12-11 15:00:00,7560.0,7570.0,7550.0,7550.0,10184.0,A007820
4510,2020-12-14 09:00:00,7610.0,7680.0,7600.0,7680.0,27205.0,A007820
4511,2020-12-14 11:00:00,7550.0,7820.0,7440.0,7600.0,316461.0,A007820
4512,2020-12-14 13:00:00,7620.0,7710.0,7580.0,7630.0,51007.0,A007820
4513,2020-12-14 15:00:00,7620.0,7690.0,7590.0,7610.0,52787.0,A007820
4514,2020-12-15 09:00:00,7680.0,7700.0,7510.0,7640.0,63733.0,A007820
4515,2020-12-15 11:00:00,7660.0,7660.0,7510.0,7540.0,43951.0,A007820
4516,2020-12-15 13:00:00,7550.0,7550.0,7500.0,7510.0,56228.0,A007820
4517,2020-12-15 15:00:00,7510.0,7550.0,7510.0,7540.0,12320.0,A007820
4518,2020-12-16 09:00:00,7520.0,7540.0,7520.0,7530.0,10708.0,A007820
4519,2020-12-16 11:00:00,7540.0,7610.0,7470.0,7500.0,81141.0,A007820
4520,2020-12-16 13:00:00,7500.0,7520.0,7470.0,7500.0,31314.0,A007820
4521,2020-12-16 15:00:00,7520.0,7560.0,7500.0,7520.0,49309.0,A007820
4522,2020-12-17 09:00:00,7530.0,7580.0,7470.0,7500.0,70511.0,A007820
4523,2020-12-17 11:00:00,7500.0,7580.0,7430.0,7530.0,55482.0,A007820
4524,2020-12-17 13:00:00,7540.0,7560.0,7480.0,7540.0,28477.0,A007820
4525,2020-12-17 15:00:00,7540.0,7570.0,7530.0,7570.0,31630.0,A007820
4526,2020-12-18 09:00:00,7660.0,7660.0,7490.0,7500.0,60851.0,A007820
4527,2020-12-18 11:00:00,7500.0,7560.0,7460.0,7560.0,46793.0,A007820
4528,2020-12-18 13:00:00,7560.0,7560.0,7470.0,7470.0,48245.0,A007820
4529,2020-12-18 15:00:00,7470.0,7490.0,7440.0,7450.0,34421.0,A007820
4530,2020-12-21 09:00:00,7450.0,7460.0,7200.0,7200.0,185775.0,A007820
4531,2020-12-21 11:00:00,7200.0,7300.0,7200.0,7290.0,28685.0,A007820
4532,2020-12-21 13:00:00,7290.0,7320.0,7260.0,7290.0,26419.0,A007820
4533,2020-12-21 15:00:00,7290.0,7290.0,7260.0,7280.0,8974.0,A007820
4534,2020-12-22 09:00:00,7250.0,7270.0,7130.0,7170.0,77682.0,A007820
4535,2020-12-22 11:00:00,7160.0,7230.0,7140.0,7230.0,16966.0,A007820
4536,2020-12-22 13:00:00,7280.0,7320.0,7170.0,7230.0,65664.0,A007820
4537,2020-12-22 15:00:00,7230.0,7260.0,7190.0,7250.0,21249.0,A007820
4538,2020-12-23 09:00:00,7140.0,7180.0,7110.0,7170.0,18187.0,A007820
4539,2020-12-23 11:00:00,7230.0,7250.0,7190.0,7200.0,15786.0,A007820
4540,2020-12-23 13:00:00,7230.0,7270.0,7080.0,7140.0,44087.0,A007820
4541,2020-12-23 15:00:00,7170.0,7280.0,7150.0,7230.0,52317.0,A007820
4542,2020-12-24 09:00:00,7210.0,7350.0,7180.0,7200.0,37955.0,A007820
4543,2020-12-24 11:00:00,7220.0,7270.0,7220.0,7240.0,21396.0,A007820
4544,2020-12-24 13:00:00,7230.0,7260.0,7170.0,7230.0,47546.0,A007820
4545,2020-12-24 15:00:00,7230.0,7250.0,7200.0,7200.0,7670.0,A007820
4546,2020-12-28 09:00:00,7260.0,7260.0,7110.0,7160.0,60377.0,A007820
4547,2020-12-28 11:00:00,7150.0,7230.0,7120.0,7180.0,44554.0,A007820
4548,2020-12-28 13:00:00,7180.0,7200.0,7150.0,7150.0,17579.0,A007820
4549,2020-12-28 15:00:00,7160.0,7170.0,7130.0,7150.0,20380.0,A007820
4550,2020-12-29 09:00:00,7170.0,7290.0,7140.0,7250.0,78236.0,A007820
4551,2020-12-29 11:00:00,7240.0,7320.0,7200.0,7280.0,53206.0,A007820
4552,2020-12-29 13:00:00,7260.0,7320.0,7230.0,7280.0,38693.0,A007820
4553,2020-12-29 15:00:00,7280.0,7310.0,7270.0,7290.0,7317.0,A007820
4554,2020-12-30 09:00:00,7320.0,7330.0,7310.0,7320.0,5238.0,A007820
4555,2020-12-30 11:00:00,7310.0,7330.0,7290.0,7320.0,31026.0,A007820
4556,2020-12-30 13:00:00,7290.0,7330.0,7260.0,7320.0,60315.0,A007820
4557,2020-12-30 15:00:00,7310.0,7350.0,7280.0,7300.0,47674.0,A007820
4558,2021-01-04 09:00:00,7330.0,7370.0,7270.0,7340.0,86704.0,A007820
4559,2021-01-04 11:00:00,7340.0,7360.0,7310.0,7340.0,47568.0,A007820
4560,2021-01-04 13:00:00,7390.0,7390.0,7290.0,7330.0,85566.0,A007820
4561,2021-01-05 09:00:00,7260.0,7530.0,7260.0,7370.0,142315.0,A007820
4562,2021-01-05 11:00:00,7370.0,7390.0,7320.0,7330.0,25839.0,A007820
4563,2021-01-05 13:00:00,7340.0,7370.0,7310.0,7360.0,37257.0,A007820
4564,2021-01-05 15:00:00,7350.0,7400.0,7340.0,7390.0,14916.0,A007820
4565,2021-01-06 09:00:00,7330.0,7380.0,7300.0,7320.0,50077.0,A007820
4566,2021-01-06 11:00:00,7330.0,7350.0,7250.0,7340.0,51990.0,A007820
4567,2021-01-06 13:00:00,7320.0,7340.0,7280.0,7280.0,12284.0,A007820
4568,2021-01-06 15:00:00,7470.0,7510.0,7270.0,7330.0,107153.0,A007820
4569,2021-01-07 09:00:00,7310.0,7380.0,7280.0,7350.0,74878.0,A007820
4570,2021-01-07 11:00:00,7360.0,7400.0,7320.0,7370.0,67429.0,A007820
4571,2021-01-07 13:00:00,7370.0,7380.0,7280.0,7310.0,83969.0,A007820
4572,2021-01-07 15:00:00,7310.0,7350.0,7310.0,7350.0,18737.0,A007820
4573,2021-01-08 09:00:00,7870.0,7900.0,7830.0,7880.0,90688.0,A007820
4574,2021-01-08 11:00:00,7760.0,7970.0,7640.0,7870.0,712594.0,A007820
4575,2021-01-08 13:00:00,7400.0,7400.0,7270.0,7340.0,116536.0,A007820
4576,2021-01-08 15:00:00,7340.0,7760.0,7340.0,7760.0,481980.0,A007820
4577,2021-01-11 09:00:00,7800.0,8290.0,7650.0,8000.0,1145581.0,A007820
4578,2021-01-11 11:00:00,8000.0,8280.0,7850.0,8160.0,540998.0,A007820
4579,2021-01-11 13:00:00,8160.0,8270.0,8140.0,8230.0,123727.0,A007820
4580,2021-01-11 15:00:00,7940.0,7950.0,7720.0,7800.0,438390.0,A007820
4581,2021-01-12 09:00:00,8170.0,8380.0,7910.0,8160.0,337737.0,A007820
4582,2021-01-12 11:00:00,8170.0,8270.0,8070.0,8070.0,130519.0,A007820
4583,2021-01-12 13:00:00,8070.0,8130.0,7940.0,8120.0,111279.0,A007820
4584,2021-01-12 15:00:00,8110.0,8160.0,8110.0,8150.0,29322.0,A007820
4585,2021-01-13 09:00:00,8140.0,8180.0,8130.0,8160.0,17166.0,A007820
4586,2021-01-13 11:00:00,8120.0,8220.0,8090.0,8140.0,44097.0,A007820
4587,2021-01-13 13:00:00,8140.0,8210.0,8110.0,8150.0,52642.0,A007820
4588,2021-01-13 15:00:00,8250.0,8270.0,8070.0,8120.0,154034.0,A007820
4589,2021-01-14 09:00:00,8200.0,8290.0,8130.0,8240.0,157531.0,A007820
4590,2021-01-14 11:00:00,8230.0,8270.0,8200.0,8210.0,88946.0,A007820
4591,2021-01-14 13:00:00,8210.0,8260.0,8200.0,8220.0,48390.0,A007820
4592,2021-01-14 15:00:00,8220.0,8230.0,8200.0,8220.0,17475.0,A007820
4593,2021-01-15 09:00:00,8230.0,8270.0,8200.0,8260.0,35013.0,A007820
4594,2021-01-15 11:00:00,8300.0,8320.0,8220.0,8240.0,57955.0,A007820
4595,2021-01-15 13:00:00,8320.0,8470.0,8230.0,8330.0,292415.0,A007820
4596,2021-01-15 15:00:00,8330.0,8330.0,8220.0,8300.0,73158.0,A007820
4597,2021-01-18 09:00:00,8210.0,8240.0,7910.0,8120.0,143683.0,A007820
4598,2021-01-18 11:00:00,8120.0,8140.0,8060.0,8070.0,29908.0,A007820
4599,2021-01-18 13:00:00,8090.0,8090.0,7900.0,7940.0,123166.0,A007820
4600,2021-01-18 15:00:00,7940.0,7970.0,7900.0,7900.0,33332.0,A007820
4601,2021-01-19 09:00:00,8000.0,8170.0,7830.0,8070.0,170012.0,A007820
4602,2021-01-19 11:00:00,8060.0,8100.0,8020.0,8020.0,57097.0,A007820
4603,2021-01-19 13:00:00,8030.0,8100.0,8020.0,8040.0,41153.0,A007820
4604,2021-01-19 15:00:00,8040.0,8090.0,8030.0,8080.0,17116.0,A007820
4605,2021-01-20 09:00:00,8670.0,8720.0,8660.0,8670.0,147653.0,A007820
4606,2021-01-20 11:00:00,8150.0,8450.0,8050.0,8340.0,428704.0,A007820
4607,2021-01-20 13:00:00,8340.0,8370.0,8290.0,8350.0,62223.0,A007820
4608,2021-01-20 15:00:00,8350.0,8730.0,8300.0,8670.0,755681.0,A007820
4609,2021-01-21 09:00:00,8800.0,8800.0,8450.0,8560.0,356861.0,A007820
4610,2021-01-21 11:00:00,8560.0,8690.0,8550.0,8650.0,92315.0,A007820
4611,2021-01-21 13:00:00,8650.0,8820.0,8640.0,8760.0,168367.0,A007820
4612,2021-01-21 15:00:00,8770.0,8800.0,8720.0,8770.0,23044.0,A007820
4613,2021-01-22 09:00:00,8700.0,8720.0,8660.0,8700.0,36370.0,A007820
4614,2021-01-22 11:00:00,8610.0,8740.0,8600.0,8720.0,98783.0,A007820
4615,2021-01-22 13:00:00,8870.0,8870.0,8540.0,8630.0,214307.0,A007820
4616,2021-01-22 15:00:00,8640.0,8700.0,8610.0,8610.0,62413.0,A007820
4617,2021-01-25 09:00:00,9200.0,9320.0,9160.0,9180.0,142531.0,A007820
4618,2021-01-25 11:00:00,9100.0,9160.0,9090.0,9160.0,42681.0,A007820
4619,2021-01-25 13:00:00,8700.0,9560.0,8620.0,9200.0,1114670.0,A007820
4620,2021-01-25 15:00:00,9180.0,9200.0,9060.0,9100.0,149662.0,A007820
4621,2021-01-26 09:00:00,9110.0,9450.0,9020.0,9110.0,320468.0,A007820
4622,2021-01-26 11:00:00,9110.0,9200.0,9080.0,9180.0,72039.0,A007820
4623,2021-01-26 13:00:00,9170.0,9180.0,9020.0,9120.0,115618.0,A007820
4624,2021-01-26 15:00:00,9120.0,9130.0,9080.0,9080.0,23305.0,A007820
4625,2021-01-27 09:00:00,9080.0,9140.0,8920.0,9040.0,128436.0,A007820
4626,2021-01-27 11:00:00,9040.0,9060.0,8950.0,8990.0,73057.0,A007820
4627,2021-01-27 13:00:00,8990.0,9020.0,8960.0,8970.0,62344.0,A007820
4628,2021-01-27 15:00:00,8980.0,8980.0,8870.0,8870.0,50242.0,A007820
4629,2021-01-28 09:00:00,8600.0,8860.0,8510.0,8730.0,162500.0,A007820
4630,2021-01-28 11:00:00,8740.0,8740.0,8560.0,8600.0,65267.0,A007820
4631,2021-01-28 13:00:00,8580.0,8600.0,8400.0,8600.0,110844.0,A007820
4632,2021-01-28 15:00:00,8600.0,8620.0,8540.0,8600.0,22640.0,A007820
4633,2021-01-29 09:00:00,8190.0,8240.0,7930.0,8190.0,191899.0,A007820
4634,2021-01-29 11:00:00,8190.0,8190.0,8070.0,8090.0,23694.0,A007820
4635,2021-01-29 13:00:00,8620.0,8680.0,8250.0,8340.0,160760.0,A007820
4636,2021-01-29 15:00:00,8340.0,8410.0,8110.0,8200.0,97613.0,A007820
4637,2021-02-01 09:00:00,8000.0,8250.0,7870.0,8160.0,124374.0,A007820
4638,2021-02-01 11:00:00,8160.0,8190.0,8070.0,8180.0,29513.0,A007820
4639,2021-02-01 13:00:00,8150.0,8180.0,8000.0,8090.0,68379.0,A007820
4640,2021-02-01 15:00:00,8080.0,8170.0,8080.0,8170.0,12056.0,A007820
4641,2021-02-02 09:00:00,8230.0,8340.0,8050.0,8250.0,130037.0,A007820
4642,2021-02-02 11:00:00,8260.0,8290.0,8160.0,8190.0,49205.0,A007820
4643,2021-02-02 13:00:00,8190.0,8200.0,8050.0,8180.0,65562.0,A007820
4644,2021-02-02 15:00:00,8180.0,8200.0,8170.0,8200.0,9589.0,A007820
4645,2021-02-03 09:00:00,8340.0,8370.0,8340.0,8360.0,16067.0,A007820
4646,2021-02-03 11:00:00,8290.0,8440.0,8230.0,8330.0,101712.0,A007820
4647,2021-02-03 13:00:00,8320.0,8330.0,8250.0,8280.0,27314.0,A007820
4648,2021-02-03 15:00:00,8260.0,8340.0,8220.0,8340.0,37352.0,A007820
4649,2021-02-04 09:00:00,8420.0,8430.0,8250.0,8300.0,81948.0,A007820
4650,2021-02-04 11:00:00,8300.0,8300.0,8120.0,8150.0,92783.0,A007820
4651,2021-02-04 13:00:00,8140.0,8260.0,8100.0,8150.0,63464.0,A007820
4652,2021-02-04 15:00:00,8150.0,8220.0,8150.0,8200.0,7176.0,A007820
4653,2021-02-05 09:00:00,8250.0,8260.0,8220.0,8220.0,9197.0,A007820
4654,2021-02-05 11:00:00,8180.0,8240.0,8160.0,8200.0,29586.0,A007820
4655,2021-02-05 13:00:00,8250.0,8280.0,8140.0,8170.0,66793.0,A007820
4656,2021-02-05 15:00:00,8210.0,8260.0,8150.0,8250.0,37752.0,A007820
4657,2021-02-08 09:00:00,8290.0,8290.0,8100.0,8210.0,70660.0,A007820
4658,2021-02-08 11:00:00,8230.0,8250.0,8210.0,8220.0,21086.0,A007820
4659,2021-02-08 13:00:00,8230.0,8250.0,8200.0,8220.0,30028.0,A007820
4660,2021-02-08 15:00:00,8220.0,8240.0,8210.0,8240.0,13251.0,A007820
4661,2021-02-09 09:00:00,8240.0,8250.0,8100.0,8170.0,70476.0,A007820
4662,2021-02-09 11:00:00,8170.0,8180.0,8100.0,8130.0,40472.0,A007820
4663,2021-02-09 13:00:00,8130.0,8150.0,8110.0,8110.0,39081.0,A007820
4664,2021-02-09 15:00:00,8110.0,8150.0,8100.0,8120.0,20056.0,A007820
4665,2021-02-10 09:00:00,8060.0,8110.0,8060.0,8110.0,11775.0,A007820
4666,2021-02-10 11:00:00,8120.0,8120.0,8000.0,8010.0,64980.0,A007820
4667,2021-02-10 13:00:00,8000.0,8050.0,8000.0,8040.0,22212.0,A007820
4668,2021-02-10 15:00:00,8040.0,8120.0,8010.0,8060.0,36687.0,A007820
4669,2021-02-15 09:00:00,8110.0,8180.0,7990.0,8120.0,102971.0,A007820
4670,2021-02-15 11:00:00,8120.0,8220.0,8120.0,8200.0,29536.0,A007820
4671,2021-02-15 13:00:00,8200.0,8210.0,8170.0,8180.0,47079.0,A007820
4672,2021-02-15 15:00:00,8180.0,8230.0,8170.0,8230.0,23471.0,A007820
4673,2021-02-16 09:00:00,8480.0,8540.0,8480.0,8530.0,36512.0,A007820
4674,2021-02-16 11:00:00,8280.0,8420.0,8230.0,8330.0,160322.0,A007820
4675,2021-02-16 13:00:00,8330.0,8400.0,8330.0,8380.0,44973.0,A007820
4676,2021-02-16 15:00:00,8390.0,8550.0,8390.0,8490.0,144421.0,A007820
4677,2021-02-17 09:00:00,8620.0,8620.0,8450.0,8530.0,149576.0,A007820
4678,2021-02-17 11:00:00,8540.0,8710.0,8520.0,8620.0,101339.0,A007820
4679,2021-02-17 13:00:00,8620.0,8620.0,8560.0,8590.0,98165.0,A007820
4680,2021-02-17 15:00:00,8580.0,8600.0,8560.0,8580.0,31693.0,A007820
4681,2021-02-18 09:00:00,8640.0,8640.0,8320.0,8350.0,124683.0,A007820
4682,2021-02-18 11:00:00,8350.0,8360.0,8260.0,8260.0,102199.0,A007820
4683,2021-02-18 13:00:00,8270.0,8290.0,8220.0,8240.0,78818.0,A007820
4684,2021-02-18 15:00:00,8240.0,8280.0,8220.0,8220.0,14478.0,A007820
4685,2021-02-19 09:00:00,8220.0,8330.0,8100.0,8170.0,97536.0,A007820
4686,2021-02-19 11:00:00,8170.0,8240.0,8110.0,8190.0,50769.0,A007820
4687,2021-02-19 13:00:00,8190.0,8340.0,8160.0,8260.0,41958.0,A007820
4688,2021-02-19 15:00:00,8260.0,8270.0,8210.0,8250.0,8638.0,A007820
4689,2021-02-22 09:00:00,8260.0,8270.0,8250.0,8260.0,9888.0,A007820
4690,2021-02-22 11:00:00,8240.0,8280.0,8240.0,8260.0,42121.0,A007820
4691,2021-02-22 13:00:00,8260.0,8350.0,8240.0,8250.0,57108.0,A007820
4692,2021-02-22 15:00:00,8250.0,8280.0,8230.0,8270.0,22293.0,A007820
4693,2021-02-23 09:00:00,8190.0,8190.0,8080.0,8090.0,60462.0,A007820
4694,2021-02-23 11:00:00,8100.0,8130.0,8040.0,8100.0,37211.0,A007820
4695,2021-02-23 13:00:00,8100.0,8110.0,8090.0,8090.0,9527.0,A007820
4696,2021-02-23 15:00:00,8230.0,8260.0,8110.0,8190.0,82111.0,A007820
4697,2021-02-24 09:00:00,8170.0,8190.0,7990.0,8050.0,118479.0,A007820
4698,2021-02-24 11:00:00,8060.0,8100.0,7990.0,7990.0,45105.0,A007820
4699,2021-02-24 13:00:00,7990.0,8000.0,7810.0,7880.0,109446.0,A007820
4700,2021-02-24 15:00:00,7880.0,7880.0,7820.0,7820.0,25233.0,A007820
4701,2021-02-25 09:00:00,7880.0,7910.0,7860.0,7900.0,11775.0,A007820
4702,2021-02-25 11:00:00,7850.0,7850.0,7780.0,7830.0,31416.0,A007820
4703,2021-02-25 13:00:00,7820.0,7900.0,7820.0,7870.0,23882.0,A007820
4704,2021-02-25 15:00:00,7900.0,7970.0,7750.0,7860.0,102633.0,A007820
4705,2021-02-26 09:00:00,7700.0,7710.0,7540.0,7590.0,130878.0,A007820
4706,2021-02-26 11:00:00,7580.0,7630.0,7500.0,7550.0,53853.0,A007820
4707,2021-02-26 13:00:00,7540.0,7550.0,7450.0,7510.0,48634.0,A007820
4708,2021-02-26 15:00:00,7510.0,7580.0,7500.0,7570.0,10676.0,A007820
4709,2021-03-02 09:00:00,7500.0,7570.0,7470.0,7510.0,9855.0,A007820
4710,2021-03-02 11:00:00,7600.0,7600.0,7420.0,7460.0,61078.0,A007820
4711,2021-03-02 13:00:00,7750.0,7760.0,7570.0,7630.0,43353.0,A007820
4712,2021-03-02 15:00:00,7630.0,7650.0,7560.0,7570.0,20732.0,A007820
4713,2021-03-03 09:00:00,7510.0,7550.0,7460.0,7510.0,21446.0,A007820
4714,2021-03-03 11:00:00,7520.0,7610.0,7500.0,7550.0,27165.0,A007820
4715,2021-03-03 13:00:00,7550.0,7570.0,7520.0,7540.0,11617.0,A007820
4716,2021-03-03 15:00:00,7540.0,7560.0,7540.0,7550.0,11401.0,A007820
4717,2021-03-04 09:00:00,7540.0,7540.0,7320.0,7350.0,71379.0,A007820
4718,2021-03-04 11:00:00,7350.0,7390.0,7280.0,7320.0,56816.0,A007820
4719,2021-03-04 13:00:00,7320.0,7410.0,7250.0,7380.0,110509.0,A007820
4720,2021-03-04 15:00:00,7380.0,7410.0,7370.0,7410.0,9061.0,A007820
4721,2021-03-05 09:00:00,7280.0,7300.0,7280.0,7280.0,6057.0,A007820
4722,2021-03-05 11:00:00,7310.0,7340.0,7170.0,7200.0,83815.0,A007820
4723,2021-03-05 13:00:00,7200.0,7240.0,7170.0,7220.0,32242.0,A007820
4724,2021-03-05 15:00:00,7220.0,7280.0,7190.0,7280.0,23613.0,A007820
4725,2021-03-08 09:00:00,7280.0,7360.0,7250.0,7260.0,72385.0,A007820
4726,2021-03-08 11:00:00,7250.0,7270.0,7150.0,7160.0,53618.0,A007820
4727,2021-03-08 13:00:00,7160.0,7180.0,7060.0,7070.0,69297.0,A007820
4728,2021-03-08 15:00:00,7090.0,7090.0,7040.0,7070.0,19309.0,A007820
4729,2021-03-09 09:00:00,7010.0,7060.0,7010.0,7050.0,8527.0,A007820
4730,2021-03-09 11:00:00,7130.0,7130.0,6860.0,6920.0,132810.0,A007820
4731,2021-03-09 13:00:00,6920.0,7000.0,6820.0,6980.0,50187.0,A007820
4732,2021-03-09 15:00:00,6980.0,7040.0,6930.0,7020.0,24574.0,A007820
4733,2021-03-10 09:00:00,7120.0,7120.0,6950.0,6950.0,48121.0,A007820
4734,2021-03-10 11:00:00,6950.0,6990.0,6950.0,6950.0,29770.0,A007820
4735,2021-03-10 13:00:00,6950.0,7000.0,6910.0,6950.0,39779.0,A007820
4736,2021-03-10 15:00:00,6950.0,6950.0,6920.0,6940.0,4753.0,A007820
4737,2021-03-11 09:00:00,6970.0,7100.0,6950.0,7090.0,23525.0,A007820
4738,2021-03-11 11:00:00,7090.0,7160.0,7090.0,7120.0,16824.0,A007820
4739,2021-03-11 13:00:00,7130.0,7150.0,7100.0,7130.0,8914.0,A007820
4740,2021-03-11 15:00:00,7130.0,7140.0,7100.0,7100.0,3070.0,A007820
4741,2021-03-12 09:00:00,7210.0,7250.0,7210.0,7250.0,9118.0,A007820
4742,2021-03-12 11:00:00,7110.0,7270.0,7110.0,7240.0,42225.0,A007820
4743,2021-03-12 13:00:00,7240.0,7240.0,7170.0,7220.0,13130.0,A007820
4744,2021-03-12 15:00:00,7220.0,7230.0,7200.0,7210.0,13598.0,A007820
4745,2021-03-15 09:00:00,7320.0,7430.0,7280.0,7420.0,69416.0,A007820
4746,2021-03-15 11:00:00,7420.0,7420.0,7390.0,7420.0,11538.0,A007820
4747,2021-03-15 13:00:00,7400.0,7450.0,7400.0,7410.0,23739.0,A007820
4748,2021-03-15 15:00:00,7410.0,7420.0,7400.0,7400.0,10249.0,A007820
4749,2021-03-16 09:00:00,7410.0,7420.0,7400.0,7410.0,2445.0,A007820
4750,2021-03-16 11:00:00,7440.0,7500.0,7340.0,7380.0,43400.0,A007820
4751,2021-03-16 13:00:00,7380.0,7430.0,7370.0,7420.0,16181.0,A007820
4752,2021-03-16 15:00:00,7420.0,7420.0,7390.0,7410.0,10753.0,A007820
4753,2021-03-17 09:00:00,7500.0,7500.0,7350.0,7390.0,40922.0,A007820
4754,2021-03-17 11:00:00,7390.0,7400.0,7360.0,7370.0,18494.0,A007820
4755,2021-03-17 13:00:00,7370.0,7400.0,7310.0,7360.0,49709.0,A007820
4756,2021-03-17 15:00:00,7360.0,7370.0,7330.0,7370.0,9387.0,A007820
4757,2021-03-18 09:00:00,7390.0,7410.0,7310.0,7310.0,48190.0,A007820
4758,2021-03-18 11:00:00,7340.0,7380.0,7320.0,7330.0,20607.0,A007820
4759,2021-03-18 13:00:00,7320.0,7340.0,7290.0,7300.0,37109.0,A007820
4760,2021-03-18 15:00:00,7300.0,7340.0,7300.0,7300.0,3899.0,A007820
4761,2021-03-19 09:00:00,7280.0,7280.0,7150.0,7260.0,73186.0,A007820
4762,2021-03-19 11:00:00,7280.0,7280.0,7200.0,7230.0,21024.0,A007820
4763,2021-03-19 13:00:00,7220.0,7260.0,7210.0,7250.0,16735.0,A007820
4764,2021-03-19 15:00:00,7260.0,7260.0,7220.0,7260.0,9299.0,A007820
4765,2021-03-22 09:00:00,7270.0,7270.0,7190.0,7230.0,29249.0,A007820
4766,2021-03-22 11:00:00,7230.0,7260.0,7200.0,7260.0,11006.0,A007820
4767,2021-03-22 13:00:00,7260.0,7260.0,7170.0,7230.0,29533.0,A007820
4768,2021-03-22 15:00:00,7230.0,7290.0,7230.0,7270.0,14643.0,A007820
4769,2021-03-23 09:00:00,7180.0,7200.0,7140.0,7190.0,27851.0,A007820
4770,2021-03-23 11:00:00,7190.0,7190.0,7150.0,7150.0,19915.0,A007820
4771,2021-03-23 13:00:00,7150.0,7160.0,7130.0,7130.0,15388.0,A007820
4772,2021-03-23 15:00:00,7340.0,7340.0,7160.0,7200.0,43001.0,A007820
4773,2021-03-24 09:00:00,7100.0,7240.0,7080.0,7220.0,52980.0,A007820
4774,2021-03-24 11:00:00,7220.0,7220.0,7140.0,7140.0,10808.0,A007820
4775,2021-03-24 13:00:00,7150.0,7150.0,7100.0,7100.0,25404.0,A007820
4776,2021-03-24 15:00:00,7110.0,7150.0,7100.0,7100.0,12377.0,A007820
4777,2021-03-25 09:00:00,7100.0,7130.0,7100.0,7100.0,2730.0,A007820
4778,2021-03-25 11:00:00,7090.0,7150.0,7070.0,7070.0,42131.0,A007820
4779,2021-03-25 13:00:00,7060.0,7110.0,7050.0,7110.0,19214.0,A007820
4780,2021-03-25 15:00:00,7090.0,7140.0,7080.0,7090.0,40810.0,A007820
4781,2021-03-26 09:00:00,7110.0,7250.0,7110.0,7200.0,56767.0,A007820
4782,2021-03-26 11:00:00,7200.0,7230.0,7150.0,7190.0,44052.0,A007820
4783,2021-03-26 13:00:00,7190.0,7280.0,7160.0,7260.0,36199.0,A007820
4784,2021-03-26 15:00:00,7260.0,7270.0,7240.0,7250.0,6001.0,A007820
4785,2021-03-29 09:00:00,7270.0,7300.0,7230.0,7280.0,8289.0,A007820
4786,2021-03-29 11:00:00,7260.0,7370.0,7190.0,7270.0,72799.0,A007820
4787,2021-03-29 13:00:00,7250.0,7310.0,7190.0,7220.0,55063.0,A007820
4788,2021-03-29 15:00:00,7220.0,7300.0,7210.0,7260.0,31811.0,A007820
4789,2021-03-30 09:00:00,7210.0,7420.0,7210.0,7390.0,98072.0,A007820
4790,2021-03-30 11:00:00,7400.0,7470.0,7370.0,7440.0,62015.0,A007820
4791,2021-03-30 13:00:00,7440.0,7460.0,7400.0,7410.0,31159.0,A007820
4792,2021-03-30 15:00:00,7410.0,7440.0,7400.0,7430.0,6120.0,A007820
4793,2021-03-31 09:00:00,7680.0,7700.0,7490.0,7490.0,166833.0,A007820
4794,2021-03-31 11:00:00,7500.0,7590.0,7500.0,7530.0,31753.0,A007820
4795,2021-03-31 13:00:00,7530.0,7580.0,7500.0,7540.0,36795.0,A007820
4796,2021-03-31 15:00:00,7530.0,7560.0,7530.0,7540.0,6620.0,A007820
4797,2021-04-01 09:00:00,7640.0,7650.0,7610.0,7630.0,10003.0,A007820
4798,2021-04-01 11:00:00,7600.0,7640.0,7510.0,7510.0,46459.0,A007820
4799,2021-04-01 13:00:00,7510.0,7600.0,7490.0,7570.0,30936.0,A007820
4800,2021-04-01 15:00:00,7570.0,7650.0,7570.0,7640.0,52527.0,A007820
4801,2021-04-02 09:00:00,7720.0,7770.0,7620.0,7660.0,88811.0,A007820
4802,2021-04-02 11:00:00,7670.0,7680.0,7620.0,7630.0,56313.0,A007820
4803,2021-04-02 13:00:00,7630.0,7660.0,7630.0,7630.0,13675.0,A007820
4804,2021-04-02 15:00:00,7630.0,7660.0,7630.0,7630.0,3388.0,A007820
4805,2021-04-05 09:00:00,7570.0,7610.0,7560.0,7560.0,6828.0,A007820
4806,2021-04-05 11:00:00,7630.0,7640.0,7530.0,7620.0,49215.0,A007820
4807,2021-04-05 13:00:00,7620.0,7680.0,7580.0,7650.0,49226.0,A007820
4808,2021-04-05 15:00:00,7640.0,7670.0,7550.0,7570.0,60772.0,A007820
4809,2021-04-06 09:00:00,7630.0,7630.0,7410.0,7470.0,85270.0,A007820
4810,2021-04-06 11:00:00,7470.0,7500.0,7430.0,7480.0,18370.0,A007820
4811,2021-04-06 13:00:00,7490.0,7540.0,7450.0,7460.0,29399.0,A007820
4812,2021-04-06 15:00:00,7460.0,7480.0,7440.0,7460.0,15039.0,A007820
4813,2021-04-07 09:00:00,7480.0,7580.0,7440.0,7540.0,41095.0,A007820
4814,2021-04-07 11:00:00,7520.0,7650.0,7520.0,7600.0,70098.0,A007820
4815,2021-04-07 13:00:00,7600.0,7680.0,7590.0,7660.0,68266.0,A007820
4816,2021-04-07 15:00:00,7660.0,7680.0,7660.0,7680.0,16156.0,A007820
4817,2021-04-08 09:00:00,7630.0,7640.0,7620.0,7620.0,5211.0,A007820
4818,2021-04-08 11:00:00,7700.0,7740.0,7620.0,7670.0,65155.0,A007820
4819,2021-04-08 13:00:00,7670.0,7700.0,7640.0,7640.0,23447.0,A007820
4820,2021-04-08 15:00:00,7640.0,7670.0,7600.0,7630.0,33660.0,A007820
4821,2021-04-09 09:00:00,7640.0,7670.0,7580.0,7640.0,52239.0,A007820
4822,2021-04-09 11:00:00,7650.0,7650.0,7610.0,7620.0,23790.0,A007820
4823,2021-04-09 13:00:00,7630.0,7640.0,7600.0,7610.0,23144.0,A007820
4824,2021-04-09 15:00:00,7610.0,7630.0,7600.0,7620.0,6099.0,A007820
4825,2021-04-12 09:00:00,7590.0,7600.0,7550.0,7600.0,6610.0,A007820
4826,2021-04-12 11:00:00,7630.0,7650.0,7570.0,7570.0,36295.0,A007820
4827,2021-04-12 13:00:00,7570.0,7620.0,7540.0,7600.0,44540.0,A007820
4828,2021-04-12 15:00:00,7610.0,7610.0,7550.0,7590.0,19630.0,A007820
4829,2021-04-13 09:00:00,7610.0,7650.0,7510.0,7570.0,49341.0,A007820
4830,2021-04-13 11:00:00,7570.0,7620.0,7530.0,7590.0,41615.0,A007820
4831,2021-04-13 13:00:00,7590.0,7610.0,7550.0,7580.0,18704.0,A007820
4832,2021-04-13 15:00:00,7580.0,7590.0,7560.0,7560.0,4357.0,A007820
4833,2021-04-14 09:00:00,7630.0,7630.0,7500.0,7540.0,48610.0,A007820
4834,2021-04-14 11:00:00,7540.0,7550.0,7500.0,7540.0,24231.0,A007820
4835,2021-04-14 13:00:00,7530.0,7550.0,7500.0,7520.0,67631.0,A007820
4836,2021-04-14 15:00:00,7510.0,7590.0,7510.0,7590.0,12171.0,A007820
4837,2021-04-15 09:00:00,7590.0,7950.0,7570.0,7920.0,265927.0,A007820
4838,2021-04-15 11:00:00,7920.0,7950.0,7850.0,7940.0,109267.0,A007820
4839,2021-04-15 13:00:00,7940.0,8000.0,7900.0,7930.0,120415.0,A007820
4840,2021-04-15 15:00:00,7930.0,7950.0,7890.0,7950.0,26152.0,A007820
4841,2021-04-16 09:00:00,7880.0,7900.0,7850.0,7890.0,19781.0,A007820
4842,2021-04-16 11:00:00,7890.0,7910.0,7860.0,7910.0,15318.0,A007820
4843,2021-04-16 13:00:00,8040.0,8040.0,7850.0,7860.0,94920.0,A007820
4844,2021-04-16 15:00:00,7860.0,7900.0,7840.0,7880.0,28834.0,A007820
4845,2021-04-19 09:00:00,7870.0,7910.0,7840.0,7910.0,25485.0,A007820
4846,2021-04-19 11:00:00,7910.0,7940.0,7780.0,7890.0,39312.0,A007820
4847,2021-04-19 13:00:00,7890.0,7890.0,7870.0,7890.0,6711.0,A007820
4848,2021-04-19 15:00:00,7920.0,7930.0,7770.0,7880.0,72348.0,A007820
4849,2021-04-20 09:00:00,7890.0,8000.0,7860.0,7960.0,53073.0,A007820
4850,2021-04-20 11:00:00,7950.0,8010.0,7930.0,7990.0,69249.0,A007820
4851,2021-04-20 13:00:00,7970.0,7990.0,7940.0,7960.0,28376.0,A007820
4852,2021-04-20 15:00:00,7960.0,7970.0,7940.0,7950.0,13565.0,A007820
4853,2021-04-21 09:00:00,7950.0,7990.0,7780.0,7850.0,96273.0,A007820
4854,2021-04-21 11:00:00,7840.0,7840.0,7750.0,7780.0,52678.0,A007820
4855,2021-04-21 13:00:00,7770.0,7830.0,7730.0,7820.0,33565.0,A007820
4856,2021-04-21 15:00:00,7810.0,7840.0,7800.0,7820.0,3426.0,A007820
4857,2021-04-22 09:00:00,7820.0,7950.0,7820.0,7900.0,52566.0,A007820
4858,2021-04-22 11:00:00,7900.0,7920.0,7800.0,7910.0,23393.0,A007820
4859,2021-04-22 13:00:00,7910.0,7910.0,7820.0,7860.0,32018.0,A007820
4860,2021-04-22 15:00:00,7870.0,7880.0,7850.0,7850.0,13516.0,A007820
4861,2021-04-23 09:00:00,7960.0,7990.0,7910.0,7910.0,21241.0,A007820
4862,2021-04-23 11:00:00,7850.0,7970.0,7800.0,7960.0,99327.0,A007820
4863,2021-04-23 13:00:00,7870.0,7910.0,7800.0,7860.0,45977.0,A007820
4864,2021-04-23 15:00:00,7860.0,7870.0,7800.0,7850.0,38968.0,A007820
4865,2021-04-26 09:00:00,8090.0,8510.0,8020.0,8470.0,862116.0,A007820
4866,2021-04-26 11:00:00,8470.0,8480.0,8300.0,8330.0,170168.0,A007820
4867,2021-04-26 13:00:00,8340.0,8400.0,8310.0,8360.0,110800.0,A007820
4868,2021-04-26 15:00:00,8360.0,8390.0,8350.0,8370.0,28952.0,A007820
4869,2021-04-27 09:00:00,8330.0,8330.0,8240.0,8280.0,63916.0,A007820
4870,2021-04-27 11:00:00,8280.0,8300.0,8260.0,8280.0,28767.0,A007820
4871,2021-04-27 13:00:00,8310.0,8420.0,8200.0,8360.0,178753.0,A007820
4872,2021-04-27 15:00:00,8360.0,8380.0,8300.0,8330.0,42898.0,A007820
4873,2021-04-28 09:00:00,8250.0,8280.0,7980.0,8030.0,202490.0,A007820
4874,2021-04-28 11:00:00,8030.0,8030.0,7940.0,7950.0,108065.0,A007820
4875,2021-04-28 13:00:00,7940.0,7970.0,7830.0,7870.0,105545.0,A007820
4876,2021-04-28 15:00:00,7840.0,7900.0,7830.0,7860.0,30193.0,A007820
4877,2021-04-29 09:00:00,7860.0,7990.0,7710.0,7980.0,123546.0,A007820
4878,2021-04-29 11:00:00,7980.0,7990.0,7900.0,7920.0,33756.0,A007820
4879,2021-04-29 13:00:00,7920.0,7930.0,7790.0,7810.0,39380.0,A007820
4880,2021-04-29 15:00:00,7810.0,7810.0,7750.0,7770.0,16497.0,A007820
4881,2021-04-30 09:00:00,7920.0,7950.0,7920.0,7930.0,10005.0,A007820
4882,2021-04-30 11:00:00,7880.0,7990.0,7810.0,7900.0,37729.0,A007820
4883,2021-04-30 13:00:00,7790.0,8100.0,7790.0,7880.0,103659.0,A007820
4884,2021-04-30 15:00:00,7920.0,7940.0,7790.0,7920.0,38847.0,A007820
4885,2021-05-03 09:00:00,7910.0,7930.0,7880.0,7890.0,26793.0,A007820
4886,2021-05-03 11:00:00,7900.0,7930.0,7820.0,7850.0,36861.0,A007820
4887,2021-05-03 13:00:00,7830.0,7850.0,7810.0,7810.0,14234.0,A007820
4888,2021-05-03 15:00:00,7930.0,7970.0,7800.0,7890.0,59397.0,A007820
4889,2021-05-04 09:00:00,7810.0,7850.0,7580.0,7630.0,97452.0,A007820
4890,2021-05-04 11:00:00,7630.0,7660.0,7510.0,7650.0,59942.0,A007820
4891,2021-05-04 13:00:00,7630.0,7770.0,7620.0,7750.0,29515.0,A007820
4892,2021-05-04 15:00:00,7750.0,7810.0,7740.0,7800.0,5077.0,A007820
4893,2021-05-06 09:00:00,7830.0,7840.0,7600.0,7810.0,22111.0,A007820
4894,2021-05-06 11:00:00,7880.0,7880.0,7800.0,7850.0,14647.0,A007820
4895,2021-05-06 13:00:00,7860.0,7860.0,7800.0,7830.0,17534.0,A007820
4896,2021-05-06 15:00:00,7800.0,7900.0,7750.0,7870.0,53252.0,A007820
4897,2021-05-07 09:00:00,8160.0,8310.0,8070.0,8210.0,487006.0,A007820
4898,2021-05-07 11:00:00,8210.0,8230.0,8150.0,8170.0,41276.0,A007820
4899,2021-05-07 13:00:00,8180.0,8240.0,8110.0,8130.0,71675.0,A007820
4900,2021-05-07 15:00:00,8140.0,8160.0,8130.0,8140.0,22298.0,A007820
4901,2021-05-10 09:00:00,8160.0,8160.0,8130.0,8160.0,13643.0,A007820
4902,2021-05-10 11:00:00,8160.0,8170.0,8030.0,8050.0,32039.0,A007820
4903,2021-05-10 13:00:00,8140.0,8180.0,8020.0,8170.0,90285.0,A007820
4904,2021-05-10 15:00:00,8070.0,8170.0,8050.0,8170.0,56729.0,A007820
4905,2021-05-11 09:00:00,8110.0,8110.0,7920.0,8050.0,134485.0,A007820
4906,2021-05-11 11:00:00,8020.0,8050.0,7980.0,8010.0,26159.0,A007820
4907,2021-05-11 13:00:00,8020.0,8040.0,7960.0,8030.0,58404.0,A007820
4908,2021-05-11 15:00:00,8030.0,8040.0,8020.0,8040.0,4424.0,A007820
4909,2021-05-12 09:00:00,7940.0,7980.0,7780.0,7940.0,83418.0,A007820
4910,2021-05-12 11:00:00,7940.0,7940.0,7890.0,7890.0,9052.0,A007820
4911,2021-05-12 13:00:00,8040.0,8200.0,7890.0,8050.0,83173.0,A007820
4912,2021-05-12 15:00:00,8050.0,8100.0,7920.0,7940.0,51132.0,A007820
4913,2021-05-13 09:00:00,7720.0,7900.0,7630.0,7820.0,85412.0,A007820
4914,2021-05-13 11:00:00,7820.0,7850.0,7780.0,7810.0,33209.0,A007820
4915,2021-05-13 13:00:00,7800.0,7810.0,7690.0,7700.0,46626.0,A007820
4916,2021-05-13 15:00:00,7700.0,7760.0,7690.0,7760.0,10935.0,A007820
4917,2021-05-14 09:00:00,7850.0,7980.0,7730.0,7900.0,80395.0,A007820
4918,2021-05-14 11:00:00,7910.0,7920.0,7840.0,7890.0,7602.0,A007820
4919,2021-05-14 13:00:00,7880.0,7890.0,7810.0,7880.0,26627.0,A007820
4920,2021-05-14 15:00:00,7880.0,7880.0,7830.0,7840.0,5471.0,A007820
