Datetime,Open,High,Low,Close,Volume
1996-03-12,13788.0,13788.0,13076.0,13788.0,10.0
1996-03-13,13788.0,13788.0,13076.0,13788.0,0.0
1996-03-14,13788.0,13788.0,13076.0,13788.0,0.0
1996-03-15,13788.0,13788.0,13076.0,13076.0,10.0
1996-03-16,13076.0,13076.0,13076.0,13076.0,0.0
1996-03-18,13076.0,13076.0,13076.0,13076.0,0.0
1996-03-19,13076.0,13076.0,13076.0,13076.0,0.0
1996-03-20,13076.0,13076.0,13076.0,13076.0,0.0
1996-03-21,13076.0,13076.0,13076.0,13076.0,0.0
1996-03-22,13076.0,13076.0,13076.0,13076.0,0.0
1996-03-23,13076.0,13076.0,13076.0,13076.0,0.0
1996-03-25,13076.0,13076.0,13076.0,13076.0,0.0
1996-03-26,13076.0,13076.0,13076.0,13076.0,0.0
1996-03-27,13076.0,13076.0,13076.0,13076.0,0.0
1996-03-28,13076.0,13076.0,13076.0,13076.0,0.0
1996-03-29,13076.0,13076.0,13076.0,13076.0,0.0
1996-03-30,13076.0,13076.0,13076.0,13076.0,0.0
1996-04-01,13076.0,13076.0,13076.0,13076.0,0.0
1996-04-02,13076.0,13076.0,13076.0,13076.0,0.0
1996-04-03,13076.0,13076.0,13076.0,13076.0,0.0
1996-04-04,13076.0,13076.0,13076.0,13076.0,0.0
1996-04-06,13076.0,13076.0,13076.0,13076.0,0.0
1996-04-08,13076.0,13076.0,13076.0,13076.0,0.0
1996-04-09,13076.0,13076.0,13076.0,13076.0,0.0
1996-04-10,13076.0,13076.0,13076.0,13076.0,0.0
1996-04-12,13076.0,13076.0,13076.0,13076.0,0.0
1996-04-13,13076.0,13076.0,13076.0,13076.0,0.0
1996-04-15,13076.0,13076.0,13076.0,13076.0,0.0
1996-04-16,13076.0,13076.0,13076.0,13076.0,0.0
1996-04-17,13076.0,13076.0,13076.0,13076.0,0.0
1996-04-18,13076.0,13076.0,13076.0,13076.0,0.0
1996-04-19,13076.0,13076.0,13076.0,13076.0,0.0
1996-04-20,13076.0,13076.0,13076.0,13076.0,0.0
1996-04-22,13076.0,13076.0,13076.0,13076.0,0.0
1996-04-23,13076.0,13076.0,13076.0,13076.0,0.0
1996-04-24,13076.0,13076.0,13076.0,13076.0,0.0
1996-04-25,13076.0,13076.0,13076.0,13076.0,0.0
1996-04-26,13076.0,13076.0,13076.0,13076.0,100.0
1996-04-27,13076.0,13076.0,13076.0,13076.0,0.0
1996-04-29,13076.0,13076.0,13076.0,13076.0,0.0
1996-04-30,13076.0,13076.0,13076.0,13076.0,0.0
1996-05-02,13076.0,13076.0,13076.0,13076.0,0.0
1996-05-03,13076.0,13076.0,13076.0,13076.0,0.0
1996-05-04,13076.0,13076.0,13076.0,13076.0,0.0
1996-05-06,13076.0,13076.0,13076.0,13076.0,0.0
1996-05-07,13076.0,13076.0,13076.0,13076.0,0.0
1996-05-08,13076.0,13076.0,13076.0,13076.0,0.0
1996-05-09,13076.0,13076.0,13076.0,13076.0,0.0
1996-05-10,13076.0,13076.0,13076.0,13076.0,0.0
1996-05-11,13076.0,13076.0,13076.0,13076.0,0.0
1996-05-13,13076.0,13076.0,13076.0,13076.0,0.0
1996-05-14,13076.0,13076.0,13076.0,13076.0,0.0
1996-05-15,13076.0,13076.0,13076.0,13076.0,0.0
1996-05-16,13076.0,13076.0,13076.0,13076.0,0.0
1996-05-17,13076.0,13076.0,13076.0,13076.0,0.0
1996-05-18,13076.0,13076.0,13076.0,13076.0,0.0
1996-05-20,13076.0,13076.0,13076.0,13076.0,0.0
1996-05-21,13076.0,13076.0,13076.0,13076.0,0.0
1996-05-22,13076.0,13076.0,13076.0,13076.0,0.0
1996-05-23,13076.0,13076.0,13076.0,13076.0,0.0
1996-05-25,13076.0,13076.0,13076.0,13076.0,0.0
1996-05-27,13076.0,13076.0,13076.0,13076.0,0.0
1996-05-28,13076.0,13076.0,13076.0,13076.0,0.0
1996-05-29,13076.0,13076.0,12898.0,12898.0,100.0
1996-05-30,12898.0,12898.0,12898.0,12898.0,0.0
1996-05-31,12898.0,12898.0,12898.0,12898.0,0.0
1996-06-01,12898.0,12898.0,12898.0,12898.0,0.0
1996-06-03,12898.0,12898.0,12898.0,12898.0,0.0
1996-06-04,12898.0,13610.0,12898.0,13610.0,100.0
1996-06-05,13610.0,13610.0,13610.0,13610.0,0.0
1996-06-07,13610.0,13610.0,13610.0,13610.0,0.0
1996-06-08,13610.0,13610.0,13610.0,13610.0,0.0
1996-06-10,13610.0,13610.0,13610.0,13610.0,0.0
1996-06-11,13610.0,13610.0,13610.0,13610.0,0.0
1996-06-12,13610.0,13610.0,13610.0,13610.0,0.0
1996-06-13,13610.0,13610.0,13610.0,13610.0,0.0
1996-06-14,13610.0,13610.0,13610.0,13610.0,0.0
1996-06-15,13610.0,13610.0,13610.0,13610.0,0.0
1996-06-17,13610.0,13610.0,13610.0,13610.0,0.0
1996-06-18,13610.0,13610.0,13610.0,13610.0,0.0
1996-06-19,13610.0,13610.0,13610.0,13610.0,0.0
1996-06-20,13610.0,13610.0,13610.0,13610.0,0.0
1996-06-21,13610.0,13610.0,13610.0,13610.0,0.0
1996-06-22,13610.0,13610.0,13610.0,13610.0,0.0
1996-06-24,13610.0,13610.0,13610.0,13610.0,0.0
1996-06-25,13610.0,13610.0,13610.0,13610.0,0.0
1996-06-26,13610.0,13610.0,13610.0,13610.0,0.0
1996-06-27,13610.0,13610.0,13610.0,13610.0,0.0
1996-06-28,13610.0,13610.0,13610.0,13610.0,0.0
1996-06-29,13610.0,13610.0,13610.0,13610.0,0.0
1996-07-01,13610.0,13610.0,13610.0,13610.0,0.0
1996-07-02,13610.0,13610.0,13610.0,13610.0,0.0
1996-07-03,13610.0,13610.0,13610.0,13610.0,0.0
1996-07-04,13610.0,13610.0,13610.0,13610.0,0.0
1996-07-05,13610.0,13610.0,13610.0,13610.0,0.0
1996-07-06,13610.0,13610.0,13610.0,13610.0,0.0
1996-07-08,13610.0,13610.0,13610.0,13610.0,0.0
1996-07-09,13610.0,13610.0,13610.0,13610.0,0.0
1996-07-10,13610.0,13610.0,13610.0,13610.0,0.0
1996-07-11,13610.0,13610.0,13610.0,13610.0,0.0
1996-07-12,13610.0,13610.0,13610.0,13610.0,0.0
1996-07-13,13610.0,13610.0,13610.0,13610.0,0.0
1996-07-15,14322.0,14322.0,14322.0,14322.0,0.0
1996-07-16,14322.0,14322.0,14322.0,14322.0,0.0
1996-07-18,14322.0,14322.0,14322.0,14322.0,0.0
1996-07-19,14322.0,14322.0,14322.0,14322.0,0.0
1996-07-20,14322.0,14322.0,14322.0,14322.0,0.0
1996-07-22,14322.0,14322.0,14322.0,14322.0,0.0
1996-07-23,14322.0,14322.0,14322.0,14322.0,0.0
1996-07-24,14322.0,14322.0,14322.0,14322.0,0.0
1996-07-25,14322.0,14322.0,14322.0,14322.0,0.0
1996-07-26,14322.0,14322.0,14322.0,14322.0,0.0
1996-07-27,14322.0,14322.0,14322.0,14322.0,100.0
1996-07-29,14322.0,14322.0,14322.0,14322.0,0.0
1996-07-30,14322.0,14322.0,14322.0,14322.0,0.0
1996-07-31,14322.0,14322.0,14322.0,14322.0,0.0
1996-08-01,14322.0,14322.0,14322.0,14322.0,0.0
1996-08-02,14322.0,14322.0,14322.0,14322.0,0.0
1996-08-03,14322.0,14322.0,14322.0,14322.0,0.0
1996-08-05,14322.0,14322.0,14322.0,14322.0,0.0
1996-08-06,14322.0,14322.0,14322.0,14322.0,0.0
1996-08-07,14322.0,14322.0,14322.0,14322.0,0.0
1996-08-08,14322.0,14322.0,14322.0,14322.0,0.0
1996-08-09,14322.0,14322.0,14322.0,14322.0,0.0
1996-08-10,14322.0,14322.0,14322.0,14322.0,0.0
1996-08-12,14322.0,14322.0,14322.0,14322.0,0.0
1996-08-13,14322.0,14322.0,14322.0,14322.0,0.0
1996-08-14,14322.0,14322.0,14322.0,14322.0,0.0
1996-08-16,14322.0,14322.0,14322.0,14322.0,0.0
1996-08-17,14322.0,14322.0,14322.0,14322.0,0.0
1996-08-19,14322.0,14322.0,14322.0,14322.0,0.0
1996-08-20,14322.0,14322.0,14322.0,14322.0,0.0
1996-08-21,15033.0,15033.0,15033.0,15033.0,0.0
1996-08-22,15745.0,15745.0,15745.0,15745.0,0.0
1996-08-23,15745.0,15745.0,15745.0,15745.0,0.0
1996-08-24,15745.0,15745.0,15745.0,15745.0,0.0
1996-08-26,15745.0,15745.0,15745.0,15745.0,0.0
1996-08-27,16456.0,16456.0,16456.0,16456.0,100.0
1996-08-28,16456.0,16456.0,16456.0,16456.0,0.0
1996-08-29,17168.0,17168.0,17168.0,17168.0,0.0
1996-08-30,17880.0,17880.0,17880.0,17880.0,0.0
1996-08-31,18947.0,18947.0,18947.0,18947.0,0.0
1996-09-02,20015.0,20015.0,20015.0,20015.0,0.0
1996-09-03,20015.0,20015.0,20015.0,20015.0,0.0
1996-09-04,20015.0,20015.0,20015.0,20015.0,0.0
1996-09-05,20460.0,20460.0,20460.0,20460.0,0.0
1996-09-06,20460.0,20460.0,20460.0,20460.0,0.0
1996-09-07,20460.0,20460.0,20460.0,20460.0,0.0
1996-09-09,20460.0,20460.0,20460.0,20460.0,0.0
1996-09-10,20460.0,20460.0,20460.0,20460.0,0.0
1996-09-11,20460.0,20460.0,20460.0,20460.0,0.0
1996-09-12,20460.0,20460.0,20460.0,20460.0,0.0
1996-09-13,20460.0,20460.0,20460.0,20460.0,0.0
1996-09-14,20460.0,20460.0,20460.0,20460.0,0.0
1996-09-16,21527.0,21527.0,21527.0,21527.0,10.0
1996-09-17,21527.0,21527.0,21527.0,21527.0,100.0
1996-09-18,21616.0,21616.0,21616.0,21616.0,20.0
1996-09-19,21616.0,21616.0,21616.0,21616.0,0.0
1996-09-20,21616.0,21616.0,21616.0,21616.0,0.0
1996-09-21,21616.0,21616.0,21616.0,21616.0,0.0
1996-09-23,21616.0,21616.0,21616.0,21616.0,0.0
1996-09-24,21616.0,21616.0,21616.0,21616.0,0.0
1996-09-25,21616.0,21616.0,21616.0,21616.0,0.0
1996-09-30,21616.0,21616.0,21616.0,21616.0,100.0
1996-10-01,22683.0,22683.0,22683.0,21616.0,100.0
1996-10-02,22683.0,22683.0,22683.0,22683.0,0.0
1996-10-04,23751.0,23751.0,23751.0,23751.0,0.0
1996-10-05,23751.0,23751.0,23751.0,23751.0,0.0
1996-10-07,23751.0,23751.0,23751.0,23751.0,0.0
1996-10-08,23840.0,23840.0,23840.0,23840.0,20.0
1996-10-09,23840.0,23840.0,23840.0,23840.0,0.0
1996-10-10,23840.0,23840.0,23840.0,23840.0,0.0
1996-10-11,23662.0,23662.0,23662.0,23662.0,100.0
1996-10-12,23662.0,23662.0,23662.0,23662.0,0.0
1996-10-14,23662.0,23662.0,23662.0,23662.0,0.0
1996-10-15,23662.0,23662.0,23662.0,23662.0,0.0
1996-10-16,23662.0,23662.0,23662.0,23662.0,0.0
1996-10-17,23662.0,23662.0,23662.0,23662.0,0.0
1996-10-18,23662.0,23662.0,23662.0,23662.0,0.0
1996-10-19,23662.0,23662.0,23662.0,23662.0,0.0
1996-10-21,23662.0,23662.0,23662.0,23662.0,0.0
1996-10-22,23662.0,23662.0,23662.0,23662.0,0.0
1996-10-23,23662.0,23662.0,23662.0,23662.0,0.0
1996-10-24,23840.0,23840.0,23840.0,23840.0,100.0
1996-10-25,24107.0,24196.0,24107.0,23929.0,1160.0
1996-10-26,24107.0,24196.0,24107.0,24196.0,1160.0
1996-10-28,24729.0,24729.0,24729.0,24729.0,1000.0
1996-10-29,24729.0,24729.0,24729.0,24729.0,0.0
1996-10-30,24729.0,24729.0,24729.0,24729.0,60.0
1996-10-31,24729.0,24729.0,24729.0,24729.0,0.0
1996-11-01,24729.0,24729.0,24729.0,24729.0,0.0
1996-11-02,25352.0,25352.0,22772.0,22772.0,110.0
1996-11-04,24552.0,24552.0,24552.0,24552.0,10.0
1996-11-05,26509.0,26509.0,26509.0,26509.0,30.0
1996-11-06,28555.0,28555.0,28555.0,28555.0,10.0
1996-11-07,28555.0,28555.0,28555.0,28555.0,0.0
1996-11-08,28555.0,28555.0,28555.0,28555.0,130.0
1996-11-09,28555.0,28555.0,28555.0,28555.0,40.0
1996-11-11,26331.0,28555.0,26331.0,28555.0,100.0
1996-11-12,26331.0,26331.0,26331.0,26331.0,230.0
1996-11-13,24285.0,24285.0,24285.0,24285.0,100.0
1996-11-14,22506.0,26153.0,22506.0,26153.0,40.0
1996-11-15,24107.0,24107.0,24107.0,24107.0,0.0
1996-11-16,24107.0,24107.0,24107.0,24107.0,0.0
1996-11-18,24107.0,24107.0,24107.0,24107.0,0.0
1996-11-19,24107.0,24107.0,24107.0,24107.0,0.0
1996-11-20,24107.0,24107.0,24107.0,24107.0,0.0
1996-11-21,24107.0,24107.0,24107.0,24107.0,0.0
1996-11-22,24107.0,24107.0,24107.0,24107.0,0.0
1996-11-25,22239.0,22239.0,22239.0,22239.0,100.0
1996-11-26,20460.0,20460.0,20460.0,20460.0,0.0
1996-11-27,18858.0,18858.0,18858.0,18858.0,0.0
1996-11-28,20282.0,20282.0,20282.0,20282.0,0.0
1996-11-29,21883.0,21883.0,21883.0,21883.0,10.0
1996-11-30,21883.0,21883.0,21883.0,21883.0,0.0
1996-12-02,21883.0,21883.0,21883.0,21883.0,0.0
1996-12-03,21883.0,21883.0,21883.0,21883.0,0.0
1996-12-04,21883.0,21883.0,21883.0,21883.0,0.0
1996-12-05,21883.0,21883.0,21883.0,21883.0,0.0
1996-12-06,21883.0,21883.0,21883.0,21883.0,0.0
1996-12-07,21883.0,21883.0,21883.0,21883.0,0.0
1996-12-09,21883.0,21883.0,21883.0,21883.0,0.0
1996-12-10,21883.0,21883.0,21883.0,21883.0,0.0
1996-12-11,21883.0,21883.0,21883.0,21883.0,0.0
1996-12-12,21883.0,21883.0,21883.0,21883.0,0.0
1996-12-13,20193.0,20193.0,20193.0,20193.0,100.0
1996-12-14,20193.0,20193.0,20193.0,20193.0,0.0
1996-12-16,20193.0,20193.0,20193.0,20193.0,0.0
1996-12-17,20193.0,20193.0,20193.0,20193.0,0.0
1996-12-18,20193.0,20193.0,20193.0,20193.0,0.0
1996-12-19,20193.0,20193.0,20193.0,20193.0,0.0
1996-12-20,21794.0,21794.0,21794.0,21794.0,60.0
1996-12-21,21349.0,21349.0,21349.0,21349.0,100.0
1996-12-23,21349.0,21349.0,21349.0,21349.0,0.0
1996-12-24,1725.0,1725.0,1725.0,1725.0,3000.0
1996-12-26,1592.0,1592.0,1592.0,1592.0,0.0
1996-12-27,1592.0,1592.0,1592.0,1592.0,0.0
1997-01-03,1553.0,1718.0,1553.0,1718.0,67600.0
1997-01-04,1747.0,1854.0,1747.0,1854.0,80500.0
1997-01-06,1903.0,1903.0,1708.0,1708.0,113200.0
1997-01-07,1572.0,1602.0,1572.0,1572.0,49900.0
1997-01-08,1475.0,1650.0,1475.0,1650.0,45700.0
1997-01-09,1524.0,1679.0,1524.0,1679.0,57000.0
1997-01-10,1553.0,1699.0,1553.0,1669.0,55300.0
1997-01-11,1650.0,1786.0,1650.0,1747.0,59400.0
1997-01-13,1747.0,1747.0,1621.0,1689.0,57100.0
1997-01-14,1621.0,1737.0,1621.0,1689.0,17700.0
1997-01-15,1689.0,1699.0,1621.0,1660.0,63200.0
1997-01-16,1669.0,1786.0,1669.0,1786.0,107100.0
1997-01-17,1835.0,1922.0,1815.0,1922.0,249200.0
1997-01-18,1922.0,2068.0,1922.0,2068.0,178000.0
1997-01-20,2223.0,2233.0,2223.0,2233.0,115100.0
1997-01-21,2407.0,2407.0,2233.0,2388.0,708900.0
1997-01-22,2378.0,2543.0,2233.0,2475.0,255000.0
1997-01-23,2330.0,2475.0,2330.0,2369.0,192900.0
1997-01-24,2271.0,2437.0,2271.0,2398.0,156000.0
1997-01-25,2427.0,2563.0,2427.0,2466.0,187400.0
1997-01-27,2427.0,2446.0,2271.0,2271.0,130200.0
1997-01-28,2126.0,2271.0,2097.0,2136.0,99500.0
1997-01-29,2136.0,2174.0,1970.0,2038.0,74600.0
1997-01-30,2068.0,2194.0,2068.0,2194.0,31700.0
1997-01-31,2252.0,2349.0,2252.0,2301.0,210000.0
1997-02-01,2233.0,2301.0,2155.0,2184.0,31000.0
1997-02-03,2233.0,2310.0,2136.0,2184.0,61700.0
1997-02-04,2184.0,2184.0,2136.0,2136.0,39700.0
1997-02-05,2126.0,2262.0,2097.0,2097.0,43500.0
1997-02-06,2136.0,2194.0,2136.0,2184.0,46300.0
1997-02-10,2194.0,2320.0,2194.0,2301.0,79600.0
1997-02-11,2330.0,2330.0,2184.0,2252.0,37500.0
1997-02-12,2204.0,2242.0,2155.0,2213.0,48900.0
1997-02-13,2174.0,2233.0,2136.0,2136.0,57200.0
1997-02-14,2136.0,2136.0,2116.0,2136.0,43300.0
1997-02-15,2155.0,2204.0,2136.0,2136.0,30200.0
1997-02-17,2136.0,2301.0,2136.0,2301.0,217100.0
1997-02-18,2475.0,2475.0,2330.0,2330.0,676800.0
1997-02-19,2330.0,2330.0,2252.0,2330.0,72500.0
1997-02-20,2330.0,2407.0,2281.0,2281.0,75700.0
1997-02-21,2252.0,2281.0,2136.0,2184.0,79400.0
1997-02-22,2136.0,2155.0,2097.0,2097.0,37300.0
1997-02-24,2136.0,2233.0,2136.0,2136.0,25000.0
1997-02-25,2136.0,2184.0,2087.0,2184.0,38900.0
1997-02-26,2145.0,2184.0,2145.0,2145.0,20400.0
1997-02-27,2087.0,2213.0,2087.0,2165.0,20000.0
1997-02-28,2184.0,2184.0,2136.0,2184.0,34200.0
1997-03-03,2194.0,2330.0,2194.0,2242.0,35700.0
1997-03-04,2233.0,2320.0,2184.0,2213.0,25800.0
1997-03-05,2213.0,2310.0,2213.0,2301.0,43200.0
1997-03-06,2223.0,2349.0,2126.0,2349.0,87300.0
1997-03-07,2398.0,2534.0,2388.0,2534.0,352100.0
1997-03-08,2572.0,2611.0,2524.0,2553.0,288600.0
1997-03-10,2592.0,2757.0,2563.0,2650.0,281900.0
1997-03-11,2718.0,2718.0,2504.0,2524.0,133900.0
1997-03-12,2349.0,2621.0,2349.0,2621.0,87700.0
1997-03-13,2670.0,2670.0,2621.0,2650.0,81900.0
1997-03-14,2670.0,2786.0,2572.0,2631.0,143600.0
1997-03-15,2611.0,2670.0,2495.0,2611.0,28600.0
1997-03-17,2611.0,2718.0,2611.0,2670.0,93000.0
1997-03-18,2650.0,2650.0,2524.0,2602.0,59400.0
1997-03-19,2553.0,2621.0,2407.0,2621.0,42600.0
1997-03-20,2621.0,2660.0,2582.0,2621.0,55100.0
1997-03-21,2650.0,2757.0,2621.0,2757.0,167000.0
1997-03-22,2951.0,2951.0,2631.0,2631.0,86700.0
1997-03-24,2631.0,2631.0,2427.0,2456.0,42900.0
1997-03-25,2475.0,2650.0,2475.0,2504.0,21000.0
1997-03-26,2504.0,2670.0,2504.0,2534.0,54000.0
1997-03-27,2543.0,2631.0,2543.0,2572.0,32100.0
1997-03-28,2572.0,2650.0,2572.0,2650.0,48000.0
1997-03-29,2650.0,2679.0,2572.0,2640.0,22000.0
1997-03-31,2650.0,2708.0,2650.0,2660.0,45700.0
1997-04-01,2650.0,2738.0,2650.0,2708.0,97000.0
1997-04-02,2728.0,2912.0,2728.0,2767.0,159000.0
1997-04-03,2796.0,2825.0,2572.0,2699.0,60700.0
1997-04-04,2699.0,2854.0,2640.0,2767.0,109300.0
1997-04-07,2728.0,2864.0,2728.0,2738.0,42800.0
1997-04-08,2747.0,2767.0,2718.0,2738.0,30500.0
1997-04-09,2708.0,2786.0,2670.0,2767.0,66300.0
1997-04-10,2815.0,2815.0,2650.0,2747.0,32600.0
1997-04-11,2718.0,2815.0,2670.0,2796.0,71600.0
1997-04-12,2825.0,2864.0,2815.0,2815.0,84900.0
1997-04-14,2893.0,2893.0,2728.0,2815.0,111100.0
1997-04-15,2864.0,2864.0,2776.0,2776.0,58200.0
1997-04-16,2767.0,2786.0,2718.0,2738.0,43900.0
1997-04-17,2767.0,2805.0,2747.0,2786.0,70100.0
1997-04-18,2805.0,2805.0,2747.0,2747.0,34500.0
1997-04-19,2718.0,2747.0,2670.0,2718.0,13000.0
1997-04-21,2718.0,2718.0,2670.0,2670.0,15600.0
1997-04-22,2670.0,2708.0,2602.0,2640.0,64100.0
1997-04-23,2446.0,2767.0,2446.0,2728.0,45100.0
1997-04-24,2757.0,2941.0,2747.0,2815.0,138600.0
1997-04-25,2767.0,2844.0,2767.0,2815.0,55600.0
1997-04-26,2825.0,2864.0,2602.0,2767.0,22100.0
1997-04-28,2757.0,2815.0,2679.0,2776.0,31800.0
1997-04-29,2640.0,2776.0,2640.0,2738.0,26000.0
1997-04-30,2805.0,2805.0,2689.0,2805.0,70700.0
1997-05-02,2815.0,3029.0,2757.0,3029.0,155800.0
1997-05-03,3262.0,3262.0,3194.0,3262.0,347200.0
1997-05-06,3291.0,3291.0,3058.0,3194.0,68900.0
1997-05-07,2980.0,3087.0,2941.0,2941.0,36900.0
1997-05-08,2980.0,3106.0,2922.0,2961.0,123400.0
1997-05-09,3009.0,3009.0,2728.0,2728.0,35500.0
1997-05-10,2844.0,2912.0,2815.0,2835.0,34600.0
1997-05-12,2864.0,3000.0,2738.0,2747.0,56700.0
1997-05-13,2747.0,2796.0,2747.0,2796.0,19000.0
1997-05-15,2786.0,2815.0,2718.0,2757.0,41000.0
1997-05-16,2757.0,2776.0,2699.0,2699.0,36900.0
1997-05-17,2670.0,2757.0,2660.0,2757.0,15800.0
1997-05-19,2757.0,2893.0,2747.0,2815.0,13600.0
1997-05-20,2844.0,2980.0,2767.0,2854.0,72200.0
1997-05-21,2883.0,2961.0,2786.0,2796.0,62800.0
1997-05-22,2844.0,2844.0,2747.0,2747.0,45900.0
1997-05-23,2718.0,2883.0,2718.0,2786.0,32500.0
1997-05-24,2835.0,2912.0,2815.0,2903.0,44900.0
1997-05-26,2912.0,2912.0,2767.0,2786.0,49200.0
1997-05-27,2815.0,2903.0,2786.0,2815.0,41600.0
1997-05-28,2796.0,2903.0,2767.0,2767.0,122300.0
1997-05-29,2815.0,2815.0,2728.0,2728.0,31500.0
1997-05-30,2767.0,2805.0,2708.0,2757.0,84900.0
1997-05-31,2670.0,2796.0,2670.0,2796.0,34900.0
1997-06-02,2757.0,2805.0,2728.0,2767.0,29400.0
1997-06-03,2728.0,2815.0,2670.0,2747.0,59200.0
1997-06-04,2747.0,2961.0,2747.0,2961.0,279800.0
1997-06-05,2961.0,3048.0,2815.0,2815.0,292900.0
1997-06-07,2864.0,2961.0,2767.0,2767.0,87300.0
1997-06-09,2844.0,2844.0,2767.0,2767.0,32500.0
1997-06-10,2718.0,2767.0,2670.0,2718.0,97800.0
1997-06-11,2728.0,2805.0,2689.0,2747.0,66300.0
1997-06-12,2718.0,2718.0,2640.0,2640.0,64500.0
1997-06-13,2670.0,2718.0,2572.0,2572.0,36600.0
1997-06-14,2572.0,2572.0,2378.0,2524.0,36000.0
1997-06-16,2437.0,2524.0,2427.0,2475.0,76100.0
1997-06-17,2446.0,2670.0,2407.0,2670.0,98100.0
1997-06-18,2767.0,2776.0,2456.0,2456.0,176000.0
1997-06-19,2504.0,2504.0,2446.0,2504.0,26800.0
1997-06-20,2543.0,2592.0,2437.0,2504.0,64100.0
1997-06-21,2699.0,2699.0,2543.0,2543.0,43800.0
1997-06-23,2572.0,2611.0,2475.0,2475.0,25100.0
1997-06-24,2398.0,2640.0,2398.0,2524.0,85000.0
1997-06-25,2534.0,2621.0,2534.0,2572.0,37900.0
1997-06-26,2621.0,2718.0,2602.0,2660.0,44500.0
1997-06-27,2640.0,2640.0,2602.0,2621.0,28500.0
1997-06-28,2485.0,2670.0,2485.0,2650.0,10500.0
1997-06-30,2621.0,2650.0,2495.0,2621.0,7400.0
1997-07-01,2670.0,2670.0,2524.0,2524.0,19400.0
1997-07-02,2543.0,2621.0,2524.0,2524.0,17700.0
1997-07-03,2543.0,2592.0,2543.0,2582.0,24500.0
1997-07-04,2582.0,2602.0,2543.0,2553.0,14300.0
1997-07-05,2572.0,2621.0,2553.0,2621.0,40400.0
1997-07-07,2640.0,2650.0,2553.0,2621.0,10300.0
1997-07-08,2621.0,2670.0,2572.0,2660.0,41800.0
1997-07-09,2670.0,2670.0,2592.0,2650.0,30600.0
1997-07-10,2660.0,2767.0,2660.0,2718.0,60100.0
1997-07-11,2776.0,2786.0,2718.0,2718.0,61600.0
1997-07-12,2767.0,2767.0,2670.0,2670.0,9700.0
1997-07-14,2689.0,2689.0,2631.0,2640.0,16700.0
1997-07-15,2621.0,2718.0,2572.0,2572.0,8100.0
1997-07-16,2534.0,2611.0,2369.0,2611.0,67500.0
1997-07-18,2524.0,2543.0,2407.0,2543.0,12200.0
1997-07-19,2543.0,2543.0,2524.0,2543.0,7800.0
1997-07-21,2446.0,2602.0,2446.0,2524.0,10000.0
1997-07-22,2524.0,2592.0,2446.0,2553.0,15100.0
1997-07-23,2572.0,2582.0,2524.0,2524.0,10200.0
1997-07-24,2524.0,2621.0,2456.0,2553.0,25800.0
1997-07-25,2427.0,2602.0,2427.0,2456.0,12900.0
1997-07-26,2437.0,2572.0,2437.0,2563.0,5500.0
1997-07-28,2466.0,2563.0,2466.0,2563.0,2700.0
1997-07-29,2398.0,2572.0,2398.0,2563.0,35500.0
1997-07-30,2524.0,2592.0,2524.0,2543.0,10800.0
1997-07-31,2427.0,2738.0,2427.0,2660.0,11100.0
1997-08-01,2621.0,2679.0,2553.0,2592.0,37100.0
1997-08-02,2631.0,2776.0,2602.0,2728.0,29100.0
1997-08-04,2679.0,2767.0,2679.0,2728.0,45000.0
1997-08-05,2718.0,2941.0,2679.0,2864.0,179700.0
1997-08-06,2776.0,2873.0,2776.0,2805.0,18400.0
1997-08-07,2757.0,2864.0,2757.0,2767.0,48900.0
1997-08-08,2776.0,2805.0,2728.0,2767.0,28700.0
1997-08-09,2815.0,2815.0,2767.0,2767.0,40700.0
1997-08-11,2767.0,2893.0,2767.0,2864.0,90400.0
1997-08-12,2912.0,2961.0,2903.0,2941.0,148000.0
1997-08-13,2941.0,2990.0,2825.0,2912.0,61200.0
1997-08-14,2971.0,2971.0,2864.0,2864.0,74800.0
1997-08-16,2912.0,3087.0,2912.0,3087.0,241500.0
1997-08-18,3165.0,3330.0,3136.0,3194.0,431800.0
1997-08-19,3252.0,3281.0,3087.0,3223.0,141700.0
1997-08-20,3223.0,3349.0,3165.0,3291.0,164700.0
1997-08-21,3349.0,3485.0,3291.0,3291.0,162800.0
1997-08-22,3301.0,3301.0,3155.0,3252.0,72000.0
1997-08-23,3262.0,3262.0,3106.0,3116.0,46200.0
1997-08-25,3106.0,3155.0,3009.0,3039.0,94400.0
1997-08-26,3039.0,3252.0,3039.0,3223.0,85500.0
1997-08-27,3223.0,3475.0,3223.0,3446.0,272500.0
1997-08-28,3388.0,3640.0,3174.0,3174.0,139100.0
1997-08-29,3252.0,3398.0,3174.0,3174.0,57700.0
1997-08-30,3174.0,3174.0,3009.0,3039.0,42200.0
1997-09-01,2971.0,3058.0,2941.0,2941.0,48300.0
1997-09-02,2961.0,3058.0,2844.0,3009.0,60600.0
1997-09-03,3039.0,3106.0,3009.0,3009.0,78600.0
1997-09-04,3029.0,3058.0,2961.0,2971.0,24200.0
1997-09-05,2971.0,3019.0,2941.0,2990.0,65800.0
1997-09-06,2990.0,3068.0,2990.0,3009.0,33100.0
1997-09-08,3029.0,3194.0,3029.0,3126.0,135500.0
1997-09-09,3145.0,3145.0,3048.0,3106.0,25800.0
1997-09-10,3145.0,3145.0,3000.0,3000.0,13000.0
1997-09-11,3000.0,3000.0,2961.0,2961.0,26400.0
1997-09-12,3106.0,3106.0,2961.0,2961.0,33800.0
1997-09-13,2971.0,3058.0,2971.0,3029.0,38200.0
1997-09-18,3058.0,3058.0,2941.0,3009.0,12500.0
1997-09-19,3009.0,3039.0,2864.0,2883.0,40400.0
1997-09-20,2883.0,2961.0,2864.0,2961.0,25600.0
1997-09-22,2864.0,2961.0,2864.0,2864.0,28200.0
1997-09-23,2835.0,2932.0,2835.0,2835.0,79800.0
1997-09-24,2835.0,2903.0,2815.0,2835.0,17200.0
1997-09-25,2941.0,2941.0,2835.0,2844.0,66800.0
1997-09-26,2815.0,2844.0,2796.0,2844.0,27900.0
1997-09-27,2670.0,2767.0,2631.0,2640.0,177300.0
1997-09-29,2514.0,2621.0,2437.0,2437.0,118400.0
1997-09-30,2572.0,2631.0,2281.0,2631.0,740800.0
1997-10-01,2631.0,2728.0,2553.0,2718.0,114000.0
1997-10-02,2640.0,2757.0,2640.0,2747.0,83100.0
1997-10-04,2718.0,2805.0,2670.0,2699.0,38400.0
1997-10-06,2718.0,2738.0,2670.0,2670.0,20200.0
1997-10-07,2757.0,2757.0,2728.0,2728.0,400.0
1997-10-08,2679.0,2708.0,2631.0,2689.0,20500.0
1997-10-09,2670.0,2689.0,2572.0,2611.0,15200.0
1997-10-10,2631.0,2631.0,2572.0,2572.0,10200.0
1997-10-11,2524.0,2621.0,2524.0,2602.0,17500.0
1997-10-13,2572.0,2650.0,2572.0,2621.0,20700.0
1997-10-14,2621.0,2621.0,2543.0,2621.0,43200.0
1997-10-15,2621.0,2621.0,2572.0,2572.0,13500.0
1997-10-16,2524.0,2524.0,2369.0,2378.0,49000.0
1997-10-17,2378.0,2475.0,2330.0,2475.0,51100.0
1997-10-18,2330.0,2466.0,2330.0,2466.0,800.0
1997-10-20,2339.0,2339.0,2271.0,2271.0,48100.0
1997-10-21,2369.0,2378.0,2233.0,2233.0,12900.0
1997-10-22,2136.0,2388.0,2136.0,2349.0,51600.0
1997-10-23,2378.0,2466.0,2349.0,2349.0,116700.0
1997-10-24,2252.0,2330.0,2184.0,2281.0,26000.0
1997-10-25,2136.0,2233.0,2106.0,2106.0,39500.0
1997-10-27,2038.0,2106.0,1990.0,1990.0,91800.0
1997-10-28,1990.0,2038.0,1835.0,1835.0,59400.0
1997-10-29,1844.0,1893.0,1699.0,1796.0,54600.0
1997-10-30,1747.0,1747.0,1660.0,1660.0,47400.0
1997-10-31,1602.0,1602.0,1534.0,1534.0,117900.0
1997-11-01,1563.0,1650.0,1563.0,1650.0,39400.0
1997-11-03,1708.0,1776.0,1708.0,1776.0,54700.0
1997-11-04,1893.0,1912.0,1893.0,1912.0,241200.0
1997-11-05,2058.0,2058.0,2058.0,2058.0,12300.0
1997-11-06,2184.0,2213.0,2184.0,2213.0,108500.0
1997-11-07,2359.0,2369.0,2038.0,2038.0,207500.0
1997-11-08,1941.0,2029.0,1883.0,1990.0,105800.0
1997-11-10,2136.0,2145.0,2038.0,2145.0,116100.0
1997-11-11,2184.0,2291.0,2145.0,2204.0,92900.0
1997-11-12,2106.0,2233.0,2106.0,2155.0,7800.0
1997-11-13,2116.0,2320.0,2116.0,2320.0,64000.0
1997-11-14,2310.0,2359.0,2136.0,2359.0,52900.0
1997-11-15,2330.0,2359.0,2242.0,2242.0,14700.0
1997-11-17,2233.0,2281.0,2068.0,2068.0,46400.0
1997-11-18,1922.0,2126.0,1903.0,2038.0,70000.0
1997-11-19,1961.0,2019.0,1893.0,2019.0,40800.0
1997-11-20,2019.0,2019.0,1864.0,1864.0,47700.0
1997-11-21,1990.0,1990.0,1718.0,1922.0,71200.0
1997-11-22,1941.0,1941.0,1776.0,1776.0,54500.0
1997-11-24,1650.0,1747.0,1640.0,1640.0,24800.0
1997-11-25,1514.0,1640.0,1514.0,1621.0,98700.0
1997-11-26,1621.0,1737.0,1553.0,1718.0,138200.0
1997-11-27,1718.0,1854.0,1718.0,1854.0,88500.0
1997-11-28,1893.0,1893.0,1708.0,1747.0,92500.0
1997-11-29,1631.0,1805.0,1631.0,1805.0,20200.0
1997-12-01,1786.0,1903.0,1747.0,1747.0,83300.0
1997-12-02,1660.0,1669.0,1611.0,1621.0,121700.0
1997-12-03,1495.0,1611.0,1495.0,1495.0,133900.0
1997-12-04,1611.0,1611.0,1611.0,1611.0,11200.0
1997-12-05,1737.0,1737.0,1737.0,1737.0,600.0
1997-12-06,1689.0,1805.0,1602.0,1708.0,51100.0
1997-12-08,1602.0,1747.0,1602.0,1602.0,101100.0
1997-12-09,1504.0,1534.0,1504.0,1534.0,46300.0
1997-12-10,1553.0,1650.0,1534.0,1650.0,43900.0
1997-12-11,1640.0,1640.0,1524.0,1524.0,87600.0
1997-12-12,1407.0,1456.0,1407.0,1407.0,86300.0
1997-12-13,1301.0,1504.0,1301.0,1369.0,116000.0
1997-12-15,1446.0,1475.0,1446.0,1475.0,55900.0
1997-12-16,1582.0,1592.0,1485.0,1592.0,135600.0
1997-12-17,1466.0,1708.0,1466.0,1660.0,89900.0
1997-12-19,1650.0,1669.0,1553.0,1553.0,126100.0
1997-12-20,1514.0,1572.0,1504.0,1572.0,17800.0
1997-12-22,1514.0,1572.0,1475.0,1475.0,80600.0
1997-12-23,1388.0,1456.0,1359.0,1456.0,177800.0
1997-12-24,1563.0,1563.0,1359.0,1553.0,111000.0
1997-12-26,1669.0,1669.0,1669.0,1669.0,123800.0
1997-12-27,1699.0,1699.0,1602.0,1669.0,70900.0
1998-01-03,1800.0,1800.0,1790.0,1790.0,21000.0
1998-01-05,1880.0,1880.0,1720.0,1720.0,31000.0
1998-01-06,1750.0,1790.0,1660.0,1790.0,122100.0
1998-01-07,1780.0,1840.0,1710.0,1720.0,159200.0
1998-01-08,1700.0,1760.0,1650.0,1760.0,50900.0
1998-01-09,1720.0,1740.0,1620.0,1660.0,91200.0
1998-01-10,1710.0,1790.0,1710.0,1790.0,133700.0
1998-01-12,1930.0,1930.0,1900.0,1930.0,254800.0
1998-01-13,2000.0,2080.0,1950.0,2080.0,205200.0
1998-01-14,2240.0,2240.0,2100.0,2150.0,425300.0
1998-01-15,2130.0,2290.0,2050.0,2280.0,383800.0
1998-01-16,2350.0,2350.0,2100.0,2100.0,255000.0
1998-01-17,1990.0,2100.0,1990.0,2100.0,95800.0
1998-01-19,2150.0,2260.0,2100.0,2260.0,192100.0
1998-01-20,2090.0,2290.0,2090.0,2110.0,32800.0
1998-01-21,2110.0,2110.0,1960.0,2100.0,108200.0
1998-01-22,2050.0,2170.0,2000.0,2060.0,95100.0
1998-01-23,2080.0,2080.0,1960.0,2000.0,41900.0
1998-01-24,1900.0,2140.0,1900.0,2070.0,22200.0
1998-01-26,2070.0,2070.0,2000.0,2050.0,36900.0
1998-01-30,2190.0,2210.0,2110.0,2210.0,96400.0
1998-01-31,2180.0,2190.0,2080.0,2080.0,54900.0
1998-02-02,2010.0,2080.0,2000.0,2020.0,50100.0
1998-02-03,2000.0,2180.0,2000.0,2180.0,106400.0
1998-02-04,2350.0,2350.0,2260.0,2300.0,432700.0
1998-02-05,2400.0,2400.0,2160.0,2240.0,136300.0
1998-02-06,2330.0,2330.0,2140.0,2230.0,177700.0
1998-02-07,2190.0,2260.0,2190.0,2210.0,64300.0
1998-02-09,2220.0,2380.0,2220.0,2380.0,194200.0
1998-02-10,2570.0,2570.0,2430.0,2480.0,505500.0
1998-02-11,2380.0,2480.0,2300.0,2330.0,138300.0
1998-02-12,2330.0,2360.0,2250.0,2330.0,141800.0
1998-02-13,2380.0,2420.0,2240.0,2320.0,176600.0
1998-02-14,2280.0,2280.0,2140.0,2140.0,42400.0
1998-02-16,2010.0,2100.0,1980.0,1980.0,73000.0
1998-02-17,1900.0,2020.0,1830.0,1830.0,138700.0
1998-02-18,1850.0,1970.0,1850.0,1970.0,94700.0
1998-02-19,1980.0,2100.0,1980.0,2050.0,73400.0
1998-02-20,2060.0,2100.0,2040.0,2050.0,91500.0
1998-02-21,1960.0,2000.0,1940.0,1990.0,23000.0
1998-02-23,2010.0,2140.0,2010.0,2140.0,94200.0
1998-02-24,2140.0,2160.0,2010.0,2130.0,133900.0
1998-02-25,2150.0,2150.0,2000.0,2010.0,53200.0
1998-02-26,2020.0,2070.0,2000.0,2000.0,62400.0
1998-02-27,1980.0,2070.0,1980.0,2000.0,66900.0
1998-02-28,2090.0,2090.0,2010.0,2010.0,29300.0
1998-03-02,2000.0,2010.0,1940.0,1970.0,51200.0
1998-03-03,1880.0,1990.0,1880.0,1960.0,38700.0
1998-03-04,1960.0,1990.0,1960.0,1990.0,23500.0
1998-03-05,2000.0,2000.0,1950.0,1950.0,48700.0
1998-03-06,1720.0,1950.0,1720.0,1800.0,16300.0
1998-03-07,1900.0,1900.0,1830.0,1880.0,7200.0
1998-03-09,1880.0,1900.0,1830.0,1830.0,16000.0
1998-03-10,1750.0,1900.0,1750.0,1850.0,29400.0
1998-03-11,1750.0,1880.0,1750.0,1850.0,30500.0
1998-03-12,1900.0,2070.0,1870.0,2070.0,193700.0
1998-03-13,2110.0,2180.0,1950.0,2050.0,298900.0
1998-03-14,2010.0,2095.0,2000.0,2080.0,79200.0
1998-03-16,2080.0,2100.0,1980.0,1980.0,34500.0
1998-03-17,1990.0,2030.0,1950.0,1960.0,42000.0
1998-03-18,1940.0,1980.0,1880.0,1940.0,87800.0
1998-03-19,1920.0,2020.0,1920.0,1950.0,78000.0
1998-03-20,1965.0,2030.0,1950.0,2000.0,104900.0
1998-03-21,2000.0,2010.0,2000.0,2010.0,31300.0
1998-03-23,2000.0,2000.0,1960.0,1960.0,41100.0
1998-03-24,1960.0,1970.0,1920.0,1920.0,49500.0
1998-03-25,1920.0,1960.0,1880.0,1920.0,38300.0
1998-03-26,1930.0,2000.0,1900.0,1900.0,115300.0
1998-03-27,1980.0,1980.0,1860.0,1880.0,6300.0
1998-03-28,1880.0,1975.0,1860.0,1860.0,7000.0
1998-03-30,1830.0,1850.0,1770.0,1810.0,34800.0
1998-03-31,1810.0,1890.0,1805.0,1810.0,13600.0
1998-04-01,1815.0,1900.0,1800.0,1850.0,97000.0
1998-04-02,1850.0,1850.0,1750.0,1755.0,38600.0
1998-04-03,1700.0,1710.0,1600.0,1690.0,28400.0
1998-04-04,1700.0,1720.0,1650.0,1700.0,42400.0
1998-04-06,1700.0,1700.0,1650.0,1700.0,11000.0
1998-04-07,1700.0,1780.0,1700.0,1740.0,64000.0
1998-04-08,1750.0,1755.0,1720.0,1720.0,28500.0
1998-04-09,1780.0,1820.0,1750.0,1780.0,36300.0
1998-04-10,1760.0,1830.0,1730.0,1830.0,33500.0
1998-04-11,1830.0,1870.0,1820.0,1820.0,18200.0
1998-04-13,1850.0,1870.0,1820.0,1870.0,45700.0
1998-04-14,1830.0,1860.0,1800.0,1850.0,87500.0
1998-04-15,1830.0,1850.0,1790.0,1840.0,34000.0
1998-04-16,1850.0,1870.0,1770.0,1870.0,66300.0
1998-04-17,1870.0,1870.0,1830.0,1865.0,42100.0
1998-04-18,1860.0,1870.0,1830.0,1840.0,27800.0
1998-04-20,1810.0,1830.0,1790.0,1800.0,83600.0
1998-04-21,1800.0,2015.0,1800.0,2015.0,613300.0
1998-04-22,2030.0,2130.0,1775.0,1775.0,1342800.0
1998-04-23,1795.0,1800.0,1610.0,1635.0,224400.0
1998-04-24,1575.0,1640.0,1470.0,1470.0,327400.0
1998-04-25,1490.0,1550.0,1450.0,1450.0,115700.0
1998-04-27,1400.0,1490.0,1380.0,1390.0,87800.0
1998-04-28,1320.0,1420.0,1320.0,1360.0,112700.0
1998-04-29,1390.0,1500.0,1390.0,1470.0,117000.0
1998-04-30,1500.0,1500.0,1450.0,1450.0,122200.0
1998-05-02,1470.0,1470.0,1425.0,1440.0,49600.0
1998-05-04,1430.0,1440.0,1365.0,1390.0,67400.0
1998-05-06,1380.0,1410.0,1340.0,1350.0,34200.0
1998-05-07,1350.0,1420.0,1350.0,1400.0,31500.0
1998-05-08,1380.0,1400.0,1345.0,1345.0,29900.0
1998-05-09,1330.0,1385.0,1330.0,1360.0,29800.0
1998-05-11,1330.0,1380.0,1260.0,1290.0,43700.0
1998-05-12,1230.0,1250.0,1180.0,1230.0,101100.0
1998-05-13,1135.0,1280.0,1110.0,1260.0,137200.0
1998-05-14,1150.0,1320.0,1150.0,1230.0,62700.0
1998-05-15,1240.0,1250.0,1160.0,1210.0,60300.0
1998-05-16,1170.0,1190.0,1140.0,1190.0,62900.0
1998-05-18,1160.0,1250.0,1160.0,1240.0,71000.0
1998-05-19,1250.0,1385.0,1210.0,1385.0,238500.0
1998-05-20,1395.0,1500.0,1350.0,1385.0,502900.0
1998-05-21,1385.0,1385.0,1280.0,1280.0,139100.0
1998-05-22,1275.0,1280.0,1210.0,1260.0,49300.0
1998-05-23,1210.0,1280.0,1210.0,1220.0,47000.0
1998-05-25,1260.0,1280.0,1180.0,1180.0,64000.0
1998-05-26,1190.0,1190.0,1110.0,1120.0,75200.0
1998-05-27,1130.0,1160.0,1110.0,1150.0,74800.0
1998-05-28,1170.0,1210.0,1150.0,1160.0,56900.0
1998-05-29,1140.0,1180.0,1140.0,1170.0,47500.0
1998-05-30,1200.0,1240.0,1180.0,1240.0,74300.0
1998-06-01,1215.0,1260.0,1215.0,1230.0,61700.0
1998-06-02,1200.0,1230.0,1170.0,1170.0,59800.0
1998-06-03,1180.0,1210.0,1170.0,1210.0,46900.0
1998-06-05,1260.0,1260.0,1200.0,1215.0,22500.0
1998-06-08,1290.0,1290.0,1220.0,1270.0,69500.0
1998-06-09,1220.0,1260.0,1200.0,1220.0,44200.0
1998-06-10,1250.0,1345.0,1245.0,1270.0,1032800.0
1998-06-11,1250.0,1250.0,1200.0,1210.0,39000.0
1998-06-12,1200.0,1200.0,1100.0,1100.0,75600.0
1998-06-13,1020.0,1120.0,1020.0,1080.0,32600.0
1998-06-15,1100.0,1100.0,1005.0,1005.0,78600.0
1998-06-16,1000.0,1060.0,980.0,980.0,82700.0
1998-06-17,980.0,1080.0,980.0,1080.0,36000.0
1998-06-18,1200.0,1200.0,1130.0,1190.0,74600.0
1998-06-19,1160.0,1160.0,1100.0,1120.0,69700.0
1998-06-20,1120.0,1140.0,1105.0,1140.0,30700.0
1998-06-22,1110.0,1130.0,1110.0,1110.0,24600.0
1998-06-23,1050.0,1070.0,1050.0,1070.0,14900.0
1998-06-24,1060.0,1070.0,1040.0,1050.0,13500.0
1998-06-25,1030.0,1060.0,1030.0,1060.0,7600.0
1998-06-26,1080.0,1100.0,1040.0,1040.0,42900.0
1998-06-27,1050.0,1050.0,1040.0,1050.0,20700.0
1998-06-29,1050.0,1060.0,1030.0,1030.0,19500.0
1998-06-30,1030.0,1060.0,1030.0,1035.0,14400.0
1998-07-01,1040.0,1100.0,1040.0,1090.0,43200.0
1998-07-02,1090.0,1090.0,1050.0,1050.0,27600.0
1998-07-03,1050.0,1080.0,1050.0,1050.0,58700.0
1998-07-04,1045.0,1070.0,1030.0,1050.0,51700.0
1998-07-06,1070.0,1080.0,1050.0,1060.0,53500.0
1998-07-07,1070.0,1120.0,1070.0,1100.0,126700.0
1998-07-08,1120.0,1140.0,1085.0,1085.0,109800.0
1998-07-09,1095.0,1160.0,1095.0,1140.0,126400.0
1998-07-10,1130.0,1130.0,1080.0,1080.0,84000.0
1998-07-11,1060.0,1080.0,1050.0,1060.0,27900.0
1998-07-13,1050.0,1065.0,1030.0,1065.0,22800.0
1998-07-14,1035.0,1100.0,1035.0,1090.0,33100.0
1998-07-15,1070.0,1120.0,1070.0,1110.0,97100.0
1998-07-16,1100.0,1170.0,1100.0,1150.0,149600.0
1998-07-18,1210.0,1210.0,1150.0,1160.0,95700.0
1998-07-20,1200.0,1200.0,1150.0,1190.0,76900.0
1998-07-21,1200.0,1240.0,1190.0,1210.0,101400.0
1998-07-22,1210.0,1210.0,1170.0,1190.0,57200.0
1998-07-23,1160.0,1190.0,1100.0,1130.0,38800.0
1998-07-24,1150.0,1150.0,1125.0,1145.0,19200.0
1998-07-25,1110.0,1110.0,1100.0,1110.0,46600.0
1998-07-27,1070.0,1110.0,1070.0,1105.0,28600.0
1998-07-28,1070.0,1100.0,1070.0,1100.0,45500.0
1998-07-29,1120.0,1160.0,1095.0,1120.0,100500.0
1998-07-30,1130.0,1160.0,1130.0,1155.0,128900.0
1998-07-31,1150.0,1200.0,1100.0,1160.0,198600.0
1998-08-01,1195.0,1195.0,1130.0,1130.0,9000.0
1998-08-03,1140.0,1150.0,1100.0,1100.0,39600.0
1998-08-04,1050.0,1120.0,1050.0,1085.0,283700.0
1998-08-05,1095.0,1125.0,1060.0,1100.0,606100.0
1998-08-06,1115.0,1140.0,1080.0,1100.0,258400.0
1998-08-07,1120.0,1130.0,1060.0,1090.0,135100.0
1998-08-08,1070.0,1080.0,1030.0,1030.0,93700.0
1998-08-10,1000.0,1010.0,910.0,960.0,124200.0
1998-08-11,970.0,1000.0,930.0,960.0,138700.0
1998-08-12,910.0,935.0,855.0,890.0,181200.0
1998-08-13,900.0,915.0,880.0,880.0,112300.0
1998-08-14,890.0,900.0,850.0,900.0,107000.0
1998-08-17,910.0,920.0,880.0,880.0,54600.0
1998-08-18,855.0,879.0,850.0,850.0,130600.0
1998-08-19,870.0,920.0,860.0,900.0,139100.0
1998-08-20,900.0,949.0,900.0,925.0,119600.0
1998-08-21,920.0,920.0,890.0,890.0,98300.0
1998-08-22,784.0,850.0,784.0,820.0,581600.0
1998-08-24,840.0,910.0,830.0,880.0,303100.0
1998-08-25,880.0,889.0,840.0,860.0,228100.0
1998-08-26,860.0,880.0,850.0,860.0,130700.0
1998-08-27,859.0,860.0,820.0,820.0,136300.0
1998-08-28,815.0,840.0,802.0,822.0,92700.0
1998-08-29,840.0,840.0,805.0,821.0,67100.0
1998-08-31,820.0,850.0,820.0,845.0,149900.0
1998-09-01,860.0,860.0,821.0,840.0,116400.0
1998-09-02,851.0,900.0,851.0,860.0,252800.0
1998-09-03,851.0,890.0,850.0,879.0,138600.0
1998-09-04,852.0,890.0,831.0,845.0,180600.0
1998-09-05,830.0,845.0,805.0,828.0,338600.0
1998-09-07,805.0,878.0,800.0,841.0,825900.0
1998-09-08,862.0,870.0,825.0,831.0,220800.0
1998-09-09,842.0,918.0,835.0,880.0,547800.0
1998-09-10,895.0,895.0,860.0,865.0,269600.0
1998-09-11,871.0,915.0,871.0,890.0,550500.0
1998-09-12,892.0,900.0,871.0,900.0,178100.0
1998-09-14,949.0,985.0,900.0,920.0,495500.0
1998-09-15,930.0,940.0,905.0,931.0,260200.0
1998-09-16,905.0,940.0,900.0,900.0,139000.0
1998-09-17,900.0,935.0,900.0,927.0,223400.0
1998-09-18,950.0,969.0,911.0,926.0,206800.0
1998-09-19,926.0,926.0,880.0,890.0,58400.0
1998-09-21,880.0,890.0,850.0,852.0,197300.0
1998-09-22,827.0,859.0,822.0,839.0,59000.0
1998-09-23,800.0,815.0,800.0,801.0,54500.0
1998-09-24,803.0,849.0,803.0,830.0,41200.0
1998-09-25,830.0,830.0,806.0,816.0,57800.0
1998-09-26,809.0,840.0,809.0,820.0,39500.0
1998-09-28,826.0,826.0,811.0,811.0,63100.0
1998-09-29,813.0,825.0,813.0,815.0,56400.0
1998-09-30,760.0,840.0,760.0,791.0,190200.0
1998-10-01,779.0,805.0,772.0,792.0,322000.0
1998-10-02,796.0,819.0,787.0,811.0,144800.0
1998-10-07,800.0,820.0,800.0,820.0,85900.0
1998-10-08,820.0,840.0,806.0,806.0,142500.0
1998-10-09,812.0,830.0,812.0,820.0,147300.0
1998-10-10,830.0,837.0,810.0,829.0,116700.0
1998-10-12,835.0,849.0,791.0,840.0,915800.0
1998-10-13,802.0,849.0,800.0,820.0,1017000.0
1998-10-14,805.0,825.0,800.0,815.0,359100.0
1998-10-15,803.0,840.0,803.0,832.0,503600.0
1998-10-16,860.0,897.0,832.0,880.0,666300.0
1998-10-17,861.0,890.0,850.0,855.0,153600.0
1998-10-19,850.0,870.0,832.0,840.0,168700.0
1998-10-20,850.0,860.0,835.0,840.0,162500.0
1998-10-21,840.0,849.0,820.0,830.0,230500.0
1998-10-22,870.0,870.0,835.0,858.0,270100.0
1998-10-23,870.0,870.0,831.0,836.0,177400.0
1998-10-24,840.0,845.0,835.0,840.0,68300.0
1998-10-26,840.0,840.0,820.0,820.0,86500.0
1998-10-27,820.0,835.0,807.0,807.0,94900.0
1998-10-28,810.0,820.0,800.0,800.0,93700.0
1998-10-29,805.0,830.0,800.0,803.0,60300.0
1998-10-30,805.0,810.0,800.0,801.0,90300.0
1998-10-31,800.0,803.0,800.0,800.0,56500.0
1998-11-02,805.0,843.0,800.0,820.0,109800.0
1998-11-03,805.0,830.0,805.0,812.0,42000.0
1998-11-04,805.0,819.0,805.0,810.0,77100.0
1998-11-05,812.0,829.0,810.0,824.0,158200.0
1998-11-06,840.0,840.0,811.0,824.0,178600.0
1998-11-07,830.0,910.0,830.0,880.0,348500.0
1998-11-09,900.0,985.0,900.0,985.0,891000.0
1998-11-10,990.0,1030.0,925.0,940.0,525700.0
1998-11-11,900.0,930.0,880.0,910.0,271500.0
1998-11-12,910.0,930.0,882.0,911.0,242300.0
1998-11-13,925.0,960.0,910.0,910.0,172800.0
1998-11-14,900.0,920.0,900.0,910.0,115300.0
1998-11-16,901.0,930.0,891.0,899.0,179800.0
1998-11-17,920.0,965.0,905.0,940.0,328300.0
1998-11-18,950.0,970.0,940.0,950.0,341000.0
1998-11-19,970.0,990.0,950.0,950.0,276000.0
1998-11-20,951.0,1050.0,951.0,1000.0,584900.0
1998-11-21,1000.0,1090.0,1000.0,1090.0,373900.0
1998-11-23,1090.0,1090.0,1020.0,1040.0,492100.0
1998-11-24,1050.0,1080.0,1030.0,1035.0,331100.0
1998-11-25,1060.0,1140.0,1060.0,1090.0,466500.0
1998-11-26,1110.0,1110.0,1045.0,1055.0,234600.0
1998-11-27,1030.0,1070.0,1020.0,1030.0,207900.0
1998-11-28,1030.0,1070.0,1030.0,1030.0,153600.0
1998-11-30,1030.0,1050.0,1010.0,1040.0,215500.0
1998-12-01,1030.0,1030.0,1000.0,1030.0,166200.0
1998-12-02,1030.0,1100.0,1010.0,1060.0,209500.0
1998-12-03,1050.0,1060.0,1030.0,1030.0,165300.0
1998-12-04,1035.0,1070.0,1030.0,1030.0,229400.0
1998-12-05,1050.0,1100.0,1050.0,1060.0,160200.0
1998-12-07,1210.0,1210.0,1060.0,1105.0,281600.0
1998-12-08,1125.0,1140.0,1070.0,1080.0,218600.0
1998-12-09,1080.0,1195.0,1060.0,1140.0,274100.0
1998-12-10,1150.0,1210.0,1140.0,1200.0,312600.0
1998-12-11,1230.0,1240.0,1170.0,1200.0,266800.0
1998-12-14,1260.0,1320.0,1230.0,1290.0,303900.0
1998-12-15,1290.0,1440.0,1270.0,1440.0,360100.0
1998-12-16,1500.0,1520.0,1225.0,1225.0,195300.0
1998-12-17,1135.0,1220.0,1110.0,1210.0,189200.0
1998-12-18,1210.0,1300.0,1175.0,1200.0,120000.0
1998-12-21,1200.0,1350.0,1200.0,1300.0,244300.0
1998-12-22,1300.0,1380.0,1220.0,1220.0,184600.0
1998-12-23,1225.0,1300.0,1165.0,1220.0,149200.0
1998-12-24,1240.0,1240.0,1160.0,1210.0,120900.0
1998-12-28,1220.0,1390.0,1220.0,1390.0,472400.0
1999-01-04,1250.0,1400.0,1250.0,1340.0,241800.0
1999-01-05,1400.0,1400.0,1330.0,1375.0,155700.0
1999-01-06,1350.0,1520.0,1330.0,1450.0,377700.0
1999-01-07,1480.0,1495.0,1420.0,1420.0,229100.0
1999-01-08,1430.0,1500.0,1365.0,1365.0,247200.0
1999-01-11,1380.0,1490.0,1360.0,1480.0,572400.0
1999-01-12,1510.0,1590.0,1410.0,1590.0,654800.0
1999-01-13,1590.0,1640.0,1540.0,1555.0,295000.0
1999-01-14,1520.0,1550.0,1400.0,1400.0,390100.0
1999-01-15,1470.0,1480.0,1400.0,1470.0,206800.0
1999-01-18,1480.0,1590.0,1450.0,1500.0,429300.0
1999-01-19,1550.0,1600.0,1430.0,1480.0,312200.0
1999-01-20,1420.0,1470.0,1400.0,1400.0,198400.0
1999-01-21,1360.0,1400.0,1260.0,1270.0,186200.0
1999-01-22,1200.0,1260.0,1200.0,1240.0,86700.0
1999-01-25,1250.0,1250.0,1180.0,1180.0,73400.0
1999-01-26,1180.0,1250.0,1150.0,1160.0,125100.0
1999-01-27,1180.0,1210.0,1160.0,1190.0,107600.0
1999-01-28,1210.0,1270.0,1200.0,1240.0,101400.0
1999-01-29,1240.0,1260.0,1200.0,1225.0,59400.0
1999-02-01,1250.0,1280.0,1230.0,1260.0,122000.0
1999-02-02,1270.0,1300.0,1250.0,1280.0,122600.0
1999-02-03,1280.0,1280.0,1220.0,1220.0,70500.0
1999-02-04,1200.0,1220.0,1180.0,1195.0,125300.0
1999-02-05,1200.0,1200.0,1175.0,1195.0,50300.0
1999-02-08,1330.0,1370.0,1280.0,1370.0,377000.0
1999-02-09,1360.0,1370.0,1200.0,1280.0,477500.0
1999-02-10,1310.0,1310.0,1205.0,1250.0,130500.0
1999-02-11,1250.0,1295.0,1220.0,1230.0,79000.0
1999-02-12,1230.0,1260.0,1230.0,1260.0,102100.0
1999-02-18,1295.0,1295.0,1200.0,1200.0,67500.0
1999-02-19,1200.0,1200.0,1135.0,1180.0,151300.0
1999-02-22,1140.0,1140.0,1100.0,1125.0,49900.0
1999-02-23,1125.0,1130.0,1050.0,1080.0,75000.0
1999-02-24,1080.0,1140.0,1080.0,1100.0,68800.0
1999-02-25,1100.0,1100.0,1040.0,1050.0,40100.0
1999-02-26,1005.0,1110.0,1005.0,1055.0,123800.0
1999-03-02,1100.0,1140.0,1070.0,1085.0,67900.0
1999-03-03,1085.0,1100.0,1065.0,1090.0,61400.0
1999-03-04,1105.0,1105.0,1060.0,1105.0,33500.0
1999-03-05,1050.0,1270.0,1050.0,1270.0,540600.0
1999-03-08,1285.0,1320.0,1220.0,1270.0,1036400.0
1999-03-09,1290.0,1290.0,1200.0,1240.0,160000.0
1999-03-10,1250.0,1250.0,1170.0,1170.0,110300.0
1999-03-11,1120.0,1200.0,1120.0,1170.0,113000.0
1999-03-12,1220.0,1270.0,1185.0,1190.0,134500.0
1999-03-15,1235.0,1270.0,1220.0,1235.0,144700.0
1999-03-16,1270.0,1270.0,1215.0,1235.0,169400.0
1999-03-17,1235.0,1345.0,1235.0,1250.0,439900.0
1999-03-18,1270.0,1300.0,1215.0,1215.0,71800.0
1999-03-19,1220.0,1250.0,1210.0,1230.0,91300.0
1999-03-22,1200.0,1250.0,1200.0,1230.0,54900.0
1999-03-23,1235.0,1235.0,1190.0,1200.0,126000.0
1999-03-24,1220.0,1225.0,1190.0,1220.0,44800.0
1999-03-25,1200.0,1270.0,1200.0,1220.0,147900.0
1999-03-26,1300.0,1300.0,1220.0,1230.0,104000.0
1999-03-29,1230.0,1230.0,1205.0,1220.0,109700.0
1999-03-30,1220.0,1230.0,1200.0,1220.0,70900.0
1999-03-31,1230.0,1365.0,1230.0,1300.0,515500.0
1999-04-01,1300.0,1300.0,1250.0,1255.0,175000.0
1999-04-02,1320.0,1330.0,1255.0,1270.0,106000.0
1999-04-06,1300.0,1300.0,1270.0,1285.0,122000.0
1999-04-07,1330.0,1370.0,1300.0,1320.0,215900.0
1999-04-08,1360.0,1360.0,1310.0,1320.0,171400.0
1999-04-09,1330.0,1350.0,1270.0,1300.0,146900.0
1999-04-12,1270.0,1300.0,1265.0,1265.0,122200.0
1999-04-13,1310.0,1310.0,1260.0,1280.0,152600.0
1999-04-14,1260.0,1310.0,1250.0,1250.0,105100.0
1999-04-15,1250.0,1300.0,1250.0,1250.0,250300.0
1999-04-16,1270.0,1290.0,1250.0,1250.0,222000.0
1999-04-19,1260.0,1260.0,1240.0,1240.0,152000.0
1999-04-20,1230.0,1310.0,1200.0,1290.0,293100.0
1999-04-21,1310.0,1350.0,1250.0,1265.0,236400.0
1999-04-22,1300.0,1370.0,1270.0,1320.0,513300.0
1999-04-23,1350.0,1400.0,1290.0,1390.0,532500.0
1999-04-26,1450.0,1500.0,1410.0,1430.0,743100.0
1999-04-27,1430.0,1440.0,1380.0,1410.0,272500.0
1999-04-28,1430.0,1580.0,1400.0,1580.0,746500.0
1999-04-29,1550.0,1630.0,1500.0,1500.0,477800.0
1999-04-30,1500.0,1500.0,1430.0,1450.0,231600.0
1999-05-03,1550.0,1550.0,1470.0,1490.0,213200.0
1999-05-04,1470.0,1530.0,1450.0,1520.0,402700.0
1999-05-06,1520.0,1620.0,1480.0,1570.0,355000.0
1999-05-07,1670.0,1740.0,1620.0,1650.0,604300.0
1999-05-10,1640.0,1680.0,1550.0,1680.0,484900.0
1999-05-11,1650.0,1850.0,1650.0,1650.0,538000.0
1999-05-12,1650.0,1690.0,1550.0,1600.0,270800.0
1999-05-13,1580.0,1650.0,1420.0,1420.0,281200.0
1999-05-14,1450.0,1480.0,1330.0,1335.0,201400.0
1999-05-17,1400.0,1400.0,1250.0,1250.0,151300.0
1999-05-18,1310.0,1330.0,1260.0,1265.0,208000.0
1999-05-19,1350.0,1410.0,1330.0,1410.0,263500.0
1999-05-20,1420.0,1420.0,1330.0,1400.0,365600.0
1999-05-21,1380.0,1430.0,1300.0,1365.0,170900.0
1999-05-24,1350.0,1370.0,1320.0,1350.0,112300.0
1999-05-25,1380.0,1380.0,1305.0,1335.0,30900.0
1999-05-26,1350.0,1400.0,1350.0,1400.0,147100.0
1999-05-27,1400.0,1400.0,1355.0,1355.0,111200.0
1999-05-28,1360.0,1360.0,1310.0,1330.0,85700.0
1999-05-31,1350.0,1365.0,1310.0,1310.0,111300.0
1999-06-01,1320.0,1345.0,1290.0,1300.0,73000.0
1999-06-02,1330.0,1350.0,1290.0,1330.0,135200.0
1999-06-03,1320.0,1355.0,1300.0,1300.0,126000.0
1999-06-04,1305.0,1360.0,1300.0,1350.0,193800.0
1999-06-07,1410.0,1500.0,1375.0,1420.0,438900.0
1999-06-08,1410.0,1410.0,1360.0,1360.0,149100.0
1999-06-09,1400.0,1400.0,1350.0,1350.0,152500.0
1999-06-10,1330.0,1415.0,1320.0,1400.0,276300.0
1999-06-11,1400.0,1400.0,1350.0,1400.0,98300.0
1999-06-14,1370.0,1395.0,1350.0,1395.0,104400.0
1999-06-15,1360.0,1365.0,1200.0,1345.0,91400.0
1999-06-16,1280.0,1385.0,1280.0,1330.0,206400.0
1999-06-17,1300.0,1340.0,1280.0,1305.0,171200.0
1999-06-18,1305.0,1320.0,1275.0,1280.0,154500.0
1999-06-21,1250.0,1300.0,1250.0,1250.0,95100.0
1999-06-22,1240.0,1280.0,1210.0,1270.0,115700.0
1999-06-23,1280.0,1300.0,1260.0,1270.0,133100.0
1999-06-24,1290.0,1330.0,1270.0,1310.0,134400.0
1999-06-25,1360.0,1420.0,1300.0,1390.0,1944700.0
1999-06-28,1400.0,1400.0,1320.0,1340.0,146900.0
1999-06-29,1320.0,1365.0,1320.0,1340.0,93500.0
1999-06-30,1350.0,1350.0,1290.0,1300.0,90600.0
1999-07-01,1340.0,1340.0,1270.0,1300.0,77200.0
1999-07-02,1290.0,1420.0,1290.0,1400.0,428200.0
1999-07-05,1400.0,1480.0,1400.0,1440.0,293500.0
1999-07-06,1450.0,1550.0,1355.0,1465.0,481300.0
1999-07-07,1520.0,1520.0,1400.0,1440.0,136900.0
1999-07-08,1440.0,1485.0,1410.0,1450.0,134100.0
1999-07-09,1515.0,1515.0,1420.0,1480.0,192200.0
1999-07-12,1520.0,1550.0,1430.0,1430.0,246700.0
1999-07-13,1430.0,1460.0,1400.0,1410.0,161000.0
1999-07-14,1430.0,1450.0,1350.0,1350.0,120200.0
1999-07-15,1360.0,1360.0,1300.0,1340.0,92700.0
1999-07-16,1360.0,1400.0,1350.0,1390.0,122600.0
1999-07-19,1450.0,1450.0,1340.0,1360.0,127700.0
1999-07-20,1350.0,1400.0,1330.0,1375.0,180000.0
1999-07-21,1380.0,1400.0,1305.0,1330.0,147000.0
1999-07-22,1350.0,1350.0,1250.0,1345.0,140500.0
1999-07-23,1270.0,1360.0,1230.0,1230.0,190600.0
1999-07-26,1230.0,1230.0,1090.0,1090.0,158700.0
1999-07-27,1090.0,1140.0,1080.0,1130.0,141000.0
1999-07-28,1230.0,1230.0,1130.0,1150.0,191900.0
1999-07-29,1155.0,1270.0,1150.0,1200.0,352800.0
1999-07-30,1210.0,1220.0,1100.0,1120.0,183700.0
1999-08-02,1100.0,1120.0,1060.0,1120.0,137400.0
1999-08-03,1060.0,1145.0,1060.0,1140.0,55700.0
1999-08-04,1145.0,1165.0,1125.0,1160.0,121800.0
1999-08-05,1150.0,1155.0,1100.0,1100.0,111600.0
1999-08-06,1130.0,1130.0,1080.0,1120.0,59600.0
1999-08-09,1100.0,1200.0,1100.0,1120.0,243100.0
1999-08-10,1070.0,1175.0,1070.0,1080.0,303600.0
1999-08-11,1080.0,1100.0,1060.0,1070.0,128400.0
1999-08-12,1070.0,1120.0,1070.0,1090.0,127500.0
1999-08-13,1090.0,1090.0,1040.0,1080.0,116800.0
1999-08-16,1080.0,1080.0,1040.0,1040.0,146900.0
1999-08-17,1020.0,1035.0,885.0,905.0,235400.0
1999-08-18,781.0,839.0,770.0,800.0,349900.0
1999-08-19,802.0,889.0,766.0,850.0,193600.0
1999-08-20,790.0,840.0,790.0,840.0,50100.0
1999-08-23,860.0,880.0,825.0,855.0,161600.0
1999-08-24,883.0,883.0,840.0,860.0,89300.0
1999-08-25,860.0,888.0,852.0,870.0,186400.0
1999-08-26,869.0,889.0,860.0,860.0,97200.0
1999-08-27,850.0,860.0,820.0,820.0,49000.0
1999-08-30,850.0,850.0,806.0,806.0,77700.0
1999-08-31,806.0,838.0,806.0,831.0,73600.0
1999-09-01,830.0,895.0,810.0,866.0,231600.0
1999-09-02,850.0,880.0,750.0,800.0,99800.0
1999-09-03,849.0,849.0,800.0,820.0,134700.0
1999-09-06,830.0,943.0,820.0,943.0,634500.0
1999-09-07,1000.0,1080.0,960.0,1080.0,1203600.0
1999-09-08,1020.0,1120.0,985.0,1020.0,724700.0
1999-09-09,1020.0,1170.0,925.0,1135.0,782800.0
1999-09-10,1120.0,1220.0,1055.0,1100.0,723700.0
1999-09-13,1010.0,1100.0,1010.0,1025.0,400300.0
1999-09-14,1025.0,1080.0,970.0,1055.0,451700.0
1999-09-15,1010.0,1080.0,980.0,1050.0,202800.0
1999-09-16,1030.0,1090.0,1000.0,1000.0,188700.0
1999-09-17,1010.0,1010.0,940.0,965.0,127200.0
1999-09-20,965.0,1060.0,950.0,1015.0,237800.0
1999-09-21,1050.0,1165.0,1020.0,1165.0,1063100.0
1999-09-22,1165.0,1230.0,1100.0,1100.0,2379700.0
1999-09-27,1070.0,1070.0,1000.0,1000.0,209300.0
1999-09-28,1000.0,1095.0,990.0,991.0,226000.0
1999-09-29,1000.0,1045.0,970.0,970.0,245200.0
1999-09-30,950.0,999.0,920.0,940.0,215700.0
1999-10-01,960.0,960.0,800.0,867.0,118200.0
1999-10-04,770.0,940.0,770.0,881.0,75900.0
1999-10-05,892.0,920.0,820.0,820.0,89100.0
1999-10-06,835.0,899.0,823.0,835.0,88500.0
1999-10-07,900.0,900.0,840.0,860.0,71800.0
1999-10-08,840.0,989.0,840.0,989.0,422400.0
1999-10-11,999.0,1030.0,941.0,970.0,662200.0
1999-10-12,950.0,1000.0,946.0,979.0,201200.0
1999-10-13,997.0,999.0,950.0,950.0,170500.0
1999-10-14,940.0,970.0,940.0,940.0,105100.0
1999-10-15,941.0,959.0,920.0,920.0,145700.0
1999-10-18,871.0,905.0,855.0,870.0,95200.0
1999-10-19,870.0,900.0,850.0,875.0,61800.0
1999-10-20,831.0,930.0,831.0,920.0,160600.0
1999-10-21,880.0,930.0,880.0,900.0,70100.0
1999-10-22,881.0,910.0,881.0,899.0,56500.0
1999-10-25,930.0,930.0,848.0,880.0,109000.0
1999-10-26,860.0,870.0,841.0,865.0,99200.0
1999-10-27,860.0,994.0,840.0,994.0,985700.0
1999-10-28,995.0,1000.0,900.0,911.0,596700.0
1999-10-29,900.0,938.0,900.0,905.0,323600.0
1999-11-01,890.0,920.0,880.0,906.0,216200.0
1999-11-02,906.0,980.0,900.0,911.0,380400.0
1999-11-03,950.0,950.0,914.0,930.0,98500.0
1999-11-04,951.0,972.0,930.0,970.0,288800.0
1999-11-05,970.0,970.0,930.0,950.0,82600.0
1999-11-08,950.0,960.0,920.0,920.0,197400.0
1999-11-09,901.0,964.0,901.0,964.0,184700.0
1999-11-10,970.0,1050.0,945.0,980.0,400900.0
1999-11-11,1000.0,1000.0,960.0,971.0,140400.0
1999-11-12,971.0,975.0,930.0,955.0,137400.0
1999-11-15,941.0,960.0,920.0,950.0,193700.0
1999-11-16,931.0,980.0,931.0,932.0,167400.0
1999-11-17,949.0,970.0,870.0,905.0,291900.0
1999-11-18,850.0,930.0,850.0,900.0,68600.0
1999-11-19,900.0,900.0,880.0,887.0,84200.0
1999-11-22,920.0,940.0,871.0,890.0,141300.0
1999-11-23,890.0,890.0,861.0,872.0,132300.0
1999-11-24,872.0,890.0,840.0,845.0,70000.0
1999-11-25,851.0,851.0,810.0,810.0,96700.0
1999-11-26,767.0,770.0,710.0,731.0,113700.0
1999-11-29,682.0,745.0,682.0,715.0,35600.0
1999-11-30,721.0,750.0,721.0,740.0,34400.0
1999-12-01,701.0,735.0,701.0,708.0,82100.0
1999-12-02,740.0,770.0,702.0,706.0,175300.0
1999-12-03,710.0,745.0,710.0,719.0,58600.0
1999-12-06,715.0,719.0,675.0,685.0,63500.0
1999-12-07,690.0,700.0,681.0,681.0,111100.0
1999-12-08,683.0,700.0,675.0,700.0,98900.0
1999-12-09,677.0,730.0,677.0,688.0,62600.0
1999-12-10,697.0,740.0,688.0,720.0,30600.0
1999-12-13,720.0,800.0,720.0,735.0,52900.0
1999-12-14,735.0,780.0,725.0,755.0,84400.0
1999-12-15,740.0,775.0,726.0,750.0,57100.0
1999-12-16,750.0,787.0,730.0,740.0,87200.0
1999-12-17,730.0,749.0,720.0,721.0,72900.0
1999-12-20,700.0,710.0,695.0,695.0,63100.0
1999-12-21,681.0,719.0,675.0,680.0,105600.0
1999-12-22,710.0,710.0,662.0,675.0,46100.0
1999-12-23,670.0,749.0,670.0,680.0,49700.0
1999-12-24,680.0,700.0,680.0,690.0,17400.0
1999-12-27,690.0,720.0,683.0,695.0,76500.0
1999-12-28,700.0,700.0,612.0,650.0,45500.0
2000-01-04,612.0,700.0,612.0,660.0,25000.0
2000-01-05,612.0,696.0,561.0,561.0,143400.0
2000-01-06,590.0,615.0,570.0,590.0,134400.0
2000-01-07,560.0,589.0,560.0,575.0,43300.0
2000-01-10,575.0,599.0,575.0,598.0,25600.0
2000-01-11,560.0,580.0,560.0,564.0,38200.0
2000-01-12,569.0,580.0,550.0,552.0,20500.0
2000-01-13,549.0,549.0,502.0,538.0,33000.0
2000-01-14,545.0,549.0,520.0,536.0,82000.0
2000-01-17,554.0,600.0,543.0,598.0,48400.0
2000-01-18,598.0,598.0,550.0,550.0,22500.0
2000-01-19,545.0,550.0,540.0,540.0,28300.0
2000-01-20,470.0,500.0,470.0,499.0,29700.0
2000-01-21,471.0,500.0,470.0,481.0,46800.0
2000-01-24,470.0,545.0,470.0,500.0,60300.0
2000-01-25,575.0,575.0,516.0,525.0,107000.0
2000-01-26,515.0,545.0,500.0,519.0,44100.0
2000-01-27,519.0,535.0,510.0,522.0,54100.0
2000-01-28,555.0,560.0,505.0,515.0,33300.0
2000-01-31,517.0,550.0,505.0,520.0,31400.0
2000-02-01,535.0,540.0,470.0,520.0,76500.0
2000-02-02,540.0,549.0,530.0,547.0,43100.0
2000-02-03,530.0,570.0,520.0,538.0,99900.0
2000-02-07,536.0,557.0,523.0,538.0,52200.0
2000-02-08,530.0,540.0,503.0,534.0,55300.0
2000-02-09,520.0,538.0,503.0,503.0,36600.0
2000-02-10,483.0,520.0,481.0,500.0,20400.0
2000-02-11,509.0,515.0,460.0,465.0,41400.0
2000-02-14,470.0,489.0,436.0,460.0,37600.0
2000-02-15,460.0,482.0,425.0,425.0,13600.0
2000-02-16,425.0,453.0,421.0,421.0,28500.0
2000-02-17,420.0,450.0,420.0,430.0,37700.0
2000-02-18,440.0,440.0,421.0,430.0,46400.0
2000-02-21,405.0,420.0,376.0,420.0,53700.0
2000-02-22,419.0,419.0,400.0,419.0,18900.0
2000-02-23,439.0,479.0,430.0,470.0,44800.0
2000-02-24,460.0,470.0,415.0,455.0,79400.0
2000-02-25,454.0,523.0,454.0,461.0,58100.0
2000-02-28,490.0,530.0,490.0,530.0,106500.0
2000-02-29,599.0,599.0,515.0,530.0,98600.0
2000-03-02,520.0,589.0,520.0,541.0,46500.0
2000-03-03,550.0,573.0,541.0,552.0,41900.0
2000-03-06,570.0,598.0,520.0,598.0,180600.0
2000-03-07,610.0,610.0,561.0,571.0,96700.0
2000-03-08,550.0,630.0,531.0,600.0,130700.0
2000-03-09,576.0,690.0,576.0,690.0,342100.0
2000-03-10,690.0,793.0,680.0,793.0,418300.0
2000-03-13,900.0,911.0,890.0,911.0,360900.0
2000-03-14,950.0,950.0,775.0,775.0,633100.0
2000-03-15,775.0,881.0,660.0,770.0,322800.0
2000-03-16,760.0,760.0,660.0,660.0,136400.0
2000-03-17,602.0,658.0,602.0,658.0,135300.0
2000-03-20,650.0,690.0,630.0,669.0,105300.0
2000-03-21,641.0,658.0,600.0,600.0,51300.0
2000-03-22,603.0,630.0,576.0,630.0,137100.0
2000-03-23,650.0,660.0,583.0,610.0,96000.0
2000-03-24,610.0,660.0,590.0,630.0,173200.0
2000-03-27,650.0,680.0,630.0,640.0,125000.0
2000-03-28,640.0,640.0,611.0,620.0,44100.0
2000-03-29,615.0,640.0,610.0,620.0,94800.0
2000-03-30,605.0,605.0,580.0,600.0,35600.0
2000-03-31,599.0,599.0,560.0,590.0,47200.0
2000-04-03,575.0,588.0,540.0,550.0,105300.0
2000-04-04,550.0,570.0,533.0,544.0,59500.0
2000-04-06,530.0,550.0,505.0,543.0,36200.0
2000-04-07,515.0,615.0,515.0,615.0,55500.0
2000-04-10,650.0,650.0,590.0,593.0,32600.0
2000-04-11,593.0,600.0,550.0,586.0,67800.0
2000-04-12,583.0,583.0,542.0,550.0,10800.0
2000-04-14,577.0,577.0,531.0,550.0,21300.0
2000-04-17,512.0,547.0,470.0,480.0,134600.0
2000-04-18,550.0,550.0,500.0,540.0,62300.0
2000-04-19,600.0,621.0,599.0,621.0,81900.0
2000-04-20,680.0,680.0,570.0,660.0,208100.0
2000-04-21,650.0,650.0,606.0,630.0,50900.0
2000-04-24,610.0,670.0,610.0,650.0,64900.0
2000-04-25,690.0,690.0,630.0,630.0,31000.0
2000-04-26,640.0,640.0,577.0,629.0,51000.0
2000-04-27,580.0,620.0,556.0,610.0,18600.0
2000-04-28,630.0,670.0,620.0,670.0,80800.0
2000-05-02,670.0,690.0,620.0,630.0,80100.0
2000-05-03,613.0,645.0,602.0,602.0,38100.0
2000-05-04,602.0,622.0,570.0,585.0,19100.0
2000-05-08,590.0,631.0,590.0,610.0,45100.0
2000-05-09,615.0,649.0,610.0,620.0,42800.0
2000-05-10,630.0,649.0,615.0,622.0,12600.0
2000-05-12,620.0,660.0,591.0,615.0,38000.0
2000-05-15,591.0,618.0,550.0,588.0,40200.0
2000-05-16,610.0,610.0,556.0,556.0,24100.0
2000-05-17,560.0,560.0,500.0,500.0,16900.0
2000-05-18,520.0,575.0,510.0,530.0,135300.0
2000-05-19,526.0,526.0,455.0,524.0,82400.0
2000-05-22,530.0,530.0,480.0,520.0,38600.0
2000-05-23,481.0,500.0,481.0,500.0,15900.0
2000-05-24,432.0,500.0,432.0,500.0,20500.0
2000-05-25,528.0,550.0,485.0,550.0,43500.0
2000-05-26,503.0,503.0,480.0,480.0,11900.0
2000-05-29,550.0,550.0,445.0,460.0,10400.0
2000-05-30,529.0,529.0,529.0,529.0,30400.0
2000-05-31,608.0,608.0,608.0,608.0,65600.0
2000-06-01,644.0,679.0,521.0,620.0,432200.0
2000-06-02,580.0,630.0,566.0,580.0,105500.0
2000-06-05,620.0,620.0,553.0,586.0,169800.0
2000-06-07,591.0,591.0,550.0,564.0,126900.0
2000-06-08,583.0,585.0,521.0,555.0,79200.0
2000-06-09,550.0,550.0,500.0,530.0,42500.0
2000-06-12,520.0,540.0,500.0,530.0,127600.0
2000-06-13,540.0,550.0,510.0,528.0,27000.0
2000-06-14,501.0,529.0,501.0,508.0,40600.0
2000-06-15,500.0,530.0,490.0,510.0,111500.0
2000-06-16,510.0,535.0,460.0,480.0,104100.0
2000-06-19,515.0,515.0,500.0,500.0,42800.0
2000-06-20,501.0,530.0,500.0,501.0,92300.0
2000-06-21,490.0,515.0,490.0,510.0,43900.0
2000-06-22,487.0,518.0,487.0,510.0,17400.0
2000-06-23,500.0,580.0,490.0,508.0,182900.0
2000-06-26,490.0,519.0,490.0,519.0,85100.0
2000-06-27,525.0,539.0,505.0,530.0,104000.0
2000-06-28,555.0,609.0,550.0,609.0,263400.0
2000-06-29,650.0,690.0,540.0,570.0,825700.0
2000-06-30,567.0,615.0,505.0,541.0,150600.0
2000-07-03,570.0,622.0,566.0,622.0,119900.0
2000-07-04,661.0,670.0,600.0,614.0,243200.0
2000-07-05,614.0,620.0,560.0,580.0,130200.0
2000-07-06,560.0,600.0,560.0,580.0,43500.0
2000-07-07,560.0,600.0,560.0,590.0,91100.0
2000-07-10,600.0,644.0,590.0,610.0,239100.0
2000-07-11,610.0,680.0,602.0,660.0,286200.0
2000-07-12,680.0,730.0,630.0,640.0,579000.0
2000-07-13,678.0,678.0,630.0,640.0,129000.0
2000-07-14,700.0,700.0,641.0,658.0,91400.0
2000-07-18,630.0,690.0,630.0,690.0,216700.0
2000-07-19,689.0,793.0,646.0,793.0,759400.0
2000-07-20,911.0,911.0,858.0,911.0,2270900.0
2000-07-21,850.0,890.0,775.0,775.0,4668700.0
2000-07-24,775.0,779.0,659.0,659.0,655200.0
2000-07-25,650.0,650.0,583.0,590.0,544100.0
2000-07-26,553.0,638.0,553.0,574.0,475500.0
2000-07-27,575.0,630.0,575.0,585.0,374300.0
2000-07-28,610.0,610.0,562.0,584.0,363800.0
2000-07-31,584.0,630.0,560.0,583.0,239900.0
2000-08-01,571.0,624.0,571.0,585.0,290200.0
2000-08-02,620.0,620.0,591.0,594.0,157600.0
2000-08-03,610.0,615.0,580.0,584.0,270800.0
2000-08-04,586.0,591.0,560.0,576.0,195500.0
2000-08-07,570.0,610.0,565.0,570.0,175200.0
2000-08-08,589.0,597.0,571.0,586.0,130200.0
2000-08-09,580.0,600.0,570.0,579.0,130600.0
2000-08-10,573.0,590.0,573.0,590.0,100400.0
2000-08-11,600.0,670.0,579.0,625.0,407300.0
2000-08-14,629.0,718.0,629.0,670.0,461600.0
2000-08-16,675.0,710.0,631.0,674.0,265500.0
2000-08-17,676.0,676.0,612.0,628.0,145400.0
2000-08-18,601.0,722.0,595.0,660.0,655400.0
2000-08-21,645.0,680.0,634.0,659.0,103200.0
2000-08-22,645.0,664.0,630.0,630.0,133100.0
2000-08-23,600.0,660.0,600.0,630.0,223400.0
2000-08-24,645.0,645.0,601.0,611.0,91900.0
2000-08-25,610.0,623.0,600.0,605.0,135000.0
2000-08-28,611.0,632.0,605.0,630.0,208200.0
2000-08-29,640.0,640.0,607.0,628.0,122200.0
2000-08-30,639.0,640.0,616.0,630.0,166800.0
2000-08-31,630.0,650.0,620.0,639.0,201900.0
2000-09-01,633.0,680.0,631.0,672.0,278500.0
2000-09-04,705.0,750.0,700.0,710.0,421200.0
2000-09-05,721.0,721.0,665.0,680.0,210900.0
2000-09-06,676.0,698.0,660.0,675.0,220900.0
2000-09-07,680.0,720.0,670.0,720.0,469800.0
2000-09-08,700.0,790.0,670.0,670.0,788200.0
2000-09-14,670.0,680.0,631.0,640.0,166600.0
2000-09-15,655.0,719.0,643.0,657.0,300000.0
2000-09-18,642.0,642.0,559.0,579.0,290700.0
2000-09-19,523.0,625.0,523.0,595.0,219800.0
2000-09-20,597.0,630.0,597.0,611.0,150300.0
2000-09-21,625.0,645.0,582.0,623.0,153600.0
2000-09-22,630.0,630.0,570.0,572.0,132900.0
2000-09-25,570.0,635.0,570.0,600.0,98100.0
2000-09-26,590.0,665.0,580.0,626.0,299200.0
2000-09-27,640.0,650.0,622.0,639.0,87200.0
2000-09-28,652.0,652.0,613.0,630.0,34200.0
2000-09-29,620.0,645.0,617.0,630.0,121900.0
2000-10-02,635.0,680.0,621.0,658.0,467100.0
2000-10-04,640.0,675.0,630.0,664.0,71400.0
2000-10-05,660.0,698.0,650.0,664.0,225100.0
2000-10-06,671.0,680.0,635.0,653.0,139100.0
2000-10-09,653.0,653.0,625.0,629.0,138200.0
2000-10-10,618.0,634.0,610.0,634.0,157400.0
2000-10-11,630.0,635.0,621.0,635.0,89800.0
2000-10-12,641.0,730.0,641.0,693.0,1126700.0
2000-10-13,650.0,770.0,650.0,716.0,848500.0
2000-10-16,730.0,794.0,719.0,780.0,886900.0
2000-10-17,791.0,810.0,731.0,731.0,606900.0
2000-10-18,720.0,780.0,691.0,780.0,489700.0
2000-10-19,770.0,870.0,751.0,752.0,757500.0
2000-10-20,733.0,770.0,701.0,736.0,558200.0
2000-10-23,705.0,743.0,690.0,690.0,178200.0
2000-10-24,686.0,732.0,683.0,710.0,214900.0
2000-10-25,716.0,816.0,686.0,733.0,928600.0
2000-10-26,720.0,809.0,705.0,769.0,763600.0
2000-10-27,790.0,795.0,706.0,706.0,494300.0
2000-10-30,700.0,720.0,640.0,640.0,264500.0
2000-10-31,643.0,643.0,595.0,605.0,300900.0
2000-11-01,605.0,642.0,605.0,614.0,261000.0
2000-11-02,609.0,623.0,601.0,611.0,205300.0
2000-11-03,615.0,660.0,615.0,625.0,216400.0
2000-11-06,631.0,631.0,612.0,619.0,147800.0
2000-11-07,620.0,650.0,620.0,650.0,165100.0
2000-11-08,632.0,677.0,632.0,640.0,149700.0
2000-11-09,667.0,690.0,631.0,646.0,309800.0
2000-11-10,636.0,648.0,625.0,630.0,135400.0
2000-11-13,648.0,648.0,616.0,616.0,91700.0
2000-11-14,606.0,629.0,606.0,620.0,81400.0
2000-11-15,635.0,650.0,612.0,622.0,207500.0
2000-11-16,645.0,645.0,616.0,620.0,81200.0
2000-11-17,612.0,634.0,612.0,629.0,143000.0
2000-11-20,613.0,642.0,613.0,620.0,59400.0
2000-11-21,620.0,623.0,608.0,611.0,93800.0
2000-11-22,605.0,625.0,605.0,608.0,80300.0
2000-11-23,616.0,655.0,606.0,649.0,261700.0
2000-11-24,660.0,669.0,631.0,632.0,194800.0
2000-11-27,645.0,653.0,630.0,645.0,146400.0
2000-11-28,655.0,699.0,641.0,679.0,393800.0
2000-11-29,690.0,770.0,690.0,739.0,986600.0
2000-11-30,731.0,731.0,665.0,685.0,429400.0
2000-12-01,670.0,685.0,640.0,640.0,251000.0
2000-12-04,626.0,675.0,626.0,637.0,248500.0
2000-12-05,641.0,679.0,635.0,679.0,76700.0
2000-12-06,679.0,780.0,666.0,780.0,1176100.0
2000-12-07,805.0,897.0,712.0,897.0,1874100.0
2000-12-08,929.0,1030.0,900.0,1030.0,1847600.0
2000-12-11,1180.0,1180.0,1120.0,1180.0,249900.0
2000-12-12,1355.0,1355.0,1355.0,1355.0,126400.0
2000-12-13,1355.0,1555.0,1260.0,1500.0,3615400.0
2000-12-14,1455.0,1540.0,1390.0,1460.0,696000.0
2000-12-15,1470.0,1675.0,1435.0,1675.0,2130000.0
2000-12-18,1760.0,1925.0,1750.0,1925.0,1152200.0
2000-12-19,1660.0,1915.0,1640.0,1640.0,3226300.0
2000-12-20,1510.0,1600.0,1395.0,1395.0,3053800.0
2000-12-21,1250.0,1330.0,1190.0,1330.0,2171200.0
2000-12-22,1400.0,1525.0,1370.0,1525.0,3253500.0
2000-12-26,1595.0,1645.0,1300.0,1300.0,1974000.0
2001-01-02,1105.0,1490.0,1105.0,1380.0,1271800.0
2001-01-03,1405.0,1450.0,1330.0,1400.0,773400.0
2001-01-04,1450.0,1520.0,1385.0,1400.0,594600.0
2001-01-05,1415.0,1600.0,1190.0,1190.0,3382900.0
2001-01-08,1190.0,1320.0,1190.0,1270.0,1950900.0
2001-01-09,1380.0,1460.0,1295.0,1460.0,1447400.0
2001-01-10,1600.0,1675.0,1470.0,1675.0,2036200.0
2001-01-11,1675.0,1900.0,1605.0,1750.0,3265200.0
2001-01-12,1800.0,1850.0,1660.0,1800.0,2530200.0
2001-01-15,1800.0,1950.0,1580.0,1850.0,3732500.0
2001-01-16,1800.0,1840.0,1660.0,1660.0,1645400.0
2001-01-17,1660.0,1735.0,1415.0,1600.0,2650400.0
2001-01-18,1400.0,1700.0,1400.0,1410.0,1683900.0
2001-01-19,1400.0,1450.0,1200.0,1250.0,2677000.0
2001-01-22,1220.0,1350.0,1205.0,1260.0,2305300.0
2001-01-26,1280.0,1300.0,1170.0,1175.0,1215500.0
2001-01-29,1140.0,1280.0,1140.0,1220.0,1349900.0
2001-01-30,1245.0,1265.0,1170.0,1185.0,947400.0
2001-01-31,1160.0,1290.0,1135.0,1200.0,2030000.0
2001-02-01,1220.0,1230.0,1185.0,1190.0,675500.0
2001-02-02,1225.0,1225.0,1165.0,1195.0,577000.0
2001-02-05,1175.0,1235.0,1130.0,1160.0,825000.0
2001-02-06,1200.0,1200.0,1155.0,1175.0,652400.0
2001-02-07,1195.0,1350.0,1175.0,1350.0,5881700.0
2001-02-08,1330.0,1375.0,1235.0,1280.0,2690200.0
2001-02-09,1300.0,1340.0,1240.0,1245.0,1625100.0
2001-02-12,1230.0,1245.0,1180.0,1200.0,1284800.0
2001-02-13,1215.0,1320.0,1200.0,1240.0,2709100.0
2001-02-14,1215.0,1245.0,1200.0,1210.0,731100.0
2001-02-15,1200.0,1240.0,1200.0,1210.0,750600.0
2001-02-16,1210.0,1280.0,1210.0,1225.0,1255800.0
2001-02-19,1270.0,1350.0,1235.0,1310.0,1372700.0
2001-02-20,1350.0,1380.0,1260.0,1270.0,1423100.0
2001-02-21,1270.0,1310.0,1265.0,1280.0,1077000.0
2001-02-22,1260.0,1280.0,1200.0,1210.0,945400.0
2001-02-23,1180.0,1230.0,1180.0,1210.0,644000.0
2001-02-26,1225.0,1235.0,1200.0,1215.0,356600.0
2001-02-27,1225.0,1250.0,1215.0,1215.0,652100.0
2001-02-28,1195.0,1220.0,1160.0,1185.0,529300.0
2001-03-02,1175.0,1200.0,1025.0,1080.0,547400.0
2001-03-05,1045.0,1050.0,971.0,1020.0,400900.0
2001-03-06,1045.0,1140.0,1020.0,1070.0,503300.0
2001-03-07,1050.0,1100.0,1040.0,1070.0,372000.0
2001-03-08,1100.0,1115.0,1060.0,1115.0,365900.0
2001-03-09,1120.0,1120.0,1080.0,1090.0,210000.0
2001-03-12,1030.0,1085.0,990.0,990.0,292200.0
2001-03-13,960.0,985.0,883.0,915.0,349600.0
2001-03-14,960.0,960.0,930.0,947.0,233000.0
2001-03-15,871.0,914.0,863.0,910.0,318900.0
2001-03-16,928.0,928.0,882.0,900.0,199900.0
2001-03-19,889.0,1035.0,880.0,1035.0,1035000.0
2001-03-20,1085.0,1190.0,1060.0,1110.0,2933300.0
2001-03-21,1060.0,1135.0,1055.0,1070.0,696900.0
2001-03-22,1080.0,1170.0,1020.0,1045.0,984000.0
2001-03-23,1025.0,1065.0,991.0,1000.0,346500.0
2001-03-26,1020.0,1045.0,990.0,990.0,252500.0
2001-03-27,1005.0,1005.0,981.0,995.0,255100.0
2001-03-28,965.0,1010.0,942.0,947.0,244500.0
2001-03-29,935.0,1040.0,935.0,989.0,375300.0
2001-03-30,990.0,1000.0,950.0,951.0,217700.0
2001-04-02,960.0,979.0,956.0,970.0,72200.0
2001-04-03,970.0,970.0,915.0,922.0,94500.0
2001-04-04,910.0,959.0,900.0,918.0,181900.0
2001-04-06,940.0,1035.0,935.0,940.0,138900.0
2001-04-09,940.0,940.0,905.0,905.0,41000.0
2001-04-10,964.0,964.0,900.0,903.0,100500.0
2001-04-11,939.0,939.0,903.0,910.0,110400.0
2001-04-12,900.0,935.0,900.0,917.0,139500.0
2001-04-13,917.0,980.0,917.0,948.0,173000.0
2001-04-16,956.0,962.0,924.0,928.0,92900.0
2001-04-17,934.0,943.0,910.0,928.0,72800.0
2001-04-18,940.0,955.0,932.0,940.0,156300.0
2001-04-19,969.0,1075.0,952.0,1020.0,744800.0
2001-04-20,1040.0,1040.0,970.0,980.0,302400.0
2001-04-23,1000.0,1000.0,960.0,998.0,224700.0
2001-04-24,980.0,989.0,962.0,965.0,134100.0
2001-04-25,968.0,999.0,962.0,975.0,202800.0
2001-04-26,960.0,986.0,960.0,960.0,132600.0
2001-04-27,975.0,975.0,940.0,943.0,137600.0
2001-04-30,945.0,963.0,930.0,940.0,220900.0
2001-05-02,959.0,959.0,932.0,940.0,145200.0
2001-05-03,955.0,962.0,935.0,936.0,183800.0
2001-05-04,931.0,958.0,931.0,934.0,93900.0
2001-05-07,945.0,946.0,933.0,940.0,113600.0
2001-05-08,940.0,1020.0,940.0,1010.0,473100.0
2001-05-09,1050.0,1160.0,1050.0,1160.0,2014400.0
2001-05-10,1210.0,1275.0,1050.0,1185.0,2494400.0
2001-05-11,1155.0,1210.0,1100.0,1120.0,850800.0
2001-05-14,1120.0,1165.0,1110.0,1120.0,600600.0
2001-05-15,1140.0,1250.0,1130.0,1185.0,1243600.0
2001-05-16,1195.0,1200.0,1070.0,1080.0,678200.0
2001-05-17,1100.0,1140.0,1050.0,1095.0,419200.0
2001-05-18,1095.0,1100.0,1050.0,1050.0,301700.0
2001-05-21,1030.0,1080.0,1030.0,1075.0,312300.0
2001-05-22,1060.0,1070.0,1040.0,1060.0,262200.0
2001-05-23,1080.0,1175.0,1075.0,1145.0,815200.0
2001-05-24,1160.0,1160.0,1075.0,1090.0,418100.0
2001-05-25,1100.0,1230.0,1080.0,1220.0,887800.0
2001-05-28,1250.0,1295.0,1170.0,1170.0,948000.0
2001-05-29,1150.0,1180.0,1130.0,1130.0,344100.0
2001-05-30,1160.0,1170.0,1120.0,1135.0,281900.0
2001-05-31,1100.0,1150.0,1095.0,1115.0,371500.0
2001-06-01,1100.0,1180.0,1095.0,1130.0,360200.0
2001-06-04,1110.0,1160.0,1105.0,1130.0,299500.0
2001-06-05,1160.0,1165.0,1070.0,1070.0,338400.0
2001-06-07,1070.0,1080.0,1035.0,1070.0,255400.0
2001-06-08,1090.0,1095.0,1050.0,1080.0,361000.0
2001-06-11,1050.0,1075.0,1050.0,1050.0,99500.0
2001-06-12,1035.0,1075.0,1035.0,1050.0,159600.0
2001-06-13,1055.0,1075.0,1050.0,1070.0,148200.0
2001-06-14,1050.0,1065.0,1040.0,1050.0,224900.0
2001-06-15,1065.0,1145.0,1060.0,1090.0,580600.0
2001-06-18,1110.0,1130.0,1090.0,1110.0,361200.0
2001-06-19,1140.0,1190.0,1110.0,1110.0,857000.0
2001-06-20,1140.0,1140.0,1050.0,1060.0,362100.0
2001-06-21,1070.0,1080.0,1030.0,1065.0,264500.0
2001-06-22,1050.0,1090.0,1050.0,1060.0,216100.0
2001-06-25,1050.0,1060.0,1035.0,1055.0,228500.0
2001-06-26,1050.0,1060.0,992.0,1000.0,255200.0
2001-06-27,975.0,997.0,951.0,969.0,263800.0
2001-06-28,982.0,1030.0,970.0,1000.0,224800.0
2001-06-29,985.0,1020.0,985.0,1015.0,136800.0
2001-07-02,1030.0,1030.0,991.0,1005.0,107400.0
2001-07-03,985.0,1010.0,985.0,1005.0,140200.0
2001-07-04,1015.0,1090.0,1005.0,1040.0,283500.0
2001-07-05,1025.0,1040.0,1015.0,1015.0,65800.0
2001-07-06,1010.0,1030.0,981.0,995.0,98700.0
2001-07-09,966.0,980.0,905.0,905.0,248200.0
2001-07-10,913.0,950.0,913.0,949.0,106900.0
2001-07-11,936.0,943.0,910.0,938.0,101600.0
2001-07-12,979.0,979.0,938.0,954.0,61900.0
2001-07-13,966.0,966.0,937.0,945.0,82300.0
2001-07-16,930.0,977.0,930.0,975.0,146400.0
2001-07-18,980.0,1010.0,960.0,990.0,209200.0
2001-07-19,987.0,987.0,965.0,970.0,72500.0
2001-07-20,964.0,986.0,952.0,960.0,77100.0
2001-07-23,970.0,975.0,933.0,933.0,88300.0
2001-07-24,915.0,916.0,877.0,902.0,52800.0
2001-07-25,870.0,905.0,863.0,885.0,49900.0
2001-07-26,900.0,912.0,890.0,895.0,26800.0
2001-07-27,901.0,912.0,900.0,907.0,29500.0
2001-07-30,907.0,911.0,880.0,900.0,51900.0
2001-07-31,900.0,920.0,897.0,902.0,55400.0
2001-08-01,919.0,920.0,910.0,913.0,26200.0
2001-08-02,913.0,930.0,910.0,915.0,46900.0
2001-08-03,928.0,968.0,920.0,940.0,93500.0
2001-08-06,920.0,960.0,920.0,943.0,11200.0
2001-08-07,934.0,942.0,925.0,935.0,34400.0
2001-08-08,946.0,960.0,935.0,952.0,56800.0
2001-08-09,936.0,950.0,920.0,944.0,20500.0
2001-08-10,921.0,939.0,921.0,926.0,32100.0
2001-08-13,930.0,930.0,895.0,899.0,90400.0
2001-08-14,899.0,909.0,890.0,903.0,91100.0
2001-08-16,908.0,917.0,887.0,887.0,47100.0
2001-08-17,880.0,891.0,875.0,885.0,74800.0
2001-08-20,900.0,914.0,880.0,880.0,83400.0
2001-08-21,871.0,910.0,871.0,910.0,54300.0
2001-08-22,910.0,910.0,871.0,887.0,74000.0
2001-08-23,880.0,909.0,877.0,889.0,71000.0
2001-08-24,882.0,900.0,878.0,888.0,67400.0
2001-08-27,889.0,903.0,883.0,893.0,36100.0
2001-08-28,890.0,924.0,880.0,904.0,105400.0
2001-08-29,910.0,960.0,894.0,902.0,311200.0
2001-08-30,905.0,905.0,870.0,873.0,129100.0
2001-08-31,851.0,865.0,801.0,804.0,129100.0
2001-09-03,821.0,839.0,810.0,826.0,77500.0
2001-09-04,801.0,824.0,801.0,820.0,25500.0
2001-09-05,805.0,820.0,805.0,817.0,66300.0
2001-09-06,812.0,838.0,812.0,833.0,78100.0
2001-09-07,833.0,835.0,813.0,827.0,68800.0
2001-09-10,810.0,824.0,810.0,823.0,42400.0
2001-09-11,821.0,849.0,821.0,826.0,59300.0
2001-09-12,703.0,703.0,703.0,703.0,57000.0
2001-09-13,603.0,699.0,603.0,686.0,99900.0
2001-09-14,685.0,690.0,584.0,584.0,143600.0
2001-09-17,578.0,578.0,497.0,497.0,128400.0
2001-09-18,500.0,570.0,500.0,570.0,184200.0
2001-09-19,600.0,655.0,585.0,655.0,230400.0
2001-09-20,675.0,747.0,630.0,662.0,242600.0
2001-09-21,630.0,630.0,600.0,619.0,58100.0
2001-09-24,634.0,711.0,634.0,711.0,246300.0
2001-09-25,730.0,800.0,695.0,700.0,430100.0
2001-09-26,750.0,751.0,710.0,739.0,74500.0
2001-09-27,800.0,800.0,713.0,722.0,79200.0
2001-09-28,740.0,740.0,706.0,729.0,35600.0
2001-10-04,730.0,760.0,726.0,745.0,136300.0
2001-10-05,745.0,745.0,715.0,720.0,49600.0
2001-10-08,670.0,715.0,670.0,685.0,28400.0
2001-10-09,696.0,715.0,690.0,701.0,40000.0
2001-10-10,725.0,725.0,705.0,705.0,18100.0
2001-10-11,721.0,749.0,716.0,748.0,88100.0
2001-10-12,750.0,750.0,710.0,730.0,44400.0
2001-10-15,718.0,747.0,718.0,727.0,48700.0
2001-10-16,730.0,745.0,725.0,742.0,41300.0
2001-10-17,742.0,780.0,727.0,765.0,74800.0
2001-10-18,750.0,775.0,732.0,748.0,28900.0
2001-10-19,731.0,849.0,731.0,807.0,178700.0
2001-10-22,765.0,809.0,765.0,793.0,30800.0
2001-10-23,810.0,850.0,791.0,801.0,48700.0
2001-10-24,801.0,816.0,775.0,815.0,64500.0
2001-10-25,820.0,832.0,796.0,801.0,43200.0
2001-10-26,790.0,800.0,751.0,782.0,27600.0
2001-10-29,800.0,800.0,756.0,759.0,34800.0
2001-10-30,758.0,870.0,751.0,772.0,97100.0
2001-10-31,771.0,780.0,750.0,759.0,26900.0
2001-11-01,751.0,820.0,751.0,774.0,102300.0
2001-11-02,764.0,810.0,764.0,791.0,89700.0
2001-11-05,820.0,825.0,775.0,798.0,84400.0
2001-11-06,798.0,810.0,786.0,799.0,50400.0
2001-11-07,799.0,799.0,783.0,794.0,43400.0
2001-11-08,810.0,810.0,785.0,795.0,17900.0
2001-11-09,805.0,895.0,801.0,831.0,381700.0
2001-11-12,851.0,851.0,804.0,810.0,197800.0
2001-11-13,816.0,820.0,790.0,800.0,77700.0
2001-11-14,801.0,822.0,801.0,804.0,143100.0
2001-11-15,801.0,824.0,797.0,805.0,79000.0
2001-11-16,820.0,885.0,802.0,857.0,339700.0
2001-11-19,897.0,985.0,880.0,985.0,696600.0
2001-11-20,1000.0,1125.0,985.0,990.0,855500.0
2001-11-21,1020.0,1030.0,921.0,939.0,320500.0
2001-11-22,942.0,970.0,880.0,900.0,338900.0
2001-11-23,901.0,940.0,883.0,900.0,274700.0
2001-11-26,890.0,927.0,890.0,909.0,145400.0
2001-11-27,934.0,935.0,900.0,900.0,169500.0
2001-11-28,886.0,900.0,850.0,850.0,146500.0
2001-11-29,820.0,849.0,800.0,821.0,176700.0
2001-11-30,825.0,892.0,825.0,858.0,141500.0
2001-12-03,841.0,884.0,841.0,860.0,64700.0
2001-12-04,850.0,850.0,820.0,834.0,134500.0
2001-12-05,840.0,840.0,817.0,825.0,177500.0
2001-12-06,825.0,850.0,821.0,821.0,82400.0
2001-12-07,821.0,830.0,810.0,819.0,98700.0
2001-12-10,820.0,820.0,801.0,810.0,60700.0
2001-12-11,820.0,820.0,800.0,810.0,98300.0
2001-12-12,812.0,834.0,807.0,823.0,68600.0
2001-12-13,816.0,835.0,810.0,811.0,56800.0
2001-12-14,810.0,843.0,790.0,830.0,138900.0
2001-12-17,830.0,858.0,816.0,816.0,73400.0
2001-12-18,820.0,825.0,801.0,801.0,44200.0
2001-12-19,801.0,809.0,786.0,797.0,54500.0
2001-12-20,795.0,800.0,780.0,781.0,103700.0
2001-12-21,771.0,782.0,755.0,755.0,49700.0
2001-12-24,703.0,755.0,703.0,730.0,204600.0
2001-12-26,712.0,740.0,712.0,725.0,40500.0
2001-12-27,740.0,745.0,721.0,722.0,19600.0
2001-12-28,711.0,765.0,711.0,763.0,57000.0
2002-01-02,781.0,781.0,751.0,755.0,26900.0
2002-01-03,760.0,772.0,750.0,765.0,53600.0
2002-01-04,752.0,780.0,751.0,768.0,95100.0
2002-01-07,777.0,777.0,753.0,755.0,94210.0
2002-01-08,761.0,770.0,750.0,760.0,57500.0
2002-01-09,751.0,774.0,751.0,763.0,74000.0
2002-01-10,780.0,829.0,780.0,795.0,126400.0
2002-01-11,820.0,820.0,783.0,790.0,67900.0
2002-01-14,770.0,790.0,752.0,755.0,65200.0
2002-01-15,755.0,770.0,739.0,755.0,63900.0
2002-01-16,744.0,765.0,730.0,750.0,30700.0
2002-01-17,750.0,758.0,745.0,745.0,37100.0
2002-01-18,767.0,767.0,746.0,746.0,44100.0
2002-01-21,768.0,768.0,744.0,759.0,17000.0
2002-01-22,760.0,774.0,748.0,750.0,23100.0
2002-01-23,750.0,752.0,744.0,752.0,39900.0
2002-01-24,767.0,769.0,745.0,761.0,37500.0
2002-01-25,754.0,760.0,753.0,755.0,31000.0
2002-01-28,748.0,774.0,748.0,764.0,87900.0
2002-01-29,800.0,878.0,791.0,878.0,537900.0
2002-01-30,930.0,1005.0,870.0,900.0,1418800.0
2002-01-31,950.0,950.0,845.0,871.0,420800.0
2002-02-01,886.0,899.0,810.0,822.0,321300.0
2002-02-04,805.0,829.0,802.0,815.0,200900.0
2002-02-05,831.0,836.0,802.0,813.0,131500.0
2002-02-06,815.0,820.0,772.0,820.0,208900.0
2002-02-07,830.0,830.0,795.0,795.0,61300.0
2002-02-08,760.0,793.0,760.0,771.0,178200.0
2002-02-14,788.0,804.0,772.0,780.0,47100.0
2002-02-15,780.0,799.0,774.0,798.0,53200.0
2002-02-18,898.0,898.0,812.0,859.0,132100.0
2002-02-19,856.0,856.0,813.0,813.0,66100.0
2002-02-20,813.0,830.0,813.0,817.0,39500.0
2002-02-21,821.0,857.0,816.0,835.0,124900.0
2002-02-22,835.0,875.0,810.0,841.0,91200.0
2002-02-25,900.0,900.0,850.0,890.0,199900.0
2002-02-26,900.0,910.0,842.0,842.0,149470.0
2002-02-27,850.0,860.0,840.0,850.0,47800.0
2002-02-28,850.0,855.0,833.0,854.0,151600.0
2002-03-04,840.0,870.0,840.0,850.0,110100.0
2002-03-05,850.0,865.0,821.0,836.0,189000.0
2002-03-06,841.0,841.0,816.0,826.0,99400.0
2002-03-07,826.0,834.0,817.0,830.0,134000.0
2002-03-08,830.0,885.0,830.0,857.0,316500.0
2002-03-11,870.0,889.0,860.0,870.0,173800.0
2002-03-12,872.0,884.0,856.0,860.0,133900.0
2002-03-13,884.0,884.0,851.0,855.0,104600.0
2002-03-14,855.0,860.0,845.0,847.0,102400.0
2002-03-15,831.0,862.0,831.0,860.0,176700.0
2002-03-18,870.0,905.0,860.0,900.0,285100.0
2002-03-19,913.0,919.0,875.0,900.0,199500.0
2002-03-20,910.0,950.0,890.0,930.0,371900.0
2002-03-21,940.0,940.0,913.0,913.0,227000.0
2002-03-22,905.0,920.0,825.0,900.0,185300.0
2002-03-25,845.0,899.0,845.0,865.0,124400.0
2002-03-26,870.0,874.0,844.0,850.0,120600.0
2002-03-27,850.0,879.0,847.0,851.0,67000.0
2002-03-28,870.0,870.0,840.0,840.0,56500.0
2002-03-29,840.0,863.0,821.0,830.0,97800.0
2002-04-01,816.0,837.0,799.0,799.0,106700.0
2002-04-02,790.0,796.0,780.0,783.0,111300.0
2002-04-03,807.0,807.0,789.0,795.0,72500.0
2002-04-04,793.0,810.0,772.0,809.0,64800.0
2002-04-08,815.0,815.0,795.0,809.0,60500.0
2002-04-09,782.0,799.0,782.0,796.0,27600.0
2002-04-10,799.0,799.0,780.0,792.0,38000.0
2002-04-11,780.0,792.0,771.0,781.0,39100.0
2002-04-12,785.0,790.0,780.0,780.0,16500.0
2002-04-15,774.0,799.0,774.0,780.0,78900.0
2002-04-16,781.0,790.0,774.0,780.0,49400.0
2002-04-17,783.0,796.0,779.0,789.0,118000.0
2002-04-18,792.0,792.0,775.0,776.0,57700.0
2002-04-19,776.0,779.0,765.0,765.0,47800.0
2002-04-22,765.0,777.0,750.0,752.0,37080.0
2002-04-23,730.0,752.0,730.0,747.0,35100.0
2002-04-24,752.0,778.0,752.0,777.0,61810.0
2002-04-25,775.0,775.0,723.0,769.0,64500.0
2002-04-26,757.0,767.0,740.0,762.0,52500.0
2002-04-29,739.0,769.0,728.0,728.0,80900.0
2002-04-30,730.0,737.0,714.0,725.0,28000.0
2002-05-02,719.0,735.0,703.0,730.0,32700.0
2002-05-03,715.0,735.0,707.0,711.0,54100.0
2002-05-06,707.0,779.0,707.0,735.0,58400.0
2002-05-07,715.0,730.0,715.0,716.0,34000.0
2002-05-08,730.0,739.0,717.0,730.0,15300.0
2002-05-09,720.0,769.0,720.0,750.0,42700.0
2002-05-10,735.0,739.0,720.0,723.0,12000.0
2002-05-13,740.0,742.0,714.0,742.0,38800.0
2002-05-14,731.0,746.0,725.0,745.0,49400.0
2002-05-15,741.0,746.0,722.0,725.0,11310.0
2002-05-16,738.0,739.0,720.0,732.0,36600.0
2002-05-17,730.0,732.0,709.0,712.0,70000.0
2002-05-20,715.0,735.0,715.0,717.0,37400.0
2002-05-21,720.0,727.0,710.0,710.0,48400.0
2002-05-22,701.0,725.0,700.0,704.0,40300.0
2002-05-23,710.0,725.0,700.0,703.0,48300.0
2002-05-24,719.0,719.0,701.0,701.0,16500.0
2002-05-27,700.0,710.0,695.0,709.0,49700.0
2002-05-28,695.0,723.0,695.0,721.0,77200.0
2002-05-29,721.0,784.0,713.0,760.0,180000.0
2002-05-30,740.0,758.0,729.0,742.0,79400.0
2002-05-31,720.0,749.0,715.0,715.0,35700.0
2002-06-03,700.0,740.0,700.0,728.0,61000.0
2002-06-04,735.0,735.0,711.0,724.0,24300.0
2002-06-05,724.0,727.0,692.0,692.0,44100.0
2002-06-07,708.0,714.0,692.0,702.0,32800.0
2002-06-10,702.0,739.0,694.0,709.0,21400.0
2002-06-11,789.0,815.0,731.0,815.0,247100.0
2002-06-12,861.0,914.0,770.0,800.0,1206700.0
2002-06-14,820.0,840.0,704.0,749.0,354000.0
2002-06-17,760.0,760.0,720.0,730.0,129700.0
2002-06-18,711.0,738.0,711.0,721.0,170000.0
2002-06-19,720.0,756.0,720.0,731.0,276600.0
2002-06-20,735.0,835.0,735.0,780.0,454300.0
2002-06-21,810.0,820.0,761.0,783.0,307900.0
2002-06-24,765.0,900.0,765.0,900.0,993100.0
2002-06-25,990.0,990.0,862.0,895.0,1669400.0
2002-06-26,920.0,1025.0,911.0,1025.0,2636700.0
2002-06-27,1170.0,1175.0,1125.0,1175.0,360100.0
2002-06-28,1350.0,1350.0,1325.0,1350.0,1270800.0
2002-07-02,1400.0,1530.0,1300.0,1400.0,6395420.0
2002-07-03,1490.0,1610.0,1280.0,1610.0,4274420.0
2002-07-04,1710.0,1820.0,1450.0,1450.0,6825190.0
2002-07-05,1415.0,1525.0,1285.0,1285.0,4388700.0
2002-07-08,1320.0,1410.0,1210.0,1295.0,4680090.0
2002-07-09,1350.0,1485.0,1285.0,1485.0,6860500.0
2002-07-10,1530.0,1575.0,1400.0,1410.0,5341390.0
2002-07-11,1400.0,1410.0,1200.0,1210.0,1953720.0
2002-07-12,1260.0,1275.0,1150.0,1225.0,1423590.0
2002-07-15,1205.0,1335.0,1205.0,1290.0,3050730.0
2002-07-16,1265.0,1315.0,1175.0,1220.0,1325100.0
2002-07-18,1300.0,1390.0,1255.0,1260.0,3088190.0
2002-07-19,1245.0,1445.0,1235.0,1445.0,4714000.0
2002-07-22,1455.0,1655.0,1375.0,1465.0,7050710.0
2002-07-23,1475.0,1535.0,1250.0,1250.0,4088700.0
2002-07-24,1270.0,1310.0,1120.0,1125.0,2792040.0
2002-07-25,1170.0,1215.0,1060.0,1130.0,1577640.0
2002-07-26,1100.0,1165.0,1005.0,1010.0,1048500.0
2002-07-29,990.0,1045.0,931.0,940.0,1147540.0
2002-07-30,964.0,995.0,940.0,940.0,897060.0
2002-07-31,940.0,1080.0,940.0,1080.0,2074900.0
2002-08-01,1120.0,1130.0,985.0,1000.0,1795060.0
2002-08-02,1010.0,1010.0,951.0,970.0,743200.0
2002-08-05,941.0,1030.0,941.0,950.0,595300.0
2002-08-06,922.0,930.0,851.0,875.0,615400.0
2002-08-07,900.0,925.0,863.0,876.0,491800.0
2002-08-08,882.0,960.0,867.0,910.0,1044130.0
2002-08-09,911.0,964.0,880.0,880.0,859800.0
2002-08-12,886.0,924.0,867.0,870.0,491100.0
2002-08-13,862.0,890.0,862.0,874.0,364300.0
2002-08-14,874.0,980.0,870.0,923.0,1556930.0
2002-08-16,935.0,940.0,895.0,900.0,491430.0
2002-08-19,911.0,913.0,890.0,900.0,401330.0
2002-08-20,911.0,939.0,902.0,916.0,875230.0
2002-08-21,931.0,1050.0,930.0,1050.0,2497230.0
2002-08-22,1070.0,1100.0,1015.0,1050.0,2692730.0
2002-08-23,1075.0,1205.0,1065.0,1110.0,4129230.0
2002-08-26,1080.0,1150.0,1080.0,1085.0,1154000.0
2002-08-27,1010.0,1090.0,1010.0,1035.0,1010900.0
2002-08-28,1050.0,1190.0,1035.0,1150.0,3688900.0
2002-08-29,1125.0,1210.0,1115.0,1170.0,1663410.0
2002-08-30,1150.0,1180.0,1120.0,1130.0,964000.0
2002-09-02,1135.0,1165.0,1080.0,1160.0,741000.0
2002-09-03,1150.0,1220.0,1120.0,1120.0,886200.0
2002-09-04,1070.0,1135.0,1070.0,1085.0,677440.0
2002-09-05,1105.0,1150.0,1095.0,1140.0,968810.0
2002-09-06,1140.0,1145.0,1070.0,1070.0,390000.0
2002-09-09,1000.0,1050.0,940.0,988.0,919300.0
2002-09-10,975.0,1020.0,960.0,960.0,546000.0
2002-09-11,960.0,990.0,960.0,968.0,512050.0
2002-09-12,979.0,1060.0,967.0,1010.0,1065900.0
2002-09-13,1010.0,1010.0,963.0,970.0,370000.0
2002-09-16,975.0,990.0,956.0,958.0,316700.0
2002-09-17,985.0,1010.0,980.0,981.0,496890.0
2002-09-18,985.0,989.0,953.0,964.0,342800.0
2002-09-19,955.0,990.0,955.0,962.0,144900.0
2002-09-23,950.0,970.0,911.0,911.0,215500.0
2002-09-24,881.0,895.0,851.0,851.0,261800.0
2002-09-25,850.0,887.0,850.0,852.0,265900.0
2002-09-26,862.0,905.0,851.0,851.0,171840.0
2002-09-27,852.0,888.0,845.0,850.0,130800.0
2002-09-30,780.0,813.0,780.0,786.0,173700.0
2002-10-01,781.0,800.0,750.0,800.0,122200.0
2002-10-02,813.0,850.0,790.0,790.0,128100.0
2002-10-04,790.0,815.0,776.0,789.0,151900.0
2002-10-07,765.0,794.0,757.0,760.0,99900.0
2002-10-08,745.0,775.0,745.0,775.0,182200.0
2002-10-09,785.0,788.0,756.0,758.0,163200.0
2002-10-10,743.0,746.0,710.0,713.0,140100.0
2002-10-11,748.0,748.0,711.0,711.0,90300.0
2002-10-14,720.0,786.0,720.0,764.0,190700.0
2002-10-15,760.0,819.0,753.0,800.0,258000.0
2002-10-16,811.0,826.0,770.0,785.0,315000.0
2002-10-17,770.0,815.0,770.0,800.0,201400.0
2002-10-18,825.0,849.0,803.0,820.0,214300.0
2002-10-21,822.0,840.0,775.0,789.0,155300.0
2002-10-22,781.0,810.0,770.0,770.0,106900.0
2002-10-23,800.0,885.0,785.0,885.0,387000.0
2002-10-24,925.0,926.0,836.0,870.0,873600.0
2002-10-25,892.0,951.0,860.0,890.0,681850.0
2002-10-28,881.0,901.0,862.0,901.0,346100.0
2002-10-29,890.0,910.0,871.0,871.0,219670.0
2002-10-30,862.0,874.0,828.0,828.0,261770.0
2002-10-31,840.0,857.0,816.0,819.0,136530.0
2002-11-01,791.0,845.0,791.0,824.0,264300.0
2002-11-04,818.0,840.0,818.0,830.0,166200.0
2002-11-05,830.0,840.0,820.0,829.0,107410.0
2002-11-06,831.0,855.0,822.0,850.0,168600.0
2002-11-07,835.0,860.0,829.0,840.0,205600.0
2002-11-08,811.0,860.0,811.0,830.0,182100.0
2002-11-11,847.0,847.0,802.0,802.0,73900.0
2002-11-12,776.0,814.0,776.0,790.0,70500.0
2002-11-13,792.0,814.0,780.0,781.0,55100.0
2002-11-14,771.0,800.0,771.0,790.0,82400.0
2002-11-15,805.0,830.0,802.0,819.0,65000.0
2002-11-18,791.0,835.0,791.0,806.0,74600.0
2002-11-19,815.0,815.0,801.0,801.0,25400.0
2002-11-20,756.0,797.0,756.0,792.0,176540.0
2002-11-21,820.0,825.0,790.0,799.0,109700.0
2002-11-22,825.0,825.0,785.0,785.0,131000.0
2002-11-25,795.0,819.0,790.0,800.0,118890.0
2002-11-26,801.0,810.0,785.0,806.0,108100.0
2002-11-27,806.0,817.0,800.0,802.0,86110.0
2002-11-28,807.0,848.0,807.0,823.0,297440.0
2002-11-29,832.0,835.0,810.0,812.0,154300.0
2002-12-02,806.0,829.0,806.0,820.0,142700.0
2002-12-03,820.0,830.0,820.0,830.0,200800.0
2002-12-04,843.0,879.0,835.0,860.0,794270.0
2002-12-05,866.0,945.0,865.0,882.0,1146500.0
2002-12-06,890.0,895.0,844.0,850.0,322100.0
2002-12-09,833.0,856.0,822.0,837.0,242600.0
2002-12-10,820.0,831.0,810.0,811.0,127200.0
2002-12-11,811.0,828.0,810.0,816.0,104100.0
2002-12-12,804.0,823.0,804.0,810.0,127000.0
2002-12-13,824.0,825.0,810.0,825.0,104200.0
2002-12-16,821.0,826.0,803.0,813.0,67900.0
2002-12-17,820.0,827.0,806.0,810.0,89720.0
2002-12-18,809.0,820.0,805.0,812.0,223800.0
2002-12-20,815.0,819.0,806.0,807.0,86100.0
2002-12-23,804.0,830.0,793.0,806.0,143300.0
2002-12-24,780.0,785.0,750.0,753.0,166800.0
2002-12-26,750.0,764.0,720.0,728.0,114800.0
2002-12-27,721.0,748.0,702.0,724.0,101400.0
2002-12-30,702.0,715.0,660.0,680.0,124100.0
2003-01-02,680.0,700.0,670.0,690.0,88800.0
2003-01-03,710.0,718.0,700.0,704.0,115990.0
2003-01-06,695.0,720.0,685.0,700.0,57800.0
2003-01-07,706.0,720.0,700.0,713.0,154800.0
2003-01-08,716.0,789.0,713.0,735.0,509500.0
2003-01-09,721.0,727.0,702.0,708.0,146700.0
2003-01-10,710.0,728.0,602.0,635.0,156720.0
2003-01-13,640.0,726.0,640.0,711.0,272400.0
2003-01-14,727.0,785.0,720.0,741.0,471020.0
2003-01-15,742.0,770.0,701.0,723.0,252400.0
2003-01-16,715.0,727.0,701.0,705.0,153700.0
2003-01-17,684.0,705.0,684.0,695.0,73810.0
2003-01-20,671.0,695.0,671.0,680.0,113700.0
2003-01-21,698.0,698.0,680.0,681.0,33200.0
2003-01-22,677.0,690.0,675.0,675.0,64400.0
2003-01-23,671.0,690.0,660.0,670.0,63400.0
2003-01-24,662.0,670.0,646.0,651.0,64400.0
2003-01-27,645.0,645.0,615.0,618.0,63500.0
2003-01-28,606.0,657.0,602.0,640.0,82100.0
2003-01-29,640.0,659.0,622.0,650.0,20400.0
2003-01-30,664.0,664.0,636.0,650.0,33100.0
2003-02-03,636.0,650.0,636.0,645.0,31600.0
2003-02-04,660.0,660.0,645.0,655.0,55900.0
2003-02-05,650.0,710.0,650.0,685.0,174600.0
2003-02-06,684.0,684.0,640.0,649.0,64320.0
2003-02-07,649.0,669.0,631.0,631.0,58680.0
2003-02-10,611.0,624.0,611.0,615.0,72900.0
2003-02-11,611.0,637.0,611.0,620.0,49300.0
2003-02-12,620.0,650.0,610.0,647.0,134800.0
2003-02-13,649.0,659.0,631.0,631.0,94950.0
2003-02-14,625.0,650.0,624.0,636.0,41000.0
2003-02-17,637.0,655.0,637.0,650.0,54600.0
2003-02-18,665.0,665.0,635.0,639.0,42800.0
2003-02-19,641.0,659.0,640.0,641.0,58100.0
2003-02-20,656.0,659.0,639.0,652.0,73700.0
2003-02-21,651.0,660.0,649.0,650.0,39600.0
2003-02-24,674.0,674.0,641.0,641.0,34000.0
2003-02-25,635.0,648.0,621.0,622.0,51800.0
2003-02-26,649.0,649.0,617.0,629.0,13400.0
2003-02-27,620.0,620.0,606.0,610.0,65100.0
2003-02-28,611.0,617.0,610.0,610.0,31700.0
2003-03-03,607.0,617.0,607.0,616.0,26300.0
2003-03-04,610.0,610.0,604.0,604.0,12250.0
2003-03-05,598.0,598.0,580.0,580.0,55900.0
2003-03-06,590.0,590.0,566.0,570.0,36000.0
2003-03-07,561.0,561.0,530.0,540.0,46400.0
2003-03-10,530.0,540.0,522.0,523.0,16000.0
2003-03-11,510.0,518.0,500.0,500.0,24800.0
2003-03-12,492.0,540.0,490.0,523.0,25800.0
2003-03-13,540.0,540.0,520.0,521.0,9700.0
2003-03-14,550.0,550.0,525.0,540.0,23700.0
2003-03-17,540.0,540.0,490.0,500.0,38200.0
2003-03-18,520.0,540.0,517.0,539.0,54300.0
2003-03-19,541.0,550.0,517.0,525.0,40000.0
2003-03-20,550.0,562.0,527.0,557.0,62100.0
2003-03-21,560.0,560.0,543.0,553.0,69700.0
2003-03-24,561.0,561.0,550.0,556.0,72500.0
2003-03-25,539.0,540.0,510.0,522.0,38200.0
2003-03-26,539.0,542.0,521.0,529.0,33600.0
2003-03-27,548.0,548.0,529.0,531.0,14200.0
2003-03-28,531.0,536.0,523.0,536.0,8700.0
2003-03-31,536.0,560.0,517.0,558.0,63500.0
2003-04-01,558.0,558.0,510.0,556.0,60060.0
2003-04-02,556.0,563.0,542.0,561.0,21200.0
2003-04-03,551.0,570.0,551.0,570.0,54200.0
2003-04-04,565.0,573.0,560.0,570.0,18500.0
2003-04-07,577.0,584.0,575.0,584.0,25900.0
2003-04-08,593.0,593.0,572.0,593.0,43400.0
2003-04-09,593.0,593.0,572.0,593.0,16700.0
2003-04-10,590.0,590.0,568.0,581.0,15100.0
2003-04-11,585.0,601.0,573.0,587.0,58800.0
2003-04-14,603.0,603.0,581.0,590.0,28700.0
2003-04-15,595.0,620.0,595.0,612.0,68810.0
2003-04-16,615.0,642.0,615.0,642.0,48400.0
2003-04-17,622.0,644.0,621.0,631.0,30500.0
2003-04-18,630.0,654.0,626.0,654.0,72900.0
2003-04-21,655.0,655.0,640.0,650.0,30300.0
2003-04-22,650.0,650.0,627.0,635.0,55700.0
2003-04-23,645.0,645.0,630.0,643.0,35800.0
2003-04-24,650.0,650.0,621.0,650.0,36600.0
2003-04-25,611.0,624.0,601.0,602.0,85300.0
2003-04-28,619.0,619.0,600.0,605.0,29500.0
2003-04-29,634.0,634.0,602.0,619.0,26000.0
2003-04-30,609.0,624.0,609.0,610.0,9400.0
2003-05-02,610.0,613.0,605.0,605.0,24700.0
2003-05-06,609.0,614.0,609.0,609.0,15500.0
2003-05-07,609.0,615.0,609.0,614.0,15000.0
2003-05-09,605.0,615.0,605.0,614.0,17400.0
2003-05-12,616.0,635.0,616.0,625.0,19700.0
2003-05-13,626.0,697.0,625.0,655.0,277700.0
2003-05-14,679.0,753.0,656.0,753.0,826110.0
2003-05-15,830.0,865.0,770.0,782.0,2185620.0
2003-05-16,751.0,769.0,722.0,734.0,696400.0
2003-05-19,750.0,750.0,703.0,729.0,464400.0
2003-05-20,700.0,750.0,700.0,725.0,282300.0
2003-05-21,715.0,747.0,711.0,739.0,351200.0
2003-05-22,757.0,757.0,718.0,727.0,173700.0
2003-05-23,730.0,783.0,717.0,759.0,471850.0
2003-05-26,779.0,820.0,779.0,800.0,289700.0
2003-05-27,840.0,840.0,737.0,750.0,232800.0
2003-05-28,760.0,779.0,740.0,763.0,123700.0
2003-05-29,763.0,765.0,754.0,755.0,143100.0
2003-05-30,742.0,751.0,735.0,735.0,161500.0
2003-06-02,740.0,747.0,724.0,724.0,160920.0
2003-06-03,723.0,750.0,723.0,735.0,95100.0
2003-06-04,774.0,774.0,734.0,746.0,13700.0
2003-06-05,743.0,772.0,743.0,754.0,113500.0
2003-06-09,763.0,770.0,751.0,767.0,59200.0
2003-06-10,762.0,790.0,762.0,766.0,89350.0
2003-06-11,770.0,776.0,750.0,765.0,132400.0
2003-06-12,751.0,780.0,750.0,778.0,126700.0
2003-06-13,785.0,790.0,764.0,766.0,140400.0
2003-06-16,762.0,776.0,762.0,769.0,74800.0
2003-06-17,769.0,779.0,757.0,779.0,126000.0
2003-06-18,779.0,789.0,772.0,781.0,48900.0
2003-06-19,776.0,831.0,775.0,809.0,247800.0
2003-06-20,820.0,820.0,795.0,809.0,82300.0
2003-06-23,800.0,810.0,798.0,800.0,89000.0
2003-06-24,787.0,800.0,776.0,800.0,38300.0
2003-06-25,810.0,829.0,797.0,815.0,35200.0
2003-06-26,815.0,835.0,800.0,830.0,36300.0
2003-06-27,825.0,830.0,811.0,820.0,40800.0
2003-06-30,820.0,829.0,805.0,829.0,12900.0
2003-07-01,825.0,825.0,807.0,810.0,72800.0
2003-07-02,823.0,823.0,802.0,814.0,36700.0
2003-07-03,809.0,828.0,809.0,809.0,61100.0
2003-07-04,800.0,809.0,791.0,793.0,110500.0
2003-07-07,786.0,810.0,785.0,800.0,45500.0
2003-07-08,801.0,818.0,800.0,800.0,65800.0
2003-07-09,795.0,810.0,795.0,797.0,80200.0
2003-07-10,795.0,830.0,790.0,810.0,105300.0
2003-07-11,829.0,830.0,800.0,809.0,84800.0
2003-07-14,819.0,819.0,802.0,805.0,42900.0
2003-07-15,797.0,805.0,788.0,794.0,52300.0
2003-07-16,780.0,800.0,777.0,786.0,69900.0
2003-07-18,786.0,800.0,776.0,781.0,42000.0
2003-07-21,797.0,797.0,762.0,762.0,5400.0
2003-07-22,770.0,770.0,743.0,759.0,39800.0
2003-07-23,707.0,747.0,707.0,736.0,42100.0
2003-07-24,760.0,762.0,740.0,741.0,10100.0
2003-07-25,741.0,775.0,739.0,773.0,1300.0
2003-07-28,761.0,780.0,760.0,777.0,12800.0
2003-07-29,777.0,782.0,757.0,781.0,11800.0
2003-07-30,780.0,780.0,759.0,778.0,2900.0
2003-07-31,760.0,760.0,753.0,760.0,9600.0
2003-08-01,753.0,781.0,753.0,765.0,2600.0
2003-08-04,785.0,785.0,767.0,767.0,13200.0
2003-08-05,767.0,769.0,752.0,767.0,12200.0
2003-08-06,769.0,770.0,745.0,767.0,5700.0
2003-08-07,767.0,767.0,745.0,750.0,23400.0
2003-08-08,750.0,779.0,750.0,779.0,8400.0
2003-08-11,767.0,767.0,754.0,757.0,11300.0
2003-08-12,765.0,840.0,757.0,786.0,276900.0
2003-08-13,799.0,820.0,776.0,800.0,97500.0
2003-08-14,786.0,795.0,776.0,788.0,24200.0
2003-08-18,770.0,790.0,760.0,765.0,27900.0
2003-08-19,765.0,800.0,762.0,788.0,58630.0
2003-08-20,818.0,818.0,775.0,775.0,18300.0
2003-08-21,770.0,798.0,766.0,798.0,18900.0
2003-08-22,775.0,797.0,775.0,785.0,21240.0
2003-08-25,781.0,792.0,780.0,780.0,7800.0
2003-08-26,772.0,790.0,772.0,780.0,4100.0
2003-08-27,773.0,792.0,773.0,776.0,6000.0
2003-08-28,780.0,780.0,770.0,773.0,39300.0
2003-08-29,770.0,780.0,770.0,780.0,27500.0
2003-09-01,780.0,790.0,771.0,779.0,3800.0
2003-09-02,780.0,790.0,772.0,772.0,9200.0
2003-09-03,777.0,801.0,777.0,790.0,54700.0
2003-09-04,823.0,823.0,794.0,815.0,45400.0
2003-09-05,815.0,929.0,815.0,868.0,430490.0
2003-09-08,893.0,980.0,870.0,870.0,701000.0
2003-09-09,851.0,870.0,830.0,845.0,248300.0
2003-09-15,832.0,851.0,821.0,824.0,120500.0
2003-09-16,811.0,830.0,811.0,818.0,98600.0
2003-09-17,819.0,840.0,795.0,801.0,99000.0
2003-09-18,869.0,869.0,811.0,839.0,102500.0
2003-09-19,849.0,849.0,805.0,815.0,93700.0
2003-09-22,797.0,815.0,782.0,788.0,48300.0
2003-09-23,762.0,773.0,752.0,760.0,79900.0
2003-09-24,762.0,798.0,762.0,798.0,30700.0
2003-09-25,762.0,788.0,762.0,775.0,77100.0
2003-09-26,763.0,791.0,763.0,765.0,33300.0
2003-09-29,758.0,758.0,741.0,741.0,22700.0
2003-09-30,749.0,770.0,735.0,744.0,32300.0
2003-10-01,735.0,758.0,725.0,737.0,29500.0
2003-10-02,740.0,752.0,740.0,743.0,7300.0
2003-10-06,740.0,769.0,740.0,750.0,17500.0
2003-10-07,760.0,798.0,742.0,790.0,74300.0
2003-10-08,797.0,797.0,752.0,752.0,28300.0
2003-10-09,740.0,759.0,740.0,759.0,82400.0
2003-10-10,751.0,760.0,750.0,760.0,6400.0
2003-10-13,749.0,756.0,742.0,751.0,25200.0
2003-10-14,775.0,775.0,753.0,755.0,32300.0
2003-10-15,754.0,760.0,750.0,760.0,36600.0
2003-10-16,760.0,800.0,754.0,769.0,99400.0
2003-10-17,770.0,880.0,770.0,782.0,76000.0
2003-10-20,780.0,780.0,770.0,771.0,25400.0
2003-10-21,773.0,792.0,772.0,777.0,34100.0
2003-10-22,800.0,805.0,784.0,790.0,22800.0
2003-10-23,785.0,805.0,785.0,800.0,57400.0
2003-10-24,800.0,800.0,791.0,798.0,65500.0
2003-10-27,811.0,811.0,795.0,795.0,54800.0
2003-10-28,788.0,814.0,786.0,813.0,30100.0
2003-10-29,805.0,812.0,781.0,810.0,48300.0
2003-10-30,810.0,870.0,810.0,850.0,131300.0
2003-10-31,870.0,870.0,824.0,850.0,47000.0
2003-11-03,859.0,859.0,830.0,840.0,22300.0
2003-11-04,868.0,950.0,866.0,915.0,627000.0
2003-11-05,920.0,950.0,881.0,930.0,910300.0
2003-11-06,930.0,933.0,860.0,860.0,300700.0
2003-11-07,884.0,888.0,812.0,816.0,340700.0
2003-11-10,806.0,840.0,795.0,813.0,152700.0
2003-11-11,825.0,825.0,806.0,812.0,50700.0
2003-11-12,810.0,835.0,810.0,817.0,21510.0
2003-11-13,820.0,830.0,805.0,816.0,49900.0
2003-11-14,812.0,821.0,812.0,813.0,23950.0
2003-11-17,822.0,825.0,821.0,825.0,12900.0
2003-11-18,840.0,855.0,815.0,836.0,50600.0
2003-11-19,827.0,840.0,822.0,834.0,22600.0
2003-11-20,834.0,834.0,820.0,821.0,24200.0
2003-11-21,824.0,824.0,815.0,815.0,22800.0
2003-11-24,805.0,812.0,805.0,810.0,17200.0
2003-11-25,807.0,827.0,807.0,827.0,1000.0
2003-11-26,850.0,850.0,816.0,822.0,29700.0
2003-11-27,820.0,820.0,817.0,817.0,14600.0
2003-11-28,817.0,840.0,817.0,837.0,7700.0
2003-12-01,827.0,838.0,826.0,830.0,12700.0
2003-12-02,825.0,828.0,821.0,828.0,13900.0
2003-12-03,823.0,834.0,823.0,834.0,17300.0
2003-12-04,825.0,865.0,825.0,850.0,17100.0
2003-12-05,844.0,899.0,844.0,875.0,20600.0
2003-12-08,897.0,897.0,865.0,865.0,16200.0
2003-12-09,860.0,862.0,858.0,859.0,32400.0
2003-12-10,850.0,869.0,850.0,869.0,3200.0
2003-12-11,857.0,889.0,840.0,888.0,29200.0
2003-12-12,870.0,894.0,867.0,893.0,37900.0
2003-12-15,893.0,900.0,878.0,899.0,23300.0
2003-12-16,878.0,906.0,878.0,890.0,34300.0
2003-12-17,881.0,900.0,881.0,890.0,40900.0
2003-12-18,881.0,903.0,881.0,903.0,44200.0
2003-12-19,893.0,909.0,892.0,908.0,38500.0
2003-12-22,910.0,923.0,894.0,909.0,40100.0
2003-12-23,940.0,940.0,895.0,904.0,92400.0
2003-12-24,891.0,908.0,849.0,876.0,46800.0
2003-12-26,875.0,1005.0,875.0,1005.0,751300.0
2003-12-29,1020.0,1020.0,950.0,989.0,105800.0
2003-12-30,989.0,1050.0,970.0,1050.0,95000.0
2004-01-02,1030.0,1030.0,950.0,950.0,111800.0
2004-01-05,915.0,960.0,914.0,960.0,46000.0
2004-01-06,935.0,940.0,915.0,930.0,23400.0
2004-01-07,918.0,928.0,900.0,910.0,30300.0
2004-01-08,995.0,1030.0,924.0,930.0,41600.0
2004-01-09,930.0,930.0,908.0,921.0,8900.0
2004-01-12,890.0,910.0,890.0,910.0,1300.0
2004-01-13,944.0,944.0,891.0,930.0,6500.0
2004-01-14,930.0,964.0,929.0,958.0,18600.0
2004-01-15,950.0,956.0,916.0,949.0,6800.0
2004-01-16,935.0,935.0,915.0,920.0,5100.0
2004-01-19,905.0,909.0,875.0,883.0,7000.0
2004-01-20,906.0,910.0,906.0,907.0,2600.0
2004-01-26,900.0,919.0,887.0,919.0,4200.0
2004-01-27,891.0,919.0,891.0,892.0,12000.0
2004-01-28,892.0,892.0,892.0,892.0,2000.0
2004-01-29,880.0,899.0,872.0,899.0,8300.0
2004-01-30,906.0,906.0,906.0,906.0,100.0
2004-02-02,894.0,901.0,894.0,901.0,8400.0
2004-02-03,900.0,920.0,900.0,920.0,5100.0
2004-02-04,935.0,945.0,902.0,930.0,20400.0
2004-02-05,937.0,940.0,920.0,940.0,18300.0
2004-02-06,850.0,934.0,850.0,890.0,15600.0
2004-02-09,879.0,910.0,870.0,876.0,28600.0
2004-02-10,897.0,1005.0,896.0,1005.0,279900.0
2004-02-11,1120.0,1155.0,1070.0,1155.0,992850.0
2004-02-12,1185.0,1300.0,1010.0,1040.0,1014650.0
2004-02-13,1050.0,1195.0,1050.0,1195.0,553770.0
2004-02-16,1240.0,1370.0,1130.0,1180.0,1405150.0
2004-02-17,1170.0,1185.0,1095.0,1130.0,620000.0
2004-02-18,1130.0,1130.0,1030.0,1030.0,501750.0
2004-02-19,1055.0,1175.0,1015.0,1020.0,794550.0
2004-02-20,1055.0,1055.0,990.0,1015.0,198300.0
2004-02-23,1040.0,1040.0,975.0,975.0,251290.0
2004-02-24,981.0,1025.0,973.0,1000.0,113300.0
2004-02-25,1015.0,1045.0,981.0,996.0,111000.0
2004-02-26,990.0,999.0,980.0,980.0,103900.0
2004-02-27,1010.0,1010.0,981.0,985.0,112240.0
2004-03-02,970.0,985.0,962.0,969.0,81200.0
2004-03-03,969.0,969.0,950.0,952.0,113300.0
2004-03-04,955.0,988.0,955.0,960.0,58700.0
2004-03-05,957.0,987.0,957.0,987.0,41200.0
2004-03-08,985.0,994.0,970.0,980.0,20300.0
2004-03-09,951.0,992.0,951.0,980.0,16300.0
2004-03-10,980.0,989.0,962.0,963.0,21900.0
2004-03-11,965.0,995.0,964.0,986.0,64270.0
2004-03-12,965.0,989.0,902.0,989.0,47100.0
2004-03-15,980.0,1000.0,961.0,963.0,67500.0
2004-03-16,963.0,974.0,950.0,972.0,32000.0
2004-03-17,950.0,980.0,950.0,950.0,119400.0
2004-03-18,960.0,1075.0,951.0,980.0,158400.0
2004-03-19,980.0,1000.0,971.0,973.0,66600.0
2004-03-22,989.0,990.0,968.0,977.0,27300.0
2004-03-23,975.0,980.0,965.0,967.0,28300.0
2004-03-24,971.0,995.0,970.0,980.0,53890.0
2004-03-25,992.0,1125.0,990.0,1125.0,678590.0
2004-03-26,1065.0,1150.0,1040.0,1095.0,575800.0
2004-03-29,1115.0,1115.0,1020.0,1040.0,240400.0
2004-03-30,1030.0,1065.0,1030.0,1040.0,232200.0
2004-03-31,1045.0,1075.0,1030.0,1040.0,105800.0
2004-04-01,1045.0,1050.0,1015.0,1045.0,116700.0
2004-04-02,1035.0,1100.0,1025.0,1055.0,110900.0
2004-04-06,1060.0,1085.0,1055.0,1070.0,60900.0
2004-04-07,1080.0,1080.0,1035.0,1035.0,90600.0
2004-04-08,1035.0,1075.0,1020.0,1020.0,105900.0
2004-04-09,1040.0,1040.0,1000.0,1000.0,50900.0
2004-04-12,1005.0,1025.0,1000.0,1020.0,34200.0
2004-04-13,1050.0,1050.0,1000.0,1000.0,43300.0
2004-04-14,1005.0,1015.0,985.0,1000.0,46300.0
2004-04-16,1040.0,1100.0,1005.0,1010.0,79900.0
2004-04-19,1010.0,1020.0,1005.0,1005.0,15400.0
2004-04-20,1005.0,1010.0,996.0,997.0,39600.0
2004-04-21,990.0,1005.0,990.0,1005.0,27300.0
2004-04-22,1010.0,1015.0,995.0,1005.0,27700.0
2004-04-23,1040.0,1040.0,995.0,1000.0,19500.0
2004-04-26,1005.0,1025.0,995.0,996.0,16000.0
2004-04-27,994.0,1075.0,994.0,1030.0,140300.0
2004-04-28,1100.0,1180.0,1030.0,1180.0,2123700.0
2004-04-29,1125.0,1140.0,1025.0,1030.0,794000.0
2004-04-30,1035.0,1080.0,1030.0,1030.0,366480.0
2004-05-03,1030.0,1070.0,1025.0,1055.0,206500.0
2004-05-04,1050.0,1080.0,1030.0,1030.0,186700.0
2004-05-06,1030.0,1055.0,1025.0,1035.0,230900.0
2004-05-07,1030.0,1045.0,1005.0,1005.0,209100.0
2004-05-10,1005.0,1015.0,900.0,931.0,226620.0
2004-05-11,905.0,945.0,905.0,931.0,69400.0
2004-05-12,916.0,940.0,910.0,940.0,72700.0
2004-05-13,940.0,940.0,924.0,932.0,54700.0
2004-05-14,930.0,930.0,905.0,906.0,92900.0
2004-05-17,900.0,930.0,830.0,878.0,88400.0
2004-05-18,870.0,875.0,854.0,871.0,50000.0
2004-05-19,860.0,910.0,860.0,900.0,48700.0
2004-05-20,960.0,960.0,895.0,895.0,23900.0
2004-05-21,900.0,921.0,890.0,913.0,11900.0
2004-05-24,930.0,930.0,900.0,900.0,42200.0
2004-05-25,900.0,911.0,883.0,900.0,31700.0
2004-05-27,890.0,920.0,886.0,913.0,17800.0
2004-05-28,899.0,915.0,899.0,914.0,55800.0
2004-05-31,940.0,940.0,890.0,891.0,8800.0
2004-06-01,906.0,909.0,906.0,909.0,11700.0
2004-06-02,900.0,915.0,890.0,900.0,8300.0
2004-06-03,900.0,900.0,882.0,882.0,46000.0
2004-06-04,899.0,899.0,875.0,886.0,30000.0
2004-06-07,900.0,900.0,900.0,900.0,9000.0
2004-06-08,890.0,914.0,890.0,908.0,14000.0
2004-06-09,920.0,920.0,894.0,907.0,2500.0
2004-06-10,903.0,903.0,887.0,887.0,76400.0
2004-06-11,919.0,919.0,888.0,888.0,76400.0
2004-06-14,900.0,900.0,895.0,895.0,11100.0
2004-06-15,900.0,960.0,890.0,900.0,12900.0
2004-06-16,903.0,1000.0,900.0,915.0,46100.0
2004-06-17,948.0,948.0,900.0,937.0,3300.0
2004-06-18,939.0,1040.0,901.0,937.0,221500.0
2004-06-21,937.0,937.0,893.0,902.0,68440.0
2004-06-22,935.0,935.0,881.0,884.0,40740.0
2004-06-23,880.0,899.0,875.0,875.0,20000.0
2004-06-24,875.0,910.0,875.0,900.0,7300.0
2004-06-25,914.0,914.0,887.0,910.0,15900.0
2004-06-28,930.0,930.0,894.0,895.0,8200.0
2004-06-29,882.0,912.0,882.0,911.0,4100.0
2004-06-30,890.0,970.0,890.0,970.0,20800.0
2004-07-01,931.0,957.0,931.0,931.0,7300.0
2004-07-02,944.0,944.0,914.0,925.0,15600.0
2004-07-05,926.0,926.0,915.0,915.0,200.0
2004-07-06,919.0,927.0,912.0,927.0,4600.0
2004-07-07,924.0,924.0,915.0,923.0,2400.0
2004-07-08,901.0,911.0,896.0,896.0,18300.0
2004-07-09,943.0,943.0,891.0,894.0,9400.0
2004-07-12,895.0,900.0,881.0,900.0,18500.0
2004-07-13,902.0,906.0,891.0,906.0,2100.0
2004-07-14,886.0,944.0,886.0,922.0,9200.0
2004-07-15,900.0,917.0,898.0,917.0,1800.0
2004-07-16,920.0,920.0,894.0,896.0,8400.0
2004-07-19,920.0,920.0,920.0,920.0,1000.0
2004-07-20,929.0,929.0,911.0,911.0,1200.0
2004-07-21,911.0,916.0,896.0,916.0,3600.0
2004-07-22,924.0,930.0,894.0,930.0,16500.0
2004-07-23,930.0,965.0,915.0,937.0,23300.0
2004-07-26,940.0,960.0,932.0,939.0,67700.0
2004-07-27,970.0,970.0,917.0,919.0,41200.0
2004-07-28,937.0,937.0,916.0,916.0,3600.0
2004-07-29,917.0,960.0,905.0,919.0,30100.0
2004-07-30,942.0,942.0,905.0,920.0,10400.0
2004-08-02,925.0,1000.0,923.0,959.0,223600.0
2004-08-03,990.0,990.0,942.0,945.0,163100.0
2004-08-04,958.0,958.0,880.0,887.0,146400.0
2004-08-05,886.0,912.0,886.0,889.0,32900.0
2004-08-06,887.0,930.0,887.0,924.0,39000.0
2004-08-09,920.0,920.0,880.0,883.0,75400.0
2004-08-10,889.0,893.0,885.0,887.0,10700.0
2004-08-11,887.0,916.0,885.0,891.0,9600.0
2004-08-12,895.0,908.0,890.0,907.0,11300.0
2004-08-13,913.0,913.0,895.0,895.0,43770.0
2004-08-16,1000.0,1025.0,970.0,1025.0,1510770.0
2004-08-17,1095.0,1175.0,1090.0,1175.0,933520.0
2004-08-18,1290.0,1350.0,1050.0,1120.0,3421900.0
2004-08-19,1105.0,1105.0,955.0,990.0,1064620.0
2004-08-20,1025.0,1135.0,1005.0,1135.0,3810820.0
2004-08-23,982.0,1020.0,965.0,965.0,1991940.0
2004-08-24,966.0,980.0,935.0,940.0,405000.0
2004-08-25,950.0,970.0,940.0,944.0,319710.0
2004-08-26,935.0,947.0,935.0,939.0,251800.0
2004-08-27,940.0,949.0,925.0,925.0,199900.0
2004-08-30,927.0,950.0,927.0,931.0,132700.0
2004-08-31,927.0,943.0,922.0,936.0,91800.0
2004-09-01,935.0,950.0,935.0,950.0,185410.0
2004-09-02,945.0,953.0,940.0,945.0,73300.0
2004-09-03,943.0,978.0,943.0,947.0,237300.0
2004-09-06,965.0,966.0,948.0,962.0,95610.0
2004-09-07,955.0,959.0,945.0,950.0,77100.0
2004-09-08,941.0,959.0,941.0,953.0,73130.0
2004-09-09,958.0,960.0,943.0,958.0,46900.0
2004-09-10,948.0,958.0,943.0,951.0,47600.0
2004-09-13,950.0,959.0,943.0,950.0,63200.0
2004-09-14,950.0,955.0,940.0,950.0,81200.0
2004-09-15,944.0,955.0,940.0,948.0,43600.0
2004-09-16,942.0,954.0,940.0,944.0,38320.0
2004-09-17,944.0,955.0,940.0,945.0,116090.0
2004-09-20,947.0,964.0,941.0,945.0,129910.0
2004-09-21,946.0,962.0,925.0,941.0,321900.0
2004-09-22,937.0,945.0,930.0,930.0,154380.0
2004-09-23,930.0,930.0,925.0,927.0,34100.0
2004-09-24,927.0,930.0,925.0,930.0,15000.0
2004-09-30,930.0,935.0,920.0,935.0,59500.0
2004-10-01,936.0,955.0,936.0,941.0,108200.0
2004-10-04,945.0,962.0,945.0,955.0,99400.0
2004-10-05,955.0,974.0,950.0,959.0,136900.0
2004-10-06,951.0,967.0,945.0,950.0,112080.0
2004-10-07,946.0,974.0,945.0,960.0,221600.0
2004-10-08,965.0,980.0,952.0,965.0,145720.0
2004-10-11,961.0,998.0,961.0,996.0,221900.0
2004-10-12,995.0,995.0,967.0,967.0,137850.0
2004-10-13,974.0,974.0,958.0,958.0,81460.0
2004-10-14,950.0,956.0,950.0,950.0,37180.0
2004-10-15,945.0,970.0,945.0,970.0,49800.0
2004-10-18,960.0,980.0,952.0,964.0,32300.0
2004-10-19,970.0,980.0,965.0,966.0,47300.0
2004-10-20,979.0,980.0,960.0,968.0,66700.0
2004-10-21,962.0,975.0,962.0,966.0,18500.0
2004-10-22,961.0,967.0,961.0,964.0,46310.0
2004-10-25,958.0,963.0,946.0,950.0,78500.0
2004-10-26,950.0,955.0,946.0,950.0,8100.0
2004-10-27,986.0,986.0,940.0,951.0,79900.0
2004-10-28,965.0,965.0,950.0,954.0,2300.0
2004-10-29,955.0,986.0,955.0,971.0,72600.0
2004-11-01,972.0,1065.0,971.0,1030.0,321300.0
2004-11-02,1035.0,1085.0,1035.0,1035.0,212900.0
2004-11-03,1050.0,1060.0,1015.0,1020.0,123500.0
2004-11-04,1020.0,1050.0,1020.0,1030.0,65700.0
2004-11-05,1040.0,1130.0,1040.0,1055.0,472700.0
2004-11-08,1075.0,1095.0,1065.0,1085.0,145200.0
2004-11-09,1100.0,1185.0,1100.0,1115.0,567200.0
2004-11-10,1135.0,1135.0,1090.0,1090.0,306650.0
2004-11-11,1120.0,1130.0,1075.0,1120.0,282600.0
2004-11-12,1130.0,1150.0,1100.0,1100.0,299030.0
2004-11-15,1100.0,1155.0,1090.0,1110.0,314800.0
2004-11-16,1145.0,1165.0,1130.0,1145.0,312400.0
2004-11-17,1150.0,1170.0,1140.0,1140.0,218700.0
2004-11-18,1165.0,1170.0,1130.0,1135.0,233100.0
2004-11-19,1135.0,1200.0,1135.0,1180.0,436500.0
2004-11-22,1160.0,1175.0,1140.0,1145.0,168400.0
2004-11-23,1150.0,1170.0,1135.0,1165.0,189200.0
2004-11-24,1135.0,1165.0,1130.0,1130.0,209530.0
2004-11-25,1140.0,1180.0,1135.0,1150.0,151600.0
2004-11-26,1170.0,1230.0,1145.0,1190.0,308500.0
2004-11-29,1200.0,1280.0,1200.0,1240.0,200800.0
2004-11-30,1255.0,1275.0,1235.0,1255.0,66930.0
2004-12-01,1285.0,1340.0,1240.0,1245.0,222910.0
2004-12-02,1275.0,1290.0,1250.0,1270.0,86500.0
2004-12-03,1270.0,1300.0,1245.0,1280.0,155210.0
2004-12-06,1310.0,1340.0,1285.0,1295.0,101900.0
2004-12-07,1265.0,1320.0,1230.0,1255.0,63600.0
2004-12-08,1245.0,1275.0,1205.0,1245.0,101000.0
2004-12-09,1270.0,1270.0,1230.0,1230.0,29500.0
2004-12-10,1225.0,1250.0,1195.0,1200.0,128800.0
2004-12-13,1185.0,1230.0,1185.0,1190.0,76300.0
2004-12-14,1190.0,1200.0,1185.0,1190.0,59800.0
2004-12-15,1180.0,1200.0,1180.0,1190.0,95010.0
2004-12-16,1235.0,1235.0,1190.0,1220.0,70000.0
2004-12-17,1240.0,1250.0,1220.0,1220.0,92710.0
2004-12-20,1210.0,1235.0,1185.0,1205.0,94300.0
2004-12-21,1190.0,1205.0,1190.0,1190.0,125200.0
2004-12-22,1210.0,1235.0,1190.0,1195.0,192500.0
2004-12-23,1195.0,1215.0,1195.0,1200.0,188410.0
2004-12-24,1195.0,1220.0,1195.0,1210.0,124700.0
2004-12-27,1195.0,1235.0,1195.0,1230.0,175310.0
2004-12-28,1245.0,1250.0,1235.0,1240.0,169800.0
2004-12-29,1190.0,1190.0,1145.0,1170.0,47600.0
2004-12-30,1170.0,1200.0,1170.0,1190.0,53100.0
2005-01-03,1195.0,1200.0,1180.0,1190.0,83700.0
2005-01-04,1180.0,1215.0,1150.0,1175.0,133150.0
2005-01-05,1160.0,1210.0,1160.0,1210.0,101000.0
2005-01-06,1220.0,1220.0,1170.0,1190.0,97500.0
2005-01-07,1195.0,1200.0,1170.0,1180.0,88910.0
2005-01-10,1170.0,1190.0,1170.0,1185.0,51600.0
2005-01-11,1170.0,1175.0,1145.0,1150.0,109700.0
2005-01-12,1150.0,1165.0,1150.0,1150.0,15710.0
2005-01-13,1155.0,1170.0,1150.0,1165.0,92600.0
2005-01-14,1165.0,1180.0,1150.0,1180.0,37400.0
2005-01-17,1180.0,1195.0,1175.0,1190.0,57600.0
2005-01-18,1215.0,1230.0,1185.0,1220.0,89300.0
2005-01-19,1190.0,1240.0,1190.0,1220.0,91100.0
2005-01-20,1230.0,1235.0,1200.0,1215.0,78000.0
2005-01-21,1215.0,1220.0,1195.0,1200.0,42100.0
2005-01-24,1190.0,1295.0,1190.0,1275.0,125810.0
2005-01-25,1290.0,1300.0,1260.0,1280.0,61800.0
2005-01-26,1275.0,1320.0,1250.0,1270.0,67200.0
2005-01-27,1275.0,1280.0,1250.0,1260.0,53200.0
2005-01-28,1260.0,1280.0,1245.0,1260.0,66410.0
2005-01-31,1280.0,1445.0,1280.0,1445.0,827330.0
2005-02-01,1480.0,1500.0,1405.0,1470.0,704400.0
2005-02-02,1470.0,1490.0,1400.0,1485.0,316800.0
2005-02-03,1500.0,1500.0,1435.0,1435.0,112600.0
2005-02-04,1430.0,1495.0,1430.0,1485.0,94200.0
2005-02-07,1500.0,1560.0,1480.0,1540.0,134910.0
2005-02-11,1555.0,1555.0,1510.0,1545.0,61510.0
2005-02-14,1535.0,1630.0,1530.0,1595.0,209310.0
2005-02-15,1595.0,1750.0,1590.0,1690.0,80510.0
2005-02-16,1695.0,1700.0,1600.0,1680.0,185200.0
2005-02-17,1715.0,1715.0,1600.0,1660.0,267510.0
2005-02-18,1685.0,1685.0,1620.0,1660.0,92900.0
2005-02-21,1650.0,1660.0,1610.0,1635.0,84300.0
2005-02-22,1620.0,1660.0,1600.0,1640.0,130720.0
2005-02-23,1640.0,1670.0,1580.0,1655.0,70400.0
2005-02-24,1625.0,1740.0,1625.0,1695.0,262810.0
2005-02-25,1745.0,1750.0,1650.0,1700.0,93510.0
2005-02-28,1690.0,1720.0,1650.0,1695.0,106210.0
2005-03-02,1720.0,1840.0,1690.0,1840.0,243800.0
2005-03-03,1840.0,1990.0,1840.0,1940.0,333760.0
2005-03-04,1950.0,1950.0,1850.0,1875.0,122700.0
2005-03-07,1880.0,1935.0,1815.0,1815.0,230130.0
2005-03-08,1805.0,1830.0,1705.0,1705.0,161200.0
2005-03-09,1720.0,1820.0,1710.0,1810.0,259700.0
2005-03-10,1815.0,1840.0,1775.0,1790.0,111900.0
2005-03-11,1780.0,1845.0,1740.0,1790.0,124340.0
2005-03-14,1800.0,1850.0,1800.0,1845.0,88900.0
2005-03-15,1845.0,1915.0,1795.0,1810.0,213300.0
2005-03-16,1810.0,1885.0,1710.0,1835.0,337600.0
2005-03-17,1810.0,1820.0,1775.0,1805.0,89600.0
2005-03-18,1810.0,1825.0,1670.0,1730.0,193900.0
2005-03-21,1715.0,1740.0,1650.0,1660.0,108900.0
2005-03-22,1700.0,1700.0,1660.0,1685.0,100200.0
2005-03-23,1685.0,1710.0,1650.0,1660.0,88800.0
2005-03-24,1690.0,1700.0,1620.0,1700.0,64080.0
2005-03-25,1665.0,1700.0,1665.0,1700.0,48490.0
2005-03-28,1745.0,1800.0,1710.0,1750.0,35000.0
2005-03-29,1780.0,1780.0,1725.0,1740.0,50090.0
2005-03-30,1740.0,1740.0,1700.0,1735.0,7300.0
2005-03-31,1710.0,1755.0,1700.0,1725.0,14100.0
2005-04-01,1700.0,1800.0,1670.0,1800.0,27400.0
2005-04-04,1795.0,1795.0,1750.0,1760.0,32050.0
2005-04-06,1765.0,1780.0,1690.0,1700.0,89400.0
2005-04-07,1685.0,1750.0,1685.0,1740.0,15400.0
2005-04-08,1785.0,1785.0,1730.0,1745.0,14500.0
2005-04-11,1750.0,1760.0,1730.0,1760.0,4100.0
2005-04-12,1750.0,1900.0,1750.0,1790.0,44750.0
2005-04-13,1805.0,1880.0,1805.0,1860.0,84850.0
2005-04-14,1870.0,1895.0,1810.0,1810.0,21000.0
2005-04-15,1775.0,1835.0,1760.0,1780.0,27500.0
2005-04-18,1720.0,1750.0,1700.0,1730.0,87800.0
2005-04-19,1715.0,1840.0,1715.0,1780.0,152800.0
2005-04-20,1840.0,2045.0,1770.0,2010.0,537500.0
2005-04-21,2010.0,2200.0,1910.0,1970.0,599600.0
2005-04-22,2030.0,2105.0,1975.0,2100.0,331300.0
2005-04-25,2165.0,2415.0,2100.0,2415.0,980100.0
2005-04-26,2575.0,2645.0,2190.0,2250.0,4237500.0
2005-04-27,2265.0,2330.0,2040.0,2040.0,1387850.0
2005-04-28,2060.0,2345.0,2030.0,2300.0,2762900.0
2005-04-29,2125.0,2200.0,1955.0,1960.0,1656600.0
2005-05-02,1940.0,2095.0,1810.0,1850.0,1203900.0
2005-05-03,1820.0,1955.0,1820.0,1910.0,634690.0
2005-05-04,1920.0,2075.0,1880.0,1930.0,1350560.0
2005-05-06,1915.0,1980.0,1850.0,1905.0,548500.0
2005-05-09,1940.0,1940.0,1830.0,1840.0,169440.0
2005-05-10,1850.0,1940.0,1845.0,1885.0,362010.0
2005-05-11,1860.0,1890.0,1805.0,1840.0,128600.0
2005-05-12,1830.0,1870.0,1800.0,1800.0,124400.0
2005-05-13,1780.0,1780.0,1600.0,1720.0,740710.0
2005-05-16,1700.0,1765.0,1685.0,1700.0,188200.0
2005-05-17,1745.0,1745.0,1685.0,1685.0,167400.0
2005-05-18,1685.0,1765.0,1685.0,1725.0,411250.0
2005-05-19,1730.0,1730.0,1665.0,1665.0,452010.0
2005-05-20,1670.0,1685.0,1650.0,1660.0,255410.0
2005-05-23,1680.0,1730.0,1670.0,1690.0,260600.0
2005-05-24,1700.0,1780.0,1700.0,1720.0,297100.0
2005-05-25,1730.0,1740.0,1680.0,1690.0,141700.0
2005-05-26,1680.0,1710.0,1675.0,1675.0,95700.0
2005-05-27,1680.0,1715.0,1680.0,1685.0,117230.0
2005-05-30,1680.0,1705.0,1670.0,1700.0,182900.0
2005-05-31,1710.0,1715.0,1680.0,1685.0,47700.0
2005-06-01,1700.0,1720.0,1680.0,1685.0,99200.0
2005-06-02,1700.0,1705.0,1680.0,1690.0,63400.0
2005-06-03,1700.0,1700.0,1675.0,1675.0,97200.0
2005-06-07,1670.0,1720.0,1655.0,1690.0,132780.0
2005-06-08,1700.0,1740.0,1680.0,1730.0,190310.0
2005-06-09,1750.0,1750.0,1690.0,1700.0,131300.0
2005-06-10,1955.0,1955.0,1955.0,1955.0,104000.0
2005-06-13,1965.0,2135.0,1910.0,1980.0,823620.0
2005-06-14,1920.0,1980.0,1910.0,1925.0,272500.0
2005-06-15,1920.0,2025.0,1915.0,1960.0,186540.0
2005-06-16,2010.0,2165.0,1980.0,2080.0,533050.0
2005-06-17,2075.0,2080.0,2020.0,2065.0,243300.0
2005-06-20,2060.0,2140.0,2060.0,2085.0,134420.0
2005-06-21,2105.0,2135.0,2070.0,2110.0,158300.0
2005-06-22,2095.0,2195.0,2095.0,2165.0,240650.0
2005-06-23,2205.0,2450.0,2155.0,2420.0,383830.0
2005-06-24,2600.0,2670.0,2360.0,2450.0,736230.0
2005-06-27,2460.0,2460.0,2270.0,2270.0,219700.0
2005-06-28,2270.0,2300.0,2200.0,2260.0,343400.0
2005-06-29,2255.0,2335.0,2240.0,2265.0,285130.0
2005-06-30,2245.0,2300.0,2220.0,2220.0,212330.0
2005-07-01,2205.0,2245.0,2200.0,2235.0,195200.0
2005-07-04,2220.0,2550.0,2220.0,2545.0,382300.0
2005-07-05,2520.0,2660.0,2450.0,2600.0,282400.0
2005-07-06,2600.0,2670.0,2400.0,2525.0,203700.0
2005-07-07,2550.0,2550.0,2415.0,2415.0,103100.0
2005-07-08,2450.0,2495.0,2350.0,2350.0,98960.0
2005-07-11,2330.0,2400.0,2270.0,2290.0,143600.0
2005-07-12,2305.0,2350.0,2300.0,2335.0,163100.0
2005-07-13,2370.0,2435.0,2345.0,2410.0,155100.0
2005-07-14,2430.0,2445.0,2305.0,2350.0,187100.0
2005-07-15,2335.0,2350.0,2260.0,2290.0,155300.0
2005-07-18,2260.0,2320.0,2210.0,2240.0,188100.0
2005-07-19,2260.0,2300.0,2205.0,2270.0,231060.0
2005-07-20,2285.0,2335.0,2250.0,2255.0,135300.0
2005-07-21,2300.0,2435.0,2260.0,2350.0,291440.0
2005-07-22,2375.0,2420.0,2205.0,2300.0,144300.0
2005-07-25,2370.0,2565.0,2350.0,2450.0,437700.0
2005-07-26,2450.0,2510.0,2430.0,2430.0,207700.0
2005-07-27,2430.0,2510.0,2430.0,2500.0,203500.0
2005-07-28,2475.0,2590.0,2475.0,2560.0,146900.0
2005-07-29,2565.0,2625.0,2545.0,2580.0,175900.0
2005-08-01,2640.0,2930.0,2630.0,2800.0,286140.0
2005-08-02,2950.0,2995.0,2810.0,2890.0,146300.0
2005-08-03,2860.0,3025.0,2750.0,2800.0,155580.0
2005-08-04,2805.0,2925.0,2780.0,2890.0,142900.0
2005-08-05,2920.0,2920.0,2775.0,2840.0,121670.0
2005-08-08,2840.0,2840.0,2710.0,2790.0,28100.0
2005-08-09,2785.0,2785.0,2605.0,2605.0,51300.0
2005-08-10,2605.0,2670.0,2605.0,2670.0,37800.0
2005-08-11,2620.0,2785.0,2620.0,2705.0,43600.0
2005-08-12,2750.0,2795.0,2660.0,2685.0,15820.0
2005-08-16,2690.0,2700.0,2600.0,2620.0,39070.0
2005-08-17,2660.0,2700.0,2645.0,2700.0,70600.0
2005-08-18,2755.0,2755.0,2700.0,2730.0,71600.0
2005-08-19,2730.0,2760.0,2640.0,2640.0,42500.0
2005-08-22,2640.0,2760.0,2640.0,2730.0,11100.0
2005-08-23,2715.0,2900.0,2715.0,2835.0,35860.0
2005-08-24,2840.0,2840.0,2750.0,2750.0,19480.0
2005-08-25,2750.0,2775.0,2685.0,2730.0,43710.0
2005-08-26,2665.0,2720.0,2665.0,2710.0,49590.0
2005-08-29,2675.0,2710.0,2600.0,2650.0,58100.0
2005-08-30,2600.0,2665.0,2600.0,2635.0,10510.0
2005-08-31,2640.0,2690.0,2625.0,2665.0,16400.0
2005-09-01,2690.0,2900.0,2690.0,2750.0,20790.0
2005-09-02,2790.0,2910.0,2750.0,2910.0,125910.0
2005-09-05,2990.0,2990.0,2800.0,2855.0,49010.0
2005-09-06,2910.0,3280.0,2910.0,3280.0,998800.0
2005-09-07,3360.0,3480.0,3185.0,3220.0,751400.0
2005-09-08,3220.0,3250.0,3105.0,3170.0,244630.0
2005-09-09,3125.0,3245.0,3010.0,3100.0,309500.0
2005-09-12,3100.0,3160.0,3045.0,3110.0,106400.0
2005-09-13,3130.0,3150.0,3045.0,3045.0,112500.0
2005-09-14,3020.0,3050.0,2960.0,2990.0,146360.0
2005-09-15,2960.0,3010.0,2960.0,2965.0,55900.0
2005-09-16,2935.0,3145.0,2935.0,3050.0,73170.0
2005-09-20,3050.0,3135.0,3040.0,3060.0,53010.0
2005-09-21,3065.0,3120.0,3000.0,3085.0,55840.0
2005-09-22,3055.0,3150.0,3050.0,3110.0,46210.0
2005-09-23,3140.0,3350.0,3110.0,3230.0,151510.0
2005-09-26,3260.0,3300.0,3200.0,3250.0,48400.0
2005-09-27,3270.0,3275.0,3170.0,3220.0,81200.0
2005-09-28,3270.0,3270.0,3165.0,3170.0,86300.0
2005-09-29,3135.0,3600.0,3135.0,3595.0,355400.0
2005-09-30,3615.0,3660.0,3240.0,3425.0,136500.0
2005-10-04,3360.0,3505.0,3345.0,3430.0,128700.0
2005-10-05,3385.0,3515.0,3385.0,3420.0,61900.0
2005-10-06,3400.0,3500.0,3360.0,3385.0,90540.0
2005-10-07,3385.0,3470.0,3385.0,3420.0,34200.0
2005-10-10,3420.0,3590.0,3390.0,3515.0,66400.0
2005-10-11,3580.0,3685.0,3515.0,3620.0,76600.0
2005-10-12,3700.0,3750.0,3650.0,3700.0,47360.0
2005-10-13,3700.0,3760.0,3655.0,3690.0,65100.0
2005-10-14,3730.0,3960.0,3680.0,3800.0,133390.0
2005-10-17,3860.0,4170.0,3860.0,4140.0,155600.0
2005-10-18,4140.0,4200.0,3940.0,4080.0,82400.0
2005-10-19,4190.0,4190.0,3950.0,4035.0,90660.0
2005-10-20,4040.0,4070.0,3880.0,3915.0,154600.0
2005-10-21,3850.0,4000.0,3840.0,3900.0,113900.0
2005-10-24,3905.0,4085.0,3880.0,3880.0,89900.0
2005-10-25,3935.0,4120.0,3935.0,4035.0,137900.0
2005-10-26,4150.0,4490.0,4060.0,4345.0,161600.0
2005-10-27,4305.0,4420.0,4220.0,4400.0,103310.0
2005-10-28,4155.0,4495.0,4155.0,4350.0,112590.0
2005-10-31,4400.0,4400.0,4305.0,4350.0,15700.0
2005-11-01,4350.0,4895.0,4350.0,4890.0,243410.0
2005-11-02,4825.0,5180.0,4825.0,5070.0,120010.0
2005-11-03,5100.0,5100.0,4900.0,5020.0,183900.0
2005-11-04,5000.0,5130.0,4925.0,5090.0,59900.0
2005-11-07,5050.0,5320.0,5020.0,5320.0,106300.0
2005-11-08,5350.0,5770.0,5230.0,5230.0,242500.0
2005-11-09,5350.0,5400.0,5120.0,5380.0,106700.0
2005-11-10,5350.0,5400.0,5280.0,5400.0,66300.0
2005-11-11,5330.0,5570.0,5300.0,5570.0,67900.0
2005-11-14,5570.0,5700.0,5500.0,5680.0,75300.0
2005-11-15,5780.0,6200.0,5610.0,6200.0,142420.0
2005-11-16,6300.0,6300.0,5820.0,5830.0,397070.0
2005-11-17,5820.0,5900.0,4960.0,4960.0,1304730.0
2005-11-18,4880.0,5350.0,4700.0,5300.0,641630.0
2005-11-21,5400.0,5560.0,5340.0,5560.0,373100.0
2005-11-22,5460.0,5670.0,5140.0,5480.0,356490.0
2005-11-23,5480.0,5600.0,5200.0,5300.0,464020.0
2005-11-24,5300.0,5300.0,5300.0,5300.0,0.0
2005-11-25,5300.0,5300.0,5300.0,5300.0,0.0
2005-11-28,5300.0,5300.0,5300.0,5300.0,0.0
2005-11-29,5300.0,5300.0,5300.0,5300.0,0.0
2005-11-30,5300.0,5300.0,5300.0,5300.0,0.0
2005-12-01,5300.0,5300.0,5300.0,5300.0,0.0
2005-12-02,5300.0,5300.0,5300.0,5300.0,0.0
2005-12-05,5300.0,5300.0,5300.0,5300.0,0.0
2005-12-06,5320.0,5470.0,4765.0,5010.0,799290.0
2005-12-07,5100.0,5100.0,4630.0,4780.0,266690.0
2005-12-08,4780.0,4980.0,4670.0,4715.0,263380.0
2005-12-09,4650.0,4900.0,4650.0,4790.0,216330.0
2005-12-12,4720.0,4840.0,4650.0,4695.0,132270.0
2005-12-13,4650.0,4735.0,4430.0,4540.0,350563.0
2005-12-14,4540.0,4630.0,4210.0,4210.0,434840.0
2005-12-15,4250.0,4285.0,4130.0,4260.0,446540.0
2005-12-16,4260.0,4380.0,4100.0,4260.0,181920.0
2005-12-19,4150.0,4345.0,4100.0,4200.0,205740.0
2005-12-20,4120.0,4240.0,4120.0,4185.0,138552.0
2005-12-21,4160.0,4380.0,4130.0,4380.0,159190.0
2005-12-22,4400.0,4445.0,4110.0,4280.0,161310.0
2005-12-23,4270.0,4270.0,4110.0,4250.0,110270.0
2005-12-26,4170.0,4270.0,4170.0,4235.0,93793.0
2005-12-27,4150.0,4245.0,4150.0,4175.0,85170.0
2005-12-28,4120.0,4170.0,3845.0,3860.0,284682.0
2005-12-29,3900.0,3950.0,3805.0,3860.0,145875.0
2006-01-02,3815.0,3850.0,3725.0,3850.0,97061.0
2006-01-03,3865.0,3865.0,3760.0,3760.0,98941.0
2006-01-04,3740.0,4050.0,3740.0,3990.0,277077.0
2006-01-05,4000.0,4030.0,3900.0,3990.0,165210.0
2006-01-06,4005.0,4130.0,3990.0,4040.0,147160.0
2006-01-09,4060.0,4090.0,3820.0,3850.0,85428.0
2006-01-10,3850.0,3960.0,3760.0,3825.0,67033.0
2006-01-11,3825.0,3920.0,3770.0,3775.0,97800.0
2006-01-12,3800.0,3860.0,3750.0,3775.0,140431.0
2006-01-13,3750.0,4000.0,3740.0,3980.0,156107.0
2006-01-16,4065.0,4440.0,4065.0,4350.0,233540.0
2006-01-17,4400.0,4400.0,4215.0,4280.0,143430.0
2006-01-18,4220.0,4220.0,3750.0,3985.0,108372.0
2006-01-19,3965.0,4050.0,3800.0,4000.0,82595.0
2006-01-20,3905.0,4020.0,3615.0,3730.0,118231.0
2006-01-23,3510.0,3690.0,3175.0,3175.0,109571.0
2006-01-24,3100.0,3370.0,2710.0,3360.0,186050.0
2006-01-25,3360.0,3470.0,3295.0,3360.0,81689.0
2006-01-26,3315.0,3425.0,3240.0,3335.0,38923.0
2006-01-27,3370.0,3510.0,3310.0,3500.0,77279.0
2006-01-31,3500.0,3890.0,3500.0,3780.0,124010.0
2006-02-01,3830.0,3830.0,3400.0,3570.0,85920.0
2006-02-02,3640.0,3650.0,3400.0,3620.0,76490.0
2006-02-03,3565.0,3565.0,3410.0,3510.0,38320.0
2006-02-06,3350.0,3480.0,3350.0,3425.0,24200.0
2006-02-07,3425.0,3480.0,3370.0,3425.0,20950.0
2006-02-08,3420.0,3465.0,3390.0,3440.0,40727.0
2006-02-09,3490.0,3690.0,3400.0,3690.0,35980.0
2006-02-10,3540.0,3745.0,3540.0,3730.0,40470.0
2006-02-13,3665.0,3725.0,3550.0,3610.0,25322.0
2006-02-14,3610.0,3730.0,3500.0,3700.0,21650.0
2006-02-15,3790.0,3920.0,3700.0,3920.0,64470.0
2006-02-16,3960.0,4060.0,3880.0,4060.0,73903.0
2006-02-17,4100.0,4100.0,3910.0,3965.0,43393.0
2006-02-20,4070.0,4070.0,3925.0,4000.0,28005.0
2006-02-21,3985.0,4020.0,3805.0,3820.0,48280.0
2006-02-22,3845.0,3880.0,3700.0,3820.0,39790.0
2006-02-23,3770.0,3845.0,3730.0,3830.0,46790.0
2006-02-24,3825.0,3875.0,3785.0,3835.0,14167.0
2006-02-27,3875.0,3985.0,3805.0,3965.0,40932.0
2006-02-28,3970.0,4290.0,3970.0,4275.0,141513.0
2006-03-02,4375.0,4400.0,4180.0,4250.0,109250.0
2006-03-03,4200.0,4330.0,4100.0,4330.0,76100.0
2006-03-06,4335.0,4950.0,4300.0,4770.0,445658.0
2006-03-07,4810.0,4855.0,4500.0,4700.0,189556.0
2006-03-08,4750.0,4920.0,4700.0,4740.0,144777.0
2006-03-09,4700.0,4850.0,4505.0,4515.0,78072.0
2006-03-10,4515.0,4595.0,4395.0,4400.0,92932.0
2006-03-13,4455.0,4480.0,4310.0,4330.0,115436.0
2006-03-14,4350.0,4480.0,4330.0,4460.0,60040.0
2006-03-15,4465.0,4690.0,4465.0,4670.0,77973.0
2006-03-16,4780.0,4780.0,4535.0,4660.0,58631.0
2006-03-17,4700.0,4700.0,4510.0,4595.0,37650.0
2006-03-20,4595.0,4650.0,4490.0,4575.0,49510.0
2006-03-21,4645.0,4645.0,4465.0,4500.0,57490.0
2006-03-22,4430.0,4500.0,4255.0,4400.0,55410.0
2006-03-23,4350.0,4480.0,4210.0,4390.0,34430.0
2006-03-24,4305.0,4400.0,4210.0,4300.0,55280.0
2006-03-27,4325.0,4370.0,4270.0,4340.0,23531.0
2006-03-28,4390.0,4400.0,4300.0,4300.0,25570.0
2006-03-29,4350.0,4350.0,4230.0,4280.0,24980.0
2006-03-30,4310.0,4350.0,4220.0,4310.0,29290.0
2006-03-31,4205.0,4370.0,4205.0,4290.0,37917.0
2006-04-03,4300.0,4400.0,4250.0,4330.0,39340.0
2006-04-04,4350.0,4385.0,4230.0,4290.0,29930.0
2006-04-05,4300.0,4315.0,4225.0,4225.0,37610.0
2006-04-06,4225.0,4290.0,4220.0,4270.0,18616.0
2006-04-07,4280.0,4285.0,4240.0,4240.0,14790.0
2006-04-10,4250.0,4350.0,4250.0,4250.0,19861.0
2006-04-11,4270.0,4450.0,4270.0,4340.0,20727.0
2006-04-12,4280.0,4390.0,4280.0,4300.0,21920.0
2006-04-13,4330.0,4495.0,4285.0,4415.0,32888.0
2006-04-14,4480.0,4500.0,4410.0,4500.0,31350.0
2006-04-17,4450.0,4510.0,4300.0,4300.0,40110.0
2006-04-18,4320.0,4380.0,4250.0,4300.0,49415.0
2006-04-19,4320.0,4380.0,4260.0,4280.0,49610.0
2006-04-20,4300.0,4300.0,4140.0,4140.0,64250.0
2006-04-21,4180.0,4245.0,4125.0,4245.0,126780.0
2006-04-24,4205.0,4205.0,4125.0,4125.0,150270.0
2006-04-25,4100.0,4195.0,4000.0,4000.0,88190.0
2006-04-26,4010.0,4020.0,3935.0,3995.0,43460.0
2006-04-27,4010.0,4165.0,3810.0,3900.0,154670.0
2006-04-28,3900.0,3925.0,3840.0,3900.0,34416.0
2006-05-02,3905.0,3960.0,3800.0,3940.0,62640.0
2006-05-03,3850.0,3940.0,3850.0,3870.0,63540.0
2006-05-04,3880.0,3935.0,3870.0,3875.0,41440.0
2006-05-08,3880.0,4035.0,3880.0,4000.0,54790.0
2006-05-09,3945.0,4075.0,3925.0,3990.0,13870.0
2006-05-10,4010.0,4010.0,3880.0,3950.0,39060.0
2006-05-11,3960.0,3975.0,3900.0,3930.0,10320.0
2006-05-12,3960.0,3960.0,3855.0,3930.0,18110.0
2006-05-15,3820.0,4015.0,3820.0,3940.0,30460.0
2006-05-16,4010.0,4050.0,3940.0,4000.0,30130.0
2006-05-17,4010.0,4060.0,3910.0,4000.0,39225.0
2006-05-18,3960.0,4040.0,3840.0,4000.0,39730.0
2006-05-19,4000.0,4090.0,4000.0,4090.0,36530.0
2006-05-22,4105.0,4585.0,4090.0,4495.0,154110.0
2006-05-23,4490.0,4495.0,4300.0,4450.0,60790.0
2006-05-24,4360.0,4500.0,4360.0,4450.0,69090.0
2006-05-25,4400.0,4400.0,4210.0,4210.0,18060.0
2006-05-26,4210.0,4330.0,4190.0,4290.0,22333.0
2006-05-29,4250.0,4430.0,4250.0,4275.0,11430.0
2006-05-30,4340.0,4460.0,4225.0,4460.0,48190.0
2006-06-01,4720.0,4720.0,4260.0,4260.0,82980.0
2006-06-02,4220.0,4380.0,4110.0,4245.0,36750.0
2006-06-05,4175.0,4245.0,4130.0,4235.0,15650.0
2006-06-07,4070.0,4200.0,3900.0,4000.0,20168.0
2006-06-08,3820.0,4000.0,3820.0,3995.0,13780.0
2006-06-09,4045.0,4050.0,3950.0,4030.0,14680.0
2006-06-12,4030.0,4440.0,4000.0,4290.0,56440.0
2006-06-13,4270.0,4270.0,4040.0,4240.0,26940.0
2006-06-14,4250.0,4290.0,4080.0,4080.0,10390.0
2006-06-15,4090.0,4240.0,4090.0,4155.0,24630.0
2006-06-16,4090.0,4240.0,4070.0,4240.0,14720.0
2006-06-19,4240.0,4280.0,4090.0,4170.0,25530.0
2006-06-20,4170.0,4210.0,4030.0,4210.0,24070.0
2006-06-21,4145.0,4210.0,4130.0,4190.0,5560.0
2006-06-22,4190.0,4230.0,4080.0,4175.0,8430.0
2006-06-23,4165.0,4165.0,4075.0,4075.0,21130.0
2006-06-26,4135.0,4135.0,3990.0,4060.0,9473.0
2006-06-27,3955.0,4060.0,3955.0,4060.0,22690.0
2006-06-28,3970.0,4065.0,3970.0,4040.0,590.0
2006-06-29,4010.0,4075.0,4000.0,4060.0,5230.0
2006-06-30,4095.0,4100.0,4000.0,4055.0,15660.0
2006-07-03,4095.0,4095.0,4050.0,4085.0,4310.0
2006-07-04,4040.0,4115.0,4005.0,4085.0,9390.0
2006-07-05,3990.0,4020.0,3940.0,4015.0,14490.0
2006-07-06,4090.0,4090.0,4000.0,4000.0,12961.0
2006-07-07,4000.0,4010.0,3970.0,3990.0,17699.0
2006-07-10,4010.0,4010.0,3935.0,3985.0,7230.0
2006-07-11,4045.0,4045.0,3930.0,4035.0,23960.0
2006-07-12,4035.0,4035.0,3990.0,4030.0,2340.0
2006-07-13,4000.0,4030.0,3995.0,4020.0,4500.0
2006-07-14,3915.0,4070.0,3915.0,3915.0,8750.0
2006-07-18,3910.0,4120.0,3870.0,3955.0,32270.0
2006-07-19,3950.0,4100.0,3890.0,3890.0,12150.0
2006-07-20,3990.0,4040.0,3900.0,3980.0,27080.0
2006-07-21,4050.0,4050.0,3900.0,3985.0,8990.0
2006-07-24,3970.0,3970.0,3910.0,3960.0,2821.0
2006-07-25,3955.0,4000.0,3915.0,3945.0,8200.0
2006-07-26,3940.0,4050.0,3870.0,3990.0,19260.0
2006-07-27,4030.0,4030.0,3890.0,3890.0,8750.0
2006-07-28,3890.0,3970.0,3890.0,3900.0,10060.0
2006-07-31,3950.0,3950.0,3850.0,3890.0,11900.0
2006-08-01,3855.0,3930.0,3850.0,3925.0,2370.0
2006-08-02,3820.0,3975.0,3820.0,3890.0,1850.0
2006-08-03,3860.0,3900.0,3860.0,3895.0,7940.0
2006-08-04,3870.0,3990.0,3830.0,3930.0,2320.0
2006-08-07,3930.0,3950.0,3890.0,3935.0,6140.0
2006-08-08,3940.0,3940.0,3855.0,3920.0,4780.0
2006-08-09,3855.0,3970.0,3815.0,3820.0,14270.0
2006-08-10,3860.0,3860.0,3770.0,3785.0,9650.0
2006-08-11,3855.0,3860.0,3750.0,3770.0,18110.0
2006-08-14,3840.0,3840.0,3740.0,3750.0,13860.0
2006-08-16,3825.0,3870.0,3745.0,3840.0,14631.0
2006-08-17,3840.0,3885.0,3730.0,3835.0,14200.0
2006-08-18,3775.0,3785.0,3680.0,3680.0,39300.0
2006-08-21,3685.0,3755.0,3600.0,3680.0,21390.0
2006-08-22,3745.0,3745.0,3625.0,3735.0,17070.0
2006-08-23,3720.0,3775.0,3680.0,3775.0,6900.0
2006-08-24,3715.0,3775.0,3700.0,3705.0,5420.0
2006-08-25,3570.0,3830.0,3570.0,3730.0,15560.0
2006-08-28,3675.0,3765.0,3665.0,3700.0,10930.0
2006-08-29,3850.0,3850.0,3680.0,3750.0,5010.0
2006-08-30,3750.0,3750.0,3660.0,3750.0,9170.0
2006-08-31,3700.0,3835.0,3700.0,3800.0,24210.0
2006-09-01,3840.0,3840.0,3770.0,3770.0,7972.0
2006-09-04,3800.0,3840.0,3770.0,3825.0,3550.0
2006-09-05,3780.0,3850.0,3780.0,3850.0,10230.0
2006-09-06,3870.0,3870.0,3790.0,3825.0,9730.0
2006-09-07,3825.0,3850.0,3800.0,3835.0,5570.0
2006-09-08,3800.0,3850.0,3790.0,3845.0,16120.0
2006-09-11,3825.0,3890.0,3800.0,3845.0,3640.0
2006-09-12,3845.0,3875.0,3770.0,3835.0,3900.0
2006-09-13,3805.0,3840.0,3780.0,3840.0,3650.0
2006-09-14,3845.0,3845.0,3780.0,3830.0,5140.0
2006-09-15,3805.0,4050.0,3780.0,4050.0,41172.0
2006-09-18,4130.0,4505.0,4060.0,4495.0,174780.0
2006-09-19,4790.0,4790.0,4215.0,4340.0,99713.0
2006-09-20,4260.0,4265.0,4100.0,4220.0,27740.0
2006-09-21,4160.0,4280.0,4160.0,4170.0,33400.0
2006-09-22,4160.0,4290.0,4115.0,4290.0,38260.0
2006-09-25,4200.0,4240.0,4150.0,4190.0,11420.0
2006-09-26,4190.0,4265.0,4140.0,4200.0,31260.0
2006-09-27,4135.0,4240.0,4050.0,4175.0,20500.0
2006-09-28,4100.0,4175.0,4055.0,4145.0,19960.0
2006-09-29,4140.0,4140.0,4055.0,4090.0,9760.0
2006-10-02,4070.0,4200.0,4025.0,4100.0,27640.0
2006-10-04,4100.0,4100.0,3960.0,4050.0,15650.0
2006-10-09,3930.0,4045.0,3510.0,3750.0,21320.0
2006-10-10,3965.0,3965.0,3730.0,3800.0,7020.0
2006-10-11,3790.0,3800.0,3700.0,3800.0,11274.0
2006-10-12,3860.0,3860.0,3780.0,3840.0,6290.0
2006-10-13,3890.0,3910.0,3815.0,3870.0,11330.0
2006-10-16,3900.0,3900.0,3820.0,3870.0,8209.0
2006-10-17,3850.0,3890.0,3825.0,3880.0,8470.0
2006-10-18,3880.0,3905.0,3305.0,3800.0,39520.0
2006-10-19,3900.0,3990.0,3790.0,3805.0,13793.0
2006-10-20,3805.0,3870.0,3805.0,3840.0,4330.0
2006-10-23,3840.0,3880.0,3790.0,3850.0,8033.0
2006-10-24,3870.0,3870.0,3770.0,3835.0,11667.0
2006-10-25,3830.0,3830.0,3780.0,3830.0,8320.0
2006-10-26,3830.0,3830.0,3750.0,3800.0,8080.0
2006-10-27,3770.0,3785.0,3715.0,3770.0,19370.0
2006-10-30,3750.0,3765.0,3695.0,3765.0,13520.0
2006-10-31,3760.0,3800.0,3700.0,3800.0,4670.0
2006-11-01,3740.0,3815.0,3740.0,3815.0,2230.0
2006-11-02,3830.0,3830.0,3765.0,3765.0,4510.0
2006-11-03,3735.0,3770.0,3735.0,3760.0,10090.0
2006-11-06,3810.0,3810.0,3740.0,3810.0,22450.0
2006-11-07,3850.0,3905.0,3820.0,3880.0,12420.0
2006-11-08,3860.0,3880.0,3830.0,3870.0,6200.0
2006-11-09,3830.0,3975.0,3830.0,3975.0,24910.0
2006-11-10,3965.0,3970.0,3730.0,3895.0,33040.0
2006-11-13,3950.0,3995.0,3850.0,3995.0,22910.0
2006-11-14,4005.0,4450.0,4005.0,4180.0,72220.0
2006-11-15,4200.0,4200.0,4040.0,4075.0,18690.0
2006-11-16,4050.0,4170.0,4000.0,4150.0,34890.0
2006-11-17,4245.0,4245.0,4120.0,4245.0,18840.0
2006-11-20,4200.0,4320.0,4180.0,4240.0,18510.0
2006-11-21,4170.0,4300.0,4170.0,4195.0,13140.0
2006-11-22,4325.0,4350.0,4155.0,4315.0,22710.0
2006-11-23,4315.0,4360.0,4270.0,4360.0,11340.0
2006-11-24,4330.0,4380.0,4210.0,4370.0,9790.0
2006-11-27,4300.0,4400.0,4255.0,4290.0,12520.0
2006-11-28,4250.0,4395.0,4245.0,4380.0,9950.0
2006-11-29,4420.0,4450.0,4380.0,4400.0,23281.0
2006-11-30,4410.0,4500.0,4410.0,4450.0,21880.0
2006-12-01,4460.0,4460.0,4365.0,4365.0,10780.0
2006-12-04,4380.0,4390.0,4320.0,4365.0,14210.0
2006-12-05,4165.0,4400.0,4165.0,4400.0,20890.0
2006-12-06,4390.0,4450.0,4230.0,4300.0,21560.0
2006-12-07,4235.0,4325.0,4210.0,4275.0,9190.0
2006-12-08,4205.0,4335.0,4160.0,4300.0,6940.0
2006-12-11,4235.0,4295.0,4190.0,4260.0,9340.0
2006-12-12,4300.0,4395.0,4170.0,4255.0,20660.0
2006-12-13,4180.0,4290.0,4180.0,4290.0,6730.0
2006-12-14,4390.0,4390.0,4205.0,4210.0,27420.0
2006-12-15,4275.0,4275.0,4170.0,4210.0,21530.0
2006-12-18,4170.0,4240.0,4170.0,4240.0,12350.0
2006-12-19,4185.0,4240.0,4175.0,4235.0,19030.0
2006-12-20,4230.0,4300.0,4185.0,4215.0,14740.0
2006-12-21,4215.0,4300.0,4210.0,4250.0,14840.0
2006-12-22,4300.0,4300.0,3850.0,4240.0,15720.0
2006-12-26,4230.0,4300.0,4140.0,4240.0,21440.0
2006-12-27,4100.0,4300.0,4100.0,4275.0,10580.0
2006-12-28,4345.0,4345.0,4200.0,4265.0,3590.0
2007-01-02,4265.0,4300.0,4205.0,4285.0,22050.0
2007-01-03,4300.0,4300.0,4245.0,4290.0,22100.0
2007-01-04,4300.0,4300.0,4245.0,4275.0,12130.0
2007-01-05,4290.0,4290.0,4150.0,4275.0,26320.0
2007-01-08,4275.0,4295.0,4180.0,4280.0,11780.0
2007-01-09,4280.0,4290.0,4175.0,4280.0,17790.0
2007-01-10,4280.0,4280.0,4180.0,4180.0,7520.0
2007-01-11,4180.0,4230.0,4110.0,4220.0,9760.0
2007-01-12,4155.0,4250.0,4140.0,4220.0,8030.0
2007-01-15,4260.0,4260.0,4135.0,4180.0,6490.0
2007-01-16,4200.0,4210.0,4170.0,4210.0,10180.0
2007-01-17,4210.0,4280.0,4100.0,4100.0,3180.0
2007-01-18,4150.0,4150.0,4100.0,4145.0,2419.0
2007-01-19,4145.0,4200.0,4090.0,4190.0,12202.0
2007-01-22,4275.0,4275.0,4130.0,4140.0,6570.0
2007-01-23,4200.0,4200.0,3880.0,4000.0,13880.0
2007-01-24,4000.0,4280.0,3965.0,4280.0,22370.0
2007-01-25,4330.0,4425.0,4110.0,4280.0,19580.0
2007-01-26,4200.0,4300.0,4140.0,4300.0,8320.0
2007-01-29,4330.0,4330.0,4160.0,4200.0,17260.0
2007-01-30,4170.0,4250.0,4130.0,4240.0,11280.0
2007-01-31,4200.0,4200.0,4200.0,4200.0,4013.0
2007-02-01,4200.0,4200.0,4150.0,4195.0,6600.0
2007-02-02,4265.0,4265.0,4185.0,4250.0,9640.0
2007-02-05,4250.0,4300.0,4150.0,4275.0,17350.0
2007-02-06,4275.0,4380.0,4200.0,4380.0,17250.0
2007-02-07,4440.0,4440.0,4300.0,4380.0,29850.0
2007-02-08,4380.0,4450.0,4245.0,4300.0,29411.0
2007-02-09,4260.0,4375.0,4240.0,4345.0,8357.0
2007-02-12,4345.0,4345.0,4250.0,4300.0,5320.0
2007-02-13,4295.0,4295.0,4255.0,4255.0,1940.0
2007-02-14,4225.0,4490.0,4200.0,4440.0,24850.0
2007-02-15,4460.0,4460.0,4330.0,4440.0,20230.0
2007-02-16,4385.0,4500.0,4370.0,4470.0,26120.0
2007-02-20,4420.0,4450.0,4365.0,4380.0,9900.0
2007-02-21,4370.0,4380.0,4195.0,4235.0,32240.0
2007-02-22,4175.0,4200.0,4105.0,4160.0,21122.0
2007-02-23,4140.0,4190.0,4060.0,4075.0,26500.0
2007-02-26,4075.0,4125.0,4030.0,4055.0,26790.0
2007-02-27,4050.0,4095.0,4000.0,4085.0,22910.0
2007-02-28,3995.0,4170.0,3900.0,4145.0,16241.0
2007-03-02,4145.0,4175.0,4100.0,4175.0,6410.0
2007-03-05,4000.0,4025.0,3990.0,3990.0,38440.0
2007-03-06,3980.0,4275.0,3950.0,4270.0,107310.0
2007-03-07,4175.0,4520.0,4140.0,4350.0,59190.0
2007-03-08,4400.0,4400.0,4250.0,4350.0,7130.0
2007-03-09,4265.0,4290.0,4235.0,4250.0,6070.0
2007-03-12,4250.0,4250.0,4170.0,4250.0,4950.0
2007-03-13,4225.0,4225.0,4160.0,4180.0,3440.0
2007-03-14,4175.0,4200.0,4120.0,4200.0,2770.0
2007-03-15,4190.0,4190.0,4090.0,4180.0,11160.0
2007-03-16,4180.0,4180.0,4085.0,4100.0,12100.0
2007-03-19,4100.0,4150.0,4080.0,4110.0,8979.0
2007-03-20,4135.0,4175.0,4085.0,4090.0,5810.0
2007-03-21,4090.0,4170.0,4090.0,4165.0,8770.0
2007-03-22,4195.0,4240.0,4195.0,4200.0,10290.0
2007-03-23,4250.0,4250.0,4120.0,4235.0,6970.0
2007-03-26,4175.0,4245.0,4165.0,4240.0,9440.0
2007-03-27,4270.0,4270.0,4165.0,4230.0,9990.0
2007-03-28,4175.0,4220.0,4150.0,4200.0,3430.0
2007-03-29,4240.0,4240.0,4130.0,4130.0,9761.0
2007-03-30,4185.0,4185.0,4100.0,4170.0,5710.0
2007-04-02,4160.0,4160.0,4100.0,4160.0,7570.0
2007-04-03,4150.0,4225.0,4120.0,4225.0,1970.0
2007-04-04,4225.0,4290.0,4145.0,4290.0,25250.0
2007-04-05,4230.0,4325.0,4200.0,4325.0,29610.0
2007-04-06,4330.0,4390.0,4300.0,4335.0,12520.0
2007-04-09,4470.0,4495.0,4330.0,4400.0,23920.0
2007-04-10,4395.0,4440.0,4305.0,4380.0,10029.0
2007-04-11,4440.0,4440.0,4305.0,4350.0,3790.0
2007-04-12,4400.0,4400.0,4260.0,4350.0,11852.0
2007-04-13,4300.0,4385.0,4300.0,4365.0,9900.0
2007-04-16,4400.0,4460.0,4350.0,4450.0,48430.0
2007-04-17,4450.0,4650.0,4420.0,4440.0,97850.0
2007-04-18,4490.0,4490.0,4270.0,4280.0,43300.0
2007-04-19,4280.0,4420.0,4280.0,4395.0,21010.0
2007-04-20,4400.0,4470.0,4360.0,4440.0,21730.0
2007-04-23,4440.0,4495.0,4410.0,4450.0,12050.0
2007-04-24,4450.0,5110.0,4450.0,5000.0,207040.0
2007-04-25,5040.0,5270.0,4810.0,5070.0,107870.0
2007-04-26,5140.0,5220.0,4930.0,4960.0,44690.0
2007-04-27,4930.0,4960.0,4610.0,4790.0,37710.0
2007-04-30,4750.0,4790.0,4575.0,4790.0,26520.0
2007-05-02,4800.0,5130.0,4700.0,4955.0,39340.0
2007-05-03,4920.0,4995.0,4880.0,4950.0,30820.0
2007-05-04,4950.0,5050.0,4880.0,5030.0,20140.0
2007-05-07,5050.0,5050.0,4905.0,5050.0,23250.0
2007-05-08,4970.0,5340.0,4900.0,5160.0,41790.0
2007-05-09,5160.0,5410.0,5160.0,5290.0,67970.0
2007-05-10,5290.0,5600.0,5250.0,5530.0,172431.0
2007-05-11,5640.0,5640.0,5450.0,5450.0,78910.0
2007-05-14,5650.0,5650.0,5440.0,5530.0,64950.0
2007-05-15,5540.0,6350.0,5540.0,6350.0,207330.0
2007-05-16,6350.0,6510.0,6050.0,6510.0,154210.0
2007-05-17,6590.0,7450.0,6390.0,6390.0,281130.0
2007-05-18,6400.0,6880.0,6060.0,6680.0,126100.0
2007-05-21,6720.0,7300.0,6600.0,7000.0,154821.0
2007-05-22,7000.0,7200.0,6650.0,6960.0,120295.0
2007-05-23,7000.0,7530.0,6980.0,7180.0,191100.0
2007-05-25,7170.0,8250.0,6900.0,8250.0,185990.0
2007-05-28,9450.0,9480.0,8260.0,8420.0,833750.0
2007-05-29,8200.0,8200.0,7270.0,7400.0,428060.0
2007-05-30,7410.0,7470.0,6730.0,6860.0,310978.0
2007-05-31,7100.0,7390.0,6860.0,7150.0,291866.0
2007-06-01,7150.0,7250.0,6720.0,6820.0,165082.0
2007-06-04,6800.0,6800.0,6550.0,6630.0,126205.0
2007-06-05,6640.0,7380.0,6570.0,6620.0,312104.0
2007-06-07,6780.0,6980.0,6640.0,6820.0,143405.0
2007-06-08,6800.0,6850.0,6570.0,6660.0,109777.0
2007-06-11,6670.0,6750.0,6350.0,6420.0,65823.0
2007-06-12,6400.0,6490.0,6050.0,6450.0,87130.0
2007-06-13,6440.0,6490.0,6250.0,6350.0,34470.0
2007-06-14,6310.0,6350.0,6100.0,6240.0,81990.0
2007-06-15,6190.0,6710.0,6130.0,6710.0,113490.0
2007-06-18,6800.0,6840.0,6510.0,6680.0,68000.0
2007-06-19,6700.0,6840.0,6360.0,6680.0,53200.0
2007-06-20,6640.0,6680.0,6480.0,6580.0,59970.0
2007-06-21,6580.0,6580.0,6350.0,6350.0,49410.0
2007-06-22,6350.0,6360.0,6100.0,6290.0,67550.0
2007-06-25,6170.0,6310.0,6090.0,6090.0,34824.0
2007-06-26,6090.0,6150.0,5920.0,6130.0,40715.0
2007-06-27,6150.0,6150.0,5860.0,6000.0,29115.0
2007-06-28,6000.0,6160.0,5920.0,6160.0,29330.0
2007-06-29,6220.0,6220.0,6100.0,6130.0,11810.0
2007-07-02,6200.0,6200.0,6060.0,6130.0,30180.0
2007-07-03,6200.0,6200.0,6060.0,6100.0,16734.0
2007-07-04,6110.0,6810.0,6110.0,6530.0,146995.0
2007-07-05,6700.0,6700.0,6400.0,6460.0,46992.0
2007-07-06,6460.0,6500.0,6010.0,6230.0,54030.0
2007-07-09,6230.0,6250.0,6100.0,6120.0,29534.0
2007-07-10,6110.0,6650.0,6110.0,6410.0,131030.0
2007-07-11,6570.0,7110.0,6350.0,6470.0,241730.0
2007-07-12,6580.0,7060.0,6400.0,7060.0,329204.0
2007-07-13,7310.0,7460.0,7060.0,7290.0,195704.0
2007-07-16,7190.0,7340.0,6700.0,7080.0,149540.0
2007-07-18,7000.0,7080.0,6700.0,6800.0,121300.0
2007-07-19,6800.0,7200.0,6800.0,6950.0,96471.0
2007-07-20,7120.0,7680.0,7000.0,7400.0,201471.0
2007-07-23,7320.0,7420.0,7080.0,7260.0,75606.0
2007-07-24,7270.0,7350.0,6950.0,7190.0,44740.0
2007-07-25,7200.0,7640.0,7190.0,7570.0,142138.0
2007-07-26,7600.0,8090.0,7450.0,7750.0,125435.0
2007-07-27,7620.0,7760.0,7250.0,7460.0,88940.0
2007-07-30,7400.0,7550.0,7350.0,7410.0,35552.0
2007-07-31,7490.0,7950.0,7490.0,7800.0,71990.0
2007-08-01,7700.0,7930.0,7110.0,7560.0,106833.0
2007-08-02,7600.0,7690.0,7150.0,7400.0,61262.0
2007-08-03,7450.0,7460.0,7210.0,7390.0,24122.0
2007-08-06,7170.0,7350.0,6850.0,7200.0,26900.0
2007-08-07,7220.0,7440.0,7170.0,7250.0,34300.0
2007-08-08,7400.0,7400.0,7100.0,7350.0,29280.0
2007-08-09,7400.0,7480.0,7270.0,7380.0,17910.0
2007-08-10,7300.0,7300.0,7040.0,7240.0,30390.0
2007-08-13,7230.0,7350.0,6850.0,6960.0,55154.0
2007-08-14,7000.0,7080.0,6500.0,6630.0,54230.0
2007-08-16,6500.0,6500.0,5800.0,6080.0,58227.0
2007-08-17,6080.0,6280.0,5900.0,6000.0,35186.0
2007-08-20,6100.0,6360.0,6100.0,6360.0,16740.0
2007-08-21,6380.0,6390.0,6200.0,6370.0,17450.0
2007-08-22,6460.0,6680.0,6460.0,6630.0,17720.0
2007-08-23,6750.0,6900.0,6480.0,6570.0,42360.0
2007-08-24,6570.0,6590.0,6380.0,6490.0,14850.0
2007-08-27,6600.0,6600.0,6410.0,6590.0,17104.0
2007-08-28,6590.0,6590.0,6440.0,6530.0,19234.0
2007-08-29,6500.0,6500.0,6250.0,6500.0,34230.0
2007-08-30,6550.0,6560.0,6350.0,6370.0,16690.0
2007-08-31,6370.0,6490.0,6360.0,6470.0,16880.0
2007-09-03,6490.0,6850.0,6450.0,6600.0,26280.0
2007-09-04,6740.0,6740.0,6490.0,6550.0,9590.0
2007-09-05,6510.0,6660.0,6430.0,6500.0,21580.0
2007-09-06,6510.0,6510.0,6430.0,6480.0,5020.0
2007-09-07,6450.0,6580.0,6400.0,6400.0,18880.0
2007-09-10,6320.0,6400.0,6220.0,6380.0,21710.0
2007-09-11,6380.0,6450.0,6200.0,6340.0,9130.0
2007-09-12,6340.0,6340.0,6040.0,6090.0,70760.0
2007-09-13,6190.0,6240.0,6090.0,6170.0,17491.0
2007-09-14,6140.0,6330.0,6120.0,6220.0,31170.0
2007-09-17,6220.0,6280.0,6130.0,6200.0,26890.0
2007-09-18,6160.0,6170.0,6020.0,6120.0,15980.0
2007-09-19,6250.0,6550.0,6060.0,6340.0,66510.0
2007-09-20,6350.0,6350.0,6220.0,6300.0,7191.0
2007-09-21,6300.0,6300.0,6100.0,6200.0,23293.0
2007-09-27,6220.0,6410.0,6160.0,6380.0,51057.0
2007-09-28,6300.0,6700.0,6300.0,6690.0,56863.0
2007-10-01,6790.0,7690.0,6700.0,7210.0,221195.0
2007-10-02,7290.0,7300.0,6910.0,7270.0,86002.0
2007-10-04,7270.0,7270.0,7100.0,7250.0,69530.0
2007-10-05,7300.0,7990.0,7280.0,7420.0,94280.0
2007-10-08,7500.0,7850.0,7420.0,7500.0,104920.0
2007-10-09,7500.0,7560.0,7170.0,7300.0,44970.0
2007-10-10,7300.0,7300.0,6960.0,7150.0,44270.0
2007-10-11,7150.0,7190.0,7010.0,7120.0,28580.0
2007-10-12,7030.0,7800.0,7030.0,7400.0,67080.0
2007-10-15,7450.0,7950.0,7450.0,7910.0,81290.0
2007-10-16,7930.0,8020.0,7610.0,7700.0,77839.0
2007-10-17,7850.0,7850.0,7000.0,7480.0,85780.0
2007-10-18,7500.0,7880.0,7310.0,7750.0,53681.0
2007-10-19,7850.0,7930.0,7620.0,7800.0,48350.0
2007-10-22,7510.0,7880.0,7210.0,7830.0,52370.0
2007-10-23,7890.0,8700.0,7890.0,8600.0,118483.0
2007-10-24,8550.0,8840.0,8220.0,8390.0,86700.0
2007-10-25,8390.0,8580.0,7710.0,7710.0,58991.0
2007-10-26,7800.0,8090.0,7400.0,8070.0,55820.0
2007-10-29,8010.0,8200.0,7510.0,7990.0,36090.0
2007-10-30,7770.0,8000.0,7400.0,7400.0,112693.0
2007-10-31,7450.0,7600.0,7320.0,7570.0,41070.0
2007-11-01,7690.0,7970.0,7500.0,7750.0,40781.0
2007-11-02,7410.0,7850.0,7410.0,7660.0,33110.0
2007-11-05,7550.0,7600.0,7100.0,7320.0,59160.0
2007-11-06,7400.0,7450.0,6830.0,7100.0,84960.0
2007-11-07,7110.0,7120.0,6800.0,6800.0,49820.0
2007-11-08,6750.0,6750.0,5780.0,6250.0,122082.0
2007-11-09,6550.0,6600.0,6270.0,6420.0,49520.0
2007-11-12,6420.0,6580.0,6190.0,6300.0,42370.0
2007-11-13,6680.0,6680.0,6200.0,6320.0,27768.0
2007-11-14,6410.0,6990.0,6360.0,6720.0,36450.0
2007-11-15,6740.0,7000.0,6660.0,6790.0,15010.0
2007-11-16,6670.0,6860.0,6230.0,6350.0,25131.0
2007-11-19,6370.0,6380.0,5910.0,5910.0,79281.0
2007-11-20,5700.0,5790.0,5390.0,5750.0,71122.0
2007-11-21,5850.0,5890.0,5560.0,5890.0,38240.0
2007-11-22,5650.0,6030.0,5620.0,5960.0,28680.0
2007-11-23,5950.0,6110.0,5600.0,5850.0,34245.0
2007-11-26,5840.0,5840.0,5400.0,5700.0,40212.0
2007-11-27,5610.0,5700.0,5420.0,5690.0,52430.0
2007-11-28,5630.0,5700.0,5440.0,5510.0,32990.0
2007-11-29,5510.0,5690.0,5350.0,5370.0,51352.0
2007-11-30,5380.0,5500.0,5380.0,5400.0,31850.0
2007-12-03,5470.0,6190.0,5360.0,5840.0,155090.0
2007-12-04,5700.0,5840.0,5700.0,5840.0,22067.0
2007-12-05,5800.0,5910.0,5580.0,5690.0,31690.0
2007-12-06,5700.0,6070.0,5650.0,5730.0,32310.0
2007-12-07,5760.0,5850.0,5680.0,5760.0,15350.0
2007-12-10,5820.0,5820.0,5630.0,5680.0,10610.0
2007-12-11,5760.0,5770.0,5450.0,5560.0,19270.0
2007-12-12,5490.0,5500.0,5230.0,5500.0,24230.0
2007-12-13,5430.0,5600.0,5370.0,5490.0,19140.0
2007-12-14,5490.0,5550.0,5400.0,5460.0,8650.0
2007-12-17,5460.0,5460.0,5140.0,5180.0,31885.0
2007-12-18,5120.0,5310.0,4950.0,5260.0,26751.0
2007-12-20,5120.0,5280.0,5120.0,5200.0,21010.0
2007-12-21,5070.0,5220.0,5050.0,5180.0,23820.0
2007-12-24,5300.0,5450.0,5200.0,5420.0,20400.0
2007-12-26,5500.0,5720.0,5500.0,5550.0,27809.0
2007-12-27,5500.0,5610.0,5370.0,5600.0,10160.0
2007-12-28,5360.0,5580.0,5360.0,5550.0,9160.0
2008-01-02,5540.0,5590.0,5450.0,5500.0,6990.0
2008-01-03,5430.0,5560.0,5360.0,5450.0,13660.0
2008-01-04,5450.0,5510.0,5260.0,5500.0,10419.0
2008-01-07,5400.0,5440.0,5270.0,5350.0,7580.0
2008-01-08,5350.0,5450.0,5270.0,5450.0,2060.0
2008-01-09,5450.0,5450.0,5350.0,5390.0,1000.0
2008-01-10,5460.0,5500.0,5400.0,5440.0,5970.0
2008-01-11,5500.0,5500.0,5190.0,5350.0,7880.0
2008-01-14,5330.0,5480.0,5200.0,5400.0,4230.0
2008-01-15,5300.0,5430.0,5210.0,5380.0,7700.0
2008-01-16,5330.0,5350.0,5100.0,5260.0,8195.0
2008-01-17,5310.0,5310.0,5150.0,5200.0,2610.0
2008-01-18,5140.0,5200.0,5020.0,5110.0,7050.0
2008-01-21,5380.0,5380.0,4950.0,5110.0,9170.0
2008-01-22,4990.0,5050.0,4700.0,4940.0,14860.0
2008-01-23,4940.0,5100.0,4700.0,4930.0,6550.0
2008-01-24,4800.0,5040.0,4800.0,4935.0,10710.0
2008-01-25,4900.0,4940.0,4810.0,4935.0,6180.0
2008-01-28,4820.0,4930.0,4800.0,4800.0,6700.0
2008-01-29,4855.0,5090.0,4755.0,4930.0,2710.0
2008-01-30,4990.0,4990.0,4790.0,4900.0,5520.0
2008-01-31,4880.0,4880.0,4700.0,4785.0,19011.0
2008-02-01,4800.0,4845.0,4700.0,4720.0,4400.0
2008-02-04,4720.0,4800.0,4700.0,4800.0,9140.0
2008-02-05,4800.0,5140.0,4790.0,5110.0,24121.0
2008-02-11,5000.0,5000.0,4840.0,4970.0,15541.0
2008-02-12,4970.0,5100.0,4850.0,5030.0,2310.0
2008-02-13,5090.0,5090.0,4850.0,5010.0,8941.0
2008-02-14,5010.0,5090.0,4835.0,4940.0,13869.0
2008-02-15,4950.0,5020.0,4815.0,5000.0,7830.0
2008-02-18,5050.0,5050.0,4875.0,4990.0,11330.0
2008-02-19,5040.0,5450.0,4950.0,5440.0,63620.0
2008-02-20,5480.0,6150.0,5250.0,5510.0,73010.0
2008-02-21,5890.0,5890.0,5360.0,5790.0,40351.0
2008-02-22,5800.0,5800.0,5570.0,5750.0,57021.0
2008-02-25,5700.0,5900.0,5700.0,5890.0,33680.0
2008-02-26,5900.0,6190.0,5870.0,5870.0,36630.0
2008-02-27,5850.0,6100.0,5850.0,5900.0,27620.0
2008-02-28,5900.0,6040.0,5830.0,6000.0,15040.0
2008-02-29,6000.0,6000.0,5750.0,5900.0,17580.0
2008-03-03,5800.0,5960.0,5770.0,5960.0,12050.0
2008-03-04,5980.0,6000.0,5820.0,5900.0,16440.0
2008-03-05,5900.0,5900.0,5660.0,5900.0,17200.0
2008-03-06,5900.0,6090.0,5850.0,6050.0,28320.0
2008-03-07,5900.0,6080.0,5900.0,6070.0,12510.0
2008-03-10,6000.0,6470.0,6000.0,6450.0,48841.0
2008-03-11,6500.0,6520.0,6270.0,6450.0,21089.0
2008-03-12,6470.0,6470.0,6300.0,6350.0,22590.0
2008-03-13,6350.0,6700.0,6260.0,6510.0,38864.0
2008-03-14,6510.0,6700.0,6140.0,6410.0,24801.0
2008-03-17,6400.0,6400.0,5680.0,6130.0,35910.0
2008-03-18,6140.0,6160.0,5800.0,5900.0,16790.0
2008-03-19,5700.0,6070.0,5700.0,6000.0,10000.0
2008-03-20,5870.0,5990.0,5770.0,5990.0,3110.0
2008-03-21,6000.0,6000.0,5760.0,5900.0,7540.0
2008-03-24,5900.0,6000.0,5850.0,5900.0,6200.0
2008-03-25,5980.0,5980.0,5760.0,5760.0,9600.0
2008-03-26,5760.0,5890.0,5720.0,5850.0,9370.0
2008-03-27,5770.0,5940.0,5730.0,5940.0,5400.0
2008-03-28,5940.0,6040.0,5810.0,6040.0,10820.0
2008-03-31,6090.0,6200.0,5980.0,6180.0,18550.0
2008-04-01,6100.0,6290.0,5950.0,5950.0,16879.0
2008-04-02,5970.0,6100.0,5900.0,6080.0,10956.0
2008-04-03,6090.0,6100.0,5910.0,6070.0,3420.0
2008-04-04,6040.0,6100.0,5960.0,6080.0,7970.0
2008-04-07,5990.0,6100.0,5990.0,6050.0,10030.0
2008-04-08,6020.0,6050.0,5950.0,5970.0,15140.0
2008-04-10,6000.0,6000.0,5930.0,6000.0,11027.0
2008-04-11,5970.0,6100.0,5960.0,6100.0,12770.0
2008-04-14,6200.0,6440.0,6110.0,6330.0,48640.0
2008-04-15,6490.0,6490.0,6220.0,6310.0,21610.0
2008-04-16,6320.0,6690.0,6310.0,6570.0,39250.0
2008-04-17,6600.0,7100.0,6600.0,6860.0,58540.0
2008-04-18,6910.0,7100.0,6820.0,7020.0,28148.0
2008-04-21,7120.0,7800.0,7050.0,7450.0,293934.0
2008-04-22,7440.0,7440.0,6660.0,6730.0,111311.0
2008-04-23,6800.0,6940.0,6360.0,6430.0,96895.0
2008-04-24,6440.0,7270.0,6440.0,7050.0,75654.0
2008-04-25,7130.0,7500.0,7050.0,7180.0,56513.0
2008-04-28,7210.0,7400.0,7100.0,7310.0,36748.0
2008-04-29,7220.0,7530.0,7220.0,7500.0,46510.0
2008-04-30,7500.0,7670.0,7050.0,7180.0,51520.0
2008-05-02,7080.0,7400.0,7050.0,7210.0,38969.0
2008-05-06,7390.0,7400.0,7170.0,7170.0,43948.0
2008-05-07,7170.0,7370.0,7060.0,7160.0,21741.0
2008-05-08,7280.0,7320.0,7170.0,7320.0,10634.0
2008-05-09,7210.0,7550.0,7210.0,7390.0,32600.0
2008-05-13,7320.0,7760.0,7320.0,7560.0,54450.0
2008-05-14,7740.0,7940.0,7600.0,7730.0,76291.0
2008-05-15,7700.0,7750.0,7410.0,7730.0,58370.0
2008-05-16,7730.0,7880.0,7650.0,7870.0,47920.0
2008-05-19,7800.0,7970.0,7770.0,7900.0,59500.0
2008-05-20,7900.0,7980.0,7850.0,7980.0,74050.0
2008-05-21,8000.0,8100.0,7660.0,7840.0,58001.0
2008-05-22,7840.0,7900.0,7700.0,7870.0,29140.0
2008-05-23,7960.0,8180.0,7730.0,7790.0,105521.0
2008-05-26,7550.0,7850.0,7550.0,7700.0,26390.0
2008-05-27,7700.0,7980.0,7700.0,7850.0,76417.0
2008-05-28,7900.0,8050.0,7780.0,7890.0,38680.0
2008-05-29,8000.0,8100.0,7750.0,7850.0,35391.0
2008-05-30,7950.0,8000.0,7660.0,7980.0,47089.0
2008-06-02,8000.0,8080.0,7880.0,7980.0,35811.0
2008-06-03,7940.0,8070.0,7740.0,7830.0,26800.0
2008-06-04,7710.0,7850.0,7410.0,7650.0,68757.0
2008-06-05,7650.0,7770.0,7440.0,7640.0,70661.0
2008-06-09,7650.0,7720.0,7400.0,7720.0,31603.0
2008-06-10,7720.0,7880.0,7590.0,7710.0,30350.0
2008-06-11,7640.0,7830.0,7640.0,7760.0,4530.0
2008-06-12,7790.0,7930.0,7750.0,7850.0,36060.0
2008-06-13,7930.0,8790.0,7900.0,8350.0,129581.0
2008-06-16,8690.0,8690.0,8000.0,8290.0,84323.0
2008-06-17,8600.0,8600.0,8170.0,8380.0,40322.0
2008-06-18,8310.0,8400.0,8100.0,8300.0,23195.0
2008-06-19,8340.0,8390.0,8040.0,8240.0,27910.0
2008-06-20,8260.0,8260.0,8040.0,8210.0,14980.0
2008-06-23,8160.0,8230.0,8080.0,8160.0,16840.0
2008-06-24,8170.0,8280.0,7900.0,8000.0,29855.0
2008-06-25,8000.0,8080.0,7800.0,7880.0,36440.0
2008-06-26,7830.0,7990.0,7750.0,7910.0,17880.0
2008-06-27,7890.0,7890.0,7610.0,7770.0,19577.0
2008-06-30,7550.0,7850.0,7550.0,7600.0,10024.0
2008-07-01,7600.0,7690.0,7310.0,7650.0,28980.0
2008-07-02,7650.0,7700.0,6600.0,7190.0,46590.0
2008-07-03,7160.0,7160.0,6700.0,6990.0,26771.0
2008-07-04,7050.0,7190.0,6840.0,6950.0,8590.0
2008-07-07,6800.0,7150.0,6800.0,6910.0,16010.0
2008-07-08,6980.0,7000.0,6580.0,6610.0,8553.0
2008-07-09,6570.0,6650.0,6450.0,6650.0,54450.0
2008-07-10,6650.0,6650.0,6450.0,6650.0,18480.0
2008-07-11,6650.0,7090.0,6470.0,6850.0,12380.0
2008-07-14,7200.0,7200.0,6880.0,7180.0,21200.0
2008-07-15,7180.0,7200.0,7000.0,7190.0,10670.0
2008-07-16,7240.0,7240.0,6850.0,7150.0,9590.0
2008-07-17,7200.0,7200.0,6800.0,6900.0,12670.0
2008-07-18,6900.0,6900.0,6600.0,6750.0,20561.0
2008-07-21,6750.0,6850.0,6600.0,6700.0,5623.0
2008-07-22,6800.0,6840.0,6700.0,6830.0,5000.0
2008-07-23,6860.0,6860.0,6460.0,6690.0,38062.0
2008-07-24,6690.0,6690.0,6380.0,6500.0,45665.0
2008-07-25,6330.0,6500.0,6290.0,6420.0,19140.0
2008-07-28,6420.0,6550.0,6250.0,6400.0,20229.0
2008-07-29,6400.0,6450.0,6200.0,6350.0,7510.0
2008-07-30,6360.0,6500.0,6260.0,6380.0,9070.0
2008-07-31,6380.0,6470.0,6260.0,6260.0,5260.0
2008-08-01,6250.0,6420.0,6110.0,6300.0,10240.0
2008-08-04,6180.0,6290.0,6100.0,6110.0,11499.0
2008-08-05,6030.0,6880.0,6030.0,6450.0,27740.0
2008-08-06,6450.0,6550.0,6280.0,6280.0,8302.0
2008-08-07,6280.0,6420.0,6280.0,6410.0,10380.0
2008-08-08,6440.0,6440.0,6320.0,6410.0,4370.0
2008-08-11,6530.0,6540.0,6400.0,6430.0,6441.0
2008-08-12,6550.0,6550.0,6320.0,6450.0,6430.0
2008-08-13,6470.0,6500.0,6250.0,6400.0,4389.0
2008-08-14,6450.0,6450.0,6400.0,6440.0,1220.0
2008-08-18,6640.0,6640.0,6170.0,6170.0,18040.0
2008-08-19,6230.0,6230.0,5800.0,6000.0,19930.0
2008-08-20,5980.0,6050.0,5800.0,6000.0,10770.0
2008-08-21,6050.0,6100.0,5910.0,6090.0,7770.0
2008-08-22,6250.0,6300.0,5870.0,6050.0,8220.0
2008-08-25,6170.0,6200.0,6000.0,6010.0,5321.0
2008-08-26,6100.0,6100.0,5700.0,5930.0,7891.0
2008-08-27,5980.0,6000.0,5800.0,5970.0,3012.0
2008-08-28,5970.0,6050.0,5860.0,6000.0,4880.0
2008-08-29,6000.0,6380.0,5910.0,6370.0,18730.0
2008-09-01,6390.0,7320.0,6390.0,7320.0,76028.0
2008-09-02,7820.0,7880.0,7100.0,7300.0,160020.0
2008-09-03,7300.0,7300.0,6850.0,7100.0,62281.0
2008-09-04,7200.0,7600.0,6990.0,7020.0,85132.0
2008-09-05,6870.0,7020.0,6650.0,7000.0,23172.0
2008-09-08,6900.0,7170.0,6810.0,6860.0,26597.0
2008-09-09,6900.0,6960.0,6830.0,6930.0,9210.0
2008-09-10,6930.0,6930.0,6700.0,6840.0,20240.0
2008-09-11,6990.0,6990.0,6720.0,6800.0,13730.0
2008-09-12,6990.0,6990.0,6750.0,6950.0,15878.0
2008-09-16,6650.0,6650.0,6060.0,6060.0,21680.0
2008-09-17,6110.0,6340.0,6100.0,6270.0,24980.0
2008-09-18,6320.0,6320.0,5920.0,6180.0,18116.0
2008-09-19,6300.0,6480.0,6250.0,6480.0,15730.0
2008-09-22,6590.0,6590.0,6400.0,6460.0,1130.0
2008-09-23,6550.0,6600.0,6370.0,6540.0,14200.0
2008-09-24,6650.0,6650.0,6340.0,6480.0,2890.0
2008-09-25,6450.0,6550.0,6360.0,6550.0,6310.0
2008-09-26,6600.0,6830.0,6500.0,6720.0,9610.0
2008-09-29,6810.0,6810.0,6400.0,6690.0,4180.0
2008-09-30,6490.0,6690.0,6280.0,6690.0,7440.0
2008-10-01,6800.0,6810.0,6530.0,6700.0,4260.0
2008-10-02,6700.0,6700.0,6420.0,6650.0,4020.0
2008-10-06,6500.0,6500.0,6020.0,6200.0,14500.0
2008-10-07,5950.0,6170.0,5950.0,6130.0,3760.0
2008-10-08,6130.0,6150.0,5750.0,5970.0,16780.0
2008-10-09,5970.0,6450.0,5800.0,6050.0,4360.0
2008-10-10,6100.0,6100.0,5210.0,5610.0,15170.0
2008-10-13,5800.0,5800.0,5410.0,5710.0,17920.0
2008-10-14,5900.0,6070.0,5710.0,6000.0,15730.0
2008-10-15,5990.0,6000.0,5810.0,5850.0,5680.0
2008-10-16,5420.0,5840.0,4980.0,5080.0,20580.0
2008-10-17,5270.0,5270.0,4615.0,5000.0,7940.0
2008-10-20,5000.0,5280.0,4900.0,5000.0,5650.0
2008-10-21,5200.0,5200.0,5000.0,5100.0,6500.0
2008-10-22,5050.0,5100.0,4900.0,5030.0,3040.0
2008-10-23,4400.0,4950.0,4280.0,4570.0,27800.0
2008-10-24,4575.0,4590.0,3885.0,4590.0,37670.0
2008-10-27,4300.0,4590.0,4000.0,4340.0,8470.0
2008-10-28,3780.0,4490.0,3770.0,4490.0,18910.0
2008-10-29,4700.0,4980.0,4300.0,4500.0,13350.0
2008-10-30,4430.0,4900.0,4430.0,4880.0,18700.0
2008-10-31,5000.0,5000.0,4650.0,4700.0,15580.0
2008-11-03,4700.0,4790.0,4600.0,4780.0,11821.0
2008-11-04,4705.0,4815.0,4620.0,4795.0,24881.0
2008-11-05,4900.0,5510.0,4900.0,5440.0,67070.0
2008-11-06,5140.0,5290.0,4970.0,5100.0,22501.0
2008-11-07,4655.0,5500.0,4655.0,5500.0,19250.0
2008-11-10,5950.0,5950.0,5500.0,5620.0,9341.0
2008-11-11,5580.0,5580.0,5230.0,5390.0,14880.0
2008-11-12,5200.0,5370.0,5050.0,5250.0,16671.0
2008-11-13,4900.0,5100.0,4700.0,4890.0,15281.0
2008-11-14,5100.0,5190.0,4950.0,5080.0,3200.0
2008-11-17,5080.0,5190.0,5080.0,5120.0,3930.0
2008-11-18,5130.0,5740.0,5130.0,5700.0,53330.0
2008-11-19,5700.0,6190.0,5300.0,5740.0,129383.0
2008-11-20,5590.0,5800.0,5200.0,5370.0,41466.0
2008-11-21,5200.0,5580.0,5100.0,5580.0,21127.0
2008-11-24,5580.0,5600.0,5270.0,5460.0,13320.0
2008-11-25,5500.0,5600.0,5300.0,5400.0,17880.0
2008-11-26,5500.0,5500.0,5300.0,5400.0,14989.0
2008-11-27,5490.0,5600.0,5250.0,5360.0,23341.0
2008-11-28,5270.0,5400.0,5150.0,5210.0,23134.0
2008-12-01,5260.0,5300.0,5130.0,5280.0,6406.0
2008-12-02,5020.0,5250.0,4810.0,5250.0,15916.0
2008-12-03,5160.0,5270.0,5150.0,5200.0,4830.0
2008-12-04,5300.0,5300.0,5040.0,5140.0,6290.0
2008-12-05,5170.0,5290.0,5020.0,5180.0,2790.0
2008-12-08,5200.0,5300.0,5100.0,5200.0,19740.0
2008-12-09,5320.0,5400.0,5150.0,5290.0,10266.0
2008-12-10,5260.0,5260.0,5100.0,5230.0,16470.0
2008-12-11,5200.0,5200.0,5070.0,5100.0,12402.0
2008-12-12,5150.0,5240.0,4950.0,5180.0,10230.0
2008-12-15,5330.0,5600.0,5330.0,5410.0,36285.0
2008-12-16,5450.0,5900.0,5400.0,5850.0,54390.0
2008-12-17,5900.0,6500.0,5900.0,6300.0,96260.0
2008-12-18,6430.0,6550.0,6000.0,6220.0,129390.0
2008-12-19,6240.0,6240.0,5900.0,6080.0,22070.0
2008-12-22,6080.0,6100.0,5820.0,5820.0,42190.0
2008-12-23,5820.0,5970.0,5400.0,5660.0,21764.0
2008-12-24,5670.0,6100.0,5510.0,5700.0,18860.0
2008-12-26,5700.0,5890.0,5530.0,5740.0,10730.0
2008-12-29,5700.0,5700.0,5480.0,5650.0,12510.0
2008-12-30,5690.0,5830.0,5590.0,5800.0,20320.0
2009-01-02,6400.0,6550.0,6090.0,6420.0,144851.0
2009-01-05,6400.0,6900.0,6250.0,6750.0,125610.0
2009-01-06,6880.0,6990.0,6650.0,6980.0,77667.0
2009-01-07,6990.0,7000.0,6730.0,6850.0,64638.0
2009-01-08,6840.0,6840.0,6300.0,6750.0,54165.0
2009-01-09,6730.0,6800.0,6520.0,6680.0,51413.0
2009-01-12,6670.0,6670.0,6440.0,6590.0,21121.0
2009-01-13,6600.0,7000.0,6470.0,6600.0,95620.0
2009-01-14,6640.0,6850.0,6600.0,6690.0,66071.0
2009-01-15,6500.0,6580.0,6000.0,6020.0,60270.0
2009-01-16,6130.0,6400.0,5780.0,5900.0,74372.0
2009-01-19,6100.0,6150.0,5910.0,6090.0,43205.0
2009-01-20,6000.0,6070.0,5890.0,5990.0,17723.0
2009-01-21,5900.0,5900.0,5700.0,5830.0,23842.0
2009-01-22,6000.0,6350.0,5900.0,6350.0,58537.0
2009-01-23,6210.0,6600.0,6100.0,6520.0,60018.0
2009-01-28,6600.0,6700.0,6360.0,6430.0,35318.0
2009-01-29,6430.0,6430.0,6060.0,6100.0,62509.0
2009-01-30,6500.0,6930.0,6470.0,6600.0,238932.0
2009-02-02,6500.0,6900.0,6100.0,6580.0,70560.0
2009-02-03,6580.0,6580.0,6350.0,6520.0,27595.0
2009-02-04,6520.0,6650.0,6330.0,6370.0,58799.0
2009-02-05,6250.0,6370.0,6200.0,6300.0,34787.0
2009-02-06,6300.0,6380.0,6170.0,6270.0,45280.0
2009-02-09,6400.0,6820.0,6350.0,6440.0,102680.0
2009-02-10,6560.0,6600.0,6250.0,6300.0,28792.0
2009-02-11,6200.0,6280.0,6100.0,6280.0,18240.0
2009-02-12,6280.0,6510.0,6280.0,6400.0,32999.0
2009-02-13,6330.0,6600.0,6330.0,6560.0,47380.0
2009-02-16,6560.0,7250.0,6460.0,7200.0,233955.0
2009-02-17,7300.0,7590.0,6910.0,7190.0,140299.0
2009-02-18,7000.0,7440.0,6990.0,7400.0,73100.0
2009-02-19,7400.0,7500.0,7000.0,7140.0,68030.0
2009-02-20,6920.0,7080.0,6300.0,6540.0,61940.0
2009-02-23,6540.0,6950.0,6500.0,6860.0,34090.0
2009-02-24,6700.0,6700.0,6300.0,6450.0,35241.0
2009-02-25,6590.0,6680.0,6300.0,6320.0,27647.0
2009-02-26,6210.0,6400.0,5630.0,5820.0,72721.0
2009-02-27,5850.0,5990.0,5650.0,5840.0,23125.0
2009-03-02,5840.0,5840.0,5300.0,5600.0,32100.0
2009-03-03,5130.0,5680.0,5130.0,5680.0,17470.0
2009-03-04,5680.0,5850.0,5530.0,5850.0,9240.0
2009-03-05,5850.0,6000.0,5810.0,5900.0,12899.0
2009-03-06,5750.0,6000.0,5700.0,5700.0,18840.0
2009-03-09,5850.0,6050.0,5800.0,5900.0,9880.0
2009-03-10,5970.0,5970.0,5750.0,5900.0,19681.0
2009-03-11,6100.0,6100.0,5840.0,5840.0,11010.0
2009-03-12,5950.0,5950.0,5720.0,5750.0,6221.0
2009-03-13,5920.0,5920.0,5730.0,5790.0,10759.0
2009-03-16,5900.0,5940.0,5760.0,5900.0,10060.0
2009-03-17,5910.0,6080.0,5900.0,6080.0,25781.0
2009-03-18,6140.0,6270.0,5980.0,6160.0,14810.0
2009-03-19,6270.0,6290.0,6050.0,6100.0,8900.0
2009-03-20,6100.0,6220.0,5940.0,6200.0,14300.0
2009-03-23,6050.0,6300.0,6050.0,6300.0,24920.0
2009-03-24,6430.0,6600.0,6390.0,6480.0,41830.0
2009-03-25,6480.0,6640.0,6470.0,6490.0,17428.0
2009-03-26,6480.0,6590.0,6390.0,6430.0,12228.0
2009-03-27,6450.0,6450.0,6160.0,6250.0,17420.0
2009-03-30,6290.0,6290.0,6000.0,6080.0,6260.0
2009-03-31,6080.0,6190.0,5920.0,5960.0,45860.0
2009-04-01,5960.0,6180.0,5950.0,6080.0,13840.0
2009-04-02,6100.0,6320.0,6040.0,6270.0,36630.0
2009-04-03,6350.0,6350.0,6060.0,6080.0,24320.0
2009-04-06,6080.0,6390.0,6080.0,6200.0,25550.0
2009-04-07,6090.0,6410.0,6080.0,6250.0,48980.0
2009-04-08,6260.0,6470.0,6200.0,6290.0,54840.0
2009-04-09,6280.0,6630.0,6280.0,6620.0,63100.0
2009-04-10,6680.0,7500.0,6680.0,7340.0,192441.0
2009-04-13,7420.0,7420.0,7080.0,7120.0,77840.0
2009-04-14,7120.0,7200.0,6820.0,6990.0,52183.0
2009-04-15,6950.0,7100.0,6660.0,6980.0,41211.0
2009-04-16,7190.0,7190.0,6870.0,6940.0,21661.0
2009-04-17,7090.0,7100.0,6610.0,6900.0,21094.0
2009-04-20,6880.0,6890.0,6620.0,6650.0,22060.0
2009-04-21,6500.0,6640.0,6400.0,6490.0,40621.0
2009-04-22,6500.0,6690.0,6450.0,6600.0,52161.0
2009-04-23,6580.0,6730.0,6510.0,6650.0,50660.0
2009-04-24,6690.0,6690.0,6390.0,6390.0,52220.0
2009-04-27,6580.0,6580.0,6180.0,6260.0,34890.0
2009-04-28,6260.0,6310.0,5900.0,5920.0,59630.0
2009-04-29,5920.0,6470.0,5920.0,6140.0,26681.0
2009-04-30,6160.0,6230.0,6020.0,6140.0,33989.0
2009-05-04,6140.0,6250.0,6110.0,6200.0,24250.0
2009-05-06,6750.0,7130.0,6350.0,7130.0,541444.0
2009-05-07,7200.0,7230.0,6520.0,6520.0,255661.0
2009-05-08,6650.0,6650.0,6350.0,6520.0,92882.0
2009-05-11,6550.0,6720.0,6380.0,6480.0,117124.0
2009-05-12,6480.0,6510.0,6230.0,6270.0,51446.0
2009-05-13,6340.0,6480.0,6300.0,6430.0,45232.0
2009-05-14,6400.0,6430.0,6130.0,6220.0,74171.0
2009-05-15,6400.0,6580.0,6320.0,6500.0,90330.0
2009-05-18,6450.0,6540.0,6150.0,6250.0,68791.0
2009-05-19,6400.0,6410.0,6270.0,6410.0,36500.0
2009-05-20,6400.0,6450.0,6270.0,6280.0,35410.0
2009-05-21,6350.0,6350.0,6130.0,6170.0,63112.0
2009-05-22,6080.0,6280.0,6050.0,6090.0,52068.0
2009-05-25,6090.0,6250.0,5720.0,6090.0,31933.0
2009-05-26,6120.0,6190.0,5900.0,6070.0,48617.0
2009-05-27,6160.0,6160.0,5900.0,5990.0,47480.0
2009-05-28,5860.0,6050.0,5700.0,6040.0,68801.0
2009-05-29,5950.0,6250.0,5950.0,6200.0,40111.0
2009-06-01,6110.0,6300.0,6100.0,6230.0,36601.0
2009-06-02,6250.0,6340.0,6070.0,6070.0,26930.0
2009-06-03,6150.0,6170.0,5900.0,5980.0,55547.0
2009-06-04,5970.0,6070.0,5650.0,5650.0,92636.0
2009-06-05,5720.0,6000.0,5720.0,5950.0,48221.0
2009-06-08,5950.0,6160.0,5860.0,5950.0,36738.0
2009-06-09,5970.0,6030.0,5800.0,5800.0,30002.0
2009-06-10,5800.0,5900.0,5800.0,5860.0,19072.0
2009-06-11,5860.0,6150.0,5860.0,6130.0,38210.0
2009-06-12,6140.0,6260.0,5890.0,6260.0,71370.0
2009-06-15,6150.0,6230.0,5990.0,6150.0,35450.0
2009-06-16,6040.0,6080.0,5950.0,6080.0,34340.0
2009-06-17,6050.0,6100.0,5910.0,5910.0,23186.0
2009-06-18,5910.0,6000.0,5850.0,5880.0,47553.0
2009-06-19,5870.0,5980.0,5680.0,5880.0,36241.0
2009-06-22,5750.0,5850.0,5700.0,5730.0,56795.0
2009-06-23,5670.0,5700.0,5400.0,5480.0,49576.0
2009-06-24,5500.0,5650.0,5420.0,5420.0,27870.0
2009-06-25,5430.0,5640.0,5430.0,5640.0,37220.0
2009-06-26,5700.0,5730.0,5540.0,5690.0,12830.0
2009-06-29,5650.0,5790.0,5530.0,5590.0,17182.0
2009-06-30,5560.0,5680.0,5400.0,5680.0,42368.0
2009-07-01,5720.0,5750.0,5510.0,5730.0,10250.0
2009-07-02,5640.0,5720.0,5640.0,5700.0,6480.0
2009-07-03,5670.0,5680.0,5600.0,5650.0,6450.0
2009-07-06,5620.0,5740.0,5620.0,5690.0,12541.0
2009-07-07,5700.0,6240.0,5700.0,5860.0,204502.0
2009-07-08,5880.0,5980.0,5700.0,5730.0,34209.0
2009-07-09,5750.0,5750.0,5600.0,5630.0,28458.0
2009-07-10,5650.0,5700.0,5450.0,5520.0,39713.0
2009-07-13,5580.0,5580.0,5390.0,5410.0,31809.0
2009-07-14,5490.0,5540.0,5400.0,5500.0,16260.0
2009-07-15,5590.0,5640.0,5540.0,5640.0,11440.0
2009-07-16,5640.0,5640.0,5380.0,5420.0,66945.0
2009-07-17,5420.0,5430.0,5370.0,5380.0,16400.0
2009-07-20,5380.0,5450.0,5370.0,5370.0,24606.0
2009-07-21,5370.0,5430.0,5370.0,5400.0,22550.0
2009-07-22,5450.0,5480.0,5410.0,5430.0,19961.0
2009-07-23,5470.0,5640.0,5460.0,5600.0,37540.0
2009-07-24,5650.0,5650.0,5500.0,5530.0,10490.0
2009-07-27,5630.0,5630.0,5480.0,5480.0,19721.0
2009-07-28,5480.0,5540.0,5450.0,5480.0,10584.0
2009-07-29,5520.0,5540.0,5380.0,5400.0,22696.0
2009-07-30,5400.0,5430.0,5370.0,5400.0,9864.0
2009-07-31,5400.0,5470.0,5400.0,5450.0,7157.0
2009-08-03,5460.0,5540.0,5440.0,5500.0,27453.0
2009-08-04,5600.0,5600.0,5500.0,5510.0,24045.0
2009-08-05,5510.0,5560.0,5450.0,5450.0,19325.0
2009-08-06,5500.0,5550.0,5400.0,5480.0,17420.0
2009-08-07,5530.0,5530.0,5430.0,5430.0,14103.0
2009-08-10,5430.0,5500.0,5400.0,5450.0,38503.0
2009-08-11,5450.0,5580.0,5430.0,5550.0,25971.0
2009-08-12,5500.0,5550.0,5450.0,5510.0,9066.0
2009-08-13,5520.0,5720.0,5490.0,5630.0,61401.0
2009-08-14,5700.0,5800.0,5660.0,5790.0,25110.0
2009-08-17,5850.0,5870.0,5610.0,5700.0,26191.0
2009-08-18,5650.0,5770.0,5530.0,5620.0,10159.0
2009-08-19,5590.0,5710.0,5560.0,5580.0,10600.0
2009-08-20,5580.0,5640.0,5500.0,5580.0,21570.0
2009-08-21,5580.0,5620.0,5450.0,5460.0,27121.0
2009-08-24,5480.0,5600.0,5470.0,5550.0,46730.0
2009-08-25,5590.0,5800.0,5590.0,5770.0,42470.0
2009-08-26,5770.0,5800.0,5720.0,5770.0,16750.0
2009-08-27,5770.0,5790.0,5540.0,5590.0,46450.0
2009-08-28,5610.0,5660.0,5520.0,5600.0,27850.0
2009-08-31,5700.0,5810.0,5530.0,5650.0,47222.0
2009-09-01,5620.0,5750.0,5560.0,5660.0,39886.0
2009-09-02,5730.0,6320.0,5660.0,6000.0,183013.0
2009-09-03,5950.0,6150.0,5810.0,6000.0,53481.0
2009-09-04,6000.0,6000.0,5810.0,5880.0,42880.0
2009-09-07,5870.0,6240.0,5870.0,6040.0,70697.0
2009-09-08,6040.0,6180.0,5920.0,5940.0,33268.0
2009-09-09,6030.0,6030.0,5870.0,5920.0,24820.0
2009-09-10,5850.0,6050.0,5730.0,6050.0,40959.0
2009-09-11,6050.0,6090.0,5910.0,6010.0,24450.0
2009-09-14,6050.0,6050.0,5770.0,5890.0,52460.0
2009-09-15,5850.0,6240.0,5760.0,6220.0,149141.0
2009-09-16,6180.0,6280.0,6050.0,6060.0,44740.0
2009-09-17,6110.0,6110.0,5890.0,5970.0,21130.0
2009-09-18,5930.0,6090.0,5860.0,6090.0,32881.0
2009-09-21,6000.0,6080.0,5950.0,5960.0,20790.0
2009-09-22,5930.0,5990.0,5900.0,5930.0,32163.0
2009-09-23,5930.0,6050.0,5880.0,5890.0,21532.0
2009-09-24,5850.0,5950.0,5710.0,5760.0,24472.0
2009-09-25,5630.0,5790.0,5630.0,5770.0,8980.0
2009-09-28,5720.0,5770.0,5620.0,5680.0,10021.0
2009-09-29,5720.0,5750.0,5670.0,5690.0,9450.0
2009-09-30,5690.0,5710.0,5600.0,5690.0,15720.0
2009-10-01,5690.0,5830.0,5540.0,5800.0,19970.0
2009-10-05,5670.0,5820.0,5610.0,5800.0,11080.0
2009-10-06,5720.0,5830.0,5720.0,5810.0,10260.0
2009-10-07,5770.0,5850.0,5650.0,5810.0,22390.0
2009-10-08,5730.0,5850.0,5730.0,5760.0,2314.0
2009-10-09,5820.0,5820.0,5720.0,5740.0,10340.0
2009-10-12,5760.0,5940.0,5650.0,5670.0,21662.0
2009-10-13,5670.0,5700.0,5640.0,5680.0,6211.0
2009-10-14,5660.0,5750.0,5640.0,5720.0,4360.0
2009-10-15,5650.0,5800.0,5650.0,5720.0,11334.0
2009-10-16,5660.0,5740.0,5660.0,5700.0,17601.0
2009-10-19,5640.0,5770.0,5640.0,5670.0,7950.0
2009-10-20,5670.0,5750.0,5620.0,5700.0,13810.0
2009-10-21,5670.0,5780.0,5610.0,5750.0,12210.0
2009-10-22,5790.0,5890.0,5720.0,5870.0,12930.0
2009-10-23,5860.0,6000.0,5760.0,5920.0,21640.0
2009-10-26,5900.0,5930.0,5810.0,5930.0,4120.0
2009-10-27,5880.0,5920.0,5050.0,5880.0,28800.0
2009-10-28,5850.0,5850.0,5700.0,5850.0,9530.0
2009-10-29,5700.0,5880.0,5540.0,5840.0,19630.0
2009-10-30,5880.0,5990.0,5800.0,5910.0,17430.0
2009-11-02,5870.0,5870.0,5660.0,5680.0,1590.0
2009-11-03,5760.0,5780.0,5640.0,5750.0,1030.0
2009-11-04,5650.0,5800.0,5650.0,5800.0,440.0
2009-11-05,5730.0,5820.0,5600.0,5640.0,5838.0
2009-11-06,5680.0,5790.0,5650.0,5680.0,5040.0
2009-11-09,5660.0,5850.0,5650.0,5750.0,11046.0
2009-11-10,5750.0,5900.0,5720.0,5760.0,11410.0
2009-11-11,5660.0,5800.0,5660.0,5800.0,12440.0
2009-11-12,5830.0,5900.0,5830.0,5870.0,13951.0
2009-11-13,5850.0,5850.0,5690.0,5740.0,13931.0
2009-11-16,5690.0,5840.0,5660.0,5740.0,10080.0
2009-11-17,5750.0,5850.0,5720.0,5750.0,13130.0
2009-11-18,5760.0,5770.0,5610.0,5690.0,10771.0
2009-11-19,5710.0,5710.0,5560.0,5670.0,9440.0
2009-11-20,5720.0,5720.0,5580.0,5670.0,5330.0
2009-11-23,5680.0,5680.0,5550.0,5560.0,17521.0
2009-11-24,5620.0,5620.0,5540.0,5560.0,2141.0
2009-11-25,5560.0,5680.0,5500.0,5570.0,4425.0
2009-11-26,5470.0,5570.0,5470.0,5550.0,5370.0
2009-11-27,5600.0,5600.0,5420.0,5500.0,6876.0
2009-11-30,5510.0,5600.0,5420.0,5600.0,29090.0
2009-12-01,5510.0,5600.0,5510.0,5560.0,4070.0
2009-12-02,5620.0,5620.0,5500.0,5550.0,4500.0
2009-12-03,5550.0,5550.0,5490.0,5500.0,1915.0
2009-12-04,5500.0,5540.0,5290.0,5370.0,26556.0
2009-12-07,5370.0,5440.0,5340.0,5410.0,6259.0
2009-12-08,5450.0,5450.0,5300.0,5390.0,19901.0
2009-12-09,5300.0,5440.0,5300.0,5380.0,9356.0
2009-12-10,5380.0,5380.0,5270.0,5270.0,18114.0
2009-12-11,5300.0,5390.0,5290.0,5310.0,8880.0
2009-12-14,5320.0,5550.0,5320.0,5400.0,19795.0
2009-12-15,5450.0,5650.0,5400.0,5600.0,17252.0
2009-12-16,5630.0,5630.0,5500.0,5550.0,3361.0
2009-12-17,5550.0,5550.0,5420.0,5510.0,7611.0
2009-12-18,5500.0,5500.0,5450.0,5500.0,1711.0
2009-12-21,5500.0,5540.0,5400.0,5530.0,14140.0
2009-12-22,5500.0,5520.0,5430.0,5430.0,16279.0
2009-12-23,5450.0,5630.0,5420.0,5630.0,21590.0
2009-12-24,5680.0,5680.0,5550.0,5660.0,9230.0
2009-12-28,5800.0,5800.0,5610.0,5760.0,18963.0
2009-12-29,5770.0,5800.0,5620.0,5690.0,10160.0
2009-12-30,5690.0,5710.0,5520.0,5550.0,7738.0
2010-01-04,5550.0,5570.0,5380.0,5410.0,17396.0
2010-01-05,5450.0,5540.0,5430.0,5530.0,12380.0
2010-01-06,5580.0,5580.0,5490.0,5560.0,9404.0
2010-01-07,5550.0,5550.0,5470.0,5530.0,7181.0
2010-01-08,5530.0,5590.0,5500.0,5560.0,12574.0
2010-01-11,5550.0,5630.0,5520.0,5600.0,2640.0
2010-01-12,5530.0,5750.0,5530.0,5730.0,23680.0
2010-01-13,5640.0,5800.0,5640.0,5700.0,15840.0
2010-01-14,5700.0,5750.0,5700.0,5750.0,10508.0
2010-01-15,5750.0,5790.0,5620.0,5700.0,10920.0
2010-01-18,5670.0,5700.0,5570.0,5660.0,6880.0
2010-01-19,5730.0,5730.0,5550.0,5660.0,6020.0
2010-01-20,5680.0,5700.0,5630.0,5660.0,2810.0
2010-01-21,5650.0,5690.0,5580.0,5640.0,4820.0
2010-01-22,5640.0,5640.0,5360.0,5580.0,5851.0
2010-01-25,5520.0,5520.0,5410.0,5510.0,2311.0
2010-01-26,5510.0,5580.0,5490.0,5550.0,11180.0
2010-01-27,5580.0,5580.0,5400.0,5470.0,6470.0
2010-01-28,5490.0,5540.0,5390.0,5520.0,12702.0
2010-01-29,5520.0,5590.0,5250.0,5520.0,8731.0
2010-02-01,5500.0,5580.0,5450.0,5520.0,10591.0
2010-02-02,5520.0,5560.0,5480.0,5510.0,281.0
2010-02-03,5510.0,5550.0,5370.0,5490.0,912.0
2010-02-04,5360.0,5520.0,5350.0,5350.0,7451.0
2010-02-05,5290.0,5300.0,5110.0,5240.0,15791.0
2010-02-08,5240.0,5300.0,5160.0,5210.0,2732.0
2010-02-09,5230.0,5230.0,5130.0,5180.0,809.0
2010-02-10,5230.0,5230.0,5160.0,5200.0,3310.0
2010-02-11,5160.0,5290.0,5130.0,5240.0,1020.0
2010-02-12,5160.0,5390.0,5090.0,5390.0,15953.0
2010-02-16,5380.0,5380.0,5200.0,5320.0,1700.0
2010-02-17,5320.0,5490.0,5200.0,5230.0,5330.0
2010-02-18,5250.0,5250.0,5150.0,5240.0,5252.0
2010-02-19,5170.0,5300.0,5160.0,5260.0,5630.0
2010-02-22,5260.0,5260.0,5200.0,5250.0,6268.0
2010-02-23,5200.0,5300.0,5170.0,5270.0,3300.0
2010-02-24,5270.0,5300.0,5170.0,5290.0,4354.0
2010-02-25,5320.0,5320.0,5140.0,5160.0,8164.0
2010-02-26,5170.0,5190.0,5100.0,5180.0,1544.0
2010-03-02,5120.0,5170.0,5100.0,5130.0,7120.0
2010-03-03,5150.0,5150.0,5070.0,5100.0,5297.0
2010-03-04,5120.0,5120.0,4980.0,5070.0,5720.0
2010-03-05,5020.0,5070.0,4815.0,4900.0,29947.0
2010-03-08,4900.0,5080.0,4900.0,5060.0,19873.0
2010-03-09,5040.0,5190.0,5040.0,5100.0,5766.0
2010-03-10,5120.0,5120.0,5020.0,5100.0,5950.0
2010-03-11,5150.0,5150.0,5030.0,5140.0,2536.0
2010-03-12,5180.0,5200.0,5010.0,5180.0,8533.0
2010-03-15,5180.0,5200.0,5050.0,5090.0,4460.0
2010-03-16,5090.0,5130.0,4960.0,5000.0,15078.0
2010-03-17,5000.0,5130.0,5000.0,5050.0,6020.0
2010-03-18,4945.0,5000.0,4945.0,4975.0,24531.0
2010-03-19,4975.0,5000.0,4955.0,4975.0,9000.0
2010-03-22,4965.0,5000.0,4915.0,4965.0,4590.0
2010-03-23,4985.0,5050.0,4905.0,4975.0,20166.0
2010-03-24,4970.0,4975.0,4855.0,4865.0,11610.0
2010-03-25,4865.0,4900.0,4785.0,4890.0,10840.0
2010-03-26,4855.0,4900.0,4820.0,4870.0,10499.0
2010-03-29,4860.0,4860.0,4780.0,4790.0,4219.0
2010-03-30,4840.0,4840.0,4765.0,4790.0,14381.0
2010-03-31,4790.0,4790.0,4630.0,4710.0,10592.0
2010-04-01,4695.0,4695.0,4575.0,4585.0,20871.0
2010-04-02,4595.0,4800.0,4590.0,4625.0,9519.0
2010-04-05,4625.0,4640.0,4440.0,4500.0,7591.0
2010-04-06,4500.0,4665.0,4500.0,4630.0,18183.0
2010-04-07,4625.0,4820.0,4600.0,4650.0,3740.0
2010-04-08,4650.0,4900.0,4650.0,4785.0,6190.0
2010-04-09,4800.0,4875.0,4740.0,4840.0,3637.0
2010-04-12,4840.0,4865.0,4715.0,4840.0,2870.0
2010-04-13,4730.0,4840.0,4730.0,4755.0,4821.0
2010-04-14,4800.0,4800.0,4605.0,4785.0,5361.0
2010-04-15,4750.0,4845.0,4700.0,4735.0,19451.0
2010-04-16,4735.0,4740.0,4680.0,4725.0,2620.0
2010-04-19,4760.0,4760.0,4615.0,4705.0,2893.0
2010-04-20,4600.0,4720.0,4600.0,4620.0,13120.0
2010-04-21,4620.0,4720.0,4620.0,4720.0,8570.0
2010-04-22,4785.0,4785.0,4655.0,4720.0,1770.0
2010-04-23,4810.0,4810.0,4750.0,4755.0,690.0
2010-04-26,4795.0,4795.0,4700.0,4780.0,4480.0
2010-04-27,4720.0,4780.0,4640.0,4650.0,4620.0
2010-04-28,4605.0,4670.0,4515.0,4555.0,7261.0
2010-04-29,4540.0,4570.0,4410.0,4480.0,29970.0
2010-04-30,4550.0,4550.0,4450.0,4520.0,9482.0
2010-05-03,4520.0,4535.0,4370.0,4400.0,14333.0
2010-05-04,4400.0,4430.0,4300.0,4335.0,16820.0
2010-05-06,4350.0,4370.0,4285.0,4370.0,5920.0
2010-05-07,4310.0,4310.0,4105.0,4275.0,6388.0
2010-05-10,4175.0,4310.0,4135.0,4180.0,10404.0
2010-05-11,4255.0,4255.0,4160.0,4205.0,5518.0
2010-05-12,4250.0,4290.0,4150.0,4195.0,8633.0
2010-05-13,4220.0,4220.0,4130.0,4135.0,15380.0
2010-05-14,4135.0,4170.0,4060.0,4130.0,32740.0
2010-05-17,4150.0,4165.0,4000.0,4095.0,6395.0
2010-05-18,4100.0,4100.0,3825.0,4090.0,9780.0
2010-05-19,4005.0,4040.0,4000.0,4030.0,2798.0
2010-05-20,4030.0,4170.0,3870.0,4095.0,4323.0
2010-05-24,4095.0,4095.0,3945.0,4020.0,3543.0
2010-05-25,4150.0,4150.0,3500.0,3950.0,13372.0
2010-05-26,3950.0,3950.0,3840.0,3865.0,4664.0
2010-05-27,3975.0,3975.0,3800.0,3950.0,3453.0
2010-05-28,4095.0,4095.0,3950.0,4050.0,2301.0
2010-05-31,4090.0,4090.0,3980.0,4015.0,5162.0
2010-06-01,4015.0,4140.0,3975.0,4050.0,3230.0
2010-06-03,4095.0,4095.0,3955.0,4095.0,3270.0
2010-06-04,4095.0,4095.0,4025.0,4090.0,80.0
2010-06-07,4025.0,4025.0,3915.0,4000.0,1320.0
2010-06-08,4040.0,4080.0,3820.0,4060.0,4552.0
2010-06-09,4090.0,4090.0,3955.0,4045.0,2701.0
2010-06-10,4045.0,4095.0,4000.0,4040.0,2237.0
2010-06-11,4090.0,4090.0,4000.0,4030.0,3280.0
2010-06-14,4030.0,4050.0,3965.0,4030.0,4010.0
2010-06-15,4030.0,4030.0,3970.0,4030.0,1190.0
2010-06-16,4010.0,4060.0,3960.0,4010.0,5892.0
2010-06-17,4060.0,4060.0,3950.0,3990.0,3390.0
2010-06-18,4040.0,4040.0,3920.0,3975.0,4471.0
2010-06-21,3910.0,3995.0,3890.0,3950.0,6137.0
2010-06-22,3905.0,3930.0,3855.0,3905.0,5037.0
2010-06-23,3840.0,3890.0,3800.0,3880.0,3118.0
2010-06-24,3995.0,3995.0,3770.0,3800.0,11710.0
2010-06-25,3840.0,3945.0,3800.0,3900.0,10094.0
2010-06-28,3960.0,3960.0,3845.0,3935.0,4130.0
2010-06-29,3955.0,3955.0,3875.0,3900.0,4200.0
2010-06-30,3890.0,3900.0,3685.0,3900.0,39440.0
2010-07-01,3925.0,3925.0,3820.0,3885.0,1011.0
2010-07-02,3915.0,3915.0,3825.0,3880.0,2880.0
2010-07-05,3915.0,3915.0,3760.0,3865.0,1420.0
2010-07-06,3920.0,3920.0,3800.0,3880.0,4740.0
2010-07-07,3890.0,3890.0,3810.0,3885.0,2060.0
2010-07-08,3835.0,4180.0,3835.0,4060.0,4320.0
2010-07-09,4150.0,4155.0,3855.0,4100.0,16260.0
2010-07-12,4280.0,4280.0,3910.0,3910.0,6298.0
2010-07-13,3980.0,4140.0,3980.0,4075.0,5390.0
2010-07-14,4100.0,4445.0,4010.0,4130.0,14991.0
2010-07-15,4105.0,4130.0,4100.0,4130.0,790.0
2010-07-16,4130.0,4230.0,4130.0,4185.0,1160.0
2010-07-19,4100.0,4320.0,4100.0,4190.0,2530.0
2010-07-20,4240.0,4240.0,4135.0,4200.0,1360.0
2010-07-21,4200.0,4300.0,4100.0,4220.0,3340.0
2010-07-22,4150.0,4250.0,4150.0,4230.0,2090.0
2010-07-23,4230.0,4230.0,4040.0,4125.0,3250.0
2010-07-26,4050.0,4235.0,4000.0,4005.0,8220.0
2010-07-27,4075.0,4075.0,3995.0,3995.0,4648.0
2010-07-28,4070.0,4070.0,3950.0,4045.0,8290.0
2010-07-29,4070.0,4070.0,4015.0,4020.0,2147.0
2010-07-30,4085.0,4400.0,4030.0,4145.0,3160.0
2010-08-02,4225.0,4225.0,4020.0,4075.0,4482.0
2010-08-03,4170.0,4170.0,3975.0,4045.0,3401.0
2010-08-04,4045.0,4085.0,3900.0,4045.0,26140.0
2010-08-05,3925.0,4200.0,3900.0,3900.0,24760.0
2010-08-06,3900.0,4175.0,3900.0,4080.0,2160.0
2010-08-09,4065.0,4065.0,3965.0,4030.0,1171.0
2010-08-10,4080.0,4090.0,3960.0,3960.0,1810.0
2010-08-11,3910.0,4090.0,3910.0,4015.0,3184.0
2010-08-12,3915.0,4040.0,3860.0,4000.0,2909.0
2010-08-13,4000.0,4090.0,3925.0,4045.0,4404.0
2010-08-16,4095.0,4095.0,3900.0,3965.0,7830.0
2010-08-17,3985.0,4050.0,3880.0,4000.0,3040.0
2010-08-18,4045.0,4045.0,3915.0,3915.0,2410.0
2010-08-19,3930.0,3990.0,3880.0,3940.0,5535.0
2010-08-20,3900.0,3975.0,3850.0,3850.0,3460.0
2010-08-23,3850.0,3990.0,3810.0,3845.0,1088.0
2010-08-24,3845.0,4100.0,3770.0,3900.0,4450.0
2010-08-25,3895.0,3900.0,3810.0,3900.0,1470.0
2010-08-26,3800.0,3800.0,3525.0,3700.0,34348.0
2010-08-27,3695.0,3700.0,3565.0,3660.0,10592.0
2010-08-30,3685.0,3795.0,3680.0,3730.0,7440.0
2010-08-31,3800.0,3800.0,3540.0,3590.0,22030.0
2010-09-01,3560.0,3610.0,3545.0,3580.0,4950.0
2010-09-02,3580.0,3655.0,3575.0,3610.0,4652.0
2010-09-03,3670.0,3670.0,3560.0,3625.0,4235.0
2010-09-06,3690.0,3690.0,3515.0,3550.0,15880.0
2010-09-07,3520.0,3650.0,3520.0,3630.0,1342.0
2010-09-08,3695.0,3695.0,3565.0,3610.0,371.0
2010-09-09,3890.0,3890.0,3500.0,3540.0,13383.0
2010-09-10,3600.0,3640.0,3530.0,3550.0,2830.0
2010-09-13,3525.0,3580.0,3420.0,3485.0,17235.0
2010-09-14,3450.0,3570.0,3365.0,3395.0,52241.0
2010-09-15,3400.0,3435.0,3365.0,3390.0,5435.0
2010-09-16,3390.0,3395.0,3350.0,3380.0,4621.0
2010-09-17,3380.0,3395.0,3365.0,3390.0,813.0
2010-09-20,3390.0,3420.0,3350.0,3405.0,3104.0
2010-09-24,3490.0,3490.0,3370.0,3425.0,2980.0
2010-09-27,3520.0,3520.0,3340.0,3370.0,17059.0
2010-09-28,3360.0,3385.0,3265.0,3300.0,23575.0
2010-09-29,3400.0,3400.0,3240.0,3240.0,53905.0
2010-09-30,3265.0,3380.0,3260.0,3315.0,28016.0
2010-10-01,3385.0,3400.0,3285.0,3400.0,20621.0
2010-10-04,3330.0,3500.0,3330.0,3405.0,9190.0
2010-10-05,3430.0,3430.0,3340.0,3390.0,8301.0
2010-10-06,3405.0,3530.0,3290.0,3510.0,93013.0
2010-10-07,3505.0,3595.0,3500.0,3535.0,16090.0
2010-10-08,3535.0,3650.0,3450.0,3550.0,15366.0
2010-10-11,3590.0,3690.0,3500.0,3540.0,4560.0
2010-10-12,3600.0,3600.0,3465.0,3520.0,3990.0
2010-10-13,3600.0,3600.0,3410.0,3520.0,6460.0
2010-10-14,3515.0,3520.0,3400.0,3475.0,14021.0
2010-10-15,3410.0,3430.0,3375.0,3405.0,16940.0
2010-10-18,3445.0,3445.0,3390.0,3400.0,6510.0
2010-10-19,3495.0,3495.0,3290.0,3290.0,55670.0
2010-10-20,3335.0,3345.0,3260.0,3345.0,32100.0
2010-10-21,3385.0,3490.0,3325.0,3350.0,13265.0
2010-10-22,3400.0,3665.0,3400.0,3555.0,70658.0
2010-10-25,3660.0,3660.0,3450.0,3530.0,25305.0
2010-10-26,3480.0,3530.0,3420.0,3480.0,27630.0
2010-10-27,3540.0,3620.0,3485.0,3545.0,13305.0
2010-10-28,3555.0,3555.0,3510.0,3535.0,17440.0
2010-10-29,3515.0,3575.0,3460.0,3480.0,10478.0
2010-11-01,3450.0,3540.0,3380.0,3455.0,16340.0
2010-11-02,3430.0,3530.0,3430.0,3490.0,2311.0
2010-11-03,3570.0,3570.0,3400.0,3560.0,26720.0
2010-11-04,3560.0,3560.0,3460.0,3475.0,39890.0
2010-11-05,3580.0,3580.0,3385.0,3385.0,53320.0
2010-11-08,3400.0,3400.0,3345.0,3365.0,20630.0
2010-11-09,3370.0,3460.0,3295.0,3360.0,30741.0
2010-11-10,3360.0,3370.0,3250.0,3295.0,25881.0
2010-11-11,3290.0,3340.0,3235.0,3300.0,20270.0
2010-11-12,3300.0,3300.0,3100.0,3145.0,45357.0
2010-11-15,3145.0,3375.0,3100.0,3160.0,7860.0
2010-11-16,3280.0,3280.0,3150.0,3150.0,24200.0
2010-11-17,3150.0,3275.0,3140.0,3195.0,3050.0
2010-11-18,3280.0,3280.0,3160.0,3180.0,9820.0
2010-11-19,3265.0,3290.0,3130.0,3180.0,8260.0
2010-11-22,3260.0,3260.0,3135.0,3175.0,22617.0
2010-11-23,3160.0,3195.0,3100.0,3175.0,10983.0
2010-11-24,3005.0,3310.0,3005.0,3225.0,8339.0
2010-11-25,3260.0,3275.0,3175.0,3185.0,11202.0
2010-11-26,3250.0,3250.0,3100.0,3170.0,8630.0
2010-11-29,3195.0,3195.0,3085.0,3125.0,9106.0
2010-11-30,3245.0,3300.0,3110.0,3140.0,4450.0
2010-12-01,3140.0,3215.0,3080.0,3110.0,4960.0
2010-12-02,3220.0,3225.0,3115.0,3195.0,9680.0
2010-12-03,3185.0,3185.0,3100.0,3125.0,25121.0
2010-12-06,3070.0,3150.0,3050.0,3080.0,7032.0
2010-12-07,3010.0,3135.0,3010.0,3080.0,6270.0
2010-12-08,3175.0,3175.0,3005.0,3080.0,15360.0
2010-12-09,3080.0,3080.0,2980.0,2985.0,20329.0
2010-12-10,3050.0,3050.0,2900.0,2930.0,52630.0
2010-12-13,3250.0,3250.0,2910.0,2930.0,129295.0
2010-12-14,2925.0,2955.0,2840.0,2875.0,43920.0
2010-12-15,2850.0,2875.0,2800.0,2820.0,35893.0
2010-12-16,2820.0,2940.0,2800.0,2815.0,25216.0
2010-12-17,2840.0,2880.0,2745.0,2770.0,76309.0
2010-12-20,2680.0,2790.0,2600.0,2770.0,49672.0
2010-12-21,2785.0,2840.0,2710.0,2830.0,58432.0
2010-12-22,2830.0,2945.0,2750.0,2765.0,79404.0
2010-12-23,2800.0,2800.0,2715.0,2750.0,95949.0
2010-12-24,2725.0,2790.0,2680.0,2700.0,67220.0
2010-12-27,2630.0,2825.0,2600.0,2710.0,114023.0
2010-12-28,2605.0,2880.0,2605.0,2790.0,172873.0
2010-12-29,2775.0,2940.0,2750.0,2855.0,171251.0
2010-12-30,2895.0,2900.0,2760.0,2840.0,133562.0
2011-01-03,2845.0,2950.0,2790.0,2880.0,139903.0
2011-01-04,2910.0,2950.0,2835.0,2880.0,112330.0
2011-01-05,2900.0,2940.0,2815.0,2835.0,127208.0
2011-01-06,2860.0,2880.0,2750.0,2780.0,129082.0
2011-01-07,2780.0,2815.0,2730.0,2800.0,69062.0
2011-01-10,2830.0,3220.0,2825.0,3220.0,664311.0
2011-01-11,3290.0,3630.0,3155.0,3350.0,748777.0
2011-01-12,3395.0,3395.0,3185.0,3270.0,216188.0
2011-01-13,3265.0,3385.0,3180.0,3245.0,143883.0
2011-01-14,3255.0,3730.0,3200.0,3730.0,414373.0
2011-01-17,3805.0,4030.0,3600.0,3670.0,459361.0
2011-01-18,3705.0,3945.0,3565.0,3785.0,241202.0
2011-01-19,3805.0,3805.0,3610.0,3620.0,127464.0
2011-01-20,3660.0,3660.0,3285.0,3360.0,261029.0
2011-01-21,3340.0,3420.0,3290.0,3290.0,90710.0
2011-01-24,3315.0,3420.0,3270.0,3405.0,96800.0
2011-01-25,3355.0,3415.0,3200.0,3350.0,88640.0
2011-01-26,3350.0,3350.0,3215.0,3245.0,46898.0
2011-01-27,3245.0,3290.0,3090.0,3200.0,91754.0
2011-01-28,3180.0,3315.0,3120.0,3310.0,56877.0
2011-01-31,3310.0,3310.0,3120.0,3165.0,58316.0
2011-02-01,3200.0,3350.0,3115.0,3245.0,59130.0
2011-02-07,3320.0,3340.0,3245.0,3285.0,26922.0
2011-02-08,3290.0,3320.0,3210.0,3260.0,30222.0
2011-02-09,3215.0,3300.0,3145.0,3280.0,31090.0
2011-02-10,3280.0,3320.0,3170.0,3265.0,31020.0
2011-02-11,3300.0,3465.0,3165.0,3415.0,126809.0
2011-02-14,3485.0,3650.0,3350.0,3600.0,158759.0
2011-02-15,3500.0,3600.0,3440.0,3520.0,82642.0
2011-02-16,3530.0,3585.0,3240.0,3390.0,193118.0
2011-02-17,3425.0,3550.0,3185.0,3210.0,142012.0
2011-02-18,3210.0,3385.0,3200.0,3310.0,41530.0
2011-02-21,3310.0,3475.0,3250.0,3370.0,40571.0
2011-02-22,3380.0,3385.0,3240.0,3350.0,16006.0
2011-02-23,3350.0,3360.0,3200.0,3270.0,37565.0
2011-02-24,3275.0,3385.0,3215.0,3265.0,35582.0
2011-02-25,3270.0,3325.0,3220.0,3315.0,29016.0
2011-02-28,3345.0,3350.0,3280.0,3340.0,13301.0
2011-03-02,3325.0,3565.0,3325.0,3500.0,92389.0
2011-03-03,3510.0,3630.0,3380.0,3495.0,103080.0
2011-03-04,3550.0,3580.0,3440.0,3500.0,27407.0
2011-03-07,3545.0,3600.0,3490.0,3535.0,41380.0
2011-03-08,3530.0,3580.0,3470.0,3570.0,52023.0
2011-03-09,3565.0,3580.0,3455.0,3460.0,46998.0
2011-03-10,3480.0,3480.0,3295.0,3330.0,35666.0
2011-03-11,3300.0,3465.0,3240.0,3330.0,41060.0
2011-03-14,3255.0,3315.0,3100.0,3150.0,48732.0
2011-03-15,3200.0,3220.0,2900.0,3120.0,52361.0
2011-03-16,3130.0,3190.0,3070.0,3120.0,8752.0
2011-03-17,3115.0,3115.0,2970.0,3080.0,10245.0
2011-03-18,3020.0,3190.0,3005.0,3190.0,16870.0
2011-03-21,3290.0,3290.0,3170.0,3205.0,11071.0
2011-03-22,3205.0,3300.0,3150.0,3280.0,33535.0
2011-03-23,3315.0,3315.0,3170.0,3200.0,35994.0
2011-03-24,3200.0,3275.0,3155.0,3240.0,38030.0
2011-03-25,3180.0,3295.0,3110.0,3190.0,63603.0
2011-03-28,3240.0,3260.0,3140.0,3185.0,27081.0
2011-03-29,3170.0,3230.0,3020.0,3090.0,101941.0
2011-03-30,3090.0,3145.0,3050.0,3070.0,32518.0
2011-03-31,3080.0,3185.0,3000.0,3030.0,193787.0
2011-04-01,3035.0,3070.0,3010.0,3015.0,16101.0
2011-04-04,3000.0,3050.0,2980.0,3050.0,33430.0
2011-04-05,3070.0,3080.0,3025.0,3050.0,11142.0
2011-04-06,3065.0,3080.0,3020.0,3040.0,8227.0
2011-04-07,3050.0,3100.0,3035.0,3060.0,15180.0
2011-04-08,3050.0,3300.0,3030.0,3160.0,61050.0
2011-04-11,3125.0,3250.0,3125.0,3190.0,30950.0
2011-04-12,3210.0,3240.0,3140.0,3190.0,10181.0
2011-04-13,3135.0,3205.0,3130.0,3180.0,14111.0
2011-04-14,3220.0,3220.0,3025.0,3030.0,47642.0
2011-04-15,3030.0,3160.0,2990.0,3015.0,152646.0
2011-04-18,3015.0,3045.0,2980.0,3000.0,16450.0
2011-04-19,3000.0,3170.0,2980.0,3000.0,15630.0
2011-04-20,3000.0,3105.0,3000.0,3050.0,8221.0
2011-04-21,3080.0,3155.0,3035.0,3050.0,19742.0
2011-04-22,3045.0,3095.0,3020.0,3060.0,15560.0
2011-04-25,3140.0,3140.0,3020.0,3075.0,28960.0
2011-04-26,3040.0,3075.0,3000.0,3010.0,48611.0
2011-04-27,3000.0,3150.0,2990.0,3000.0,39880.0
2011-04-28,3045.0,3045.0,2980.0,3005.0,44171.0
2011-04-29,3020.0,3050.0,2900.0,2970.0,75068.0
2011-05-02,2970.0,3040.0,2940.0,2980.0,16155.0
2011-05-03,2965.0,3040.0,2965.0,2990.0,5770.0
2011-05-04,2990.0,3035.0,2940.0,3000.0,5730.0
2011-05-06,2995.0,3030.0,2930.0,3000.0,7431.0
2011-05-09,2955.0,2960.0,2900.0,2900.0,5041.0
2011-05-11,2965.0,3185.0,2905.0,2995.0,21940.0
2011-05-12,2930.0,3020.0,2930.0,2935.0,2861.0
2011-05-13,2945.0,2960.0,2915.0,2960.0,7107.0
2011-05-16,2960.0,2960.0,2850.0,2900.0,15423.0
2011-05-17,2900.0,3050.0,2900.0,3050.0,28710.0
2011-05-18,3075.0,3100.0,2930.0,3000.0,9870.0
2011-05-19,2935.0,2995.0,2915.0,2915.0,1740.0
2011-05-20,2990.0,2990.0,2900.0,2940.0,7040.0
2011-05-23,3020.0,3020.0,2850.0,2940.0,14370.0
2011-05-24,2935.0,2970.0,2860.0,2950.0,9681.0
2011-05-25,2950.0,2965.0,2905.0,2930.0,2310.0
2011-05-26,2925.0,3125.0,2900.0,2940.0,5990.0
2011-05-27,2900.0,3205.0,2890.0,3080.0,68360.0
2011-05-30,3095.0,3095.0,2965.0,2970.0,6620.0
2011-05-31,3065.0,3180.0,2905.0,2920.0,7511.0
2011-06-01,2930.0,3140.0,2930.0,2995.0,6820.0
2011-06-02,2980.0,2980.0,2930.0,2970.0,2250.0
2011-06-03,2970.0,2970.0,2895.0,2970.0,58190.0
2011-06-07,2970.0,2970.0,2895.0,2920.0,7052.0
2011-06-08,2930.0,3050.0,2855.0,2900.0,13201.0
2011-06-09,2855.0,2950.0,2855.0,2950.0,3800.0
2011-06-10,2950.0,2995.0,2860.0,2905.0,13802.0
2011-06-13,2830.0,2945.0,2800.0,2930.0,8990.0
2011-06-14,2855.0,3000.0,2855.0,2875.0,15904.0
2011-06-15,2900.0,2925.0,2850.0,2910.0,8110.0
2011-06-16,2870.0,2900.0,2825.0,2850.0,10173.0
2011-06-17,2885.0,2900.0,2825.0,2900.0,901.0
2011-06-20,2900.0,2900.0,2840.0,2890.0,2172.0
2011-06-21,2810.0,2950.0,2810.0,2940.0,1353.0
2011-06-22,2995.0,2995.0,2870.0,2970.0,11040.0
2011-06-23,2950.0,3050.0,2860.0,2930.0,8830.0
2011-06-24,2970.0,3080.0,2900.0,2930.0,6619.0
2011-06-27,2965.0,2965.0,2875.0,2950.0,4450.0
2011-06-28,2940.0,2980.0,2860.0,2860.0,20831.0
2011-06-29,2895.0,2940.0,2855.0,2895.0,5310.0
2011-06-30,2860.0,2905.0,2850.0,2885.0,8231.0
2011-07-01,2900.0,2980.0,2855.0,2930.0,16230.0
2011-07-04,2940.0,3000.0,2860.0,2900.0,12670.0
2011-07-05,2875.0,2900.0,2860.0,2885.0,13630.0
2011-07-06,2890.0,2890.0,2865.0,2865.0,6882.0
2011-07-07,2890.0,2890.0,2825.0,2860.0,18546.0
2011-07-08,2830.0,2890.0,2830.0,2860.0,25731.0
2011-07-11,2860.0,2880.0,2840.0,2870.0,21780.0
2011-07-12,2850.0,2885.0,2800.0,2865.0,20602.0
2011-07-13,2865.0,2900.0,2810.0,2820.0,17362.0
2011-07-14,2820.0,2880.0,2795.0,2815.0,21282.0
2011-07-15,2805.0,2860.0,2775.0,2800.0,19020.0
2011-07-18,2825.0,2840.0,2785.0,2785.0,8350.0
2011-07-19,2800.0,2810.0,2730.0,2770.0,78342.0
2011-07-20,2780.0,2900.0,2770.0,2790.0,25610.0
2011-07-21,2765.0,2880.0,2750.0,2790.0,22262.0
2011-07-22,2795.0,2795.0,2745.0,2750.0,34071.0
2011-07-25,2740.0,2780.0,2725.0,2750.0,11581.0
2011-07-26,2750.0,2770.0,2750.0,2755.0,10100.0
2011-07-27,2775.0,2920.0,2765.0,2850.0,38910.0
2011-07-28,2900.0,2910.0,2830.0,2855.0,28810.0
2011-07-29,2875.0,2875.0,2820.0,2825.0,13560.0
2011-08-01,2815.0,2840.0,2805.0,2830.0,23025.0
2011-08-02,2830.0,2900.0,2780.0,2790.0,36781.0
2011-08-03,2790.0,2810.0,2650.0,2670.0,58320.0
2011-08-04,2680.0,2735.0,2655.0,2655.0,24266.0
2011-08-05,2500.0,2580.0,2480.0,2500.0,29521.0
2011-08-08,2405.0,2475.0,2180.0,2280.0,28953.0
2011-08-09,2090.0,2200.0,1940.0,2000.0,168096.0
2011-08-10,2195.0,2200.0,2100.0,2195.0,13401.0
2011-08-11,2100.0,2490.0,2100.0,2465.0,29571.0
2011-08-12,2510.0,2550.0,2380.0,2465.0,14451.0
2011-08-16,2540.0,2595.0,2410.0,2440.0,38860.0
2011-08-17,2445.0,2590.0,2420.0,2490.0,24061.0
2011-08-18,2460.0,2475.0,2380.0,2420.0,24640.0
2011-08-19,2300.0,2315.0,2230.0,2235.0,32456.0
2011-08-22,2350.0,2350.0,2215.0,2330.0,5801.0
2011-08-23,2330.0,2490.0,2255.0,2315.0,16012.0
2011-08-24,2315.0,2385.0,2250.0,2250.0,43074.0
2011-08-25,2175.0,2295.0,2175.0,2270.0,9483.0
2011-08-26,2280.0,2280.0,2235.0,2270.0,2767.0
2011-08-29,2270.0,2285.0,2220.0,2245.0,8615.0
2011-08-30,2245.0,2290.0,2245.0,2260.0,2120.0
2011-08-31,2250.0,2320.0,2240.0,2300.0,3021.0
2011-09-01,2280.0,2320.0,2280.0,2300.0,9778.0
2011-09-02,2285.0,2400.0,2285.0,2395.0,14880.0
2011-09-05,2380.0,2750.0,2380.0,2750.0,417373.0
2011-09-06,2765.0,2970.0,2425.0,2435.0,326873.0
2011-09-07,2500.0,2790.0,2380.0,2790.0,127022.0
2011-09-08,2810.0,2850.0,2590.0,2600.0,123053.0
2011-09-09,2605.0,2690.0,2450.0,2515.0,131271.0
2011-09-14,2570.0,2575.0,2300.0,2370.0,111634.0
2011-09-15,2420.0,2420.0,2210.0,2340.0,90102.0
2011-09-16,2295.0,2400.0,2295.0,2400.0,27680.0
2011-09-19,2395.0,2395.0,2245.0,2245.0,28588.0
2011-09-20,2245.0,2275.0,2215.0,2215.0,21278.0
2011-09-21,2250.0,2290.0,2210.0,2260.0,7160.0
2011-09-22,2250.0,2250.0,2145.0,2185.0,19190.0
2011-09-23,2115.0,2115.0,2000.0,2015.0,53930.0
2011-09-26,2025.0,2025.0,1795.0,1830.0,60823.0
2011-09-27,1860.0,1980.0,1860.0,1980.0,10010.0
2011-09-28,1910.0,2200.0,1910.0,2170.0,42160.0
2011-09-29,2150.0,2270.0,2100.0,2260.0,39130.0
2011-09-30,2300.0,2365.0,2270.0,2320.0,53050.0
2011-10-04,2190.0,2310.0,2190.0,2280.0,12566.0
2011-10-05,2315.0,2315.0,2180.0,2250.0,15220.0
2011-10-06,2330.0,2340.0,2200.0,2200.0,21439.0
2011-10-07,2330.0,2450.0,2220.0,2340.0,32222.0
2011-10-10,2350.0,2350.0,2250.0,2255.0,26983.0
2011-10-11,2300.0,2320.0,2245.0,2320.0,22254.0
2011-10-12,2370.0,2385.0,2295.0,2365.0,11010.0
2011-10-13,2315.0,2365.0,2295.0,2320.0,28023.0
2011-10-14,2330.0,2345.0,2285.0,2345.0,10700.0
2011-10-17,2380.0,2390.0,2300.0,2320.0,16271.0
2011-10-18,2260.0,2310.0,2200.0,2250.0,12140.0
2011-10-19,2250.0,2295.0,2225.0,2270.0,6061.0
2011-10-20,2300.0,2405.0,2270.0,2360.0,52007.0
2011-10-21,2360.0,2440.0,2330.0,2425.0,26127.0
2011-10-24,2480.0,2785.0,2480.0,2765.0,701761.0
2011-10-25,2770.0,2800.0,2485.0,2590.0,188936.0
2011-10-26,2525.0,2765.0,2510.0,2680.0,80599.0
2011-10-27,2720.0,3055.0,2720.0,3000.0,407772.0
2011-10-28,3010.0,3010.0,2550.0,2740.0,222605.0
2011-10-31,2750.0,2850.0,2560.0,2720.0,90845.0
2011-11-01,2700.0,2700.0,2490.0,2490.0,147483.0
2011-11-02,2355.0,2450.0,2295.0,2325.0,133908.0
2011-11-03,2350.0,2380.0,2250.0,2260.0,91769.0
2011-11-04,2340.0,2345.0,2280.0,2335.0,43910.0
2011-11-07,2370.0,2370.0,2290.0,2305.0,24977.0
2011-11-08,2315.0,2335.0,2280.0,2285.0,46792.0
2011-11-09,2255.0,2300.0,2245.0,2255.0,35383.0
2011-11-10,2155.0,2200.0,2110.0,2160.0,88000.0
2011-11-11,2265.0,2280.0,2180.0,2225.0,41210.0
2011-11-14,2280.0,2345.0,2200.0,2325.0,67660.0
2011-11-15,2350.0,2420.0,2275.0,2400.0,63317.0
2011-11-16,2400.0,2400.0,2330.0,2390.0,45032.0
2011-11-17,2390.0,2490.0,2340.0,2365.0,23355.0
2011-11-18,2365.0,2365.0,2240.0,2280.0,38584.0
2011-11-21,2290.0,2315.0,2210.0,2215.0,42487.0
2011-11-22,2200.0,2275.0,2025.0,2275.0,25413.0
2011-11-23,2275.0,2275.0,2165.0,2175.0,28743.0
2011-11-24,2130.0,2300.0,2130.0,2240.0,14997.0
2011-11-25,2340.0,2340.0,2215.0,2245.0,19513.0
2011-11-28,2255.0,2525.0,2255.0,2395.0,66335.0
2011-11-29,2390.0,2535.0,2390.0,2435.0,55573.0
2011-11-30,2380.0,2430.0,2305.0,2340.0,27656.0
2011-12-01,2380.0,2470.0,2355.0,2395.0,54221.0
2011-12-02,2410.0,2410.0,2315.0,2340.0,13750.0
2011-12-05,2290.0,2560.0,2290.0,2510.0,33746.0
2011-12-06,2550.0,2685.0,2490.0,2515.0,132612.0
2011-12-07,2530.0,2630.0,2500.0,2615.0,47658.0
2011-12-08,2570.0,3005.0,2570.0,3005.0,243728.0
2011-12-09,3095.0,3455.0,3005.0,3455.0,495678.0
2011-12-12,3700.0,3960.0,3345.0,3760.0,698954.0
2011-12-13,3670.0,3690.0,3200.0,3200.0,424141.0
2011-12-14,3300.0,3320.0,2790.0,2810.0,577558.0
2011-12-15,2820.0,2940.0,2730.0,2755.0,378743.0
2011-12-16,2840.0,2840.0,2620.0,2685.0,248897.0
2011-12-19,2675.0,2695.0,2285.0,2345.0,372253.0
2011-12-20,2360.0,2650.0,2360.0,2540.0,327313.0
2011-12-21,2620.0,2635.0,2545.0,2625.0,136742.0
2011-12-22,2615.0,2975.0,2615.0,2720.0,335082.0
2011-12-23,2780.0,2870.0,2680.0,2705.0,149339.0
2011-12-26,2760.0,2945.0,2730.0,2780.0,154295.0
2011-12-27,2825.0,2840.0,2700.0,2730.0,55958.0
2011-12-28,2730.0,2730.0,2590.0,2625.0,66780.0
2011-12-29,2630.0,2730.0,2630.0,2730.0,26430.0
2012-01-02,2850.0,3135.0,2830.0,3135.0,249818.0
2012-01-03,3260.0,3590.0,3100.0,3115.0,296708.0
2012-01-04,3125.0,3255.0,2970.0,3225.0,176640.0
2012-01-05,3225.0,3455.0,3225.0,3280.0,150835.0
2012-01-06,3300.0,3335.0,3100.0,3260.0,103318.0
2012-01-09,3380.0,3380.0,3140.0,3140.0,62182.0
2012-01-10,3035.0,3300.0,3035.0,3150.0,93830.0
2012-01-11,3125.0,3500.0,3110.0,3280.0,119752.0
2012-01-12,3395.0,3425.0,3230.0,3230.0,70390.0
2012-01-13,3190.0,3460.0,3185.0,3410.0,111651.0
2012-01-16,3530.0,3585.0,3235.0,3350.0,100579.0
2012-01-17,3360.0,3460.0,3270.0,3330.0,68811.0
2012-01-18,3270.0,3370.0,3150.0,3150.0,99935.0
2012-01-19,3205.0,3250.0,3130.0,3150.0,34055.0
2012-01-20,3150.0,3255.0,3050.0,3150.0,31750.0
2012-01-25,3150.0,3325.0,3130.0,3265.0,50183.0
2012-01-26,3265.0,3325.0,3160.0,3230.0,48920.0
2012-01-27,3310.0,3310.0,3165.0,3180.0,32511.0
2012-01-30,3180.0,3225.0,2955.0,2960.0,141713.0
2012-01-31,2960.0,3095.0,2935.0,3045.0,36682.0
2012-02-01,3080.0,3080.0,2975.0,2990.0,31145.0
2012-02-02,3020.0,3075.0,2995.0,3020.0,37810.0
2012-02-03,3035.0,3120.0,3020.0,3070.0,33710.0
2012-02-06,3100.0,3510.0,3050.0,3400.0,199443.0
2012-02-07,3500.0,3800.0,3450.0,3680.0,184173.0
2012-02-08,3680.0,3700.0,3380.0,3550.0,182264.0
2012-02-09,3550.0,3580.0,3260.0,3310.0,126050.0
2012-02-10,3400.0,3805.0,3400.0,3805.0,169869.0
2012-02-13,4345.0,4375.0,4345.0,4375.0,103149.0
2012-02-14,4745.0,5020.0,4295.0,4295.0,1321638.0
2012-02-15,4305.0,4385.0,4140.0,4180.0,338938.0
2012-02-16,4160.0,4805.0,4030.0,4285.0,608348.0
2012-02-17,4250.0,4280.0,3995.0,4000.0,294368.0
2012-02-20,4130.0,4600.0,4130.0,4600.0,108924.0
2012-02-21,5290.0,5290.0,4810.0,5290.0,1404028.0
2012-02-22,5400.0,5990.0,4945.0,5000.0,945251.0
2012-02-23,5000.0,5180.0,4765.0,4880.0,422111.0
2012-02-24,4860.0,4910.0,4250.0,4465.0,313417.0
2012-02-27,4365.0,4875.0,4200.0,4200.0,377994.0
2012-02-28,4335.0,4370.0,4100.0,4280.0,165052.0
2012-02-29,4280.0,4390.0,4185.0,4220.0,130581.0
2012-03-02,4295.0,4650.0,4220.0,4385.0,159500.0
2012-03-05,4395.0,4550.0,4255.0,4315.0,75522.0
2012-03-06,4330.0,4330.0,3980.0,4010.0,183046.0
2012-03-07,3870.0,4120.0,3750.0,4000.0,80310.0
2012-03-08,4050.0,4050.0,3920.0,4010.0,76658.0
2012-03-09,4170.0,4170.0,3995.0,4045.0,40698.0
2012-03-12,4045.0,4220.0,4010.0,4190.0,62871.0
2012-03-13,4200.0,4220.0,4030.0,4055.0,55951.0
2012-03-14,4150.0,4150.0,3970.0,4030.0,38909.0
2012-03-15,4100.0,4100.0,3815.0,3845.0,93711.0
2012-03-16,3840.0,3970.0,3590.0,3655.0,163779.0
2012-03-19,3745.0,4060.0,3675.0,3840.0,110212.0
2012-03-20,3840.0,3895.0,3770.0,3865.0,56491.0
2012-03-21,4060.0,4440.0,4000.0,4440.0,201302.0
2012-03-22,4350.0,4435.0,4045.0,4045.0,388650.0
2012-03-23,4000.0,4180.0,3950.0,3950.0,105170.0
2012-03-26,4090.0,4115.0,3870.0,3900.0,61631.0
2012-03-27,3930.0,3970.0,3735.0,3735.0,91197.0
2012-03-28,3735.0,3900.0,3710.0,3815.0,60155.0
2012-03-29,3885.0,3940.0,3470.0,3550.0,105507.0
2012-03-30,3520.0,3655.0,3495.0,3620.0,41763.0
2012-04-02,3650.0,3680.0,3540.0,3670.0,48213.0
2012-04-03,3880.0,4220.0,3725.0,3830.0,328161.0
2012-04-04,3830.0,3970.0,3655.0,3690.0,80810.0
2012-04-05,3610.0,3735.0,3550.0,3550.0,69460.0
2012-04-06,3555.0,3620.0,3500.0,3575.0,47120.0
2012-04-09,3565.0,3565.0,3295.0,3295.0,69820.0
2012-04-10,3280.0,3420.0,3240.0,3315.0,33575.0
2012-04-12,3190.0,3370.0,3170.0,3370.0,41823.0
2012-04-13,3225.0,3450.0,3225.0,3420.0,61550.0
2012-04-16,3400.0,3590.0,3390.0,3490.0,29097.0
2012-04-17,3500.0,3500.0,3395.0,3405.0,26057.0
2012-04-18,3400.0,3490.0,3285.0,3355.0,33230.0
2012-04-19,3305.0,3390.0,3295.0,3355.0,20434.0
2012-04-20,3290.0,3290.0,3225.0,3280.0,23294.0
2012-04-23,3330.0,3390.0,3255.0,3300.0,20973.0
2012-04-24,3160.0,3300.0,3080.0,3105.0,61234.0
2012-04-25,3120.0,3190.0,2985.0,3020.0,61373.0
2012-04-26,3035.0,3085.0,2975.0,2980.0,40607.0
2012-04-27,2975.0,3010.0,2885.0,2960.0,38994.0
2012-04-30,2960.0,3075.0,2930.0,2995.0,26611.0
2012-05-02,2990.0,3050.0,2945.0,2980.0,28520.0
2012-05-03,2980.0,3030.0,2955.0,3000.0,27380.0
2012-05-04,2990.0,3085.0,2990.0,3035.0,34950.0
2012-05-07,3040.0,3165.0,2995.0,3075.0,48610.0
2012-05-08,3095.0,3180.0,3040.0,3115.0,39925.0
2012-05-09,3130.0,3165.0,3060.0,3150.0,43645.0
2012-05-10,3205.0,3620.0,3205.0,3260.0,451440.0
2012-05-11,3310.0,3310.0,3150.0,3150.0,58025.0
2012-05-14,3145.0,3145.0,3015.0,3070.0,44950.0
2012-05-15,3020.0,3100.0,2925.0,2930.0,48330.0
2012-05-16,2920.0,2950.0,2890.0,2890.0,22380.0
2012-05-17,2840.0,3130.0,2810.0,2930.0,114210.0
2012-05-18,2930.0,2930.0,2755.0,2790.0,34220.0
2012-05-21,2790.0,3000.0,2790.0,2810.0,29540.0
2012-05-22,2825.0,2945.0,2825.0,2920.0,16527.0
2012-05-23,2920.0,2950.0,2795.0,2850.0,21221.0
2012-05-24,2930.0,3180.0,2850.0,3025.0,74114.0
2012-05-25,3025.0,3095.0,2970.0,3015.0,35526.0
2012-05-29,3030.0,3095.0,2980.0,3040.0,41004.0
2012-05-30,3040.0,3130.0,2935.0,2935.0,18012.0
2012-05-31,2935.0,2945.0,2815.0,2865.0,29742.0
2012-06-01,2940.0,2940.0,2825.0,2850.0,24170.0
2012-06-04,2820.0,2820.0,2600.0,2630.0,40749.0
2012-06-05,2690.0,2740.0,2605.0,2630.0,17312.0
2012-06-07,2665.0,2865.0,2665.0,2745.0,23040.0
2012-06-08,2780.0,2840.0,2700.0,2740.0,12702.0
2012-06-11,2750.0,2835.0,2750.0,2810.0,12921.0
2012-06-12,2760.0,2840.0,2760.0,2810.0,11105.0
2012-06-13,2920.0,3225.0,2850.0,3130.0,209923.0
2012-06-14,3035.0,3375.0,3030.0,3075.0,114990.0
2012-06-15,3085.0,3085.0,2900.0,2900.0,48985.0
2012-06-18,2930.0,3225.0,2930.0,3010.0,115401.0
2012-06-19,3010.0,3210.0,3010.0,3170.0,278206.0
2012-06-20,3390.0,3645.0,3275.0,3645.0,829449.0
2012-06-21,3630.0,3645.0,3385.0,3405.0,384326.0
2012-06-22,3370.0,3500.0,3315.0,3315.0,175116.0
2012-06-25,3370.0,3810.0,3265.0,3810.0,806448.0
2012-06-26,3835.0,3970.0,3625.0,3770.0,617547.0
2012-06-27,3790.0,3840.0,3515.0,3515.0,328680.0
2012-06-28,3480.0,3830.0,3395.0,3415.0,497180.0
2012-06-29,3420.0,3600.0,3300.0,3400.0,258168.0
2012-07-02,3450.0,3595.0,3410.0,3500.0,146286.0
2012-07-03,3475.0,3615.0,3430.0,3460.0,262534.0
2012-07-04,3500.0,3580.0,3390.0,3570.0,252494.0
2012-07-05,3760.0,4105.0,3750.0,3750.0,1078545.0
2012-07-06,3700.0,3710.0,3550.0,3600.0,236729.0
2012-07-09,3580.0,3580.0,3430.0,3430.0,156449.0
2012-07-10,3460.0,3565.0,3400.0,3485.0,98797.0
2012-07-11,3610.0,3610.0,3420.0,3420.0,89860.0
2012-07-12,3355.0,3440.0,3200.0,3240.0,85391.0
2012-07-13,3245.0,3690.0,3075.0,3300.0,409192.0
2012-07-16,3365.0,3480.0,3350.0,3360.0,46895.0
2012-07-17,3295.0,3465.0,3200.0,3360.0,58415.0
2012-07-18,3360.0,3425.0,3310.0,3310.0,48977.0
2012-07-19,3325.0,3375.0,3250.0,3320.0,57222.0
2012-07-20,3345.0,3440.0,3275.0,3400.0,64494.0
2012-07-23,3450.0,3450.0,3160.0,3160.0,51822.0
2012-07-24,3100.0,3300.0,3100.0,3255.0,35351.0
2012-07-25,3150.0,3250.0,3000.0,3000.0,54815.0
2012-07-26,3005.0,3250.0,3005.0,3010.0,46991.0
2012-07-27,3110.0,3180.0,3035.0,3135.0,20089.0
2012-07-30,3350.0,3350.0,3100.0,3100.0,24610.0
2012-07-31,3130.0,3190.0,3090.0,3175.0,16001.0
2012-08-01,3230.0,3375.0,3175.0,3200.0,22951.0
2012-08-02,3300.0,3340.0,3100.0,3160.0,23070.0
2012-08-03,3160.0,3295.0,3145.0,3150.0,13220.0
2012-08-06,3270.0,3380.0,3190.0,3220.0,48890.0
2012-08-07,3335.0,3335.0,3215.0,3255.0,16030.0
2012-08-08,3295.0,3295.0,3170.0,3205.0,31501.0
2012-08-09,3250.0,3260.0,3170.0,3205.0,30531.0
2012-08-10,3240.0,3390.0,3215.0,3270.0,23730.0
2012-08-13,3320.0,3405.0,3305.0,3320.0,38192.0
2012-08-14,3300.0,3690.0,3250.0,3500.0,269280.0
2012-08-16,3520.0,3950.0,3520.0,3870.0,576175.0
2012-08-17,3870.0,3870.0,3580.0,3600.0,220695.0
2012-08-20,3700.0,3845.0,3650.0,3715.0,164226.0
2012-08-21,3710.0,3745.0,3525.0,3575.0,157005.0
2012-08-22,3530.0,3645.0,3430.0,3570.0,155159.0
2012-08-23,3600.0,3700.0,3505.0,3610.0,135497.0
2012-08-24,3575.0,3740.0,3575.0,3685.0,123890.0
2012-08-27,3720.0,3720.0,3580.0,3585.0,80421.0
2012-08-28,3560.0,3595.0,3450.0,3520.0,73099.0
2012-08-29,3550.0,3615.0,3500.0,3520.0,71933.0
2012-08-30,3560.0,3560.0,3460.0,3460.0,50915.0
2012-08-31,3470.0,3520.0,3395.0,3510.0,52052.0
2012-09-03,3580.0,3580.0,3495.0,3525.0,44710.0
2012-09-04,3540.0,3650.0,3520.0,3595.0,107650.0
2012-09-05,3595.0,3625.0,3535.0,3535.0,35691.0
2012-09-06,3580.0,3615.0,3475.0,3485.0,52665.0
2012-09-07,3560.0,3560.0,3420.0,3440.0,53530.0
2012-09-10,3475.0,3475.0,3305.0,3305.0,103411.0
2012-09-11,3310.0,3400.0,3280.0,3295.0,30996.0
2012-09-12,3300.0,3400.0,3290.0,3360.0,31048.0
2012-09-13,3330.0,3390.0,3310.0,3360.0,52321.0
2012-09-14,3370.0,3460.0,3360.0,3450.0,62252.0
2012-09-17,3540.0,3540.0,3400.0,3455.0,42627.0
2012-09-18,3470.0,3490.0,3380.0,3460.0,31163.0
2012-09-19,3445.0,3700.0,3355.0,3595.0,145290.0
2012-09-20,3595.0,3690.0,3495.0,3500.0,78814.0
2012-09-21,3450.0,3600.0,3380.0,3580.0,83814.0
2012-09-24,3580.0,3640.0,3535.0,3545.0,102856.0
2012-09-25,3500.0,3555.0,3440.0,3440.0,70093.0
2012-09-26,3395.0,3455.0,3355.0,3390.0,48570.0
2012-09-27,3430.0,3430.0,3315.0,3320.0,45264.0
2012-09-28,3310.0,3345.0,3290.0,3330.0,41710.0
2012-10-02,3335.0,3400.0,3335.0,3400.0,12070.0
2012-10-04,3400.0,3500.0,3350.0,3500.0,30685.0
2012-10-05,3520.0,3520.0,3435.0,3500.0,29046.0
2012-10-08,3520.0,3520.0,3380.0,3385.0,33905.0
2012-10-09,3435.0,3435.0,3325.0,3345.0,39641.0
2012-10-10,3425.0,3425.0,3305.0,3315.0,35771.0
2012-10-11,3335.0,3350.0,3275.0,3335.0,16590.0
2012-10-12,3265.0,3340.0,3265.0,3300.0,36550.0
2012-10-15,3375.0,3375.0,3035.0,3160.0,57680.0
2012-10-16,3130.0,3215.0,3050.0,3135.0,52362.0
2012-10-17,3215.0,3240.0,3155.0,3170.0,18381.0
2012-10-18,3195.0,3230.0,3115.0,3190.0,21789.0
2012-10-19,3190.0,3190.0,3040.0,3110.0,12729.0
2012-10-22,3070.0,3230.0,3040.0,3135.0,17174.0
2012-10-23,3135.0,3210.0,3135.0,3185.0,10400.0
2012-10-24,3120.0,3240.0,3120.0,3240.0,17627.0
2012-10-25,3240.0,3240.0,3120.0,3135.0,12646.0
2012-10-26,3135.0,3185.0,3040.0,3090.0,18387.0
2012-10-29,3080.0,3180.0,3050.0,3050.0,8162.0
2012-10-30,3140.0,3140.0,3030.0,3055.0,4790.0
2012-10-31,3030.0,3075.0,3005.0,3025.0,23099.0
2012-11-01,3010.0,3050.0,2980.0,2990.0,32710.0
2012-11-02,3010.0,3050.0,3005.0,3010.0,14991.0
2012-11-05,3005.0,3045.0,3000.0,3020.0,14943.0
2012-11-06,3030.0,3035.0,3000.0,3000.0,22210.0
2012-11-07,3060.0,3080.0,3000.0,3060.0,25674.0
2012-11-08,3060.0,3060.0,3000.0,3000.0,14200.0
2012-11-09,3010.0,3050.0,2950.0,3000.0,20489.0
2012-11-12,3055.0,3275.0,3005.0,3145.0,40550.0
2012-11-13,3150.0,3265.0,3080.0,3090.0,26921.0
2012-11-14,3070.0,3180.0,3065.0,3080.0,12521.0
2012-11-15,3050.0,3055.0,2910.0,2955.0,19111.0
2012-11-16,2950.0,3030.0,2900.0,2970.0,10929.0
2012-11-19,2930.0,3030.0,2930.0,2975.0,3070.0
2012-11-20,3000.0,3240.0,2915.0,2970.0,54133.0
2012-11-21,2970.0,3100.0,2945.0,2950.0,16951.0
2012-11-22,2975.0,2995.0,2905.0,2910.0,13500.0
2012-11-23,2910.0,2920.0,2800.0,2800.0,63957.0
2012-11-26,2800.0,2830.0,2770.0,2800.0,36120.0
2012-11-27,2825.0,2850.0,2785.0,2835.0,15980.0
2012-11-28,2975.0,2975.0,2800.0,2820.0,13201.0
2012-11-29,2800.0,2830.0,2800.0,2805.0,15193.0
2012-11-30,2810.0,2870.0,2810.0,2850.0,4180.0
2012-12-03,2995.0,2995.0,2835.0,2875.0,8113.0
2012-12-04,2875.0,2880.0,2835.0,2850.0,4360.0
2012-12-05,2825.0,2835.0,2800.0,2820.0,19080.0
2012-12-06,2790.0,2835.0,2790.0,2835.0,13160.0
2012-12-07,2865.0,2865.0,2805.0,2835.0,6330.0
2012-12-10,2835.0,2840.0,2805.0,2820.0,6121.0
2012-12-11,2830.0,2830.0,2785.0,2820.0,22819.0
2012-12-12,2890.0,2890.0,2790.0,2830.0,13221.0
2012-12-13,2800.0,2890.0,2800.0,2820.0,6621.0
2012-12-14,2840.0,2845.0,2810.0,2840.0,6770.0
2012-12-17,2850.0,2850.0,2790.0,2790.0,26860.0
2012-12-18,2805.0,2810.0,2780.0,2810.0,18440.0
2012-12-20,2820.0,2825.0,2790.0,2790.0,21261.0
2012-12-21,2810.0,2815.0,2780.0,2780.0,20599.0
2012-12-24,2760.0,2790.0,2740.0,2765.0,32850.0
2012-12-26,2750.0,2785.0,2750.0,2785.0,23609.0
2012-12-27,2750.0,2775.0,2730.0,2755.0,7370.0
2012-12-28,2770.0,2770.0,2725.0,2765.0,3076.0
2013-01-02,2835.0,2835.0,2770.0,2790.0,5580.0
2013-01-03,2825.0,2825.0,2790.0,2815.0,7001.0
2013-01-04,2820.0,2820.0,2780.0,2820.0,17501.0
2013-01-07,2810.0,2940.0,2805.0,2855.0,23494.0
2013-01-08,2860.0,2970.0,2860.0,2940.0,20044.0
2013-01-09,2955.0,2960.0,2905.0,2935.0,9091.0
2013-01-10,2985.0,2985.0,2915.0,2940.0,3251.0
2013-01-11,2960.0,3020.0,2960.0,2970.0,9100.0
2013-01-14,2950.0,2950.0,2875.0,2910.0,6431.0
2013-01-15,2880.0,2905.0,2880.0,2885.0,7760.0
2013-01-16,2870.0,2900.0,2860.0,2900.0,8362.0
2013-01-17,2900.0,2940.0,2865.0,2900.0,5098.0
2013-01-18,2910.0,2910.0,2890.0,2910.0,7992.0
2013-01-21,2860.0,3145.0,2860.0,3045.0,49160.0
2013-01-22,3060.0,3435.0,3060.0,3240.0,143545.0
2013-01-23,3255.0,3375.0,3240.0,3300.0,66623.0
2013-01-24,3290.0,3370.0,3205.0,3325.0,46020.0
2013-01-25,3310.0,3345.0,3250.0,3345.0,27582.0
2013-01-28,3280.0,3400.0,3280.0,3350.0,32910.0
2013-01-29,3310.0,3360.0,3230.0,3260.0,12630.0
2013-01-30,3250.0,3290.0,3210.0,3250.0,12690.0
2013-01-31,3225.0,3225.0,3125.0,3225.0,22230.0
2013-02-01,3225.0,3235.0,3160.0,3235.0,12000.0
2013-02-04,3235.0,3235.0,3100.0,3200.0,13300.0
2013-02-05,3200.0,3200.0,3135.0,3200.0,6190.0
2013-02-06,3250.0,3250.0,3150.0,3190.0,19115.0
2013-02-07,3230.0,3230.0,3060.0,3200.0,10615.0
2013-02-08,3150.0,3250.0,3150.0,3250.0,7460.0
2013-02-12,3250.0,3305.0,3250.0,3275.0,19550.0
2013-02-13,3250.0,3360.0,3250.0,3275.0,12560.0
2013-02-14,3370.0,3370.0,3230.0,3275.0,8391.0
2013-02-15,3300.0,3320.0,3230.0,3275.0,8670.0
2013-02-18,3250.0,3320.0,3250.0,3250.0,5520.0
2013-02-19,3265.0,3265.0,3185.0,3235.0,11750.0
2013-02-20,3280.0,3280.0,3240.0,3240.0,1470.0
2013-02-21,3240.0,3240.0,3150.0,3195.0,6240.0
2013-02-22,3290.0,3290.0,3145.0,3160.0,11660.0
2013-02-25,3290.0,3290.0,3130.0,3150.0,7060.0
2013-02-26,3170.0,3170.0,3070.0,3105.0,36130.0
2013-02-27,3120.0,3140.0,3070.0,3140.0,7880.0
2013-02-28,3195.0,3195.0,3110.0,3155.0,8841.0
2013-03-04,3155.0,3180.0,3110.0,3145.0,5200.0
2013-03-05,3180.0,3180.0,3100.0,3150.0,10401.0
2013-03-06,3230.0,3230.0,3115.0,3160.0,9160.0
2013-03-07,3180.0,3185.0,3120.0,3170.0,15970.0
2013-03-08,3180.0,3195.0,3125.0,3185.0,6620.0
2013-03-11,3195.0,3195.0,3110.0,3135.0,9800.0
2013-03-12,3135.0,3180.0,3135.0,3180.0,3880.0
2013-03-13,3200.0,3250.0,3180.0,3210.0,8550.0
2013-03-14,3220.0,3220.0,3160.0,3200.0,4811.0
2013-03-15,3255.0,3255.0,3150.0,3200.0,5630.0
2013-03-18,3200.0,3200.0,3150.0,3155.0,7890.0
2013-03-19,3105.0,3185.0,3100.0,3180.0,18110.0
2013-03-20,3180.0,3180.0,3105.0,3135.0,5474.0
2013-03-21,3120.0,3235.0,3120.0,3210.0,21714.0
2013-03-22,3240.0,3240.0,3100.0,3225.0,14324.0
2013-03-25,3225.0,3325.0,3195.0,3215.0,14571.0
2013-03-26,3215.0,3350.0,3215.0,3350.0,71620.0
2013-03-27,3395.0,3400.0,3300.0,3350.0,35870.0
2013-03-28,3340.0,3350.0,3260.0,3345.0,27091.0
2013-03-29,3370.0,3400.0,3300.0,3400.0,47611.0
2013-04-01,3485.0,3485.0,3350.0,3445.0,66281.0
2013-04-02,3445.0,3490.0,3420.0,3455.0,27681.0
2013-04-03,3455.0,3455.0,3345.0,3375.0,11571.0
2013-04-04,3420.0,3420.0,3280.0,3330.0,9709.0
2013-04-05,3285.0,3335.0,3280.0,3330.0,19370.0
2013-04-08,3380.0,3380.0,3305.0,3325.0,2629.0
2013-04-09,3290.0,3380.0,3215.0,3235.0,40010.0
2013-04-10,3205.0,3255.0,3100.0,3180.0,20121.0
2013-04-11,3350.0,3350.0,3160.0,3180.0,7380.0
2013-04-12,3250.0,3250.0,3135.0,3135.0,11930.0
2013-04-15,3185.0,3285.0,3135.0,3270.0,7770.0
2013-04-16,3200.0,3300.0,3190.0,3225.0,10140.0
2013-04-17,3280.0,3295.0,3210.0,3235.0,7080.0
2013-04-18,3235.0,3605.0,3235.0,3440.0,82723.0
2013-04-19,3455.0,3510.0,3360.0,3490.0,36829.0
2013-04-22,3490.0,3490.0,3355.0,3380.0,24890.0
2013-04-23,3440.0,3550.0,3365.0,3495.0,29581.0
2013-04-24,3500.0,3605.0,3490.0,3590.0,59350.0
2013-04-25,3600.0,3620.0,3560.0,3605.0,24707.0
2013-04-26,3640.0,3640.0,3540.0,3550.0,21550.0
2013-04-29,3500.0,3650.0,3460.0,3610.0,26281.0
2013-04-30,3630.0,3700.0,3610.0,3640.0,16750.0
2013-05-02,3645.0,3645.0,3500.0,3510.0,22351.0
2013-05-03,3510.0,3525.0,3450.0,3515.0,13820.0
2013-05-06,3580.0,3635.0,3465.0,3540.0,11310.0
2013-05-07,3540.0,3650.0,3490.0,3650.0,13110.0
2013-05-08,3650.0,3715.0,3550.0,3650.0,32481.0
2013-05-09,3700.0,3875.0,3655.0,3840.0,43080.0
2013-05-10,3840.0,3870.0,3780.0,3815.0,25943.0
2013-05-13,3900.0,3920.0,3700.0,3745.0,15427.0
2013-05-14,3640.0,3785.0,3640.0,3770.0,14221.0
2013-05-15,3715.0,3795.0,3710.0,3795.0,17480.0
2013-05-16,3795.0,3915.0,3650.0,3895.0,67140.0
2013-05-20,3865.0,3970.0,3805.0,3915.0,44310.0
2013-05-21,3915.0,3950.0,3860.0,3900.0,27961.0
2013-05-22,3980.0,3980.0,3850.0,3920.0,21912.0
2013-05-23,3850.0,4000.0,3815.0,3900.0,9560.0
2013-05-24,3860.0,3860.0,3780.0,3830.0,13102.0
2013-05-27,3890.0,3890.0,3720.0,3725.0,23848.0
2013-05-28,3700.0,3770.0,3700.0,3770.0,25910.0
2013-05-29,3750.0,3950.0,3740.0,3785.0,19080.0
2013-05-30,3715.0,4150.0,3600.0,3650.0,140271.0
2013-05-31,3650.0,3700.0,3625.0,3670.0,19312.0
2013-06-03,3580.0,3630.0,3580.0,3600.0,45850.0
2013-06-04,3615.0,3620.0,3500.0,3500.0,21531.0
2013-06-05,3500.0,3500.0,3425.0,3465.0,15412.0
2013-06-07,3485.0,3600.0,3400.0,3580.0,27120.0
2013-06-10,3590.0,3710.0,3520.0,3615.0,32740.0
2013-06-11,3695.0,3950.0,3585.0,3585.0,21050.0
2013-06-12,3600.0,3745.0,3520.0,3700.0,24601.0
2013-06-13,3915.0,3915.0,3690.0,3715.0,9900.0
2013-06-14,3650.0,3775.0,3600.0,3755.0,3610.0
2013-06-17,3760.0,3760.0,3555.0,3575.0,15350.0
2013-06-18,3590.0,3595.0,3505.0,3520.0,2570.0
2013-06-19,3535.0,3635.0,3535.0,3630.0,1270.0
2013-06-20,3595.0,3595.0,3480.0,3490.0,7890.0
2013-06-21,3400.0,3400.0,3315.0,3345.0,32082.0
2013-06-24,3480.0,3480.0,3345.0,3360.0,2051.0
2013-06-25,3375.0,3595.0,3190.0,3200.0,11280.0
2013-06-26,3200.0,3490.0,3200.0,3245.0,1672.0
2013-06-27,3350.0,3470.0,3300.0,3345.0,2643.0
2013-06-28,3465.0,3465.0,3370.0,3390.0,4930.0
2013-07-01,3450.0,3500.0,3440.0,3465.0,5229.0
2013-07-02,3550.0,3550.0,3465.0,3465.0,2811.0
2013-07-03,3500.0,3500.0,3435.0,3435.0,14070.0
2013-07-04,3495.0,3495.0,3420.0,3430.0,8250.0
2013-07-05,3495.0,3495.0,3440.0,3445.0,1350.0
2013-07-08,3460.0,3485.0,3445.0,3485.0,6440.0
2013-07-09,3550.0,3550.0,3460.0,3460.0,5760.0
2013-07-10,3475.0,3500.0,3475.0,3500.0,5310.0
2013-07-11,3510.0,3550.0,3480.0,3510.0,18820.0
2013-07-12,3515.0,3640.0,3515.0,3570.0,10950.0
2013-07-15,3600.0,3795.0,3600.0,3795.0,21877.0
2013-07-16,3755.0,3850.0,3710.0,3820.0,35320.0
2013-07-17,3850.0,3850.0,3700.0,3845.0,26941.0
2013-07-18,3730.0,3830.0,3730.0,3820.0,4190.0
2013-07-19,3730.0,3800.0,3680.0,3690.0,13523.0
2013-07-22,3650.0,3700.0,3500.0,3610.0,38800.0
2013-07-23,3610.0,3610.0,3560.0,3565.0,6490.0
2013-07-24,3570.0,3780.0,3570.0,3780.0,15162.0
2013-07-25,3760.0,3760.0,3610.0,3700.0,6830.0
2013-07-26,3700.0,3750.0,3640.0,3685.0,6660.0
2013-07-29,3720.0,3720.0,3650.0,3690.0,541.0
2013-07-30,3620.0,3690.0,3540.0,3610.0,5597.0
2013-07-31,3605.0,3610.0,3570.0,3575.0,10311.0
2013-08-01,3560.0,3660.0,3560.0,3580.0,2790.0
2013-08-02,3570.0,3690.0,3560.0,3650.0,3640.0
2013-08-05,3650.0,3670.0,3630.0,3635.0,6860.0
2013-08-06,3635.0,3750.0,3630.0,3750.0,12691.0
2013-08-07,3770.0,3905.0,3700.0,3835.0,30890.0
2013-08-08,3900.0,3930.0,3835.0,3845.0,29890.0
2013-08-09,3815.0,3880.0,3805.0,3865.0,2706.0
2013-08-12,3865.0,3875.0,3780.0,3845.0,7770.0
2013-08-13,3900.0,3900.0,3810.0,3870.0,540.0
2013-08-14,3850.0,3850.0,3790.0,3830.0,13370.0
2013-08-16,3900.0,3900.0,3780.0,3830.0,3730.0
2013-08-19,3780.0,3825.0,3700.0,3755.0,7760.0
2013-08-20,3705.0,3800.0,3670.0,3670.0,17774.0
2013-08-21,3670.0,3695.0,3420.0,3500.0,29001.0
2013-08-22,3525.0,3600.0,3450.0,3450.0,6050.0
2013-08-23,3425.0,3750.0,3420.0,3520.0,6502.0
2013-08-26,3520.0,3545.0,3450.0,3520.0,3390.0
2013-08-27,3450.0,3605.0,3450.0,3540.0,1640.0
2013-08-28,3500.0,3565.0,3480.0,3490.0,4450.0
2013-08-29,3565.0,3640.0,3495.0,3495.0,5200.0
2013-08-30,3510.0,3570.0,3490.0,3495.0,20220.0
2013-09-02,3550.0,3550.0,3235.0,3550.0,6020.0
2013-09-03,3515.0,3620.0,3515.0,3610.0,11230.0
2013-09-04,3655.0,3655.0,3575.0,3655.0,1821.0
2013-09-05,3655.0,3655.0,3500.0,3595.0,15310.0
2013-09-06,3585.0,3595.0,3460.0,3475.0,17090.0
2013-09-09,3530.0,3530.0,3200.0,3280.0,43470.0
2013-09-10,3320.0,3770.0,3300.0,3350.0,16692.0
2013-09-11,3425.0,3635.0,3425.0,3450.0,5220.0
2013-09-12,3470.0,3525.0,3460.0,3485.0,5170.0
2013-09-13,3500.0,3540.0,3450.0,3450.0,8200.0
2013-09-16,3580.0,3580.0,3450.0,3495.0,1480.0
2013-09-17,3680.0,3680.0,3455.0,3510.0,15780.0
2013-09-23,3510.0,3565.0,3465.0,3480.0,9272.0
2013-09-24,3450.0,3490.0,3300.0,3360.0,16720.0
2013-09-25,3375.0,3470.0,3375.0,3440.0,8670.0
2013-09-26,3445.0,3600.0,3390.0,3595.0,13160.0
2013-09-27,3600.0,3600.0,3490.0,3500.0,17060.0
2013-09-30,3500.0,3515.0,3420.0,3495.0,2410.0
2013-10-01,3495.0,3540.0,3425.0,3500.0,2380.0
2013-10-02,3520.0,3520.0,3420.0,3505.0,47660.0
2013-10-04,3550.0,3550.0,3420.0,3420.0,2040.0
2013-10-07,3420.0,3545.0,3360.0,3360.0,6890.0
2013-10-08,3325.0,3375.0,3325.0,3340.0,5240.0
2013-10-10,3390.0,3400.0,3320.0,3330.0,11821.0
2013-10-11,3360.0,3390.0,3320.0,3360.0,9130.0
2013-10-14,3345.0,3460.0,2905.0,3260.0,17860.0
2013-10-15,3305.0,3340.0,3300.0,3340.0,3790.0
2013-10-16,3330.0,3330.0,3250.0,3310.0,4210.0
2013-10-17,3250.0,3310.0,3205.0,3280.0,7772.0
2013-10-18,3310.0,3310.0,3130.0,3220.0,15989.0
2013-10-21,3270.0,3270.0,2955.0,3130.0,12030.0
2013-10-22,3085.0,3140.0,3030.0,3120.0,23644.0
2013-10-23,3170.0,3170.0,3080.0,3145.0,2170.0
2013-10-24,3140.0,3200.0,3085.0,3165.0,5870.0
2013-10-25,3175.0,3200.0,3110.0,3135.0,3250.0
2013-10-28,3120.0,3120.0,3045.0,3110.0,16224.0
2013-10-29,3090.0,3090.0,3035.0,3070.0,5747.0
2013-10-30,3085.0,3085.0,3025.0,3060.0,6462.0
2013-10-31,3080.0,3080.0,3025.0,3060.0,11430.0
2013-11-01,3070.0,3280.0,3055.0,3150.0,15040.0
2013-11-04,3200.0,3220.0,3105.0,3105.0,3950.0
2013-11-05,3085.0,3090.0,3060.0,3085.0,4235.0
2013-11-06,3095.0,3095.0,3010.0,3075.0,5038.0
2013-11-07,3085.0,3085.0,3005.0,3010.0,3001.0
2013-11-08,3015.0,3070.0,2990.0,3070.0,11691.0
2013-11-11,3070.0,3175.0,3005.0,3055.0,4095.0
2013-11-12,3050.0,3065.0,2815.0,3055.0,3160.0
2013-11-13,3045.0,3055.0,3010.0,3020.0,1560.0
2013-11-14,3035.0,3100.0,3035.0,3040.0,2761.0
2013-11-15,3095.0,3095.0,3040.0,3040.0,2250.0
2013-11-18,3040.0,3040.0,3000.0,3000.0,3811.0
2013-11-19,3015.0,3040.0,3000.0,3025.0,6609.0
2013-11-20,3040.0,3045.0,2950.0,3020.0,3810.0
2013-11-21,3020.0,3025.0,3000.0,3025.0,430.0
2013-11-22,3035.0,3050.0,3015.0,3045.0,2019.0
2013-11-25,3050.0,3125.0,2970.0,3000.0,8681.0
2013-11-26,3015.0,3015.0,2930.0,2930.0,5431.0
2013-11-27,2930.0,3050.0,2930.0,3050.0,2420.0
2013-11-28,3020.0,3050.0,2980.0,3050.0,2410.0
2013-11-29,3040.0,3350.0,2990.0,2990.0,19060.0
2013-12-02,2990.0,2995.0,2940.0,2995.0,5340.0
2013-12-03,2995.0,2995.0,2900.0,2930.0,7681.0
2013-12-04,2940.0,2960.0,2910.0,2960.0,2831.0
2013-12-05,2960.0,2965.0,2960.0,2965.0,1312.0
2013-12-06,2965.0,2965.0,2940.0,2940.0,3440.0
2013-12-09,2950.0,3020.0,2935.0,3010.0,9530.0
2013-12-10,3000.0,3000.0,2975.0,2975.0,3641.0
2013-12-11,3025.0,3025.0,2970.0,2970.0,13215.0
2013-12-12,2985.0,2985.0,2950.0,2985.0,7870.0
2013-12-13,2985.0,2985.0,2930.0,2970.0,1570.0
2013-12-16,2970.0,2970.0,2940.0,2940.0,390.0
2013-12-17,3020.0,3020.0,2950.0,2950.0,1070.0
2013-12-18,2950.0,2970.0,2930.0,2940.0,10260.0
2013-12-19,2940.0,3015.0,2935.0,2950.0,8660.0
2013-12-20,2950.0,2970.0,2930.0,2970.0,2060.0
2013-12-23,2990.0,3000.0,2920.0,2985.0,1550.0
2013-12-24,2970.0,2970.0,2905.0,2930.0,8420.0
2013-12-26,2945.0,2995.0,2940.0,2995.0,2090.0
2013-12-27,2955.0,3020.0,2950.0,2995.0,10360.0
2013-12-30,3020.0,3020.0,2960.0,2990.0,5512.0
2014-01-02,2970.0,2990.0,2965.0,2965.0,9190.0
2014-01-03,2965.0,2965.0,2885.0,2905.0,18739.0
2014-01-06,2935.0,2935.0,2895.0,2895.0,8290.0
2014-01-07,2910.0,2920.0,2860.0,2880.0,9134.0
2014-01-08,2900.0,2920.0,2840.0,2875.0,5110.0
2014-01-09,2885.0,2905.0,2875.0,2885.0,18650.0
2014-01-10,2920.0,2935.0,2890.0,2890.0,6740.0
2014-01-13,2920.0,2935.0,2880.0,2920.0,1780.0
2014-01-14,2935.0,3040.0,2935.0,3030.0,6705.0
2014-01-15,2965.0,3055.0,2935.0,3040.0,4425.0
2014-01-16,3010.0,3115.0,3010.0,3095.0,43235.0
2014-01-17,3120.0,3120.0,3055.0,3075.0,1140.0
2014-01-20,3050.0,3115.0,3050.0,3075.0,9420.0
2014-01-21,3160.0,3160.0,3050.0,3125.0,6640.0
2014-01-22,3590.0,3590.0,3590.0,3590.0,8815.0
2014-01-23,4125.0,4125.0,3855.0,4125.0,583421.0
2014-01-24,4085.0,4185.0,3900.0,3960.0,490576.0
2014-01-27,3910.0,3910.0,3605.0,3605.0,256244.0
2014-01-28,3610.0,3980.0,3600.0,3665.0,255150.0
2014-01-29,3665.0,3830.0,3610.0,3805.0,95365.0
2014-02-03,3860.0,3885.0,3695.0,3820.0,57108.0
2014-02-04,3820.0,3900.0,3705.0,3885.0,34269.0
2014-02-05,3920.0,3940.0,3840.0,3940.0,45290.0
2014-02-06,3965.0,3965.0,3795.0,3855.0,30362.0
2014-02-07,3855.0,3920.0,3710.0,3795.0,29331.0
2014-02-10,3870.0,3885.0,3700.0,3830.0,16906.0
2014-02-11,3800.0,3800.0,3680.0,3800.0,28452.0
2014-02-12,3785.0,3820.0,3700.0,3800.0,20388.0
2014-02-13,3750.0,3820.0,3690.0,3785.0,22710.0
2014-02-14,3790.0,3890.0,3765.0,3870.0,44715.0
2014-02-17,3885.0,3895.0,3810.0,3850.0,42455.0
2014-02-18,3855.0,3870.0,3745.0,3830.0,14906.0
2014-02-19,3845.0,3845.0,3800.0,3810.0,15250.0
2014-02-20,3810.0,3885.0,3240.0,3780.0,37930.0
2014-02-21,3775.0,3800.0,3700.0,3745.0,34103.0
2014-02-24,3755.0,3950.0,3755.0,3770.0,28846.0
2014-02-25,3770.0,3825.0,3755.0,3800.0,16940.0
2014-02-26,3830.0,3830.0,3740.0,3770.0,19525.0
2014-02-27,3860.0,3860.0,3720.0,3765.0,10781.0
2014-02-28,3785.0,4085.0,3775.0,3975.0,104701.0
2014-03-03,3980.0,4235.0,3895.0,4090.0,157580.0
2014-03-04,4115.0,4115.0,3960.0,4000.0,65750.0
2014-03-05,4005.0,4090.0,3915.0,3995.0,25077.0
2014-03-06,4040.0,4070.0,3960.0,4040.0,23563.0
2014-03-07,4045.0,4045.0,3930.0,4000.0,29311.0
2014-03-10,4000.0,4000.0,3935.0,3970.0,17144.0
2014-03-11,3990.0,4060.0,3920.0,4060.0,34944.0
2014-03-12,4060.0,4100.0,3990.0,4030.0,18287.0
2014-03-13,4030.0,4470.0,4000.0,4300.0,155753.0
2014-03-14,4340.0,4350.0,4160.0,4185.0,59300.0
2014-03-17,4230.0,4235.0,4050.0,4075.0,33394.0
2014-03-18,4125.0,4190.0,4015.0,4185.0,12842.0
2014-03-19,4220.0,4365.0,4190.0,4360.0,45731.0
2014-03-20,4360.0,4380.0,4175.0,4330.0,15885.0
2014-03-21,4320.0,4450.0,4200.0,4300.0,63980.0
2014-03-24,4300.0,4330.0,4200.0,4270.0,38877.0
2014-03-25,4330.0,4330.0,4150.0,4155.0,37801.0
2014-03-26,4160.0,4205.0,4095.0,4155.0,30954.0
2014-03-27,4195.0,4195.0,4150.0,4150.0,11491.0
2014-03-28,4105.0,4195.0,4080.0,4170.0,9643.0
2014-03-31,4180.0,4215.0,4140.0,4215.0,11462.0
2014-04-01,4280.0,4280.0,4100.0,4190.0,13121.0
2014-04-02,4190.0,4225.0,4130.0,4190.0,25181.0
2014-04-03,4250.0,4400.0,4190.0,4195.0,23930.0
2014-04-04,4355.0,4355.0,4190.0,4215.0,10892.0
2014-04-07,4215.0,4255.0,4130.0,4180.0,7310.0
2014-04-08,4180.0,4215.0,4055.0,4120.0,10800.0
2014-04-09,4130.0,4305.0,4045.0,4190.0,110560.0
2014-04-10,4285.0,4350.0,4195.0,4280.0,44460.0
2014-04-11,4250.0,4375.0,4250.0,4350.0,37231.0
2014-04-14,4350.0,4750.0,4350.0,4690.0,134712.0
2014-04-15,4690.0,4770.0,4605.0,4660.0,26891.0
2014-04-16,4700.0,4960.0,4650.0,4900.0,89391.0
2014-04-17,4965.0,5160.0,4900.0,5010.0,200061.0
2014-04-18,5080.0,5670.0,5000.0,5330.0,339775.0
2014-04-21,5500.0,6120.0,5400.0,5910.0,816991.0
2014-04-22,6030.0,6200.0,5630.0,5900.0,458703.0
2014-04-23,5900.0,5950.0,5510.0,5570.0,326909.0
2014-04-24,5570.0,5730.0,5280.0,5590.0,314918.0
2014-04-25,5580.0,5700.0,5350.0,5500.0,212406.0
2014-04-28,5500.0,5830.0,5380.0,5730.0,124732.0
2014-04-29,5740.0,6140.0,5630.0,5950.0,153762.0
2014-04-30,5910.0,6110.0,5890.0,5900.0,102869.0
2014-05-02,5920.0,5990.0,5700.0,5750.0,86392.0
2014-05-07,5760.0,6140.0,5760.0,6100.0,135445.0
2014-05-08,6080.0,6720.0,6010.0,6520.0,304120.0
2014-05-09,6600.0,6920.0,6560.0,6580.0,229528.0
2014-05-12,6580.0,6580.0,6340.0,6550.0,77229.0
2014-05-13,6570.0,6690.0,6390.0,6390.0,89392.0
2014-05-14,6370.0,6620.0,6370.0,6420.0,74294.0
2014-05-15,6680.0,6780.0,6470.0,6780.0,121419.0
2014-05-16,6890.0,6890.0,6630.0,6630.0,89293.0
2014-05-19,6630.0,6630.0,6220.0,6380.0,103077.0
2014-05-20,6320.0,6380.0,6070.0,6270.0,108518.0
2014-05-21,6350.0,6350.0,6210.0,6300.0,41191.0
2014-05-22,6300.0,6520.0,6300.0,6400.0,48782.0
2014-05-23,6520.0,6520.0,6200.0,6380.0,83352.0
2014-05-26,6380.0,6450.0,6260.0,6350.0,46293.0
2014-05-27,6360.0,6370.0,6170.0,6290.0,42798.0
2014-05-28,6290.0,6300.0,6150.0,6300.0,49151.0
2014-05-29,6300.0,6450.0,6120.0,6320.0,58814.0
2014-05-30,6260.0,6320.0,6000.0,6150.0,92926.0
2014-06-02,6100.0,6140.0,5500.0,5700.0,191350.0
2014-06-03,5730.0,6010.0,5710.0,5850.0,90973.0
2014-06-05,5860.0,5970.0,5850.0,5950.0,71052.0
2014-06-09,5950.0,6250.0,5880.0,6000.0,90491.0
2014-06-10,6020.0,6440.0,6020.0,6390.0,110304.0
2014-06-11,6460.0,6990.0,6460.0,6790.0,196323.0
2014-06-12,6830.0,6850.0,6580.0,6730.0,61814.0
2014-06-13,6770.0,6810.0,6560.0,6730.0,59867.0
2014-06-16,6850.0,6970.0,6730.0,6850.0,74534.0
2014-06-17,6970.0,6970.0,6720.0,6850.0,47393.0
2014-06-18,6860.0,6860.0,6610.0,6730.0,42449.0
2014-06-19,6700.0,6740.0,6560.0,6720.0,60826.0
2014-06-20,6720.0,6890.0,6620.0,6740.0,54184.0
2014-06-23,6750.0,6800.0,6680.0,6730.0,25790.0
2014-06-24,6730.0,6800.0,6500.0,6700.0,104763.0
2014-06-25,6800.0,6820.0,6700.0,6760.0,38288.0
2014-06-26,6770.0,7300.0,6740.0,7050.0,121085.0
2014-06-27,7090.0,7100.0,6910.0,6910.0,33952.0
2014-06-30,7000.0,7140.0,6930.0,7000.0,66132.0
2014-07-01,7080.0,7080.0,6820.0,6850.0,40188.0
2014-07-02,6860.0,6970.0,6800.0,6850.0,22792.0
2014-07-03,6900.0,6930.0,6630.0,6800.0,69824.0
2014-07-04,6760.0,6910.0,6670.0,6910.0,42793.0
2014-07-07,6930.0,7200.0,6900.0,7030.0,73046.0
2014-07-08,7100.0,7100.0,6870.0,6950.0,47003.0
2014-07-09,6900.0,6930.0,6800.0,6850.0,33504.0
2014-07-10,7590.0,7740.0,7170.0,7200.0,468962.0
2014-07-11,7220.0,7250.0,7010.0,7250.0,112205.0
2014-07-14,7280.0,7430.0,7170.0,7230.0,76799.0
2014-07-15,7210.0,7270.0,6900.0,6960.0,113788.0
2014-07-16,6950.0,6990.0,6660.0,6970.0,82170.0
2014-07-17,7010.0,7070.0,6970.0,7070.0,19193.0
2014-07-18,6890.0,7040.0,6830.0,6990.0,56056.0
2014-07-21,6960.0,7040.0,6850.0,6960.0,35294.0
2014-07-22,6920.0,6920.0,6700.0,6790.0,67171.0
2014-07-23,6790.0,6790.0,6540.0,6760.0,135706.0
2014-07-24,6750.0,6780.0,6630.0,6760.0,48347.0
2014-07-25,6780.0,6840.0,6660.0,6830.0,38735.0
2014-07-28,6830.0,6880.0,6700.0,6820.0,44105.0
2014-07-29,6890.0,6890.0,6560.0,6590.0,72882.0
2014-07-30,6690.0,6690.0,6120.0,6530.0,123305.0
2014-07-31,6650.0,6650.0,6350.0,6530.0,28692.0
2014-08-01,6400.0,6780.0,6380.0,6650.0,36387.0
2014-08-04,6750.0,6750.0,6560.0,6720.0,17693.0
2014-08-05,6720.0,6770.0,6570.0,6570.0,32075.0
2014-08-06,6520.0,6590.0,6440.0,6520.0,17026.0
2014-08-07,6590.0,6590.0,6360.0,6540.0,43863.0
2014-08-08,6520.0,6640.0,6350.0,6550.0,27968.0
2014-08-11,6650.0,6650.0,6130.0,6500.0,14063.0
2014-08-12,6500.0,6530.0,6410.0,6500.0,27291.0
2014-08-13,6530.0,6580.0,6370.0,6540.0,32649.0
2014-08-14,6640.0,6640.0,6470.0,6510.0,17343.0
2014-08-18,6510.0,6580.0,6450.0,6520.0,30520.0
2014-08-19,6460.0,6500.0,6350.0,6450.0,26925.0
2014-08-20,6450.0,6500.0,6200.0,6500.0,47253.0
2014-08-21,6550.0,6890.0,6510.0,6770.0,84578.0
2014-08-22,6810.0,6810.0,6680.0,6680.0,10196.0
2014-08-25,6740.0,6740.0,6530.0,6680.0,33869.0
2014-08-26,6730.0,6740.0,6570.0,6740.0,20037.0
2014-08-27,6780.0,6920.0,6680.0,6900.0,49257.0
2014-08-28,7360.0,7930.0,7360.0,7930.0,249033.0
2014-08-29,8200.0,8940.0,7930.0,8370.0,817106.0
2014-09-01,8730.0,9270.0,8260.0,8450.0,534420.0
2014-09-02,8560.0,8750.0,8270.0,8560.0,221691.0
2014-09-03,8730.0,9100.0,8580.0,8800.0,449747.0
2014-09-04,8810.0,9130.0,8680.0,8950.0,264137.0
2014-09-05,9100.0,9350.0,8790.0,8800.0,208859.0
2014-09-11,8890.0,9220.0,8760.0,9130.0,162991.0
2014-09-12,9130.0,9130.0,8870.0,9000.0,166073.0
2014-09-15,9000.0,9170.0,8890.0,9040.0,90152.0
2014-09-16,9000.0,9100.0,8930.0,9100.0,54514.0
2014-09-17,9200.0,9200.0,8880.0,9000.0,101245.0
2014-09-18,9000.0,9120.0,8910.0,8940.0,62487.0
2014-09-19,8890.0,8890.0,8530.0,8700.0,152513.0
2014-09-22,8720.0,8760.0,8530.0,8540.0,89917.0
2014-09-23,8700.0,8700.0,8430.0,8490.0,34472.0
2014-09-24,8510.0,8880.0,8390.0,8880.0,90954.0
2014-09-25,8800.0,8980.0,8800.0,8890.0,46178.0
2014-09-26,8760.0,9050.0,8730.0,9040.0,96338.0
2014-09-29,9140.0,9160.0,8760.0,8960.0,87279.0
2014-09-30,9020.0,9080.0,8830.0,9080.0,106351.0
2014-10-01,9190.0,10100.0,9180.0,9950.0,713377.0
2014-10-02,10300.0,11200.0,10200.0,10700.0,1027027.0
2014-10-06,11000.0,11000.0,10300.0,10450.0,304892.0
2014-10-07,10700.0,10750.0,10200.0,10250.0,137284.0
2014-10-08,10350.0,10500.0,10150.0,10500.0,146927.0
2014-10-10,10600.0,10600.0,9750.0,9860.0,434360.0
2014-10-13,9800.0,9800.0,8950.0,9310.0,146074.0
2014-10-14,9160.0,9660.0,9160.0,9350.0,108999.0
2014-10-15,9230.0,9420.0,8540.0,9150.0,192852.0
2014-10-16,8910.0,9040.0,8680.0,8950.0,115829.0
2014-10-17,8940.0,9280.0,8850.0,9080.0,110209.0
2014-10-20,9250.0,9790.0,8330.0,8350.0,623205.0
2014-10-21,8380.0,8580.0,8010.0,8470.0,504164.0
2014-10-22,8660.0,9280.0,8650.0,9130.0,458848.0
2014-10-23,9210.0,9290.0,8940.0,9150.0,206011.0
2014-10-24,9300.0,9400.0,9100.0,9260.0,167810.0
2014-10-27,9310.0,9370.0,9020.0,9250.0,177844.0
2014-10-28,9430.0,9890.0,9370.0,9690.0,270950.0
2014-10-29,9660.0,9660.0,9080.0,9240.0,190009.0
2014-10-30,9250.0,9270.0,8980.0,9080.0,71760.0
2014-10-31,9170.0,9180.0,8890.0,8900.0,67929.0
2014-11-03,9070.0,9070.0,8780.0,8930.0,85861.0
2014-11-04,8900.0,9020.0,8500.0,8700.0,97266.0
2014-11-05,8620.0,8880.0,8620.0,8870.0,61011.0
2014-11-06,8720.0,8850.0,8400.0,8810.0,86024.0
2014-11-07,8850.0,9000.0,8600.0,8800.0,54015.0
2014-11-10,8830.0,8830.0,8500.0,8600.0,88595.0
2014-11-11,8700.0,9020.0,8520.0,8830.0,65044.0
2014-11-12,8830.0,9190.0,8790.0,8830.0,38962.0
2014-11-13,8980.0,8980.0,8700.0,8740.0,36551.0
2014-11-14,8810.0,8810.0,8250.0,8350.0,124305.0
2014-11-17,8350.0,8450.0,7880.0,8020.0,116581.0
2014-11-18,8020.0,8320.0,7980.0,8130.0,40727.0
2014-11-19,8290.0,8500.0,8150.0,8460.0,39598.0
2014-11-20,8350.0,8460.0,8300.0,8320.0,40449.0
2014-11-21,8380.0,8580.0,8160.0,8470.0,54630.0
2014-11-24,8410.0,8440.0,8180.0,8210.0,37278.0
2014-11-25,8270.0,8300.0,8110.0,8270.0,33394.0
2014-11-26,8180.0,8280.0,8010.0,8010.0,39997.0
2014-11-27,8100.0,8300.0,8030.0,8060.0,52305.0
2014-11-28,8130.0,8200.0,8040.0,8050.0,20387.0
2014-12-01,8050.0,8270.0,8000.0,8200.0,57161.0
2014-12-02,8200.0,8590.0,8170.0,8560.0,49839.0
2014-12-03,8600.0,8790.0,8540.0,8790.0,57380.0
2014-12-04,8880.0,8940.0,8630.0,8800.0,35465.0
2014-12-05,8740.0,8920.0,8650.0,8780.0,32967.0
2014-12-08,8770.0,8910.0,8600.0,8600.0,27007.0
2014-12-09,8600.0,8690.0,8350.0,8400.0,12433.0
2014-12-10,8400.0,8560.0,8060.0,8250.0,22033.0
2014-12-11,8200.0,8230.0,7950.0,7950.0,55628.0
2014-12-12,7870.0,8200.0,7870.0,8160.0,26609.0
2014-12-15,8120.0,8250.0,8100.0,8170.0,10440.0
2014-12-16,8170.0,8300.0,8070.0,8070.0,28351.0
2014-12-17,8070.0,8100.0,7740.0,7880.0,41750.0
2014-12-18,7760.0,7870.0,7560.0,7660.0,71978.0
2014-12-19,7830.0,7830.0,7310.0,7380.0,74788.0
2014-12-22,7380.0,7460.0,7010.0,7400.0,116854.0
2014-12-23,7460.0,7570.0,7220.0,7260.0,42550.0
2014-12-24,7360.0,7360.0,7170.0,7240.0,22472.0
2014-12-26,7250.0,7470.0,7210.0,7330.0,27378.0
2014-12-29,7500.0,7500.0,7280.0,7350.0,10401.0
2014-12-30,7350.0,7450.0,7260.0,7440.0,8337.0
2015-01-02,7420.0,7480.0,7270.0,7310.0,18273.0
2015-01-05,7260.0,7320.0,7220.0,7250.0,45407.0
2015-01-06,7250.0,7250.0,7160.0,7160.0,45415.0
2015-01-07,7110.0,7330.0,7100.0,7280.0,34857.0
2015-01-08,7240.0,7420.0,7240.0,7400.0,18242.0
2015-01-09,7370.0,7460.0,7330.0,7400.0,15032.0
2015-01-12,7360.0,7400.0,7260.0,7330.0,27773.0
2015-01-13,7330.0,7340.0,7240.0,7300.0,35634.0
2015-01-14,7380.0,7570.0,7210.0,7570.0,67919.0
2015-01-15,7480.0,8100.0,7480.0,8040.0,77330.0
2015-01-16,8040.0,8530.0,7810.0,8350.0,103753.0
2015-01-19,8630.0,8630.0,8300.0,8340.0,47266.0
2015-01-20,8240.0,8600.0,8210.0,8390.0,34631.0
2015-01-21,8340.0,8400.0,8220.0,8240.0,18596.0
2015-01-22,8240.0,8280.0,8000.0,8260.0,35690.0
2015-01-23,8210.0,8300.0,8070.0,8070.0,11626.0
2015-01-26,8070.0,8240.0,7870.0,7870.0,20732.0
2015-01-27,7870.0,8010.0,7790.0,7860.0,21195.0
2015-01-28,7850.0,8000.0,7690.0,7770.0,51857.0
2015-01-29,7810.0,7940.0,7710.0,7740.0,17748.0
2015-01-30,7800.0,8440.0,7720.0,8150.0,80002.0
2015-02-02,8250.0,8440.0,8140.0,8180.0,50200.0
2015-02-03,8290.0,8290.0,7920.0,7940.0,19402.0
2015-02-04,7950.0,8150.0,7660.0,7740.0,83515.0
2015-02-05,7740.0,7960.0,7630.0,7630.0,64186.0
2015-02-06,7650.0,7990.0,7590.0,7990.0,66449.0
2015-02-09,8080.0,8180.0,7860.0,8060.0,61902.0
2015-02-10,8090.0,8180.0,8000.0,8150.0,37112.0
2015-02-11,8200.0,8260.0,8020.0,8180.0,28155.0
2015-02-12,8200.0,8200.0,7910.0,8070.0,37151.0
2015-02-13,8120.0,8120.0,7960.0,8050.0,41867.0
2015-02-16,8060.0,8190.0,7980.0,8080.0,25207.0
2015-02-17,8050.0,8440.0,7990.0,8430.0,63554.0
2015-02-23,8450.0,9180.0,8360.0,8850.0,166362.0
2015-02-24,8950.0,9100.0,8770.0,8900.0,77416.0
2015-02-25,8810.0,9030.0,8790.0,9000.0,57271.0
2015-02-26,9000.0,9300.0,8990.0,9190.0,53574.0
2015-02-27,9250.0,9280.0,8990.0,9160.0,46514.0
2015-03-02,8500.0,8930.0,8320.0,8700.0,154996.0
2015-03-03,8740.0,8850.0,8370.0,8400.0,56831.0
2015-03-04,8400.0,8560.0,8400.0,8550.0,40310.0
2015-03-05,8550.0,8590.0,8290.0,8300.0,31071.0
2015-03-06,8340.0,8390.0,8000.0,8130.0,65880.0
2015-03-09,8000.0,8200.0,7970.0,8200.0,52132.0
2015-03-10,8230.0,8230.0,8030.0,8030.0,28888.0
2015-03-11,8030.0,8100.0,7820.0,8100.0,39218.0
2015-03-12,8140.0,8200.0,7970.0,8000.0,46526.0
2015-03-13,8080.0,8120.0,8040.0,8120.0,21869.0
2015-03-16,8160.0,8160.0,8010.0,8030.0,23035.0
2015-03-17,8040.0,8500.0,8040.0,8380.0,88245.0
2015-03-18,8360.0,8470.0,8250.0,8260.0,34457.0
2015-03-19,8430.0,8430.0,8120.0,8260.0,26426.0
2015-03-20,8280.0,8420.0,8120.0,8420.0,43435.0
2015-03-23,8370.0,8480.0,8350.0,8460.0,35461.0
2015-03-24,8460.0,8460.0,8100.0,8200.0,59818.0
2015-03-25,8220.0,8420.0,8190.0,8210.0,46021.0
2015-03-26,8230.0,8300.0,8120.0,8160.0,16397.0
2015-03-27,8190.0,8210.0,8050.0,8070.0,36707.0
2015-03-30,8090.0,8180.0,7980.0,8030.0,31105.0
2015-03-31,8070.0,8150.0,8030.0,8110.0,14383.0
2015-04-01,8170.0,8170.0,7970.0,8150.0,41069.0
2015-04-02,8080.0,8300.0,8030.0,8240.0,37880.0
2015-04-03,8230.0,8450.0,8230.0,8350.0,50934.0
2015-04-06,8350.0,8560.0,8260.0,8500.0,66568.0
2015-04-07,8580.0,8580.0,8300.0,8310.0,48159.0
2015-04-08,8310.0,8350.0,8200.0,8300.0,23597.0
2015-04-09,8370.0,8370.0,8210.0,8280.0,32555.0
2015-04-10,8280.0,8370.0,8240.0,8370.0,59832.0
2015-04-13,8410.0,8440.0,8260.0,8310.0,41620.0
2015-04-14,8310.0,8430.0,8270.0,8400.0,40023.0
2015-04-15,8450.0,8800.0,8400.0,8800.0,98306.0
2015-04-16,8880.0,9100.0,8750.0,8790.0,91980.0
2015-04-17,8790.0,8940.0,8500.0,8570.0,81083.0
2015-04-20,8420.0,8630.0,8410.0,8570.0,58685.0
2015-04-21,8570.0,8600.0,8430.0,8450.0,53600.0
2015-04-22,8560.0,8640.0,8130.0,8480.0,144612.0
2015-04-23,8480.0,8570.0,8110.0,8220.0,65986.0
2015-04-24,8140.0,8220.0,8080.0,8110.0,39462.0
2015-04-27,8020.0,8140.0,8020.0,8100.0,30117.0
2015-04-28,8150.0,8150.0,8030.0,8060.0,37136.0
2015-04-29,8060.0,8320.0,8020.0,8250.0,30307.0
2015-04-30,8300.0,8300.0,7980.0,8000.0,48903.0
2015-05-04,8000.0,8140.0,7660.0,7720.0,120460.0
2015-05-06,7630.0,7730.0,7400.0,7400.0,79323.0
2015-05-07,7390.0,7930.0,7160.0,7930.0,207572.0
2015-05-08,7900.0,7900.0,7720.0,7780.0,58320.0
2015-05-11,7830.0,7860.0,7700.0,7790.0,76318.0
2015-05-12,7810.0,8050.0,7810.0,8050.0,91915.0
2015-05-13,8050.0,8150.0,7910.0,8090.0,73179.0
2015-05-14,8180.0,8630.0,8180.0,8570.0,233664.0
2015-05-15,8780.0,9850.0,8750.0,9850.0,642182.0
2015-05-18,10500.0,11300.0,10100.0,11300.0,991705.0
2015-05-19,11400.0,11650.0,11000.0,11500.0,861229.0
2015-05-20,11350.0,11750.0,11050.0,11250.0,534532.0
2015-05-21,11250.0,12400.0,10500.0,10850.0,945928.0
2015-05-22,10850.0,11900.0,10150.0,10200.0,1222094.0
2015-05-26,10200.0,10550.0,10050.0,10400.0,240401.0
2015-05-27,10400.0,10600.0,9960.0,10100.0,180729.0
2015-05-28,10250.0,11400.0,10150.0,10750.0,661965.0
2015-05-29,10750.0,11200.0,10400.0,10650.0,256910.0
2015-06-01,11300.0,12200.0,10900.0,12200.0,909372.0
2015-06-02,12500.0,13350.0,12100.0,13050.0,1015915.0
2015-06-03,12800.0,12850.0,12000.0,12550.0,444289.0
2015-06-04,12750.0,12850.0,11750.0,12100.0,329966.0
2015-06-05,11850.0,12500.0,11700.0,11800.0,236719.0
2015-06-08,11800.0,12000.0,11500.0,11950.0,273484.0
2015-06-09,11950.0,12150.0,11450.0,11700.0,277366.0
2015-06-10,11800.0,13100.0,11700.0,12900.0,858790.0
2015-06-11,13500.0,13600.0,12200.0,12200.0,582418.0
2015-06-12,12250.0,12450.0,11800.0,12000.0,243963.0
2015-06-15,11700.0,12150.0,11450.0,12000.0,159245.0
2015-06-16,12100.0,12300.0,11350.0,11450.0,209329.0
2015-06-17,11600.0,12250.0,11600.0,11900.0,153126.0
2015-06-18,12000.0,12300.0,11700.0,12050.0,101144.0
2015-06-19,12250.0,12950.0,12050.0,12600.0,232950.0
2015-06-22,12700.0,13300.0,12500.0,13200.0,250838.0
2015-06-23,12900.0,13650.0,12700.0,13500.0,231257.0
2015-06-24,13750.0,14600.0,13750.0,13950.0,293477.0
2015-06-25,13900.0,13950.0,13500.0,13800.0,119061.0
2015-06-26,13800.0,14400.0,13500.0,13650.0,172116.0
2015-06-29,13250.0,13750.0,13100.0,13450.0,93496.0
2015-06-30,13000.0,14550.0,12950.0,14350.0,171574.0
2015-07-01,14500.0,14600.0,13150.0,13300.0,402194.0
2015-07-02,13350.0,13350.0,12700.0,12900.0,253489.0
2015-07-03,13000.0,13300.0,12700.0,12800.0,160332.0
2015-07-06,12450.0,12900.0,12300.0,12650.0,143851.0
2015-07-07,12650.0,13150.0,11850.0,12000.0,261654.0
2015-07-08,12200.0,12450.0,11550.0,11900.0,125137.0
2015-07-09,11700.0,11950.0,10800.0,11950.0,169878.0
2015-07-10,12000.0,12300.0,11250.0,12150.0,181473.0
2015-07-13,12350.0,13000.0,12100.0,12900.0,155444.0
2015-07-14,13200.0,13550.0,12650.0,13550.0,189086.0
2015-07-15,13850.0,13950.0,13450.0,13950.0,151805.0
2015-07-16,13700.0,14250.0,13350.0,14100.0,122041.0
2015-07-17,14100.0,14500.0,13850.0,14100.0,150174.0
2015-07-20,14150.0,16800.0,13800.0,15650.0,575367.0
2015-07-21,15850.0,15850.0,14500.0,15000.0,284652.0
2015-07-22,14950.0,15350.0,14300.0,14450.0,162757.0
2015-07-23,14700.0,15000.0,14450.0,14600.0,86839.0
2015-07-24,14450.0,15600.0,14300.0,15250.0,152253.0
2015-07-27,15000.0,15600.0,14400.0,14600.0,213205.0
2015-07-28,14400.0,14450.0,13350.0,14000.0,233040.0
2015-07-29,14150.0,14600.0,13950.0,13950.0,100361.0
2015-07-30,14100.0,14400.0,13000.0,13400.0,94853.0
2015-07-31,13200.0,13750.0,12600.0,13300.0,154658.0
2015-08-03,13600.0,13700.0,12900.0,12900.0,55450.0
2015-08-04,13050.0,14050.0,12750.0,13950.0,121112.0
2015-08-05,14000.0,14150.0,13450.0,13850.0,88789.0
2015-08-06,13850.0,14150.0,13200.0,13350.0,138390.0
2015-08-07,13350.0,14000.0,13050.0,13950.0,99515.0
2015-08-10,14100.0,14100.0,13650.0,13700.0,44856.0
2015-08-11,13800.0,13900.0,12350.0,12400.0,147796.0
2015-08-12,12350.0,13050.0,11250.0,12600.0,199008.0
2015-08-13,12900.0,13100.0,12300.0,12700.0,65221.0
2015-08-17,12750.0,13450.0,12550.0,13050.0,119898.0
2015-08-18,13050.0,13100.0,12650.0,12800.0,45182.0
2015-08-19,12550.0,12700.0,11600.0,12500.0,84374.0
2015-08-20,12300.0,12600.0,11500.0,11500.0,65820.0
2015-08-21,10550.0,11550.0,10350.0,10800.0,251270.0
2015-08-24,10550.0,11200.0,10300.0,10450.0,97118.0
2015-08-25,10500.0,11150.0,10250.0,10950.0,85903.0
2015-08-26,11000.0,11750.0,10800.0,11750.0,77779.0
2015-08-27,12000.0,12050.0,11300.0,11600.0,71852.0
2015-08-28,11800.0,11900.0,11550.0,11800.0,48702.0
2015-08-31,11600.0,11800.0,11450.0,11450.0,28892.0
2015-09-01,11500.0,11550.0,11100.0,11100.0,47180.0
2015-09-02,10750.0,11000.0,10550.0,10750.0,144119.0
2015-09-03,10950.0,11150.0,10800.0,11000.0,53362.0
2015-09-04,11050.0,11350.0,10450.0,10600.0,92459.0
2015-09-07,10650.0,10750.0,10050.0,10250.0,68923.0
2015-09-08,10200.0,10300.0,9540.0,9640.0,98802.0
2015-09-09,9850.0,10450.0,9850.0,10100.0,90362.0
2015-09-10,9920.0,10250.0,9920.0,10250.0,36455.0
2015-09-11,10300.0,10400.0,9990.0,10350.0,54871.0
2015-09-14,10400.0,10500.0,10000.0,10450.0,66016.0
2015-09-15,10450.0,10650.0,10350.0,10400.0,33002.0
2015-09-16,10450.0,10900.0,10350.0,10700.0,35522.0
2015-09-17,10900.0,11400.0,10850.0,11050.0,64515.0
2015-09-18,11500.0,11550.0,11000.0,11050.0,42190.0
2015-09-21,10850.0,11250.0,10800.0,11050.0,32742.0
2015-09-22,11400.0,11450.0,11000.0,11050.0,32696.0
2015-09-23,11050.0,11050.0,10550.0,10700.0,35631.0
2015-09-24,10750.0,10850.0,10450.0,10650.0,44967.0
2015-09-25,10550.0,10850.0,10500.0,10850.0,21185.0
2015-09-30,10600.0,10950.0,10550.0,10800.0,12718.0
2015-10-01,10800.0,11100.0,10800.0,11050.0,25752.0
2015-10-02,11050.0,11200.0,10650.0,10700.0,23862.0
2015-10-05,10700.0,10900.0,10250.0,10400.0,42679.0
2015-10-06,10500.0,10700.0,10350.0,10700.0,37754.0
2015-10-07,10700.0,10700.0,10400.0,10450.0,29445.0
2015-10-08,10750.0,10850.0,10550.0,10850.0,63097.0
2015-10-12,10900.0,11100.0,10350.0,10350.0,83087.0
2015-10-13,10450.0,10500.0,10050.0,10250.0,59183.0
2015-10-14,10250.0,10250.0,10050.0,10150.0,39692.0
2015-10-15,10150.0,10400.0,10150.0,10300.0,67230.0
2015-10-16,10300.0,11050.0,10300.0,11000.0,94171.0
2015-10-19,11150.0,11150.0,10600.0,10950.0,38888.0
2015-10-20,10800.0,11100.0,10750.0,10900.0,18940.0
2015-10-21,10900.0,11150.0,10850.0,11150.0,22848.0
2015-10-22,11150.0,11150.0,10700.0,11000.0,34090.0
2015-10-23,11050.0,11100.0,10700.0,11000.0,29075.0
2015-10-26,11000.0,11000.0,10700.0,10950.0,28398.0
2015-10-27,10850.0,11200.0,10750.0,11100.0,35953.0
2015-10-28,10950.0,11150.0,10750.0,10850.0,35097.0
2015-10-29,10900.0,11050.0,10750.0,10950.0,18624.0
2015-10-30,11000.0,11000.0,10000.0,10200.0,142214.0
2015-11-02,10250.0,10250.0,10000.0,10150.0,33572.0
2015-11-03,10200.0,10250.0,10050.0,10200.0,14967.0
2015-11-04,10100.0,10600.0,10100.0,10350.0,20254.0
2015-11-05,10200.0,10550.0,10200.0,10500.0,18965.0
2015-11-06,10500.0,10650.0,10350.0,10600.0,35301.0
2015-11-09,10700.0,10750.0,10450.0,10650.0,36642.0
2015-11-10,10600.0,10850.0,10000.0,10150.0,54559.0
2015-11-11,10100.0,10300.0,9990.0,10100.0,35082.0
2015-11-12,10100.0,10300.0,10000.0,10100.0,17951.0
2015-11-13,10050.0,10150.0,9820.0,9910.0,31979.0
2015-11-16,9660.0,9700.0,9190.0,9460.0,66569.0
2015-11-17,9580.0,9770.0,9130.0,9160.0,35643.0
2015-11-18,9260.0,9380.0,8800.0,9120.0,44352.0
2015-11-19,9150.0,9190.0,8940.0,8990.0,17742.0
2015-11-20,9060.0,9270.0,9050.0,9240.0,38546.0
2015-11-23,9240.0,9240.0,8820.0,9010.0,36652.0
2015-11-24,9010.0,9060.0,8850.0,8970.0,12488.0
2015-11-25,8900.0,8970.0,8760.0,8850.0,33135.0
2015-11-26,8850.0,9140.0,8780.0,9050.0,16718.0
2015-11-27,9190.0,9190.0,9020.0,9120.0,17638.0
2015-11-30,9020.0,9190.0,8830.0,8910.0,19866.0
2015-12-01,8840.0,9000.0,8830.0,8910.0,7882.0
2015-12-02,8980.0,9010.0,8800.0,8890.0,24006.0
2015-12-03,8800.0,8890.0,8710.0,8780.0,15711.0
2015-12-04,8680.0,9030.0,8620.0,8930.0,18146.0
2015-12-07,8860.0,8890.0,8740.0,8780.0,12519.0
2015-12-08,8680.0,8860.0,8600.0,8600.0,13744.0
2015-12-09,8640.0,8730.0,8180.0,8180.0,38250.0
2015-12-10,8180.0,8250.0,7900.0,7950.0,54665.0
2015-12-11,7910.0,7990.0,7720.0,7770.0,51774.0
2015-12-14,7630.0,7940.0,7630.0,7830.0,21051.0
2015-12-15,7810.0,7950.0,7660.0,7840.0,17637.0
2015-12-16,7850.0,8030.0,7850.0,8010.0,11093.0
2015-12-17,8100.0,8330.0,8050.0,8260.0,23143.0
2015-12-18,8300.0,8400.0,8070.0,8400.0,12878.0
2015-12-21,8440.0,8750.0,8430.0,8750.0,23404.0
2015-12-22,8800.0,9090.0,8780.0,8820.0,39811.0
2015-12-23,8930.0,8930.0,8620.0,8900.0,18616.0
2015-12-24,8950.0,9300.0,8950.0,9200.0,33817.0
2015-12-28,9040.0,9290.0,9040.0,9240.0,12598.0
2015-12-29,9200.0,9200.0,8830.0,9000.0,14357.0
2015-12-30,8990.0,9000.0,8750.0,8760.0,24062.0
2016-01-04,8570.0,8750.0,8480.0,8610.0,17275.0
2016-01-05,8520.0,8640.0,8270.0,8290.0,14153.0
2016-01-06,8430.0,8450.0,8010.0,8110.0,18465.0
2016-01-07,8110.0,8250.0,7950.0,8090.0,19406.0
2016-01-08,8090.0,8460.0,8000.0,8460.0,23397.0
2016-01-11,8460.0,8460.0,8030.0,8110.0,31415.0
2016-01-12,8000.0,8110.0,7970.0,7970.0,26635.0
2016-01-13,8000.0,8390.0,8000.0,8370.0,28020.0
2016-01-14,8210.0,8300.0,8140.0,8270.0,22142.0
2016-01-15,8270.0,8530.0,8260.0,8470.0,28529.0
2016-01-18,8330.0,8530.0,8100.0,8240.0,18425.0
2016-01-19,8240.0,8240.0,7970.0,8120.0,30396.0
2016-01-20,8200.0,8200.0,7500.0,7670.0,42447.0
2016-01-21,7570.0,7750.0,7570.0,7740.0,19213.0
2016-01-22,7740.0,7880.0,7520.0,7520.0,31866.0
2016-01-25,7630.0,7740.0,7560.0,7640.0,28853.0
2016-01-26,7730.0,7740.0,7580.0,7620.0,10131.0
2016-01-27,7660.0,7760.0,7430.0,7430.0,25586.0
2016-01-28,7460.0,7730.0,7410.0,7730.0,10372.0
2016-01-29,7790.0,7810.0,7690.0,7770.0,10752.0
2016-02-01,7830.0,7850.0,7510.0,7650.0,15628.0
2016-02-02,7650.0,7720.0,7580.0,7720.0,8875.0
2016-02-03,7770.0,7800.0,7680.0,7700.0,21299.0
2016-02-04,7690.0,7800.0,7690.0,7730.0,11613.0
2016-02-05,7800.0,7820.0,7700.0,7800.0,11429.0
2016-02-11,7750.0,7800.0,7530.0,7540.0,26331.0
2016-02-12,7510.0,7510.0,6600.0,6980.0,113423.0
2016-02-15,6860.0,7030.0,6860.0,6980.0,34094.0
2016-02-16,7030.0,7100.0,6780.0,6840.0,45792.0
2016-02-17,6870.0,6880.0,6800.0,6860.0,20119.0
2016-02-18,6830.0,7000.0,6830.0,6920.0,30585.0
2016-02-19,7000.0,7100.0,6920.0,7050.0,20536.0
2016-02-22,7090.0,7130.0,7010.0,7110.0,19113.0
2016-02-23,7100.0,7500.0,7030.0,7500.0,44764.0
2016-02-24,7500.0,8480.0,7450.0,8190.0,153989.0
2016-02-25,8190.0,8450.0,8080.0,8370.0,77725.0
2016-02-26,8450.0,8450.0,8240.0,8370.0,31347.0
2016-02-29,8450.0,8450.0,8100.0,8210.0,26293.0
2016-03-02,8210.0,8380.0,8190.0,8380.0,10692.0
2016-03-03,8380.0,8450.0,8240.0,8380.0,10452.0
2016-03-04,8380.0,8380.0,8150.0,8260.0,25571.0
2016-03-07,8270.0,8290.0,8080.0,8090.0,15239.0
2016-03-08,8180.0,8250.0,8070.0,8200.0,21505.0
2016-03-09,8200.0,8240.0,8070.0,8080.0,8528.0
2016-03-10,8100.0,8140.0,8060.0,8100.0,3801.0
2016-03-11,8160.0,8160.0,7980.0,8060.0,16192.0
2016-03-14,8110.0,8490.0,8050.0,8480.0,37096.0
2016-03-15,8380.0,8520.0,8200.0,8330.0,31313.0
2016-03-16,8350.0,8440.0,8150.0,8200.0,25867.0
2016-03-17,8200.0,8240.0,8040.0,8050.0,43815.0
2016-03-18,8130.0,8130.0,7900.0,7970.0,40877.0
2016-03-21,7970.0,8090.0,7930.0,8030.0,6263.0
2016-03-22,8050.0,8050.0,7910.0,7930.0,14124.0
2016-03-23,7930.0,8000.0,7820.0,7870.0,16600.0
2016-03-24,7870.0,7940.0,7810.0,7890.0,4162.0
2016-03-25,7830.0,7930.0,7760.0,7870.0,9585.0
2016-03-28,7840.0,7940.0,7750.0,7790.0,9561.0
2016-03-29,7810.0,8030.0,7750.0,7790.0,34240.0
2016-03-30,7790.0,7860.0,7760.0,7810.0,14819.0
2016-03-31,7840.0,7930.0,7640.0,7700.0,46169.0
2016-04-01,7730.0,7780.0,7630.0,7640.0,21891.0
2016-04-04,7710.0,7800.0,7650.0,7760.0,7757.0
2016-04-05,7800.0,7820.0,7620.0,7690.0,46056.0
2016-04-06,7740.0,7740.0,7630.0,7660.0,15007.0
2016-04-07,7660.0,7750.0,7630.0,7630.0,18413.0
2016-04-08,7650.0,7680.0,7540.0,7670.0,21835.0
2016-04-11,7710.0,7910.0,7670.0,7800.0,18305.0
2016-04-12,7800.0,7840.0,7730.0,7800.0,11020.0
2016-04-14,7810.0,7880.0,7680.0,7690.0,15955.0
2016-04-15,7680.0,7790.0,7670.0,7760.0,15016.0
2016-04-18,7760.0,7780.0,7700.0,7780.0,11911.0
2016-04-19,7760.0,7910.0,7720.0,7900.0,30577.0
2016-04-20,7920.0,7970.0,7840.0,7950.0,25634.0
2016-04-21,8000.0,8480.0,7990.0,8220.0,156748.0
2016-04-22,8310.0,8310.0,8150.0,8270.0,35118.0
2016-04-25,8320.0,8320.0,8190.0,8210.0,34467.0
2016-04-26,8280.0,8280.0,8130.0,8140.0,29783.0
2016-04-27,8160.0,8230.0,8100.0,8150.0,20169.0
2016-04-28,8100.0,8220.0,8100.0,8170.0,12776.0
2016-04-29,8160.0,8220.0,8110.0,8190.0,23788.0
2016-05-02,8180.0,8210.0,7960.0,8000.0,25271.0
2016-05-03,8050.0,8080.0,7960.0,7970.0,21818.0
2016-05-04,7980.0,8080.0,7960.0,7970.0,11736.0
2016-05-09,8010.0,8060.0,7850.0,7900.0,18042.0
2016-05-10,7900.0,8060.0,7870.0,8020.0,23263.0
2016-05-11,8030.0,8420.0,8020.0,8420.0,71587.0
2016-05-12,8440.0,8680.0,8420.0,8540.0,57728.0
2016-05-13,8540.0,8540.0,8150.0,8200.0,62080.0
2016-05-16,8200.0,8260.0,8060.0,8120.0,33960.0
2016-05-17,8160.0,8200.0,7980.0,8000.0,29469.0
2016-05-18,8000.0,8000.0,7800.0,7840.0,32438.0
2016-05-19,7840.0,7900.0,7640.0,7670.0,38375.0
2016-05-20,7680.0,7790.0,7630.0,7660.0,23748.0
2016-05-23,7630.0,7730.0,7600.0,7710.0,31138.0
2016-05-24,7700.0,7700.0,7560.0,7590.0,21048.0
2016-05-25,7660.0,7690.0,7620.0,7690.0,12130.0
2016-05-26,7700.0,7720.0,7620.0,7710.0,10923.0
2016-05-27,7730.0,7780.0,7700.0,7750.0,16879.0
2016-05-30,7700.0,7740.0,7640.0,7700.0,15785.0
2016-05-31,7700.0,7750.0,7690.0,7690.0,8157.0
2016-06-01,7770.0,7800.0,7660.0,7730.0,10752.0
2016-06-02,7750.0,7770.0,7710.0,7730.0,10602.0
2016-06-03,7780.0,7820.0,7690.0,7790.0,19832.0
2016-06-07,7770.0,7840.0,7730.0,7800.0,13772.0
2016-06-08,7880.0,7880.0,7760.0,7820.0,13604.0
2016-06-09,7820.0,7930.0,7710.0,7900.0,42539.0
2016-06-10,7880.0,7990.0,7850.0,7910.0,17149.0
2016-06-13,7900.0,7960.0,7780.0,7800.0,26358.0
2016-06-14,7800.0,7840.0,7620.0,7660.0,37618.0
2016-06-15,7670.0,7720.0,7630.0,7710.0,17152.0
2016-06-16,7710.0,7770.0,7470.0,7530.0,29163.0
2016-06-17,7520.0,7650.0,7520.0,7600.0,15954.0
2016-06-20,7620.0,7660.0,7510.0,7550.0,16206.0
2016-06-21,7550.0,7590.0,7490.0,7560.0,21834.0
2016-06-22,7550.0,7550.0,7450.0,7500.0,34979.0
2016-06-23,7500.0,7510.0,7330.0,7350.0,40916.0
2016-06-24,7420.0,7420.0,7010.0,7060.0,44653.0
2016-06-27,7000.0,7150.0,6900.0,7150.0,26113.0
2016-06-28,7000.0,7160.0,7000.0,7160.0,19954.0
2016-06-29,7180.0,7360.0,7180.0,7320.0,16574.0
2016-06-30,7300.0,7390.0,7230.0,7390.0,17569.0
2016-07-01,7320.0,7510.0,7320.0,7410.0,31889.0
2016-07-04,7430.0,7470.0,7280.0,7330.0,31596.0
2016-07-05,7300.0,7360.0,7240.0,7280.0,17929.0
2016-07-06,7250.0,7290.0,7120.0,7160.0,35401.0
2016-07-07,7220.0,7270.0,7150.0,7260.0,21342.0
2016-07-08,7250.0,7260.0,7100.0,7180.0,44953.0
2016-07-11,7190.0,7200.0,7060.0,7090.0,29784.0
2016-07-12,7090.0,7160.0,7030.0,7120.0,31435.0
2016-07-13,7190.0,7220.0,7050.0,7130.0,79114.0
2016-07-14,7180.0,7180.0,6970.0,7110.0,83664.0
2016-07-15,7150.0,7160.0,7080.0,7140.0,23851.0
2016-07-18,7190.0,7260.0,7110.0,7230.0,30716.0
2016-07-19,7240.0,7400.0,7210.0,7300.0,76898.0
2016-07-20,7240.0,7320.0,7240.0,7290.0,16015.0
2016-07-21,7350.0,7350.0,7250.0,7280.0,14310.0
2016-07-22,7300.0,7300.0,7210.0,7300.0,20863.0
2016-07-25,7290.0,7760.0,7250.0,7760.0,110771.0
2016-07-26,7710.0,7930.0,7610.0,7850.0,108016.0
2016-07-27,7830.0,8150.0,7780.0,8090.0,126749.0
2016-07-28,8160.0,8160.0,7950.0,8040.0,60272.0
2016-07-29,7960.0,8120.0,7790.0,7970.0,77789.0
2016-08-01,7810.0,7890.0,7710.0,7780.0,43671.0
2016-08-02,7720.0,7920.0,7720.0,7800.0,16042.0
2016-08-03,7750.0,7910.0,7750.0,7810.0,11629.0
2016-08-04,7890.0,7890.0,7550.0,7670.0,59752.0
2016-08-05,7680.0,7740.0,7530.0,7740.0,27461.0
2016-08-08,7740.0,7840.0,7630.0,7840.0,26266.0
2016-08-09,7860.0,7990.0,7780.0,7820.0,46572.0
2016-08-10,7850.0,8250.0,7770.0,8090.0,82714.0
2016-08-11,8100.0,8150.0,8010.0,8090.0,27777.0
2016-08-12,8090.0,8200.0,7770.0,7840.0,82328.0
2016-08-16,7950.0,8250.0,7950.0,8210.0,148151.0
2016-08-17,8210.0,8210.0,8010.0,8070.0,49184.0
2016-08-18,8070.0,8160.0,7930.0,8000.0,49181.0
2016-08-19,7940.0,8050.0,7870.0,7910.0,39102.0
2016-08-22,7920.0,7940.0,7760.0,7820.0,33753.0
2016-08-23,7820.0,7890.0,7770.0,7790.0,50455.0
2016-08-24,7850.0,7900.0,7750.0,7830.0,37879.0
2016-08-25,7810.0,7870.0,7740.0,7800.0,32242.0
2016-08-26,7790.0,7840.0,7740.0,7810.0,21939.0
2016-08-29,7870.0,7890.0,7760.0,7810.0,74751.0
2016-08-30,7770.0,7920.0,7770.0,7850.0,37358.0
2016-08-31,7880.0,8190.0,7880.0,8180.0,135070.0
2016-09-01,8160.0,8180.0,8040.0,8110.0,39501.0
2016-09-02,8110.0,8330.0,8080.0,8330.0,56905.0
2016-09-05,8370.0,8670.0,8260.0,8670.0,150964.0
2016-09-06,8680.0,8700.0,8530.0,8640.0,88245.0
2016-09-07,8650.0,8680.0,8470.0,8550.0,60997.0
2016-09-08,8550.0,8570.0,8320.0,8400.0,38428.0
2016-09-09,8400.0,8470.0,8200.0,8440.0,26103.0
2016-09-12,8340.0,8340.0,8130.0,8150.0,66718.0
2016-09-13,8170.0,8370.0,8170.0,8230.0,33888.0
2016-09-19,8220.0,8450.0,8200.0,8450.0,25548.0
2016-09-20,8450.0,8450.0,8340.0,8400.0,28630.0
2016-09-21,8400.0,8460.0,7900.0,8400.0,36913.0
2016-09-22,8420.0,8550.0,8340.0,8430.0,25622.0
2016-09-23,8430.0,8580.0,8430.0,8520.0,28400.0
2016-09-26,8550.0,8550.0,8380.0,8450.0,24010.0
2016-09-27,8460.0,8480.0,8330.0,8460.0,11808.0
2016-09-28,8480.0,8480.0,8330.0,8380.0,26706.0
2016-09-29,8380.0,8470.0,8340.0,8420.0,23198.0
2016-09-30,8470.0,8470.0,8300.0,8350.0,23803.0
2016-10-04,8350.0,8400.0,8290.0,8310.0,15302.0
2016-10-05,8270.0,8420.0,8250.0,8350.0,25228.0
2016-10-06,8350.0,8350.0,8230.0,8300.0,19797.0
2016-10-07,8340.0,8340.0,8130.0,8220.0,21455.0
2016-10-10,8200.0,8270.0,8150.0,8220.0,8651.0
2016-10-11,8270.0,8270.0,8060.0,8160.0,30214.0
2016-10-12,8160.0,8200.0,8130.0,8170.0,15703.0
2016-10-13,8170.0,8170.0,8070.0,8170.0,12495.0
2016-10-14,8160.0,8290.0,8100.0,8260.0,18659.0
2016-10-17,8260.0,8290.0,8170.0,8230.0,12525.0
2016-10-18,8280.0,8280.0,8030.0,8220.0,44234.0
2016-10-19,8120.0,8180.0,8060.0,8130.0,12846.0
2016-10-20,8100.0,8120.0,7990.0,8020.0,27934.0
2016-10-21,7950.0,8100.0,7950.0,8000.0,17166.0
2016-10-24,7960.0,8130.0,7920.0,8120.0,38747.0
2016-10-25,8150.0,8150.0,7960.0,8060.0,23004.0
2016-10-26,8060.0,8060.0,7840.0,8000.0,23594.0
2016-10-27,7910.0,8100.0,7910.0,8050.0,15637.0
2016-10-28,8000.0,8070.0,7950.0,8000.0,23634.0
2016-10-31,7950.0,7990.0,7710.0,7770.0,39421.0
2016-11-01,7800.0,7840.0,7680.0,7810.0,20267.0
2016-11-02,7800.0,7800.0,7410.0,7510.0,52255.0
2016-11-03,7510.0,7600.0,7420.0,7450.0,46021.0
2016-11-04,7530.0,7560.0,7450.0,7500.0,18751.0
2016-11-07,7500.0,7790.0,7500.0,7670.0,8216.0
2016-11-08,7670.0,7720.0,7630.0,7650.0,17646.0
2016-11-09,7650.0,7660.0,7300.0,7450.0,45733.0
2016-11-10,7480.0,7790.0,7480.0,7740.0,24515.0
2016-11-11,7700.0,7770.0,7650.0,7730.0,3890.0
2016-11-14,7700.0,7700.0,7510.0,7630.0,17298.0
2016-11-15,7660.0,7700.0,7540.0,7670.0,52361.0
2016-11-16,7670.0,7690.0,7610.0,7680.0,17168.0
2016-11-17,7640.0,7780.0,7600.0,7780.0,19949.0
2016-11-18,7780.0,7900.0,7710.0,7860.0,20338.0
2016-11-21,7860.0,7860.0,7700.0,7800.0,13045.0
2016-11-22,7800.0,7860.0,7750.0,7860.0,14199.0
2016-11-23,7860.0,7870.0,7670.0,7850.0,19807.0
2016-11-24,7800.0,7860.0,7670.0,7730.0,15985.0
2016-11-25,7680.0,7770.0,7650.0,7720.0,5906.0
2016-11-28,7740.0,7740.0,7610.0,7680.0,11998.0
2016-11-29,7610.0,7780.0,7610.0,7770.0,14811.0
2016-11-30,7670.0,7790.0,7640.0,7780.0,9250.0
2016-12-01,7790.0,7800.0,7660.0,7730.0,12272.0
2016-12-02,7640.0,7710.0,7620.0,7710.0,14558.0
2016-12-05,7710.0,7710.0,7530.0,7640.0,23410.0
2016-12-06,7630.0,7680.0,7560.0,7640.0,20683.0
2016-12-07,7640.0,7660.0,7560.0,7640.0,6975.0
2016-12-08,7570.0,7700.0,7570.0,7700.0,17564.0
2016-12-09,7700.0,7720.0,7640.0,7700.0,7990.0
2016-12-12,7680.0,7770.0,7630.0,7700.0,19902.0
2016-12-13,7720.0,7720.0,7610.0,7690.0,17252.0
2016-12-14,7730.0,7740.0,7630.0,7700.0,12217.0
2016-12-15,7640.0,7830.0,7640.0,7820.0,17881.0
2016-12-16,7810.0,7860.0,7750.0,7860.0,15781.0
2016-12-19,7890.0,7910.0,7850.0,7870.0,11177.0
2016-12-20,7810.0,7950.0,7810.0,7950.0,14431.0
2016-12-21,7960.0,8010.0,7850.0,8000.0,17461.0
2016-12-22,8000.0,8030.0,7850.0,8000.0,21176.0
2016-12-23,8010.0,8010.0,7900.0,7990.0,13884.0
2016-12-26,7990.0,8040.0,7930.0,8000.0,14207.0
2016-12-27,8020.0,8030.0,7950.0,8030.0,16000.0
2016-12-28,7920.0,7950.0,7800.0,7830.0,25349.0
2016-12-29,7840.0,7920.0,7790.0,7900.0,16650.0
2017-01-02,7920.0,7960.0,7750.0,7850.0,12974.0
2017-01-03,7880.0,7890.0,7740.0,7790.0,13798.0
2017-01-04,7790.0,7790.0,7660.0,7730.0,21902.0
2017-01-05,7710.0,7770.0,7660.0,7720.0,14566.0
2017-01-06,7720.0,7800.0,7660.0,7790.0,21582.0
2017-01-09,7850.0,7850.0,7680.0,7770.0,15434.0
2017-01-10,7770.0,7800.0,7670.0,7780.0,41215.0
2017-01-11,7770.0,7770.0,7690.0,7750.0,21982.0
2017-01-12,7710.0,7750.0,7660.0,7740.0,21331.0
2017-01-13,7760.0,7760.0,7670.0,7720.0,19003.0
2017-01-16,7740.0,7740.0,7600.0,7640.0,27849.0
2017-01-17,7680.0,7680.0,7560.0,7650.0,12672.0
2017-01-18,7640.0,7650.0,7530.0,7630.0,22627.0
2017-01-19,7630.0,7660.0,7570.0,7640.0,14083.0
2017-01-20,7640.0,7640.0,7480.0,7570.0,41667.0
2017-01-23,7580.0,7580.0,7470.0,7530.0,15114.0
2017-01-24,7540.0,7560.0,7480.0,7560.0,15770.0
2017-01-25,7500.0,7600.0,7470.0,7470.0,14782.0
2017-01-26,7460.0,7540.0,7460.0,7500.0,18065.0
2017-01-31,7500.0,7550.0,7490.0,7540.0,9166.0
2017-02-01,7470.0,7640.0,7470.0,7610.0,19764.0
2017-02-02,7560.0,7710.0,7540.0,7680.0,14905.0
2017-02-03,7680.0,7700.0,7560.0,7610.0,11167.0
2017-02-06,7530.0,7650.0,7530.0,7640.0,6077.0
2017-02-07,7660.0,7660.0,7510.0,7600.0,6495.0
2017-02-08,7670.0,7700.0,7570.0,7600.0,34490.0
2017-02-09,7670.0,7670.0,7540.0,7610.0,8992.0
2017-02-10,7620.0,7620.0,7540.0,7610.0,9512.0
2017-02-13,7610.0,7670.0,7540.0,7570.0,8059.0
2017-02-14,7580.0,7600.0,7560.0,7570.0,3179.0
2017-02-15,7570.0,7710.0,7540.0,7690.0,18717.0
2017-02-16,7700.0,7700.0,7610.0,7620.0,3577.0
2017-02-17,7600.0,7690.0,7590.0,7660.0,10777.0
2017-02-20,7660.0,7700.0,7610.0,7670.0,6574.0
2017-02-21,7580.0,7680.0,7580.0,7630.0,19511.0
2017-02-22,7620.0,7660.0,7570.0,7630.0,12212.0
2017-02-23,7600.0,7690.0,7600.0,7670.0,5916.0
2017-02-24,7670.0,7730.0,7650.0,7670.0,22033.0
2017-02-27,7700.0,7730.0,7650.0,7670.0,8339.0
2017-02-28,7680.0,7690.0,7600.0,7640.0,12083.0
2017-03-02,7640.0,7670.0,7550.0,7630.0,16754.0
2017-03-03,7580.0,7670.0,7550.0,7600.0,24990.0
2017-03-06,7600.0,7670.0,7490.0,7660.0,27357.0
2017-03-07,7660.0,7760.0,7610.0,7750.0,30560.0
2017-03-08,7690.0,7800.0,7690.0,7780.0,15758.0
2017-03-09,7790.0,7890.0,7790.0,7870.0,33341.0
2017-03-10,7870.0,7910.0,7800.0,7880.0,23926.0
2017-03-13,7890.0,7910.0,7770.0,7860.0,21367.0
2017-03-14,7860.0,7860.0,7700.0,7800.0,31818.0
2017-03-15,7810.0,7820.0,7690.0,7820.0,21060.0
2017-03-16,7830.0,7950.0,7720.0,7870.0,28032.0
2017-03-17,7900.0,7990.0,7870.0,7900.0,39912.0
2017-03-20,7900.0,7930.0,7770.0,7800.0,31687.0
2017-03-21,7800.0,7900.0,7750.0,7800.0,24818.0
2017-03-22,7780.0,7870.0,7770.0,7790.0,34322.0
2017-03-23,7790.0,7840.0,7750.0,7780.0,10570.0
2017-03-24,7850.0,7880.0,7760.0,7860.0,37182.0
2017-03-27,7860.0,7920.0,7830.0,7870.0,35276.0
2017-03-28,7920.0,7920.0,7750.0,7850.0,26902.0
2017-03-29,7860.0,7870.0,7800.0,7810.0,28714.0
2017-03-30,7810.0,7860.0,7740.0,7830.0,18118.0
2017-03-31,7840.0,7850.0,7770.0,7780.0,14376.0
2017-04-03,7780.0,7860.0,7770.0,7810.0,21174.0
2017-04-04,7800.0,7860.0,7790.0,7850.0,17820.0
2017-04-05,7860.0,7860.0,7800.0,7850.0,14121.0
2017-04-06,7850.0,7880.0,7820.0,7850.0,20720.0
2017-04-07,7850.0,7910.0,7830.0,7850.0,20260.0
2017-04-10,7850.0,7880.0,7710.0,7820.0,31856.0
2017-04-11,7840.0,7840.0,7740.0,7810.0,10701.0
2017-04-12,7850.0,7850.0,7780.0,7790.0,5821.0
2017-04-13,7850.0,7850.0,7790.0,7850.0,11455.0
2017-04-14,7880.0,7930.0,7830.0,7900.0,29444.0
2017-04-17,7900.0,7930.0,7860.0,7920.0,19358.0
2017-04-18,7920.0,7940.0,7840.0,7910.0,17888.0
2017-04-19,7910.0,7930.0,7870.0,7890.0,21868.0
2017-04-20,7900.0,7920.0,7870.0,7880.0,17180.0
2017-04-21,7890.0,7900.0,7850.0,7880.0,10505.0
2017-04-24,7900.0,7900.0,7850.0,7890.0,19874.0
2017-04-25,7890.0,7910.0,7860.0,7900.0,13841.0
2017-04-26,7900.0,7950.0,7870.0,7900.0,15554.0
2017-04-27,7920.0,7940.0,7850.0,7890.0,15616.0
2017-04-28,7880.0,7900.0,7760.0,7840.0,37228.0
2017-05-02,7840.0,7900.0,7800.0,7850.0,23557.0
2017-05-04,7890.0,7910.0,7860.0,7890.0,18052.0
2017-05-08,7880.0,7950.0,7850.0,7930.0,25695.0
2017-05-10,7910.0,7920.0,7870.0,7900.0,39410.0
2017-05-11,7900.0,7900.0,7680.0,7800.0,144024.0
2017-05-12,7800.0,7820.0,7780.0,7820.0,15854.0
2017-05-15,7820.0,7840.0,7750.0,7830.0,25644.0
2017-05-16,7830.0,7870.0,7800.0,7870.0,32279.0
2017-05-17,7880.0,7900.0,7840.0,7900.0,19066.0
2017-05-18,7890.0,7900.0,7820.0,7890.0,28239.0
2017-05-19,7900.0,7900.0,7850.0,7900.0,25160.0
2017-05-22,7900.0,7950.0,7890.0,7940.0,32290.0
2017-05-23,7960.0,8020.0,7910.0,7970.0,52884.0
2017-05-24,7990.0,8050.0,7950.0,7990.0,30671.0
2017-05-25,8000.0,8050.0,7990.0,8040.0,28667.0
2017-05-26,8020.0,8050.0,7980.0,8010.0,24855.0
2017-05-29,8010.0,8050.0,7960.0,8020.0,40292.0
2017-05-30,8000.0,8050.0,7980.0,8040.0,29771.0
2017-05-31,8060.0,8200.0,8020.0,8190.0,48463.0
2017-06-01,8180.0,8210.0,8090.0,8160.0,15261.0
2017-06-02,8160.0,8190.0,8100.0,8160.0,18058.0
2017-06-05,8170.0,8290.0,8170.0,8270.0,36542.0
2017-06-07,8270.0,8310.0,8240.0,8290.0,22740.0
2017-06-08,8290.0,8290.0,8190.0,8230.0,18763.0
2017-06-09,8230.0,8280.0,8210.0,8270.0,26015.0
2017-06-12,8290.0,8290.0,8210.0,8270.0,22694.0
2017-06-13,8270.0,8310.0,8220.0,8280.0,13960.0
2017-06-14,8280.0,8290.0,8230.0,8270.0,24318.0
2017-06-15,8290.0,8310.0,8150.0,8190.0,30979.0
2017-06-16,8200.0,8200.0,8130.0,8200.0,22715.0
2017-06-19,8200.0,8300.0,8160.0,8280.0,38453.0
2017-06-20,8270.0,8280.0,8130.0,8260.0,19631.0
2017-06-21,8260.0,8260.0,8120.0,8120.0,22924.0
2017-06-22,8240.0,8240.0,8060.0,8110.0,32267.0
2017-06-23,8090.0,8210.0,8050.0,8120.0,14679.0
2017-06-26,8150.0,8150.0,7990.0,8130.0,8707.0
2017-06-27,8150.0,8150.0,8090.0,8130.0,18428.0
2017-06-28,8130.0,8150.0,8100.0,8130.0,11749.0
2017-06-29,8150.0,8150.0,8070.0,8150.0,13301.0
2017-06-30,8150.0,8200.0,8080.0,8190.0,13650.0
2017-07-03,8190.0,8200.0,8120.0,8190.0,13157.0
2017-07-04,8190.0,8200.0,8090.0,8120.0,15599.0
2017-07-05,8110.0,8110.0,8010.0,8010.0,29282.0
2017-07-06,8030.0,8080.0,8000.0,8070.0,12228.0
2017-07-07,8080.0,8080.0,7900.0,7960.0,29927.0
2017-07-10,7960.0,8010.0,7920.0,7980.0,35648.0
2017-07-11,8030.0,8030.0,7930.0,8000.0,14808.0
2017-07-12,8030.0,8060.0,7990.0,8060.0,10747.0
2017-07-13,8010.0,8080.0,7990.0,8080.0,7900.0
2017-07-14,8090.0,8110.0,7980.0,8070.0,14748.0
2017-07-17,8000.0,8090.0,7950.0,8090.0,31904.0
2017-07-18,8050.0,8090.0,7990.0,8050.0,8685.0
2017-07-19,8050.0,8100.0,7990.0,8090.0,16085.0
2017-07-20,8050.0,8120.0,8050.0,8120.0,12159.0
2017-07-21,8060.0,8170.0,8050.0,8160.0,9899.0
2017-07-24,8150.0,8180.0,8070.0,8170.0,29788.0
2017-07-25,8110.0,8180.0,8110.0,8170.0,14380.0
2017-07-26,8180.0,8190.0,8100.0,8120.0,22467.0
2017-07-27,8120.0,8180.0,8110.0,8150.0,9079.0
2017-07-28,8170.0,8180.0,8100.0,8100.0,19385.0
2017-07-31,8090.0,8100.0,8050.0,8050.0,13977.0
2017-08-01,8000.0,8090.0,8000.0,8050.0,9202.0
2017-08-02,8050.0,8080.0,8000.0,8060.0,9348.0
2017-08-03,8020.0,8060.0,7970.0,8040.0,22040.0
2017-08-04,8050.0,8060.0,7950.0,7990.0,34743.0
2017-08-07,8040.0,8060.0,7970.0,8000.0,8287.0
2017-08-08,8050.0,8050.0,7980.0,8040.0,11817.0
2017-08-09,8060.0,8060.0,7960.0,8040.0,17768.0
2017-08-10,7990.0,8020.0,7950.0,7970.0,12982.0
2017-08-11,7950.0,8000.0,7840.0,7840.0,33420.0
2017-08-14,7840.0,7870.0,7830.0,7830.0,21514.0
2017-08-16,7900.0,7970.0,7840.0,7940.0,11699.0
2017-08-17,7930.0,7960.0,7900.0,7950.0,14921.0
2017-08-18,7940.0,7970.0,7880.0,7950.0,5711.0
2017-08-21,7800.0,7850.0,7200.0,7200.0,262472.0
2017-08-22,7130.0,7140.0,6970.0,7110.0,112958.0
2017-08-23,7180.0,7260.0,7110.0,7130.0,66221.0
2017-08-24,7150.0,7260.0,7130.0,7200.0,41272.0
2017-08-25,7170.0,7230.0,7160.0,7200.0,31061.0
2017-08-28,7200.0,7270.0,7190.0,7260.0,28388.0
2017-08-29,7260.0,7260.0,7160.0,7160.0,33119.0
2017-08-30,7180.0,7210.0,7150.0,7180.0,23969.0
2017-08-31,7180.0,7190.0,7130.0,7150.0,37998.0
2017-09-01,7150.0,7200.0,7110.0,7160.0,40035.0
2017-09-04,7120.0,7140.0,7000.0,7020.0,44048.0
2017-09-05,7070.0,7070.0,6970.0,7010.0,32202.0
2017-09-06,7000.0,7050.0,6950.0,7010.0,24761.0
2017-09-07,6970.0,7130.0,6970.0,7110.0,14799.0
2017-09-08,7110.0,7120.0,7030.0,7090.0,10029.0
2017-09-11,7100.0,7130.0,7030.0,7050.0,11479.0
2017-09-12,7010.0,7100.0,7010.0,7060.0,12296.0
2017-09-13,7060.0,7110.0,6990.0,7060.0,15748.0
2017-09-14,7090.0,7090.0,7000.0,7040.0,14890.0
2017-09-15,7000.0,7160.0,6970.0,7020.0,25534.0
2017-09-18,7080.0,7080.0,6980.0,7010.0,29887.0
2017-09-19,6970.0,7010.0,6960.0,6990.0,20748.0
2017-09-20,6990.0,6990.0,6910.0,6920.0,15070.0
2017-09-21,6920.0,7000.0,6770.0,6840.0,27229.0
2017-09-22,6810.0,6840.0,6600.0,6600.0,30758.0
2017-09-25,6600.0,6610.0,6350.0,6470.0,31777.0
2017-09-26,6460.0,6480.0,6300.0,6470.0,50068.0
2017-09-27,6420.0,6630.0,6420.0,6580.0,7311.0
2017-09-28,6560.0,6630.0,6450.0,6610.0,3102.0
2017-09-29,6560.0,6670.0,6560.0,6670.0,3344.0
2017-10-10,6670.0,6720.0,6570.0,6590.0,11542.0
2017-10-11,6590.0,6640.0,6590.0,6640.0,8148.0
2017-10-12,6630.0,6790.0,6610.0,6700.0,11818.0
2017-10-13,6700.0,6760.0,6520.0,6690.0,19306.0
2017-10-16,6660.0,6660.0,6500.0,6500.0,40628.0
2017-10-17,6550.0,6560.0,6520.0,6540.0,12472.0
2017-10-18,6540.0,6600.0,6440.0,6570.0,16568.0
2017-10-19,6470.0,6610.0,6470.0,6540.0,5239.0
2017-10-20,6510.0,6610.0,6480.0,6550.0,8818.0
2017-10-23,6600.0,6640.0,6530.0,6550.0,3125.0
2017-10-24,6620.0,6650.0,6490.0,6580.0,14390.0
2017-10-25,6630.0,6630.0,6540.0,6600.0,13804.0
2017-10-26,6580.0,6660.0,6580.0,6650.0,11083.0
2017-10-27,6650.0,6720.0,6640.0,6680.0,10499.0
2017-10-30,6720.0,6730.0,6680.0,6720.0,13002.0
2017-10-31,6600.0,6650.0,6200.0,6350.0,160065.0
2017-11-01,6340.0,6370.0,6250.0,6340.0,35021.0
2017-11-02,6340.0,6370.0,6320.0,6330.0,18240.0
2017-11-03,6360.0,6420.0,6330.0,6360.0,17616.0
2017-11-06,6360.0,6380.0,6240.0,6330.0,29268.0
2017-11-07,6320.0,6320.0,6250.0,6300.0,10206.0
2017-11-08,6300.0,6300.0,6240.0,6300.0,16275.0
2017-11-09,6290.0,6330.0,6280.0,6320.0,12308.0
2017-11-10,6330.0,6400.0,6180.0,6180.0,89388.0
2017-11-13,6120.0,6180.0,6000.0,6070.0,48296.0
2017-11-14,6100.0,6140.0,5990.0,6040.0,125273.0
2017-11-15,6080.0,6110.0,5940.0,5980.0,71801.0
2017-11-16,5970.0,6110.0,5890.0,5960.0,97792.0
2017-11-17,5930.0,5990.0,5910.0,5980.0,85638.0
2017-11-20,5980.0,6180.0,5970.0,6180.0,57173.0
2017-11-21,6200.0,6270.0,6180.0,6210.0,40485.0
2017-11-22,6210.0,6220.0,6090.0,6100.0,29085.0
2017-11-23,6140.0,6170.0,6050.0,6150.0,27732.0
2017-11-24,6190.0,6190.0,6130.0,6160.0,23384.0
2017-11-27,6160.0,6260.0,6150.0,6230.0,15363.0
2017-11-28,6280.0,6280.0,6200.0,6220.0,13734.0
2017-11-29,6250.0,6480.0,6230.0,6450.0,116421.0
2017-11-30,6480.0,6540.0,6400.0,6460.0,66685.0
2017-12-01,6490.0,6510.0,6430.0,6430.0,42474.0
2017-12-04,6430.0,6470.0,6420.0,6430.0,26937.0
2017-12-05,6440.0,6580.0,6410.0,6540.0,48189.0
2017-12-06,6540.0,6700.0,6540.0,6650.0,60284.0
2017-12-07,6720.0,6730.0,6600.0,6690.0,59656.0
2017-12-08,6690.0,6800.0,6680.0,6690.0,37909.0
2017-12-11,6740.0,6740.0,6560.0,6560.0,30544.0
2017-12-12,6560.0,6670.0,6530.0,6530.0,23820.0
2017-12-13,6650.0,6650.0,6430.0,6480.0,20603.0
2017-12-14,6480.0,6540.0,6400.0,6530.0,13705.0
2017-12-15,6540.0,6560.0,6460.0,6500.0,15137.0
2017-12-18,6500.0,6580.0,6460.0,6520.0,15124.0
2017-12-19,6510.0,6520.0,6430.0,6490.0,3894.0
2017-12-20,6550.0,6550.0,6330.0,6340.0,13651.0
2017-12-21,6480.0,6480.0,6360.0,6430.0,8061.0
2017-12-22,6430.0,6480.0,6380.0,6430.0,22616.0
2017-12-26,6590.0,6590.0,6450.0,6530.0,19480.0
2017-12-27,6500.0,6500.0,6360.0,6400.0,22764.0
2017-12-28,6390.0,6390.0,6290.0,6340.0,8218.0
2018-01-02,6320.0,6360.0,6200.0,6220.0,13712.0
2018-01-03,6260.0,6260.0,6100.0,6160.0,14417.0
2018-01-04,6130.0,6130.0,6030.0,6030.0,27462.0
2018-01-05,6030.0,6110.0,6020.0,6090.0,19660.0
2018-01-08,6090.0,6120.0,6000.0,6090.0,21720.0
2018-01-09,6090.0,6150.0,6050.0,6110.0,17825.0
2018-01-10,6080.0,6140.0,5950.0,6040.0,47467.0
2018-01-11,6050.0,6110.0,6000.0,6100.0,8948.0
2018-01-12,6100.0,6110.0,6030.0,6040.0,11590.0
2018-01-15,6040.0,6110.0,6010.0,6020.0,21908.0
2018-01-16,6030.0,6070.0,5990.0,6060.0,18768.0
2018-01-17,6080.0,6080.0,5980.0,6030.0,13226.0
2018-01-18,6040.0,6210.0,6030.0,6200.0,23728.0
2018-01-19,6230.0,6290.0,6200.0,6280.0,15888.0
2018-01-22,6280.0,6290.0,6180.0,6270.0,9812.0
2018-01-23,6280.0,6390.0,6270.0,6390.0,18897.0
2018-01-24,6400.0,6420.0,6340.0,6400.0,6766.0
2018-01-25,6440.0,6550.0,6380.0,6530.0,25028.0
2018-01-26,6530.0,6610.0,6450.0,6560.0,18536.0
2018-01-29,6560.0,6620.0,6520.0,6600.0,18846.0
2018-01-30,6600.0,6600.0,6480.0,6530.0,14052.0
2018-01-31,6520.0,6540.0,6450.0,6510.0,15217.0
2018-02-01,6430.0,6550.0,6420.0,6540.0,18211.0
2018-02-02,6570.0,6570.0,6480.0,6540.0,12014.0
2018-02-05,6500.0,6530.0,6400.0,6460.0,24345.0
2018-02-06,6390.0,6450.0,6250.0,6350.0,24370.0
2018-02-07,6380.0,6410.0,6310.0,6310.0,11410.0
2018-02-08,6340.0,6340.0,6280.0,6310.0,12540.0
2018-02-09,6280.0,6350.0,6240.0,6350.0,10658.0
2018-02-12,6260.0,6410.0,6260.0,6340.0,6052.0
2018-02-13,6360.0,6410.0,6250.0,6350.0,11082.0
2018-02-14,6350.0,6400.0,6280.0,6280.0,2778.0
2018-02-19,6330.0,6330.0,6260.0,6310.0,7610.0
2018-02-20,6310.0,6340.0,6180.0,6240.0,9934.0
2018-02-21,6210.0,6300.0,6210.0,6300.0,13211.0
2018-02-22,6330.0,6400.0,6260.0,6390.0,18490.0
2018-02-23,6390.0,6430.0,6340.0,6360.0,2742.0
2018-02-26,6350.0,6460.0,6330.0,6440.0,6520.0
2018-02-27,6480.0,6480.0,6340.0,6370.0,7120.0
2018-02-28,6280.0,6450.0,6260.0,6430.0,10090.0
2018-03-02,6430.0,6520.0,6310.0,6510.0,17302.0
2018-03-05,6510.0,6560.0,6460.0,6530.0,57116.0
2018-03-06,6590.0,6690.0,6460.0,6630.0,46386.0
2018-03-07,6680.0,6680.0,6470.0,6500.0,18392.0
2018-03-08,6500.0,6680.0,6460.0,6520.0,15176.0
2018-03-09,6540.0,6680.0,6520.0,6580.0,11300.0
2018-03-12,6580.0,6750.0,6580.0,6750.0,25288.0
2018-03-13,6780.0,6850.0,6700.0,6850.0,26699.0
2018-03-14,6870.0,6880.0,6660.0,6680.0,15506.0
2018-03-15,6620.0,6760.0,6620.0,6740.0,30693.0
2018-03-16,6770.0,6790.0,6640.0,6720.0,5912.0
2018-03-19,6730.0,6790.0,6650.0,6680.0,18988.0
2018-03-20,6720.0,6800.0,6560.0,6690.0,27807.0
2018-03-21,6670.0,6720.0,6640.0,6650.0,4649.0
2018-03-22,6720.0,6720.0,6580.0,6590.0,8272.0
2018-03-23,6590.0,6700.0,6410.0,6410.0,20306.0
2018-03-26,6350.0,6580.0,6350.0,6550.0,16323.0
2018-03-27,6500.0,6630.0,6500.0,6630.0,9440.0
2018-03-28,6630.0,6630.0,6470.0,6490.0,12421.0
2018-03-29,6490.0,6530.0,6460.0,6490.0,7733.0
2018-03-30,6580.0,6610.0,6500.0,6590.0,5686.0
2018-04-02,6590.0,6600.0,6520.0,6580.0,16920.0
2018-04-03,6570.0,6640.0,6510.0,6600.0,6080.0
2018-04-04,6600.0,6610.0,6520.0,6590.0,4785.0
2018-04-05,6650.0,6710.0,6520.0,6700.0,43751.0
2018-04-06,6720.0,6730.0,6650.0,6680.0,8540.0
2018-04-09,6620.0,6730.0,6610.0,6670.0,13777.0
2018-04-10,6670.0,6680.0,6550.0,6670.0,9030.0
2018-04-11,6670.0,6670.0,6600.0,6620.0,4240.0
2018-04-12,6600.0,6690.0,6550.0,6670.0,8198.0
2018-04-13,6670.0,6750.0,6610.0,6720.0,20652.0
2018-04-16,6720.0,6740.0,6650.0,6680.0,5163.0
2018-04-17,6610.0,6710.0,6610.0,6650.0,5262.0
2018-04-18,6770.0,6770.0,6640.0,6670.0,17899.0
2018-04-19,6670.0,6710.0,6640.0,6690.0,17817.0
2018-04-20,6690.0,6770.0,6660.0,6740.0,35173.0
2018-04-23,6740.0,6800.0,6700.0,6800.0,20287.0
2018-04-24,6800.0,6920.0,6750.0,6890.0,23845.0
2018-04-25,6930.0,6930.0,6620.0,6620.0,23568.0
2018-04-26,6630.0,6760.0,6620.0,6650.0,28512.0
2018-04-27,6650.0,6670.0,6600.0,6630.0,14485.0
2018-04-30,6610.0,6670.0,6590.0,6640.0,17651.0
2018-05-02,6690.0,6710.0,6620.0,6700.0,25440.0
2018-05-03,6640.0,6730.0,6640.0,6710.0,16324.0
2018-05-04,6710.0,6770.0,6670.0,6710.0,9754.0
2018-05-08,6700.0,6770.0,6690.0,6720.0,9798.0
2018-05-09,6720.0,6720.0,6650.0,6710.0,7515.0
2018-05-10,6750.0,6750.0,6650.0,6690.0,11723.0
2018-05-11,6740.0,6760.0,6690.0,6740.0,18234.0
2018-05-14,6740.0,6850.0,6740.0,6830.0,29431.0
2018-05-15,6830.0,6910.0,6820.0,6820.0,20808.0
2018-05-16,6790.0,6820.0,6050.0,6110.0,185260.0
2018-05-17,6130.0,6200.0,6050.0,6130.0,35563.0
2018-05-18,6130.0,6200.0,6120.0,6160.0,13375.0
2018-05-21,6160.0,6230.0,6120.0,6170.0,10133.0
2018-05-23,6170.0,6340.0,6140.0,6200.0,14372.0
2018-05-24,6240.0,6290.0,6110.0,6200.0,18457.0
2018-05-25,6180.0,6230.0,6060.0,6120.0,16583.0
2018-05-28,6150.0,6230.0,6070.0,6180.0,8244.0
2018-05-29,6400.0,6400.0,6150.0,6170.0,7765.0
2018-05-30,6210.0,6210.0,6100.0,6150.0,8792.0
2018-05-31,6190.0,6200.0,6070.0,6190.0,5859.0
2018-06-01,6180.0,6190.0,6040.0,6110.0,10402.0
2018-06-04,6110.0,6170.0,6070.0,6160.0,7060.0
2018-06-05,6170.0,6170.0,6100.0,6160.0,3698.0
2018-06-07,6150.0,6160.0,6100.0,6130.0,4832.0
2018-06-08,6170.0,6170.0,6090.0,6150.0,9229.0
2018-06-11,6150.0,6160.0,6100.0,6140.0,6965.0
2018-06-12,6130.0,6130.0,6050.0,6130.0,11677.0
2018-06-14,6060.0,6110.0,6010.0,6090.0,10794.0
2018-06-15,6100.0,6100.0,6040.0,6060.0,5342.0
2018-06-18,6020.0,6020.0,5860.0,5900.0,23548.0
2018-06-19,5900.0,6020.0,5870.0,5890.0,7460.0
2018-06-20,5940.0,5950.0,5800.0,5890.0,21025.0
2018-06-21,5950.0,5950.0,5760.0,5770.0,10945.0
2018-06-22,5820.0,5820.0,5690.0,5750.0,14414.0
2018-06-25,5800.0,5950.0,5730.0,5950.0,11040.0
2018-06-26,5960.0,5960.0,5810.0,5880.0,6102.0
2018-06-27,5970.0,5970.0,5840.0,5880.0,4645.0
2018-06-28,5970.0,5970.0,5790.0,5860.0,4117.0
2018-06-29,5860.0,5910.0,5620.0,5660.0,20531.0
2018-07-02,5660.0,5660.0,5360.0,5420.0,23882.0
2018-07-03,5420.0,5460.0,5190.0,5280.0,19109.0
2018-07-04,5240.0,5310.0,5210.0,5310.0,6851.0
2018-07-05,5310.0,5350.0,5220.0,5290.0,1972.0
2018-07-06,5290.0,5300.0,5200.0,5280.0,8271.0
2018-07-09,5280.0,5350.0,5260.0,5340.0,8316.0
2018-07-10,5340.0,5480.0,5340.0,5420.0,8817.0
2018-07-11,5420.0,5490.0,5320.0,5370.0,4897.0
2018-07-12,5370.0,5550.0,5360.0,5480.0,2547.0
2018-07-13,5540.0,5540.0,5470.0,5480.0,3104.0
2018-07-16,5480.0,5590.0,5410.0,5520.0,2833.0
2018-07-17,5520.0,5590.0,5420.0,5430.0,4601.0
2018-07-18,5430.0,5470.0,5370.0,5370.0,1917.0
2018-07-19,5370.0,5370.0,5300.0,5350.0,2393.0
2018-07-20,5370.0,5450.0,5310.0,5320.0,1882.0
2018-07-23,5320.0,5320.0,5290.0,5290.0,4142.0
2018-07-24,5320.0,5320.0,5250.0,5310.0,2910.0
2018-07-25,5250.0,5340.0,5170.0,5250.0,9533.0
2018-07-26,5290.0,5290.0,5230.0,5230.0,1826.0
2018-07-27,5260.0,5260.0,5200.0,5210.0,1769.0
2018-07-30,5180.0,5280.0,5170.0,5250.0,2908.0
2018-07-31,5300.0,5300.0,5230.0,5280.0,2163.0
2018-08-01,5270.0,5310.0,5230.0,5270.0,2887.0
2018-08-02,5300.0,5300.0,5230.0,5230.0,3692.0
2018-08-03,5270.0,5270.0,5190.0,5210.0,7801.0
2018-08-06,5210.0,5300.0,5170.0,5230.0,13358.0
2018-08-07,5240.0,5450.0,5240.0,5340.0,14021.0
2018-08-08,5330.0,5380.0,5300.0,5370.0,3110.0
2018-08-09,5370.0,5420.0,5330.0,5400.0,4222.0
2018-08-10,5390.0,5420.0,5380.0,5410.0,6066.0
2018-08-13,5400.0,5430.0,5340.0,5370.0,8664.0
2018-08-14,5280.0,5510.0,5280.0,5430.0,7638.0
2018-08-16,5420.0,5420.0,5350.0,5400.0,7294.0
2018-08-17,5390.0,5420.0,5370.0,5420.0,4292.0
2018-08-20,5410.0,5460.0,5280.0,5420.0,3954.0
2018-08-21,5420.0,5450.0,5380.0,5450.0,2881.0
2018-08-22,5460.0,5460.0,5390.0,5400.0,2925.0
2018-08-23,5470.0,5470.0,5350.0,5380.0,6533.0
2018-08-24,5460.0,5460.0,5360.0,5370.0,2983.0
2018-08-27,5350.0,5390.0,5340.0,5390.0,2583.0
2018-08-28,5320.0,5400.0,5320.0,5390.0,2314.0
2018-08-29,5350.0,5380.0,5320.0,5330.0,2056.0
2018-08-30,5350.0,5350.0,5310.0,5340.0,4809.0
2018-08-31,5340.0,5400.0,5330.0,5400.0,2171.0
2018-09-03,5470.0,5470.0,5360.0,5390.0,1807.0
2018-09-04,5410.0,5450.0,5360.0,5390.0,5813.0
2018-09-05,5600.0,6740.0,5600.0,6000.0,679390.0
2018-09-06,6050.0,6060.0,5850.0,5850.0,59025.0
2018-09-07,5840.0,5840.0,5690.0,5740.0,39330.0
2018-09-10,5700.0,5900.0,5700.0,5760.0,33731.0
2018-09-11,5760.0,5880.0,5740.0,5880.0,16092.0
2018-09-12,5870.0,6120.0,5810.0,6000.0,42881.0
2018-09-13,5990.0,6110.0,5890.0,5900.0,19692.0
2018-09-14,5900.0,6100.0,5900.0,5960.0,12825.0
2018-09-17,6010.0,6010.0,5850.0,5970.0,10480.0
2018-09-18,5970.0,5980.0,5880.0,5980.0,17693.0
2018-09-19,6000.0,6000.0,5850.0,5940.0,6390.0
2018-09-20,5930.0,5980.0,5850.0,5950.0,11564.0
2018-09-21,5940.0,6030.0,5850.0,5980.0,11805.0
2018-09-27,5960.0,5990.0,5860.0,5980.0,7094.0
2018-09-28,5890.0,6000.0,5890.0,5980.0,5737.0
2018-10-01,5990.0,5990.0,5860.0,5900.0,5938.0
2018-10-02,5850.0,6000.0,5850.0,5890.0,8167.0
2018-10-04,5890.0,6000.0,5850.0,5930.0,13631.0
2018-10-05,5910.0,5950.0,5860.0,5900.0,2010.0
2018-10-08,5860.0,5910.0,5850.0,5860.0,3066.0
2018-10-10,5830.0,5950.0,5730.0,5790.0,14718.0
2018-10-11,5710.0,5770.0,5580.0,5600.0,13669.0
2018-10-12,5590.0,5730.0,5590.0,5690.0,4118.0
2018-10-15,5560.0,5690.0,5560.0,5580.0,8578.0
2018-10-16,5580.0,5700.0,5580.0,5610.0,7545.0
2018-10-17,5750.0,5750.0,5610.0,5670.0,4560.0
2018-10-18,5780.0,5780.0,5590.0,5720.0,3184.0
2018-10-19,5810.0,5820.0,5550.0,5600.0,1071.0
2018-10-22,5600.0,5740.0,5530.0,5660.0,2130.0
2018-10-23,5660.0,5680.0,5500.0,5500.0,5712.0
2018-10-24,5500.0,5690.0,5480.0,5480.0,5099.0
2018-10-25,5420.0,5530.0,5340.0,5470.0,6065.0
2018-10-26,5310.0,5520.0,5310.0,5400.0,5884.0
2018-10-29,5400.0,5600.0,4800.0,4800.0,27497.0
2018-10-30,4505.0,4925.0,4505.0,4895.0,13850.0
2018-10-31,4895.0,5050.0,4895.0,4990.0,2271.0
2018-11-01,5110.0,5190.0,5030.0,5140.0,5576.0
2018-11-02,5140.0,5280.0,5090.0,5280.0,1827.0
2018-11-05,5290.0,5360.0,5220.0,5360.0,1111.0
2018-11-06,5350.0,5360.0,5280.0,5300.0,1920.0
2018-11-07,5300.0,5310.0,5210.0,5250.0,3258.0
2018-11-08,5220.0,5360.0,5210.0,5280.0,6957.0
2018-11-09,5230.0,5360.0,5230.0,5300.0,11527.0
2018-11-12,5230.0,5370.0,5210.0,5310.0,8687.0
2018-11-13,5370.0,6310.0,5330.0,5670.0,424814.0
2018-11-14,5670.0,5700.0,5490.0,5590.0,40464.0
2018-11-15,5590.0,5590.0,5320.0,5480.0,23105.0
2018-11-16,5350.0,5480.0,5350.0,5450.0,12086.0
2018-11-19,5390.0,5490.0,5300.0,5380.0,11080.0
2018-11-20,5390.0,5390.0,5310.0,5330.0,10366.0
2018-11-21,5370.0,5370.0,5300.0,5300.0,9987.0
2018-11-22,5300.0,5340.0,5200.0,5200.0,14890.0
2018-11-23,5200.0,5240.0,5200.0,5210.0,2271.0
2018-11-26,5210.0,5270.0,5200.0,5270.0,2848.0
2018-11-27,5300.0,5370.0,5270.0,5370.0,4970.0
2018-11-28,5360.0,5460.0,5280.0,5320.0,10883.0
2018-11-29,5320.0,5430.0,5320.0,5370.0,9825.0
2018-11-30,5370.0,5420.0,5320.0,5370.0,5999.0
2018-12-03,5380.0,5530.0,5380.0,5480.0,9095.0
2018-12-04,5490.0,5530.0,5480.0,5500.0,5347.0
2018-12-05,5450.0,5620.0,5320.0,5620.0,5689.0
2018-12-06,5610.0,5650.0,5510.0,5640.0,5630.0
2018-12-07,5640.0,5760.0,5570.0,5750.0,9007.0
2018-12-10,5780.0,5780.0,5540.0,5760.0,3286.0
2018-12-11,5750.0,5760.0,5550.0,5760.0,3839.0
2018-12-12,5760.0,5850.0,5680.0,5800.0,4980.0
2018-12-13,5710.0,5800.0,5700.0,5760.0,1493.0
2018-12-14,5760.0,5800.0,5650.0,5800.0,10165.0
2018-12-17,5800.0,5890.0,5560.0,5800.0,9525.0
2018-12-18,5800.0,5920.0,5720.0,5810.0,5636.0
2018-12-19,5870.0,5970.0,5850.0,5920.0,8177.0
2018-12-20,5920.0,5970.0,5600.0,5760.0,7137.0
2018-12-21,5760.0,5850.0,5700.0,5810.0,3106.0
2018-12-24,5770.0,5840.0,5720.0,5810.0,4345.0
2018-12-26,5840.0,5840.0,5730.0,5780.0,3087.0
2018-12-27,5780.0,5780.0,5560.0,5660.0,8134.0
2018-12-28,5660.0,5900.0,5660.0,5890.0,6402.0
2019-01-02,5890.0,5980.0,5710.0,5790.0,5584.0
2019-01-03,5790.0,5810.0,5630.0,5790.0,2125.0
2019-01-04,5790.0,5880.0,5680.0,5780.0,4628.0
2019-01-07,5720.0,5780.0,5720.0,5780.0,1242.0
2019-01-08,5810.0,5980.0,5740.0,5810.0,4000.0
2019-01-09,5830.0,5830.0,5700.0,5830.0,5719.0
2019-01-10,5850.0,5870.0,5710.0,5790.0,4349.0
2019-01-11,5790.0,5790.0,5770.0,5790.0,199.0
2019-01-14,5780.0,5780.0,5690.0,5750.0,1284.0
2019-01-15,5640.0,5730.0,5600.0,5690.0,4153.0
2019-01-16,5690.0,5710.0,5630.0,5710.0,2339.0
2019-01-17,5710.0,5710.0,5620.0,5630.0,4613.0
2019-01-18,5600.0,5670.0,5560.0,5670.0,5091.0
2019-01-21,5680.0,5730.0,5590.0,5590.0,12707.0
2019-01-22,5590.0,5690.0,5560.0,5630.0,1001.0
2019-01-23,5650.0,5700.0,5550.0,5690.0,1678.0
2019-01-24,5720.0,5720.0,5620.0,5640.0,2573.0
2019-01-25,5630.0,5660.0,5530.0,5660.0,5402.0
2019-01-28,5610.0,5690.0,5440.0,5530.0,12100.0
2019-01-29,5530.0,5600.0,5480.0,5590.0,3995.0
2019-01-30,5520.0,5620.0,5520.0,5520.0,2529.0
2019-01-31,5520.0,6030.0,5520.0,5800.0,17444.0
2019-02-01,5880.0,5880.0,5740.0,5850.0,7933.0
2019-02-07,5850.0,5880.0,5620.0,5740.0,7927.0
2019-02-08,5740.0,5890.0,5620.0,5860.0,4344.0
2019-02-11,6000.0,6040.0,5870.0,5950.0,20284.0
2019-02-12,6030.0,6060.0,5950.0,6050.0,8811.0
2019-02-13,6040.0,6100.0,6020.0,6060.0,10048.0
2019-02-14,6060.0,6190.0,6060.0,6180.0,9713.0
2019-02-15,6200.0,6370.0,6180.0,6230.0,33073.0
2019-02-18,6230.0,6400.0,6230.0,6300.0,6456.0
2019-02-19,6300.0,6380.0,6160.0,6210.0,8800.0
2019-02-20,6150.0,6230.0,6150.0,6220.0,5315.0
2019-02-21,6220.0,6260.0,6170.0,6220.0,3709.0
2019-02-22,6210.0,6250.0,6160.0,6250.0,3514.0
2019-02-25,6240.0,6300.0,6180.0,6280.0,5152.0
2019-02-26,6280.0,6400.0,6270.0,6310.0,7484.0
2019-02-27,6350.0,6440.0,6310.0,6400.0,14382.0
2019-02-28,6640.0,6680.0,6450.0,6560.0,82609.0
2019-03-04,6560.0,6720.0,6450.0,6620.0,17924.0
2019-03-05,6620.0,6730.0,6550.0,6620.0,15519.0
2019-03-06,6620.0,6700.0,6420.0,6560.0,20526.0
2019-03-07,6460.0,6610.0,6390.0,6550.0,20171.0
2019-03-08,6550.0,6600.0,6440.0,6550.0,4100.0
2019-03-11,6550.0,6550.0,6410.0,6470.0,7028.0
2019-03-12,6470.0,6600.0,6450.0,6590.0,2976.0
2019-03-13,6590.0,6600.0,6480.0,6590.0,10143.0
2019-03-14,6520.0,6590.0,6450.0,6580.0,4582.0
2019-03-15,6590.0,6590.0,6480.0,6580.0,1532.0
2019-03-18,6590.0,6590.0,6490.0,6570.0,8034.0
2019-03-19,6550.0,6550.0,6480.0,6520.0,3765.0
2019-03-20,6520.0,6570.0,6460.0,6520.0,4119.0
2019-03-21,6500.0,6500.0,6390.0,6480.0,5146.0
2019-03-22,6410.0,6740.0,6410.0,6480.0,16371.0
2019-03-25,6480.0,6550.0,6370.0,6440.0,6709.0
2019-03-26,6440.0,6540.0,6340.0,6400.0,4834.0
2019-03-27,6400.0,6560.0,6350.0,6500.0,10138.0
2019-03-28,6500.0,6600.0,6500.0,6500.0,7430.0
2019-03-29,6490.0,6600.0,6450.0,6530.0,4021.0
2019-04-01,6530.0,6700.0,6530.0,6620.0,18773.0
2019-04-02,6620.0,6740.0,6620.0,6720.0,18018.0
2019-04-03,6750.0,6850.0,6740.0,6760.0,31967.0
2019-04-04,6810.0,6860.0,6570.0,6760.0,13185.0
2019-04-05,6760.0,6800.0,6650.0,6770.0,7331.0
2019-04-08,6840.0,6860.0,6670.0,6780.0,9125.0
2019-04-09,6780.0,6820.0,6650.0,6770.0,6843.0
2019-04-10,6720.0,6800.0,6710.0,6800.0,5753.0
2019-04-11,6720.0,6830.0,6700.0,6790.0,12169.0
2019-04-12,6780.0,6790.0,6650.0,6710.0,17602.0
2019-04-15,6710.0,6810.0,6620.0,6690.0,12484.0
2019-04-16,6730.0,6750.0,6610.0,6690.0,6938.0
2019-04-17,6710.0,6800.0,6670.0,6780.0,15260.0
2019-04-18,6780.0,6800.0,6650.0,6690.0,5479.0
2019-04-19,6690.0,6800.0,6670.0,6700.0,5698.0
2019-04-22,6750.0,6750.0,6620.0,6700.0,17865.0
2019-04-23,6680.0,6760.0,6580.0,6640.0,6496.0
2019-04-24,6630.0,6640.0,6500.0,6600.0,15668.0
2019-04-25,6600.0,6640.0,6550.0,6630.0,13985.0
2019-04-26,6630.0,6680.0,6520.0,6680.0,7532.0
2019-04-29,6680.0,6710.0,6640.0,6700.0,7386.0
2019-04-30,6730.0,6740.0,6600.0,6700.0,3734.0
2019-05-02,6650.0,6800.0,6650.0,6750.0,8869.0
2019-05-03,6750.0,6830.0,6720.0,6780.0,5934.0
2019-05-07,6780.0,6970.0,6780.0,6870.0,50198.0
2019-05-08,6850.0,6970.0,6850.0,6920.0,9175.0
2019-05-09,6850.0,6930.0,6800.0,6910.0,6126.0
2019-05-10,6910.0,6910.0,6800.0,6890.0,5500.0
2019-05-13,6890.0,6980.0,6800.0,6950.0,16995.0
2019-05-14,6800.0,6980.0,6800.0,6950.0,7030.0
2019-05-15,6980.0,6980.0,6760.0,6930.0,20089.0
2019-05-16,6930.0,6930.0,6620.0,6750.0,40155.0
2019-05-17,6750.0,6860.0,6670.0,6730.0,8508.0
2019-05-20,6650.0,6840.0,6650.0,6730.0,11394.0
2019-05-21,6730.0,6840.0,6670.0,6790.0,5014.0
2019-05-22,6790.0,6820.0,6700.0,6800.0,3202.0
2019-05-23,6840.0,6840.0,6700.0,6770.0,5564.0
2019-05-24,6680.0,6800.0,6510.0,6650.0,12689.0
2019-05-27,6570.0,6740.0,6550.0,6690.0,16189.0
2019-05-28,6790.0,6790.0,6630.0,6790.0,19386.0
2019-05-29,6820.0,6820.0,6600.0,6770.0,11274.0
2019-05-30,6770.0,6800.0,6670.0,6800.0,10284.0
2019-05-31,6800.0,6820.0,6730.0,6800.0,11120.0
2019-06-03,6700.0,6850.0,6700.0,6800.0,7867.0
2019-06-04,6730.0,6790.0,6680.0,6790.0,8138.0
2019-06-05,6790.0,6870.0,6730.0,6800.0,7628.0
2019-06-07,6810.0,6810.0,6550.0,6600.0,15371.0
2019-06-10,6620.0,6670.0,6590.0,6650.0,9228.0
2019-06-11,6620.0,6660.0,6580.0,6640.0,9007.0
2019-06-12,6620.0,6650.0,6450.0,6500.0,25212.0
2019-06-13,6510.0,6600.0,6510.0,6580.0,2843.0
2019-06-14,6630.0,6630.0,6500.0,6580.0,2351.0
2019-06-17,6580.0,6610.0,6470.0,6490.0,9647.0
2019-06-18,6490.0,6610.0,6480.0,6540.0,3595.0
2019-06-19,6570.0,6600.0,6510.0,6580.0,4838.0
2019-06-20,6580.0,6980.0,6410.0,6510.0,59531.0
2019-06-21,6510.0,6670.0,6450.0,6530.0,10775.0
2019-06-24,6590.0,6620.0,6400.0,6500.0,15352.0
2019-06-25,6500.0,6500.0,6390.0,6470.0,28547.0
2019-06-26,6460.0,6460.0,6380.0,6420.0,9845.0
2019-06-27,6420.0,6590.0,6380.0,6400.0,6031.0
2019-06-28,6540.0,6540.0,6300.0,6360.0,11103.0
2019-07-01,6480.0,6500.0,6360.0,6360.0,2151.0
2019-07-02,6360.0,6490.0,6360.0,6470.0,2186.0
2019-07-03,6560.0,6560.0,6430.0,6430.0,6803.0
2019-07-04,6410.0,6550.0,6390.0,6480.0,10261.0
2019-07-05,6600.0,6600.0,6380.0,6480.0,3630.0
2019-07-08,6580.0,6580.0,6230.0,6390.0,23933.0
2019-07-09,6330.0,6440.0,6330.0,6400.0,2224.0
2019-07-10,6410.0,6410.0,6270.0,6390.0,7035.0
2019-07-11,6390.0,6600.0,6370.0,6420.0,6179.0
2019-07-12,6420.0,6500.0,6400.0,6420.0,2947.0
2019-07-15,6420.0,6490.0,6410.0,6450.0,2453.0
2019-07-16,6440.0,6460.0,6400.0,6450.0,5195.0
2019-07-17,6450.0,6450.0,6300.0,6430.0,17988.0
2019-07-18,6270.0,6430.0,6260.0,6400.0,9774.0
2019-07-19,6400.0,6420.0,6360.0,6410.0,3306.0
2019-07-22,6430.0,6500.0,6360.0,6480.0,8287.0
2019-07-23,6520.0,6570.0,6440.0,6470.0,2827.0
2019-07-24,6430.0,6580.0,6400.0,6450.0,9497.0
2019-07-25,6570.0,6650.0,6400.0,6500.0,21020.0
2019-07-26,6520.0,6570.0,6350.0,6400.0,16985.0
2019-07-29,6350.0,6530.0,6350.0,6390.0,15198.0
2019-07-30,6390.0,6410.0,6350.0,6410.0,9495.0
2019-07-31,6450.0,6470.0,6360.0,6410.0,12599.0
2019-08-01,6360.0,6450.0,6360.0,6430.0,10824.0
2019-08-02,6430.0,6510.0,6370.0,6500.0,7179.0
2019-08-05,6380.0,6500.0,5980.0,6310.0,29312.0
2019-08-06,6070.0,6250.0,5900.0,6230.0,16958.0
2019-08-07,6140.0,6350.0,6140.0,6240.0,13043.0
2019-08-08,6240.0,6400.0,6210.0,6370.0,9784.0
2019-08-09,6370.0,6420.0,6370.0,6410.0,11437.0
2019-08-12,6410.0,6500.0,6410.0,6430.0,10077.0
2019-08-13,6260.0,6690.0,6260.0,6590.0,23722.0
2019-08-14,6530.0,6700.0,6530.0,6580.0,19554.0
2019-08-16,6610.0,6630.0,6300.0,6430.0,38629.0
2019-08-19,6430.0,6520.0,6400.0,6400.0,10442.0
2019-08-20,6470.0,6470.0,6350.0,6380.0,5203.0
2019-08-21,6450.0,6450.0,6210.0,6300.0,14525.0
2019-08-22,6300.0,6300.0,6140.0,6200.0,10524.0
2019-08-23,6200.0,6200.0,6090.0,6160.0,9892.0
2019-08-26,6160.0,6160.0,5970.0,6050.0,8915.0
2019-08-27,6050.0,6140.0,5830.0,5920.0,14547.0
2019-08-28,5810.0,6030.0,5800.0,5870.0,9290.0
2019-08-29,5930.0,5950.0,5760.0,5820.0,5393.0
2019-08-30,5840.0,5900.0,5800.0,5830.0,8071.0
2019-09-02,5870.0,5870.0,5790.0,5860.0,8747.0
2019-09-03,5860.0,5950.0,5840.0,5860.0,5077.0
2019-09-04,5820.0,5930.0,5820.0,5860.0,9368.0
2019-09-05,5860.0,5920.0,5740.0,5810.0,21964.0
2019-09-06,5840.0,5910.0,5760.0,5840.0,11565.0
2019-09-09,5890.0,5950.0,5850.0,5880.0,9043.0
2019-09-10,5950.0,5950.0,5780.0,5880.0,5613.0
2019-09-11,5830.0,5960.0,5830.0,5920.0,2727.0
2019-09-16,5920.0,6050.0,5800.0,5990.0,4397.0
2019-09-17,5980.0,6090.0,5920.0,6040.0,6366.0
2019-09-18,6040.0,6060.0,5950.0,6020.0,4130.0
2019-09-19,6040.0,6060.0,5960.0,6050.0,2857.0
2019-09-20,6080.0,6080.0,6000.0,6060.0,2611.0
2019-09-23,6060.0,6060.0,5880.0,6040.0,2850.0
2019-09-24,6000.0,6090.0,5970.0,6020.0,4142.0
2019-09-25,6050.0,6050.0,5960.0,5990.0,2244.0
2019-09-26,6040.0,6040.0,5950.0,5970.0,2775.0
2019-09-27,5980.0,5980.0,5910.0,5970.0,4485.0
2019-09-30,5920.0,6040.0,5920.0,5940.0,4208.0
2019-10-01,5920.0,5940.0,5850.0,5940.0,5354.0
2019-10-02,5940.0,5940.0,5840.0,5940.0,2267.0
2019-10-04,5980.0,5980.0,5840.0,5910.0,3202.0
2019-10-07,6030.0,6030.0,5800.0,5870.0,5550.0
2019-10-08,5860.0,5900.0,5810.0,5900.0,4370.0
2019-10-10,5900.0,5940.0,5880.0,5930.0,2879.0
2019-10-11,5880.0,5980.0,5840.0,5980.0,14760.0
2019-10-14,5930.0,6060.0,5920.0,6000.0,2103.0
2019-10-15,6050.0,6050.0,5910.0,5990.0,3027.0
2019-10-16,6010.0,6010.0,5900.0,5950.0,3635.0
2019-10-17,6040.0,6050.0,5930.0,5990.0,1310.0
2019-10-18,5950.0,6000.0,5870.0,5940.0,2730.0
2019-10-21,5940.0,6200.0,5940.0,6010.0,5422.0
2019-10-22,6050.0,6050.0,6000.0,6020.0,1156.0
2019-10-23,5990.0,6180.0,5980.0,6090.0,8019.0
2019-10-24,6050.0,6090.0,5980.0,6090.0,2262.0
2019-10-25,6090.0,6180.0,6000.0,6100.0,6463.0
2019-10-28,6100.0,6130.0,6030.0,6070.0,4551.0
2019-10-29,6020.0,6130.0,6020.0,6090.0,925.0
2019-10-30,6090.0,6140.0,6050.0,6110.0,2748.0
2019-10-31,6150.0,6150.0,6060.0,6130.0,2950.0
2019-11-01,6050.0,6180.0,6050.0,6180.0,2966.0
2019-11-04,6240.0,6250.0,6120.0,6250.0,9449.0
2019-11-05,6260.0,6370.0,6250.0,6320.0,6719.0
2019-11-06,6270.0,6390.0,6260.0,6320.0,12171.0
2019-11-07,6320.0,6410.0,6200.0,6350.0,6022.0
2019-11-08,6390.0,6390.0,6280.0,6350.0,3700.0
2019-11-11,6420.0,6470.0,6350.0,6410.0,22259.0
2019-11-12,6380.0,6450.0,6360.0,6400.0,11805.0
2019-11-13,6350.0,6400.0,6300.0,6390.0,10651.0
2019-11-14,6330.0,6390.0,6220.0,6390.0,14181.0
2019-11-15,6250.0,6330.0,6180.0,6230.0,27109.0
2019-11-18,6230.0,6250.0,6030.0,6080.0,24978.0
2019-11-19,6080.0,6290.0,6030.0,6190.0,17134.0
2019-11-20,6250.0,6370.0,6180.0,6350.0,32048.0
2019-11-21,6300.0,6340.0,6190.0,6210.0,2662.0
2019-11-22,6220.0,6380.0,6120.0,6290.0,17904.0
2019-11-25,6290.0,6370.0,6240.0,6370.0,14558.0
2019-11-26,6320.0,6390.0,6300.0,6370.0,9719.0
2019-11-27,6370.0,6400.0,6330.0,6340.0,1358.0
2019-11-28,6360.0,6360.0,6140.0,6260.0,9032.0
2019-11-29,6250.0,6250.0,6200.0,6200.0,2027.0
2019-12-02,6190.0,6250.0,6070.0,6250.0,14483.0
2019-12-03,6230.0,6230.0,6150.0,6200.0,2621.0
2019-12-04,6250.0,6250.0,6060.0,6130.0,12878.0
2019-12-05,6230.0,6230.0,6070.0,6100.0,13419.0
2019-12-06,6100.0,6210.0,6060.0,6140.0,797.0
2019-12-09,6140.0,6230.0,6140.0,6220.0,11621.0
2019-12-10,6300.0,6300.0,6210.0,6260.0,3315.0
2019-12-11,6340.0,6340.0,6160.0,6190.0,5602.0
2019-12-12,6220.0,6220.0,6180.0,6200.0,6023.0
2019-12-13,6200.0,6300.0,6110.0,6160.0,15729.0
2019-12-16,6100.0,6200.0,6100.0,6200.0,5905.0
2019-12-17,6220.0,6220.0,6120.0,6130.0,12937.0
2019-12-18,6190.0,6190.0,6110.0,6160.0,6439.0
2019-12-19,6250.0,6250.0,6100.0,6160.0,4309.0
2019-12-20,6030.0,6120.0,6030.0,6110.0,44529.0
2019-12-23,6110.0,6120.0,6060.0,6120.0,29429.0
2019-12-24,6140.0,6750.0,6100.0,6270.0,116343.0
2019-12-26,6270.0,6300.0,6220.0,6300.0,25954.0
2019-12-27,6100.0,6200.0,6050.0,6190.0,13260.0
2019-12-30,6180.0,6190.0,6110.0,6140.0,1431.0
2020-01-02,6100.0,6110.0,6030.0,6030.0,7467.0
2020-01-03,6030.0,6170.0,6020.0,6060.0,4247.0
2020-01-06,6060.0,6100.0,6000.0,6020.0,3232.0
2020-01-07,6050.0,6140.0,5990.0,6040.0,4294.0
2020-01-08,6000.0,6130.0,5900.0,6080.0,7780.0
2020-01-09,6140.0,6140.0,5990.0,6110.0,7066.0
2020-01-10,6130.0,6130.0,6000.0,6110.0,3470.0
2020-01-13,6150.0,6150.0,6100.0,6130.0,8466.0
2020-01-14,6150.0,6190.0,6100.0,6150.0,6090.0
2020-01-15,6160.0,6180.0,6110.0,6170.0,4738.0
2020-01-16,6220.0,6220.0,6150.0,6210.0,6524.0
2020-01-17,6210.0,6250.0,6160.0,6210.0,6414.0
2020-01-20,6180.0,6210.0,6170.0,6210.0,3504.0
2020-01-21,6230.0,6230.0,6120.0,6180.0,3619.0
2020-01-22,6180.0,6180.0,6080.0,6160.0,1365.0
2020-01-23,6100.0,6170.0,6090.0,6170.0,4411.0
2020-01-28,6100.0,6360.0,6020.0,6190.0,47532.0
2020-01-29,6220.0,7500.0,6100.0,6440.0,1966583.0
2020-01-30,6550.0,6570.0,6200.0,6220.0,286309.0
2020-01-31,6380.0,7010.0,6280.0,6550.0,627475.0
2020-02-03,6990.0,7000.0,6220.0,6320.0,424116.0
2020-02-04,6270.0,6300.0,6040.0,6200.0,118800.0
2020-02-05,6460.0,6700.0,6270.0,6320.0,628077.0
2020-02-06,6520.0,6520.0,6280.0,6310.0,114989.0
2020-02-07,6400.0,6400.0,6220.0,6230.0,60637.0
2020-02-10,6300.0,6400.0,6210.0,6250.0,56318.0
2020-02-11,6190.0,6230.0,6100.0,6130.0,51755.0
2020-02-12,6130.0,6130.0,6010.0,6070.0,46286.0
2020-02-13,6010.0,6180.0,6010.0,6130.0,29246.0
2020-02-14,6060.0,6150.0,6050.0,6100.0,21193.0
2020-02-17,6110.0,6140.0,6030.0,6050.0,18115.0
2020-02-18,6050.0,6170.0,6010.0,6150.0,35507.0
2020-02-19,6140.0,6370.0,6100.0,6350.0,114521.0
2020-02-20,6380.0,8250.0,6220.0,8250.0,3591650.0
2020-02-21,10700.0,10700.0,10300.0,10700.0,2007293.0
2020-02-24,12950.0,13750.0,10600.0,11100.0,8266473.0
2020-02-25,10200.0,10200.0,8800.0,8980.0,999889.0
2020-02-26,9050.0,9850.0,8980.0,9800.0,912619.0
2020-02-27,9300.0,10000.0,9260.0,9600.0,818819.0
2020-02-28,9530.0,11250.0,8680.0,8780.0,3663329.0
2020-03-02,9010.0,9200.0,8020.0,8460.0,1348841.0
2020-03-03,8420.0,8830.0,8050.0,8400.0,1844147.0
2020-03-04,8480.0,8500.0,8030.0,8150.0,714176.0
2020-03-05,8220.0,8220.0,7610.0,8080.0,986514.0
2020-03-06,7960.0,8680.0,7880.0,8300.0,2187178.0
2020-03-09,8440.0,8740.0,8200.0,8480.0,1490960.0
2020-03-10,10250.0,11000.0,8490.0,8780.0,7414712.0
2020-03-11,9030.0,10950.0,8830.0,10950.0,7513903.0
2020-03-12,11800.0,12100.0,10250.0,10850.0,5002535.0
2020-03-13,10000.0,10350.0,8780.0,9130.0,1378534.0
2020-03-16,9150.0,10150.0,8520.0,8550.0,2947935.0
2020-03-17,7880.0,8760.0,7810.0,8090.0,975758.0
2020-03-18,8150.0,9350.0,7910.0,7920.0,3520741.0
2020-03-19,8490.0,8720.0,6320.0,6750.0,1393413.0
2020-03-20,6900.0,7230.0,6830.0,7100.0,860131.0
2020-03-23,6850.0,7790.0,6540.0,6970.0,1498713.0
2020-03-24,7060.0,7200.0,6860.0,7160.0,602400.0
2020-03-25,7320.0,7660.0,7100.0,7630.0,1944950.0
2020-03-26,7750.0,8140.0,7410.0,7770.0,1942906.0
2020-03-27,8000.0,9590.0,7420.0,8460.0,6669978.0
2020-03-30,8650.0,9360.0,8530.0,8920.0,2476647.0
2020-03-31,9140.0,9200.0,8420.0,8700.0,1178723.0
2020-04-01,8670.0,8880.0,7830.0,8050.0,701356.0
2020-04-02,8250.0,9480.0,7980.0,9480.0,3929125.0
2020-04-03,10550.0,10650.0,8910.0,9030.0,3588665.0
2020-04-06,9300.0,10100.0,9160.0,9750.0,2625609.0
2020-04-07,9780.0,9810.0,9160.0,9550.0,812503.0
2020-04-08,9470.0,10200.0,9280.0,9470.0,1706593.0
2020-04-09,9550.0,10350.0,9390.0,9550.0,2215222.0
2020-04-10,9490.0,9700.0,8600.0,8940.0,636156.0
2020-04-13,8730.0,9460.0,8580.0,9030.0,509054.0
2020-04-14,9150.0,9290.0,9070.0,9230.0,319561.0
2020-04-16,9130.0,9440.0,9110.0,9340.0,431404.0
2020-04-17,9260.0,9330.0,9070.0,9300.0,241044.0
2020-04-20,9360.0,9400.0,9240.0,9290.0,225583.0
2020-04-21,9240.0,9260.0,8370.0,9100.0,321848.0
2020-04-22,8900.0,9590.0,8800.0,9580.0,718571.0
2020-04-23,9310.0,9540.0,9250.0,9250.0,315571.0
2020-04-24,9230.0,9570.0,8970.0,9120.0,350090.0
2020-04-27,9330.0,9330.0,9160.0,9180.0,130687.0
2020-04-28,9240.0,9520.0,8940.0,9460.0,371899.0
2020-04-29,9400.0,11550.0,9100.0,9570.0,11959648.0
2020-05-04,9620.0,10200.0,9330.0,9370.0,1918386.0
2020-05-06,9570.0,9590.0,8900.0,9030.0,512534.0
2020-05-07,9030.0,9230.0,8950.0,9030.0,236039.0
2020-05-08,9030.0,9220.0,8980.0,9080.0,230373.0
2020-05-11,9390.0,9510.0,9200.0,9400.0,379951.0
2020-05-12,9440.0,9500.0,9090.0,9220.0,199498.0
2020-05-13,9340.0,9710.0,9330.0,9570.0,732764.0
2020-05-14,9440.0,10300.0,9350.0,9800.0,1565541.0
2020-05-15,9900.0,10750.0,9600.0,9600.0,2206750.0
2020-05-18,9360.0,9360.0,9040.0,9100.0,462450.0
2020-05-19,9100.0,9100.0,8450.0,8610.0,360221.0
2020-05-20,8740.0,8850.0,8650.0,8700.0,185361.0
2020-05-21,8680.0,8740.0,8600.0,8660.0,116093.0
2020-05-22,8720.0,8720.0,8390.0,8470.0,142237.0
2020-05-25,8520.0,8670.0,8520.0,8600.0,83841.0
2020-05-26,8600.0,8650.0,8460.0,8550.0,124668.0
2020-05-27,8590.0,8640.0,8490.0,8530.0,92754.0
2020-05-28,8560.0,8880.0,8500.0,8850.0,388554.0
2020-05-29,8910.0,8990.0,8610.0,8610.0,201688.0
2020-06-01,8570.0,8590.0,8440.0,8480.0,98276.0
2020-06-02,8490.0,8490.0,8200.0,8300.0,156390.0
2020-06-03,8300.0,8380.0,8080.0,8100.0,142783.0
2020-06-04,8090.0,8190.0,7980.0,8170.0,117627.0
2020-06-05,8170.0,8190.0,8030.0,8070.0,70384.0
2020-06-08,8070.0,8300.0,8060.0,8170.0,76352.0
2020-06-09,8310.0,8310.0,7990.0,8020.0,92458.0
2020-06-10,8020.0,8070.0,7950.0,8010.0,80856.0
2020-06-11,8050.0,8050.0,7800.0,7810.0,110134.0
2020-06-12,7730.0,8160.0,7690.0,7740.0,280018.0
2020-06-15,7940.0,7940.0,7150.0,7210.0,122705.0
2020-06-16,7260.0,7630.0,7260.0,7630.0,61300.0
2020-06-17,7430.0,7660.0,7310.0,7480.0,56838.0
2020-06-18,7460.0,7600.0,7350.0,7370.0,43764.0
2020-06-19,7310.0,7370.0,7110.0,7300.0,88469.0
2020-06-22,7400.0,7670.0,7250.0,7330.0,67926.0
2020-06-23,7350.0,7390.0,7150.0,7180.0,40632.0
2020-06-24,7220.0,7240.0,7100.0,7140.0,51012.0
2020-06-25,7010.0,7240.0,7010.0,7020.0,41271.0
2020-06-26,7120.0,7120.0,6940.0,7020.0,42970.0
2020-06-29,7030.0,7370.0,7020.0,7140.0,123028.0
2020-06-30,7170.0,7170.0,6830.0,6880.0,129223.0
2020-07-01,6920.0,6970.0,6670.0,6780.0,174066.0
2020-07-02,6790.0,6900.0,6780.0,6840.0,47880.0
2020-07-03,6860.0,7120.0,6780.0,7050.0,120907.0
2020-07-06,7140.0,7160.0,6900.0,6960.0,108972.0
2020-07-07,7000.0,7020.0,6820.0,6830.0,56036.0
2020-07-08,6810.0,6920.0,6790.0,6850.0,38495.0
2020-07-09,6900.0,6900.0,6640.0,6680.0,85291.0
2020-07-10,6680.0,7190.0,6600.0,6810.0,352445.0
2020-07-13,6900.0,7110.0,6790.0,7010.0,148423.0
2020-07-14,7010.0,7040.0,6950.0,6960.0,53058.0
2020-07-15,7000.0,7040.0,6800.0,6890.0,76004.0
2020-07-16,6920.0,7100.0,6900.0,7050.0,92978.0
2020-07-17,7090.0,7090.0,6970.0,7030.0,29956.0
2020-07-20,7020.0,7020.0,6820.0,6880.0,48999.0
2020-07-21,6880.0,7210.0,6820.0,7150.0,178145.0
2020-07-22,7180.0,7180.0,7010.0,7090.0,65100.0
2020-07-23,7100.0,7380.0,7000.0,7320.0,183137.0
2020-07-24,7420.0,7430.0,7020.0,7100.0,141051.0
2020-07-27,7000.0,7220.0,6980.0,7070.0,61572.0
2020-07-28,7190.0,7190.0,6950.0,6990.0,70785.0
2020-07-29,7010.0,7230.0,7010.0,7160.0,79141.0
2020-07-30,7160.0,7600.0,7030.0,7150.0,314229.0
2020-07-31,7130.0,7260.0,7050.0,7110.0,159081.0
2020-08-03,8020.0,9240.0,7700.0,9240.0,3110468.0
2020-08-04,9800.0,9830.0,8650.0,8820.0,3152719.0
2020-08-05,8970.0,9060.0,8780.0,8960.0,717083.0
2020-08-06,8920.0,8960.0,8600.0,8630.0,409620.0
2020-08-07,8590.0,8650.0,8310.0,8430.0,261291.0
2020-08-10,8470.0,8600.0,8330.0,8460.0,147173.0
2020-08-11,8480.0,8530.0,8230.0,8320.0,132343.0
2020-08-12,8430.0,8480.0,8090.0,8190.0,146324.0
2020-08-13,8130.0,8340.0,8090.0,8340.0,144714.0
2020-08-14,8320.0,8320.0,7780.0,7790.0,214184.0
2020-08-18,8180.0,9130.0,7790.0,8960.0,2236063.0
2020-08-19,8550.0,8690.0,8120.0,8300.0,1026160.0
2020-08-20,8330.0,10750.0,8300.0,10300.0,10825553.0
2020-08-21,10000.0,11300.0,9340.0,9810.0,5482335.0
2020-08-24,9990.0,10550.0,9670.0,10000.0,1859429.0
2020-08-25,9900.0,9950.0,9410.0,9470.0,891477.0
2020-08-26,9450.0,9790.0,9310.0,9320.0,890551.0
2020-08-27,9390.0,10200.0,9390.0,10050.0,2392804.0
2020-08-28,9870.0,9950.0,9410.0,9620.0,726557.0
2020-08-31,9500.0,9620.0,9130.0,9150.0,410045.0
2020-09-01,9120.0,9130.0,8680.0,8710.0,418104.0
2020-09-02,8750.0,8830.0,8550.0,8720.0,243823.0
2020-09-03,8740.0,8790.0,8640.0,8730.0,164197.0
2020-09-04,8460.0,8620.0,8430.0,8590.0,181395.0
2020-09-07,8590.0,8670.0,8380.0,8670.0,210867.0
2020-09-08,8660.0,8860.0,8450.0,8450.0,309155.0
2020-09-09,8330.0,8390.0,8140.0,8200.0,156211.0
2020-09-10,8290.0,8480.0,8230.0,8360.0,110923.0
2020-09-11,8360.0,8540.0,8280.0,8450.0,97336.0
2020-09-14,8320.0,8580.0,8310.0,8500.0,110937.0
2020-09-15,8570.0,8570.0,8350.0,8430.0,61991.0
2020-09-16,8420.0,8510.0,8320.0,8380.0,91269.0
2020-09-17,8430.0,8430.0,8210.0,8240.0,108188.0
2020-09-18,8300.0,8340.0,8100.0,8230.0,61635.0
2020-09-21,8220.0,8240.0,7800.0,7860.0,110720.0
2020-09-22,7790.0,7860.0,7480.0,7630.0,106971.0
2020-09-23,7750.0,7750.0,7370.0,7610.0,60770.0
2020-09-24,7440.0,7580.0,7200.0,7210.0,72984.0
2020-09-25,7230.0,7490.0,7020.0,7200.0,72217.0
2020-09-28,7210.0,7480.0,7200.0,7400.0,37719.0
2020-09-29,7560.0,7660.0,7420.0,7550.0,29232.0
2020-10-05,7550.0,9690.0,7410.0,9280.0,1753109.0
2020-10-06,8850.0,8890.0,8290.0,8370.0,981722.0
2020-10-07,8290.0,8430.0,8240.0,8350.0,186819.0
2020-10-08,8340.0,8480.0,8030.0,8310.0,317215.0
2020-10-12,8150.0,8600.0,8130.0,8230.0,349364.0
2020-10-13,8250.0,8380.0,8150.0,8220.0,154744.0
2020-10-14,8250.0,8350.0,8210.0,8230.0,70639.0
2020-10-15,8270.0,8480.0,8000.0,8040.0,249942.0
2020-10-16,7920.0,8040.0,7560.0,7750.0,163630.0
2020-10-19,7720.0,7880.0,7700.0,7750.0,52890.0
2020-10-20,7790.0,8160.0,7560.0,7820.0,132681.0
2020-10-21,7810.0,8300.0,7810.0,8160.0,215429.0
2020-10-22,8160.0,8160.0,7960.0,7980.0,70611.0
2020-10-23,8000.0,8140.0,7880.0,7900.0,58975.0
2020-10-26,7950.0,7950.0,7510.0,7510.0,79395.0
2020-10-27,7500.0,7560.0,7250.0,7340.0,45450.0
2020-10-28,7390.0,7460.0,7340.0,7430.0,32810.0
2020-10-29,7340.0,7840.0,7330.0,7630.0,98558.0
2020-10-30,7640.0,7860.0,7620.0,7690.0,54550.0
2020-11-02,7690.0,7840.0,7690.0,7780.0,24153.0
2020-11-03,7740.0,7870.0,7730.0,7850.0,34956.0
2020-11-04,7850.0,7910.0,7710.0,7720.0,30343.0
2020-11-05,7910.0,7910.0,7780.0,7870.0,40869.0
2020-11-06,7850.0,7910.0,7770.0,7820.0,37955.0
2020-11-09,7820.0,7960.0,7810.0,7950.0,37078.0
2020-11-10,7700.0,7880.0,7650.0,7760.0,72920.0
2020-11-11,7760.0,7860.0,7570.0,7610.0,77850.0
2020-11-12,7620.0,8880.0,7600.0,7900.0,1425862.0
2020-11-13,8040.0,8400.0,7900.0,8150.0,509108.0
2020-11-16,8250.0,8410.0,8170.0,8320.0,238881.0
2020-11-17,8490.0,8600.0,8070.0,8160.0,394402.0
2020-11-18,8170.0,8490.0,8150.0,8480.0,262141.0
2020-11-19,8700.0,8700.0,8300.0,8350.0,220411.0
2020-11-20,8500.0,10700.0,8300.0,9020.0,6859159.0
2020-11-23,9130.0,9160.0,8950.0,9070.0,453973.0
2020-11-24,9250.0,9250.0,8790.0,8790.0,405633.0
2020-11-25,8790.0,8900.0,8520.0,8700.0,225324.0
2020-11-26,8880.0,9990.0,8800.0,9170.0,2551411.0
2020-11-27,9170.0,9260.0,9090.0,9110.0,237779.0
2020-11-30,9050.0,9110.0,8770.0,8770.0,228159.0
2020-12-01,8650.0,8880.0,8650.0,8760.0,93199.0
2020-12-02,8760.0,8800.0,8600.0,8660.0,93795.0
2020-12-03,8770.0,8770.0,8570.0,8570.0,68529.0
2020-12-04,8610.0,9140.0,8570.0,8930.0,282850.0
2020-12-07,9050.0,9150.0,8870.0,8910.0,213952.0
2020-12-08,8910.0,9470.0,8770.0,8990.0,880453.0
2020-12-09,8990.0,9420.0,8880.0,9080.0,602207.0
2020-12-10,9040.0,9270.0,9010.0,9170.0,201185.0
2020-12-11,9170.0,9240.0,9030.0,9070.0,126078.0
2020-12-14,9270.0,9350.0,9090.0,9220.0,258789.0
2020-12-15,9200.0,9200.0,8970.0,8970.0,128988.0
2020-12-16,8970.0,9210.0,8900.0,9100.0,129668.0
2020-12-17,9100.0,9160.0,8800.0,8900.0,104433.0
2020-12-18,8920.0,9180.0,8910.0,8970.0,152210.0
2020-12-21,8950.0,8970.0,8690.0,8780.0,101084.0
2020-12-22,8780.0,8780.0,8510.0,8550.0,101936.0
2020-12-23,8500.0,8720.0,8350.0,8410.0,91871.0
2020-12-24,8370.0,8600.0,8370.0,8530.0,62117.0
2020-12-28,8500.0,8660.0,8430.0,8550.0,70139.0
2020-12-29,8450.0,8560.0,8370.0,8490.0,40163.0
2020-12-30,8470.0,8510.0,8390.0,8410.0,35521.0
2021-01-04,8420.0,8420.0,8100.0,8140.0,68753.0
2021-01-05,8130.0,8280.0,8000.0,8220.0,34966.0
2021-01-06,8230.0,8270.0,8130.0,8210.0,47063.0
2021-01-07,8210.0,8270.0,8140.0,8200.0,62783.0
2021-01-08,8200.0,8260.0,7950.0,8000.0,79559.0
2021-01-11,7990.0,8030.0,7600.0,7730.0,79418.0
2021-01-12,7620.0,7830.0,7600.0,7660.0,41453.0
2021-01-13,7610.0,7890.0,7610.0,7730.0,27653.0
2021-01-14,7740.0,7820.0,7620.0,7810.0,29454.0
2021-01-15,7830.0,7930.0,7730.0,7750.0,59259.0
2021-01-18,7750.0,8520.0,7750.0,7900.0,246990.0
2021-01-19,7860.0,8210.0,7860.0,8110.0,62519.0
2021-01-20,8300.0,8540.0,8120.0,8540.0,182106.0
2021-01-21,8650.0,8780.0,8500.0,8710.0,210756.0
2021-01-22,8870.0,9000.0,8720.0,8750.0,152651.0
2021-01-25,8800.0,9080.0,8800.0,8950.0,123262.0
2021-01-26,8960.0,9140.0,8750.0,9050.0,159122.0
2021-01-27,9080.0,9440.0,9080.0,9190.0,230707.0
2021-01-28,9080.0,9410.0,9060.0,9130.0,178538.0
2021-01-29,9140.0,9460.0,8970.0,9130.0,312264.0
2021-02-01,9110.0,9450.0,8500.0,8580.0,295760.0
2021-02-02,8580.0,8610.0,8050.0,8170.0,241508.0
2021-02-03,8150.0,8180.0,7840.0,7990.0,163457.0
2021-02-04,7950.0,8000.0,7860.0,7960.0,49537.0
2021-02-05,7960.0,8130.0,7910.0,8070.0,65593.0
2021-02-08,8140.0,8160.0,7900.0,7990.0,45186.0
2021-02-09,7990.0,8000.0,7630.0,7800.0,76003.0
2021-02-10,7740.0,7900.0,7720.0,7880.0,31509.0
2021-02-15,7920.0,7950.0,7800.0,7900.0,37385.0
2021-02-16,7960.0,7960.0,7800.0,7880.0,45157.0
2021-02-17,7880.0,7930.0,7790.0,7900.0,35930.0
2021-02-18,7860.0,8040.0,7820.0,7980.0,67747.0
2021-02-19,8090.0,8100.0,7880.0,8020.0,54457.0
2021-02-22,8070.0,8220.0,8020.0,8120.0,73183.0
2021-02-23,7860.0,8050.0,7860.0,8010.0,48508.0
2021-02-24,8010.0,8010.0,7660.0,7660.0,53117.0
2021-02-25,7720.0,7810.0,7710.0,7710.0,23968.0
2021-02-26,7680.0,8420.0,7620.0,7990.0,217503.0
2021-03-02,8210.0,9430.0,8180.0,8310.0,1088190.0
2021-03-03,8260.0,8270.0,8000.0,8190.0,98391.0
2021-03-04,8220.0,8230.0,7800.0,7900.0,144542.0
2021-03-05,8050.0,8550.0,8000.0,8400.0,235793.0
2021-03-08,8420.0,8510.0,8110.0,8170.0,97560.0
2021-03-09,8040.0,8230.0,7910.0,8200.0,64165.0
2021-03-10,8150.0,8210.0,7950.0,8050.0,59799.0
2021-03-11,7950.0,8230.0,7950.0,8050.0,60678.0
2021-03-12,8060.0,8210.0,8020.0,8130.0,32154.0
2021-03-15,8090.0,8340.0,8090.0,8220.0,44292.0
2021-03-16,8260.0,8320.0,8020.0,8180.0,54112.0
2021-03-17,8230.0,8260.0,8000.0,8150.0,85834.0
2021-03-18,8150.0,8340.0,8120.0,8270.0,82391.0
2021-03-19,8240.0,8410.0,8140.0,8390.0,65293.0
2021-03-22,8390.0,8550.0,8350.0,8480.0,74525.0
2021-03-23,8500.0,8610.0,8320.0,8530.0,82288.0
2021-03-24,8620.0,8620.0,8410.0,8480.0,59155.0
2021-03-25,8540.0,8670.0,8440.0,8480.0,77760.0
2021-03-26,8590.0,8850.0,8540.0,8640.0,156978.0
2021-03-29,8740.0,8850.0,8660.0,8800.0,75542.0
2021-03-30,8820.0,8850.0,8600.0,8770.0,57520.0
2021-03-31,8770.0,9150.0,8700.0,8710.0,211761.0
2021-04-01,8710.0,8710.0,8510.0,8540.0,82007.0
2021-04-02,8630.0,8700.0,8500.0,8660.0,46108.0
2021-04-05,8720.0,8860.0,8660.0,8810.0,54253.0
2021-04-06,8820.0,8870.0,8660.0,8750.0,69240.0
2021-04-07,8850.0,8950.0,8730.0,8900.0,80046.0
2021-04-08,8930.0,8970.0,8780.0,8890.0,54162.0
2021-04-09,8890.0,9080.0,8820.0,9040.0,80944.0
2021-04-12,9100.0,10500.0,9070.0,9460.0,1022644.0
2021-04-13,9490.0,9740.0,9310.0,9520.0,210788.0
2021-04-14,9550.0,11850.0,9450.0,10800.0,2344494.0
2021-04-15,10650.0,10850.0,10200.0,10350.0,367177.0
2021-04-16,10450.0,10700.0,10200.0,10350.0,152407.0
2021-04-19,10350.0,10550.0,10200.0,10300.0,127398.0
2021-04-20,10300.0,10750.0,10200.0,10700.0,188105.0
2021-04-21,10700.0,10800.0,10150.0,10700.0,147086.0
2021-04-22,10600.0,10950.0,10400.0,10900.0,155941.0
2021-04-23,11050.0,11050.0,10300.0,10400.0,236259.0
2021-04-26,10400.0,10400.0,9990.0,10350.0,192402.0
2021-04-27,10400.0,10400.0,10050.0,10200.0,109303.0
2021-04-28,10250.0,10350.0,10000.0,10150.0,77854.0
2021-04-29,10200.0,10450.0,10050.0,10400.0,77479.0
2021-04-30,10300.0,10500.0,10100.0,10300.0,66902.0
2021-05-03,10400.0,10400.0,9840.0,9840.0,100524.0
2021-05-04,9760.0,10150.0,9760.0,10100.0,81173.0
2021-05-06,10100.0,10450.0,9970.0,10200.0,94703.0
2021-05-07,10250.0,10350.0,10000.0,10350.0,79219.0
2021-05-10,10400.0,10450.0,10150.0,10250.0,60229.0
2021-05-11,10250.0,10300.0,9990.0,10300.0,68259.0
2021-05-12,10300.0,10400.0,9930.0,9940.0,68947.0
2021-05-13,9800.0,10350.0,9730.0,10200.0,115190.0
2021-05-14,10200.0,10400.0,10050.0,10150.0,80041.0
2021-05-17,10200.0,10400.0,10150.0,10250.0,57681.0
2021-05-18,10150.0,10400.0,10100.0,10250.0,52957.0
2021-05-20,10250.0,10300.0,9910.0,9980.0,100359.0
2021-05-21,9940.0,10050.0,9900.0,9930.0,71900.0
2021-05-24,9900.0,10300.0,9780.0,10050.0,95059.0
2021-05-25,9950.0,10100.0,9880.0,9950.0,52840.0
2021-05-26,10000.0,10200.0,9950.0,10100.0,39862.0
2021-05-27,10250.0,10250.0,9990.0,10150.0,47890.0
2021-05-28,10150.0,10300.0,10100.0,10250.0,52944.0
2021-05-31,10250.0,10500.0,10100.0,10500.0,179357.0
2021-06-01,10500.0,10600.0,10450.0,10600.0,82147.0
2021-06-02,10600.0,10600.0,10200.0,10450.0,98689.0
2021-06-03,10450.0,10700.0,10350.0,10400.0,65022.0
2021-06-04,10450.0,10450.0,10200.0,10250.0,42813.0
2021-06-07,10250.0,10250.0,10050.0,10150.0,42567.0
2021-06-08,10200.0,10450.0,10150.0,10200.0,47304.0
2021-06-09,10250.0,10300.0,10000.0,10050.0,115136.0
2021-06-10,10000.0,10200.0,9990.0,10200.0,57097.0
2021-06-11,10200.0,10450.0,10200.0,10250.0,61293.0
2021-06-14,10400.0,10450.0,10250.0,10400.0,38462.0
2021-06-15,10350.0,10450.0,10150.0,10200.0,31209.0
2021-06-16,10200.0,10350.0,10150.0,10350.0,28173.0
2021-06-17,10350.0,10400.0,10150.0,10200.0,39839.0
2021-06-18,10250.0,10300.0,10150.0,10250.0,32641.0
2021-06-21,10200.0,13300.0,10050.0,13000.0,1489338.0
2021-06-22,12350.0,12450.0,11200.0,11700.0,1241390.0
2021-06-23,11450.0,11600.0,11050.0,11150.0,336562.0
2021-06-24,11150.0,12100.0,10800.0,11050.0,588924.0
2021-06-25,10900.0,11300.0,10900.0,11050.0,180709.0
