time,open,high,low,close,Volume,Volume MA,EMA,Basis,Upper,Lower,MA,MA,RSI,%K,%D
2015-03-02T14:30:00Z,32.82,33.15,32.65,33.13,394625,499691.6,32.35157447178689,32.667974999999984,33.37783318830635,31.95811681169362,32.17061249999998,33.04100000000004,68.96384903083518,89.57938747573415,87.00895847173099
2015-03-02T15:30:00Z,33.13,33.13,32.94,32.99,455562,508877.6,32.38271718048021,32.71397499999999,33.38080319939188,32.047146800608104,32.198862499999976,33.058000000000035,63.26089477548674,85.75772604537725,87.31623195170914
2015-03-02T16:30:00Z,32.985,33.01,32.945,33.01,259286,517817.25,32.41331634240801,32.76047499999999,33.37133680720665,32.14961319279333,32.23361249999998,33.04800000000004,63.72242829538154,85.9464207290297,87.09451141671377
2015-03-02T17:30:00Z,33,33.015,32.87,32.91,219182,511687.1,32.43754481351006,32.79697499999999,33.34915653491824,32.24479346508174,32.26236249999998,33.01400000000004,59.68508936633968,76.28458498023717,82.66291058488143
2015-03-02T18:30:00Z,32.91,32.985,32.9,32.955,196544,504754.3,32.4627865299242,32.83722499999999,33.30595013001137,32.36849986998861,32.287737499999984,32.99900000000004,60.88605803171172,74.7474747474746,78.99282681891388
2015-03-02T19:30:00Z,32.95,32.99,32.93,32.99,294027,506423.4,32.4885042601718,32.87672499999999,33.246750874100925,32.50669912589906,32.32361249999998,32.97100000000004,61.838271299661045,73.48850827111698,74.84018933294297
2015-03-02T20:30:00Z,32.98,33.02,32.945,32.98,752368,453916.3,32.51247966211464,32.883224999999996,33.25570378799141,32.510746212008584,32.36148749999998,32.96900000000004,61.3785066268502,73.13125682690891,73.78907994850022
2015-03-03T14:30:00Z,32.96,33.12,32.85,32.9601,894555,463650.35,32.534314800548074,32.88923,33.262599094064896,32.5158609059351,32.39423999999998,32.95902000000004,60.41585981214896,69.0351566951565,71.88497393106086
2015-03-03T15:30:00Z,32.97,33,32.93,32.93,391829,458151.05,32.55361651759451,32.893604999999994,33.26673181209416,32.52047818790583,32.427489999999985,32.96302000000004,58.9108340481544,61.77589743589718,67.98077031932092
2015-03-03T16:30:00Z,32.93,32.93,32.77,32.79,342771,462163.65,32.56514741917527,32.894104999999996,33.26664788062386,32.521562119376135,32.46061499999998,32.93002000000004,52.37550550796684,48.67333333333331,59.828129154795725
2015-03-03T17:30:00Z,32.79,32.88,32.77,32.85,271468,458706.6,32.579042667020374,32.913605,33.22978029616163,32.597429703838365,32.50161499999999,32.902020000000036,54.695167368937625,41.33333333333359,50.59418803418808
2015-03-03T18:30:00Z,32.85,32.87,32.73,32.8,214344,451470.55,32.58982107350719,32.928104999999995,33.19102635307706,32.66518364692293,32.53786499999999,32.866020000000034,52.404478305641405,32.66666666666676,40.891111111111265
2015-03-03T19:30:00Z,32.8,32.83,32.74,32.765,198755,429297.45,32.59836638699464,32.941604999999996,33.131876642405636,32.751333357594355,32.56273999999999,32.82700000000004,50.80060952743725,31.000000000000185,35.00000000000022
2015-03-03T20:30:00Z,32.77,32.82,32.74,32.76,532023,406921.1,32.60625095348271,32.933004999999994,33.139124096409056,32.72688590359093,32.58248999999999,32.793000000000035,50.56253337221991,24.999999999999957,29.555555555555674
2015-03-04T14:30:00Z,33.1,33.1,32.46,32.48,943127,430588.55,32.60009237038599,32.91175499999999,33.19735031141921,32.62615968858078,32.59948999999999,32.73100000000004,39.42095281667485,15.995024875621743,23.998341625207335
2015-03-04T15:30:00Z,32.48,32.59,32.455,32.57,579735,445516.25,32.59862444987935,32.897254999999994,33.21904260371284,32.575467396287145,32.62223999999999,32.67500000000003,43.714200826889574,14.092769236523973,18.362598037381932
2015-03-04T16:30:00Z,32.56,32.59,32.54,32.57,452259,452944.8,32.59722813525109,32.880505,33.23240297086924,32.52860702913076,32.646739999999994,32.62900000000003,43.714200826889574,12.523846930759708,14.203880347635184
2015-03-04T17:30:00Z,32.57,32.7,32.54,32.61,711974,460512.5,32.59785115304372,32.858005,33.218557467613465,32.49745253238653,32.670739999999995,32.598000000000035,45.69786122432823,19.298245614035327,15.304953927106377
2015-03-04T18:30:00Z,32.61,32.64,32.5,32.62,691293,463371.4,32.59893158460256,32.835004999999995,33.194664563897156,32.475345436102835,32.69649,32.570000000000036,46.208259006850426,21.804511278195587,17.875534607663585
2015-03-04T19:30:00Z,32.63,32.78,32.57,32.64,1729987,526285.7,32.60093492193902,32.815504999999995,33.17304490253313,32.45796509746686,32.71324,32.60200000000003,47.275636083683594,25.313283208020167,22.13868003341707
2015-03-04T20:30:00Z,32.64,32.72,32.61,32.66,852192,549164.05,32.60381614525907,32.792005,33.12469212313703,32.459317876862976,32.72999,32.62000000000003,48.37873783321157,27.81954887218043,24.97911445279877
2015-03-05T14:30:00Z,32.79,32.96,32.6,32.695,538036,553287.75,32.60826413817326,32.777255000000004,33.09951586001933,32.45499413998068,32.745615,32.64500000000003,50.33695260102925,31.95197295564498,28.361601678615234
2015-03-05T15:30:00Z,32.7,33.01,32.69,32.9,612699,570958.4,32.622495155823344,32.771755,33.08144885189494,32.46206114810506,32.766115,32.70300000000003,59.92581169891138,45.676206018923104,35.14924261558288
2015-03-05T16:30:00Z,32.9,32.985,32.885,32.93,494234,584711,32.63749539212464,32.772755000000004,33.08435128030676,32.461158719693245,32.784864999999996,32.765000000000036,61.10921389459845,59.948320413436555,45.858833129334926
2015-03-05T17:30:00Z,32.93,33.07,32.84,32.97,495945,599681.05,32.653715129094174,32.77350500000001,33.08691920181665,32.460090798183366,32.805364999999995,32.83100000000004,62.6911988539691,74.16020671834598,59.92824438356859
2015-03-05T18:30:00Z,32.975,33.05,32.89,33.01,564136,613186.5,32.67109487889446,32.774505000000005,33.09079034885426,32.45821965114575,32.825615,32.90100000000004,64.25698171546462,79.84496124030973,71.31782945736414
2015-03-05T19:30:00Z,33.005,33.02,32.81,32.94,592576,605196.9,32.68421220187522,32.772505,33.084037505368364,32.46097249463164,32.827864999999996,32.95000000000003,59.5471644335668,80.3617571059427,78.12230835486618
2015-03-05T20:30:00Z,32.94,33.03,32.79,32.8,1446473,632792.8,32.6898603871496,32.764500000000005,33.06434829497642,32.46465170502359,32.82686499999999,32.93000000000004,51.42821451092902,71.57622739018039,77.26098191214432
2015-03-06T14:30:00Z,32.68,33.06,32.57,33.05,555870,640994.85,32.707428173142304,32.770500000000006,33.08765768948533,32.45334231051468,32.83205249999999,32.954000000000036,61.51820496647119,75.14337934076964,75.69378794563096
2015-03-06T15:30:00Z,33.05,33.075,32.7,32.73,404629,644087.75,32.70852923786707,32.767500000000005,33.084998031490024,32.45000196850999,32.83080249999999,32.906000000000034,47.82374472190709,63.412113190898765,70.04390664061631
2015-03-06T16:30:00Z,32.73,32.82,32.5701,32.575,362545,648641.6,32.7020156165077,32.75375000000001,33.07947803072294,32.42802196927708,32.83367749999999,32.81900000000003,42.848203938075315,49.93048191351449,62.82865814839434
2015-03-06T17:30:00Z,32.57,32.66,32.54,32.66,291103,652479.55,32.699966074239036,32.746750000000006,33.07421412017142,32.41928587982859,32.83742749999999,32.76300000000003,46.15648232086138,26.956521739130057,46.766372281181155
2015-03-06T18:30:00Z,32.65,32.67,32.53,32.6,260883,655585.95,32.69508968037372,32.73850000000001,33.0719681394045,32.40503186059552,32.84005249999999,32.72300000000003,44.211033375214214,17.904533971546215,31.597179208063633
2015-03-06T19:30:00Z,32.5937,32.73,32.53,32.695,331370,645553.3,32.69508530572134,32.73525000000001,33.069083416539684,32.40141658346033,32.834127499999994,32.65200000000003,47.951713803918544,23.648451003855527,22.836502238177314
2015-03-06T20:30:00Z,32.69,32.715,32.59,32.7,466731,621733.5,32.695325046905666,32.74625000000001,33.059584884745746,32.432915115254275,32.829002499999994,32.646000000000036,48.1487710580897,24.770642201834836,22.107875725745572
2015-03-09T13:30:00Z,32.72,32.72,32.42,32.49,483570,616925.25,32.685309190959046,32.74225000000001,33.06634065089523,32.4181593491048,32.8197525,32.62900000000003,41.10902292390196,24.051637603006725,24.156910269565742
2015-03-09T14:30:00Z,32.48,32.75,32.475,32.73,281662,608395.4,32.68748923042446,32.75025000000001,33.06469355614115,32.435806443858866,32.8153775,32.643000000000036,50.09021954796864,29.735975908676863,26.186085237839517
2015-03-09T15:30:00Z,32.73,32.785,32.6,32.73,158197,580706.55,32.68956292650132,32.75625000000001,33.064273943873246,32.44822605612677,32.80712749999999,32.66900000000004,50.09021954796864,35.11450381679334,29.634039109492353
2015-03-09T16:30:00Z,32.72,32.86,32.65,32.86,236788,557981.3,32.69787693008662,32.76825000000001,33.07278694356885,32.46371305643117,32.80162749999999,32.70200000000004,54.45376408703299,53.94402035623337,39.598166693901234
2015-03-09T17:30:00Z,32.86,32.99,32.8,32.81,322320,487597.95,32.70334634813118,32.77675000000001,33.07593681454873,32.47756318545128,32.79612749999999,32.72400000000003,52.55074152301459,58.01526717557206,49.02459711619963
2015-03-09T18:30:00Z,32.81,32.99,32.79,32.92,406384,465307.55,32.713914818954045,32.789750000000005,33.09010770341393,32.48939229658608,32.790877499999986,32.81000000000004,56.17905757218839,67.68447837150104,59.88125530110221
2015-03-09T19:30:00Z,32.9135,33.05,32.91,33.03,627111,469761.3,32.72933360827336,32.8065,33.12088988533636,32.49211011466364,32.791877499999984,32.87000000000004,59.513126713060814,76.33587786259527,67.34520780322283
2015-03-10T13:30:00Z,32.89,32.97,32.615,32.7,1057676,492010.15,32.727902700552704,32.7965,33.111080673280334,32.48191932671967,32.78412749999998,32.86400000000003,47.770644149459464,70.73791348600497,71.58608990670048
2015-03-10T14:30:00Z,32.7,32.77,32.55,32.55,518723,493234.6,32.71922452003794,32.7775,33.10323762447689,32.45176237552312,32.77512749999998,32.802000000000035,43.5631065909612,52.17092774344656,66.41490636401564
2015-03-10T15:30:00Z,32.55,32.61,32.49,32.5,327208,484797.75,32.7085306410117,32.754000000000005,33.088493647173884,32.419506352826126,32.76375249999998,32.74000000000003,42.22795558087739,25.360474978795352,49.423105402749
2015-03-10T16:30:00Z,32.48,32.61,32.43,32.485,295007,471341.3,32.69762670730381,32.72775,33.06015750593319,32.39534249406681,32.75112749999998,32.653000000000034,41.81391933601744,14.550264550264181,30.69388909083541
2015-03-10T17:30:00Z,32.48,32.69,32.38,32.5,403365,461880.75,32.68798638011826,32.70575000000001,33.03729599982354,32.374204000176476,32.73912749999998,32.54700000000003,42.421886910008894,13.642106925688752,17.850948818249474
2015-03-10T18:30:00Z,32.5,32.56,32.4,32.44,609325,420023.35,32.67588948352713,32.68775000000001,33.03556424640004,32.339935753599974,32.72612499999998,32.495000000000026,40.59473080804741,12.394377319750035,13.528916265234367
2015-03-10T19:30:00Z,32.44,32.475,32.34,32.35,654093,424934.5,32.659992435550194,32.65275000000001,32.988375907817414,32.31712409218261,32.71162499999998,32.45500000000003,37.95402822985089,9.42470744867172,11.820397231370213
2015-03-11T13:30:00Z,32.33,32.33,31.88,32.1,779605,443683.3,32.63267573137701,32.62125000000001,33.03184560396928,32.21065439603074,32.69437499999998,32.37500000000003,31.771456891504627,9.722364462746802,10.513816410389564
2015-03-11T14:30:00Z,32.1,32.15,31.9,31.95,734953,462303.7,32.59937447618789,32.59,33.09435106820693,32.085648931793074,32.67187499999998,32.26800000000003,28.745787924633404,8.731591830183353,9.292887913867336
2015-03-11T15:30:00Z,31.95,32.3473,31.95,32.22,281844,461840.75,32.58086840417872,32.568000000000005,33.09604734636352,32.03995265363649,32.65737499999997,32.212000000000025,39.84977020759489,17.948717948718024,12.134224747216104
2015-03-11T16:30:00Z,32.23,32.2801,32.14,32.14,158136,456703.4,32.55936262836513,32.545,33.10459807004829,31.985401929951713,32.64174999999997,32.15200000000002,37.962086618970176,19.08831908831914,15.256209622406883
2015-03-11T17:30:00Z,32.15,32.33,32.12,32.29,184138,449341.8,32.54622298795707,32.524750000000004,33.090448462081234,31.95905153791878,32.629999999999974,32.14000000000003,43.378032207603376,28.77492877492884,21.937321937322043
2015-03-11T18:30:00Z,32.29,32.32,32.16,32.16,185102,435260.35,32.52738284220307,32.49775,33.078753227186866,31.91674677281314,32.62199999999997,32.15200000000003,40.10985929883777,27.06552706552706,24.976258309591724
2015-03-11T19:30:00Z,32.165,32.18,32.1,32.12,310756,426619.65,32.507510508437065,32.47925,33.0831728013591,31.875327198640903,32.610749999999975,32.18600000000002,39.1328954715232,26.99756919940395,27.612675013286662
2015-03-12T13:30:00Z,32.13,32.31,32.07,32.27,262551,425664.1,32.49592462997672,32.45625,33.05523977453996,31.85726022546003,32.60324999999997,32.196000000000026,44.58393099191367,29.92339909152604,27.995498452152393
2015-03-12T14:30:00Z,32.27,32.32,32.17,32.31,519621,443735.3,32.48685513583151,32.43525,33.023735131504196,31.846764868495807,32.59574999999997,32.23000000000003,45.97342669401367,39.64166436534709,32.187544218759065
2015-03-12T15:30:00Z,32.31,32.37,32.13,32.24,490180,456404.9,32.47481342188851,32.404250000000005,32.96461840560563,31.843881594394386,32.586249999999964,32.220000000000034,43.89899653657122,47.1170296388777,38.89403103191699
2015-03-12T16:30:00Z,32.24,32.24,32.1,32.13,207076,450642.7,32.45799325496712,32.370250000000006,32.91016179835235,31.830338201647667,32.57349999999997,32.214000000000034,40.78464284046512,42.79835390946547,43.1856826378968
2015-03-12T17:30:00Z,32.13,32.21,32.105,32.12,208483,440747.65,32.44150577911507,32.33025,32.817266170165425,31.843233829834574,32.55999999999997,32.214000000000034,40.50332581004953,36.867586540789304,42.26099002971087
2015-03-12T18:30:00Z,32.12,32.14,32.08,32.13,264670,422625.6,32.426310375255795,32.285250000000005,32.65831132203845,31.912188677961556,32.54587499999997,32.186000000000035,40.94202075203314,36.058373966870846,38.57477147237525
2015-03-12T19:30:00Z,32.12,32.16,32.09,32.15,305394,385011.5,32.41283182036527,32.25775,32.5824109770237,31.933089022976304,32.52712499999997,32.15400000000004,41.865272748995835,44.13765506202483,39.021205189895035
2015-03-13T13:30:00Z,32.05,32.38,32,32.355,297240,373937.35,32.41001075595721,32.248000000000005,32.54772320564356,31.948276794356453,32.51274999999997,32.177000000000035,50.42084968676694,63.97017140189386,48.05540014359656
2015-03-13T14:30:00Z,32.35,32.35,31.97,31.98,191550,367154.45,32.389034621520274,32.222,32.519983221007585,31.92401677899242,32.487999999999964,32.147000000000034,39.08840311048594,52.29015055634627,53.465992340088356
2015-03-13T15:30:00Z,31.99,31.99,31.8,31.94,302127,367510.45,32.367130493641234,32.19475,32.4912204875739,31.8982795124261,32.461249999999964,32.11100000000003,38.104608517415244,41.96878062906498,52.743034195768416
2015-03-13T16:30:00Z,31.94,32.01,31.94,31.95,94036,352044,32.346782664683126,32.16725,32.44691900078715,31.887580999212858,32.43649999999997,32.07500000000003,38.52119637045504,18.992248062015445,37.750393082475604
2015-03-13T17:30:00Z,31.94,32.12,31.92,32.11,228494,333002.45,32.33523229079614,32.15075,32.40155420650727,31.899945793492734,32.41924999999996,32.06700000000003,44.91008156052068,34.482758620689395,31.81459577058998
2015-03-13T18:30:00Z,32.11,32.11,31.96,32.01,229355,311765.55,32.31936730100121,32.13375,32.37410130538805,31.893398694611946,32.393249999999966,31.99800000000003,41.974147727878616,38.505747126436326,30.660251269713758
2015-03-13T19:30:00Z,32,32.09,31.95,32.04,329545,289262.55,32.305739627781634,32.13075,32.37418941752055,31.887310582479447,32.37599999999996,32.01000000000003,43.17434546796944,43.67816091953974,38.88888888888852
2015-03-16T13:30:00Z,32.21,32.455,32.1,32.2925,379633,271496.55,32.30509379228009,32.147875,32.386177722397804,31.90957227760219,32.368937499999966,32.08050000000003,52.14603115729733,50.925682197068944,44.36986341434837
2015-03-16T14:30:00Z,32.3,32.31,32.16,32.17,367853,275797,32.29850385119325,32.145375,32.3816390207524,31.9091109792476,32.356687499999964,32.12450000000003,48.17240232692992,57.68623321926808,50.76335877862562
2015-03-16T15:30:00Z,32.17,32.34,32.155,32.22,241787,279979.55,32.29467439503748,32.149375000000006,32.387838178499145,31.91091182150087,32.34718749999997,32.14650000000004,49.852123456093835,65.26717557251906,57.9596969962854
2015-03-16T16:30:00Z,32.22,32.32,32.19,32.32,92983,275421.8,32.29590979040151,32.150875,32.39320367659944,31.908546323400557,32.33781249999997,32.208500000000036,53.12431284968278,66.66666666666681,63.20669181948469
2015-03-16T17:30:00Z,32.33,32.45,32.33,32.4337,162300,274281.7,32.30263126404046,32.16456000000001,32.4365074463933,31.892612553606714,32.33115499999997,32.28724000000004,56.592450318876274,80.08651399491114,70.67345207803238
2015-03-16T18:30:00Z,32.4366,32.52,32.39,32.42,222871,269887.45,32.308356568233606,32.17956,32.47231965159448,31.886800348405526,32.32940499999997,32.31274000000003,56.054301504842655,87.41617189708809,78.05645085288872
2015-03-16T19:30:00Z,32.42,32.49,32.42,32.47,278531,270686.45,32.31624161368563,32.18956,32.50664581425439,31.872474185745606,32.32290499999997,32.372740000000036,57.637585125561735,91.97158608990661,86.49142399396867
2015-03-17T13:30:00Z,32.31,32.4999,32.16,32.22,235119,256461.35,32.31154690082291,32.18506000000001,32.49770448435817,31.872415515641848,32.31015499999997,32.372740000000036,48.272769151002706,79.16666666666625,86.18480821788704
2015-03-17T14:30:00Z,32.22,32.43,32.2,32.43,202218,242063.25,32.31732510078277,32.19456,32.524379668304505,31.8647403316955,32.29940499999997,32.394740000000034,54.901355647083044,79.62962962962912,83.58929412873404
2015-03-17T15:30:00Z,32.43,32.49,32.35,32.4,200592,241739.05,32.321358022695804,32.20806,32.54814753814363,31.86797246185638,32.28915499999998,32.388000000000034,53.83992220851023,75.27777777777722,78.02469135802424
2015-03-17T16:30:00Z,32.4,32.54,32.38,32.54,219163,242273.05,32.332023485003326,32.229060000000004,32.59564075999748,31.86247924000253,32.27965499999998,32.412000000000035,57.9277869558587,89.16666666666625,81.35802469135757
2015-03-17T17:30:00Z,32.54,32.59,32.45,32.55,201728,239125.95,32.34265648573487,32.250060000000005,32.63897563815446,31.861144361845547,32.26765499999997,32.42800000000003,58.21245159743086,91.24999999999943,85.23148148148101
2015-03-17T18:30:00Z,32.56,32.65,32.55,32.65,197819,233747.2,32.35764885228439,32.27506,32.697840526515606,31.8522794734844,32.26640499999997,32.51400000000003,61.05053010041322,97.91666666666633,92.77777777777737
2015-03-17T19:30:00Z,32.65,32.68,32.59,32.66,320422,234906.3,32.372397688758326,32.29031,32.74437035237808,31.836249647621916,32.26915499999997,32.56000000000004,61.33334274548197,96.76724137930982,95.3113026819919
2015-03-18T13:30:00Z,32.62,32.65,32.38,32.41,189189,234788.25,32.374231947843285,32.311809999999994,32.74531718979304,31.87830281020695,32.266904999999966,32.56200000000003,51.303986129819414,81.70771756978608,92.1305418719208
2015-03-18T14:30:00Z,32.41,32.42,32.21,32.21,597189,249541.35,32.36622063331434,32.32531,32.72733487932973,31.923285120670275,32.260029999999965,32.49600000000003,44.96876127509769,51.86644772851623,76.78046889253744
2015-03-18T15:30:00Z,32.215,32.22,32.12,32.155,249048,257291.95,32.355917187786815,32.33556,32.7081634535546,31.9629565464454,32.25140499999996,32.41700000000004,43.382259827741045,21.765873015872945,51.78001277139182
2015-03-18T16:30:00Z,32.155,32.37,32.13,32.33,371798,264457.15,32.354652934724044,32.34656,32.70458242052933,31.988537579470666,32.24865499999997,32.35300000000004,49.48857493944956,18.075396825397004,30.569239189928783
2015-03-18T17:30:00Z,32.33,32.915,32.19,32.84,760815,291030.15,32.37832840132287,32.388059999999996,32.77189998437218,32.00422001562781,32.260904999999966,32.38900000000004,62.26232977891914,44.77201257861672,28.204427473295613
2015-03-18T18:30:00Z,32.84,32.95,32.73,32.9,541074,301606.6,32.40377579638029,32.431059999999995,32.84108986915905,32.02103013084094,32.28090499999997,32.48700000000004,63.43391315167769,74.0139804501023,45.6204632847054
2015-03-18T19:30:00Z,32.9,32.92,32.79,32.86,681540,316701.95,32.42603063558125,32.459435,32.90425188491172,32.014618115088275,32.30365499999997,32.61700000000003,62.050858525931,91.23285595211023,70.00628299360982
2015-03-19T13:30:00Z,32.87,33.48,32.86,33.33,816867,339152.65,32.47012670213826,32.517435,33.08243785052644,31.95243214947356,32.33140499999997,32.85200000000003,70.25679491267309,90.70103945192507,85.31595861804593
2015-03-19T14:30:00Z,33.32,33.32,33.0725,33.0725,424479,348287.25,32.49951076544859,32.56006,33.156622296497375,31.963497703502625,32.354717499999964,33.00050000000003,62.30746807995473,82.7213264824001,88.21840729547853
2015-03-19T15:30:00Z,33.07,33.26,33.05,33.26,302227,358749.45,32.53660780128037,32.607060000000004,33.26547325442359,31.94864674557642,32.378967499999966,33.084500000000034,65.3792294295711,80.94362745098044,84.78866446176859
2015-03-19T16:30:00Z,33.2501,33.38,33.185,33.33,216383,361453.6,32.5753098597545,32.651875000000004,33.375748046535705,31.9280019534643,32.408217499999964,33.170500000000025,66.4775995777543,80.94362745098044,81.53619379478705
2015-03-19T17:30:00Z,33.34,33.38,33.29,33.37,199877,360303.9,32.6140752324494,32.699375,33.47870463981903,31.920045360180982,32.439467499999964,33.27250000000003,67.11954259069911,88.23529411764711,83.37418300653606
2015-03-19T18:30:00Z,33.37,33.42,33.29,33.3,320599,362407.3,32.64753497720797,32.740875,33.55456608849818,31.927183911501828,32.465217499999966,33.26650000000003,64.7815899905041,89.21568627450984,86.1315359477125
2015-03-19T19:30:00Z,33.29,33.34,33.2,33.2,506626,375982.65,32.6744844905149,32.78987500000001,33.59011633078694,31.989633669213074,32.487467499999966,33.29200000000004,61.486601899356735,86.02941176470603,87.82679738562103
2015-03-20T13:30:00Z,33.29,33.42,33.22,33.22,394778,385610.65,32.70109500317271,32.829375,33.6326462415515,32.0261037584485,32.51196749999996,33.284000000000034,61.90394850947369,82.35294117647076,85.86601307189561
2015-03-20T14:30:00Z,33.21,33.23,33.085,33.2,300918,390626.95,32.72543183228624,32.869375000000005,33.66275050220614,32.07599949779387,32.53871749999996,33.25800000000003,61.18986463272575,79.90196078431404,82.761437908497
2015-03-20T15:30:00Z,33.19,33.23,33.11,33.195,581809,408759.25,32.74833759656496,32.902125,33.692481367408874,32.11176863259112,32.565592499999966,33.223000000000035,61.00041735258968,79.72766884531613,80.66085693536702
2015-03-20T16:30:00Z,33.19,33.28,33.13,33.235,401056,418725.65,32.77207722600082,32.936375,33.722080853041426,32.15066914695857,32.593217499999966,33.210000000000036,62.01365441574959,79.76946851091883,79.79969938018304
2015-03-20T17:30:00Z,33.24,33.32,33.21,33.225,341972,425933.3,32.79417101985444,32.965125,33.7488891147075,32.1813608852925,32.62009249999996,33.21500000000004,61.58289389492974,75.29888027562477,78.26533921061996
2015-03-20T18:30:00Z,33.24,33.25,33.165,33.21,382935,429058.95,32.81445536034934,32.99262499999999,33.770206949061354,32.215043050938625,32.64146749999996,33.21300000000004,60.89955112671559,69.29243905179234,74.78692927944536
2015-03-20T19:30:00Z,33.2028,33.3,33.14,33.145,464422,442820.6,32.830579489112786,33.029374999999995,33.76148475099668,32.29726524900331,32.67059249999996,33.20200000000004,57.90126324671572,57.61243571762566,67.40125168168098
2015-03-23T13:30:00Z,33.06,33.06,32.69,32.9101,352509,430586.6,32.83445853842436,33.06437999999999,33.696561551774664,32.43219844822532,32.694844999999965,33.14502000000003,48.590865838736946,45.662664028127786,57.522512932515305
2015-03-23T14:30:00Z,32.91,32.94,32.76,32.8,325097,434389.05,32.832777634110975,33.09662999999999,33.59067273540332,32.602587264596664,32.71609499999997,33.058020000000035,44.943059301168084,30.395640005892133,44.556913250548575
2015-03-23T15:30:00Z,32.81,33.06,32.81,33.02,243626,427980.45,32.84191043244702,33.13113,33.481768481063824,32.780491518936174,32.73884499999997,33.01702000000004,52.60030757042157,30.14155251141568,35.39995218181192
2015-03-23T16:30:00Z,33.03,33.065,32.94,33.01,78829,393881.15,32.850109923547166,33.13963,33.469238107306126,32.81002189269387,32.76384499999997,32.97702000000004,52.24462362721305,34.703196347032005,31.746796288113327
2015-03-23T17:30:00Z,33.01,33.065,32.99,33.02,82195,370937.2,32.858397244349746,33.14563,33.46166048017988,32.829599519820114,32.788344999999964,32.95202000000004,52.58987211628136,44.74885844748885,36.53120243531223
2015-03-23T18:30:00Z,33.025,33.105,32.99,33.075,196946,346707.5,32.86896323243025,33.15638,33.446369369464925,32.86639063053507,32.80790749999996,32.985000000000035,54.53665824181771,47.26027397260297,42.23744292237466
2015-03-23T19:30:00Z,33.07,33.16,33.07,33.15,356871,323707.7,32.8826723430434,33.14737999999999,33.426215425304115,32.86854457469587,32.83240749999996,33.05500000000004,57.12226350934703,53.6529680365299,48.55403348554063
2015-03-24T13:30:00Z,33.18,33.45,33.06,33.26,401105,322539,32.901078570212015,33.15675499999999,33.4374913209578,32.87601867904218,32.85840749999996,33.103000000000044,60.656457881304924,63.58447488584465,54.832572298325886
2015-03-24T14:30:00Z,33.26,33.47,33.21,33.36,636481,339251.7,32.92346498142118,33.16175499999999,33.45303267148336,32.87047732851662,32.884407499999966,33.17300000000004,63.59424686564562,74.63704484252409,63.958162588299594
2015-03-24T15:30:00Z,33.3572,33.36,33.275,33.3,357836,346324.35,32.94183254330308,33.16025499999999,33.448343080116416,32.87216691988357,32.90606499999997,33.22900000000004,60.66715274330308,79.7008547008545,72.6407914764078
2015-03-24T16:30:00Z,33.3,33.31,33.12,33.1357,285293,350595.15,32.95128949241025,33.14853999999999,33.420142234166484,32.876937765833496,32.923957499999965,33.241140000000044,53.41667377806658,73.74786324786328,76.02858759708069
2015-03-24T17:30:00Z,33.13,33.14,33.02,33.05,97153,339422.85,32.95610463912194,33.136039999999994,33.40155228522357,32.870527714776415,32.93845749999996,33.221140000000034,50.05621165863082,60.49999999999995,71.3162393162393
2015-03-24T18:30:00Z,33.05,33.11,33,33.03,137433,320963.2,32.95970929087209,33.127539999999996,33.39519368221648,32.85988631778351,32.95870749999996,33.17514000000004,49.277097424825236,48.9615384615386,61.06980056980066
2015-03-24T19:30:00Z,33.03,33.06,32.955,32.97,185887,310518.65,32.96021127668321,33.11503999999999,33.3875606296862,32.84251937031379,32.97220749999996,33.09714000000004,46.917779081041445,41.88034188034199,50.44729344729357
2015-03-25T13:30:00Z,33,33.1,32.76,32.81,188518,304898.65,32.95288389733281,33.09554,33.39539452073188,32.79568547926812,32.98245749999997,32.99914000000004,41.24648938940525,28.843144336102437,39.895008225994395
2015-03-25T14:30:00Z,32.81,32.81,32.58,32.7,161463,283881.35,32.940548097462916,33.07079,33.41251269986483,32.72906730013518,32.986457499999965,32.91200000000004,37.858334357209905,18.80761182865986,29.843699348368148
2015-03-25T15:30:00Z,32.7,32.7,32.4849,32.5,227810,275219.05,32.91905794636716,33.03404,33.447729996982844,32.62035000301715,32.985207499999966,32.80200000000004,32.612835075421245,7.352746298065841,18.334500820942765
2015-03-25T16:30:00Z,32.5038,32.51,32.34,32.49,149711,265606,32.89812829044681,32.99729,33.463808942383146,32.53077105761685,32.98120749999997,32.69400000000004,32.37132210786173,9.430107218751981,11.863488448492612
2015-03-25T17:30:00Z,32.48,32.56,32.4,32.51,138699,253394.2,32.87919520310795,32.96229,33.46346973183549,32.46111026816452,32.977457499999964,32.60200000000005,33.43307890323575,9.950474458816638,8.91110932521154
2015-03-25T18:30:00Z,32.52,32.52,32.33,32.35,165535,238449.85,32.85338080295634,32.92254,33.48215066251772,32.36292933748228,32.97595749999996,32.51000000000004,29.449715524825578,10.02432334523618,9.801635007601652
2015-03-25T19:30:00Z,32.355,32.38,32.3,32.35,534458,247547.3,32.82882564183652,32.894535000000005,33.50736159301164,32.28170840698837,32.97945749999996,32.44000000000004,29.449715524825578,7.024046008675801,8.999614604242923
2015-03-26T13:30:00Z,32.22,32.36,31.85,32.32,329479,247766.4,32.8040048788201,32.870535000000004,33.53196009258518,32.20910990741483,32.98358249999996,32.40400000000004,28.70598326584981,11.680078639143174,9.576149331018437
2015-03-26T14:30:00Z,32.32,32.4,32.19,32.25,225213,246845.75,32.77698025058498,32.832035000000005,33.54203424866227,32.12203575133774,32.98158249999996,32.356000000000044,26.99301847704973,19.925305392560823,12.87647668012665
2015-03-26T15:30:00Z,32.24,32.36,32.22,32.32,120593,248933.95,32.754688531044245,32.797534999999996,33.53607382301729,32.0589961769827,32.96858249999996,32.31800000000004,31.40136920152345,29.231397575365182,20.278927202356446
2015-03-26T16:30:00Z,32.32,32.47,32.28,32.46,105198,250084.1,32.74031348074941,32.769535000000005,33.514646691694566,32.024423308305444,32.95758249999996,32.340000000000046,39.29619158884275,35.32288958416986,28.159864184032006
2015-03-26T17:30:00Z,32.46,32.55,32.395,32.42,184271,249450.35,32.724688432907975,32.736785000000005,33.48289112723713,31.990678872762874,32.94658249999996,32.35400000000004,37.95224793741032,41.5722325884798,35.37550658267167
2015-03-26T18:30:00Z,32.41,32.467,32.315,32.38,190018,241107.7,32.70787436301003,32.698285000000006,33.434528935866915,31.962041064133093,32.92283249999996,32.36600000000004,36.604077657496035,44.97497231450726,40.623364829052356
2015-03-26T19:30:00Z,32.38,32.47,32.34,32.45,337404,237922.65,32.695295125790025,32.657785000000004,33.35400225998474,31.961567740015266,32.90726999999997,32.40600000000005,40.58192879346802,45.21269841269852,43.919967771895244
2015-03-27T13:30:00Z,32.46,32.58,32.38,32.51,144715,213334.35,32.68625633916612,32.61528500000001,33.23434911065513,31.996220889344887,32.888519999999964,32.444000000000045,43.83498080475996,53.04999999999993,47.74589024240196
2015-03-27T14:30:00Z,32.51,32.52,32.21,32.215,455356,218210.35,32.663268225060456,32.561035000000004,33.11758402129266,32.00448597870735,32.86064499999996,32.39500000000005,33.98359679301022,53.230392156862706,50.497696856520434
2015-03-27T15:30:00Z,32.21,32.24,32.06,32.16,277883,217839.85,32.63871855554531,32.51225000000001,33.02833599089679,31.996164009103225,32.83039499999997,32.343000000000046,32.51634869010209,51.385643298415026,52.55534515175927
2015-03-27T16:30:00Z,32.16,32.41,32.15,32.37,265540,226259.2,32.625610333323586,32.47825,32.93424643639114,32.022253563608864,32.80714499999997,32.34100000000005,42.690578192262564,52.213268869191324,52.276434774823066
2015-03-27T17:30:00Z,32.37,32.375,32.19,32.22,159237,227349.4,32.60582446340536,32.43775000000001,32.82995498467032,32.045545015329694,32.78264499999997,32.295000000000044,38.254106933223404,54.79452054794493,52.79781090518381
2015-03-27T18:30:00Z,32.22,32.35,32.2,32.315,225138,229311.95,32.591637904214856,32.40500000000001,32.71466110508185,32.095338894918164,32.76001999999997,32.25600000000004,42.34096921328311,61.87214611872127,56.29331184528589
2015-03-27T19:30:00Z,32.31,32.39,32.31,32.37,307912,235281.65,32.5808262991312,32.38300000000001,32.6307781265574,32.13522187344262,32.73926999999996,32.287000000000035,44.626098710242104,61.87214611872127,59.51293759512921
2015-03-30T13:30:00Z,32.47,32.64,32.435,32.55,163842,235400.6,32.579322577222364,32.3755,32.591483795692426,32.15951620430758,32.72314499999997,32.36500000000003,51.412815288177256,73.13808849000121,65.62746024248129
2015-03-30T14:30:00Z,32.56,32.575,32.41,32.49,161180,232069.1,32.57496537833347,32.375000000000014,32.58987205495065,32.160127945049375,32.70451999999996,32.38900000000003,49.24615727649642,76.61785545583349,70.54269668818537
2015-03-30T15:30:00Z,32.49,32.51,32.32,32.32,188489,234008,32.562528042805006,32.36650000000001,32.57588242524077,32.15711757475925,32.68189499999997,32.409000000000034,43.635184607104655,67.81609195402277,72.5240119666192
2015-03-30T16:30:00Z,32.33,32.36,32.32,32.35,92457,231695.9,32.552160821204765,32.35850000000001,32.557298893358606,32.15970110664141,32.660394999999966,32.41600000000004,44.82979804575624,56.32183908045976,66.91859549677206
2015-03-30T17:30:00Z,32.34,32.43,32.33,32.36,94569,228147.6,32.54278712260941,32.35900000000001,32.557761163206415,32.1602388367936,32.64076999999996,32.41400000000003,45.24637535466485,48.85057471264349,57.662835249042054
2015-03-30T18:30:00Z,32.36,32.48,32.34,32.435,143002,208574.8,32.53752921418944,32.36325000000001,32.56467678570672,32.16182321429329,32.628892499999964,32.391000000000034,48.39368745477981,55.45977011494248,53.54406130268197
2015-03-30T19:30:00Z,32.435,32.435,32.3,32.3,418899,213045.8,32.52594242325337,32.36225,32.5647216029477,32.15977839705231,32.61639249999997,32.35300000000004,43.54200318548699,52.586206896551424,52.298850574712525
2015-03-31T13:30:00Z,32.22,32.3,32.03,32.06,173949,210482.6,32.503213524558085,32.35275,32.59020473252957,32.11529526747043,32.59239249999996,32.30100000000004,36.53035841648517,36.98417184850185,48.343382953331975
2015-03-31T14:30:00Z,32.065,32.1,31.93,31.98,289019,218903.9,32.47769091360403,32.335750000000004,32.6235046698131,32.04799533018691,32.566642499999965,32.22700000000004,34.53407257710141,17.77986555094637,35.783414765333276
2015-03-31T15:30:00Z,31.97,31.97,31.76,31.765,166894,221988.7,32.44292550318432,32.301,32.675213842609665,31.926786157390335,32.53526749999996,32.10800000000004,29.81800019168557,4.176156042064662,19.64673114717102
2015-03-31T16:30:00Z,31.77,31.9,31.68,31.85,196919,222621.1,32.41400230790703,32.27250000000001,32.69039352710877,31.85460647289125,32.50464249999996,31.991000000000035,33.674374396097406,8.439589557547349,10.131870383519518
2015-03-31T17:30:00Z,31.85,31.89,31.77,31.77,111401,218690.25,32.38258756117986,32.24200000000001,32.71008546228108,31.773914537718944,32.470142499999966,31.88500000000004,31.89785228479822,9.217171717171723,7.277639105594638
2015-03-31T18:30:00Z,31.78,31.806,31.57,31.66,242843,213962.2,32.34733938746377,32.202500000000015,32.72399304884777,31.681006951152263,32.43014249999997,31.805000000000042,29.586569545973887,11.831516095534823,9.829425790084692
2015-03-31T19:30:00Z,31.65,31.765,31.6,31.69,294536,221453.25,32.31527405148993,32.16150000000001,32.70817266256669,31.614827337433333,32.388392499999966,31.747000000000043,31.053855868409073,9.66705607476637,10.238581295824366
2015-04-01T13:30:00Z,31.76,32.01,31.43,31.63,351361,216253.5,32.281846048978224,32.13225000000001,32.72500184520835,31.539498154791684,32.34664249999996,31.720000000000045,29.71995900550195,12.364472377531987,11.287681515944454
2015-04-01T14:30:00Z,31.63,31.63,31.4,31.47,452033,224961,32.2422438026866,32.097750000000005,32.7566542039621,31.438845796037906,32.304999999999964,31.644000000000045,26.456403928031236,11.662836161877095,11.231454871391877
2015-04-01T15:30:00Z,31.47,31.72,31.44,31.716,334468,228407.4,32.216573373287254,32.06505000000001,32.73153345065705,31.398566549342963,32.27164999999996,31.633200000000045,37.77091878674591,17.6776048246209,13.901637788010055
2015-04-01T16:30:00Z,31.71,31.75,31.63,31.65,153197,228105.4,32.18893564776105,32.036550000000005,32.72255480318985,31.350545196810156,32.237149999999964,31.631200000000046,36.16340784953994,19.571237904571348,16.30389296368984
2015-04-01T17:30:00Z,31.65,31.73,31.62,31.64,207072,227202.1,32.162158299089775,32.0028,32.69705488114964,31.308545118850365,32.20389999999996,31.621200000000044,35.914005249444386,24.87654320987672,20.708461979689716
2015-04-01T18:30:00Z,31.64,31.65,31.55,31.56,234064,223509.7,32.13278472352442,31.962300000000006,32.66063805567137,31.263961944328642,32.17264999999996,31.607200000000045,33.89980126821466,20.27643585614607,21.574738990198103
2015-04-01T19:30:00Z,31.555,31.7,31.555,31.66,270937,228864.45,32.10972205408421,31.917800000000007,32.572745677135856,31.262854322864154,32.14664999999996,31.645200000000045,38.539903433612324,22.19001610305971,22.447665056360893
2015-04-02T13:30:00Z,31.71,32.38,31.71,32.23,614309,251520.9,32.11558927095815,31.904800000000012,32.52309526926622,31.2865047307338,32.13989999999996,31.74800000000004,57.04817723703791,43.01390121265886,28.49345105728827
2015-04-02T14:30:00Z,32.235,32.61,32.07,32.61,642676,274230.25,32.13970686749678,31.919300000000003,32.58745510175377,31.25114489824624,32.14289999999996,31.940000000000044,64.68373646983136,71.19425547996967,45.466057598562806
2015-04-02T15:30:00Z,32.6,32.685,32.53,32.665,397063,289460.55,32.165330922740836,31.935050000000007,32.65584968784584,31.214250312154174,32.14677499999997,32.145000000000046,65.63593511304813,94.37915243918553,69.52910304393808
2015-04-02T16:30:00Z,32.66,32.705,32.63,32.68,299391,299701.65,32.19043673138762,31.951050000000002,32.721375768749766,31.180724231250238,32.155024999999966,32.36900000000004,65.90592344416456,98.84262365142543,88.1386771901936
2015-04-02T17:30:00Z,32.67,32.81,32.66,32.695,263219,305712.5,32.215049573758954,31.964050000000004,32.7743441379521,31.15375586204791,32.16364999999996,32.57600000000004,66.19197541405856,96.12394752849394,96.44857453970168
2015-04-02T18:30:00Z,32.695,33,32.69,32.925,495431,309539.1,32.24968130186827,31.995300000000007,32.89795322244892,31.092646777551096,32.17877499999996,32.715000000000046,70.30590924994138,95.08025427298163,96.68227515096707
2015-04-02T19:30:00Z,32.93,33,32.91,32.95,583964,330039.85,32.283843189582015,32.03980000000001,33.0339403522638,31.045659647736212,32.196274999999964,32.78300000000005,70.7229340797138,94.67715721040184,95.29378633729254
2015-04-06T13:30:00Z,32.81,33.03,32.74,32.995,189003,325039.05,32.31853376569997,32.09055000000001,33.16748035522169,31.013619644778323,32.21314999999997,32.849000000000046,71.49884442000909,96.68008691206536,95.47916613181633
2015-04-06T14:30:00Z,33,33.11,32.95,33.05,275234,330456.05,32.354215045421924,32.15480000000001,33.29768190115949,31.011918098840525,32.22789999999996,32.923000000000044,72.45954907466518,97.04498212164621,96.13407541470453
2015-04-06T15:30:00Z,33.045,33.25,33.04,33.2,212113,331215.75,32.39547284808427,32.222300000000004,33.442079504664115,31.002520495335897,32.24739999999996,33.02400000000004,74.94047352517268,97.10625663145014,96.94377522172063
2015-04-06T16:30:00Z,33.195,33.31,33.17,33.2527,156231,333457.25,32.43728880671431,32.296435,33.57600829649343,31.016861703506574,32.26921749999997,33.08954000000005,75.76644244653978,96.73677577999074,96.96267151102909
2015-04-06T17:30:00Z,33.26,33.28,33.16,33.205,130521,327841.15,32.47473813321605,32.37368500000001,33.6765763005691,31.07079369943092,32.28809249999996,33.14054000000005,73.4079926196454,95.9457442067735,96.59625887273818
2015-04-06T18:30:00Z,33.21,33.245,33.1,33.12,210884,323658.55,32.50621432183966,32.445185,33.74710240179631,31.143267598203696,32.30334249999997,33.16554000000004,69.27008584715148,93.31739942156582,95.33330646944341
2015-04-06T19:30:00Z,33.13,33.19,33.08,33.08,309751,321578.05,32.53420386711577,32.51768500000001,33.79112782207673,31.24424217792328,32.32496749999997,33.17154000000004,67.34621335801654,89.61096002762645,92.95803455198865
2015-04-07T13:30:00Z,33.11,33.35,33.09,33.26,398517,318902.25,32.569608556524756,32.607185,33.82385798856358,31.39051201143642,32.35246749999997,33.183540000000036,71.21986516082539,89.2558463912628,90.72806861348506
2015-04-07T14:30:00Z,33.26,33.33,33.22,33.25,465458,325451.75,32.60279838303574,32.683885000000004,33.858858057179894,31.508911942820113,32.374467499999966,33.18300000000004,70.71795165702812,88.7995426829266,89.22211636727201
2015-04-07T15:30:00Z,33.25,33.27,33.205,33.22,210901,328336.95,32.63290577898522,32.76238500000001,33.85765341691823,31.667116583081786,32.39946749999997,33.18600000000004,69.14365701610505,87.5726908310747,88.54269330175475
2015-04-07T16:30:00Z,33.23,33.25,33.2,33.23,149055,325436.1,32.66203232635179,32.841885000000005,33.824796514379244,31.858973485620766,32.42234249999997,33.20800000000004,69.38828572538979,84.11933938179925,86.83052429860025
2015-04-07T17:30:00Z,33.23,33.25,33.19,33.22,206375,324051.65,32.68925026165171,32.924885,33.72395158364589,32.125818416354115,32.44359249999997,33.23600000000003,68.80087534385947,81.61872346654916,84.43691789314109
2015-04-07T18:30:00Z,33.215,33.25,33.04,33.055,282473,324628.45,32.70709171230284,32.994635,33.54458620247034,32.44468379752966,32.456217499999966,33.195000000000036,59.80467314133705,71.51702340583272,79.08502875139378
2015-04-07T19:30:00Z,33.06,33.06,32.93,32.97,244812,306153.6,32.71991650682465,33.03163500000001,33.45608566273676,32.607184337263256,32.468217499999966,33.13900000000004,55.75978948139392,56.54909753270372,69.8949481350286
2015-04-08T13:30:00Z,33.06,33.22,32.8,32.86,717968,309918.2,32.726749847955155,33.04413500000001,33.431265294727446,32.65700470527258,32.48171749999996,33.067000000000036,50.9565991944075,33.4177844013908,53.82796844664248
2015-04-08T14:30:00Z,32.87,32.89,32.63,32.76,464907,313310.4,32.72837180659149,33.048885000000006,33.419259790040726,32.678510209959285,32.491967499999966,32.973000000000035,46.99347042520625,22.223188165810864,37.39669003330186
2015-04-08T15:30:00Z,32.76,32.805,32.7,32.74,353585,316020.1,32.72893903553825,33.05188500000001,33.41106217786198,32.69270782213805,32.50146749999997,32.87700000000004,46.21923124576939,14.747474747474634,23.462815771558827
2015-04-08T16:30:00Z,32.74,32.83,32.69,32.725,156100,310664.15,32.72874688746321,33.05338500000001,33.40679216616516,32.699977833834865,32.508717499999975,32.81100000000004,45.61226407370819,15.509259259258991,17.493307390848226
2015-04-08T17:30:00Z,32.73,32.75,32.46,32.64,290239,300404.55,32.72441777100159,33.03913500000001,33.43279127785852,32.6454787221415,32.51721749999997,32.74500000000004,42.228064175595456,16.232313774448524,15.496349260394117
2015-04-08T18:30:00Z,32.64,32.75,32.57,32.71,380320,290222.35,32.72371446509907,33.02713500000001,33.444826543005746,32.60944345699427,32.533467499999965,32.715000000000046,45.79486305615925,20.503017062005757,17.414863365237824
2015-04-08T19:30:00Z,32.715,32.78,32.685,32.76,337842,297664.3,32.7254844911918,33.01538500000001,33.448951217662646,32.58181878233737,32.55296749999997,32.715000000000046,48.252445953349216,27.340823970037317,21.358718268830597
2015-04-09T13:30:00Z,32.77,33.03,32.715,32.8671,344294,301117.3,32.7323925647922,33.006240000000005,33.444193410307825,32.568286589692185,32.580519999999964,32.74042000000004,53.152065185493726,36.196952085754795,28.013597705932685
2015-04-09T14:30:00Z,32.87,32.9,32.6,32.69,243908,302707.05,32.73032463480234,32.98074000000001,33.42984483141243,32.53163516858759,32.60151999999997,32.73342000000004,45.48310651725412,36.29867678173652,33.278817612509606
2015-04-09T15:30:00Z,32.68,32.75,32.62,32.62,125985,301194.75,32.72494294529978,32.94910500000001,33.40618954130201,32.49202045869801,32.622769999999974,32.72942000000004,42.851354467636675,31.813776577877395,34.76980181512297
2015-04-09T16:30:00Z,32.62,32.63,32.545,32.62,132259,301281.65,32.71982377723638,32.919855000000005,33.38253155862347,32.45717844137654,32.64676999999997,32.71142000000004,42.85135446763667,22.967130280772604,30.359861213462242
2015-04-09T17:30:00Z,32.62,32.62,32.47,32.49,168096,299142.25,32.70861286127363,32.888355000000004,33.37727632076569,32.39943367923432,32.66676999999997,32.657420000000045,38.102751421250495,14.767932489451248,23.182946449367154
2015-04-09T18:30:00Z,32.485,32.49,32.39,32.48,237387,295524.05,32.697461014382235,32.858355,33.36967609080263,32.34703390919738,32.688019999999966,32.58000000000004,37.75614999401627,11.631335468455868,16.45546607955998
2015-04-09T19:30:00Z,32.48,32.49,32.35,32.37,450276,298112,32.681487306363586,32.813855000000004,33.33247107948344,32.29523892051657,32.71051999999997,32.51600000000004,34.083377688892625,5.646564141039396,10.681944032982244
2015-04-10T13:30:00Z,32.38,32.3999,32.12,32.235,610947,305386.45,32.65970743776048,32.76310500000001,33.29941695949468,32.22679304050534,32.72349499999997,32.43900000000004,30.200559481454164,8.593195568683488,8.623698392726324
2015-04-10T14:30:00Z,32.24,32.27,32.15,32.22,590732,324378,32.63825829445509,32.713105,33.256126655093354,32.170083344906644,32.737744999999975,32.35900000000005,29.794414160107607,8.641741400362028,7.627167036695044
2015-04-10T15:30:00Z,32.22,32.25,32.13,32.235,290745,331462.5,32.61858715814021,32.66335500000001,33.18990324840353,32.13680675159649,32.752619999999965,32.30800000000005,30.796668969120176,12.08791208791223,9.774283018985988
2015-04-10T16:30:00Z,32.235,32.25,32.18,32.23,123753,327331.4,32.59963168701142,32.61385500000001,33.10684651909344,32.12086348090658,32.76936999999997,32.25800000000005,30.63964942881171,11.904761904761955,10.878138464345477
2015-04-10T17:30:00Z,32.23,32.25,31.96,31.995,343961,330405.8,32.57013745837671,32.560855000000004,33.07996881979263,32.041741180207374,32.77774499999997,32.18300000000005,24.354544765733223,9.332100920885985,11.10825830452013
2015-04-10T18:30:00Z,32,32.17,31.995,32.085,357868,336058.6,32.546472216504675,32.51660500000001,33.03953384592229,31.99367615407773,32.77411999999997,32.15300000000004,30.25519556305524,9.013727705316452,10.083530176988205
2015-04-10T19:30:00Z,32.08,32.1,32.01,32.08,499190,325119.7,32.52371747423616,32.47760500000001,33.00855823513133,31.94665176486869,32.76086999999997,32.12500000000004,30.114653243180385,8.722741433021724,9.022856686408128
2015-04-13T13:30:00Z,32.07,32.15,31.96,32.03,244894,314119.05,32.49963369500512,32.44110500000001,32.98946892833414,31.892741071665874,32.74499499999996,32.084000000000046,28.679924369088212,10.11466825744011,9.283712465259503
2015-04-13T14:30:00Z,32.03,32.065,31.87,31.88,202974,306588.5,32.46940766110244,32.39810500000001,32.97983270081714,31.816377299182875,32.724994999999964,32.01400000000004,24.85432197935512,6.59937513934318,8.478928276601744
2015-04-13T15:30:00Z,31.89,32,31.86,31.86,123296,304948.3,32.43968045812183,32.35485500000001,32.96104325285293,31.748666747147084,32.70411999999996,31.98700000000004,24.387224393528214,2.8610573823339145,6.525033593039141
2015-04-13T16:30:00Z,31.8699,31.955,31.82,31.91,115974,296235.05,32.413842386993934,32.31835500000001,32.93920349834391,31.697506501656115,32.678744999999964,31.952000000000044,28.02879846122852,4.128787878787807,4.529740133488374
2015-04-13T17:30:00Z,31.91,31.935,31.8,31.81,109253,282681.7,32.38438666079911,32.27335500000001,32.904513187696864,31.64219681230316,32.65024499999996,31.898000000000046,25.39459158657712,4.23309178743952,3.7409790161871537
2015-04-13T18:30:00Z,31.82,31.83,31.59,31.63,330007,282289.95,32.347587311491836,32.216855,32.86570638352243,31.56800361647758,32.61611999999996,31.818000000000048,21.481140407624594,5.714573268920966,4.692150978382838
2015-04-13T19:30:00Z,31.63,31.63,31.5,31.5,373545,283752.5,32.306241588980036,32.148500000000006,32.79698361582775,31.50001638417226,32.57736999999996,31.742000000000047,19.18198765855827,1.9645732689209587,3.970746108427221
2015-04-14T13:30:00Z,31.19,31.755,31.19,31.66,392185,291166.35,32.27471760902979,32.097,32.72866763412405,31.46533236587595,32.53886999999996,31.702000000000048,29.222725746088216,15.987654320987557,7.888933619609901
2015-04-14T14:30:00Z,31.66,31.82,31.58,31.81,285437,299138.95,32.2520484573698,32.05650000000001,32.651656281995706,31.46134371800431,32.50280249999996,31.682000000000045,37.111098787122714,34.003028185418,17.31841859177558
2015-04-14T15:30:00Z,31.82,31.86,31.8,31.8,209245,302988.25,32.22999731310786,32.01550000000001,32.56060457711949,31.470395422880532,32.467677499999965,31.680000000000046,36.81650095813235,53.18541812252493,34.3920335429769
2015-04-14T16:30:00Z,31.81,31.83,31.725,31.74,135649,301365.9,32.206095005151376,31.97800000000001,32.489531035224054,31.466468964775967,32.43317749999996,31.702000000000048,35.02019534530797,55.97484276729548,47.72109635841287
2015-04-14T17:30:00Z,31.74,31.82,31.74,31.82,125154,295754.25,32.187261102461065,31.94500000000001,32.405325971455675,31.484674028544344,32.40167749999996,31.766000000000048,39.274533401375194,57.90655884995497,55.68893991325853
2015-04-14T18:30:00Z,31.82,31.83,31.76,31.805,165750,281527.95,32.16861421941418,31.916750000000008,32.336872303618584,31.49662769638143,32.36530249999996,31.79500000000005,38.762089032201786,60.078335579514714,57.986579065588465
2015-04-14T19:30:00Z,31.805,31.87,31.8,31.86,227258,262343.5,32.15355986724764,31.898000000000014,32.29231459521023,31.5036854047898,32.33055249999996,31.805000000000046,41.76259056626212,66.04662698412695,61.34384047119895
2015-04-15T13:30:00Z,32.03,32.03,31.73,31.83,256153,245614.55,32.13777645908922,31.878500000000013,32.244766296560464,31.512233703439563,32.295802499999965,31.811000000000046,40.59421914196067,68.99900793650794,65.04132350004994
2015-04-15T14:30:00Z,31.83,31.96,31.81,31.96,236627,242908.65,32.12910443669462,31.864750000000015,32.19536268879964,31.53413731120039,32.264052499999956,31.855000000000047,47.45441491069105,78.2003968253968,71.08201058201064
2015-04-15T15:30:00Z,31.95,32.03,31.89,32.03,256582,249550.1,32.124270073929026,31.854750000000013,32.150866108977965,31.558633891022062,32.23430249999996,31.897000000000048,50.75228295478601,88.26984126984125,78.48974867724873
2015-04-15T16:30:00Z,32.02,32.12,32.02,32.09,577315,261217.8,32.12259836300566,31.859500000000015,32.16728076612393,31.551719233876103,32.21017749999996,31.954000000000054,53.44916769736291,96.14695340501812,87.53906383341878
2015-04-15T17:30:00Z,32.095,32.095,31.98,32.01,210488,253848.8,32.11710575993221,31.85575000000001,32.154133561874545,31.55736643812548,32.18617749999996,31.984000000000048,49.55273371847535,94.9820788530468,93.13295784263546
2015-04-15T18:30:00Z,32.015,32.02,31.86,31.91,208609,239319.75,32.10700303993551,31.847250000000013,32.12880772054278,31.565692279457245,32.16242749999996,32.00000000000005,45.12447270368343,87.45519713261677,92.86140979689397
2015-04-15T19:30:00Z,31.9001,32.01,31.86,32.01,638776,259013.85,32.102271184328906,31.84625000000001,32.125335560354245,31.567164439645772,32.14367749999995,32.010000000000055,49.941995813329676,84.58781362007177,89.00836320191185
2015-04-16T13:30:00Z,31.93,32.1,31.92,31.97,237903,260760.3,32.09581893143481,31.850750000000012,32.13472667157256,31.566773328427463,32.12442749999995,31.998000000000047,48.12214917807166,79.27120669056167,83.77140581441681
2015-04-16T14:30:00Z,31.97,32.07,31.94,32,150271,262109.05,32.09114483721848,31.85775000000001,32.1490998755755,31.56640012442452,32.106302499999956,31.980000000000054,49.605347739800585,76.67150613251083,80.17684214771482
2015-04-16T15:30:00Z,32,32.01,31.93,31.95,141121,263366.4,32.08425972320782,31.85975000000001,32.15304976133174,31.566450238668278,32.08905249999995,31.968000000000046,47.18406181815932,66.2681669010785,74.07029324138374
2015-04-16T16:30:00Z,31.94,32.04,31.94,32.04,180007,266904.1,32.08210071231964,31.871250000000003,32.173737603050306,31.568762396949698,32.07230249999995,31.994000000000046,51.74944351579429,68.68981932273094,70.5431641187735
2015-04-16T17:30:00Z,32.03,32.09,32.03,32.07,144820,257644.75,32.0815104336699,31.893250000000005,32.18620520135073,31.600294798649283,32.05505249999995,32.00600000000004,53.20157765581732,74.54289732770776,69.8336278505058
2015-04-16T18:30:00Z,32.075,32.09,32.01,32.04,316769,254805.95,32.079485534466485,31.920250000000003,32.15749407263031,31.6830059273697,32.034374999999955,32.02000000000005,51.531406090368556,82.05128205128246,75.09466623390712
2015-04-16T19:30:00Z,32.03,32.08,32.01,32.06,326269,251510.15,32.078535020590074,31.940250000000002,32.15248748490405,31.728012515095955,32.01862499999995,32.03200000000005,52.5997489232228,83.76068376068444,80.11828771322496
2015-04-17T13:30:00Z,31.84,32.27,31.84,31.96,530754,263776,32.07275282446373,31.947750000000003,32.151477145954324,31.74402285404568,32.00212499999995,32.03400000000005,47.019162974076316,65.57041991824651,77.1274619100712
2015-04-17T14:30:00Z,31.96,32.02,31.84,32.02,242727,265450.1,32.0701795159533,31.95875000000001,32.15291165944173,31.76458834055829,31.987124999999953,32.030000000000044,50.418188703570216,53.02818179461311,67.4530951578481
2015-04-17T15:30:00Z,32.015,32.02,31.87,31.87,212568,269296.05,32.06041466151655,31.965250000000008,32.137106771754176,31.793393228245836,31.97162499999995,31.990000000000048,42.992262491605636,27.14863498483344,48.58241223256443
2015-04-17T16:30:00Z,31.87,32.03,31.86,31.99,167436,271410.15,32.05697979997916,31.973750000000006,32.13233357417368,31.81516642582633,31.959374999999948,31.980000000000047,49.41158418435852,27.90697674418608,36.027931174544285
2015-04-17T17:30:00Z,31.99,32.015,31.75,31.88,386499,282447.6,32.04834663900457,31.97750000000001,32.12294758505105,31.83205241494897,31.94712499999995,31.944000000000052,44.46843925110724,22.28682170542612,25.780811144815278
2015-04-17T18:30:00Z,31.886,32.04,31.88,32.04,290215,285595.45,32.047939485882395,31.986500000000014,32.12379894389879,31.849201056101233,31.94224999999995,31.960000000000047,51.99165148303841,38.550983899820636,29.581594116477678
2015-04-17T19:30:00Z,32.04,32.09,32,32.09,299851,287780.35,32.04999121827838,31.999500000000012,32.123673266028575,31.87532673397145,31.938999999999954,31.974000000000046,54.0850515785302,48.71794871794853,36.5185847743985
2015-04-20T13:30:00Z,32.24,32.77,32.24,32.63,478669,299882.45,32.07828432958187,32.03300000000001,32.33320659552339,31.732793404476627,31.94887499999996,32.12600000000005,69.53542630765148,69.14278531925584,52.137239312341734
2015-04-20T14:30:00Z,32.639,32.68,32.48,32.64,249593,299533,32.10568509399251,32.06350000000001,32.46361373382591,31.663386266174115,31.959124999999954,32.25600000000004,69.73850586450389,79.63800904977377,65.83291436232611
2015-04-20T15:30:00Z,32.64,32.75,32.63,32.74,216259,281480.2,32.13662728452946,32.09600000000001,32.59324842885316,31.598751571146863,31.977749999999958,32.42800000000004,71.76542768856231,90.19607843137244,79.65895760013409
2015-04-20T16:30:00Z,32.74,32.83,32.675,32.72,166072,279259.4,32.16508449016217,32.13150000000001,32.695956375635944,31.567043624364075,31.99362499999996,32.56400000000004,70.7448266696644,91.37618010167022,87.07008919427221
2015-04-20T17:30:00Z,32.72,32.79,32.61,32.63,169814,277319.65,32.187763295520114,32.167500000000004,32.761903061902004,31.573096938098004,32.00737499999996,32.67200000000005,66.18353467132947,89.45170660856945,90.34132171387076
2015-04-20T18:30:00Z,32.6201,32.76,32.6,32.76,257793,258270.5,32.2156772811045,32.205000000000005,32.8476040771715,31.562395922828507,32.02562499999996,32.69800000000005,69.26599742684579,88.27160493827172,89.69983054950387
2015-04-20T19:30:00Z,32.76,32.78,32.63,32.71,606053,276678,32.239790584465254,32.242000000000004,32.91089760053251,31.573102399467505,32.04637499999996,32.712000000000046,66.74596584129095,87.96296296296316,88.56209150326818
2015-04-21T13:30:00Z,32.91,33.1,32.795,32.84,544376,296383.25,32.26906909254012,32.284000000000006,32.9912312210287,31.576768778971314,32.070874999999965,32.73200000000005,69.8203499246419,87.71604938271616,87.98353909465042
2015-04-21T14:30:00Z,32.84,33.05,32.8,33.015,576665,318160.45,32.30545596607475,32.337250000000004,33.09447833412284,31.58002166587717,32.09849999999996,32.791000000000054,73.38719188350085,87.7777777777779,87.81893004115248
2015-04-21T15:30:00Z,33.015,33.13,32.97,33.13,424429,330381.55,32.34567762626623,32.39175000000001,33.209999809042095,31.57350019095792,32.13149999999997,32.891000000000055,75.44128348963233,91.48148148148152,88.99176954732526
2015-04-21T16:30:00Z,33.14,33.235,33.07,33.22,162577,331269.4,32.38832749815568,32.449250000000006,33.32834200314753,31.570157996852476,32.17124999999997,32.98300000000005,76.94129104136017,97.56453423120087,92.2745978301535
2015-04-21T17:30:00Z,33.21,33.225,33.12,33.18,231153,326988.6,32.42694566897735,32.50625000000001,33.41899791152725,31.593502088472768,32.213249999999974,33.07700000000005,74.75586938993769,98.31028613316435,95.78543394861566
2015-04-21T18:30:00Z,33.18,33.36,33.155,33.34,425091,331929.7,32.471484904636995,32.57025000000001,33.527289575982856,31.61321042401716,32.255249999999975,33.17700000000005,77.50788414837983,97.82009005473309,97.89830347303284
2015-04-21T19:30:00Z,33.34,33.37,33.32,33.35,400910,325437.5,32.51433929953275,32.639750000000014,33.61120496550045,31.66829503449958,32.293749999999974,33.24400000000005,77.67172051212589,97.56681988995861,97.89906535928543
2015-04-22T13:30:00Z,33.57,33.8,33.46,33.53,633915,344996.9,32.563883723945786,32.71525000000001,33.7165565214991,31.71394347850092,32.336999999999975,33.324000000000055,80.43439913336218,92.1016516019122,95.8295205155347
2015-04-22T14:30:00Z,33.52,33.81,33.46,33.795,578383,363287.65,32.62393817643623,32.81150000000001,33.839041240047145,31.783958759952878,32.388374999999975,33.43900000000006,83.64313042922656,92.17862453984759,93.94903201057288
2015-04-22T15:30:00Z,33.795,33.94,33.75,33.9,235478,366689.75,32.68618509465885,32.90700000000001,33.965940036072475,31.848059963927547,32.440374999999975,33.583000000000055,84.71290721716582,91.77357016570052,92.01794876915352
2015-04-22T16:30:00Z,33.9,34.04,33.89,34.04,320699,363399.75,32.75222484613891,33.01500000000001,34.07353200234926,31.956467997650755,32.49624999999997,33.723000000000056,86.02528635272971,98.59175198388225,94.18131556314353
2015-04-22T17:30:00Z,34.04,34.1,34.015,34.02,216479,359712.95,32.81406753657116,33.11400000000001,34.15954579048311,32.068454209516915,32.55024999999996,33.857000000000056,84.90391673683663,97.22719734660039,95.86417316539446
2015-04-22T18:30:00Z,34.02,34.08,33.97,34.02,364538,362947.3,32.872893510396956,33.21050000000001,34.215671129706784,32.205328870293236,32.60499999999997,33.955000000000055,84.90391673683663,96.4081632653062,97.4090375319297
2015-04-22T19:30:00Z,34.02,34.1,33.91,34.09,762082,377117.95,32.932264558670276,33.28350000000001,34.320978192540764,32.24602180745926,32.65824999999997,34.01400000000005,85.6625501726617,96.15273542367152,96.59603201185945
2015-04-23T13:30:00Z,34.08,34.43,33.92,34.05,807990,405037.8,32.98678823873514,33.354000000000006,34.39858891435782,32.30941108564219,32.70874999999997,34.044000000000054,83.09287563624773,90.15955205625492,94.24015024841096
2015-04-23T14:30:00Z,34.05,34.19,33.82,34.1625,990859,443767.8,33.04414003196757,33.42512500000001,34.48638189043564,32.36386810956438,32.76056249999996,34.06850000000005,84.50108025895132,85.86630507709798,90.72619751900822
2015-04-23T15:30:00Z,34.16,34.38,34.16,34.32,238994,447413.9,33.10637710357891,33.50512500000001,34.58280129068217,32.427448709317844,32.81831249999997,34.128500000000045,86.23023997416668,83.42565448736013,86.48383720690443
2015-04-23T16:30:00Z,34.33,34.485,34.3,34.41,146313,446238.85,33.169968464379934,33.594125000000005,34.66197011400211,32.5262798859979,32.88081249999996,34.20650000000005,87.11488418706807,89.36511380105254,86.2190244551703
2015-04-23T17:30:00Z,34.41,34.4775,34.335,34.38,466599,456679.15,33.22899439294677,33.675125,34.72317852320357,32.62707147679643,32.94006249999997,34.26450000000004,85.1510902680639,92.84084078975722,88.54386969272338
2015-04-23T18:30:00Z,34.385,34.515,34.32,34.499,641633,458458.15,33.290945885973755,33.764575,34.772479622223685,32.75667037777632,33.00328749999997,34.354300000000045,86.45539831946337,95.0906151764994,92.43218992243646
2015-04-23T19:30:00Z,34.499,34.52,34.42,34.46,303736,446426.15,33.347972915926256,33.84557500000001,34.80233156647665,32.88881843352337,33.06478749999997,34.41380000000005,83.85571409565445,95.03532455517104,94.3222601738093
2015-04-24T13:30:00Z,34.6,34.81,34.4,34.76,462611,440723.45,33.41685228588107,33.932825,34.88896124944276,32.976688750557244,33.13503749999997,34.501800000000046,87.0752422395075,96.43233560130471,95.51942511099179
2015-04-24T14:30:00Z,34.76,34.77,34.495,34.6,1117906,475397.3,33.47456680852102,34.006325000000004,34.92974604562251,33.0829039543775,33.19903749999997,34.53980000000005,78.1266263235531,90.2748660610294,93.91417540583512
2015-04-24T15:30:00Z,34.6,34.6,34.43,34.51,354261,484981.5,33.525075744690724,34.070825,34.94440483464524,33.19724516535476,33.26003749999997,34.565800000000046,73.54795976921132,82.06064841284943,89.5892833583946
2015-04-24T16:30:00Z,34.51,34.59,34.34,34.36,560102,501428.95,33.565803757144835,34.129825,34.90907356592732,33.35057643407267,33.31803749999997,34.538000000000046,66.54781269939895,68.14370116256889,80.15973854548264
2015-04-24T17:30:00Z,34.36,34.38,34.28,34.36,316948,496021.8,33.60454503728411,34.180825,34.8755592855366,33.486090714463394,33.37553749999997,34.51800000000004,66.54781269939895,59.59595959595935,69.93343639045929
2015-04-24T18:30:00Z,34.35,34.42,34.24,34.3,562428,504097.7,33.638469669611716,34.228325,34.8100613900428,33.6465886099572,33.434037499999974,34.42600000000005,63.7337400987016,52.525252525252256,60.08830442792691
2015-04-24T19:30:00Z,34.3,34.31,34.24,34.3,349841,489894,33.67073944182578,34.266825,34.75260697527209,33.78104302472791,33.49103749999997,34.36600000000004,63.7337400987016,50.50505050505017,54.208754208753994
2015-04-27T13:30:00Z,34.51,34.75,34.26,34.475,963510,509150.35,33.70997166417574,34.300824999999996,34.742983034530845,33.85866696546915,33.55616249999997,34.35900000000005,68.27210065644282,54.377104377104104,52.46913580246891
2015-04-27T14:30:00Z,34.48,34.505,34.38,34.425,679076,531330.25,33.74485109519156,34.327074999999994,34.7316726118327,33.92247738816729,33.617037499999974,34.37200000000005,65.74077688471931,51.80523180523158,52.229128895795355
2015-04-27T15:30:00Z,34.425,34.57,34.34,34.4,469269,538758.75,33.776809578352946,34.345074999999994,34.72846048159872,33.96168951840127,33.680037499999976,34.38000000000005,64.45398331552435,45.000340789814175,50.39422565738335
2015-04-27T16:30:00Z,34.4,34.42,34.32,34.42,643733,560121.45,33.80818472087231,34.36507499999999,34.719154690891806,34.010995309108175,33.73953749999997,34.40400000000005,65.04347405256749,33.4727845254158,43.426119040153914
2015-04-27T17:30:00Z,34.42,34.45,34.32,34.36,826491,583219.1,33.835102539366346,34.38207499999999,34.69894441711148,34.06520558288851,33.79628749999998,34.416000000000054,61.73575404711918,26.900584795321265,35.12457003685048
2015-04-27T18:30:00Z,34.36,34.39,34.19,34.26,1279294,609079.7,33.85582924476311,34.39057499999999,34.68389415638233,34.09725584361765,33.83703749999997,34.373000000000054,56.572060710994066,21.30730050933768,27.226889943358316
2015-04-27T19:30:00Z,34.26,34.405,34.03,34.04,1493677,643364.05,33.86481318404296,34.39007499999999,34.685739383217125,34.09441061678285,33.872037499999976,34.296000000000056,47.21551074101196,11.208335147214356,19.805406817291168
2015-04-28T13:30:00Z,34.33,35,33.18,33.39,2415209,714581.55,33.84165156530916,34.35144999999999,34.87214356631459,33.830756433685394,33.888287499999976,34.09400000000005,30.93570742906897,8.036945133719248,13.517526930090497
2015-04-28T14:30:00Z,33.4,34.53,33.4,34.415,1623018,783782.75,33.86961978163554,34.356199999999994,34.87739232534744,33.83500767465255,33.93066249999997,34.09300000000005,56.44126835595771,26.89255189255182,15.379277391161878
2015-04-28T15:30:00Z,34.41,34.6,34.195,34.49,959434,824438.8,33.89988223131186,34.36019999999999,34.88420290075656,33.83619709924342,33.97716249999997,34.11900000000005,57.67301317942028,50.4578754578755,28.462457494715593
2015-04-28T16:30:00Z,34.495,34.75,34.28,34.68,1193019,860759.8,33.937936756613716,34.37519999999999,34.917468420620814,33.83293157937917,34.02516249999997,34.20300000000005,60.7045627044808,74.08424908424911,50.478225478225546
2015-04-28T17:30:00Z,34.69,34.89,34.37,34.4,929853,875170.8,33.960476427022805,34.37025,34.909707829677735,33.83079217032226,34.06741249999997,34.275000000000055,54.50869401464132,73.80952380952382,66.11721611721622
2015-04-28T18:30:00Z,34.4,34.54,34.19,34.21,1149041,917436.05,33.97264830863145,34.357749999999996,34.899889050429884,33.81561094957011,34.10166249999997,34.43900000000006,50.72526615418235,68.68131868131867,72.19169719169727
2015-04-28T19:30:00Z,34.21,34.24,33.92,33.98,1351854,961898.2,33.9730069277226,34.318749999999994,34.85167471325854,33.78582528674145,34.125787499999966,34.352000000000054,46.516225980706466,55.860805860805804,66.11721611721617
2015-04-29T13:30:00Z,33.94,34.899,33.92,34.87,1399871,975996.45,34.01676268734589,34.332249999999995,34.90516775151559,33.7593322484844,34.16928749999997,34.428000000000054,60.258294067053,64.46886446886438,63.00366300366303
2015-04-29T14:30:00Z,34.86,35.28,34.745,35,1076682,1012117.5,34.06472548308511,34.35674999999999,34.99604081801793,33.71745918198205,34.21378749999997,34.492000000000054,61.80215077798292,74.49328449328436,64.94098494098492
2015-04-29T15:30:00Z,35,35,34.39,34.42,583729,1013298.85,34.08205594732486,34.35975,34.99963651337482,33.71986348662518,34.244787499999966,34.49600000000005,52.08116138372072,79.52380952380946,72.8286528286528
2015-04-29T16:30:00Z,34.42,34.59,34.4,34.52,366205,1015761.7,34.1034190718456,34.367749999999994,35.0114383951122,33.72406160488779,34.27428749999997,34.55800000000006,53.44093868039597,69.84126984126986,74.61945461945463
2015-04-29T17:30:00Z,34.52,34.61,34.32,34.515,601159,1017698.25,34.12349619029216,34.37849999999999,35.0244806498669,33.732519350133074,34.303412499999965,34.665000000000056,53.359406851759495,62.14285714285719,70.50264550264556
2015-04-29T18:30:00Z,34.52,34.81,34.52,34.6075,477931,1024102.75,34.147106132229126,34.393874999999994,35.0462561673411,33.74149383265889,34.33034999999997,34.612500000000054,54.73525220644836,65.11904761904766,65.7010582010583
2015-04-29T19:30:00Z,34.615,34.68,34.55,34.63,386619,995258.2,34.170661930656976,34.40162499999999,35.06131863154612,33.741931368453855,34.351224999999964,34.538500000000056,55.082346985896784,66.8650793650794,64.70899470899481
2015-04-30T13:30:00Z,34.5,34.66,34.04,34.07,533722,987990.5,34.16575159257615,34.38387499999999,35.05902030843574,33.70872969156424,34.35547499999997,34.46850000000006,45.69134178905702,57.55403579871669,63.17938759428131
2015-04-30T14:30:00Z,34.075,34.175,33.95,34.11,372703,983162.2,34.163032002694386,34.369375,35.05488917746138,33.68386082253862,34.357224999999964,34.386500000000055,46.39436032309992,39.55216838508451,54.65709451629359
2015-04-30T15:30:00Z,34.12,34.26,34.03,34.16,341451,968048.1,34.162884100123925,34.356375,35.047395034079855,33.665354965920145,34.36072499999997,34.31550000000006,47.31248178652669,22.418648310387805,39.84161749806306
2015-04-30T16:30:00Z,34.15,34.25,34.03,34.22,285356,940991.35,34.165670241581296,34.349374999999995,35.042938037871885,33.655811962128105,34.36572499999996,34.238000000000056,48.453402822708306,17.892156862744844,26.620991186072445
2015-04-30T17:30:00Z,34.21,34.22,33.94,33.95,373113,895682.3,34.15514974199196,34.33387499999999,35.04827767881821,33.619472321181775,34.36222499999997,34.102000000000054,43.85157621234472,13.970588235293945,18.093797802808925
2015-04-30T18:30:00Z,33.94,34.03,33.89,33.97,1130987,877547.8,34.14611804726065,34.33037499999999,35.051159771969395,33.609590228030584,34.36022499999997,34.082000000000065,44.27377454245671,10.006700521935302,13.95648187332476
2015-04-30T19:30:00Z,33.965,34.05,33.91,34.04,969978,805286.25,34.14094155715038,34.36287499999999,34.95895233349238,33.7667976665076,34.35716249999997,34.06800000000006,45.809641832926104,6.250881647623018,10.076056801617483
2015-05-01T13:30:00Z,34.12,34.28,33.63,33.64,266572,737463.95,34.116505383630845,34.324124999999995,34.99737694949709,33.6508730505029,34.34016249999998,33.96400000000007,39.166736224306646,5.717607731996093,7.325063300518199
2015-05-01T14:30:00Z,33.645,33.72,33.49,33.72,285944,703789.45,34.09716365760007,34.285624999999996,35.00314133256828,33.56810866743171,34.32291249999997,33.86400000000007,41.00920490418497,8.876405197335059,6.948298192318117
2015-05-01T15:30:00Z,33.72,33.87,33.71,33.845,238964,656086.7,34.08486299137568,34.24387499999999,34.96191482306262,33.525835176937356,34.309537499999976,33.84300000000006,43.86982447938736,14.243929359823206,9.61264742971818
2015-05-01T16:30:00Z,33.86,33.86,33.69,33.695,362779,627733,34.0658452844793,34.20862499999999,34.960947196604415,33.456302803395566,34.28943749999998,33.78800000000007,41.282741739427564,19.218676834570676,14.11300379724304
2015-05-01T17:30:00Z,33.69,33.895,33.69,33.87,239795,582270.7,34.05629185596812,34.19162499999999,34.95828378166471,33.424966218335264,34.274687499999985,33.75400000000006,45.33315993697398,23.737373737373485,19.06665997725585
2015-05-01T18:30:00Z,33.87,34.05,33.84,33.84,395749,534465.45,34.045741033725776,34.18462499999999,34.96137508046602,33.40787491953396,34.25168749999998,33.79400000000006,44.763097898568915,24.57664884135461,22.510899804432984
2015-05-01T19:30:00Z,33.85,33.88,33.785,33.84,483752,488659.5,34.03570488573915,34.133124999999986,34.855992337417995,33.41025766258198,34.23268749999998,33.81800000000006,44.763097898568915,29.371391136097042,25.895137904941777
2015-05-04T13:30:00Z,34,34.14,33.89,34.02,190541,444352.45,34.03493879375188,34.084124999999986,34.688441297567316,33.479808702432656,34.22043749999998,33.85300000000007,49.207622249889695,42.138300738449864,32.0287802386339
2015-05-04T14:30:00Z,34.03,34.21,33.91,34.19,246080,427470,34.042502755032274,34.07262499999998,34.65943731028895,33.48581268971101,34.21618749999998,33.95200000000007,53.04993959530302,61.87024414872517,44.459978674424086
2015-05-04T15:30:00Z,34.18,34.25,34.11,34.2,282264,423272.95,34.050185547469724,34.05662499999998,34.6102861666955,33.50296383330446,34.212187499999985,34.01800000000007,53.2738582988792,81.85654008438817,61.955028323854464
2015-05-04T16:30:00Z,34.2,34.22,34.1101,34.175,156948,401062.4,34.05627405734925,34.03962499999999,34.5555374804705,33.523712519529475,34.20906249999998,34.08500000000007,52.59847232314463,88.39662447257358,77.37446956856236
2015-05-04T17:30:00Z,34.17,34.22,34.12,34.13,168895,385610.6,34.05987044479563,34.01574999999998,34.46410560664041,33.56739439335956,34.20481249999999,34.14300000000007,51.33686438089488,85.86497890295352,85.37271448663849
2015-05-04T18:30:00Z,34.135,34.27,34.11,34.24,240836,378321.45,34.06865725236657,33.99624999999998,34.36244496174326,33.63005503825671,34.198937499999985,34.187000000000076,54.22704565395781,87.55274261603365,87.27144866385363
2015-05-04T19:30:00Z,34.23,34.24,34.15,34.16,369888,370129.75,34.07311299615357,34.00074999999998,34.372627331933856,33.62887266806611,34.19231249999998,34.181000000000076,51.816713773530616,86.91983122362858,86.77918424753864
2015-05-05T13:30:00Z,34.11,34.32,34.11,34.22,846265,393807.85,34.0802782158534,34.00624999999998,34.387561880233456,33.624938119766504,34.187812499999986,34.18500000000007,53.48659276695829,89.23288089065097,87.9018182434378
2015-05-05T14:30:00Z,34.23,34.25,34,34.02,503695,401920.05,34.077337815080064,33.99924999999998,34.37410030346091,33.62439969653906,34.17781249999998,34.154000000000075,47.568624805132174,75.04762873071546,83.73344694833173
2015-05-05T15:30:00Z,34.02,34.0346,33.73,33.77,342032,404753.85,34.062345726539576,33.97674999999998,34.3499158478554,33.60358415214456,34.16306249999998,34.08200000000008,41.40204735176908,51.010390769427325,71.763633463598
2015-05-05T16:30:00Z,33.77,33.8,33.63,33.68,233086,397752.5,34.04369471548886,33.96324999999998,34.35820917511265,33.56829082488731,34.14856249999998,33.97000000000008,39.42081080257334,24.10858063032011,50.05553337682104
2015-05-05T17:30:00Z,33.68,33.75,33.61,33.67,278590,355132.65,34.02546570497721,33.94824999999999,34.36331957248565,33.533180427514324,34.13931249999998,33.87200000000008,39.19636962854066,9.46516457845324,28.194711992733627
2015-05-05T18:30:00Z,33.66,33.8,33.65,33.775,700825,341675,34.01324786571003,33.93499999999998,34.35440433951692,33.515595660483044,34.14893749999999,33.78300000000008,42.87413286440559,12.978839218888126,15.517528142553898
2015-05-05T19:30:00Z,33.775,33.81,33.7,33.81,766344,366663.6,34.00333333567539,33.943499999999986,34.34516030424325,33.54183969575672,34.13381249999999,33.74100000000008,44.08814105649047,19.953051643192655,14.132351813511413
2015-05-06T13:30:00Z,33.75,33.8,33.07,33.195,690836,386908.2,33.9639024412522,33.91724999999998,34.42777399552411,33.40672600447585,34.10143749999999,33.626000000000076,31.443397361177063,20.469483568075184,17.800458143385395
2015-05-06T14:30:00Z,33.2,33.3,33.15,33.275,562686,403094.3,33.93029744411795,33.88874999999998,34.47084857413101,33.30665142586895,34.06631249999999,33.54500000000007,34.09146724056262,18.189671361502416,19.53740219092349
2015-05-06T15:30:00Z,33.28,33.3,33.21,33.26,281083,399009.5,33.89760000781951,33.86699999999998,34.50614317645222,33.22785682354775,34.03781249999999,33.46300000000007,33.827629044705304,13.866666666666553,17.508607198748123
2015-05-06T16:30:00Z,33.26,33.27,33.15,33.2,387588,406399.15,33.86357073914539,33.83349999999998,34.535633178254315,33.131366821745644,34.01256249999999,33.34800000000008,32.73627439613844,13.999999999999956,15.35211267605638
2015-05-06T17:30:00Z,33.195,33.195,32.965,32.99,348990,404061.2,33.82095753235781,33.79099999999998,34.583499842274996,32.99850015772497,33.98781249999998,33.18400000000007,29.18702220277342,9.148339483394802,12.338335383353842
2015-05-06T18:30:00Z,32.99,33.19,32.9,33.19,794296,419588.4,33.79017911614523,33.758499999999984,34.592520982951996,32.92447901704797,33.94581249999998,33.18300000000007,36.2733917383225,10.889184553817367,11.345841345737446
2015-05-06T19:30:00Z,33.19,33.3,33.15,33.29,888674,454495.05,33.76578013486986,33.72199999999999,34.57081328924854,32.87318671075143,33.90306249999998,33.18600000000007,39.53170865332645,16.577447464615425,12.20499050060927
2015-05-07T13:30:00Z,33.2,33.3,32.97,33.26,288590,456620.55,33.74110793316889,33.675499999999985,34.51854151736632,32.83245848263365,33.87406249999999,33.18600000000007,38.88930407408973,24.851330203442824,17.439320740625277
2015-05-07T14:30:00Z,33.26,33.45,33.24,33.45,488855,466950.1,33.726907546185046,33.637999999999984,34.45055399820825,32.82544600179172,33.84731249999998,33.23600000000007,44.98674262540288,34.20222965385012,25.21033577396953
2015-05-07T15:30:00Z,33.44,33.51,33.425,33.44,199590,469082.2,33.71291205612724,33.60124999999998,34.379073084001256,32.8234269159987,33.82043749999998,33.326000000000064,44.73375652840618,44.827519856604994,34.62702657129938
2015-05-07T16:30:00Z,33.44,33.595,33.4,33.42,177158,469495.35,33.69862366314542,33.56574999999998,34.30778958789638,32.82371041210358,33.79074999999998,33.37200000000007,44.19841189834653,54.98625001533522,44.67199984193019
2015-05-07T17:30:00Z,33.41,33.5,33.32,33.46,230880,468997.55,33.686983484455396,33.52674999999998,34.20191868263104,32.85158131736892,33.76149999999998,33.40600000000008,45.600601863807206,59.340659340659265,53.051476404199896
2015-05-07T18:30:00Z,33.455,33.47,33.26,33.31,371451,469075.7,33.66859404618928,33.48424999999998,34.098922880485425,32.86957711951454,33.74249999999997,33.41600000000007,41.39942859224728,54.57875457875468,56.301887978249795
2015-05-07T19:30:00Z,33.3,33.33,33.22,33.31,363621,444943.5,33.65110165369224,33.43874999999998,33.955807782075745,32.92169221792421,33.722499999999975,33.388000000000076,41.39942859224728,50.71632071632094,54.8785782119117
2015-05-08T13:30:00Z,33.49,33.865,33.22,33.68,511595,445338.5,33.652511329121886,33.421749999999975,33.880294163638695,32.963205836361254,33.710499999999975,33.43600000000007,53.62265226496843,57.14650538484753,54.147193559974454
2015-05-08T14:30:00Z,33.71,33.82,33.61,33.76,279599,442216.85,33.65775467892082,33.42124999999997,33.87829348809135,32.96420651190859,33.69899999999998,33.50400000000007,55.77080845651332,71.83458069468429,59.899135598617654
2015-05-08T15:30:00Z,33.76,33.82,33.64,33.65,216056,441365.35,33.65737640190029,33.41974999999998,33.873572377153,32.965927622846955,33.69149999999998,33.54200000000007,52.19112991691295,82.55613126079419,70.51240578010874
2015-05-08T16:30:00Z,33.65,33.69,33.59,33.62,228145,438843.1,33.6555531627832,33.417249999999974,33.866053687603454,32.968446312396495,33.68274999999997,33.60400000000007,51.225443619376655,80.4835924006905,78.29143478538973
2015-05-08T17:30:00Z,33.62,33.86,33.59,33.85,401372,423870.45,33.66503837435475,33.42099999999998,33.88276400899733,32.95923599100263,33.677999999999976,33.712000000000074,57.689159871978596,83.59240069084605,82.21070811744364
2015-05-08T18:30:00Z,33.85,33.86,33.67,33.77,375140,404310.25,33.67015845365452,33.41899999999997,33.87430868650564,32.963691313494294,33.68124999999997,33.73000000000007,54.9608767179454,87.48082322632926,83.85227210595534
2015-05-08T19:30:00Z,33.77,33.8,33.72,33.78,489592,394248.05,33.675516577866496,33.44824999999997,33.91719855795393,32.979301442046015,33.68274999999997,33.73400000000007,55.245797251182715,92.77795467044898,87.95039286254149
2015-05-11T13:30:00Z,33.71,34.33,33.606,33.93,1056717,418949.6,33.68793040333642,33.48099999999997,33.987000000006034,32.97499999999391,33.68487499999997,33.79000000000007,59.395213420665485,81.2840773734629,87.18095175674712
2015-05-11T14:30:00Z,33.93,33.94,33.79,33.85,382966,424043.75,33.695836237320016,33.51049999999997,34.03013352471414,32.990866475285806,33.68874999999997,33.83600000000008,56.392210858621745,70.40783800560347,81.48995668317185
2015-05-11T15:30:00Z,33.85,33.9,33.78,33.81,302679,419798.3,33.70140520135319,33.540999999999976,34.05573876870255,33.026261231297404,33.68724999999996,33.828000000000074,54.89765303846204,57.95795795795818,69.88329111234158
2015-05-11T16:30:00Z,33.815,33.87,33.795,33.84,203913,412544.45,33.7081659232384,33.58349999999997,34.047063372158405,33.11993662784154,33.68724999999997,33.84200000000008,55.8428889197145,55.255255255255584,61.207017072939145
2015-05-11T17:30:00Z,33.83,33.885,33.77,33.8,220898,383874.55,33.71264563429994,33.61399999999997,34.04940326136678,33.17859673863316,33.68624999999997,33.846000000000075,54.21150585878384,53.75375375375396,55.65565565565598
2015-05-11T18:30:00Z,33.805,33.94,33.78,33.905,379902,358435.95,33.722028774090184,33.64474999999997,34.071053589014184,33.21844641098576,33.68337499999997,33.84100000000008,57.7044878778779,56.60660660660678,55.205205205205516
2015-05-11T19:30:00Z,33.905,33.99,33.9,33.95,542108,371111.85,33.73314932169554,33.679249999999975,34.08668435054696,33.27181564945299,33.67737499999997,33.86100000000008,59.14300267399609,59.90990990991008,56.75675675675701
2015-05-12T13:30:00Z,33.72,33.92,33.37,33.57,492714,371304.8,33.7251908181982,33.685249999999975,34.0824083437447,33.28809165625525,33.66162499999997,33.81300000000008,45.17156865699074,49.43693693693724,55.3178178178181
2015-05-12T14:30:00Z,33.57,34.23,33.57,34.18,503105,386480.55,33.74737663194463,33.72224999999997,34.157203733181184,33.28729626681875,33.66174999999997,33.88100000000007,61.06996527515486,56.99136636636664,55.446071071071394
2015-05-12T15:30:00Z,34.17,34.18,33.92,34.08,368999,396072.6,33.763602162093676,33.755249999999975,34.19360459391455,33.3168954060854,33.66049999999997,33.937000000000076,58.095917312216514,59.72222222222237,55.38350850850882
2015-05-12T16:30:00Z,34.08,34.24,34.07,34.2,1027021,435879.65,33.78488986150374,33.792249999999974,34.24920158387565,33.335298416124296,33.659499999999966,33.99600000000008,60.57697127901541,81.59722222222244,66.10360360360389
2015-05-12T17:30:00Z,34.2,34.42,34.185,34.36,1383542,486484.2,33.81294401460112,33.84474999999997,34.30922255032762,33.38027744967232,33.66449999999997,34.078000000000074,63.66596432854995,84.90079365079374,75.40674603174625
2015-05-12T18:30:00Z,34.36,34.51,34.35,34.505,1092231,522914.7,33.84670284315717,33.90449999999997,34.385591467403074,33.423408532596866,33.67162499999997,34.26500000000007,66.24709948946727,93.43515037594007,86.64438874965215
2015-05-12T19:30:00Z,34.505,34.57,34.49,34.57,1801851,587427.5,33.88198563129584,33.94899999999997,34.49856892198199,33.39943107801795,33.68537499999997,34.343000000000075,67.36626403093535,97.9490392648288,92.09499443052094
2015-05-13T13:30:00Z,34.72,34.84,34.5,34.54,1679766,657435.85,33.91408389318385,33.98799999999998,34.58687728292698,33.38912271707298,33.70462499999998,34.43500000000007,66.2740223292034,93.05108008115535,94.81175657397482
2015-05-13T14:30:00Z,34.55,34.68,34.275,34.305,803759,686821,33.93315297156513,34.02074999999998,34.6137194342925,33.42778056570746,33.72024999999998,34.45600000000007,58.30002117525174,81.06575963718811,90.68862632772415
2015-05-13T15:30:00Z,34.3,34.33,34,34.05,796906,715259.05,33.938852826610734,34.042249999999974,34.606000609761615,33.47849939023833,33.729749999999974,34.39400000000007,51.11340023389563,63.151927437641554,79.08958905199508
2015-05-13T16:30:00Z,34.05,34.109,33.95,34.005,426870,716533.95,33.94207951799557,34.04999999999997,34.607189375354416,33.49281062464552,33.73549999999997,34.29400000000007,49.943386314976266,51.02040816326527,65.07936507936505
2015-05-13T17:30:00Z,34.005,34.02,33.8,33.91,403511,717952.5,33.940514663459204,34.056999999999974,34.603355195825706,33.51064480417424,33.73799999999998,34.16200000000007,47.47281705054191,42.063492063492,52.078609221466344
2015-05-13T18:30:00Z,33.9,33.94,33.79,33.88,578358,722390.8,33.93756272865632,34.06199999999997,34.59988846428191,33.52411153571803,33.75512499999998,34.03000000000007,46.687398674367024,38.208616780045425,43.76417233560097
2015-05-13T19:30:00Z,33.87,33.97,33.815,33.94,697041,704407,33.93768161994137,34.06249999999997,34.59991510958209,33.52508489041785,33.771749999999976,33.957000000000065,48.52179890194336,36.73469387755099,39.00226757369621
2015-05-14T13:30:00Z,34.17,34.49,34.14,34.46,878610,729189.2,33.96316056531008,34.092999999999975,34.64767467943413,33.53832532056582,33.80174999999998,34.039000000000065,61.035158219527446,47.849375970860784,40.93089554281914
2015-05-14T14:30:00Z,34.46,34.51,34.09,34.22,489669,738538.7,33.97568931822179,34.11349999999997,34.65497114420446,33.57202885579549,33.82724999999998,34.08200000000007,54.455749385139086,49.935543771314165,44.83987120657539
2015-05-14T15:30:00Z,34.22,34.33,34.205,34.225,130995,734892.8,33.987850814893896,34.13274999999997,34.66117667419928,33.604323325800664,33.85812499999998,34.14500000000007,54.565633451459284,50.819897512810826,49.53493908499533
2015-05-14T16:30:00Z,34.22,34.26,34.17,34.2,192238,733459.8,33.99819955563078,34.152749999999976,34.659104371961746,33.646395628038206,33.88337499999998,34.20900000000007,53.865840935143346,40.47619047619051,47.077210586771905
2015-05-14T17:30:00Z,34.2,34.21,34.11,34.15,204462,724687.8,34.00560445535611,34.16499999999997,34.658477456431726,33.671522543568216,33.904874999999976,34.25100000000007,52.41792094841758,38.25396825396829,43.18335208098995
2015-05-14T18:30:00Z,34.15,34.19,34.11,34.18,294785,712321.65,34.014111555094836,34.17649999999997,34.66001938948486,33.69298061051508,33.92787499999998,34.195000000000064,53.23025021262648,36.825396825396815,38.51851851851861
2015-05-14T19:30:00Z,34.18,34.19,34.05,34.06,363673,705869.6,34.016350015821914,34.20099999999997,34.60166943982124,33.80033056017871,33.943124999999974,34.16300000000007,49.58377748751325,32.38095238095237,35.8201058201059
2015-05-15T13:30:00Z,34.11,34.18,33.93,34.09,156931,688560.9,34.019942697976944,34.19649999999997,34.60002323353927,33.792976766460676,33.95937499999997,34.13600000000007,50.49678130112563,32.18833600856093,33.79822840497011
2015-05-15T14:30:00Z,34.09,34.37,34.085,34.29,443314,692276.65,34.0331162249049,34.20699999999997,34.60877605703343,33.805223942966514,33.98112499999998,34.15400000000007,56.19244952359543,42.955531775756775,35.84160672175677
2015-05-15T15:30:00Z,34.29,34.54,34.29,34.5,545933,668222.25,34.05589104320222,34.22199999999997,34.64352579992885,33.80047420007109,34.007124999999974,34.22400000000006,61.23576818793569,65.93965875988373,47.02784218140055
2015-05-15T16:30:00Z,34.5,34.52,34.3772,34.41,213002,609695.25,34.07316465085089,34.22449999999997,34.64984574172973,33.799154258270214,34.03462499999998,34.27000000000006,58.14620748991991,82.25925925925924,63.71814993163332
2015-05-15T17:30:00Z,34.41,34.42,34.3,34.39,179461,564056.75,34.08862003373621,34.21874999999998,34.631701268316775,33.80579873168318,34.06162499999998,34.33600000000006,57.452505872763474,85.77777777777779,77.99223193230699
2015-05-15T18:30:00Z,34.4,34.43,34.38,34.4,130719,480500.15,34.103809300383226,34.21024999999998,34.600294548743754,33.82020545125621,34.07962499999998,34.39800000000006,57.724086633304154,81.11877394636011,83.05193699446579
2015-05-15T19:30:00Z,34.41,34.469,34.39,34.39,386196,415821.65,34.11776982231575,34.20274999999997,34.5723778533963,33.83312214660365,34.095374999999976,34.418000000000056,57.33000005976543,78.69983041266266,81.86546071226694
2015-05-18T13:30:00Z,34.38,34.97,34.37,34.76,519397,401603.55,34.1490981236662,34.225499999999975,34.666599761965095,33.784400238034856,34.12312499999998,34.47000000000006,66.45526267521714,78.63572784856,79.48477740252768
2015-05-18T14:30:00Z,34.76,34.9,34.75,34.87,238884,373702.45,34.18426406885322,34.26649999999998,34.7810493173681,33.75195068263186,34.15437499999998,34.56200000000006,68.60487707140469,81.86738125262717,79.73431317128336
2015-05-18T15:30:00Z,34.88,34.99,34.87,34.9717,312562,367987.05,34.22267557768964,34.31483499999998,34.89895901859789,33.73071098140207,34.18241749999998,34.67834000000006,70.48787400989903,89.4886308659892,83.33057998905888
2015-05-18T16:30:00Z,34.97,35.05,34.95,34.995,232724,359447.7,34.26034993975356,34.369084999999984,34.99292410514079,33.74524589485918,34.213042499999986,34.79734000000006,70.91823005920453,94.5824953348537,88.64616915115677
2015-05-18T17:30:00Z,35,35.025,34.92,34.99,279736,344516.6,34.29594262561924,34.42458499999998,35.061860834395155,33.7873091656048,34.24329249999998,34.91734000000007,70.68004036258131,96.0019092542678,93.35767848503697
2015-05-18T18:30:00Z,35,35,34.89,34.9,323455,325837.3,34.325408839003664,34.47258499999998,35.101189684284144,33.84398031571582,34.26754249999998,34.945340000000066,66.35961852689096,92.11309523809543,94.23249994240571
2015-05-18T19:30:00Z,34.89,34.91,34.81,34.84,405043,302158.95,34.35051084685714,34.49158499999998,35.140173412712,33.842996587287956,34.29229249999999,34.93934000000007,63.5698142836193,87.50000000000036,91.87166816412127
2015-05-19T13:30:00Z,34.73,34.7355,34.44,34.5,382217,296786.35,34.35780300066899,34.50558499999998,35.142095336996306,33.86907466300366,34.309542499999985,34.84500000000007,50.59051372878284,70.2874414014313,83.30017887984243
2015-05-19T14:30:00Z,34.5,34.51,34.375,34.39,410598,310766.5,34.35937358600221,34.513834999999986,35.13977393400463,33.88789606599534,34.32329249999998,34.72400000000007,47.23064236427319,45.80435869466442,67.86393336536543
2015-05-19T15:30:00Z,34.4,34.42,34.33,34.35,158462,309077.7,34.35891633790454,34.52133499999998,35.135537286795696,33.90713271320426,34.33704249999998,34.596000000000075,46.033409330660334,20.943247583553322,45.678349226549756
2015-05-19T16:30:00Z,34.345,34.46,34.34,34.435,171719,307440.55,34.362627736055536,34.53558499999998,35.127484492400406,33.94368550759956,34.35029249999998,34.50300000000008,48.9923339976599,12.608187134503439,26.451931137573805
2015-05-19T17:30:00Z,34.435,34.48,34.34,34.35,154977,300450.15,34.362011748930875,34.54408499999998,35.119981022823396,33.96818897717657,34.36029249999998,34.40500000000007,46.260799181244565,9.148148148148735,14.233194288735241
2015-05-19T18:30:00Z,34.355,34.37,34.295,34.34,383337,301433.35,34.36093800508059,34.558084999999984,35.09876485823744,34.01740514176253,34.379542499999985,34.37300000000007,45.93630981250812,8.912680892813828,10.223005391822076
2015-05-19T19:30:00Z,34.34,34.4,34.31,34.4,451925,316183.05,34.36284346824739,34.57358499999999,35.07612969363803,34.071040306361944,34.38504249999998,34.37500000000007,48.280421250866056,7.548442482217465,8.536423841060085
2015-05-20T13:30:00Z,34.36,35.38,34.33,35.26,1337854,360910.05,34.40660720150362,34.622084999999984,35.18891053674313,34.05525946325684,34.414542499999975,34.55700000000007,69.01673725531325,36.269213944924125,17.57677910665188
2015-05-20T14:30:00Z,35.26,35.2972,35.07,35.27,843601,375793.45,34.44872392338149,34.66058499999998,35.290140405905035,34.03102959409493,34.441292499999975,34.72400000000008,69.17151731361359,64.23637602872789,36.01801081862323
2015-05-20T15:30:00Z,35.27,35.37,35.23,35.33,609897,395638.2,34.491713000289714,34.70658499999998,35.38845062393579,34.024719376064176,34.46554249999998,34.92000000000008,70.13552108113117,91.39784946236536,63.9678131453392
2015-05-20T16:30:00Z,35.33,35.55,35.31,35.41,444728,408901.55,34.53650748808046,34.757584999999985,35.48796164879459,34.02720835120538,34.48816749999998,35.13400000000008,71.41882658255817,91.36602591171402,82.33341713426917
2015-05-20T17:30:00Z,35.41,35.47,35.33,35.455,476842,426207.7,34.581312000857025,34.81033499999999,35.5810644785487,34.03960552145128,34.51029249999998,35.34500000000008,72.14393360902335,92.22220182251014,91.66202573219658
2015-05-20T18:30:00Z,35.46,35.475,35.09,35.12,748404,444318.1,34.607589464229854,34.846834999999984,35.603496819510404,34.090173180489565,34.524792499999975,35.31700000000008,59.95036405501743,82.33731739707834,88.64184837710091
2015-05-20T19:30:00Z,35.12,35.245,35.085,35.23,660020,451349.25,34.637950953779615,34.87033499999999,35.64375799494056,34.09691200505942,34.547917499999976,35.309000000000076,62.209028226296354,77.55644090305442,84.03865337421438
2015-05-21T13:30:00Z,35.31,36.34,35.26,36.305,2357009,557255.5,34.719270419448904,34.942084999999985,35.93669225369577,33.9474777463042,34.60429249999997,35.504000000000076,76.28496530789303,79.50918412738604,79.800980809173
2015-05-21T14:30:00Z,36.305,36.815,36.24,36.32,2475088,665381.8,34.79735478923188,35.00949999999999,36.17166134852452,33.847338651475454,34.662167499999974,35.68600000000008,76.41696001683212,84.38254781549081,80.48272428197716
2015-05-21T15:30:00Z,36.33,36.42,36.17,36.18,809081,694199.65,34.86480089707423,35.06874999999999,36.33782397341665,33.79967602658333,34.718917499999975,35.831000000000074,72.36837698022674,84.4824129053958,82.79138161609096
2015-05-21T16:30:00Z,36.19,36.28,36.07,36.19,599898,710207.75,34.929444755753536,35.12874999999998,36.4875541617561,33.76994583824386,34.776667499999974,36.04500000000007,72.48052975202961,76.78571428571433,81.88355833553372
2015-05-21T17:30:00Z,36.18,36.26,36.09,36.15,605210,724295.5,34.988984035960684,35.19124999999998,36.615626618035265,33.7668733819647,34.831917499999975,36.22900000000008,71.23503491247627,74.53703703703705,78.60172140938248
2015-05-21T18:30:00Z,36.15,36.23,36.09,36.23,603834,734235.05,35.049521400060165,35.26074999999999,36.74420972308125,33.77729027691873,34.87616749999997,36.21400000000007,72.26166876920485,75.15207679878337,75.491609373845
2015-05-21T19:30:00Z,36.23,36.45,36.23,36.26,605968,745422.6,35.10856913664259,35.34874999999998,36.84995909603064,33.847540903969325,34.927167499999975,36.20200000000007,72.65579289197994,75.97460455793085,75.22123946458383
2015-05-22T13:30:00Z,36.19,36.61,36.1,36.482,1486501,799217.75,35.17556576412344,35.453349999999986,36.964268564980756,33.942431435019216,34.98359249999998,36.26240000000007,75.43709876194366,78.40986933560254,76.51218356410565
2015-05-22T14:30:00Z,36.49,36.61,36.1,36.1,773904,829989.85,35.220660117093026,35.540849999999985,36.98736474586468,34.09433525413529,35.03109249999998,36.24440000000008,63.473289149487655,72.41780721706512,75.60076037019957
2015-05-22T15:30:00Z,36.105,36.28,36.1,36.26,409942,841901,35.271359623576295,35.63209999999999,37.01700185933984,34.24719814066013,35.08384249999998,36.266400000000075,65.91182722578452,69.16883360661627,73.33217005309471
2015-05-22T16:30:00Z,36.27,36.53,36.26,36.4,687982,868551.25,35.32641525169453,35.734599999999986,37.02498992556637,34.4442100744336,35.139342499999984,36.300400000000074,67.92935448974887,67.5337186897881,69.7067865044899
2015-05-22T17:30:00Z,36.405,36.44,36.27,36.435,560307,877399.75,35.38049255648992,35.83934999999999,36.99275630742297,34.685943692577005,35.19871749999998,36.33540000000008,68.43237112073399,73.98843930635847,70.23033053425435
2015-05-22T18:30:00Z,36.43,36.7,36.405,36.66,753274,892467.2,35.442907553734315,35.95234999999999,36.95215883672974,34.95254116327024,35.26296749999998,36.37100000000008,71.52442017942856,81.69556840077077,74.40590879897252
2015-05-22T19:30:00Z,36.665,36.74,36.64,36.67,709691,861059.05,35.50276572184484,36.02284999999999,37.016263967085884,35.0294360329141,35.32246749999998,36.48500000000008,71.6572965787889,86.5834618887424,80.75582319862396
2015-05-26T13:30:00Z,36.55,36.85,36.44,36.84,1177826,877770.3,35.56799666224265,36.10134999999998,37.09251724623288,35.110182753767084,35.38096749999998,36.60100000000008,73.88803399465735,93.4778841010837,87.2523047968657
2015-05-26T14:30:00Z,36.84,37.08,36.84,37.03,903198,892435.35,35.63931389823081,36.18634999999999,37.18984116089887,35.18285883910111,35.446467499999976,36.727000000000075,76.1476170801618,94.81423160866694,91.62519253283108
2015-05-26T15:30:00Z,37.04,37.95,37.02,37.87,1874881,963943,35.748127854414676,36.30934999999998,37.48954918234374,35.129150817656225,35.53346749999997,37.014000000000074,83.10739905257637,96.50404483983596,94.93205351652894
2015-05-26T16:30:00Z,37.8821,38.24,37.61,37.89,3023479,1091274.85,35.85260942249201,36.43109999999999,37.730055719031036,35.13214428096894,35.62071749999997,37.26000000000007,83.23284557290037,91.50503867803899,94.27443837551404
2015-05-26T17:30:00Z,37.885,38.34,37.8701,38.118,1812647,1144487,35.96311627993142,36.58099999999999,37.931087256440286,35.23091274355969,35.713917499999965,37.549600000000076,84.63378257150421,89.86631480565164,92.62513277450894
2015-05-26T18:30:00Z,38.115,38.32,38.01,38.3,1541602,1188566.1,36.07711060773964,36.73449999999999,38.13251237476729,35.33648762523269,35.802417499999976,37.84160000000007,85.66351225702222,90.6895164267256,90.6869566368055
2015-05-26T19:30:00Z,38.299,38.7,38.235,38.55,1925286,1166979.95,36.19773935858161,36.846749999999986,38.43620032951753,35.25729967048244,35.89441749999997,38.14560000000007,86.95652518446035,94.19279609279592,91.5828757750578
2015-05-27T13:30:00Z,37.7,38.3,37.62,38.08,2657165,1176083.8,36.28955695084592,36.93474999999999,38.59127176261076,35.278228237389214,35.97212499999996,38.187600000000074,73.52990675043966,89.53296703296682,91.47175985082953
2015-05-27T14:30:00Z,38.08,38.37,38,38.25,972401,1184249.8,36.38518831909734,37.038249999999984,38.75092695436264,35.32557304563733,36.053499999999964,38.25960000000008,75.03163164348491,84.35897435897421,89.36157916157907
2015-05-27T15:30:00Z,38.25,38.35,38.18,38.25,1716811,1240095.45,36.476154742556005,37.141249999999985,38.8849782901884,35.39752170981157,36.13499999999997,38.28600000000007,75.03163164348491,80.13451029844462,84.67548389679531
2015-05-27T16:30:00Z,38.25,38.56,38.24,38.355,1213903,1270530.1,36.567805730724004,37.251499999999986,39.00936535320661,35.49363464679336,36.221374999999966,38.29700000000007,76.0066990821143,83.3507179590967,82.61473420550527
2015-05-27T17:30:00Z,38.36,38.785,38.315,38.7,937523,1287214.55,36.67181520727405,37.374999999999986,39.175005444437424,35.57499455556255,36.31787499999997,38.32700000000007,78.91967133674417,87.9294725378514,83.804900265131
2015-05-27T18:30:00Z,38.7,38.99,38.64,38.695,2733579,1393595.1,36.770507148382634,37.49674999999999,39.30798227389602,35.68551772610396,36.42274999999997,38.450000000000074,78.77041078242218,90.22080437113117,87.16699828935985
2015-05-27T19:30:00Z,38.7,38.78,38.51,38.63,1279038,1383221.95,36.86121411675421,37.60414999999999,39.41669818142958,35.7916018185704,36.528749999999974,38.52600000000008,76.73851600389551,90.24743230625593,89.46590307174627
2015-05-28T13:30:00Z,38.49,38.49,37.95,38.035,1960772,1442565.35,36.91847196471742,37.70089999999998,39.38390967317636,36.017890326823604,36.62087499999998,38.483000000000075,61.180922565668354,76.63170694634435,85.69998120791058
2015-05-28T14:30:00Z,38.03,38.201,37.99,38.025,1496857,1496911.1,36.972448942048274,37.78914999999999,39.34064570092948,36.237654299070506,36.71062499999997,38.41700000000007,60.95724518357796,64.15965890546974,77.01293271935678
2015-05-28T15:30:00Z,38.02,38.26,37.96,38.02,694088,1497216.4,37.02354899365567,37.87014999999998,39.28634409333801,36.45395590666195,36.80237499999997,38.28100000000008,60.83747962314495,45.435589567589716,62.075651806468024
2015-05-28T16:30:00Z,38.03,38.31,38,38.25,875830,1512992.55,37.08337587201393,37.96089999999998,39.221689260743446,36.700110739256516,36.900124999999974,38.19200000000008,64.31109958352818,42.236924937928755,50.610724470329494
2015-05-28T17:30:00Z,38.26,38.48,38.18,38.332,1162927,1533475.2,37.14428436606203,38.044499999999985,39.1628508394082,36.92614916059177,36.99842499999997,38.132400000000075,65.48646212913663,42.55544976903288,43.40932142485054
2015-05-28T18:30:00Z,38.33,38.37,38.19,38.23,849218,1540451.55,37.197246104302906,38.12249999999998,39.04738085719527,37.19761914280469,37.07267499999997,38.17140000000008,62.71944474625031,47.49391727493916,44.09543066063369
2015-05-28T19:30:00Z,38.23,38.34,38.22,38.33,977300,1530425.25,37.252502391897885,38.19699999999998,38.91313797553721,37.48086202446275,37.14917499999997,38.23240000000008,64.31155274226947,49.440389294403836,46.49658544612538
2015-05-29T13:30:00Z,38.27,38.57,38.135,38.505,743549,1522442.8,37.31359983619555,38.27074999999998,38.75828702424215,37.783212975757806,37.22854999999997,38.32940000000008,66.96996265797739,49.90524985962935,48.94651880965753
2015-05-29T14:30:00Z,38.5,38.6,38.39,38.465,1191745,1488286,37.36976569784455,38.30049999999997,38.75829755352017,37.84270244647977,37.30492499999997,38.372400000000084,65.76412193339604,51.56981096762121,50.305150040551545
2015-05-29T15:30:00Z,38.465,38.92,38.43,38.86,864445,1380334.3,37.44246005404725,38.348999999999975,38.827618428404485,37.870381571595466,37.39004999999997,38.47800000000008,71.26617867498831,63.46153846153843,54.978866429596415
2015-05-29T16:30:00Z,38.86,38.92,38.72,38.75,375913,1308497.6,37.50624249043519,38.38059999999997,38.87715750926544,37.88404249073451,37.480799999999974,38.58200000000008,67.98927066995364,71.31410256410247,62.11515066442079
2015-05-29T17:30:00Z,38.76,38.89,38.72,38.89,338980,1248366.5,37.57374285675542,38.410099999999964,38.95202874071321,37.86817125928672,37.57229999999997,38.69400000000008,69.88708453755856,84.93589743589725,73.23717948717946
2015-05-29T18:30:00Z,38.87,39.07,38.74,38.83,724630,1188333.7,37.635023693011256,38.42409999999997,38.993530908899764,37.85466909110017,37.63542499999997,38.75900000000008,68.02568805935805,81.95970695970679,79.40323565323558
2015-05-29T19:30:00Z,38.8301,38.89,38.75,38.86,810174,1095984.15,37.694778634815584,38.46309999999996,39.03971803649524,37.886481963504686,37.69892499999997,38.83800000000007,68.47776633329347,83.4020146520145,83.4325396825396
2015-06-01T13:30:00Z,39.04,39.1,38.715,38.74,1475072,1121117.7,37.74576504287336,38.487599999999965,39.06754806664952,37.90765193335041,37.76292499999997,38.81400000000007,64.54652274814413,76.08082706766909,80.48084955979688
2015-06-01T14:30:00Z,38.74,38.75,38.57,38.57,758235,1073188.9,37.78597162614783,38.50359999999996,39.074023491812554,37.93317650818737,37.82242499999997,38.77800000000007,59.34845269778028,67.72660818713447,75.73648330227277
2015-06-01T15:30:00Z,38.58,38.8,38.57,38.75,575698,1041278.65,37.83299740048208,38.52334999999996,39.099152839531264,37.94754716046865,37.887424999999965,38.75000000000007,62.76746130107491,63.37054758107388,69.05932761195923
2015-06-01T16:30:00Z,38.75,39.06,38.75,38.975,343260,1011565.5,37.888704844361,38.53709999999997,39.14154119648555,37.932658803514386,37.95604999999996,38.779000000000075,66.55415347394771,69.57907407866499,66.89207661562453
2015-06-01T17:30:00Z,38.975,39.12,38.97,39.06,702693,910021.2,37.94584119341656,38.55534999999996,39.19855705065321,37.912142949346716,38.02604999999996,38.81900000000008,67.8830546215546,83.04569324926511,71.99843830300141
2015-06-01T18:30:00Z,39.065,39.1,39.01,39.055,463790,869258.8,37.99994650105478,38.576599999999964,39.25536694086407,37.897833059135856,38.09037499999996,38.882000000000076,67.7126207658686,91.45209226480131,81.35895319757721
2015-06-01T19:30:00Z,39.05,39.06,38.86,38.9,560968,799268.6,38.04385154978382,38.619849999999964,39.26443801571953,37.9752619842804,38.160374999999966,38.94800000000008,62.475967043503,88.32487309644699,87.60755287017122
2015-06-02T13:30:00Z,38.81,38.81,38.4,38.57,836413,766246.4,38.069517327843144,38.64709999999996,39.232122358556516,38.0620776414434,38.218124999999965,38.91200000000008,53.06637894596076,65.24117469809717,81.67271335311524
2015-06-02T14:30:00Z,38.57,38.69,38.48,38.48,931361,778110.05,38.089540872826404,38.670099999999955,39.18688695805229,38.15331304194762,38.270124999999965,38.81300000000008,50.81840185190934,37.81120665899193,63.79241815117877
2015-06-02T15:30:00Z,38.48,38.82,38.44,38.805,364020,752519.55,38.12444131805439,38.69784999999995,39.179857582940656,38.21584241705925,38.32937499999996,38.76200000000008,57.77459711834465,30.672881785895527,44.57508771432828
2015-06-02T16:30:00Z,38.81,38.95,38.73,38.86,449617,716854.05,38.16032222936881,38.724249999999955,39.18035607320182,38.26814392679809,38.38437499999996,38.723000000000084,58.83569137789679,43.75000000000009,37.411362814962594
2015-06-02T17:30:00Z,38.87,38.87,38.62,38.635,256229,687204.6,38.18347724257033,38.74449999999995,39.143409764247956,38.34559023575195,38.43349999999996,38.67000000000009,52.97127131040447,50.92592592592609,41.78293590394065
2015-06-02T18:30:00Z,38.635,38.68,38.515,38.62,453736,661026.4,38.204771035615686,38.75899999999996,39.11540707065236,38.402592929347556,38.47799999999996,38.680000000000085,52.59489590682146,42.36111111111115,45.67901234567919
2015-06-02T19:30:00Z,38.62,38.68,38.575,38.64,779537,662825.8,38.226001716805165,38.765749999999954,39.107470280364446,38.42402971963546,38.51824999999996,38.71200000000009,53.073659312147484,32.175925925926,41.82098765432116
2015-06-03T13:30:00Z,38.76,38.8,38.4,38.58,727416,639609.35,38.2432699257415,38.77149999999995,39.09623219737664,38.44676780262327,38.53599999999996,38.66700000000008,51.39664581330117,29.629629629629715,34.72222222222236
2015-06-03T14:30:00Z,38.59,38.65,38.415,38.42,679386,630356.4,38.25189090497362,38.749499999999955,39.10539183751718,38.39360816248273,38.54924999999996,38.57900000000008,47.12078591261235,20.370370370370637,27.39197530864219
2015-06-03T15:30:00Z,38.42,38.51,38.335,38.37,414756,632298.55,38.2576523242432,38.73049999999996,39.122952544915286,38.33804745508463,38.55554999999996,38.52600000000008,45.83743995019672,10.745458834630826,20.248486278210464
2015-06-03T16:30:00Z,38.37,38.41,38.265,38.3,436595,637179.3,38.25971806452402,38.70099999999995,39.12821891345368,38.27378108654622,38.55554999999996,38.46200000000009,44.029485226749195,3.776647918451362,11.630825707817678
2015-06-03T17:30:00Z,38.3,38.46,38.3,38.46,283013,615098.45,38.26948791503504,38.682499999999955,39.11774131239016,38.24725868760975,38.553299999999965,38.42600000000008,48.98274296947664,10.635153130249845,8.385753294444081
2015-06-03T18:30:00Z,38.46,38.48,38.23,38.355,542230,601701.25,38.27365923625285,38.65724999999996,39.10673275830028,38.20776724169964,38.560174999999965,38.381000000000085,46.099496257770724,14.169033876163544,9.526944974954988
2015-06-03T19:30:00Z,38.35,38.36,38.265,38.3,343684,545131.85,38.274944151557584,38.63524999999996,39.10880543499243,38.16169456500748,38.56142499999996,38.357000000000085,44.61797913957296,16.0452521997504,13.616479735388003
2015-06-04T13:30:00Z,40.43,40.77,39.822,40.13,4751975,744818.85,38.3654346807499,38.71324999999995,39.516943193956315,37.90955680604359,38.60842499999996,38.70900000000008,74.25950233362116,33.1952042641256,21.136496780013253
2015-06-04T14:30:00Z,40.13,40.26,39.81,39.81,1736797,802873.8,38.43590128168893,38.76624999999996,39.701658333301424,37.83084166669849,38.64479999999996,39.01100000000008,67.46022045375824,48.91003207932345,32.71682951439988
2015-06-04T15:30:00Z,39.82,40.13,39.75,40,2353693,903395.45,38.51219878014312,38.81749999999995,39.894623484105324,37.74037651589458,38.67729999999996,39.31900000000009,69.25993684959454,68.89763779527563,50.33429137957497
2015-06-04T16:30:00Z,39.99,40.01,39.75,39.88,624473,899484.45,38.57892079086785,38.85849999999995,40.02789770822919,37.68910229177071,38.70692499999996,39.62400000000008,66.74893999527379,65.61679790026251,61.141489258287265
2015-06-04T17:30:00Z,39.87,39.8899,39.65,39.84,864183,919504.1,38.640436849849905,38.89774999999995,40.14124296339437,37.654257036605536,38.737174999999965,39.93200000000009,65.89139638088736,66.0104986876641,66.8416447944008
2015-06-04T18:30:00Z,39.83,40.07,39.45,39.4799,2662756,1024593.5,38.68138627180845,38.92674499999995,40.19587486802485,37.65761513197504,38.77329749999996,39.801980000000086,58.593329567616365,59.18503937007882,63.604111986001875
2015-06-04T19:30:00Z,39.48,39.5,39.19,39.36,2308125,1098179.1,38.71448938050072,38.966244999999944,40.2376765561265,37.694813443873386,38.80667249999996,39.71198000000008,56.3551571766693,52.3608923884515,59.18547681539821
2015-06-05T13:30:00Z,39.31,40.21,39.25,40.08,3601892,1231705.65,38.781099654622636,39.04624499999994,40.38480445027281,37.707685549727074,38.85817249999996,39.72798000000008,65.00086674972673,55.51049868766403,55.6854768153982
2015-06-05T14:30:00Z,40.085,40.1,39.83,39.93,931735,1260091.4,38.83714357390934,39.10249499999994,40.48945206563509,37.71553793436479,38.90017249999996,39.737980000000086,62.234911001869975,61.41732283464563,56.42957130358713
2015-06-05T15:30:00Z,39.93,39.985,39.84,39.88,873438,1281282.45,38.888014619084494,39.15349499999994,40.57560186726254,37.731388132737344,38.93887249999996,39.74598000000008,61.29855766112153,68.24146981627295,61.723097112860955
2015-06-05T16:30:00Z,39.88,40.5,39.84,40.48,702073,1303574.65,38.965672442543784,39.245744999999935,40.75786383855632,37.73362616144355,38.995122499999965,39.94600000000008,67.598501971626,73.49081364829391,67.71653543307092
2015-06-05T17:30:00Z,40.47,40.59,40.341,40.455,997398,1330757.75,39.03832256729775,39.33749499999994,40.90815705846945,37.76683294153043,39.04824749999996,40.165000000000084,67.10831772113534,80.38057742782144,74.03762029746285
2015-06-05T18:30:00Z,40.45,40.48,40.11,40.22,559490,1319755.4,39.095965368892976,39.41649499999994,40.99778512578806,37.83520487421182,39.09112249999997,40.19300000000008,62.51901263905818,84.74167151261764,79.53768752957774
2015-06-05T19:30:00Z,40.215,40.25,40.111,40.23,1091840,1337976.6,39.151284131386,39.49899499999994,41.069239172705736,37.92875082729414,39.13524749999997,40.253000000000085,62.63610795072832,77.1550407275417,80.75909655599366
2015-06-08T13:30:00Z,40.3,40.36,39.5,39.55,989934,1353504,39.170733685952534,39.555494999999944,41.04565338819713,38.065336611802756,39.15249749999997,40.18700000000008,50.9741368570448,56.52699423335349,72.80790215783769
2015-06-08T14:30:00Z,39.55,39.75,39.54,39.68,640545,1364793.45,39.19557594517436,39.620994999999944,41.00859423678107,38.233395763218816,39.17574749999997,40.027000000000086,52.78403923614575,42.1790235081373,58.620352823010904
2015-06-08T15:30:00Z,39.67,39.76,39.5,39.5012,318750,1358901.2,39.21048443565366,39.681054999999944,40.932001616732435,38.43010838326745,39.19102749999997,39.83624000000008,50.04738375444376,27.64761904761897,42.11787892970333
2015-06-08T16:30:00Z,39.5,39.58,39.495,39.51,254846,1357492.85,39.22509495098763,39.733554999999946,40.85671987565883,38.61039012434106,39.20802749999997,39.694240000000086,50.18427755485302,26.69523809523804,32.173960216998175
2015-06-08T17:30:00Z,39.51,39.51,39.09,39.36,622624,1361512.55,39.2316756850858,39.78380499999995,40.732079737569734,38.83553026243017,39.22052749999997,39.520240000000086,47.78063055012368,21.028571428571283,25.123809523809502
2015-06-08T18:30:00Z,39.37,39.595,39.36,39.51,594188,1374037.75,39.24525248093527,39.84430499999995,40.52197922697958,39.166630773020316,39.23977749999997,39.51224000000009,50.34202632669509,22.952380952380732,23.55873015873009
2015-06-08T19:30:00Z,39.51,39.53,39.44,39.51,652054,1169041.7,39.25816699406038,39.81330499999994,40.49258844445769,39.1340215555422,39.263277499999965,39.478240000000085,50.34202632669509,24.666666666666355,22.882539682539527
2015-06-09T13:30:00Z,39.48,39.5,38.27,38.29,1107647,1137584.2,39.210939335813535,39.73730499999994,40.68725838723242,38.787351612767466,39.25177749999996,39.23600000000009,34.41760523852848,18.954022988505464,22.19102353585092
2015-06-09T14:30:00Z,38.29,38.84,37.92,38.68,887596,1064279.35,39.18503985601775,39.67130499999995,40.71761493396434,38.62499506603555,39.244402499999964,39.070000000000086,40.85807942706346,19.108829480390696,20.909839711854243
2015-06-09T15:30:00Z,38.66,38.83,38.49,38.665,314304,1048770.9,39.15967205816323,39.61055499999995,40.73919199120313,38.48191800879677,39.23452749999997,38.93100000000008,40.69255698362605,19.076370054672925,19.046407507856433
2015-06-09T16:30:00Z,38.66,38.74,38.55,38.63,277980,1019460.75,39.13383439678942,39.550054999999944,40.750450383993694,38.34965961600619,39.223902499999966,38.75500000000009,40.282488211576904,27.652933832709063,21.946044455924298
2015-06-09T17:30:00Z,38.63,38.67,38.51,38.62,287017,900673.8,39.108769304263106,39.507059999999946,40.77417124752856,38.239948752471335,39.21690249999997,38.57700000000009,40.157970790884285,27.279377340823913,24.669560409402038
2015-06-09T18:30:00Z,38.62,38.85,38.59,38.81,290405,799787.8,39.09419519186003,39.47955999999995,40.7816349262663,38.1774850737336,39.22290249999996,38.68100000000008,43.71775385682078,30.13697337856368,28.356428184032286
2015-06-09T19:30:00Z,38.8,38.97,38.78,38.81,864731,662929.75,39.0803320117693,39.416059999999945,40.718682966791555,38.113437033208335,39.231152499999965,38.707000000000086,43.71775385682078,33.43152322404373,30.282624647810508
2015-06-10T13:30:00Z,38.84,38.98,38.66,38.68,678178,650251.9,39.06080362095128,39.353559999999945,40.671411127257315,38.035708872742575,39.22802749999997,38.710000000000086,41.7471333484355,38.085055832739414,33.884517478449006
2015-06-10T14:30:00Z,38.69,38.91,38.52,38.57,519605,632560.25,39.03686198090488,39.28805999999995,40.62482326760226,37.951296732397644,39.220777499999976,38.698000000000086,40.10001899334917,37.70194820622478,36.40617575433604
2015-06-10T15:30:00Z,38.57,38.68,38.48,38.53,433624,619137.8,39.012137006226595,39.190559999999955,40.44742030791417,37.93369969208574,39.21815249999997,38.68000000000009,39.489871539081086,37.682781743456644,37.82326192747368
2015-06-10T16:30:00Z,38.52,38.67,38.51,38.63,292340,583884.9,38.99349617665457,39.09930999999995,40.23486069618737,37.96375930381254,39.218402499999975,38.64400000000009,41.87113137860483,38.04401903525855,37.809582994980055
2015-06-10T17:30:00Z,38.63,38.7559,38.54,38.745,273215,569571.15,38.98137441193971,39.02555999999995,40.046166208883896,38.004953791116,39.22102749999997,38.631000000000085,44.572515872271055,42.68656716417911,39.471122647631496
2015-06-10T18:30:00Z,38.74,38.78,38.645,38.715,282361,529097.2,38.96838053818656,38.94980999999996,39.81458693286171,38.085033067138205,39.224402499999975,38.63800000000009,43.998086786250326,47.00689101078462,42.57915907007416
2015-06-10T19:30:00Z,38.72,38.8,38.65,38.65,384304,498815.7,38.95284978022624,38.904809999999955,39.732862379750166,38.076757620249744,39.230152499999974,38.65400000000009,42.71364997542738,48.278381658810225,45.990613277924716
2015-06-11T13:30:00Z,37.6,38.19,37.58,38.05,1890312,561304.05,38.90880832753228,38.82330999999996,39.65099222380899,37.99562777619092,39.22215249999997,38.55800000000009,33.106153170567225,43.050947401525264,46.112073357040096
2015-06-11T14:30:00Z,38.05,38.28,37.98,38.19,814687,586100.9,38.87374450667704,38.75774999999996,39.5677961406667,37.94770385933322,39.219402499999966,38.47000000000009,36.68475457144445,41.115129596142204,44.14815288549263
2015-06-11T15:30:00Z,38.18,38.2399,38.05,38.06,392630,592990.1,38.8340496526928,38.685249999999954,39.4722345932487,37.89826540675121,39.20940249999997,38.33300000000009,34.82189727902899,37.142857142857245,40.43631138017496
2015-06-11T16:30:00Z,38.05,38.12,38.03,38.07,367486,580233.2,38.79677893792729,38.62074999999996,39.38713942451586,37.85436057548406,39.202277499999965,38.204000000000086,35.09492951473936,37.6190476190478,38.62567811934914
2015-06-11T17:30:00Z,38.08,38.23,38.07,38.17,539041,577475.85,38.76620435558937,38.55374999999996,39.225969272268465,37.88153072773145,39.19902749999997,38.10800000000009,37.89657047426885,37.142857142857416,37.301587301587546
2015-06-11T18:30:00Z,38.17,38.23,38.1,38.23,326869,561216.6,38.74004804556062,38.48974999999996,39.0127937362297,37.96670626377021,39.15152749999997,38.14400000000009,39.58171887132922,41.19047619047634,38.65079365079391
2015-06-11T19:30:00Z,38.23,38.28,38.11,38.13,730884,542378.45,38.71028960431376,38.48174999999996,39.02140058140182,37.942099418598104,39.10952749999997,38.13200000000009,37.74349616231343,42.61904761904782,40.317460317460586
2015-06-12T13:30:00Z,39,39.25,38.63,38.73,1535916,574794.45,38.711251087030156,38.48424999999996,39.027998793109404,37.94050120689052,39.077777499999975,38.26600000000009,52.11338859097175,51.52552038779589,45.11168139910674
2015-06-12T14:30:00Z,38.72,38.94,38.67,38.8,546234,586390.95,38.71558030229698,38.49099999999996,39.04677513439236,37.93522486560755,39.05077749999997,38.41200000000009,53.46296951052761,60.40062731679501,51.51506510787963
2015-06-12T15:30:00Z,38.81,39.155,38.79,39.03,597748,602379.35,38.730917848526396,38.51099999999996,39.11227032190839,37.90972967809153,39.03052749999997,38.584000000000096,57.68298750109155,76.2475049900199,62.72455089820366
2015-06-12T16:30:00Z,39.025,39.09,38.96,38.9999,253831,600720.05,38.74403892908608,38.52999499999996,39.166792614559455,37.89319738544046,39.018527499999976,38.73798000000009,56.9550878622916,81.63473053892208,72.76095428191239
2015-06-12T17:30:00Z,38.997,39.15,38.98,39.117,462622,609330.9,38.76223215205749,38.545344999999955,39.22195650293858,37.86873349706133,39.012452499999974,38.93538000000009,59.116544073760465,87.96207584830331,81.94810379241517
2015-06-12T18:30:00Z,39.1101,39.19,39.09,39.14,558798,594034.25,38.780659851957125,38.56184499999996,39.27838431218506,37.845305687814864,38.988952499999975,39.01738000000009,59.546218361968506,90.15768463073844,86.58483033932134
2015-06-12T19:30:00Z,39.15,39.17,38.995,39.01,744332,597341.95,38.7918471762519,38.57834499999996,39.31977338218343,37.8369166178165,38.96595249999997,39.05938000000009,55.96594794570969,90.35928143712569,89.49301397205586
2015-06-15T13:30:00Z,38.59,39,38.44,38.87,448562,593789.8,38.79565950911766,38.59334499999996,39.34555151812452,37.84113848187539,38.94070249999997,39.027380000000086,52.31773684819382,83.04021877504829,87.85239494763753
2015-06-15T14:30:00Z,38.88,39.24,38.84,38.96,528291,598523.15,38.803676118428996,38.61484499999996,39.38299232044535,37.84669767955457,38.902702499999975,39.01940000000009,54.37666994283845,77.31233028972385,83.57061016729934
2015-06-15T15:30:00Z,38.97,39.12,38.97,39.04,139715,590891.9,38.81520411265197,38.63534499999996,39.425582132706296,37.84510786729362,38.86732749999997,39.00400000000009,56.18765166462237,76.36504453336772,78.90586453271334
2015-06-15T16:30:00Z,39.035,39.13,38.97,39.1,102528,582357.55,38.82909659496163,38.65309499999996,39.46795111362333,37.83823888637659,38.83932749999998,38.99600000000008,57.54867108610941,82.10150967861449,78.59296150056873
2015-06-15T17:30:00Z,39.1,39.18,39.04,39.075,138663,575172.65,38.84109188301228,38.67109499999996,39.506276899892676,37.83591310010724,38.81045249999998,39.009000000000086,56.75751063129901,84.95254317825817,81.13969913008017
2015-06-15T18:30:00Z,39.08,39.13,38.92,39,267131,569314,38.8488434984751,38.68859499999996,39.535855589139544,37.84133441086037,38.796702499999974,39.03500000000009,54.343799946012574,83.38030657582316,83.47811981089865
2015-06-15T19:30:00Z,39,39,38.9,38.95,664803,508038.55,38.85377796196412,38.73359499999996,39.53475435113294,37.93243564886698,38.77845249999997,39.03300000000009,52.7337334320371,75.2719156990708,81.20158848438409
2015-06-16T13:30:00Z,38.87,39.14,38.75,38.95,216159,478112.15,38.85847171991709,38.771594999999955,39.53732826028618,38.00586173971373,38.764672499999975,39.015000000000086,52.7337334320371,68.26104613385343,75.63775613624917
2015-06-16T14:30:00Z,38.95,38.975,38.78,38.88,141170,465539.15,38.85952187992113,38.81259499999995,39.50592051223064,38.119269487769266,38.74892249999998,38.97100000000009,50.31340168072291,60.570987654321364,68.03464982908191
2015-06-16T15:30:00Z,38.87,38.91,38.74,38.76,77663,451048,38.85466715407132,38.84709499999995,39.452242127489676,38.24194787251023,38.733922499999984,38.90800000000009,46.383198844108676,52.916666666666835,60.58290015161392
2015-06-16T16:30:00Z,38.76,38.835,38.73,38.8,85811,428386.5,38.85200046362882,38.87859499999995,39.399158258319254,38.35803174168064,38.716172499999985,38.86800000000009,47.84566270793142,46.66666666666663,53.38477366255165
2015-06-16T17:30:00Z,38.8,38.83,38.71,38.743,170364,420561.25,38.84668336784205,38.90424499999995,39.33771532413916,38.470774675860746,38.69699749999998,38.826600000000084,45.923378396312984,40.95833333333331,46.84722222222231
2015-06-16T18:30:00Z,38.745,38.84,38.745,38.79,162251,392129.6,38.84391832550829,38.937244999999955,39.19465487142781,38.6798351285721,38.70949749999998,38.79460000000009,47.786186615415154,42.20833333333335,43.27777777777781
2015-06-16T19:30:00Z,38.795,38.95,38.7901,38.85,407590,335713.3,38.844214992556665,38.943244999999955,39.18624311091496,38.70024688908495,38.713747499999975,38.78860000000009,50.14713655214659,44.29166666666685,42.48611111111121
2015-06-17T13:30:00Z,39.59,40.31,39.23,39.68,3013989,459101.05,38.884984992919755,38.98724499999996,39.38191174791307,38.592578252086845,38.73912249999998,38.97260000000009,70.21249766899598,51.87500000000002,46.125000000000114
2015-06-17T14:30:00Z,39.68,39.99,39.67,39.935,639066,461166.95,38.93620523716757,39.03249499999996,39.604206379900056,38.46078362009987,38.77174749999998,39.199600000000096,73.71310169709443,62.81250000000005,52.993055555555685
2015-06-17T15:30:00Z,39.94,40.25,39.84,40.05,702702,483610.5,38.990536689013055,39.08499999999996,39.80796445279638,38.36203554720354,38.807497499999975,39.46100000000009,75.13243534275117,73.64583333333321,62.77777777777781
2015-06-17T16:30:00Z,40.046,40.2931,39.89,40.28,690014,494980.1,39.053437338329495,39.14314999999996,40.034526525384386,38.25177347461554,38.84424749999998,39.75900000000009,77.72311809935573,86.14583333333324,74.20138888888887
2015-06-17T17:30:00Z,40.28,40.34,39.78,39.89,758250,504952.7,39.09424527304513,39.180649999999964,40.12958735831463,38.2317126416853,38.871247499999974,39.96700000000009,65.30036047964765,84.75587934560313,81.51584867075657
2015-06-17T18:30:00Z,39.89,40.03,39.86,39.9,431452,489308.7,39.133550381677075,39.225149999999964,40.22025286403223,38.230047135967695,38.90174749999998,40.011000000000095,65.45283605254104,81.17459100204486,84.02543456032713
2015-06-17T19:30:00Z,39.9,39.91,39.73,39.75,570784,495419.8,39.163621094766,39.26914999999996,40.27530749761476,38.26299250238516,38.93124749999997,39.97400000000009,61.11475811426808,69.7341513292432,78.55487389229711
2015-06-18T13:30:00Z,39.79,40.15,39.54,39.995,469746,492492.55,39.204176163314,39.32089999999996,40.36392327874648,38.277876721253435,38.96787249999997,39.96300000000009,65.17472879296642,71.88139059304682,74.263377641445
2015-06-18T14:30:00Z,40,40.28,39.93,40.03,473941,509203.85,39.24446025290844,39.37039999999996,40.44876921321372,38.2920307867862,39.002872499999974,39.91300000000009,65.72528116292989,74.53987730061333,72.0518064076345
2015-06-18T15:30:00Z,40.02,40.03,39.92,39.93,384342,523294.55,39.2779012161812,39.41189999999996,40.50916859064086,38.31463140935906,39.03249749999997,39.92100000000009,62.676505005593434,78.22085889570535,74.88070892978855
2015-06-18T16:30:00Z,39.95,40,39.845,39.85,202565,526489.65,39.30580847392846,39.45064999999995,40.55232059959396,38.348979400405945,39.060872499999974,39.911000000000094,60.26796275894388,75.25562372188129,76.00545330606671
2015-06-18T17:30:00Z,39.84,39.86,39.65,39.66,267864,526526.3,39.32308610934658,39.48364999999996,40.56876313235348,38.39853686764644,39.08612249999997,39.89300000000009,54.87449223925618,67.38401574449793,73.62016612069489
2015-06-18T18:30:00Z,39.66,39.68,39.59,39.6,308331,508702.7,39.336594104012605,39.51614999999996,40.57397631372424,38.45832368627568,39.124872499999974,39.81400000000009,53.25374864092394,59.853468553050426,67.49770267314325
2015-06-18T19:30:00Z,39.6,39.63,39.54,39.58,343176,515053.55,39.348467562353456,39.54764999999996,40.57319264172965,38.522107358270276,39.159622499999976,39.72400000000009,52.69505071937664,47.05109562797812,58.09619330850887
2015-06-19T13:30:00Z,39.51,39.58,39.31,39.48,222500,519120.05,39.35488377882402,39.57764999999996,40.55739573742646,38.597904262573465,39.195122499999975,39.634000000000086,49.87741099431619,33.430456697663836,46.778340292897504
2015-06-19T14:30:00Z,39.48,39.54,39.41,39.43,186501,524561.95,39.35854798473504,39.61114999999996,40.52002981054007,38.702270189459846,39.229122499999974,39.55000000000009,48.48153548173138,19.89562377911867,33.45905870158692
2015-06-19T15:30:00Z,39.43,39.43,39.24,39.34,194083,529975.55,39.35764320499187,39.63814999999996,40.47854164084796,38.79775835915196,39.25837249999997,39.48600000000009,45.98675280762039,12.415416298911248,21.913832258564636
2015-06-19T16:30:00Z,39.34,39.35,39.19,39.22,113942,527154.45,39.350928902309334,39.66199999999996,40.42271939636453,38.9012806036354,39.283122499999976,39.41000000000009,42.82263150357226,7.783363393325416,13.364801157118492
2015-06-19T17:30:00Z,39.22,39.22,39.04,39.08,151878,526635.8,39.337712858294246,39.67649999999996,40.379010498146926,38.973989501853,39.306872499999976,39.31000000000009,39.41528338261797,4.975137064898711,8.391305585711839
2015-06-19T18:30:00Z,39.07,39.09,38.98,39.01,333617,522937.15,39.32172686520672,39.684499999999964,40.351949623571045,39.017050376428884,39.313872499999974,39.216000000000086,37.795925545322426,2.7140648038264374,5.157521754016903
2015-06-19T19:30:00Z,39,39.25,39,39.16,591212,401798.3,39.31383774983078,39.65849999999996,40.364050139965855,38.95294986003407,39.322872499999974,39.16200000000009,43.182789236834175,6.459884201819698,4.716362023514997
2015-06-22T13:30:00Z,39.37,39.77,39.13,39.2725,443353,392012.65,39.31182127422928,39.625374999999956,40.33806054602147,38.912689453978444,39.32893499999998,39.148500000000084,46.89712480172434,12.884615384615499,7.352854796753927
2015-06-22T14:30:00Z,39.26,39.31,39.21,39.2899,161178,364936.45,39.310751943779074,39.58736999999996,40.286362549608015,38.8883774503919,39.33618499999998,39.16248000000009,47.46912642231745,21.953479853480093,13.765993146638479
2015-06-22T15:30:00Z,39.28,39.41,39.26,39.26,311065,345989,39.30827623920449,39.536369999999955,40.17172308640843,38.901016913591484,39.33975999999998,39.19848000000008,46.54138876592923,26.488422035481126,20.44217242452562
2015-06-22T16:30:00Z,39.255,39.255,39.17,39.21,249350,320544,39.303482276316466,39.50236999999996,40.13113242286645,38.87360757713346,39.34150999999997,39.23848000000008,44.95899684441843,27.700543247602393,25.38081504552125
2015-06-22T17:30:00Z,39.21,39.24,39.18,39.2,103247,304133.75,39.29843436039859,39.46736999999996,40.08145939447516,38.85328060552476,39.34625999999997,39.24648000000008,44.632155297416666,27.14514843144811,27.111371238177256
2015-06-22T18:30:00Z,39.2,39.41,39.14,39.275,761603,313674.7,39.29729122086695,39.44361999999996,40.04882643949619,38.83841356050373,39.356384999999975,39.24698000000008,47.70290325475463,30.442079018028696,28.429256899026445
2015-06-22T19:30:00Z,39.28,39.3,39.15,39.2,466769,313525.85,39.29254530765393,39.40386999999996,39.961562338486836,38.84617766151309,39.362384999999975,39.229000000000084,45.01432910478143,31.012658227848465,29.533295225775134
2015-06-23T13:30:00Z,39.18,39.56,39.18,39.53,491090,314383.3,39.30412846337813,39.378869999999964,39.86187594655302,38.89586405344691,39.37463499999997,39.28300000000009,56.603856020743706,44.93670886075967,35.46381536887899
2015-06-23T14:30:00Z,39.525,39.73,39.49,39.645,372172,313774.8,39.32075634321334,39.36461999999996,39.795779685508975,38.933460314490944,39.388259999999974,39.37000000000008,59.78492880335519,60.548523206751305,45.49929676511986
2015-06-23T15:30:00Z,39.64,39.64,39.3278,39.37,197963,313544.7,39.323158472812686,39.34061999999996,39.71005431677039,38.97118568322953,39.39563499999997,39.40400000000008,50.291251890146384,67.72151898734174,57.73558368495096
2015-06-23T16:30:00Z,39.38,39.55,39.31,39.54,123472,306325.1,39.33373610828524,39.33461999999996,39.68659652536442,38.982643474635495,39.40913499999997,39.45700000000008,55.04386645873786,68.1434599156117,65.47116736990164
2015-06-23T17:30:00Z,39.54,39.61,39.5,39.525,113030,296560.05,39.34306605422254,39.330869999999955,39.6729150619563,38.98882493804361,39.42350999999998,39.52200000000008,54.54829309515431,63.08016877637104,66.31504922644153
2015-06-23T18:30:00Z,39.53,39.685,39.48,39.57,243491,291575.8,39.35413600279705,39.33036999999995,39.67098313011837,38.98975686988153,39.439009999999975,39.53000000000007,55.83299656220056,71.29979724916409,67.50780864704899
2015-06-23T19:30:00Z,39.57,39.57,39.49,39.5049,275268,294214.2,39.36149034412402,39.33161499999996,39.67458062671455,38.98864937328536,39.454632499999974,39.501980000000074,53.47804811401135,67.19714693270829,67.19237098608119
2015-06-24T13:30:00Z,39.36,39.48,39,39.03,374592,303618.75,39.34532008343505,39.311614999999954,39.67532342870214,38.947906571297764,39.46138249999997,39.433980000000076,40.168071021392564,45.57122935568979,61.3560578458541
2015-06-24T14:30:00Z,39.04,39.19,39,39.175,195552,303692.2,39.33701178668212,39.30336499999995,39.67158118800754,38.935148811992356,39.470757499999976,39.360980000000076,44.694161751176516,28.886772260273776,47.21838284955732
2015-06-24T15:30:00Z,39.175,39.23,39.09,39.11,234959,309743.05,39.32593804099031,39.29786499999995,39.67409660567571,38.921633394324196,39.479932499999975,39.27798000000007,43.11947647064904,14.383561643835606,29.613854419933094
2015-06-24T16:30:00Z,39.11,39.17,38.94,38.95,211762,312737.25,39.307599599966395,39.29136499999995,39.68644752443073,38.896282475569166,39.48393249999997,39.153980000000075,39.436238606959286,13.435639558407182,18.901991154172226
2015-06-24T17:30:00Z,38.95,39,38.85,38.9,152267,303669.75,39.28771669265096,39.28586499999996,39.69910737573982,38.872622624260096,39.48518249999997,39.03300000000007,38.33424788232325,7.338711372437898,11.719304191560264
2015-06-24T18:30:00Z,38.9,38.99,38.885,38.95,197546,283986.45,39.271242707643594,39.27536499999995,39.71093465127304,38.83979534872686,39.46693249999998,39.017000000000074,40.135749620515725,6.103759110088453,8.959370013644548
2015-06-24T19:30:00Z,38.94,39.08,38.94,39.02,898677,306752.65,39.258986965807324,39.26273999999996,39.71232199875852,38.8131580012414,39.44405749999997,38.986000000000075,42.66127314057406,12.121212121212233,8.521227534579566
2015-06-25T13:30:00Z,39.31,39.716,39.24,39.63,570026,327195.05,39.27708516259721,39.279744999999956,39.757024521777566,38.802465478222345,39.43355749999998,39.090000000000074,58.923869211524135,39.77272727272768,19.332566168009492
2015-06-25T14:30:00Z,39.625,39.7,39.56,39.665,288527,326068.15,39.29600783759247,39.29999499999995,39.805723980689315,38.79426601931059,39.41818249999998,39.233000000000075,59.6313408698031,67.35513331933682,39.74969090442561
2015-06-25T15:30:00Z,39.665,39.705,39.62,39.635,188622,323031.75,39.31254404063674,39.32124499999996,39.84544095754513,38.797049042454795,39.41180749999998,39.380000000000074,58.69812600391916,91.13128980334527,66.08638346513662
2015-06-25T16:30:00Z,39.65,39.695,39.59,39.68,202833,328011.05,39.33046872158128,39.345244999999956,39.888640217046785,38.80184978295313,39.40630749999998,39.526000000000074,59.71650665878398,93.53348729792128,84.00663680686783
2015-06-25T17:30:00Z,39.68,39.68,39.3236,39.3236,385092,309185.5,39.33013366199195,39.34767499999996,39.890225985168705,38.805124014831215,39.39564749999998,39.58672000000007,49.34003505078229,80.39260969976884,88.35246226701183
2015-06-25T18:30:00Z,39.32,39.41,39.26,39.365,242178,297955.95,39.331834458967954,39.35592499999996,39.89424439544155,38.817605604558366,39.379897499999984,39.533720000000066,50.41781062498479,69.99999999999993,81.30869899923006
2015-06-25T19:30:00Z,39.37,39.41,39.305,39.32,300729,288437.9,39.33125716828659,39.34542499999996,39.8779139402668,38.812936059733126,39.362147499999985,39.46472000000007,49.192739464181564,56.14318706697454,68.84526558891447
2015-06-26T13:30:00Z,39.35,39.4,38.97,39.21,301282,284893.4,39.325342184467736,39.32367499999996,39.84075446343567,38.806595536564245,39.34414749999998,39.37972000000007,46.23529997113256,51.770592763664375,59.304593276879665
2015-06-26T14:30:00Z,39.22,39.32,39.19,39.22,280651,289027.8,39.32020354132297,39.31617499999995,39.83469854961886,38.797651450381046,39.32839749999998,39.28772000000007,46.54989756719107,46.189376443417906,51.36771875801899
2015-06-26T15:30:00Z,39.23,39.31,39.14,39.255,260003,295854.35,39.31702288077063,39.301924999999954,39.810632550079454,38.793217449920455,39.31827249999998,39.27400000000007,47.70331123168392,43.687451886066185,47.21580703104954
2015-06-26T16:30:00Z,39.25,39.255,39.02,39.07,166864,298546.05,39.304972984147675,39.27917499999995,39.78663777844658,38.77171222155332,39.30502249999998,39.215000000000074,42.48467293489444,38.29869130100072,42.725173210161664
2015-06-26T17:30:00Z,39.065,39.095,38.94,39,154627,294102.85,39.29009625321364,39.25067499999995,39.75360777036715,38.747742229632756,39.29052249999998,39.15100000000008,40.67161738929223,28.669883062876398,36.88534208331449
2015-06-26T18:30:00Z,38.99,39.1,38.97,39.045,305372,295608.05,39.27814033842273,39.22767999999995,39.7240273203409,38.731332679659,39.27964749999998,39.11800000000007,42.37414959122496,17.591277791573432,28.18661738515024
2015-06-26T19:30:00Z,39.05,39.1,38.995,39.09,385409,296148.9,39.26896276093869,39.23067999999995,39.722920126777616,38.73843987322228,39.27114749999998,39.09200000000008,44.10164359201557,15.566524412685887,20.609228422378628
2015-06-29T13:30:00Z,38.76,39.3,38.6,39.2,449339,308838.25,39.26559872381973,39.231929999999956,39.72372496988776,38.74013503011215,39.267647499999974,39.08100000000008,48.19025215344828,29.053155758735404,20.736985987664962
2015-06-29T14:30:00Z,39.2,39.29,39.13,39.28,280975,311139.05,39.26630122509682,39.240429999999954,39.729369722672864,38.75149027732704,39.269147499999974,39.12300000000008,50.9974753037392,45.0556669932053,29.891782388208913
2015-06-29T15:30:00Z,39.27,39.28,39.125,39.22,179533,309527.6,39.26404262875063,39.253929999999954,39.724617382885896,38.78324261711401,39.27264749999998,39.16700000000008,48.859227658437774,57.48603621286954,43.86495298827014
2015-06-29T16:30:00Z,39.22,39.31,39.155,39.25,214090,312618.75,39.26335762247011,39.27142999999996,39.71332525048973,38.82953474951019,39.27864749999997,39.20800000000008,49.98833524412565,59.44821709661895,53.996640100897984
2015-06-29T17:30:00Z,39.26,39.295,39.15,39.15,170563,311269.6,39.25782798234962,39.28142999999996,39.702330240444766,38.86052975955515,39.27839749999997,39.22000000000008,46.31740845684498,61.569141439765474,59.501131583084714
2015-06-29T18:30:00Z,39.15,39.15,38.7886,38.825,375871,285129.3,39.236714422235,39.27167999999996,39.72419884204374,38.81916115795618,39.26720999999997,39.145000000000074,36.84685223863515,51.95473251028822,57.657363682224265
2015-06-29T19:30:00Z,38.82,38.85,38.63,38.685,394564,276356.2,39.20980152358939,39.22442999999996,39.71330942522182,38.7355505747781,39.25208749999997,39.02600000000008,33.65454746137266,35.43467078189322,49.652848243982355
2015-06-30T13:30:00Z,39.07,39.33,39,39.13,296435,276751.6,39.205908766341125,39.19767999999996,39.643890558374174,38.75146944162575,39.248837499999965,39.00800000000008,48.829848538233435,37.001839167935415,41.46374748670567
2015-06-30T14:30:00Z,39.13,39.135,38.8685,38.97,175065,276073.75,39.19440102164156,39.16442999999997,39.572840935705294,38.75601906429464,39.24283749999997,38.952000000000076,44.857008174638544,44.637557077625765,39.02468900915152
2015-06-30T15:30:00Z,38.96,39.05,38.89,38.9,174823,274673.25,39.18003999619563,39.125429999999966,39.47405250702597,38.776807492973965,39.23533749999997,38.90200000000008,43.200964004581536,54.79452054794529,45.477972264502206
2015-06-30T16:30:00Z,38.9,38.9,38.67,38.78,261131,268475.2,39.16052585003975,39.098249999999965,39.465118845780346,38.731381154219584,39.22296249999998,38.89300000000007,40.444401083956855,38.8127853881278,46.08162100456634
2015-06-30T17:30:00Z,38.78,38.97,38.78,38.82,227677,267750.15,39.14391483296464,39.07099999999996,39.43552160430501,38.706478395694916,39.21346249999998,38.92000000000008,41.777999360073565,31.963470319634684,41.85692541856931
2015-06-30T18:30:00Z,38.82,38.88,38.67,38.74,245859,265006.65,39.124211670381,39.041999999999966,39.414859222767475,38.66914077723246,39.19371249999997,38.84200000000008,39.8557568866495,24.657534246575448,31.811263318112704
2015-06-30T19:30:00Z,38.75,38.83,38.63,38.76,485208,274202.95,39.10644524743559,39.019499999999965,39.4032434038572,38.63575659614273,39.17158749999997,38.80000000000008,40.591680084139746,23.74429223744288,26.7884322678844
2015-07-01T13:30:00Z,38.95,39,38.54,38.81,356988,278019.8,39.09198450365824,38.99899999999997,39.38151274488963,38.6164872551103,39.15758749999997,38.78200000000008,42.48635207736755,25.09103520027755,24.49762056143202
2015-07-01T14:30:00Z,38.81,38.935,38.69,38.7,187740,274406.65,39.07286330835784,38.97124999999996,39.355969053341504,38.58653094665842,39.136587499999976,38.76600000000008,39.50159646700323,25.449395988671398,24.761574475464005
2015-07-01T15:30:00Z,38.7,38.74,38.67,38.735,129218,272524.35,39.056382171364774,38.95449999999996,39.34959365978871,38.55940634021121,39.11683749999997,38.74900000000008,40.92370462986672,26.371308016878004,25.637246401942377
2015-07-01T16:30:00Z,38.735,38.77,38.605,38.71,160754,272830.7,39.03948548007869,38.93999999999996,39.34841155713873,38.53158844286119,39.09533749999997,38.74300000000009,40.19686673052086,22.151898734177518,24.657534246575704
2015-07-01T17:30:00Z,38.72,38.76,38.59,38.665,135352,264329.7,39.02121789568461,38.920999999999964,39.34322742687235,38.498772573127575,39.07433999999997,38.72400000000009,38.85900423537091,20.675105485232212,23.06610407876264
2015-07-01T18:30:00Z,38.67,38.78,38.52,38.57,616324,275875.45,38.99920726662682,38.89499999999997,39.33602154142765,38.45397845857229,39.06283999999997,38.67600000000009,36.125446356212024,14.504870552690543,19.110624924033484
2015-07-01T19:30:00Z,38.57,38.63,38.53,38.61,268133,266815.15,38.98022154630356,38.86549999999996,39.29984893807271,38.43115106192722,39.04871499999997,38.65800000000009,38.099909183998506,11.03557847580332,15.40518483790875
2015-07-02T13:30:00Z,38.86,39.25,38.6925,38.92,413525,273442.65,38.97728390989851,38.84749999999997,39.23941197991701,38.45558802008293,39.04396499999997,38.695000000000086,50.79455604179338,24.0261570550762,16.52220202785675
2015-07-02T14:30:00Z,38.92,39.025,38.645,38.68,290020,278967,38.96278225575712,38.82049999999997,39.17902336047039,38.461976639529546,39.03721499999997,38.68900000000009,43.37755065015324,29.274479959411263,21.445405163430323
2015-07-02T15:30:00Z,38.68,38.72,38.68,38.72,97760,273150.5,38.950939218890916,38.79399999999997,39.09542329041304,38.4925767095869,39.032714999999975,38.70000000000009,44.82364901315846,34.703196347031735,29.334611120506462
2015-07-02T16:30:00Z,38.72,38.73,38.61,38.67,103934,269819.05,38.9372348667499,38.76999999999997,39.02744902408754,38.5125509759124,39.02571499999997,38.72000000000009,43.33383848441124,23.287671232876434,29.088449179773207
2015-07-02T17:30:00Z,38.67,38.9,38.67,38.9,167602,259405.6,38.93541853178649,38.773749999999964,39.03642613139476,38.511073868605166,39.02271499999997,38.77800000000009,51.34497362220238,33.33333333333305,30.441400304413804
2015-07-02T18:30:00Z,38.9,39.07,38.88,39.06,229740,251164.4,38.94149567657739,38.79249999999997,39.0795627109252,38.505437289074735,39.00846499999997,38.80600000000009,56.004631706566045,48.85844748858441,35.15981735159803
2015-07-02T19:30:00Z,39.06,39.08,38.97,38.97,271097,249897.5,38.94288613137849,38.784499999999966,39.04075963397511,38.528240366024825,38.99108999999997,38.86400000000009,52.93372913017124,62.55707762557065,48.24961948249611
2015-07-06T13:30:00Z,38.73,38.74,38.311,38.6,289568,255622.65,38.92615997862832,38.76599999999997,39.01942849090467,38.51257150909527,38.96521499999997,38.84000000000009,42.59351614673431,55.46462038212229,55.62671516542584
2015-07-06T14:30:00Z,38.6,38.81,38.55,38.55,207051,257234.05,38.90781071137816,38.74849999999997,39.01068504915774,38.4863149508422,38.93696499999997,38.81600000000009,41.416128547938484,39.29128918843994,52.43766239871102
2015-07-06T15:30:00Z,38.56,38.6,38.43,38.5,113031,249829.05,38.88791750594508,38.73449999999997,39.01753533349048,38.45146466650946,38.916374999999974,38.73600000000009,40.21886313214776,25.452609158679437,40.06950624308062
2015-07-06T16:30:00Z,38.5,38.51,38.33,38.365,148794,245884.9,38.86240933492337,38.711749999999974,39.03405847026023,38.38944152973972,38.89137499999997,38.597000000000094,37.100351227165156,17.110401135960256,27.284766494359943
2015-07-06T17:30:00Z,38.36,38.3664,38.25,38.25,121350,239659.45,38.832535708829546,38.68724999999997,39.06667687042686,38.30782312957308,38.86462499999997,38.453000000000095,34.63657472651258,8.626198083067207,17.063069459235695
2015-07-06T18:30:00Z,38.25,38.47,38.25,38.46,281435,229470.8,38.81436323522811,38.67224999999998,39.06255084550211,38.281949154497845,38.845874999999964,38.42500000000009,42.18674655206825,8.916932907348384,11.551177375458678
2015-07-06T19:30:00Z,38.47,38.56,38.46,38.53,429076,233075.2,38.80049185789991,38.65824999999997,39.04786872388809,38.26863127611185,38.82862499999997,38.42100000000009,44.488548964975315,16.33333333333344,11.292154774583073
2015-07-07T13:30:00Z,38.49,38.6,37.84,37.88,396649,243520.65,38.75558981605113,38.61724999999997,39.132870742409494,38.101629257590446,38.79424999999996,38.2970000000001,31.819709324681256,17.40860215053772,14.219622797073244
2015-07-07T14:30:00Z,37.8801,37.92,37.61,37.83,361562,255137.85,38.71043909331693,38.571999999999974,39.187511169680434,37.956488830319515,38.763249999999964,38.1900000000001,31.0863783035238,15.397264282056947,16.379733255309432
2015-07-07T15:30:00Z,37.84,38.16,37.81,38.15,295678,261884.05,38.68310060096,38.54399999999997,39.182377631189844,37.90562236881009,38.74199999999997,38.170000000000094,40.53239960399939,18.308828907907237,17.038231780167365
2015-07-07T16:30:00Z,38.15,38.38,38.13,38.37,146050,262418.95,38.667827400913175,38.529249999999976,39.16939275751652,37.88910724248343,38.72512499999997,38.15200000000009,46.011422516218,34.467120181405875,22.724404457123416
2015-07-07T17:30:00Z,38.37,38.5,38.31,38.48,261898,244697.65,38.65866508867351,38.52474999999997,39.16494899250349,37.88455100749645,38.70987499999997,38.142000000000095,48.56324775748837,49.20634920634916,33.99409943188749
2015-07-07T18:30:00Z,38.47,38.72,38.46,38.68,225433,242562.65,38.659705816055286,38.52824999999997,39.17103515073275,37.885464849267194,38.69687499999996,38.30200000000009,52.920409804321174,61.22448979591835,48.299319727891195
2015-07-07T19:30:00Z,38.69,38.735,38.63,38.69,236076,233690.2,38.66118358112576,38.51674999999997,39.138990106391034,37.89450989360891,38.68212499999997,38.47400000000009,53.13417702385817,73.99092970521532,61.47392290249434
2015-07-08T13:30:00Z,38.51,39.36,37.91,39.29,806705,259524.45,38.69185755277817,38.54724999999997,39.25273901479904,37.8417609852009,38.683874999999965,38.7020000000001,63.765108778367846,86.26303854875277,73.82615268329555
2015-07-08T14:30:00Z,39.28,39.28,38.6,38.62,784032,293838.05,38.688352306301184,38.54224999999997,39.244179305560095,37.84032069443984,38.66812499999997,38.75200000000009,50.09881452244892,81.23809523809513,80.49735449735448
2015-07-08T15:30:00Z,38.62,38.83,38.52,38.75,1018458,339564.25,38.691359510871855,38.54624999999997,39.25194735014495,37.84055264985499,38.65812499999997,38.80600000000009,52.23778766071761,72.95238095238096,80.15117157974302
2015-07-08T16:30:00Z,38.74,38.75,38.5,38.63,174795,339923.9,38.68836636400006,38.53274999999997,39.22097579870446,37.844524201295485,38.653249999999964,38.79600000000009,50.10287698409826,60.38095238095246,71.52380952380958
2015-07-08T17:30:00Z,38.61,38.655,38.46,38.56,385806,347727.2,38.6821045901464,38.50774999999997,39.1525016963933,37.862998303606645,38.65012499999996,38.770000000000095,48.848726481289425,59.238095238095404,64.19047619047635
2015-07-08T18:30:00Z,38.55,38.57,38.0126,38.4,418168,355080.75,38.668343390627065,38.479249999999965,39.08920307196925,37.86929692803068,38.631874999999965,38.5920000000001,46.013554541512526,52.571428571428704,57.39682539682559
2015-07-08T19:30:00Z,38.4,38.5,38.375,38.48,721930,376698.85,38.65915590815745,38.473249999999965,39.080689503164486,37.865810496835444,38.619624999999964,38.5640000000001,47.64962002405899,49.714285714285744,53.84126984127002
2015-07-09T13:30:00Z,39.5,39.7,38.92,38.985,1224141,427553.35,38.67505074190587,38.49499999999996,39.1417534306094,37.848246569390525,38.62174999999997,38.6110000000001,56.59231892309837,53.54887218045107,51.94486215538857
2015-07-09T14:30:00Z,38.99,39.1999,38.88,39.055,1306782,487240.9,38.6935848520568,38.52274999999996,39.21407101805627,37.831428981943645,38.628624999999964,38.6960000000001,57.671690649604656,60.458925090503946,54.57402766174698
2015-07-09T15:30:00Z,39.055,39.1,38.8,38.87,356316,497617,38.70219046902964,38.547999999999966,39.251216893998205,37.84478310600173,38.62987499999996,38.7580000000001,53.85990552218862,61.76459149114242,58.59079625403255
2015-07-09T16:30:00Z,38.87,38.875,38.465,38.47,416530,512376,38.69086410468673,38.55899999999996,39.25000361793928,37.867996382060646,38.62312499999996,38.7720000000001,46.676405769294085,50.263072330111385,57.49552963725265
2015-07-09T17:30:00Z,38.47,38.555,38.41,38.475,382284,517418.45,38.68033414836055,38.559749999999966,39.250354626399286,37.869145373600645,38.615999999999964,38.7710000000001,46.77197224379605,38.82681564245815,50.28482648790405
2015-07-09T18:30:00Z,38.48,38.8699,38.43,38.845,561643,524046.8,38.68836662892833,38.57549999999996,39.276954916588416,37.87404508341151,38.616874999999965,38.743000000000094,53.42414325569668,38.36126629422727,42.48371808893234
2015-07-09T19:30:00Z,38.845,38.885,38.76,38.77,522684,530348.55,38.69234874459036,38.61999999999996,39.24844251925339,37.991557480746536,38.618624999999966,38.6860000000001,52.005362206539154,43.94785847299827,40.37864680322797
2015-07-10T13:30:00Z,39.16,39.21,38.94,39.14,614240,542982.45,38.71418539119571,38.68549999999996,39.23961099971547,38.13138900028446,38.62874999999996,38.7400000000001,57.939736633156166,55.69739259257304,46.00217245326627
2015-07-10T14:30:00Z,39.15,39.2,39.015,39.03,405110,548454.05,38.729590981869094,38.729499999999966,39.24494058823942,38.21405941176051,38.636749999999964,38.8520000000001,55.73339202272355,58.3838280836672,52.67635971641291
2015-07-10T15:30:00Z,39.04,39.09,38.95,38.975,244773,553390.2,38.74156215348523,38.75974999999996,39.25797158725462,38.2615284127453,38.644499999999965,38.9520000000001,54.61356221914727,61.38042748212242,58.48721605278763
2015-07-10T16:30:00Z,38.97,39.07,38.8601,39.05,251177,552854.15,38.75660790209571,38.78824999999996,39.284407988956936,38.29209201104299,38.656499999999966,38.9930000000001,55.914380848336236,59.60254434830702,59.78893330469896
2015-07-10T17:30:00Z,39.05,39.13,39,39,210430,552104,38.768480687359336,38.80424999999997,39.30601961845401,38.30248038154593,38.66624999999997,39.0390000000001,54.78702304007583,59.009916637035225,59.99762948915497
2015-07-10T18:30:00Z,39.005,39.11,38.9,39.01,305617,555581.05,38.78026211724425,38.820249999999966,39.32681169417448,38.31368830582545,38.668499999999966,39.0130000000001,54.98251735920791,55.973262426732056,58.195241137358174
2015-07-10T19:30:00Z,39.01,39.13,38.99,39.01,346752,532583.4,38.79146884323234,38.80624999999996,39.27410547982898,38.338394520170944,38.67674999999996,39.0090000000001,54.98251735920792,50.98407213994623,55.32241706790458
2015-07-13T13:30:00Z,39.13,39.45,38.86,39.42,514036,519083.6,38.82212889966003,38.84624999999997,39.376239386690045,38.31626061330989,38.69424999999997,39.0980000000001,62.65970281794445,63.8505136080826,56.93594939158704
2015-07-13T14:30:00Z,39.42,39.42,39.23,39.3,225006,479411,38.845439685042464,38.873749999999966,39.436945126049274,38.31055487395066,38.709999999999965,39.148000000000096,59.463367040994534,76.40131186642796,63.745299204819
2015-07-13T15:30:00Z,39.315,39.33,39.2,39.23,167869,479064.7,38.86419872479649,38.90374999999997,39.47566673345486,38.331833266545075,38.71824999999997,39.194000000000095,57.617007641000455,87.17948717948688,75.81043755133256
2015-07-13T16:30:00Z,39.23,39.255,39.1275,39.2,198031,469675.95,38.880579274806415,38.93574999999997,39.498700042191295,38.372799957808645,38.721749999999965,39.2320000000001,56.80296778316268,80.12820512820491,81.23633472470665
2015-07-13T17:30:00Z,39.2,39.22,39.1249,39.13,180497,457792.4,38.892746139450004,38.97224999999997,39.48384041234548,38.460659587654455,38.72574999999996,39.2560000000001,54.85547256547026,74.47838109602812,80.59535780124004
2015-07-13T18:30:00Z,39.14,39.33,39.1,39.285,308509,437121.35,38.91188047411098,39.012499999999974,39.4882572910663,38.53674270893365,38.74287499999996,39.2290000000001,58.26739543412711,73.55864865455645,76.0550782929299
2015-07-13T19:30:00Z,39.28,39.36,39.23,39.27,561692,403998.9,38.929349719276296,39.02674999999997,39.51526074707033,38.538239252929614,38.76087499999996,39.2230000000001,57.81203364525478,71.40197764195325,73.14633579751268
2015-07-14T13:30:00Z,39.2,39.58,39.05,39.47,323907,354855.15,38.95572290370184,39.04749999999997,39.57290936421411,38.52209063578583,38.785124999999965,39.2710000000001,62.06854592310096,76.76690138922994,73.90917589524662
2015-07-14T14:30:00Z,39.47,39.51,39.405,39.47,294367,351757.7,38.98080959132614,39.07749999999997,39.62691332346806,38.528086676531885,38.812749999999966,39.325000000000095,62.06854592310096,79.64532328939124,75.93806744019155
2015-07-14T15:30:00Z,39.48,39.6,39.47,39.48,256160,343739.2,39.00516034296877,39.12799999999997,39.62824394049557,38.62775605950437,38.84349999999996,39.395000000000095,62.28917901840682,84.40940940940929,80.27387802934356
2015-07-14T16:30:00Z,39.48,39.5146,39.44,39.47,154439,332346.95,39.027835448189805,39.177749999999975,39.600189048861296,38.755310951138654,38.86874999999996,39.432000000000095,61.90142483197828,83.64614614614591,82.56695961498222
2015-07-14T17:30:00Z,39.47,39.475,39.41,39.465,152137,311871.65,39.04916054827811,39.208749999999974,39.61980808592328,38.797691914076665,38.892124999999965,39.471000000000096,61.694627029541415,82.65765765765751,83.57107107107096
2015-07-14T18:30:00Z,39.46,39.5,39.41,39.49,240507,297762.8,39.07066491177674,39.244749999999975,39.6203891220338,38.86911087796615,38.932374999999965,39.4750000000001,62.37151484471733,83.1081081081082,83.13730397063726
2015-07-14T19:30:00Z,39.49,39.5,39.41,39.43,300486,282075.1,39.08819345266568,39.25924999999997,39.63995034147897,38.878549658520974,38.972374999999964,39.4670000000001,59.64728583941531,81.30630630630644,82.35735735735744
2015-07-15T13:30:00Z,39.5,39.53,39.03,39.2,297835,276711.35,39.093647430584426,39.26774999999997,39.63494851579804,38.900551484201905,38.99862499999996,39.4110000000001,50.53529286109346,63.995574521890426,76.13666297876843
2015-07-15T14:30:00Z,39.2,39.3,39.09,39.2,184602,273702.8,39.09883536079982,39.278999999999975,39.62266553508115,38.9353344649188,39.01937499999996,39.3570000000001,50.53529286109346,45.55871661134836,63.62019914651514
2015-07-15T15:30:00Z,39.22,39.29,39.09,39.17,146807,268484.3,39.10230680661446,39.284999999999975,39.61643626838598,38.95356373161397,39.03662499999996,39.2980000000001,49.39383926808709,28.07017543859674,45.8748221906119
2015-07-15T16:30:00Z,39.17,39.18,39.11,39.17,246668,270296.2,39.105608913608876,39.29349999999998,39.60327572532541,38.98372427467455,39.04887499999996,39.23400000000011,49.39383926808709,26.315789473684394,33.314893841209894
2015-07-15T17:30:00Z,39.17,39.19,39.1,39.1,89039,259467.3,39.10533530806698,39.29799999999998,39.593455580417626,39.002544419582335,39.05912499999996,39.168000000000106,46.54861571661649,20.467836257310044,24.951267056530455
2015-07-15T18:30:00Z,39.1,39.11,38.77,38.98,468185,265538.95,39.09922139060029,39.29649999999997,39.59803109292705,38.994968907072895,39.051374999999965,39.1240000000001,42.07428348114258,20.71443669414484,22.499354141713155
2015-07-15T19:30:00Z,38.98,39.08,38.98,39.045,406982,260186.25,39.09657644471735,39.277749999999976,39.59257495136457,38.962925048635384,39.06199999999996,39.093000000000096,45.14978929838675,23.571478898048113,21.584583949834396
2015-07-16T13:30:00Z,39.35,39.69,39.35,39.68,332109,265541.4,39.125036130340895,39.296749999999975,39.6572118565145,38.93628814348545,39.08524999999996,39.19500000000009,64.80771404321663,52.4489261393398,32.244947243844315
2015-07-16T14:30:00Z,39.68,39.685,39.5,39.64,281085,271202.2,39.15015631910475,39.31724999999997,39.7057403473737,38.92875965262625,39.11049999999996,39.28900000000009,63.26947251795581,75.53693033001588,50.51911178913466
2015-07-16T15:30:00Z,39.65,39.69,39.505,39.505,115842,267092.75,39.1674657669533,39.332499999999975,39.725304022384144,38.939695977615806,39.13412499999996,39.37000000000009,58.244739448239216,91.12318840579742,73.03634829171777
2015-07-16T16:30:00Z,39.53,39.55,39.35,39.46,94849,262810.35,39.18173572954095,39.348999999999975,39.73404025763716,38.96395974236279,39.16062499999997,39.466000000000086,56.63026634307325,83.1521739130438,83.27076421628577
2015-07-16T17:30:00Z,39.46,39.48,39.37,39.39,77581,251263.95,39.191894962246266,39.35424999999997,39.738519111435295,38.96998088856465,39.18337499999996,39.53500000000009,54.11733446947946,74.09420289855099,82.78985507246414
2015-07-16T18:30:00Z,39.39,39.46,37.01,38.85,2823834,364371.05,39.175217159209865,39.33324999999998,39.77521464790906,38.8912853520909,39.179999999999964,39.369000000000085,39.54070971129482,70.34934025524569,75.86523902228022
2015-07-16T19:30:00Z,38.85,38.85,38.37,38.61,1464168,421384.1,39.14764559046792,39.29024999999997,39.82766487698286,38.752835123017086,39.16887499999996,39.16300000000009,35.025231451317524,65.24983776768345,69.89779364049345
2015-07-17T13:30:00Z,38.68,38.76,37.82,37.87,774786,445405.05,39.08532141532314,39.21024999999998,40.02276138453554,38.39773861546442,39.14387499999996,38.836000000000084,25.395386674742284,53.48258706467669,63.02725502920202
2015-07-17T14:30:00Z,37.875,38.17,37.81,38.005,712045,468199.3,39.03262280969762,39.13649999999998,40.09273794110102,38.18026205889893,39.13224999999996,38.54500000000009,29.218730481589716,42.97263681592049,53.90168721609361
2015-07-17T15:30:00Z,38.005,38.05,37.9375,37.9501,908510,505902.85,38.979816818980666,39.06050499999998,40.133144073453856,37.9878659265461,39.119127499999955,38.25702000000008,28.57733968262619,34.76492537313441,43.74004975124394
2015-07-17T16:30:00Z,37.96,37.995,37.79,37.82,280932,512342.6,38.92324038878649,38.978254999999976,40.160854518814446,37.795655481185506,39.09350249999996,38.051020000000086,27.06133601361998,34.143034825870764,37.29353233830863
2015-07-17T17:30:00Z,37.82,38.07,37.73,38.07,373426,518988.55,38.88161890640666,38.90725499999998,40.12831456525481,37.686195434745144,39.07600249999996,37.94302000000008,34.276504904711885,34.95149253731352,34.619817578772974
2015-07-17T18:30:00Z,38.07,38.12,37.95,37.975,333892,520658.85,38.837393593899016,38.83450499999998,40.09505393673325,37.57395606326671,39.04687749999996,37.96402000000008,32.942924727891125,35.26119402985086,34.78524046434512
2015-07-17T19:30:00Z,37.98,38.21,37.94,38.02,652057,538369.95,38.79752073566004,38.775504999999974,40.072048860384676,37.47896113961527,39.02162749999996,37.96702000000009,34.247910421817636,37.74875621890562,35.98714759535674
2015-07-20T13:30:00Z,38.1,38.11,37.81,37.955,185584,538419.05,38.756422163188816,38.71325499999997,40.0414613928107,37.38504860718923,38.99612749999996,37.96800000000009,33.241607605736334,36.31840796019913,36.44278606965195
2015-07-20T14:30:00Z,37.96,38.4,37.76,38.21,272843,544720.85,38.72976742352107,38.66525499999997,39.993353694337486,37.33715630566246,38.97512749999996,38.04600000000009,40.613724380889266,39.241293532338425,37.76948590381448
2015-07-20T15:30:00Z,38.21,38.3299,38.1,38.17,259569,545365.9,38.70246169554443,38.615254999999976,39.93886677914802,37.29164322085193,38.95437749999996,38.06600000000009,39.86995789147657,41.902201590472934,39.153967694336906
2015-07-20T16:30:00Z,38.17,38.2,38.09,38.14,102140,546020.95,38.675024539664214,38.567254999999975,39.88669050880692,37.24781949119303,38.93262749999996,38.09900000000009,39.28882062126141,45.39813286527306,42.18054266269489
2015-07-20T17:30:00Z,38.14,38.21,38.0863,38.0932,118859,528554.65,38.64664285480254,38.522914999999976,39.84349057947316,37.20233942052679,38.90970749999996,38.11364000000008,38.3497362449871,45.21017469693111,44.17016971755911
2015-07-20T18:30:00Z,38.095,38.15,38.04,38.14,182785,517344.8,38.62192856920242,38.47766499999998,39.78554108017676,37.1697889198232,38.877707499999964,38.15064000000008,39.8968336522817,42.18945853645118,44.26592203288519
2015-07-20T19:30:00Z,38.14,38.15,38.01,38.07,223707,511924.7,38.59500522436328,38.39716499999998,39.59246207650395,37.20186792349601,38.84695749999996,38.12264000000008,38.34677395962529,37.94303216432226,41.7808884659016
2015-07-21T13:30:00Z,37.85,38.03,37.7,37.9001,267928,511266.85,38.56110740854068,38.310169999999985,39.37738578717541,37.24295421282456,38.813709999999965,38.06866000000009,34.81157627544599,32.73418862690726,37.62222644256031
2015-07-21T14:30:00Z,37.89,37.89,37.56,37.645,214207,516185.1,38.5164192422704,38.21716999999998,39.1697034725864,37.264636527413565,38.77483499999996,37.96966000000008,30.295468418500306,23.904823547542165,31.527348112923978
2015-07-21T15:30:00Z,37.65,37.78,37.56,37.77,208253,521855.3,38.48000854752551,38.132669999999976,38.913583526838785,37.35175647316117,38.74083499999996,37.905020000000086,34.76156767735421,21.23492063492078,25.957977603123485
2015-07-21T16:30:00Z,37.78,37.92,37.66,37.68,124420,524197.25,38.44098374032914,38.04716999999998,38.59979212803927,37.49454787196069,38.70070999999996,37.81302000000009,33.11633688334791,16.468253968254018,20.535999383572406
2015-07-21T17:30:00Z,37.67,37.86,37.63,37.815,196014,392806.25,38.41044794811796,37.99541999999998,38.41560132561707,37.575238674382895,38.664334999999966,37.762020000000085,37.866710467110195,23.21428571428558,20.305820105820214
2015-07-21T18:30:00Z,37.815,37.86,37.63,37.65,245087,331852.2,38.37335292625855,37.94741999999998,38.28750473414619,37.60733526585377,38.61883499999996,37.71200000000009,34.62937826083419,18.45238095238062,19.378306878306827
2015-07-21T19:30:00Z,37.64,37.74,37.59,37.63,340275,310126.65,38.33709180790447,37.93541999999998,38.301526468666594,37.569313531333364,38.57283499999996,37.70900000000008,34.24718301697246,16.468253968253737,19.378306878306734
2015-07-22T13:30:00Z,37.45,37.54,37.26,37.425,277907,288419.75,38.292599524592056,37.90641999999998,38.33280877377088,37.48003122622909,38.52145999999997,37.640000000000086,30.52800049036209,11.173767752715,15.36480089111654
2015-07-22T14:30:00Z,37.43,37.51,37.22,37.5,354389,260713.7,38.25393613314854,37.88391499999999,38.34482208510104,37.42300791489893,38.47220999999997,37.60400000000008,33.378551360781756,16.011505172216683,14.551175631061895
2015-07-22T15:30:00Z,37.51,37.65,37.49,37.49,141748,253754.5,38.216670955921785,37.86741499999998,38.35890571313585,37.37592428686411,38.42283499999997,37.53900000000008,33.18304600187818,22.324636485348055,16.50330313676
2015-07-22T16:30:00Z,37.485,37.55,37.4564,37.53,240498,247108.1,38.18317481173048,37.84041499999998,38.343613530501514,37.33721646949844,38.37383499999997,37.51500000000008,34.827420626376465,27.937785519549806,22.09130905903827
2015-07-22T17:30:00Z,37.54,37.62,37.38,37.58,281711,244499.05,38.153751650182656,37.82066499999998,38.332122799920334,37.30920720007962,38.327584999999964,37.50500000000008,36.91728995214694,32.43184533507128,27.564755779989806
2015-07-22T18:30:00Z,37.59,37.73,37.56,37.71,232080,223500.2,38.13210522822253,37.80516499999998,38.31026948532839,37.30006051467157,38.29033499999996,37.56200000000008,42.11462928033638,40.903660258499094,33.75776370437348
2015-07-22T19:30:00Z,37.72,37.77,37.66,37.75,518408,240141.4,38.11346594879704,37.79491499999998,38.29574313528938,37.294086864710586,38.25408499999996,37.61200000000007,43.652937402995505,52.27664940926596,41.87071833427887
2015-07-23T13:30:00Z,37.72,38.11,37.58,38,548355,253917,38.10793102446548,37.78441499999998,38.25806115600423,37.31076884399573,38.22483499999996,37.71400000000007,52.2025083559691,68.5869067488818,53.9224054722157
2015-07-23T14:30:00Z,38.01,38.21,37.95,38.08,396939,260785.5,38.10656853546716,37.77991499999998,38.240348079933796,37.31948192006617,38.19758499999997,37.82400000000007,54.577586525662696,79.98041169077369,66.94798928297391
2015-07-23T15:30:00Z,38.09,38.14,37.72,37.75,298717,270614.35,38.0891749483712,37.76041499999998,38.190210720195324,37.33061927980464,38.16383499999997,37.858000000000075,44.70860087823506,76.01482994741419,74.86071612902332
2015-07-23T16:30:00Z,37.75,37.9,37.745,37.84,222273,275785.05,38.0770200728409,37.747754999999984,38.1517362395364,37.34377376046357,38.13533499999997,37.88400000000007,47.497003814860776,67.67676767676772,74.55733643831861
2015-07-23T17:30:00Z,37.85,38.04,37.79,37.91,157123,274501.95,38.06887275221452,37.736254999999986,38.10661334255185,37.36589665744812,38.10695999999997,37.91600000000007,49.624917163738395,61.95286195286195,68.54815319234804
2015-07-23T18:30:00Z,37.92,38.04,37.81,37.85,261371,276385.15,38.058196032594296,37.72525499999999,38.067295555922264,37.383214444077716,38.061209999999974,37.88600000000007,47.835315449739134,65.31986531986536,64.98316498316511
2015-07-23T19:30:00Z,37.84,37.94,37.81,37.91,302164,278096.95,38.0509669578336,37.725749999999984,38.06882834382089,37.38267165617908,38.017959999999974,37.85200000000007,49.78547711931083,67.67676767676748,64.98316498316501
2015-07-24T13:30:00Z,37.9,38.09,37.72,37.73,232913,279032.25,38.03531003306123,37.72999999999998,38.07107183993699,37.388928160062974,37.97358499999997,37.84800000000007,44.42032874365635,61.61616161616144,64.87093153759818
2015-07-24T14:30:00Z,37.73,37.86,37.635,37.75,275516,282395.4,38.021392470472875,37.72899999999998,38.069713956272814,37.38828604372714,37.93083499999997,37.83000000000008,45.127904240871175,55.26347815504413,61.518802482657776
2015-07-24T15:30:00Z,37.74,37.77,37.545,37.55,128208,282584.8,37.99839771581566,37.72249999999998,38.07156303155554,37.37343696844442,37.88483499999997,37.758000000000074,39.68679414642925,38.85846415966861,51.91270131029148
2015-07-24T16:30:00Z,37.56,37.57,37.18,37.215,235446,284556.4,37.960183193092945,37.69249999999998,38.1024329213402,37.28256707865976,37.84395999999997,37.63100000000007,32.59718972932127,22.819433072094053,38.98045846226901
2015-07-24T17:30:00Z,37.22,37.23,36.975,36.98,460494,295326.75,37.91236937879573,37.658999999999985,38.173515305892444,37.144484694107526,37.80320999999997,37.44500000000007,28.721171006985358,8.094948087621697,23.257615106461532
2015-07-24T18:30:00Z,36.98,37.23,36.98,37.19,540733,305349.65,37.877131848122765,37.636999999999986,38.190727369737516,37.08327263026246,37.78620999999997,37.337000000000074,36.040131212912684,7.070607811537709,12.6616629904179
2015-07-24T19:30:00Z,37.19,37.5,37.125,37.42,823689,332638.75,37.85483273358019,37.636749999999985,38.19086438349583,37.08263561650414,37.77158499999997,37.27100000000008,42.94954449532383,17.948717948717746,11.038091282625794
2015-07-27T13:30:00Z,37.18,37.2,36.75,36.82,350106,332424.6,37.80435308803969,37.60274999999998,38.26008914382083,36.94541085617913,37.74333249999997,37.12500000000008,32.949701369686494,19.411938698167898,14.810421486141196
2015-07-27T14:30:00Z,36.81,37,36.66,36.7,458262,348250.3,37.750482205696294,37.56324999999998,38.328954087751285,36.79754591224868,37.715332499999974,37.022000000000084,31.376260295904913,14.509870638205335,17.29017576169707
2015-07-27T15:30:00Z,36.7,36.82,36.7,36.74,275928,350021.8,37.70119039078428,37.523749999999986,38.36955656771985,36.677943432280124,37.682082499999964,36.97400000000008,32.532785780042786,4.3638762816847665,12.761895206019412
2015-07-27T16:30:00Z,36.74,36.74,36.41,36.55,513240,361598.25,37.64503476196553,37.47224999999999,38.41765189866345,36.526848101336526,37.64645749999997,36.846000000000075,29.950725017236252,5.543480543480804,8.139075821123713
2015-07-27T17:30:00Z,36.545,36.55,36.365,36.415,298977,364943.1,37.585033066259896,37.407499999999985,38.45117859037007,36.3638214096299,37.606332499999965,36.64500000000008,28.235930226063743,5.608763217458937,5.172040014208249
2015-07-27T18:30:00Z,36.42,36.505,36.33,36.45,352203,356632.85,37.529665599613075,37.34249999999999,38.45257432183434,36.23242567816563,37.568707499999974,36.57100000000008,29.36505871078016,6.016688625384308,5.722977462108095
2015-07-27T19:30:00Z,36.45,36.5,36.4,36.5,527248,355577.5,37.47943800938805,37.26749999999998,38.39233998862058,36.14266001137938,37.52595749999996,36.53100000000008,31.03443877140947,6.458607817303523,6.0280198867156685
2015-07-28T13:30:00Z,36.55,36.88,36.43,36.46,766222,374041.65,37.42970932600326,37.18649999999998,38.29888527498275,36.07411472501721,37.48320749999997,36.47500000000008,30.415140132542334,8.324668251139004,6.933321564609025
2015-07-28T14:30:00Z,36.47,36.905,36.47,36.82,496347,383923.15,37.39996740766164,37.13999999999998,38.23183790005572,36.048162099944236,37.45020749999996,36.52900000000008,41.69250879077624,17.39453357100425,10.72593654648234
2015-07-28T15:30:00Z,36.82,36.98,36.77,36.98,607236,403171.3,37.379481192653756,37.09699999999998,38.14190860844285,36.05209139155711,37.42237749999997,36.64200000000008,45.88984684938087,31.647954880877084,19.122385567673525
2015-07-28T16:30:00Z,36.98,37,36.89,37,204978,405564.05,37.36096991496333,37.05149999999998,38.02784061679134,36.07515938320863,37.39387749999997,36.75200000000008,46.4091665539642,47.904029960481544,32.31550613745437
2015-07-28T17:30:00Z,37,37.15,36.97,37.12,481093,416550.15,37.34921528496512,37.01499999999998,37.92127258592429,36.108727414075666,37.37012749999997,36.876000000000076,49.53850194175956,59.068559875011395,46.20684823879009
2015-07-28T18:30:00Z,37.12,37.19,36.95,37.09,312137,417048.8,37.33657063691804,36.97399999999998,37.78364560148055,36.164354398519414,37.34987499999996,37.00200000000008,48.77175044043916,63.247863247863336,56.74015102778551
2015-07-28T19:30:00Z,37.09,37.15,36.9,36.92,519758,431391.05,37.31625011804399,36.93349999999998,37.66510166757384,36.20189833242612,37.331749999999964,37.02200000000008,44.562598323780556,66.76490814421857,63.02711042236451
2015-07-29T13:30:00Z,37,37.16,36.61,36.96,403367,437783.6,37.29887206350526,36.893999999999984,37.52313114689768,36.264868853102286,37.31149999999996,37.01800000000008,45.74899472793171,68.67639028825901,66.22972056011372
2015-07-29T14:30:00Z,36.98,37.29,36.955,37.155,307864,446766.4,37.291853914065975,36.874249999999975,37.441526608013056,36.306973391986894,37.298374999999965,37.04900000000008,51.22862501912075,75.66980196917065,70.37036680054949
2015-07-29T15:30:00Z,37.155,37.165,36.93,37.08,302452,450116.7,37.281519576794466,36.86749999999998,37.42145396920477,36.31354603079519,37.279999999999966,37.041000000000075,49.171465565630996,79.10610465116297,74.48409896953096
2015-07-29T16:30:00Z,37.07,37.45,37.01,37.37,596497,456916.85,37.28583569499961,36.88699999999998,37.481402220721044,36.292597779278914,37.27299999999997,37.09700000000008,56.453172488459316,85.63988095238085,80.13859585757156
2015-07-29T17:30:00Z,37.37,37.55,37.3,37.35,577747,458767.55,37.288965661097194,36.89499999999998,37.50946724892203,36.280532751077935,37.26599999999996,37.18300000000008,55.85883359467295,84.86290007806394,83.20296189386933
2015-07-29T18:30:00Z,37.36,37.5,37.08,37.08,1111430,473154.6,37.278772214214406,36.87799999999998,37.45082981765913,36.30517018234083,37.25737499999996,37.20700000000007,48.443957991568645,78.53137833893355,83.01138645645952
2015-07-29T19:30:00Z,37.09,37.15,36.86,37.04,1006097,505954.15,37.267124789130776,36.88899999999998,37.465390492632984,36.31260950736698,37.24587499999996,37.184000000000076,47.43927067250486,65.73375929131468,76.37601256943746
2015-07-30T13:30:00Z,37.75,38.63,37.71,38.597,1687131,567397.6,37.33199675063659,36.98384999999998,37.917953051058916,36.04974694894105,37.27354999999996,37.48740000000008,71.88318430606057,70.68898090637224,71.65137284554022
2015-07-30T14:30:00Z,38.5902,38.95,38.29,38.33,891289,598165.65,37.38067983597139,37.06334999999998,38.157789998354296,35.96891000164566,37.29354999999996,37.67940000000008,66.19779493617348,75.48026048026043,70.63433355931586
2015-07-30T15:30:00Z,38.34,38.9,38.29,38.86,488813,596944.3,37.4528417951923,37.17884999999998,38.496925305131406,35.86077469486856,37.32554999999996,37.98140000000008,71.086394344613,89.3767806267805,78.51534067113779
2015-07-30T16:30:00Z,38.85,39.35,38.81,39.31,705625,617276.7,37.54343487835365,37.323599999999985,38.88730680116066,35.75989319883931,37.365549999999956,38.427400000000084,74.46334528043806,89.39942188117361,84.75215432940492
2015-07-30T17:30:00Z,39.32,39.69,39.19,39.25,676995,633516.3,37.62668195745835,37.46359999999998,39.18300308246725,35.744196917532705,37.40304999999996,38.869400000000084,73.23515537234235,93.46942595117775,90.74854281971072
2015-07-30T18:30:00Z,39.25,39.26,38.9,38.985,819129,648110.35,37.6929413741677,37.58784999999998,39.368810782835084,35.80688921716488,37.42767499999995,38.94700000000008,67.90768305898433,87.12160710335898,89.99681831190354
2015-07-30T19:30:00Z,38.98,38.98,38.78,38.86,987233,659160.9,37.74987106323269,37.70784999999998,39.49208241479273,35.923617585207225,37.44717499999995,39.05300000000008,65.48771166819168,78.62554112554118,86.40552472669272
2015-07-31T13:30:00Z,39.55,41.15,39.55,40.765,3067137,787700.4,37.8969505235628,37.90509999999998,40.08212383082865,35.72807616917132,37.52254999999995,39.43400000000008,78.22392958540635,80.39599289599293,82.04771370829779
2015-07-31T14:30:00Z,40.7575,41.21,40.75,40.8103,1965923,855634.75,38.03906513216949,38.09661499999998,40.568374734500274,35.62485526549968,37.59680749999996,39.734060000000085,78.42779761090506,84.96302777682088,81.3281872661184
2015-07-31T15:30:00Z,40.81,40.97,40.7,40.92,907679,890769.8,38.179598540356345,38.292614999999984,40.996264360604066,35.5889656393959,37.67205749999996,40.06806000000009,78.94193729690753,91.72348953728265,85.69417007003223
2015-07-31T16:30:00Z,40.92,41,40.65,40.65,502318,891831.05,38.300105928631645,38.46911499999998,41.30135059844439,35.636879401555575,37.74205749999996,40.401060000000086,74.25129318298106,90.423754789272,89.0367573677919
2015-07-31T17:30:00Z,40.65,40.7,40.37,40.575,603295,906388.95,38.41107637113742,38.64336499999998,41.542789930067364,35.7439400699326,37.80868249999996,40.74406000000009,72.95453446433413,88.62068965517243,90.2559779939091
2015-07-31T18:30:00Z,40.57,40.805,40.52,40.74,742663,917534.2,38.52468240181364,38.834364999999984,41.757705418954785,35.91102458104518,37.88393249999996,40.73906000000009,74.0291394692429,87.24137931034483,88.7619412515965
2015-07-31T19:30:00Z,40.735,40.82,40.6,40.66,1602740,977502.85,38.62884423587151,39.019364999999986,41.9129715739997,36.125758426000274,37.95668249999996,40.70900000000008,72.52450876653582,86.29447181171317,87.38551359241022
2015-08-03T13:30:00Z,40.69,41.28,40.66,41.02,710189,997619.1,38.745485980463144,39.212614999999985,42.09860070077781,36.32662929922216,38.04343249999996,40.729000000000084,74.98811264807858,88.26182147021727,87.26589086409183
2015-08-03T14:30:00Z,41.01,41.15,40.94,41.13,575312,1011262.1,38.861803737513725,39.415114999999986,42.24187147431722,36.58835852568275,38.14130749999996,40.82500000000009,75.70494591470073,90.1911132345915,88.24913550550737
2015-08-03T15:30:00Z,41.13,41.5,41.08,41.42,507884,1006831.45,38.98659379909842,39.61761499999999,42.40937803885098,36.82585196114899,38.25230749999996,40.994000000000085,77.53306900946339,94.44881631582405,90.96725034021101
2015-08-03T16:30:00Z,41.42,41.5,41.3,41.49,392524,997570.3,39.10871117475216,39.824614999999994,42.52559527114098,37.12363472885901,38.35980749999996,41.144000000000084,77.9640947305917,97.22481802085389,93.95491585708987
2015-08-03T17:30:00Z,41.489,41.8,41.47,41.525,583057,971151.65,39.226578922325224,40.046865,42.53069142410702,37.563038575892975,38.46243249999996,41.317000000000085,78.18940533380449,95.86173873522925,95.84512435730248
2015-08-03T18:30:00Z,41.53,41.53,41.19,41.35,835236,962608.6,39.330160438309356,40.262364999999996,42.3872220410952,38.13750795890479,38.57568249999996,41.38300000000009,74.1092398291651,91.87524347487347,94.98726674365226
2015-08-03T19:30:00Z,41.35,41.5,41.25,41.48,710584,913781.25,39.435030660830854,40.406515,42.44948818560258,38.363541814397415,38.69518249999996,41.45300000000009,75.14677449712121,87.25705175374054,91.66467798794781
2015-08-04T13:30:00Z,41.56,41.95,41.33,41.48,937384,916086,39.53478526274154,40.564015,42.419440971870685,38.70858902812931,38.813682499999956,41.46500000000009,75.14677449712121,80.37676002769466,86.50301841876963
2015-08-04T14:30:00Z,41.49,41.76,41.3,41.53,567755,920033.1,39.632112810900495,40.697514999999996,42.42297392941317,38.972056070586824,38.938182499999954,41.473000000000084,75.58323204652083,76.48288795124228,81.37223324422588
2015-08-04T15:30:00Z,41.53,41.59,41.31,41.4,332949,901399.3,39.718351210368766,40.802015,42.429032202457414,39.17499779754258,39.062807499999955,41.448000000000086,72.04084447163068,69.6202531645568,75.49330038116464
2015-08-04T16:30:00Z,41.41,41.45,41.02,41.06,369097,886004.4,39.7837974927898,40.89251499999999,42.35743312641348,39.427596873586495,39.17805749999995,41.390000000000086,63.64003261336841,60.75949367088606,68.95421159556177
2015-08-04T17:30:00Z,41.06,41.13,40.85,40.88,314417,860768.8,39.837270785824444,40.987264999999994,42.163013058510714,39.81151694148927,39.28755749999995,41.27000000000009,59.6727187480404,44.67852822283201,58.35275835275835
2015-08-04T18:30:00Z,40.89,41.18,40.89,41.155,305130,826663.65,39.901550259686665,41.102014999999994,41.757979158390114,40.446050841609875,39.40493249999996,41.20500000000009,63.42421639148726,36.65227412062857,47.363432004782275
2015-08-04T19:30:00Z,41.16,41.255,41.11,41.22,544242,700518.9,39.965864881165366,41.12476499999999,41.763738393103615,40.48579160689636,39.51493249999995,41.14300000000009,64.27027558029692,36.56559633303815,39.29879955883297
2015-08-05T13:30:00Z,41.25,41.88,40.89,41.87,690506,636748.05,40.05874952110852,41.17774999999999,41.876573833303524,40.47892616669645,39.63718249999995,41.237000000000094,71.3958625730989,59.08307885052053,44.10031643472914
2015-08-05T14:30:00Z,41.88,42.02,41.63,41.75,750659,628897.05,40.141249544469076,41.219249999999995,41.949779089080955,40.488720910919035,39.75593249999996,41.37500000000009,68.67297677967264,71.0204007878424,55.55635865713375
2015-08-05T15:30:00Z,41.75,41.83,41.37,41.39,425962,625079.25,40.202164200836435,41.256249999999994,41.94124543793535,40.57125456206464,39.86268249999996,41.47700000000009,61.13967377003178,71.93473193473166,67.34607052436492
2015-08-05T16:30:00Z,41.41,41.54,40.15,40.43,1433060,666567.5,40.21327814225905,41.249,41.96504888100599,40.53295111899401,39.946182499999956,41.33200000000009,46.49296049263129,46.01672836966943,62.99062036408122
2015-08-05T17:30:00Z,40.43,40.739,40.34,40.72,421707,650519.7,40.23799628166105,41.248,41.966939496753184,40.52906050324681,40.041182499999955,41.23200000000009,50.36150102431012,30.536130536130486,49.49586361351058
2015-08-05T18:30:00Z,40.72,40.99,40.65,40.7,572756,599020.5,40.260533048409286,41.25,41.96257982008409,40.53742017991591,40.134682499999954,40.99800000000009,50.09251744514418,24.955436720142647,33.83609854198091
2015-08-05T19:30:00Z,40.7,40.74,40.375,40.74,919236,609472.85,40.2839216801942,41.236,41.97655789779813,40.495442102201864,40.22430749999996,40.79600000000009,50.66011422268642,30.481283422459967,28.657616892911083
2015-08-06T13:30:00Z,40.97,41.5,40.74,41.19,770659,619240.2,40.32812062262375,41.23899999999999,41.978301021231886,40.499698978768095,40.32705749999995,40.75600000000009,56.63525643073908,38.85918003565066,31.43196672608447
2015-08-06T14:30:00Z,41.2,41.24,40.75,40.76,738694,630780.7,40.34918790932503,41.205999999999996,41.968591633832446,40.443408366167546,40.41180749999995,40.822000000000095,50.35942211944582,39.92869875222811,36.42305407011296
2015-08-06T15:30:00Z,40.7575,40.82,40.4,40.42,411946,631751.8,40.35264215765064,41.152499999999996,41.97561906793116,40.32938093206883,40.488557499999956,40.76200000000009,46.01731057267983,34.224598930481235,37.67082590612005
2015-08-06T16:30:00Z,40.43,40.45,40.16,40.37,446955,624946.7,40.35348888166769,41.09475,41.965895653717425,40.22360434628257,40.57080749999995,40.6960000000001,45.39740289217853,19.607843137254886,31.253713606654795
2015-08-06T17:30:00Z,40.37,40.4,40.24,40.27,285829,597476.35,40.349416253293654,41.04074999999999,41.97361802388909,40.10788197611089,40.65155749999995,40.602000000000096,44.117344370081234,10.873440285205085,21.568627450980454
2015-08-06T18:30:00Z,40.26,40.32,40.16,40.26,628947,593394.5,40.345054484840304,40.97974999999999,41.94860744565158,40.010892554348395,40.69313249999995,40.416000000000096,43.983784467165385,8.021390374331586,12.834224598930568
2015-08-06T19:30:00Z,40.26,40.49,40.26,40.42,608650,576957.8,40.348710363628584,40.92674999999999,41.89631833178149,39.957181668218496,40.745382499999955,40.3480000000001,46.76094956888617,8.91265597147961,9.269162210338811
2015-08-07T13:30:00Z,40.3,40.68,40.12,40.47,530656,575102.85,40.354626931256455,40.873749999999994,41.8212565962793,39.92624340372069,40.78563249999995,40.3580000000001,47.63465811376191,12.913969415517442,9.949338587109596
2015-08-07T14:30:00Z,40.47,40.56,40.225,40.225,306394,573775.1,40.348303666317115,40.815,41.77037950574173,39.859620494258266,40.80850749999995,40.3290000000001,43.838271223729706,12.99996872752304,11.608864704840082
2015-08-07T15:30:00Z,40.23,40.34,40.1,40.21,231081,566874.3,40.34155714600896,40.772499999999994,41.75572174507688,39.789278254923104,40.83250749999995,40.3170000000001,43.60911348469761,10.733430799220352,12.215789647420328
2015-08-07T16:30:00Z,40.21,40.27,40.11,40.19,118371,557072,40.334164114496325,40.738,41.751663652298554,39.724336347701446,40.86263249999995,40.3030000000001,43.28422510636564,6.73593706488442,10.156445530542653
2015-08-07T17:30:00Z,40.18,40.24,40.07,40.12,264709,555050.95,40.323717084520894,40.686249999999994,41.71503994454346,39.657460055456525,40.89413249999995,40.243000000000094,42.10196770979526,5.854654604654449,7.774674156253123
2015-08-07T18:30:00Z,40.13,40.29,40.095,40.27,427357,549206.7,40.32109673893451,40.63875,41.652189070684976,39.62531092931503,40.88175749999995,40.2030000000001,45.534999366927806,7.970362970362891,6.853651546633969
2015-08-07T19:30:00Z,40.269,40.37,40.215,40.36,361701,532766.45,40.322994458986486,40.56325,41.40977392168998,39.71672607831001,40.87049999999995,40.230000000000096,47.54473540336987,12.587412587412574,8.804143387476687
2015-08-10T13:30:00Z,40.63,40.98,40.37,40.955,519958,521231.4,40.35382399757251,40.5235,41.201217492759774,39.84578250724022,40.87137499999995,40.3790000000001,58.45826593456648,36.6355866355866,19.06445406445407
2015-08-10T14:30:00Z,40.95,41.41,40.85,41.35,391939,519530.25,40.40241794891044,40.521499999999996,41.18913837516516,39.853861624834835,40.88887499999995,40.611000000000104,63.837273614934745,63.81437799348248,37.67912573882727
2015-08-10T15:30:00Z,41.35,41.64,41.28,41.57,383519,467053.2,40.45937317091481,40.5785,41.385309147191386,39.77169085280861,40.91374999999995,40.9010000000001,66.44345729720382,88.90160499153751,63.11718987353558
2015-08-10T16:30:00Z,41.56,41.69,41.45,41.5,354186,463677.15,40.510135455260425,40.61749999999999,41.517880475128756,39.71711952487123,40.93274999999995,41.1470000000001,64.84219813652481,93.11179809061963,81.94259369187992
2015-08-10T17:30:00Z,41.5,41.54,41.35,41.52,390134,454546.05,40.559397140369676,40.6585,41.64109910441304,39.675900895586956,40.95424999999995,41.3790000000001,65.10098321759956,91.1063930172212,91.03993203312616
2015-08-10T18:30:00Z,41.52,41.71,41.49,41.65,400192,428593.85,40.612597279863834,40.70399999999999,41.77754832215177,39.630451677848214,40.96999999999995,41.5180000000001,66.8110350337106,91.37308039747074,91.86375716843725
2015-08-10T19:30:00Z,41.65,41.67,41.37,41.485,650053,422563.55,40.65515351011438,40.71874999999999,41.826174376648275,39.61132562335171,40.97887499999995,41.545000000000094,62.61716692793215,90.7093746863395,91.06294936701052
2015-08-11T13:30:00Z,41.22,41.65,41,41.25,424828,406870.25,40.68417041206002,40.743249999999996,41.87466183924946,39.61183816075053,40.97462499999995,41.481000000000094,57.11786995639164,84.85772357723569,88.98005955368201
2015-08-11T14:30:00Z,41.24,41.34,40.93,40.96,296340,401089.95,40.69762551391075,40.77024999999999,41.895272110892,39.64522788910798,40.961374999999954,41.3730000000001,51.14809400316055,70.8333333333333,82.13347719896954
2015-08-11T15:30:00Z,40.97,41.1,40.88,40.99,229443,390214.35,40.71188768396389,40.801249999999996,41.914555326491,39.687944673508994,40.94799999999996,41.267000000000095,51.710367827909586,60.772357723577265,72.15447154471546
2015-08-11T16:30:00Z,40.99,41,40.655,40.87,218286,386837.2,40.719600479868085,40.83125,41.91768856245663,39.74481143754336,40.93599999999995,41.1110000000001,49.26765228346268,53.048780487804855,61.55149051490519
2015-08-11T17:30:00Z,40.878,41.005,40.85,40.99,172273,364003.5,40.73279070036232,40.867749999999994,41.92358841092941,39.811911589070576,40.92374999999995,41.0120000000001,51.72357692730537,53.4320018122782,55.751046674553486
2015-08-11T18:30:00Z,40.97,41,40.85,40.9701,405937,353867.85,40.74436676375928,40.895255,41.931482649646966,39.85902735035303,40.91100249999995,40.956020000000095,51.280237234502295,51.56893522174605,52.68323917394307
2015-08-11T19:30:00Z,40.98,41.05,40.9,40.97,591000,356885.05,40.755373263088096,40.92025499999999,41.93820231783926,39.90230768216072,40.89700249999996,40.9580200000001,51.277858699463344,50.234145754448456,51.745027596157605
2015-08-12T13:30:00Z,40.87,41.09,40.69,40.75,521759,367653.3,40.75511115269355,40.946504999999995,41.917371593252575,39.975638406747414,40.88075249999996,40.910020000000095,46.200755728317404,34.76307331449709,45.52205143023057
2015-08-12T14:30:00Z,40.74,40.76,40.39,40.57,380393,375118.9,40.746081340367034,40.96450499999999,41.89248626160826,40.036523738391715,40.868502499999956,40.8500200000001,42.49357414271115,22.472407458613834,35.82320884251983
2015-08-12T15:30:00Z,40.56,40.77,40.44,40.76,311741,384787.4,40.74676029937352,40.99300499999999,41.8568875625602,40.129122437439776,40.865502499999955,40.804020000000094,47.300496247497264,16.890468667719755,24.70864981361027
2015-08-12T16:30:00Z,40.76,41.1,40.72,41.05,308876,386995.75,40.76155247989188,41.039504999999984,41.80492398454241,40.274086015457556,40.862877499999954,40.82000000000009,53.66660318076094,30.5555555555554,23.30614389396304
2015-08-12T17:30:00Z,41.05,41.28,41.04,41.1,240708,377663.3,40.77806211501911,41.08100499999999,41.760182121152205,40.401827878847776,40.85987749999995,40.846000000000096,54.68305023991928,43.9393939393938,30.46180605422303
2015-08-12T18:30:00Z,41.1,41.32,41.0281,41.3,425102,380833.35,40.803522499652324,41.12800499999999,41.72639256830118,40.529617431698796,40.84562749999995,40.95600000000009,58.59578042571986,58.29387626262609,44.2629419191918
2015-08-12T19:30:00Z,41.3,41.38,41.3,41.34,280537,368862.3,40.82969213381563,41.14725499999999,41.74691128646459,40.547598713535386,40.83537749999995,41.11000000000009,59.351701205410876,66.75948472823477,56.33091831008493
2015-08-13T13:30:00Z,41.34,41.51,41.02,41.21,601871,379358.9,40.848243737044136,41.14025499999999,41.73351543344909,40.546994566550886,40.83087749999995,41.20000000000009,55.786925937414324,73.2349537037038,66.09610489818827
2015-08-13T14:30:00Z,41.21,41.27,41.12,41.16,352026,377784.25,40.86345135962735,41.119754999999984,41.67959315688008,40.559916843119886,40.84912749999995,41.22200000000009,54.43276368111098,72.45370370370382,70.81604737854751
2015-08-13T15:30:00Z,41.16,41.23,41.13,41.21,244859,372317.9,40.880356171352844,41.105254999999985,41.639379837371095,40.571130162628876,40.861377499999946,41.24400000000009,55.59359358326541,71.72619047619055,72.47161596119943
2015-08-13T16:30:00Z,41.22,41.495,41.17,41.395,243900,365006.2,40.90546074836002,41.09900499999999,41.61622916986739,40.581780830132594,40.87875249999995,41.26300000000009,59.6858241145177,77.232142857143,73.80401234567917
2015-08-13T17:30:00Z,41.395,41.5,41.38,41.45,152102,352601.7,40.93202363868392,41.08900499999999,41.5696724961902,40.608337503809786,40.896502499999954,41.285000000000096,60.841190134053285,85.8630952380956,78.27380952380976
2015-08-13T18:30:00Z,41.45,41.45,41.17,41.175,349801,337589.1,40.94387614411397,41.07350499999999,41.52093863965526,40.62607136034472,40.896127499999956,41.27800000000009,52.7074791347858,84.82142857142881,82.63888888888918
2015-08-13T19:30:00Z,41.175,41.3,41.08,41.26,985798,365637.6,40.95929682001085,41.074004999999985,41.52224806118116,40.62576193881881,40.90862749999995,41.298000000000094,54.72234383795009,80.8035714285715,83.82936507936535
2015-08-14T13:30:00Z,41.23,41.44,41.07,41.26,444259,373033.55,40.973965267815196,41.08900499999999,41.54104619490852,40.63696380509147,40.92962749999995,41.30800000000009,54.72234383795009,75.14880952380945,80.25793650793663
2015-08-14T14:30:00Z,41.261,41.32,41.245,41.29,219965,372559.65,40.98938159621446,41.10400499999999,41.561782939504546,40.64622706049543,40.952627499999956,41.28700000000009,55.49841333860351,78.26546506453049,78.07261533897054
2015-08-14T15:30:00Z,41.29,41.31,41.23,41.26,134489,368369.8,41.00258249396009,41.12350499999999,41.572898882799166,40.67411111720081,40.97737749999995,41.249000000000095,54.492551104529504,75.15741804825562,76.19056421219857
2015-08-14T16:30:00Z,41.26,41.27,41.22,41.245,102663,364889.3,41.01440773815716,41.13625499999999,41.58424172066879,40.68826827933119,41.00200249999995,41.2630000000001,53.96588913377406,64.57068335437786,72.66452215572137
2015-08-14T17:30:00Z,41.25,41.31,41.22,41.29,237296,356457.25,41.0278512631251,41.152249999999995,41.598203753201496,40.706296246798495,41.02375249999995,41.2690000000001,55.35977474579308,56.45827951433705,65.3954603056569
2015-08-14T18:30:00Z,41.3,41.38,41.23,41.24,321854,342999.95,41.038199981997046,41.165749999999996,41.60511630502778,40.72638369497221,41.04300249999995,41.2650000000001,53.42412417049608,48.63945578231269,56.55613955034258
2015-08-14T19:30:00Z,41.2401,41.29,41.19,41.25,247674,329295.7,41.04853169019231,41.190749999999994,41.58747755134332,40.79402244865667,41.06862749999995,41.2570000000001,53.77226100668238,48.979591836734635,51.3591090444615
2015-08-17T13:30:00Z,41.17,41.62,41,41.55,555307,338041.4,41.07299355896342,41.23975,41.55045041839593,40.92904958160407,41.10212749999995,41.3150000000001,62.764237078158445,60.18213737107745,52.6003949967083
2015-08-17T14:30:00Z,41.55,41.81,41.495,41.73,567635,350836.1,41.10504265364813,41.28825,41.58685132282559,40.98964867717441,41.14062749999995,41.4120000000001,66.92172738946381,75.25730323989382,61.47301081590201
2015-08-17T15:30:00Z,41.74,42.24,41.73,42.165,549714,362878,41.156747890055534,41.344,41.812098280271286,40.875901719728716,41.19175249999995,41.587000000000096,74.36954111765124,90.92824903756771,75.45589654951304
2015-08-17T16:30:00Z,42.1625,42.56,42.16,42.495,496735,375679.35,41.22202848078453,41.41375,42.08658634711101,40.74091365288899,41.247377499999956,41.83800000000009,78.35170437162353,93.30280100889381,86.49611776211849
2015-08-17T17:30:00Z,42.5,42.51,41.98,42.005,580303,383439.4,41.26022221342919,41.449,42.16668098762163,40.731319012378364,41.28850249999995,41.9890000000001,62.759458052771976,84.73600771987851,89.65568592211339
2015-08-17T18:30:00Z,42.005,42.05,41.96,41.995,393208,389072.95,41.2960650322863,41.48175,42.23542284015902,40.72807715984098,41.31450249999995,42.078000000000095,62.48616241761627,74.679487179487,84.23943196941981
2015-08-17T19:30:00Z,42,42.01,41.925,42,403643,379161.55,41.330403323394286,41.521249999999995,42.29631693259043,40.74618306740956,41.330752499999946,42.1320000000001,62.573919574582355,64.10256410256399,74.50601966730987
2015-08-18T13:30:00Z,42.02,42.146,41.67,41.92,565790,389849.75,41.359164136887244,41.559250000000006,42.33426790301338,40.784232096986635,41.33950249999995,42.0830000000001,60.14939290498861,62.28632478632465,67.0227920227919
2015-08-18T14:30:00Z,41.91,42.06,41.9,41.95,256656,390439.6,41.3879853985025,41.59625,42.371697451471064,40.82080254852893,41.35075249999995,41.974000000000096,60.76335480922095,61.324786324786295,62.57122507122501
2015-08-18T15:30:00Z,41.95,42.12,41.93,41.985,335312,395010.2,41.417108061990184,41.62575,42.413127133267615,40.83837286673238,41.362377499999944,41.9700000000001,61.50843585410735,61.00427350427347,61.53846153846151
2015-08-18T16:30:00Z,41.99,42.09,41.94,42.06,199491,397379.65,41.448468644332124,41.65625,42.46109703515174,40.85140296484826,41.37262749999995,41.9830000000001,63.124389038027935,63.995726495726466,62.108262108262124
2015-08-18T17:30:00Z,42.06,42.16,41.99,42.15,227968,391288,41.48268968607202,41.705,42.505443626992744,40.90455637300725,41.38925249999995,42.01300000000009,65.02207019960079,68.26923076923065,64.4230769230769
2015-08-18T18:30:00Z,42.15,42.15,41.98,42.005,238605,353928.35,41.50816823797095,41.74225,42.52554735732514,40.95895264267486,41.40812749999994,42.03000000000009,59.692254633184504,68.69658119658114,66.98717948717946
2015-08-18T19:30:00Z,42.01,42.05,41.98,42.03,359569,349693.85,41.5336234458748,41.78075,42.540797860330734,41.02070213966926,41.43487749999994,42.04600000000009,60.29653226449989,68.05555555555547,68.34045584045579
2015-08-19T13:30:00Z,42.02,42.08,41.47,41.73,660287,371709.95,41.54320278997847,41.802749999999996,42.5294443993134,41.076055600686594,41.453377499999945,41.99500000000009,50.51070828592722,51.43397631929732,62.728704357144686
2015-08-19T14:30:00Z,41.73,41.73,41.395,41.525,277589,378864.95,41.542314849003915,41.815999999999995,42.51162633647258,41.12037366352741,41.46975249999995,41.88800000000009,45.1217115752883,33.67921677269213,51.05624954918168
2015-08-19T15:30:00Z,41.52,41.69,41.45,41.45,292360,388349.8,41.53781168563787,41.82625,42.49337723673398,41.159122763266026,41.48125249999995,41.74800000000009,43.30150959331476,13.244346445117943,32.785846512369176
2015-08-19T16:30:00Z,41.45,41.75,41.45,41.69,81706,380570.3,41.545235505850655,41.84625,42.47047652137981,41.22202347862019,41.49924999999995,41.685000000000095,50.22156984487632,14.112409143106143,20.345324120305445
2015-08-19T17:30:00Z,41.68,42.05,41.61,41.91,144494,371702.3,41.56302889580916,41.879749999999994,42.43874440962776,41.32075559037223,41.52274999999995,41.66100000000009,55.57422775168507,32.832896861321736,20.06321748318198
2015-08-19T18:30:00Z,41.91,41.9425,41.83,41.905,242209,371429.05,41.579710413086765,41.912499999999994,42.39103422029666,41.43396577970333,41.55162499999995,41.6960000000001,55.42834893192452,53.48144240257125,33.475582802333086
2015-08-19T19:30:00Z,41.91,41.955,41.82,41.88,233837,355355.55,41.59435868561912,41.928999999999995,42.37826161642714,41.47973838357285,41.58437499999995,41.767000000000095,54.65582850098586,65.7952069716777,50.703182078523604
2015-08-20T13:30:00Z,41.43,41.73,40.97,40.97,294735,341710.55,41.56390216436941,41.89099999999999,42.50098032754836,41.28101967245162,41.58962499999995,41.67100000000009,35.345253674828925,43.35511982570829,54.210589733319125
2015-08-20T14:30:00Z,40.98,41.38,40.97,41.22,253456,326897.65,41.547126449034316,41.84374999999999,42.50570071568511,41.18179928431488,41.593874999999954,41.5770000000001,41.46403333411391,28.13569872393416,45.76200850710676
2015-08-20T15:30:00Z,41.2175,41.32,41.09,41.23,192993,311710.55,41.53165686615459,41.780499999999996,42.422908748380046,41.13809125161995,41.59712499999995,41.441000000000095,41.70169819812814,14.28571428571423,28.5921776117856
2015-08-20T16:30:00Z,41.23,41.3401,40.9,40.99,218490,293619.9,41.50523458000071,41.72974999999999,42.448975103843004,41.01052489615697,41.58937499999995,41.25800000000009,37.741167019085665,16.666666666666703,19.696026558771738
2015-08-20T17:30:00Z,40.98,41.06,40.79,40.82,228544,285386.7,41.4718085029275,41.67099999999999,42.48028116251224,40.86171883748774,41.57637499999995,41.04600000000009,35.19162934671982,10.399159663865598,13.783846872082217
2015-08-20T18:30:00Z,40.82,40.89,40.57,40.8299,482175,289313.3,41.4404958930286,41.61249499999999,42.48489760310139,40.74009239689859,41.566872499999945,41.017980000000094,35.465037917230475,8.853553341866691,11.973126557466372
2015-08-20T19:30:00Z,40.8175,40.94,40.71,40.72,421259,282086.75,41.40534975190525,41.552494999999986,42.49434631623792,40.61064368376205,41.55587249999995,40.91798000000009,33.76225364300551,9.783859239059884,9.678857414930766
2015-08-21T13:30:00Z,40.45,41.02,40.2,40.73,243535,281430.7,41.37240586156841,41.491494999999986,42.47937022587523,40.50361977412474,41.54387249999995,40.81798000000009,34.072433249189885,18.59811467096227,12.411842417296322
2015-08-21T14:30:00Z,40.72,40.74,40.235,40.53,265631,277946.65,41.331312892711416,41.41874499999999,42.46321247287751,40.374277527122466,41.52224749999995,40.72598000000009,30.950719214914827,18.80675377364105,15.729575894554442
2015-08-21T15:30:00Z,40.53,40.93,40.52,40.72,252640,280604.1,41.30149275160354,41.35174499999998,42.394991673563965,40.308498326435995,41.503997499999954,40.70598000000009,36.868319244057034,24.864864864864703,20.756577769822716
2015-08-21T16:30:00Z,40.72,40.82,40.35,40.53,162397,277325.55,41.26385895884239,41.270744999999984,42.30502271024063,40.23646728975934,41.487872499999945,40.64600000000009,33.753125079534655,21.261261261261165,21.64429329992235
2015-08-21T17:30:00Z,40.52,40.76,40.435,40.56,285047,279647.65,41.229524375484225,41.19849499999998,42.219306315524506,40.177683684475454,41.470372499999954,40.61400000000009,34.69145193664741,22.152922152922077,22.75968275968269
2015-08-21T18:30:00Z,40.57,40.6,40.08,40.2,315634,277450.9,41.17930367424109,41.10699499999998,42.14125081066836,40.07273918933161,41.44387249999995,40.508000000000095,29.323898382135994,14.916886116886163,19.443689843689842
2015-08-21T19:30:00Z,40.2,40.38,40.1,40.12,486580,268765.55,41.12763032427811,41.02649499999998,42.103977650394825,39.94901234960514,41.41462249999995,40.42600000000009,28.276872417762362,9.779020979021022,15.616276416276461
2015-08-24T13:30:00Z,38.27,39.31,36.43,39.21,950873,302429.75,41.03408738163039,40.910744999999984,42.22131967620204,39.600170323797926,41.363372499999954,40.12400000000009,19.672331991321073,21.661952861952894,15.4526199859534
2015-08-24T14:30:00Z,39.21,39.2858,38.7,38.71,711648,323394.15,40.9207172654533,40.77374499999998,42.37156429576037,39.17592570423958,41.29999749999995,39.76000000000008,16.6706648983628,35.00691935958016,22.14929773351807
2015-08-24T15:30:00Z,38.72,39.74,38.61,39.63,610223,349820,40.85775544762631,40.67074499999998,42.284534447822445,39.05695555217752,41.25849749999995,39.57400000000008,36.01614759715543,55.922768138812614,37.53054678678193
2015-08-24T16:30:00Z,39.63,39.69,38.96,39.03,316260,358408.3,40.76859664530308,40.526744999999984,42.18585036793248,38.86763963206749,41.20324749999995,39.34000000000008,30.966891757422914,55.920731938072315,48.95013981215507
2015-08-24T17:30:00Z,39.03,39.24,38.88,39.01,964395,394517.6,40.68281144309317,40.38199499999998,42.040007690513434,38.72398230948653,41.14724749999995,39.11800000000008,30.811827748070613,59.1788155493774,57.00743854208749
2015-08-24T18:30:00Z,39.01,39.22,38.5,38.72,538039,409727.7,40.58706454343009,40.22399499999999,41.88314892953811,38.56484107046187,41.076497499999945,39.02000000000008,28.57729274436481,54.085241808106254,56.39492976518537
2015-08-24T19:30:00Z,38.72,39.245,38.65,38.78,1008235,445402.7,40.49891505350667,40.11449499999999,41.8495887674663,38.37940123253368,41.00274749999995,39.034000000000084,29.71304180313473,52.43282498184451,55.232294113109425
2015-08-25T13:30:00Z,39.71,39.71,38.79,39.108,610532,463256.5,40.43106553870147,40.00889499999998,41.71890175960739,38.29888824039257,40.92632249999995,38.92960000000008,35.72980566756908,53.53347857661576,53.35051512218888
2015-08-25T14:30:00Z,39.09,39.26,38.94,39.04,291249,468169.3,40.36320868315506,39.899394999999984,41.56243262371805,38.236357376281916,40.839947499999944,38.93160000000008,35.05974106634089,56.236456063906985,54.067586540789115
2015-08-25T15:30:00Z,39.04,39.3,38.84,39.25,296832,472086.4,40.30890582056213,39.81239499999998,41.419217036786726,38.205572963213235,40.77107249999994,38.979600000000076,38.87232128790346,60.5826710537416,56.784201898088156
2015-08-25T16:30:00Z,39.24,39.26,38.75,38.75,175321,469425.25,40.23286163419325,39.708894999999984,41.309429635021246,38.10836036497872,40.689947499999946,38.985600000000076,33.78627121472773,58.605526241492896,58.474884453047196
2015-08-25T17:30:00Z,38.75,38.86,38.61,38.67,234550,457044,40.156624481305776,39.60089999999998,41.175571254580966,38.026228745419,40.60669749999994,38.96360000000008,33.04136297884931,57.17786836779186,58.78868855434215
2015-08-25T18:30:00Z,38.6675,38.96,38.43,38.44,891124,480537.25,40.072886701729885,39.486899999999984,41.051082329526594,37.922717670473375,40.519697499999936,38.83000000000008,30.92999061539929,52.72759300087623,56.17032920338704
2015-08-25T19:30:00Z,38.43,38.465,38,38.13,1390409,537880.95,39.97811174066989,39.35689999999998,40.918387226974204,37.79541277302576,40.424197499999934,38.648000000000074,28.304663545186173,51.98753964819267,53.96433367228696
2015-08-26T13:30:00Z,39,39.3,38.31,38.42,472821,548240.45,39.902106289905504,39.25139999999998,40.766010497786034,37.73678950221393,40.33507249999994,38.48200000000007,33.95248666750817,42.127841200054654,48.94765794970789
2015-08-26T14:30:00Z,38.44,38.81,38.31,38.53,284438,549830.35,39.83517427576377,39.141899999999985,40.52711130518117,37.7566886948188,40.246822499999936,38.43800000000007,36.011556596388196,35.319072588579836,43.14481781227576
2015-08-26T15:30:00Z,38.51,38.58,38.01,38.03,244183,553919.65,39.747116994019194,39.016899999999985,40.327705233435736,37.706094766564235,40.143822499999935,38.31000000000007,31.24354853377102,18.78402903811254,32.076980942249044
2015-08-26T16:30:00Z,38.01,38.1,37.735,37.96,404628,559898.7,39.65994055528655,38.88689999999998,40.06918015292572,37.70461984707425,40.04269749999994,38.21400000000007,30.63206594664878,14.535520381048665,22.879540669247053
2015-08-26T17:30:00Z,37.95,38.35,37.85,38.19,316581,559946.05,39.588236137955505,38.786399999999986,39.839810157536576,37.7329898424634,39.946697499999935,38.22600000000007,35.12486016305036,12.061588570582545,15.127045996581288
2015-08-26T18:30:00Z,38.18,39.085,38.14,38.85,535686,562401.35,39.552224619030845,38.72289999999999,39.58235049886606,37.863449501133914,39.87469749999994,38.312000000000076,45.944201793978735,30.295358649788998,18.964155867140107
2015-08-26T19:30:00Z,38.84,39.06,38.715,38.96,522254,540970.4,39.52333561322446,38.710399999999986,39.54814707400393,37.87265292599604,39.810572499999935,38.398000000000074,47.51524853194841,47.17299578059067,29.84331433365411
2015-08-27T13:30:00Z,39.39,39.54,38.94,39.35,383235,524549.75,39.51488021745742,38.74239999999999,39.62531662120549,37.859483378794486,39.75807249999994,38.66200000000008,52.75770043855034,69.31823228958476,48.92886223998818
2015-08-27T14:30:00Z,39.34,39.71,39.33,39.48,418621,514969.65,39.513178743435105,38.73489999999999,39.58962847150431,37.880171528495666,39.70282249999994,38.96600000000008,54.392996088373586,79.95114368198973,65.4807905840551
2015-08-27T15:30:00Z,39.49,39.55,39.38,39.48,378580,518085.65,39.51156026814559,38.75739999999999,39.66412694897648,37.8506730510235,39.64207249999994,39.22400000000007,54.392996088373586,88.72751499000655,79.33229698719371
2015-08-27T16:30:00Z,39.49,39.63,39.44,39.51,714936,505612.7,39.51148415750434,38.78239999999999,39.74165687904782,37.82314312095216,39.58219749999994,39.35600000000007,54.811634576736346,88.86075949367068,85.84647272188903
2015-08-27T17:30:00Z,39.517,39.58,39.24,39.33,590768,508249.15,39.50263127177242,38.81289999999999,39.80064853075078,37.82515146924921,39.518447499999944,39.43000000000007,51.74266663741079,86.32911392405045,87.97246280257593
2015-08-27T18:30:00Z,39.3402,39.6,39.03,39.6,405151,478094.95,39.507380965832304,38.85389999999999,39.899180804377835,37.80861919562214,39.484197499999944,39.48000000000007,55.74537716987518,88.35443037974672,87.84810126582266
2015-08-27T19:30:00Z,39.59,39.95,39.52,39.93,478549,471495.8,39.52799652847463,38.89499999999999,40.0371646116038,37.75283538839618,39.451947499999946,39.570000000000064,60.10133880889175,91.42897962682504,88.70417464354078
2015-08-28T13:30:00Z,39.78,40.055,39.67,39.855,313863,472626.5,39.543947917329525,38.93574999999999,40.151485476984945,37.72001452301504,39.41757249999994,39.64500000000007,58.68749007968965,94.96891851813888,91.58410950823692
2015-08-28T14:30:00Z,39.855,40.27,39.81,40.25,86895,462129.65,39.57838948233784,38.98574999999999,40.32504561710621,37.646454382893765,39.399072499999946,39.79300000000006,63.55075424968438,96.56247372415753,94.32012395637385
2015-08-28T15:30:00Z,40.25,40.26,39.855,40.07,121755,459451.35,39.60237048319941,39.051749999999984,40.46606706134121,37.63743293865876,39.38032249999994,39.94100000000007,60.079906068209496,94.23360311954461,95.25499845394705
2015-08-28T16:30:00Z,40.09,40.25,40.04,40.05,209509,458199.3,39.624206069384805,39.12074999999999,40.58751608564547,37.653983914354505,39.36082499999994,40.03100000000006,59.689822756065276,94.07686330763234,94.95764671711156
2015-08-28T17:30:00Z,40.05,40.12,39.95,40.01,154880,421387.1,39.64302528551237,39.19924999999999,40.67986566586302,37.718634334136965,39.34307499999994,40.04700000000006,58.866610484952155,90.27099059601746,92.86048567439819
2015-08-28T18:30:00Z,40.02,40.05,39.825,39.9,193291,361531.2,39.6555606374386,39.28774999999999,40.712686752982464,37.86281324701751,39.32232499999994,40.05600000000006,56.55660886355378,84.96943530682917,89.77242973682638
2015-08-28T19:30:00Z,39.87,40.05,39.74,40.03,392042,357492.25,39.67382597219769,39.36824999999999,40.7697180695613,37.96678193043868,39.30982499999995,40.012000000000064,58.623113632610945,81.98470074314729,85.74170888199802
2015-08-31T13:30:00Z,39.92,40.24,39.52,39.72,283369,357438.8,39.6760783637978,39.42774999999999,40.78206338692346,38.07343661307652,39.28482499999994,39.942000000000064,52.2414888714796,71.26861209657248,79.40758271551637
2015-08-31T14:30:00Z,39.7,39.8,39.58,39.74,194430,354951.15,39.67919649239303,39.51324999999999,40.710614919312064,38.31588508068792,39.265074999999946,39.88000000000007,52.599992682545505,64.95270434149877,72.73533906040623
2015-08-31T15:30:00Z,39.75,40,39.72,40,175377,343488.6,39.69484544398362,39.615249999999996,40.59348041764108,38.63701958235891,39.25107499999994,39.878000000000064,57.10764982963925,63.70967741935465,66.64366461914202
2015-08-31T16:30:00Z,40,40.13,39.96,39.99,120056,333662.35,39.70924322720393,39.70524999999999,40.44440813598945,38.96609186401054,39.24582499999995,39.896000000000065,56.883586506070884,70.96774193548374,66.54337456544577
2015-08-31T17:30:00Z,39.98,39.98,39.6,39.78,172566,315506.35,39.71269477709642,39.75175,40.378274341103804,39.1252256588962,39.23732499999995,39.84600000000007,52.24755444135923,72.04301075268803,68.90681003584218
2015-08-31T18:30:00Z,39.78,39.78,39.46,39.58,483622,313574.75,39.70622186114049,39.78275,40.30160908491279,39.26389091508721,39.24657499999994,39.81800000000006,48.21708360347857,50.90601354042196,64.63892207619796
2015-08-31T19:30:00Z,39.58,39.71,39.55,39.63,400465,314436.25,39.70250372157266,39.796749999999996,40.28218047905758,39.31131952094241,39.26957499999994,39.79600000000006,49.270678270616166,32.09544670118135,51.681490331430496
2015-09-01T13:30:00Z,38.82,39.565,38.72,39.47,293566,308183.5,39.6911620766179,39.79625,40.28300327425295,39.30949672574705,39.26557499999994,39.69000000000007,46.04233949728461,28.063188636665217,37.02154962608956
2015-09-01T14:30:00Z,39.47,39.58,39.23,39.25,167838,297646.4,39.669641975319465,39.784749999999995,40.310178158740904,39.25932184125909,39.271074999999946,39.542000000000066,41.970231329137874,34.59677850358857,31.585137947145096
2015-09-01T15:30:00Z,39.26,39.43,39.01,39.08,136654,268732.3,39.64087895213315,39.76325,40.36196758784576,39.16453241215424,39.27282499999994,39.402000000000065,39.09301810662255,35.44403098482791,32.70133270836062
2015-09-01T16:30:00Z,39.08,39.18,38.8,38.9,131186,245753.2,39.60473851544373,39.74175,40.42593765700368,39.05756234299633,39.27732499999995,39.26600000000006,36.25868432551238,23.26236714781605,31.101058878744226
2015-09-01T17:30:00Z,38.9,38.94,38.7328,38.78,160882,233539.75,39.56450736834891,39.70075,40.50222535832127,38.89927464167873,39.27732499999995,39.09600000000006,34.46469577930206,13.106295149638802,23.937564427427642
2015-09-01T18:30:00Z,38.78,38.97,38.695,38.71,358385,227531.55,39.52282408208799,39.63975000000001,40.541573014784305,38.73792698521571,39.267374999999944,38.94400000000006,33.42575607993048,5.5867824902061285,13.985148262553713
2015-09-01T19:30:00Z,38.72,38.99,38.6799,38.96,760746,249875.7,39.49536924881541,39.595000000000006,40.53756034289311,38.6524396571069,39.26537499999995,38.88600000000007,40.34258416383894,7.624073172202411,8.772383604015836
2015-09-02T13:30:00Z,39.33,39.61,38.79,38.8016,294898,260275.85,39.46152684643417,39.522580000000005,40.475225309858416,38.569934690141594,39.25416499999995,38.830320000000064,37.671925358354876,9.105791916342143,7.438882526250282
2015-09-02T14:30:00Z,38.78,39.2,38.67,39,190248,263700.5,39.43901334173006,39.469080000000005,40.41288523753322,38.52527476246679,39.26041499999995,38.85032000000007,42.78125794390533,16.3164138962153,11.01542632825334
2015-09-02T15:30:00Z,38.99,38.99,38.65,38.74,166171,261533.6,39.40491512993835,39.403580000000005,40.358789530100275,38.448370469899736,39.262164999999946,38.842320000000065,38.34510274686407,12.358781820193498,12.59366254425037
2015-09-02T16:30:00Z,38.74,39.1,38.72,39.04,203552,263967.2,39.38711439189258,39.35508000000001,40.280231493753256,38.42992850624676,39.27716499999995,38.90832000000007,45.38257925540882,19.335709692595096,16.003635136334687
2015-09-02T17:30:00Z,39.04,39.16,38.94,39.095,285185,268561.9,39.37286490936123,39.314830000000015,40.21124831551567,38.41841168448436,39.30128999999995,38.93532000000006,46.58630654803209,24.92830677506976,18.87426609595284
2015-09-02T18:30:00Z,39.09,39.15,38.94,39.099,243438,261131.7,39.35950564548995,39.26828000000001,40.10608730385559,38.430472696144435,39.31826499999995,38.99480000000007,46.67834779704252,37.020776603388484,27.094931023684506
2015-09-02T19:30:00Z,39.1,39.32,39.02,39.32,327236,263325.05,39.35757854083191,39.24828000000001,40.06071207617263,38.43584792382739,39.33801499999994,39.05880000000006,51.63696317528327,50.51022940205181,37.48643759350341
2015-09-03T13:30:00Z,39.41,39.84,39.16,39.68,366234,271915.25,39.37330641688889,39.24528000000001,40.050841045728,38.43971895427202,39.37926499999995,39.246800000000064,58.420161751742576,66.23492636048114,51.255310788640536
2015-09-03T14:30:00Z,39.68,39.82,39.59,39.76,242898,275291.3,39.39216951850406,39.23328000000001,39.99971295753421,38.46684704246581,39.42426499999995,39.39080000000006,59.77048556936599,83.2078664799251,66.65100741415274
2015-09-03T15:30:00Z,39.765,39.79,39.64,39.7,144096,276493.3,39.407185639552644,39.21878000000001,39.936846123970525,38.500713876029494,39.462014999999944,39.511800000000065,58.24276795626216,89.35574229691854,79.59951171244164
2015-09-03T16:30:00Z,39.71,39.71,39.32,39.58,144426,275086.3,39.415615608354955,39.208780000000004,39.90038780677779,38.517172193222216,39.480264999999946,39.60800000000007,55.203708248618604,86.55462184873922,86.372743541861
2015-09-03T17:30:00Z,39.58,39.6,39.31,39.43,139907,257900.55,39.41631728599618,39.20128000000001,39.879751192014304,38.52280880798572,39.49201499999994,39.63000000000007,51.58062336530474,77.31092436974772,84.40709617180188
2015-09-03T18:30:00Z,39.44,39.57,39.28,39.42,195505,247652.55,39.41649693058173,39.190780000000004,39.84857151590451,38.5329884840955,39.49376499999995,39.57800000000007,51.33871622590387,69.46778711484576,77.77777777777762
2015-09-03T19:30:00Z,39.41,39.55,39.3,39.44,173151,241631.8,39.417643421772866,39.189280000000004,39.84465015372625,38.53390984627376,39.49276499999994,39.51400000000007,51.82534234515296,65.54621848739477,70.77497665732947
2015-09-04T13:30:00Z,39.11,39.51,38.86,39.29,380260,252252.9,39.4114169133937,39.19128,39.847622561774386,38.53493743822561,39.48801499999994,39.43200000000006,47.95217624559204,61.624649859943794,65.54621848739484
2015-09-04T14:30:00Z,39.29,39.44,39.12,39.38,90844,249962.4,39.40988438103303,39.20628000000001,39.86547038099429,38.547089619005725,39.48476499999994,39.39200000000007,50.349799187088976,60.50420168067211,62.558356676003626
2015-09-04T15:30:00Z,39.37,39.38,39.08,39.1,58918,246349,39.394768069763124,39.216280000000005,39.86252264668597,38.57003735331404,39.47901499999994,39.326000000000064,43.61782393801008,49.68487394957981,57.2712418300653
2015-09-04T16:30:00Z,39.1,39.19,39,39.0025,156451,246127.45,39.3756330419698,39.22740500000001,39.85046745745872,38.6043425425413,39.464077499999945,39.242500000000064,41.53528454343233,36.60464185674266,48.93123916233159
2015-09-04T17:30:00Z,39.0025,39.12,38.95,38.99,108935,233654.95,39.35682167406883,39.24140500000001,39.82890263054437,38.653907369455645,39.44057749999995,39.15250000000007,41.26327570694006,20.578231292517007,35.62258236627989
2015-09-04T18:30:00Z,38.99,39.285,38.97,39.22,151007,203168,39.35014744606548,39.254405000000006,39.82775597967642,38.68105402032359,39.424702499999945,39.138500000000064,48.00993377288104,21.51360544217677,26.232159530478878
2015-09-04T19:30:00Z,39.22,39.39,39.19,39.21,173899,197118.05,39.343310985281796,39.27482500000001,39.81003647922606,38.73961352077395,39.39870249999994,39.10450000000007,47.75310866839317,28.571428571428555,23.554421768707513
2015-09-08T13:30:00Z,39.88,40.46,39.74,40.08,613259,218268.6,39.37924703478024,39.32882500000001,39.952798499032546,38.70485150096747,39.39895249999994,39.30050000000007,65.1965615197277,49.566326530612116,33.21712018140588
2015-09-08T14:30:00Z,40.1,40.121,39.85,40.08,420370,230978.55,39.413430106254374,39.39582500000001,40.039949776339284,38.751700223660734,39.39970249999995,39.51600000000006,65.19656151972768,62.73809523809513,46.95861678004534
2015-09-08T15:30:00Z,40.07,40.085,39.99,40.05,364151,239008.5,39.444482296193186,39.446325,40.12820653479698,38.76444346520302,39.400702499999944,39.728000000000065,64.33753262773729,75.62499999999982,62.64314058956909
2015-09-08T16:30:00Z,40.05,40.07,39.935,40,400082,244753.35,39.471580720769126,39.491575000000005,40.193997613172584,38.789152386827425,39.40320249999994,39.884000000000064,62.85115294247845,73.95833333333319,70.77380952380945
2015-09-08T17:30:00Z,40,40.07,39.91,40.06,990014,282082.15,39.5002841002438,39.539625,40.25931985721185,38.81993014278815,39.40395249999994,40.054000000000066,63.928114334930356,73.54166666666661,74.37499999999994
2015-09-08T18:30:00Z,40.0635,40.27,39.96,40.26,487527,290096.7,39.537343412427035,39.586625000000005,40.363326800883634,38.809923199116376,39.41745249999994,40.09000000000007,67.32821011469214,77.91666666666661,75.13888888888887
2015-09-08T19:30:00Z,40.26,40.31,40.19,40.26,608255,302197.75,39.57259495328425,39.61562500000001,40.44559167854474,38.78565832145528,39.43045249999994,40.12600000000007,67.32821011469214,83.33333333333324,78.2638888888889
2015-09-09T13:30:00Z,40.78,40.79,40.35,40.3868,430687,311587.2,39.61231227263624,39.64696500000001,40.541218461326594,38.752711538673424,39.440122499999944,40.19336000000008,69.44584556868745,84.3623188405796,81.87077294685989
2015-09-09T14:30:00Z,40.39,40.49,40.1864,40.37,175268,313145.8,39.64927264958081,39.680465000000005,40.62872321013938,38.73220678986063,39.44962249999994,40.26736000000007,68.80948786060702,80.92028985507237,82.87198067632846
2015-09-09T15:30:00Z,40.38,40.43,40.26,40.35,262964,319072.7,39.68345447155248,39.718965000000004,40.70936967138284,38.72856032861717,39.46387249999994,40.32536000000007,68.01050686821046,77.11594202898549,80.79951690821254
2015-09-09T16:30:00Z,40.35,40.35,40.09,40.09,305119,327333.3,39.70328596074504,39.751965,40.74563428758962,38.75829571241038,39.476622499999934,40.29136000000007,58.50059596213859,71.73913043478262,76.59178743961355
2015-09-09T17:30:00Z,40.09,40.09,39.65,39.75,360191,335567.6,39.70556469436723,39.768465,40.75042746012646,38.78650253987354,39.479622499999934,40.189360000000065,48.87592893273016,60.30020703933756,69.71842650103528
2015-09-09T18:30:00Z,39.75,39.8,39.5,39.57,342901,344055.1,39.69895178244688,39.774964999999995,40.74983991151433,38.80009008848566,39.48212249999993,40.02600000000007,44.684513317808786,42.85455486542454,58.29796411318163
2015-09-09T19:30:00Z,39.57,39.58,39.4,39.44,330850,341584.6,39.68631998818118,39.782465,40.74452435009097,38.820405649909034,39.48687249999993,39.84000000000007,41.89044990978779,23.16161356628986,42.105458490350706
2015-09-10T13:30:00Z,39.48,39.79,39.34,39.7,447759,359430.35,39.68698730583088,39.798465,40.743715587462546,38.853214412537454,39.502372499999936,39.710000000000065,48.787590995377315,17.151761349541086,27.722643260418554
2015-09-10T14:30:00Z,39.6999,39.78,39.6,39.7,477283,380348.6,39.68762207140011,39.828464999999994,40.71968162523813,38.93724837476186,39.52237249999993,39.63200000000007,48.787590995377315,17.5109567518399,19.27477722255701
2015-09-10T15:30:00Z,39.7,39.98,39.67,39.68,154937,380272.9,39.687250263039125,39.862339999999996,40.673291136382396,39.051388863617596,39.54487249999993,39.618000000000066,48.2764008231677,24.367816091953973,19.676844731111714
2015-09-10T16:30:00Z,39.67,39.76,39.63,39.74,202823,384967.3,39.68982342093965,39.89984,40.60893431361393,39.190745686386066,39.570622499999935,39.65200000000007,49.96999595844116,25.287356321839013,22.388709721877692
2015-09-10T17:30:00Z,39.745,39.75,39.615,39.715,265270,390680.45,39.691051546747474,39.924589999999995,40.5686095459772,39.28057045402279,39.58949749999993,39.70700000000007,49.24644489552388,25.63218390804592,25.09578544061303
2015-09-10T18:30:00Z,39.72,39.75,39.55,39.62,552586,409614.8,39.68758561763784,39.94509,40.51911736485165,39.37106263514835,39.609957499999936,39.691000000000074,46.49156711086933,24.252873563218284,25.057471264367805
2015-09-10T19:30:00Z,39.61,39.65,39.5,39.63,481243,403014,39.68477656311892,39.92259,40.508848147575314,39.336331852424685,39.62570749999993,39.67700000000008,46.82874990236039,21.72413793103438,23.86973180076626
2015-09-11T13:30:00Z,39.36,39.65,39.3,39.33,325028,398246.9,39.66747038930824,39.88509,40.52018890221859,39.249991097781404,39.64045749999993,39.60700000000007,38.90767094684177,13.943784410315752,19.973598634856206
2015-09-11T14:30:00Z,39.31,39.5,39.23,39.47,126672,386372.95,39.65783768739077,39.856089999999995,40.51107663772611,39.20110336227388,39.65120749999993,39.55300000000007,43.69415607976797,14.173669467787173,16.613863936379165
2015-09-11T15:30:00Z,39.47,39.67,39.43,39.46,287466,380742.15,39.648187068493655,39.829089999999994,40.50238557818291,39.15579442181708,39.66033249999993,39.50200000000007,43.432397765109144,14.352240896358694,14.156564924820605
2015-09-11T16:30:00Z,39.48,39.56,39.43,39.51,74451,334964,39.64144623588421,39.80159,40.479824277812384,39.12335572218761,39.67060749999993,39.48000000000007,45.20010975040678,24.364617940199423,17.630176101448495
2015-09-11T17:30:00Z,39.51,39.695,39.49,39.66,84680,314821.65,39.642351297548394,39.771589999999996,40.41841558360046,39.12476441639953,39.67910749999994,39.48600000000007,50.2253611348642,36.809062384643816,25.175307073734047
2015-09-11T18:30:00Z,39.66,39.79,39.61,39.79,91854,289001.6,39.649553673277744,39.74809,40.35515939932661,39.141020600673386,39.681857499999936,39.578000000000074,54.149621424566014,54.852713178294614,38.675464501046015
2015-09-11T19:30:00Z,39.78,39.8,39.66,39.77,409655,287950,39.65542910384956,39.71724999999999,40.249448036450346,39.18505196354964,39.68210749999993,39.638000000000076,53.45142074371365,68.00000000000036,53.220591854313
2015-09-14T13:30:00Z,39.87,39.93,39.55,39.67,118094,285091.3,39.656139879271535,39.682249999999996,40.122209941356694,39.2422900586433,39.68135749999993,39.68000000000008,49.98128137814661,68.44444444444503,63.76571920758007
2015-09-14T14:30:00Z,39.68,39.88,39.65,39.77,306791,287282.65,39.66169403150219,39.65325,39.97350419590937,39.33299580409063,39.68610749999993,39.73200000000007,53.24983416274119,67.55555555555632,68.00000000000064
2015-09-14T15:30:00Z,39.77,39.81,39.675,39.7,113559,277704.65,39.66356261533136,39.63374999999999,39.88540204151851,39.382097958481474,39.69285749999993,39.74000000000008,50.74983260891195,65.93650793650862,67.31216931217006
2015-09-14T16:30:00Z,39.7,39.75,39.65,39.75,96634,264526.8,39.66777907312007,39.63374999999999,39.88540204151851,39.382097958481474,39.701107499999935,39.73200000000008,52.46647063503965,71.14285714285764,68.21164021164093
2015-09-14T17:30:00Z,39.75,39.83,39.69,39.75,141877,254475.6,39.671789850041044,39.64274999999999,39.89749447982311,39.388005520176876,39.70885749999993,39.72800000000008,52.46647063503965,71.90476190476217,69.66137566137621
2015-09-14T18:30:00Z,39.755,39.945,39.74,39.92,195098,247688,39.683897662234166,39.66674999999999,39.930838526823734,39.40266147317625,39.724607499999934,39.77800000000008,58.21014913815795,81.69164169164183,74.91308691308728
2015-09-14T19:30:00Z,39.92,39.99,39.86,39.97,352950,242947.55,39.6978538738325,39.68024999999999,39.975520638572405,39.38497936142757,39.73935749999993,39.818000000000076,59.750625240828754,89.38587728061408,80.99409362567276
2015-09-15T13:30:00Z,40.1,40.34,39.89,40.184,375649,237865.85,39.7215683190114,39.70444999999999,40.0725763234306,39.33632367656937,39.76645749999993,39.91480000000008,65.59610556540932,93.27262116735778,88.11671337987131
2015-09-15T14:30:00Z,40.18,40.72,40.17,40.72,298944,245066.2,39.77027230344987,39.75644999999999,40.33164543635323,39.181254563646746,39.80939499999993,40.10880000000007,75.27992284545262,94.43812233285887,92.36554026027699
2015-09-15T15:30:00Z,40.72,40.83,40.52,40.8,275596,248704.85,39.82050292279378,39.809449999999984,40.542497740602705,39.07640225939726,39.854644999999934,40.31880000000008,76.34991729397007,94.6010296010294,94.10392436708209
2015-09-15T16:30:00Z,40.8,40.94,40.79,40.88,441368,257509.75,39.87218570704774,39.867699999999985,40.734428354216895,39.000971645783075,39.896144999999926,40.51080000000008,77.40324257851677,97.90640394088673,95.64851862492507
2015-09-15T17:30:00Z,40.88,41.36,40.87,41.34,674033,263582.1,39.94378640426493,39.953699999999984,41.022763347049086,38.88463665295088,39.94939499999993,40.784800000000075,82.28806149923318,97.53807981565662,96.68183778585767
2015-09-15T18:30:00Z,41.34,41.57,41.3,41.3,1122234,295631.65,40.00994316503249,40.037199999999984,41.24407855230038,38.83032144769959,39.97989499999993,41.00800000000008,80.65530240065038,93.79691998538787,96.41380124731047
2015-09-15T19:30:00Z,41.305,41.41,41.25,41.33,946698,326715.15,40.07433618137237,40.137199999999986,41.422033000822466,38.852366999177505,40.01114499999993,41.130000000000074,80.96043475163266,91.21583429061134,94.18361136388535
2015-09-16T13:30:00Z,41.3,41.345,40.64,40.87,441290,342446.05,40.11314905057372,40.20719999999998,41.49155347159754,38.92284652840242,40.03164499999993,41.14400000000008,64.23066423806392,79.43138063806366,88.14804497135437
2015-09-16T14:30:00Z,40.86,41.28,40.845,41.04,465770,351361.25,40.15836129200915,40.28619999999998,41.57136514114131,39.00103485885865,40.05764499999994,41.176000000000066,66.94885212248332,74.68543729372925,81.77755074080149
2015-09-16T15:30:00Z,41.03,41.38,40.89,41.31,333882,364332.8,40.21453878995992,40.376199999999976,41.68325219482889,39.06914780517106,40.08889499999994,41.17000000000007,70.75061373343355,74.13194444444439,76.08292079207918
2015-09-16T16:30:00Z,41.31,41.48,41.26,41.31,206060,370401.8,40.26797592215699,40.45869999999998,41.78269714501429,39.13470285498567,40.11514499999993,41.172000000000075,70.75061373343355,81.67479314420807,76.83072496079397
2015-09-16T17:30:00Z,41.32,41.36,41.19,41.24,237630,377690.6,40.31539173083226,40.531199999999984,41.85958151146567,39.2028184885343,40.13964499999993,41.154000000000075,68.38542644732432,84.86525307134836,80.22399688666701
2015-09-16T18:30:00Z,41.23,41.71,41.196,41.68,405859,377500.8,40.38195798786483,40.626699999999985,41.9964370696615,39.25696293033847,40.17197499999993,41.316000000000074,74.21943514957773,88.83860141969664,85.12621587841777
2015-09-16T19:30:00Z,41.68,41.74,41.53,41.54,402797,391735.95,40.43844784211532,40.72019999999998,42.07111785094682,39.369282149053134,40.20122499999993,41.416000000000075,69.80546672295847,89.84492689410713,87.8495937950508
2015-09-17T13:30:00Z,41.35,41.74,41.35,41.69,554237,404108.25,40.49949916689019,40.81619999999998,42.15621546259922,39.47618453740074,40.234724999999926,41.492000000000075,71.74440482040382,94.79428473059026,91.1592710147981
2015-09-17T14:30:00Z,41.69,41.88,41.66,41.81,541275,425494.05,40.563426036797985,40.92169999999999,42.225336314316415,39.61806368568356,40.27772499999993,41.59200000000008,73.22565736743769,93.619138996621,92.75278354043955
2015-09-17T15:30:00Z,41.82,41.83,41.49,41.66,248900,433107.35,40.61691744963711,41.01719999999999,42.240894340921436,39.79350565907854,40.32547499999993,41.67600000000008,68.39876508137056,91.30876410560086,93.24072927760413
2015-09-17T16:30:00Z,41.65,41.866,41.52,41.866,201321,436079.55,40.67784830575237,41.12299999999998,42.252418611501284,39.99358138849868,40.382874999999935,41.71320000000007,71.20593059657773,91.99399114484474,92.30729808235562
2015-09-17T17:30:00Z,41.87,42.225,41.56,42.11,719223,462285.8,40.74770936400835,41.23249999999998,42.29693290065881,40.16806709934115,40.44962499999993,41.827200000000076,74.13653963877081,91.29117058444389,91.53130861162992
2015-09-17T18:30:00Z,42.1,42.73,42.1,42.5,667699,478023.25,40.83318695600794,41.35899999999999,42.39415138989578,40.32384861010419,40.519624999999934,41.989200000000075,77.99214079021782,93.53688751606933,92.27401641511942
2015-09-17T19:30:00Z,42.51,42.64,42.41,42.47,546615,486571.55,40.913031494739265,41.47329999999998,42.468297306531916,40.478302693468045,40.58887499999994,42.12120000000007,77.04073190666291,89.766501139571,91.53151974669483
2015-09-18T13:30:00Z,42,42.18,41.705,42.175,743271,508787.9,40.97459093402028,41.54604999999999,42.52269414706843,40.569405852931546,40.65124999999993,42.22420000000007,68.22703154647374,82.37068436705461,88.5580243408984
2015-09-18T14:30:00Z,42.175,42.76,42.04,42.64,1132231,551619.65,41.055830400653434,41.63804999999998,42.66177114855857,40.614328851441385,40.72374999999993,42.37900000000007,73.39397288850897,83.89990849689792,85.34569800117463
2015-09-18T15:30:00Z,42.62,42.65,41.94,42.01,713031,565202.8,41.102375259158144,41.694549999999985,42.66819130459053,40.72090869540944,40.78112499999993,42.35900000000007,59.3191499922729,72.12307208043696,79.46455498146327
2015-09-18T16:30:00Z,42,42.02,41.78,41.869,370243,550013.3,41.139771587979695,41.72099999999999,42.68335357327936,40.75864642672062,40.83734999999994,42.23280000000007,56.69845191875133,63.02019823563475,73.01439293765664
2015-09-18T17:30:00Z,41.87,42.02,41.83,41.96,537560,520779.6,41.179782730029466,41.753999999999984,42.70149374668322,40.80650625331675,40.89559999999993,42.130800000000065,57.98847499702955,48.10893728856821,61.08406920154673
2015-09-18T18:30:00Z,41.96,41.97,41.56,41.61,568514,501870.4,41.200768938320714,41.76799999999999,42.69813568902884,40.837864310971135,40.95259999999994,42.017800000000065,51.61885192880124,36.84574293823464,49.324959487479305
2015-09-18T19:30:00Z,41.6,41.85,41.53,41.83,817789,520695.35,41.23146313645141,41.81599999999999,42.64992109938794,40.98207890061204,41.01159999999994,41.855800000000066,54.96726974134669,33.77712478762698,39.57726833814338
2015-09-21T13:30:00Z,42,43.43,41.77,43.03,885627,541688.2,41.31919664199037,41.91549999999998,42.826624250586725,41.004375749413235,41.10084999999994,42.05980000000007,67.98340098785793,43.95457093417161,38.19247955334452
2015-09-21T14:30:00Z,43.03,43.31,42.92,43.25,590296,554508.9,41.413382171649374,42.01249999999998,43.04949729990278,40.97550270009718,41.194349999999936,42.33600000000007,69.71183469010663,68.04854865833143,48.59341479337678
2015-09-21T15:30:00Z,43.25,43.37,43,43.195,354778,561944.8,41.50029035839818,42.10674999999998,43.21164418045675,41.0018558195432,41.28272499999993,42.58300000000007,68.71311897578023,85.9331426206797,65.97875407106102
2015-09-21T16:30:00Z,43.195,43.23,42.63,42.95,374287,568777.65,41.57100790189095,42.19224999999998,43.2801439056762,41.10435609432376,41.361724999999936,42.85100000000007,64.29439795570545,84.38494222277777,79.4555445005964
2015-09-21T17:30:00Z,42.96,42.985,42.67,42.92,339907,565480.05,41.63681239448164,42.25424999999998,43.359501622938076,41.14899837706188,41.440474999999935,43.06900000000008,63.753764881558894,78.53035730687981,82.94948071677919
2015-09-21T18:30:00Z,42.91,43.1,42.82,42.835,556630,573171.7,41.69526057036058,42.318999999999974,43.400773728655636,41.23722627134431,41.51959999999993,43.03000000000007,62.15893130546594,72.1929824561404,78.36942732859943
2015-09-21T19:30:00Z,42.84,42.88,42.68,42.82,697623,580341,41.75012590839177,42.375499999999974,43.437826409353484,41.313173590646464,41.595849999999935,42.944000000000074,61.864820953485555,69.91228070175438,73.54520682159163
2015-09-22T13:30:00Z,42.52,42.73,42.19,42.52,415217,574038.1,41.78768074212876,42.41099999999998,43.44236530870897,41.37963469129099,41.66634999999993,42.809000000000076,56.14320561728024,62.89473684210528,68.33333333333346
2015-09-22T14:30:00Z,42.53,42.55,42.17,42.17,254953,574340.75,41.80633046202492,42.43649999999998,43.416259868543364,41.4567401314566,41.726849999999935,42.65300000000008,50.29851493252736,51.228070175438624,61.3450292397662
2015-09-22T15:30:00Z,42.18,42.21,41.92,41.96,450127,586781.05,41.813826537048094,42.44119999999998,43.41081716156844,41.47158283843152,41.78209999999993,42.46100000000008,47.12834564066246,36.140350877193,50.08771929824574
2015-09-22T16:30:00Z,41.95,42,41.79,41.99,146047,558122.25,41.82242036450916,42.43519999999999,43.414378757942096,41.45602124205788,41.833849999999934,42.29200000000007,47.63609103730015,26.84210526315789,38.07017543859661
2015-09-22T17:30:00Z,41.99,42.23,41.95,42.2297,300810,539777.8,41.8422876638014,42.42168499999998,43.40436839820518,41.439001601794786,41.89034249999993,42.17394000000008,51.632825329387444,27.889473684210515,30.290643274853903
2015-09-22T18:30:00Z,42.22,42.41,42.16,42.37,318269,528360.5,41.86802972898182,42.41668499999999,43.39935181082883,41.43401818917114,41.944992499999934,42.14394000000008,53.853018863018946,35.08245614035081,29.9380116959065
2015-09-22T19:30:00Z,42.36,42.48,42.32,42.34,279185,505156.2,41.89105266903149,42.424934999999984,43.4021021305902,41.447767869409766,41.985492499999935,42.17794000000008,53.28972905483874,38.458063834284445,33.80999788628203
2015-09-23T13:30:00Z,42.48,43.05,42.35,42.99,327422,464915.75,41.944659855908,42.44243499999998,43.44654639875383,41.43832360124613,42.040242499999934,42.383940000000074,62.45339584572392,51.49908093399583,41.679866969543795
2015-09-23T14:30:00Z,42.975,43.28,42.88,42.91,216080,440068.2,41.99174961903444,42.487434999999984,43.49066134589926,41.484208654100705,42.09099249999993,42.56794000000007,60.87059681317364,60.39093081185505,50.11602519337854
2015-09-23T15:30:00Z,42.89,43.06,42.75,43.05,295897,436350.9,42.04337158883764,42.546484999999976,43.536090475484855,41.5568795245151,42.13374249999993,42.73200000000007,62.65434102783123,77.13306714241207,63.00769296275442
2015-09-23T16:30:00Z,43.045,43.118,42.79,42.795,470244,432985.1,42.080036389382144,42.58823499999998,43.545264653201905,41.63120534679806,42.17111749999994,42.81700000000008,57.51174155794672,74.29983292271955,70.60794362566232
2015-09-23T17:30:00Z,42.795,43.01,42.69,42.89,464481,427783.45,42.119546809412284,42.65223499999998,43.504494019962124,41.79997598003784,42.21011749999994,42.92700000000007,58.86629900760057,75.27964205816545,75.57084737443246
2015-09-23T18:30:00Z,42.885,42.9,42.6,42.84,336091,403698.55,42.154690867489734,42.70273499999998,43.46953451558966,41.93593548441031,42.25936749999994,42.89700000000007,57.821461756041195,70.58165548098438,73.38704348728989
2015-09-23T19:30:00Z,42.85,43.095,42.85,43.03,495029,384168.65,42.19738887395365,42.70273499999998,43.46953451558966,41.93593548441031,42.30911749999994,42.92100000000007,60.67766737104953,75.83892617449668,73.90007457121561
2015-09-24T13:30:00Z,42.76,42.76,42.13,42.59,407212,375014.45,42.21654063619981,42.66973499999999,43.395177993698894,41.94429200630108,42.34111749999993,42.82900000000007,51.9108865497569,69.12751677852359,71.84936614466832
2015-09-24T14:30:00Z,42.57,42.68,41.975,41.975,506462,382598.65,42.20475816614128,42.60873499999998,43.352195972149154,41.86527402785081,42.35774249999993,42.66500000000006,42.63799520295243,49.77628635346764,64.91424310216274
2015-09-24T15:30:00Z,41.97,42.18,41.895,42.18,306290,379198.8,42.20355045071975,42.57023499999999,43.3187505957672,41.82171940423278,42.381242499999935,42.52300000000007,46.09462018324591,30.760626398210363,49.88814317673397
2015-09-24T16:30:00Z,42.17,42.28,42.08,42.11,273252,375866.05,42.19898701409928,42.52973499999999,43.2857844276891,41.773685572310875,42.39199249999993,42.37700000000007,45.09533730840002,18.038023243605505,32.85831199842795
2015-09-24T17:30:00Z,42.12,42.4,42.07,42.29,272127,361640.9,42.203426671948094,42.502484999999986,43.25181651348983,41.75315348651014,42.410742499999934,42.22900000000007,48.20481024279875,23.405939314644556,24.068196318820252
2015-09-24T18:30:00Z,42.29,42.565,42.19,42.43,599635,356741.5,42.21447902941404,42.482984999999985,43.21841982179574,41.74755017820423,42.42924249999993,42.197000000000074,50.55054692675197,27.557160048134506,23.0003742021283
2015-09-24T19:30:00Z,42.42,42.56,42.39,42.52,454433,358702.3,42.22938249139385,42.48298499999999,43.218419821793894,41.74755017820609,42.44699249999993,42.30600000000007,52.05383718832649,37.42478941034881,29.46262959104273
2015-09-25T13:30:00Z,43,43.31,42.82,42.86,421946,367051.95,42.26014432108195,42.517484999999986,43.25568518769233,41.779284812307644,42.47699249999993,42.442000000000064,57.331155870834046,50.65079749801194,38.54424898549853
2015-09-25T14:30:00Z,42.87,43.08,42.83,42.98,489160,369003.6,42.29525923224869,42.568484999999995,43.28623261379257,41.85073738620742,42.50484249999993,42.616000000000064,59.04455342714761,63.334226292984084,50.46993773378173
2015-09-25T15:30:00Z,42.99,43.02,42.96,43,185931,370997.8,42.32963683067558,42.618984999999995,43.30838524449259,41.9295847555074,42.52709249999993,42.758000000000074,59.33762482849495,74.32273262661924,62.7692521392052
2015-09-25T16:30:00Z,43,43.1,42.96,43.1,200635,365989.05,42.36721552186214,42.662499999999994,43.35796027924332,41.96703972075667,42.542092499999924,42.89200000000007,60.84627835357115,79.97644287396912,72.54446726452426
2015-09-25T17:30:00Z,43.1,43.16,42.66,42.66,308694,365510.3,42.38149769152741,42.67699999999999,43.35943241424063,41.994567585759356,42.546842499999926,42.92000000000007,51.74856160251444,72.43816254416934,75.57911268158601
2015-09-25T18:30:00Z,42.66,42.78,42.39,42.65,462624,374682.25,42.394595365111435,42.69249999999999,43.357469924137966,42.02753007586201,42.55871749999993,42.87800000000007,51.5598744850846,64.19316843345082,72.20259128386321
2015-09-25T19:30:00Z,42.65,42.88,42.6,42.7,719131,394267.7,42.409493152179174,42.67799999999999,43.32888708698847,42.02711291301151,42.560217499999936,42.822000000000074,52.49261276557723,54.77031802120114,63.800549666273874
2015-09-28T13:30:00Z,42.43,42.69,42.08,42.25,335115,400219.45,42.40171299841433,42.64499999999999,43.31221061143182,41.977789388568155,42.56621749999994,42.67200000000007,44.23671024800306,45.11189634864527,54.69179426776586
2015-09-28T14:30:00Z,42.24,42.25,41.69,41.76,338415,402345.35,42.37040992532095,42.58049999999999,43.323715312011984,41.83728468798799,42.56349249999994,42.404000000000075,37.3484814429489,28.766595413631038,42.882936594492584
2015-09-28T15:30:00Z,41.76,41.77,41.26,41.37,373389,397502.6,42.32160944115895,42.50924999999999,43.41253442365072,41.605965576349256,42.54874249999993,42.14600000000007,32.950619993070404,11.591726845157348,28.490072869144665
2015-09-28T16:30:00Z,41.35,41.3503,40.92,41.02,329660,390761.55,42.25811629768778,42.41574999999999,43.5091542024833,41.322345797516675,42.53399249999993,41.82000000000007,29.583864202430732,4.623647243755836,14.99398983418152
2015-09-28T17:30:00Z,41.025,41.08,40.51,40.68,297305,388822.25,42.18113501487374,42.30774999999999,43.61749988070508,40.9980001192949,42.50524249999994,41.41600000000007,26.726975053579167,5.207127549458376,7.1408338794573005
2015-09-28T18:30:00Z,40.68,40.79,40.38,40.38,359611,382051.35,42.09327477024575,42.17524999999999,43.6865854194245,40.66391458057548,42.438992499999934,41.04200000000007,24.48057488747814,3.418509663279528,4.41642815216469
2015-09-28T19:30:00Z,40.37,40.8,40.36,40.53,510037,387192.6,42.0170174643801,42.07224999999999,43.73015975327586,40.414340246724116,42.37099249999993,40.79600000000007,27.750421062352544,3.944713478611772,4.19011689711667
2015-09-29T13:30:00Z,40.6,40.93,39.98,40.83,1057164,414727.7,41.959114173434735,42.01499999999999,43.759219022946176,40.27078097705381,42.311867499999934,40.688000000000066,33.91347855301852,10.830757204278138,6.064660115389923
2015-09-29T14:30:00Z,40.83,40.89,40.015,40.13,246652,411745.8,41.86988909180377,41.91249999999999,43.83746103856904,39.987538961430936,42.24136749999993,40.51000000000007,27.927281261186977,12.403084248303356,9.059518310397866
2015-09-29T15:30:00Z,40.14,40.24,39.84,39.87,180047,407085.55,41.772333526349925,41.800499999999985,43.917540150779004,39.68345984922097,42.16511749999994,40.34800000000007,26.085500812994937,10.783385112778127,11.339075521786652
2015-09-29T16:30:00Z,39.88,39.89,39.4,39.66,354082,411183.3,41.669292866527975,41.669,43.96706788411623,39.37093211588376,42.08574249999993,40.20400000000008,24.670311739120365,4.178496402309296,9.121655254463704
2015-09-29T17:30:00Z,39.66,40.23,39.5,39.69,727969,417600,41.572741994990025,41.532,43.9555313078247,39.10846869217529,42.007492499999934,40.03600000000007,25.29384313602101,5.383947136061845,6.7819428837165345
2015-09-29T18:30:00Z,39.67,39.73,39,39.05,425832,416169.95,41.44968140986856,41.35849999999999,43.96424960424186,38.75275039575813,41.92074249999993,39.68000000000007,21.2523447373879,5.512295581389583,5.024913039920353
2015-09-29T19:30:00Z,39.05,39.62,39.04,39.55,677384,428941.85,41.35701402402131,41.19299999999999,43.816662325834834,38.56933767416515,41.85524249999993,39.56400000000007,30.58406064780327,8.17571405954599,6.3573189256659175
2015-09-30T13:30:00Z,40.07,40.28,39.7,39.925,551259,432046.8,41.28715968138612,41.040249999999986,43.584491488146625,38.49600851185335,41.804367499999934,39.575000000000074,36.64768532069203,14.88511576894768,9.524375136627862
2015-09-30T14:30:00Z,39.92,39.92,39.1,39.3,545584,450029.45,41.19022506278192,40.85524999999999,43.339970255885305,38.37052974411468,41.73711749999994,39.50300000000007,31.680616634840803,18.065670807591953,13.708833545361985
2015-09-30T15:30:00Z,39.3,39.39,39.21,39.305,305900,455292.7,41.09826286459744,40.665499999999994,43.01128110658396,38.31971889341603,41.66399999999994,39.426000000000066,31.76029958369581,17.422976709573547,16.791254428704505
2015-09-30T16:30:00Z,39.3,39.47,39.1,39.21,350687,457392.35,41.00615248095854,40.49299999999999,42.731694708978274,38.2543052910217,41.58499999999994,39.45800000000007,31.020009934902845,11.30118183777872,15.596609784981519
2015-09-30T17:30:00Z,39.2,39.44,39.175,39.42,436087,456065.5,40.92877918920446,40.33149999999999,42.38263651422976,38.28036348577022,41.51199999999994,39.43200000000007,34.64634034090176,14.944959544892386,14.556372697414995
2015-09-30T18:30:00Z,39.43,39.62,39.27,39.615,383327,439275.3,40.86469239948717,40.177249999999994,41.9358587541026,38.41864124589739,41.427624999999935,39.370000000000076,37.910435830487096,21.241032283778434,15.829057888816626
2015-09-30T19:30:00Z,39.62,39.82,39.61,39.79,517672,448403.15,40.81226837999999,40.05424999999999,41.538474629228,38.57002537077198,41.34962499999994,39.46800000000007,40.76951607611932,31.519861830742666,22.568617886471273
2015-10-01T13:30:00Z,39.95,40.64,39.5,40.29,706622,466813.5,40.78679187365853,39.980749999999986,41.249809789769024,38.71169021023095,41.280624999999944,39.66500000000007,48.12012464439387,47.01729857170267,33.2593975620747
2015-10-01T14:30:00Z,40.31,40.35,39.82,39.88,364849,466386.5,40.74255812372397,39.90624999999999,41.00367368755428,38.8088263124457,41.20774999999994,39.79900000000007,43.3674267921884,54.28171577546021,44.27295872596863
2015-10-01T15:30:00Z,39.87,39.89,39.52,39.6901,156661,457736.55,40.6912187030545,39.83975499999999,40.81336106094428,38.8661489390557,41.12775249999994,39.85302000000007,41.331239678037754,54.66392437733901,51.98764624150075
2015-10-01T16:30:00Z,39.7,39.82,39.51,39.51,129780,449360.3,40.63359827851526,39.78125499999999,40.68389839686774,38.878611603132235,41.04450249999994,39.83202000000007,39.439926040911104,42.27845528455283,50.408031812450794
2015-10-01T17:30:00Z,39.51,39.81,39.51,39.76,234635,443111.5,40.59098372834378,39.75025499999999,40.610087740658756,38.89042225934122,40.96275249999994,39.82602000000007,43.3173747191892,39.839430894308826,45.593936852066996
2015-10-01T18:30:00Z,39.76,40.02,39.7,39.98,252585,430238.9,40.561179644034326,39.722754999999985,40.51347836623398,38.93203163376599,40.89750249999994,39.764020000000066,46.55997678466225,45.396341463414444,42.50474254742548
2015-10-01T19:30:00Z,39.98,40.2,39.925,40.13,345075,394634.45,40.5401464906668,39.68775499999998,40.32675018144535,39.048759818554615,40.85137749999994,39.81402000000007,48.71421614996824,57.32486009925023,47.52021081899128
2015-10-02T13:30:00Z,39.78,39.91,38.2,38.59,1225800,443591.85,40.4450173935611,39.61075499999998,40.3765852174181,38.84492478258186,40.76162749999994,39.594000000000065,33.695964991859384,47.20557448016459,49.975592014276536
2015-10-02T14:30:00Z,38.59,39.55,38.52,39.44,570484,463113.7,40.3959921548508,39.58925499999999,40.348884371409916,38.82962562859006,40.69487749999994,39.58000000000007,43.96452589368458,44.56213185721378,49.69752214554298
2015-10-02T15:30:00Z,39.45,39.82,39.26,39.81,242881,457553.65,40.36740717168735,39.59675499999999,40.36197162417213,38.83153837582785,40.63287749999994,39.590000000000074,47.757346759275976,44.262295081967146,45.34333380644862
2015-10-02T16:30:00Z,39.81,40.27,39.68,40.16,493678,445839.1,40.357289748678205,39.62025499999998,40.423409743441205,38.81710025655875,40.57612749999994,39.62600000000007,51.12724731415227,65.71038251366106,51.511603150947444
2015-10-02T17:30:00Z,40.15,40.42,40.09,40.39,657646,457429.8,40.358885370693905,39.68725499999998,40.512218551868784,38.862291448131174,40.52287749999995,39.67800000000007,53.26086689296359,78.68852459016384,62.887067395264125
2015-10-02T18:30:00Z,40.39,40.59,40.06,40.58,726342,459877.7,40.36967145017225,39.73875499999998,40.64737307263034,38.83013692736963,40.46587749999994,40.076000000000064,55.0082708702904,89.2076502732239,77.86885245901638
2015-10-02T19:30:00Z,40.58,40.72,40.5,40.68,385839,451606.7,40.38480942821263,39.77650499999997,40.77156155211895,38.78144844788099,40.40837749999994,40.32400000000007,55.941889727147085,95.23592679330376,87.71070055223062
2015-10-05T13:30:00Z,40.87,41.49,40.76,41.32,573050,452980,40.43042848049494,39.87750499999998,41.05240818831459,38.70260181168537,40.36637749999994,40.626000000000076,61.454699686636786,96.92883625565862,93.79080444072888
2015-10-05T14:30:00Z,41.3136,41.325,40.71,40.72,288224,452096.2,40.444553920470796,39.948254999999975,41.146913592724964,38.749596407274986,40.30687749999994,40.73800000000008,54.56194307038816,89.94708994708986,94.03728433201752
2015-10-05T15:30:00Z,40.73,40.96,40.65,40.85,217182,445420.95,40.464331778008805,40.03025499999998,41.24001164573958,38.82049835426039,40.261627499999946,40.83000000000008,55.7207598833308,83.9918946301924,90.2892736109804
2015-10-05T16:30:00Z,40.86,41.05,40.83,40.97,98218,428527.5,40.48899852054496,40.10775499999998,41.34937814810506,38.866131851894906,40.21962749999995,40.90800000000007,56.81558475922987,80.44579533941224,84.79492663889827
2015-10-05T17:30:00Z,40.96,41.045,40.905,41.005,133382,416030.25,40.51416932442081,40.17725499999998,41.45583048150734,38.89867951849262,40.17725249999995,40.97300000000008,57.1483846513859,83.33333333333326,82.59034110097942
2015-10-05T18:30:00Z,41.011,41.03,40.85,40.9899,207768,400535.05,40.53737569883931,40.237249999999975,41.54966866567536,38.92483133432459,40.14574999999995,40.906980000000075,56.94449206101289,84.75075987841934,82.84329618372172
2015-10-05T19:30:00Z,40.98,41,40.89,40.93,442612,387334.55,40.55652810377398,40.26924999999998,41.61601306528381,38.92248693471615,40.12499999999995,40.94898000000008,56.089593986299704,84.34549138804448,84.14319486659913
2015-10-06T13:30:00Z,41,41.38,40.56,40.57,463632,392273.7,40.55718526944354,40.30374999999998,41.64419647562389,38.963303524376066,40.10499999999995,40.89298000000008,51.12215928890387,78.93389484169613,82.67671536938677
2015-10-06T14:30:00Z,40.58,40.8,40.51,40.7,214424,395161.85,40.56415184166581,40.35424499999998,41.67435382957156,39.0341361704284,40.09699999999995,40.838980000000085,52.74951204197561,72.19209448640476,78.49049357204855
2015-10-06T15:30:00Z,40.7,40.71,40.4,40.59,319773,404661.5,40.56541272743821,40.40824499999998,41.67299378213484,39.14349621786512,40.09474999999995,40.75598000000008,51.196259964563126,61.29126771629394,70.80575234813172
2015-10-06T16:30:00Z,40.6,40.73,40.455,40.62,197782,402818.85,40.56807552122171,40.45124499999998,41.68295811672473,39.21953188327523,40.100749999999955,40.68200000000008,51.61471619860379,51.337024428717235,61.60679554380541
2015-10-06T17:30:00Z,40.62,40.85,40.59,40.8,195974,399988.3,40.5793889104304,40.492244999999976,41.71302542330009,39.27146457669986,40.107499999999945,40.65600000000008,54.15468195109921,47.06177800100429,53.23002338200525
2015-10-06T18:30:00Z,40.805,40.815,40.46,40.47,553606,410414.85,40.574052866019166,40.50924499999998,41.718791825018535,39.29969817498142,40.09849999999995,40.636000000000074,49.06901382614028,32.44370308590466,43.61416850520882
2015-10-06T19:30:00Z,40.48,40.76,40.48,40.61,453472,371798.45,40.57580638474994,40.61024499999998,41.439419023900335,39.78107097609962,40.11049999999995,40.61800000000007,51.164322462527316,25.81210838091557,35.1058631559416
2015-10-07T13:30:00Z,40.81,40.99,40.215,40.23,480940,367321.25,40.55893778061579,40.649744999999974,41.310283524169826,39.98920647583012,40.119499999999945,40.54600000000007,45.67199814305327,8.991875680854475,22.415895715891665
2015-10-07T14:30:00Z,40.24,40.36,39.695,39.695,485279,379441.15,40.51679447424429,40.643994999999975,41.334974132762234,39.95301586723772,40.12037499999995,40.36100000000007,39.279004305508714,6.8512028979798565,13.885062319916733
2015-10-07T15:30:00Z,39.7,40.25,39.64,40.115,299640,369739.25,40.49719474379335,40.64174499999997,41.33927551683336,39.94421448316658,40.13099999999995,40.22400000000007,45.70438973371615,9.528801407593562,8.457293328809397
2015-10-07T16:30:00Z,40.115,40.25,40.115,40.2475,207913,347252.6,40.485014512388794,40.63461999999997,41.34508215551245,39.92415784448749,40.160937499999946,40.179500000000075,47.58863336060542,20.737547892720304,12.37251739943134
2015-10-07T17:30:00Z,40.25,40.44,40.2199,40.245,357598,328815.4,40.47330648739422,40.61786999999997,41.348211224645375,39.88752877535456,40.17831249999995,40.106500000000075,47.555099909722486,32.32758620689648,20.864645169070215
2015-10-07T18:30:00Z,40.25,40.365,40.17,40.22,462558,332651.35,40.46095007337499,40.59486999999997,41.34465022407591,39.84508977592403,40.18568749999995,40.10450000000007,47.19694280816923,34.339080459769974,29.134738186462346
2015-10-07T19:30:00Z,40.23,40.36,40.2,40.36,621598,335078.75,40.45602567955182,40.54686999999997,41.22423582761061,39.86950417238933,40.21218749999995,40.23750000000007,49.4910692650174,36.49425287356302,34.38697318007659
2015-10-08T13:30:00Z,40.36,40.36,40.035,40.17,221464,331740.75,40.44207320737856,40.519369999999974,41.21089792019843,39.82784207980152,40.23381249999996,40.24850000000007,46.53606449225745,37.99063431247328,36.27465588193552
2015-10-08T14:30:00Z,40.185,40.29,39.72,39.74,258998,333831.55,40.4078257338479,40.46386999999997,41.21587408537084,39.7118659146291,40.247062499999956,40.14700000000007,40.62430411466472,29.348659003831386,34.61118206328933
2015-10-08T15:30:00Z,39.75,39.96,39.7,39.75,174171,337629.2,40.3757366736602,40.40286999999998,41.17831484292066,39.627425157079294,40.25531249999995,40.04800000000007,40.812613757297214,18.27160493827159,28.53696608485885
2015-10-08T16:30:00Z,39.75,39.8,39.39,39.395,330647,347492.45,40.327895860310925,40.32236999999998,41.162633044773436,39.48210695522652,40.24981249999995,39.883000000000074,36.39925368027601,5.28935185185188,17.636538597985048
2015-10-08T17:30:00Z,39.4,39.75,39.35,39.56,575878,365897.95,40.29043752566161,40.25087499999997,41.09510138404328,39.40664861595666,40.24406249999995,39.72300000000008,39.66501496945993,7.088508732309559,10.21648850747777
2015-10-08T18:30:00Z,39.565,39.74,39.385,39.43,661982,376866.45,40.248464963434216,40.17587499999998,41.03187919830272,39.319870801697235,40.22256249999995,39.575000000000074,38.009042012987074,5.998475609756092,6.125445397972604
2015-10-08T19:30:00Z,39.435,39.63,39.43,39.565,774653,392417.5,40.21512520912035,40.12562499999998,41.000959043386295,39.25029095661366,40.214687499999954,39.54000000000008,40.77427119105633,10.264227642276287,7.783737328114074
2015-10-09T13:30:00Z,39.45,39.96,39.45,39.77,305550,396973.8,40.19341178428521,40.079124999999976,40.925808640749366,39.232441359250586,40.216684999999956,39.54400000000008,44.800882365466755,18.839971656597246,11.700891636209969
2015-10-09T14:30:00Z,39.76,39.88,39.65,39.88,304474,396208.85,40.17812340456398,40.04362499999998,40.86067070711341,39.22657929288655,40.22593499999996,39.641000000000076,46.88753078435049,33.42190646677116,20.84203525521499
2015-10-09T15:30:00Z,39.875,39.875,39.63,39.69,130902,392864.85,40.15431250678037,39.997124999999976,40.78292598467252,39.211324015327435,40.224184999999956,39.66700000000007,43.807127876237246,39.44954128440374,30.570473135924146
2015-10-09T16:30:00Z,39.69,39.72,39.57,39.58,140532,390092.75,40.12629726254718,39.936124999999976,40.64920016259668,39.22304983740327,40.21418499999996,39.69700000000008,42.083338821901144,33.63914373088675,35.503530494020644
2015-10-09T17:30:00Z,39.58,39.67,39.54,39.63,182590,371541.95,40.10208763998391,39.894124999999974,40.57468226247891,39.21356773752104,40.201684999999955,39.71000000000008,43.17784703712836,26.626594959400876,33.23842665823055
2015-10-09T18:30:00Z,39.625,39.77,39.59,39.66,420746,369905.65,40.080522389252984,39.846624999999975,40.44878833956158,39.24446166043837,40.228434999999955,39.68800000000008,43.86333222010874,26.460064544891477,28.90860107839313
2015-10-09T19:30:00Z,39.66,39.69,39.57,39.615,419343,366825.8,40.05781398002113,39.81587499999998,40.39910153189949,39.232648468100464,40.23280999999996,39.63500000000008,43.02488439713751,28.172299988619443,27.08631983097069
2015-10-12T13:30:00Z,39.66,39.95,39.52,39.95,118464,348485.05,40.05255476148351,39.828624999999974,40.41187339263555,39.2453766073644,40.23630999999996,39.68700000000008,50.59590374543892,40.25349343444979,31.628619322653662
2015-10-12T14:30:00Z,39.95,40.19,39.82,40.19,129493,339977.7,40.059259407264804,39.83237499999997,40.423846628663185,39.240903371336756,40.237059999999964,39.809000000000076,55.189953109140134,63.355803665473026,43.92719902951418
2015-10-12T15:30:00Z,40.2,40.44,40.14,40.31,131535,336158.8,40.07149065569091,39.835499999999975,40.436298635161094,39.234701364838855,40.23505999999996,39.94500000000008,57.32665564890104,83.967727243152,62.52567478102503
2015-10-12T16:30:00Z,40.32,40.38,40.26,40.35,72262,321892,40.085076477364524,39.84074999999997,40.45739637355042,39.224103626449526,40.22930999999996,40.083000000000084,58.04480998798929,93.27217125382282,80.1985673874827
2015-10-12T17:30:00Z,40.35,40.53,40.32,40.5,140860,305807.1,40.105316649200404,39.85474999999998,40.51628212318857,39.193217876811396,40.22480999999996,40.26000000000008,60.71477922657469,92.39880880840794,89.87956910179435
2015-10-12T18:30:00Z,40.51,40.52,40.44,40.49,195575,284505.95,40.12408169070282,39.86124999999997,40.54470354634722,39.17779645365272,40.204059999999956,40.36800000000008,60.43863963994438,95.16222276448235,93.61106760890446
2015-10-12T19:30:00Z,40.49,40.57,40.49,40.5,219950,284430.25,40.14241916920513,39.87774999999998,40.6047677095578,39.15073229044216,40.19855999999996,40.43000000000008,60.63146678349083,95.83118300913054,94.46407152734037
2015-10-13T13:30:00Z,40.61,40.61,40.05,40.375,291008,286030.75,40.15376457558536,39.90949999999997,40.664601979875606,39.15439802012434,40.18668499999996,40.44300000000008,56.898190733803034,89.51800111203777,93.50380229521697
2015-10-13T14:30:00Z,40.375,40.61,40.375,40.48,235427,289093.55,40.16967849872754,39.94599999999998,40.73647833620615,39.155521663793806,40.17443499999996,40.46900000000008,59.172297946584415,86.75458715596316,90.70125709237725
2015-10-13T15:30:00Z,40.47,40.5401,40.41,40.445,121328,278627.6,40.18310881586278,39.99849999999998,40.77497343805879,39.22202656194117,40.160434999999964,40.45800000000008,58.072409327888906,83.79204892966348,86.68821239922157
2015-10-13T16:30:00Z,40.44,40.455,40.29,40.31,86451,254156.25,40.18929862972313,40.03599999999998,40.79641830594165,39.27558169405831,40.14343749999996,40.42200000000008,53.90995350250563,81.80428134556568,84.11697247706421
2015-10-13T17:30:00Z,40.32,40.37,40.21,40.21,119967,227055.5,40.190308452663466,40.074999999999974,40.78546463670791,39.36453536329204,40.12543749999996,40.364000000000075,50.99419565112618,73.54740061162082,79.71457696228343
2015-10-13T18:30:00Z,40.21,40.34,40.17,40.17,187258,197685.75,40.18931779643598,40.10524999999997,40.77672952315363,39.43377047684631,40.115437499999956,40.32300000000008,49.83315988762288,65.13761467889911,73.49643221202864
2015-10-13T19:30:00Z,40.18,40.235,40.1,40.18,483874,206601.95,40.18886326978057,40.12574999999997,40.779846896502974,39.47165310349696,40.10243749999996,40.26300000000008,50.13880134256811,61.16207951070331,66.61569826707449
2015-10-14T13:30:00Z,40.09,40.18,39.29,39.46,471382,214947.35,40.15330896393761,40.104749999999974,40.813724435374084,39.395775564625865,40.07418749999995,40.06600000000009,34.05236181510851,44.354091372439974,56.88459518734754
2015-10-14T14:30:00Z,39.48,39.6,39.2,39.31,329087,224856.6,40.11217194130651,40.08574999999997,40.855894629283995,39.31560537071594,40.04143749999995,39.866000000000085,31.765769155223325,27.076888344700123,44.19768640928121
2015-10-14T15:30:00Z,39.3,39.36,39.136,39.345,256851,230672.55,40.07474891977936,40.07399999999997,40.880942377133834,39.267057622866105,40.00506249999995,39.69300000000008,32.89800901736379,11.619770265371955,27.683583327504106
2015-10-14T16:30:00Z,39.35,39.65,39.35,39.53,117324,227409.25,40.048175801741344,40.06899999999997,40.888033576854596,39.24996642314534,39.98156249999995,39.56500000000009,38.68912206454109,16.23683644960226,18.311165019891533
2015-10-14T17:30:00Z,39.53,39.64,39.5,39.54,210583,216901.1,40.02338673824177,40.06299999999997,40.89557672320042,39.23042327679951,39.95481249999995,39.43700000000008,38.995601079976495,22.772501130709884,16.876369281894785
2015-10-14T18:30:00Z,39.55,39.605,39.46,39.48,473625,219615.2,39.996880068083634,40.05624999999996,40.90527223175648,39.20722776824345,39.93606249999995,39.44100000000009,37.77546311674461,25.825418362731558,21.61158531434799
2015-10-14T19:30:00Z,39.49,39.545,39.37,39.51,867831,257083.55,39.973129820860045,40.034249999999965,40.915341794319,39.15315820568093,39.931437499999944,39.48100000000009,38.80645120737844,25.373134328357896,24.657017940599868
2015-10-15T13:30:00Z,39.67,39.81,39.3,39.34,256339,263425.85,39.94224543935468,39.99174999999997,40.91945833240539,39.064041667594545,39.91206249999995,39.48000000000009,35.24295246571462,20.850293984622116,24.016282225237276
2015-10-15T14:30:00Z,39.33,39.63,39.22,39.63,555353,284616.75,39.92701395450811,39.95774999999997,40.886154410811045,39.02934558918889,39.89662499999994,39.500000000000085,44.59037089290775,24.798568358845348,23.67399889060854
2015-10-15T15:30:00Z,39.62,39.76,39.275,39.64,629509,312479.1,39.9130132738004,39.92224999999997,40.842203667318785,39.002296332681155,39.881499999999946,39.52000000000009,44.885801052544515,29.07777882659764,24.90888039002179
2015-10-15T16:30:00Z,39.65,39.715,39.58,39.655,102787,310575.45,39.90042726044428,39.879999999999974,40.766961104002455,38.99303889599749,39.867374999999946,39.555000000000085,45.35643640062406,38.48393062250245,30.78675926931523
2015-10-15T17:30:00Z,39.65,39.86,39.6,39.82,113238,306458.6,39.896503979447,39.84649999999997,40.688230954649,39.00476904535094,39.853874999999945,39.61700000000009,50.376254209857414,45.69324793346553,37.7516524608553
2015-10-15T18:30:00Z,39.81,40.03,39.77,40,209973,305959.75,39.901552565815436,39.82149999999997,40.61226608425841,39.030733915741536,39.849624999999946,39.749000000000095,55.2101953029803,59.16196751519294,47.779715357053725
2015-10-15T19:30:00Z,40,40,39.865,39.93,389978,310908.25,39.90294024553176,39.79924999999997,40.55052408448033,39.047975915519615,39.85437499999995,39.80900000000009,53.046104280729715,70.49373185092527,58.44964909986134
2015-10-16T13:30:00Z,40.38,40.97,40.2,40.8,549754,326624.6,39.94669925794484,39.81524999999997,40.634398796014956,38.996101203984985,39.880624999999945,40.04100000000009,69.20330811458008,81.80040257531306,70.48536731381051
2015-10-16T14:30:00Z,40.81,40.94,40.715,40.77,225469,331831.65,39.98686026975241,39.83149999999997,40.71067063191042,38.95232936808952,39.91499999999995,40.26400000000009,68.3301485349788,85.29305261340004,79.19572901321288
2015-10-16T15:30:00Z,40.78,40.8,40.44,40.48,214231,338220.65,40.010915866349855,39.83999999999997,40.74053872765869,38.93946127234125,39.937999999999946,40.396000000000086,60.397032686683374,83.94183933115227,83.67843150662186
2015-10-16T16:30:00Z,40.475,40.485,40.29,40.4,157203,340082.45,40.02989558018645,39.84949999999996,40.769254858653035,38.92974514134689,39.96224999999994,40.476000000000084,58.38332275371164,76.17448200654307,81.8031246503652
2015-10-16T17:30:00Z,40.3999,40.54,40.33,40.44,362943,348866.7,40.04990067383589,39.86299999999997,40.808734635092215,38.91726536490773,39.98412499999994,40.57800000000009,59.117288330389165,69.71428571428561,76.6102023506604
2015-10-16T18:30:00Z,40.44,40.47,40.365,40.41,218312,335588.6,40.067466494624384,39.87449999999997,40.84074479300681,38.908255206993125,40.00012499999994,40.500000000000085,58.28700564512277,68.38095238095228,71.42324003392707
2015-10-16T19:30:00Z,40.41,40.53,40.41,40.52,376933,330866.15,40.089541299764655,39.92749999999997,40.91307851032519,38.94192148967474,40.016124999999946,40.45000000000009,60.47879000044159,70.66666666666664,69.58730158730158
2015-10-19T13:30:00Z,40.51,41.5,40.42,41.3,586600,343741.8,40.148588065629795,40.02699999999997,41.13706936720781,38.91693063279214,40.05637499999994,40.61400000000009,71.79570967598124,77.83792815371758,72.29518240044557
2015-10-19T14:30:00Z,41.3,41.3,41.07,41.14,150618,338430.15,40.19694962340395,40.11674999999997,41.28069276062643,38.952807239373506,40.09537499999994,40.762000000000086,67.5243284197311,83.11133639341801,77.20531040460082
2015-10-19T15:30:00Z,41.14,41.16,40.84,40.93,164723,340800.1,40.23270817835986,40.186749999999975,41.36936690754522,39.00413309245473,40.12787499999994,40.860000000000085,62.286538934746346,81.78693163151318,80.91206539288301
2015-10-19T16:30:00Z,40.93,41.25,40.92,41.14,248966,342719.25,40.27696631600084,40.266749999999966,41.47962375683343,39.0538762431665,40.16487499999994,41.006000000000085,65.19407820625153,78.39511876601614,81.09779559698252
2015-10-19T17:30:00Z,41.13,41.29,41.08,41.09,272543,332665.15,40.316626495708114,40.34724999999997,41.554268951804254,39.14023104819568,40.20174999999994,41.12000000000008,63.93029865190765,75.88856987120984,78.69020675624647
2015-10-19T18:30:00Z,41.1,41.375,41.09,41.31,432643,310905.75,40.365083739819916,40.43724999999996,41.649551427045466,39.22494857295446,40.23574999999994,41.122000000000085,66.96473691173362,81.910804835532,78.73149782425276
2015-10-19T19:30:00Z,41.31,41.41,41.14,41.21,523798,324278.7,40.406299167145775,40.53074999999997,41.676761670976035,39.384738329023904,40.26124999999994,41.13600000000008,64.31612907463301,80.79069687331878,79.53002386002031
2015-10-20T13:30:00Z,41.23,41.65,40.73,40.86,557286,324375.35,40.42843091508988,40.592249999999964,41.6681797142542,39.51632028574573,40.274999999999935,41.122000000000085,55.97176536794454,69.32775909705215,77.34308693530106
2015-10-20T14:30:00Z,40.86,42.06,40.68,40.69,620015,323900.65,40.441190382646475,40.64474999999996,41.6281902625566,39.66130973744332,40.28349999999993,41.03200000000008,52.41469888083027,47.40098081822902,65.83981226286674
2015-10-20T15:30:00Z,40.69,40.89,40.04,40.15,600915,348807.05,40.42698597373689,40.66949999999996,41.5737892236553,39.76521077634462,40.27474999999994,40.84400000000008,43.054748322292674,23.318726438944918,46.68248878474211
2015-10-20T16:30:00Z,40.16,40.37,40.08,40.23,162806,351285.45,40.417376901847284,40.68999999999996,41.53282857095399,39.847171429045936,40.26824999999994,40.62800000000008,44.63220908771365,12.48345173500388,27.734386330726025
2015-10-20T17:30:00Z,40.22,40.345,40.12,40.33,474345,364504.05,40.413114613952295,40.70649999999996,41.50648187480462,39.906518125195305,40.26399999999994,40.452000000000076,46.62266530964015,9.735973597359626,15.179383923769564
2015-10-20T18:30:00Z,40.33,40.77,40.325,40.71,370207,363515.5,40.427596827905845,40.745499999999964,41.461948881648645,40.02905111835128,40.27237499999993,40.422000000000075,53.46828507185084,18.97689768976889,13.732107674044222
2015-10-20T19:30:00Z,40.72,40.79,40.62,40.72,357168,353886.2,40.441860397276294,40.74149999999997,41.45758030276996,40.02541969722997,40.27837499999993,40.428000000000075,53.636796906787694,27.062706270626993,18.591859185918594
2015-10-21T13:30:00Z,40.89,41.03,40.63,40.74,307855,358005.5,40.456403792531106,40.73999999999997,41.45596089279753,40.024039107202405,40.28574999999993,40.54600000000008,53.99563215360738,33.82838283828381,26.622662266226655
2015-10-21T14:30:00Z,40.76,41.15,40.68,41.15,354559,365021.9,40.49023775387105,40.77349999999997,41.500281260087476,40.046718739912464,40.30674999999993,40.730000000000075,60.70916959046438,41.08910891089102,33.99339933993403
2015-10-21T15:30:00Z,41.15,41.24,40.74,40.86,550863,384704.9,40.50827493660905,40.796499999999966,41.50338825143399,40.08961174856594,40.32299999999994,40.83600000000008,54.63581550286827,43.39933993399334,39.438943894389475
2015-10-21T16:30:00Z,40.87,40.87,40.145,40.22,283865,380751,40.494212744579336,40.78549999999996,41.52052312889912,40.050476871100805,40.324249999999935,40.73800000000007,44.14083739593466,34.818481848184724,39.76897689768978
2015-10-21T17:30:00Z,40.22,40.375,39.84,40.03,483859,394028.35,40.47156822045351,40.766499999999965,41.55692456946694,39.97607543053299,40.32049999999993,40.60000000000007,41.58685169674623,19.354503017869263,32.52410826668253
2015-10-21T18:30:00Z,40.03,40.25,39.9,39.915,361449,393254.15,40.444418551163096,40.73624999999996,41.60456373939231,39.867936260607614,40.33187499999993,40.43500000000007,40.07543216436782,6.949276008681807,20.374086958245353
2015-10-21T19:30:00Z,39.91,40.36,39.875,40.22,837515,405799.9,40.43347130476489,40.68224999999997,41.5378461372132,39.826653862786735,40.35462499999993,40.24900000000007,45.71088043513862,9.684684684684486,11.99615457041194
2015-10-22T13:30:00Z,40.22,40.83,39.9,40.58,466782,421608.1,40.440619045995874,40.65424999999996,41.48436610634778,39.824133893652146,40.38549999999993,40.19300000000008,51.50762730399275,17.942942942942707,11.525634545436423
2015-10-22T14:30:00Z,40.58,40.75,40.45,40.45,165844,421664.15,40.44107665350827,40.63024999999996,41.454825496857325,39.8056745031426,40.40849999999993,40.239000000000075,49.45410502343846,31.34062634062617,19.656084656084545
2015-10-22T15:30:00Z,40.46,40.71,40.34,40.61,218190,420125.35,40.44931681675177,40.60374999999996,41.39446407602075,39.81303592397917,40.43524999999993,40.355000000000075,51.99105193130068,43.968253968253784,31.083941083940974
2015-10-22T16:30:00Z,40.61,40.66,40.42,40.42,329580,422977.2,40.44788672812973,40.57024999999996,41.33196172369752,39.8085382763024,40.45874999999994,40.456000000000074,48.85520653311653,46.66666666666652,40.658515658515576
2015-10-22T17:30:00Z,40.42,40.47,40.1825,40.37,201140,411402.05,40.44408737553804,40.523249999999955,41.20877370492924,39.83772629507067,40.480249999999934,40.486000000000075,48.034142241052685,44.761904761904496,45.132275132275026
2015-10-22T18:30:00Z,40.37,40.65,40.34,40.51,300813,400252.8,40.447302625511796,40.48824999999996,41.097144695344866,39.87935530465505,40.50949999999993,40.47200000000007,50.54058615748063,42.380952380952074,44.603174603174445
2015-10-22T19:30:00Z,40.52,40.5599,40.38,40.45,433437,394060.35,40.447434204755126,40.46774999999995,41.05232227955233,39.88317772044758,40.52999999999994,40.47200000000008,49.43999453351708,43.09523809523782,43.41269841269821
2015-10-23T13:30:00Z,40.91,41.18,40.37,40.88,548824,390500.8,40.468534975254876,40.477249999999955,41.08179507691202,39.87270492308789,40.560999999999936,40.52600000000008,56.71488405771035,55.2380952380951,46.904761904761756
2015-10-23T14:30:00Z,40.8872,41.475,40.88,41.375,711495,396029.8,40.512752781340005,40.53849999999996,41.2386721217097,39.838327878290215,40.60399999999994,40.71700000000008,63.26719898856733,70.58031163535745,56.30454832289687
2015-10-23T15:30:00Z,41.375,41.48,41.21,41.26,540403,414909.65,40.54920386517708,40.589999999999954,41.34147188904089,39.83852811095902,40.63999999999994,40.895000000000074,60.95849763365489,84.9182907294341,70.24556586762897
2015-10-23T16:30:00Z,41.26,41.5,41.235,41.425,373007,409842.75,40.59192562785137,40.64474999999995,41.46854897427698,39.82095102572293,40.67562499999994,41.078000000000074,63.042337910423214,91.98369520447709,82.4940991897563
2015-10-23T17:30:00Z,41.42,41.495,41.25,41.28,188210,400742.9,40.62549023137081,40.67324999999995,41.54230278897206,39.80419721102785,40.70937499999994,41.24400000000007,60.01097900000249,89.50961067534672,88.80386553641938
2015-10-23T18:30:00Z,41.29,41.485,41.28,41.375,201037,392936.35,40.662051683499065,40.705999999999946,41.62742064228166,39.78457935771823,40.72374999999994,41.343000000000075,61.32316752282456,91.4170528266913,90.97011956883846
2015-10-23T19:30:00Z,41.375,41.3799,41.245,41.27,466303,400858.75,40.69170769893814,40.73249999999995,41.6862269001244,39.7787730998755,40.73624999999994,41.322000000000074,59.018062137704945,88.13141025641032,89.68602458614953
2015-10-26T13:30:00Z,41.25,41.55,40.93,41.51,583448,412303.2,40.73162439655091,40.750499999999946,41.74766548276727,39.753334517232624,40.76199999999994,41.37200000000007,62.488887604332795,91.66921553461778,90.40589287257323
2015-10-26T14:30:00Z,41.5099,41.67,41.46,41.63,349271,402223.6,40.77544759671916,40.788999999999945,41.857043070303966,39.72095692969592,40.79274999999994,41.413000000000075,64.12490541493597,93.336959555303,91.04586178211044
2015-10-26T15:30:00Z,41.63,41.7,41.535,41.655,273233,401692,40.818352592001155,40.86074999999995,41.95864013567878,39.76285986432113,40.82312499999993,41.48800000000007,64.47255007743263,97.14015834717549,94.04877781236551
2015-10-26T16:30:00Z,41.65,41.7,41.38,41.61,344943,394746.2,40.856969538732805,40.93974999999995,42.01429397305232,39.865206026947575,40.853124999999935,41.53500000000007,63.28379545748887,96.13823783220032,95.53845191155968
2015-10-26T17:30:00Z,41.61,41.64,41.23,41.3,413979,397372.7,40.87858078074584,41.00899999999994,41.98439530449189,40.033604695508,40.872624999999935,41.54100000000007,55.66890111834542,87.23067480699005,93.50302366212203
2015-10-26T18:30:00Z,41.3,41.55,41.28,41.55,533879,382190.9,40.91133293778263,41.07549999999995,42.00702509360881,40.14397490639109,40.87887499999994,41.54900000000008,59.86335504598886,84.45974418554341,89.27621894157801
2015-10-26T19:30:00Z,41.55,41.7,41.2975,41.37,1131774,415440.5,40.93370694081762,41.114999999999945,42.02590065321339,40.2040993467865,40.884624999999936,41.49700000000007,55.77170894038216,78.1660032434022,83.2854740786453
2015-10-27T13:30:00Z,41.11,41.73,38.74,38.96,2177087,516002.65,40.83742855346066,41.040499999999945,42.32420518423231,39.75679481576758,40.835374999999935,40.95800000000007,28.08919509446345,57.08921132262065,73.2383195838555
2015-10-27T14:30:00Z,38.95,40.58,38.95,39.67,1095037,559845,40.78048081914551,40.99349999999995,42.39978979944456,39.58721020055533,40.79862499999994,40.570000000000064,37.87280852243855,37.88316946211669,57.71279467604659
2015-10-27T15:30:00Z,39.65,39.67,38.06,38.54,1649407,625836.35,40.67118907187012,40.89949999999995,42.65462364237487,39.14437635762502,40.73487499999993,40.01800000000007,30.711251861421786,17.18018584503591,37.38418887659116
2015-10-27T16:30:00Z,38.54,38.81,38.295,38.66,1266794,679119.05,40.57308228787645,40.81399999999995,42.81355395026553,38.81444604973437,40.668624999999935,39.44000000000007,32.17794199358306,20.177157281765638,25.080170862972825
2015-10-27T17:30:00Z,38.65,38.95,38.35,38.76,1291811,728668.95,40.484639249443454,40.726499999999945,42.91576722901145,38.53723277098844,40.607374999999934,38.91800000000006,33.44232095741724,16.16712079927324,17.841487975358337
2015-10-27T18:30:00Z,38.75,39.07,38.72,38.945,1556906,784842.4,40.409534895812065,40.65124999999995,42.97282247356672,38.32967752643317,40.559499999999936,38.91500000000006,35.82586262855682,19.845594913714674,18.72995766491793
2015-10-27T19:30:00Z,38.94,39.05,38.89,39.02,1625527,838677.55,40.34175270577245,40.55824999999995,42.98246796669002,38.134032033309886,40.517749999999936,38.78500000000006,36.81378123516652,23.11534968210711,19.709355131698416
2015-10-28T13:30:00Z,39.78,40.05,39,39.2,1685804,887393,40.28605745183233,40.44949999999995,42.912238110319805,37.986761889680096,40.49399999999993,38.917000000000066,39.23165947771772,27.11171662125339,23.357553739025136
2015-10-28T14:30:00Z,39.2,39.432,38.955,38.97,1462258,933485.75,40.2218595273527,40.334999999999944,42.848770077000616,37.82122992299927,40.462499999999935,38.97900000000006,37.26919378675928,27.338782924613955,25.85528307599156
2015-10-28T15:30:00Z,38.97,39.16,38.915,39.1,535241,941597.45,40.167134672359886,40.21874999999995,42.7351777756419,37.702322224358,40.43174999999993,39.04700000000007,39.12281154061932,28.065395095367805,27.505298213745125
2015-10-28T16:30:00Z,39.1,39.11,38.81,38.98,475113,955942.6,40.10922566395209,40.10374999999995,42.62588376925637,37.58161623074353,40.38849999999993,39.054000000000066,38.00641421939528,26.06721162579463,27.15712988192554
2015-10-28T17:30:00Z,38.97,39.25,38.735,38.935,830212,987401.35,40.0519463632715,39.98174999999995,42.48207052945659,37.481429470543304,40.343874999999926,39.03700000000006,37.573416739519935,25.749318801089846,26.627308507417506
2015-10-28T18:30:00Z,38.95,39.255,38.79,39.25,948210,1011496.7,40.012827028477766,39.88074999999994,42.327374766903176,37.43412523309671,40.306624999999926,39.04700000000007,42.51080648798458,27.111716621253322,26.30941568271267
2015-10-28T19:30:00Z,39.25,39.33,39.15,39.31,758881,1020268.35,39.978542783186164,39.77074999999994,42.109944893552864,37.43155510644702,40.260624999999926,39.115000000000066,43.42861074826739,30.10899182561305,27.65667574931881
2015-10-29T13:30:00Z,39,39.59,37.83,37.93,1672796,1086444.6,39.87861386693318,39.58574999999995,41.892531903436634,37.27896809656326,40.187374999999925,38.881000000000064,31.121890208712287,23.373792420113926,26.86483362232684
2015-10-29T14:30:00Z,37.93,38.16,37.57,38.05,1544920,1150028.95,39.78941319049741,39.40549999999995,41.59790256340461,37.213097436595284,40.13312499999993,38.695000000000064,32.902463362585024,19.01704928337603,24.16661117636774
2015-10-29T15:30:00Z,38.0401,38.0401,37.86,37.96,1199512,1192757.4,39.70017352266827,39.22299999999994,41.2526142490691,37.19338575093079,40.08137499999992,38.500000000000064,32.22952019556665,12.905669599217932,18.432170434236035
2015-10-29T16:30:00Z,37.96,38.21,37.94,38.21,567749,1200445.9,39.6274821313186,39.06849999999994,40.90324821161473,37.233751788385156,40.03874999999992,38.292000000000066,36.13687053423243,20.29569892473113,17.406139269108436
2015-10-29T17:30:00Z,38.21,38.37,37.91,37.915,1600789,1253791.4,39.54394641759574,38.88674999999994,40.39297466784497,37.38052533215492,39.98112499999992,38.01300000000006,33.669972259196854,18.481182795698896,17.227517106549396
2015-10-29T18:30:00Z,37.92,37.94,36.54,37.485,764323,1235418.85,39.44351000698131,38.692499999999946,39.82274554855261,37.56225445144728,39.903749999999924,37.92400000000006,30.411122932529665,22.2136062861869,20.330162668872383
2015-10-29T19:30:00Z,37.481,37.54,37.29,37.48,679492,1160539.1,39.34772903103101,38.61849999999994,39.85756053121877,37.37943946878111,39.829499999999925,37.810000000000066,30.37430883494335,22.53833134209471,21.077706807993575
2015-10-30T13:30:00Z,37.38,37.54,36.94,37.18,1131060,1162340.25,39.24198615146852,38.493999999999936,39.7847346745265,37.203265325473375,39.74374999999992,37.65400000000007,28.170790492780455,24.89577008702685,23.21590257176956
2015-10-30T14:30:00Z,37.18,37.8,37.15,37.335,1459513,1152845.55,39.14896243676274,38.43374999999994,39.81928554628706,37.048214453712816,39.66662499999992,37.47900000000006,30.957686281088726,24.60993570283181,24.01467904398453
2015-10-30T15:30:00Z,37.34,37.56,37.19,37.435,392695,1109140.6,39.065354513018214,38.37249999999993,39.81955390363532,36.925446096364546,39.59324999999992,37.38300000000007,32.77000959275381,25.464480874316916,24.990062221391934
2015-10-30T16:30:00Z,37.45,37.95,37.435,37.78,564939,1072797,39.002654292870986,38.32349999999994,39.781080529516124,36.86591947048375,39.52499999999992,37.44200000000007,38.744103169118695,32.021857923497244,27.36542483354873
2015-10-30T17:30:00Z,37.77,37.895,37.45,37.61,430596,1016481.5,38.93471993712118,38.25674999999994,39.7166413487051,36.79685865129478,39.45399999999992,37.468000000000075,36.99941299456229,35.027322404371546,30.83788706739531
2015-10-30T18:30:00Z,37.6,37.95,37.41,37.85,555353,962972.8,38.88180676945673,38.19824999999994,39.62449428132954,36.772005718670336,39.37824999999992,37.602000000000075,41.03628121693771,39.56284153005459,35.53734061930787
2015-10-30T19:30:00Z,37.84,37.99,37.82,37.89,987197,928042.45,38.83342595143445,38.13274999999994,39.487487889787346,36.77801211021253,39.29112499999992,37.71300000000007,41.70670897057862,40.76502732240431,38.451730418943555
2015-11-02T14:30:00Z,37.66,38.56,37.53,38.1,1000824,904970.75,38.79764907575472,38.089249999999936,39.38838923427246,36.79011076572741,39.21212499999992,37.846000000000075,45.22775457810052,54.813612508791806,45.04716045375031
2015-11-02T15:30:00Z,38.095,38.28,37.95,38.235,926854,924551.4,38.77020277937644,38.045999999999935,39.26263716860303,36.82936283139684,39.132374999999925,37.93700000000007,47.42622873172824,68.46696964778435,54.681869826326896
2015-11-02T16:30:00Z,38.23,38.3,38.16,38.24,898414,945716.45,38.744339229162954,38.008999999999936,39.152584714844345,36.86541528515553,39.056374999999925,38.063000000000066,47.510262944339864,81.76567656765668,68.34875290807769
2015-11-02T17:30:00Z,38.245,38.245,37.99,38.1,644878,936449.75,38.71290804725257,37.967249999999936,39.03072296628795,36.903777033711926,38.97449999999993,38.11300000000007,45.32565356660609,81.76567656765668,77.33277426103264
2015-11-02T18:30:00Z,38.1,38.27,38.055,38.23,426083,910343.4,38.689351557142686,37.916249999999934,38.813628821917014,37.018871178082854,38.89849999999992,38.181000000000076,47.72916290989901,81.68316831683155,81.7381738173817
2015-11-02T19:30:00Z,38.22,38.37,38.17,38.255,804939,912646.3,38.668163676306456,37.86349999999993,38.51817625588981,37.20882374411005,38.81712499999992,38.212000000000074,48.20075550764896,80.6879762050278,81.37894036317208
2015-11-02T20:30:00Z,38.27,38.34,38.235,38.29,471612,852587.1,38.649716667706144,37.88149999999993,38.561794789063434,37.20120521093643,38.73362499999992,38.22300000000007,48.89590142386126,82.72317972537978,81.69810808241311
2015-11-03T14:30:00Z,38.29,38.61,38.02,38.17,595096,805095.9,38.62631585464731,37.88749999999993,38.57570418483741,37.19929581516245,38.64649999999992,38.209000000000074,46.58745691419797,78.12306217937875,80.51140603659552
2015-11-03T15:30:00Z,38.17,38.22,38,38.13,625991,776419.85,38.602105325152316,37.89599999999993,38.59173414464634,37.20026585535352,38.55949999999992,38.215000000000074,45.81106535935298,73.13117671018506,77.99247287164793
2015-11-03T16:30:00Z,38.1477,38.53,38.145,38.47,343993,765232.05,38.59566116294976,37.90899999999993,38.63669911366433,37.18130088633553,38.48874999999992,38.263000000000076,52.983487169248924,74.79784337685176,75.35069408880526
2015-11-03T17:30:00Z,38.46,38.58,38.39,38.53,301954,700290.3,38.59245817939124,37.93974999999993,38.71620653453778,37.16329346546208,38.41324999999992,38.318000000000076,54.13713539825199,82.62128325508615,76.85010111404107
2015-11-03T18:30:00Z,38.54,38.72,38.32,38.47,406264,682387.35,38.586484609664836,37.98899999999993,38.7687794560165,37.20922054398336,38.340749999999915,38.35400000000007,52.743414181563686,87.5275657336726,81.64889745520358
2015-11-03T19:30:00Z,38.49,38.6282,38.43,38.58,566887,676757.1,38.58616828724216,38.04399999999994,38.82757896859506,37.26042103140482,38.33124999999991,38.43600000000007,55.02920920176022,87.49488599511051,85.88124499462316
2015-11-03T20:30:00Z,38.5801,38.66,38.46,38.66,623225,651365.35,38.58976983420596,38.11799999999994,38.83819719523484,37.397802804765035,38.30599999999991,38.54200000000007,56.67070053235016,88.03643594842504,87.68629589240278
2015-11-04T14:30:00Z,38.78,39.155,38,38.82,904061,623592.75,38.60100057400079,38.19224999999994,38.879690724735646,37.50480927526423,38.31299999999992,38.612000000000066,59.828879207563624,85.13081581180171,86.88737925177917
2015-11-04T15:30:00Z,38.8399,39.07,38.67,38.75,455456,626730.8,38.60826883868368,38.25799999999994,38.892676295464476,37.6233237045354,38.315249999999914,38.65600000000006,57.842488217376484,77.46440160663465,83.54388445562053
2015-11-04T16:30:00Z,38.73,38.91,38.6,38.64,402672,618617.45,38.609816700211304,38.300999999999945,38.91655340956134,37.68544659043855,38.31224999999991,38.69000000000007,54.765403254558485,64.40973768097858,75.66831836647171
2015-11-04T17:30:00Z,38.635,38.68,38.415,38.57,338278,614001.55,38.607874422152214,38.34899999999994,38.8862764651685,37.81172353483138,38.302874999999915,38.688000000000066,52.83904302794248,56.793564089701285,66.22256779243824
2015-11-04T18:30:00Z,38.57,38.84,38.485,38.74,333674,602917.6,38.61431957229113,38.39349999999994,38.90489123968244,37.882108760317436,38.29587499999992,38.70400000000007,56.812134114619944,56.404634945407416,59.20264557202916
2015-11-04T19:30:00Z,38.75,38.935,38.72,38.83,491494,578132.45,38.62484056876473,38.44049999999994,38.93048877540468,37.9505112245952,38.286624999999916,38.706000000000074,58.79143437651884,61.76046176046165,58.31955359852353
2015-11-04T20:30:00Z,38.82,38.87,38.74,38.865,467411,551461.8,38.63655566297133,38.47874999999994,38.97583022493659,37.981669775063295,38.283999999999914,38.72900000000007,59.567486508745795,70.2741702741702,62.813088993346504
2015-11-05T14:30:00Z,38.96,39.17,38.5,38.5,374227,523830.45,38.629894411119075,38.49199999999994,38.97634904771669,38.00765095228319,38.268999999999906,38.70100000000007,49.16832515205557,63.16276316276304,65.06579839913171
2015-11-05T15:30:00Z,38.51,38.71,38.29,38.67,242953,491057.4,38.63185078130839,38.513499999999944,38.989295124,38.037704875999886,38.261249999999905,38.721000000000075,53.261016947347514,58.297258297258274,63.91139724473059
2015-11-05T16:30:00Z,38.67,38.81,38.59,38.63,146880,466157.5,38.63176049929334,38.53999999999994,38.978280731977975,38.10171926802191,38.25362499999991,38.69900000000007,52.19611756448908,51.28205128205127,57.580690914024274
2015-11-05T17:30:00Z,38.64,38.83,38.61,38.6825,215258,455616.25,38.634235596888786,38.56262499999994,38.98081597016072,38.14443402983916,38.23943749999991,38.66950000000007,53.509959268175784,56.48148148148139,55.35359702026372
2015-11-05T18:30:00Z,38.6899,38.81,38.5,38.53,227264,426732.5,38.629150933625915,38.57637499999994,38.97060042729229,38.182149572707594,38.21993749999991,38.60250000000007,49.273630477699506,52.4928774928774,53.41880341880343
2015-11-05T19:30:00Z,38.525,41.19,38.465,39.28,4204755,613389.65,38.66089966857099,38.62587499999994,39.10360733878916,38.14814266121071,38.253687499999906,38.75850000000007,64.2597387185161,47.919290160669355,52.297883045009456
2015-11-05T20:30:00Z,39.28,39.53,39.18,39.44,842707,625770.2,38.69890456278704,38.689374999999934,39.23991535957953,38.13883464042034,38.28843749999991,38.912500000000065,66.53136305211777,43.52186765979866,47.97801177111521
2015-11-06T14:30:00Z,39.02,39.22,38.58,38.84,535653,621253.3,38.70578726704133,38.72487499999993,39.21478436664427,38.2349656333556,38.31043749999991,38.95450000000007,52.94210003287114,34.74399164054338,42.06171648700387
2015-11-06T15:30:00Z,38.85,39.16,38.77,39.03,311840,619645.65,38.721602522307606,38.75287499999993,39.24532112652271,38.26042887347715,38.330937499999905,39.02400000000007,56.006497248682415,29.874608150470237,36.04682248360417
2015-11-06T16:30:00Z,39.02,39.17,38.94,39.07,312166,620156.25,38.73859752121943,38.77987499999993,39.279641132832886,38.28010886716698,38.359812499999904,39.132000000000076,56.64656668104505,23.793103448275915,29.47056774642992
2015-11-06T17:30:00Z,39.06,39.19,39,39.17,205257,610105.9,38.759641544574585,38.81487499999994,39.320939410451736,38.30881058954814,38.4019374999999,39.11000000000007,58.2807462224119,27.586206896551754,27.08463949843272
2015-11-06T18:30:00Z,39.15,39.34,39.065,39.16,457106,604616.85,38.77917122532704,38.84387499999993,39.35916733210573,38.32858266789414,38.443937499999905,39.05400000000007,58.04511835260422,29.080459770114917,26.819923371647615
2015-11-06T19:30:00Z,39.16,39.18,39,39.055,625381,604724.65,38.79262628750621,38.863624999999935,39.379491928117744,38.347758071882126,38.490812499999905,39.09700000000007,55.50749498953746,28.908045977011465,28.52490421455946
2015-11-06T20:30:00Z,39.055,39.235,39.02,39.11,655913,592317.25,38.8081079320181,38.87812499999993,39.40446822217138,38.351781777828485,38.5351874999999,39.11300000000007,56.57833841606612,28.218390804597647,28.73563218390809
2015-11-09T14:30:00Z,39.62,39.62,38.39,38.46,679093,603499.1,38.791127057285514,38.86362499999993,39.418493171305144,38.30875682869471,38.5608124999999,38.99100000000008,43.311260238868236,20.17241379310344,25.766283524904267
2015-11-09T15:30:00Z,38.46,38.71,38.24,38.27,264198,596575.4,38.76570622522281,38.845124999999925,39.450918849034984,38.239331150964865,38.57306249999989,38.81100000000008,40.33397112182082,11.718293395675039,20.036365997792124
2015-11-09T16:30:00Z,38.27,38.53,38.08,38.41,289171,594120.05,38.748354702041205,38.83712499999993,39.461190851915774,38.213059148084085,38.5930624999999,38.66100000000007,43.42028480549228,5.829983531314588,12.573563573364439
2015-11-09T17:30:00Z,38.4,38.495,38.29,38.295,189782,586925.45,38.726239838527,38.81487499999993,39.481486721714596,38.14826327828526,38.604187499999895,38.50900000000007,41.52039298155805,6.180354969389778,7.909543965459885
2015-11-09T18:30:00Z,38.305,38.53,38.305,38.47,158002,570250.85,38.71374033420861,38.79687499999993,39.4801152121715,38.11363478782836,38.61868749999989,38.38100000000007,45.43320970801621,10.021436227223985,7.343924909309533
2015-11-09T19:30:00Z,38.48,38.515,38.26,38.415,318461,562803.35,38.69916763497892,38.77437499999993,39.476535727703414,38.07221427229644,38.6265624999999,38.37200000000007,44.42710677148745,13.735540986344864,9.979110727652957
2015-11-09T20:30:00Z,38.415,38.6,38.39,38.55,517704,569977.2,38.69189116497995,38.776874999999926,39.475457269692185,38.078292730307666,38.6344374999999,38.42800000000007,47.500244606782765,21.60430673292406,15.120427982164385
2015-11-10T14:30:00Z,38.16,38.24,37.55,37.72,522754,583967.25,38.644481839858976,38.729374999999926,39.56609758695957,37.89265241304028,38.62143749999989,38.29000000000007,34.76965709110992,20.161762553066882,18.50053675744535
2015-11-10T15:30:00Z,37.715,37.72,37.16,37.21,773673,615306.9,38.574507115963414,38.65837499999993,39.725926257564915,37.59082374243494,38.5991874999999,38.07300000000007,29.53215195176223,13.588187077052417,18.451418787681202
2015-11-10T16:30:00Z,37.21,37.23,36.75,36.97,810164,645052.2,38.49623847616032,38.57274999999993,39.86903112307002,37.27646887692983,38.5676874999999,37.77300000000007,27.437578549172457,5.970195312719198,13.240048314279582
2015-11-10T17:30:00Z,36.98,37.17,36.94,37.08,282562,647817.1,38.427153672445186,38.50024999999993,39.95097904087124,37.04952095912862,38.5383124999999,37.506000000000064,29.891918407574437,7.065427797135096,8.874603395635653
2015-11-10T18:30:00Z,37.07,37.47,37.03,37.19,769994,476079.05,38.36680471281371,38.39574999999993,39.90660497319476,36.8848950268051,38.51081249999989,37.234000000000066,32.35590044143993,11.498257839721155,8.177960316525233
2015-11-10T19:30:00Z,37.2,37.42,37.13,37.333,592499,463568.65,38.316375214627676,38.290399999999934,39.78909415159553,36.79170584840434,38.489887499999895,37.15660000000007,35.5281519201677,15.714285714285614,11.425990450380704
2015-11-10T20:30:00Z,37.34,37.34,36.98,37.04,1246538,499112.9,38.25411300903608,38.20039999999993,39.770741415115275,36.63005858488459,38.4626374999999,37.12260000000006,32.19647916866593,15.249709639953451,14.154084397986821
2015-11-11T14:30:00Z,37.39,37.78,37.29,37.4999,813278,524184.8,38.21732213054652,38.12389499999993,39.674073350360395,36.57371664963947,38.43838499999989,37.228580000000065,41.4737620817554,22.892774182843738,17.952256512361018
2015-11-11T15:30:00Z,37.5,37.54,37.29,37.5,443565,530754.75,38.182330807105224,38.045394999999935,39.554444362322236,36.536345637677634,38.412634999999895,37.31258000000006,41.475637190773234,29.63509141296585,22.59252507858776
2015-11-11T16:30:00Z,37.5,37.72,37.49,37.615,358564,538420.1,38.1546561335879,37.96764499999993,39.394932783849626,36.54035721615024,38.39125999999989,37.39758000000006,43.70918856796321,41.85250045964322,31.460122018484352
2015-11-11T17:30:00Z,37.615,37.64,37.44,37.495,184068,524768.2,38.122477785608,37.884394999999934,39.214720049724804,36.554069950275064,38.36413499999989,37.42998000000007,41.91171396276909,42.52252252252243,38.00337146504392
2015-11-11T18:30:00Z,37.495,37.56,37.44,37.49,286661,507832.2,38.09162521070029,37.80614499999993,39.0318361347999,36.58045386519996,38.334884999999886,37.51998000000007,41.834517353744005,42.342342342342285,42.23912177483606
2015-11-11T19:30:00Z,37.48,37.5,37.34,37.385,453502,497711.65,38.057155688227105,37.71989499999993,38.8006482363714,36.63914176362846,38.29900999999989,37.497000000000064,40.16158779498266,38.19819819819807,41.02102102102101
2015-11-11T20:30:00Z,37.39,37.45,37.31,37.39,593993,493456.65,38.02461150831359,37.66639499999993,38.70021975203842,36.63257024796144,38.26500999999989,37.475000000000065,40.284049029520666,39.09244815285076,39.877662897797116
2015-11-12T14:30:00Z,37.36,37.63,36.96,37.6,573106,508902.05,38.00389875181049,37.63289499999993,38.62904683477576,36.6367431652241,38.23900999999989,37.472000000000065,45.343403735999104,53.267205434404154,43.519283928484406
2015-11-12T15:30:00Z,37.6,37.96,37.52,37.85,569825,522934.75,37.996391495624614,37.60489499999993,38.541821335379325,36.66796866462053,38.221009999999886,37.54300000000007,50.69853363090236,72.12879429599307,54.82948262774941
2015-11-12T16:30:00Z,37.85,38.025,37.82,37.9,358420,531366.65,37.991689471447806,37.58514499999993,38.4786992053653,36.691590794634564,38.20000999999989,37.62500000000007,51.71743567582112,87.30420847552072,70.90006940197274
2015-11-12T17:30:00Z,37.9,38.03,37.84,37.955,377066,542319.85,37.98989974113328,37.55939499999993,38.37582119870135,36.74296880129851,38.17813499999989,37.73900000000007,52.87124989772599,90.79300259583637,83.40866845578347
2015-11-12T18:30:00Z,37.96,37.98,37.65,37.83,391247,545959.15,37.98209975376092,37.53014499999993,38.259091443797715,36.80119855620215,38.15225999999989,37.82700000000007,49.94971815751209,87.59277603112372,88.56332903416035
2015-11-12T19:30:00Z,37.85,38.2,37.75,37.995,947446,567446.25,37.982729034065265,37.502394999999936,38.10528790750854,36.89950209249133,38.13963499999989,37.90600000000007,53.5948701225307,85.92226911868119,88.1026825818805
2015-11-12T20:30:00Z,38,38.03,37.89,37.96,917244,587170.75,37.98162030069623,37.514394999999936,38.14313496049599,36.88565503950388,38.12188499999989,37.92800000000007,52.7177982998473,81.80710481358626,85.10738332113047
2015-11-13T14:30:00Z,37.6,38.67,37.6,38.505,1158509,606412.55,38.00715101773544,37.57914499999994,38.32498149543543,36.83330850456445,38.118759999999895,38.04900000000007,62.89921433170317,84.82126013959608,84.18354469062126
2015-11-13T15:30:00Z,38.51,38.9,38.5,38.515,1073979,619603.3,38.031924138821516,37.65639499999993,38.452231175306565,36.8605588246933,38.11457249999989,38.16100000000007,63.056408989049885,83.7168925528542,83.44841916867892
2015-11-13T16:30:00Z,38.52,39,38.495,38.905,844473,647698.85,38.07451320522047,37.747644999999935,38.66710441613818,36.82818558386169,38.12394749999989,38.376000000000076,68.63745128776435,88.61621787438072,85.71812352227708
2015-11-13T17:30:00Z,38.9,38.96,38.78,38.82,376906,628044.45,38.11087841472191,37.82914499999994,38.82243855073139,36.83585144926849,38.112447499999895,38.541000000000075,66.2870401535024,88.89141567279832,87.0748420333445
2015-11-13T18:30:00Z,38.86,38.89,38.495,38.73,451535,620996.25,38.1410794676623,37.898994999999935,38.93831783816201,36.859672161837864,38.094697499999896,38.69500000000007,63.795979709109716,91.09477124182997,89.53413492966975
2015-11-13T19:30:00Z,38.73,38.925,38.63,38.78,573353,587337,38.17224632289829,37.98599499999994,39.014379870525126,36.95761012947475,38.093197499999896,38.75000000000007,64.59208080544514,89.05228758169926,89.67949149877592
2015-11-13T20:30:00Z,38.79,39.06,38.68,38.68,757954,584570.8,38.19701479495203,38.04499999999994,39.09033248300437,36.99966751699551,38.08444749999989,38.78300000000007,61.671234253880854,85.96171802054141,88.70292561469029
2015-11-16T14:30:00Z,38.23,38.25,37.51,38,878870,606336.05,38.18740431714949,38.069999999999936,39.08549002950555,37.05450997049432,38.05769749999989,38.602000000000075,46.32933493843331,67.57778380169266,80.86392980131119
2015-11-16T15:30:00Z,38.03,38.03,37.37,37.49,427379,609776.8,38.15338459436171,38.063749999999935,39.09182526476679,37.03567473523308,38.01569749999989,38.33600000000008,38.577916175239466,40.20608561551491,64.58186247924972
2015-11-16T16:30:00Z,37.49,38,37.48,37.85,608363,630991.55,38.138585345856264,38.081499999999934,39.08156049818267,37.0814395018172,37.982947499999895,38.160000000000075,45.50851535189123,22.371953935229474,43.38527445081241
2015-11-16T17:30:00Z,37.86,37.99,37.68,37.7002,231507,628233.85,38.117200694838886,38.09200999999994,39.071184472514666,37.11283552748521,37.94907749999989,37.94404000000007,43.31818085871613,18.347140039447897,26.975059863397487
2015-11-16T18:30:00Z,37.69,37.895,37.69,37.89,265656,618841.55,38.10611773411504,38.117259999999945,39.04700264053092,37.18751735946897,37.91857749999989,37.78604000000008,46.811245886140746,26.236686390532657,22.31859345507007
2015-11-16T19:30:00Z,37.875,37.95,37.75,37.83,395638,608923.8,38.09264857635333,38.139259999999936,39.01858224902153,37.259937750978345,37.902827499999894,37.75204000000007,45.84933322647032,25.842209072978353,23.47534516765303
2015-11-16T20:30:00Z,37.825,37.96,37.81,37.86,688653,614701.15,38.0812998653117,38.152259999999934,39.00664198577982,37.297878014220046,37.89257749999989,37.82604000000008,46.441937779101266,28.994082840236672,27.024326101249287
2015-11-17T14:30:00Z,37.94,38.2997,37.8,38.21,593352,615877.5,38.08757792066235,38.170259999999935,39.013507969238475,37.327012030761395,37.88757749999989,37.89804000000007,52.91585754896045,35.30571992110451,30.04733727810657
2015-11-17T15:30:00Z,38.2,38.33,38.11,38.17,449714,620442.2,38.09159850989833,38.183759999999936,39.01786434456663,37.34965565543324,37.88445249999989,37.992000000000075,52.140161710256365,42.01183431952665,35.43721236028934
2015-11-17T16:30:00Z,38.18,38.35,38.165,38.21,234063,613292.05,38.097374192342315,38.19650999999993,39.02400700158155,37.36901299841831,37.87795249999989,38.056000000000076,52.88396659707498,48.91518737672587,42.07758053911907
2015-11-17T17:30:00Z,38.2,38.32,38.08,38.17,201301,603794.75,38.10091691466708,38.213509999999935,39.023985124618726,37.403034875381145,37.871827499999895,38.12400000000007,52.013428137973186,48.1262327416174,46.35108481262336
2015-11-17T18:30:00Z,38.17,38.45,38.13,38.235,254837,569164.3,38.107457552976,38.225509999999936,39.02977175317793,37.42124824682194,37.86395249999989,38.19900000000007,53.35708289103806,49.408284023668635,48.81656804733736
2015-11-17T19:30:00Z,38.24,38.24,37.96,38.06,294506,538027.4,38.105142550391804,38.23050999999994,39.029331987444465,37.43168801255541,37.872452499999895,38.169000000000075,49.350544644141834,46.449704142011875,47.994740302432696
2015-11-17T20:30:00Z,38.05,38.275,38,38.11,395301,499867,38.10537949915318,38.21075999999994,39.000944723735,37.42057527626487,37.894952499999896,38.157000000000075,50.49434097784217,53.51011761268166,49.78936859278745
2015-11-18T14:30:00Z,37.61,37.7799,36.87,37.035,1352436,513789.85,38.05316586504815,38.13675999999994,39.06436865542726,37.20915134457262,37.8965774999999,37.92200000000007,33.157267317412234,39.92998628668858,46.6299360137941
2015-11-18T15:30:00Z,37.05,37.31,36.461,36.96,1616047,552368.55,37.99984070089946,38.039509999999936,39.03023793824767,37.0487820617522,37.89357749999989,37.68000000000008,32.323417495826575,34.68318013490502,42.70776134475849
2015-11-18T16:30:00Z,37,37.39,37,37.31,440019,555524.2,37.96618993500193,37.96400999999993,38.93526943373896,36.9927505662609,37.8965774999999,37.495000000000076,39.91708486814613,26.07192936679159,33.56169859612846
2015-11-18T17:30:00Z,37.31,37.38,37.07,37.29,220667,543980.8,37.93320506012378,37.892009999999935,38.83864543543713,36.94537456456274,37.8955024999999,37.34100000000007,39.643349993575924,36.48399530752471,32.413034936407165
2015-11-18T18:30:00Z,37.285,37.48,37.27,37.33,354521,533039.2,37.90378042304457,37.81950999999994,38.70300275470934,36.936017245290536,37.90275249999989,37.18500000000007,40.52185334031877,42.684766214177905,35.08023029616479
2015-11-18T19:30:00Z,37.33,37.42,37.09,37.2,613151,525799.05,37.86944967070094,37.74550999999993,38.57456088361675,36.916459116383116,37.89525499999989,37.218000000000075,38.55760503121813,40.841293782470196,40.00335176805766
2015-11-18T20:30:00Z,37.23,37.38,37.18,37.33,808495,522280.3,37.84313505261797,37.712009999999935,38.551303183353795,36.872716816646076,37.89100499999989,37.29200000000007,41.60592502147271,41.511647394000256,41.67923579688284
2015-11-19T14:30:00Z,37.47,37.82,37.25,37.57,442687,523045.7,37.82981139151465,37.71600999999993,38.55178791764626,36.88023208235361,37.8898799999999,37.34400000000007,46.848674334447395,45.533769063180785,42.62890341321714
2015-11-19T15:30:00Z,37.59,37.73,37.56,37.69,426285,513941.8,37.82299132363589,37.70800999999993,38.54156465785202,36.87445534214784,37.8947549999999,37.42400000000008,49.29974127378695,53.745600804424186,46.93033908720181
2015-11-19T16:30:00Z,37.69,37.8,37.67,37.7,259942,515363.55,37.816991746873164,37.70799999999993,38.5415550371911,36.87444496280875,37.900004999999894,37.49800000000007,49.50870026305481,59.94637171107751,53.07524719289422
2015-11-19T17:30:00Z,37.71,37.92,37.705,37.8,129748,508568.15,37.81616288117203,37.70349999999993,38.53404259374677,36.872957406253086,37.91037999999989,37.618000000000066,51.654511520609326,63.80090497737542,59.16429249762576
2015-11-19T18:30:00Z,37.8,37.86,37.68,37.765,580093,517790.9,37.81366713087096,37.70024999999993,38.529294480125344,36.87120551987452,37.91975499999989,37.70500000000007,50.840118116423284,67.16606902092337,63.63778190312549
2015-11-19T19:30:00Z,37.76,37.8,37.65,37.69,471032,506909.85,37.807634587901646,37.69174999999993,38.51754825019649,36.865951749803365,37.92200499999989,37.72900000000007,49.055316410354536,68.98547487107048,66.65081628978982
2015-11-19T20:30:00Z,37.685,37.74,37.585,37.73,652103,509847.4,37.803847534833274,37.66774999999993,38.459087317474804,36.87641268252505,37.91900499999989,37.737000000000066,50.062238580173265,75.53784831454577,70.56313073551327
2015-11-20T14:30:00Z,37.99,38.41,37.7,37.8901,451964,509959.9,37.80805497215848,37.653754999999926,38.41852176309091,36.88898823690894,37.91875749999989,37.77502000000007,53.98267510069517,76.01766353655479,73.51366224072375
2015-11-20T15:30:00Z,37.9,38.195,37.9,38.11,260524,511282.95,37.822783997906846,37.64875499999992,38.40009939635128,36.89741060364857,37.92263249999989,37.837020000000074,58.77043822638644,79.67518932103648,77.07690039071241
2015-11-20T16:30:00Z,38.11,38.13,37.86,38,261792,514307.5,37.83142868093578,37.640254999999925,38.37139434508209,36.90911565491776,37.92688249999989,37.88402000000006,55.65127198770834,73.81705708980077,76.5033033157974
2015-11-20T17:30:00Z,38,38.095,37.97,38.06,231971,513164.2,37.842578501377936,37.631504999999926,38.33772829466547,36.925281705334385,37.928507499999895,37.95802000000007,56.992094022929166,73.87041260493166,75.78755300525636
2015-11-20T18:30:00Z,38.09,38.19,38.01,38.1,239025,510390.15,37.85513564765218,37.63350499999993,38.34477939285222,36.92223060714764,37.9320074999999,38.03202000000007,57.90579833011133,73.13432835820915,73.60726601764725
2015-11-20T19:30:00Z,38.11,38.42,38.09,38.4,526747,516962.45,37.881714396547196,37.648004999999934,38.40771789440506,36.88829210559481,37.929382499999896,38.13400000000007,64.07101410110357,82.79569892473124,76.60014662929073
2015-11-20T20:30:00Z,38.39,38.6,38.37,38.44,960275,497354.4,37.90894784061806,37.71825499999993,38.49781873820712,36.938691261792734,37.92750749999989,38.20000000000007,64.8110549127536,87.68346547916427,81.20449758736828
2015-11-23T14:30:00Z,38.47,38.48,38.04,38.26,467794,439941.75,37.92607233619767,37.783254999999926,38.5143685492716,37.05214145072825,37.911382499999895,38.252000000000066,58.92890264708365,84.614312410011,85.0311589379689
2015-11-23T15:30:00Z,38.27,38.36,38.17,38.305,450680,440474.8,37.94455661248071,37.83300499999992,38.5639470510061,37.10206294899374,37.898507499999894,38.30100000000006,59.90853647723076,75.46393368232418,82.58723719049988
2015-11-23T16:30:00Z,38.31,38.5,38.28,38.45,443958,451639.35,37.969212387481655,37.89100499999992,38.6244802633386,37.157529736661246,37.891507499999896,38.37100000000006,62.97320665191239,74.4884425918907,78.18889622807535
2015-11-23T17:30:00Z,38.45,38.46,38.25,38.27,210108,444418.7,37.98388495394597,37.938004999999926,38.641519095046796,37.234490904953056,37.8787574999999,38.34500000000006,57.13446593344533,74.54844006568146,74.83360544663218
2015-11-23T18:30:00Z,38.28,38.33,38.01,38.03,281824,427852.35,37.986134468387625,37.979504999999925,38.59659933794983,37.36241066205002,37.86250749999989,38.26300000000006,50.421662059860736,65.51724137931042,71.5180413456276
2015-11-23T19:30:00Z,38.04,38.11,37.915,38.015,471474,411001.3,37.987542543100425,38.013754999999925,38.55411950839171,37.47339049160814,37.8628824999999,38.21400000000007,50.02605255055106,51.23152709359607,63.76573617952937
2015-11-23T20:30:00Z,38.015,38.11,37.99,38.03,419050,409819.45,37.98961363855894,38.03675499999993,38.537301583174894,37.53620841682496,37.8763824999999,38.15900000000007,50.44477256661701,40.957854406130174,52.56887429301228
2015-11-24T14:30:00Z,38.01,38.69,37.77,38.395,457591,411384.75,38.00938858301948,38.07200499999992,38.56919381919408,37.574816180805755,37.890007499999896,38.14800000000007,59.366527560573985,48.98866043168895,47.059347310471786
2015-11-24T15:30:00Z,38.39,38.39,38.13,38.335,291941,412984.7,38.025272066774626,38.10375499999992,38.58262888938002,37.624881110619825,37.905877499999896,38.16100000000007,57.532863068960964,55.338164251207814,48.42822636300903
2015-11-24T16:30:00Z,38.34,38.42,38.3,38.37,234747,418234.65,38.042088063517326,38.13225499999992,38.603206230947045,37.6613037690528,37.91787749999989,38.22900000000006,58.34118911788551,64.85507246376817,56.39396571555503
2015-11-24T17:30:00Z,38.36,38.39,38.31,38.37,125664,395513.2,38.058083767735994,38.162504999999925,38.61246511148734,37.71254488851251,37.9313774999999,38.30000000000007,58.34118911788551,63.94927536231868,61.38083735909827
2015-11-24T18:30:00Z,38.37,38.45,38.34,38.39,694349,406679.05,38.07427480345619,38.19750499999993,38.60156279528291,37.79344720471695,37.944627499999896,38.37200000000006,58.86014172874504,65.9420289855071,64.91545893719804
2015-11-24T19:30:00Z,38.39,38.41,38.35,38.38,308169,389482.35,38.08918822767784,38.23000499999993,38.5792705178076,37.880739482192254,37.948877499999895,38.369000000000064,58.46795452426471,66.30434782608698,65.39855072463764
2015-11-24T20:30:00Z,38.37,38.44,38.35,38.35,644860,399127.15,38.101910753156965,38.25299999999993,38.568664378777456,37.9373356212224,37.95337749999989,38.37200000000006,57.23585377875708,65.5797101449277,65.94202898550732
2015-11-25T14:30:00Z,38.1,38.43,37.32,37.495,730784,422640.15,38.072305350563944,38.22224999999993,38.67687594517608,37.767624054823784,37.93550249999989,38.19700000000006,34.75618325520071,47.37384957156465,59.7526358475265
2015-11-25T15:30:00Z,37.495,37.75,37.2,37.25,777336,448417.35,38.03219289443887,38.18474999999994,38.80138177831331,37.56811822168656,37.91250249999989,37.97300000000006,30.999063771534793,26.39096852886435,46.44817608178562
2015-11-25T16:30:00Z,37.26,37.39,37.15,37.33,290249,451331.25,37.99793958251502,38.14824999999993,38.86791155241731,37.428588447582555,37.88987749999989,37.76100000000007,33.525938594249126,9.272579671344987,27.679132590591383
2015-11-25T17:30:00Z,37.35,37.44,37.31,37.4,153968,447078.4,37.968771798002095,38.11324999999993,38.903517518014255,37.322982481985605,37.87337749999989,37.56500000000007,35.74331685406514,10.425927540021387,15.363158580076965
2015-11-25T18:30:00Z,37.4,37.47,37.29,37.38,130035,427242.8,37.9400512224898,38.062249999999935,38.90201469920233,37.22248530079754,37.855127499999895,37.371000000000066,35.38018503088388,14.28571428571432,11.328073832360289
2015-11-25T19:30:00Z,37.38,37.39,37.3,37.31,233992,390928.65,37.909317016514684,38.005749999999935,38.88726729990192,37.12423270009795,37.86200249999989,37.33400000000007,34.07533002055246,13.852813852813973,12.854818559516616
2015-11-25T20:30:00Z,37.3,37.3,36.91,36.97,1079744,421526.15,37.863496674245674,37.94124999999993,38.92209593592851,36.960404064071355,37.86225249999989,37.27800000000006,28.564741148048967,9.56515394717658,12.567894028568347
2015-11-27T14:30:00Z,37.1,37.11,36.77,36.93,316205,414802.4,37.817960251111735,37.87249999999994,38.931374402384655,36.81362559761522,37.852752499999895,37.198000000000064,27.991225061337445,7.761402143424621,10.393123314471781
2015-11-27T15:30:00Z,36.94,37.035,36.79,36.91,381581,411683.55,37.77366950715506,37.79549999999993,38.89825971998793,36.69274028001194,37.84325249999989,37.100000000000065,27.691845669745902,7.075976457998725,8.134177516200031
2015-11-27T16:30:00Z,36.91,36.94,36.52,36.81,318715,417113.9,37.72666123851335,37.72249999999993,38.88179935738225,36.563200642617616,37.830252499999894,36.98600000000006,26.18388909289652,10.961016530964457,8.599465044129325
2015-11-27T17:30:00Z,36.81,37.07,36.8,36.89,346344,420339.9,37.685848495171236,37.66549999999993,38.86994136429617,36.461058635703694,37.82250249999989,36.90200000000006,29.491781282096085,14.176741508347488,10.737911499103612
2015-11-27T20:30:00Z,37.45,37.45,37.45,37.45,542,396793.3,37.67434369052874,37.63724999999993,38.83405606199467,36.44044393800519,37.82550249999989,36.99800000000006,47.29610929312479,27.544797063903214,17.560851701071776
2015-11-30T14:30:00Z,36.71,36.8,36.25,36.435,635112,407596.4,37.613887900746846,37.55749999999993,38.84790110044408,36.26709889955578,37.79712749999989,36.89900000000006,31.68094230536191,25.351991013477797,22.35784319524289
2015-11-30T15:30:00Z,36.43,36.43,35.89,36.03,681240,418778.85,37.53662507632017,37.43924999999994,38.830498629837585,36.04800137016229,37.75562749999989,36.723000000000056,27.744754848723304,20.798933202699015,24.565240426693396
2015-11-30T16:30:00Z,36.01,36.27,35.91,36.19,580147,433189.15,37.470936048206994,37.33199999999993,38.76071060751537,35.90328939248449,37.71787749999989,36.59900000000005,31.372410614243776,10.029443955387096,18.726789390521358
2015-11-30T17:30:00Z,36.2,36.26,35.9,35.9,633385,453121.05,37.394305021465186,37.20849999999994,38.68323421335008,35.73376578664979,37.670377499999894,36.40100000000005,28.57236222688256,7.424584891363743,12.750987349816675
2015-11-30T18:30:00Z,35.9,35.92,35.645,35.67,832440,488459.85,37.310192581393714,37.07349999999993,38.591894217595154,35.55510578240471,37.61800249999989,36.04500000000006,26.548538057287118,6.043935554722572,7.832654800491195
2015-11-30T19:30:00Z,35.67,35.79,35.65,35.71,1141796,510832.2,37.23213440669158,36.93949999999994,38.442460079318174,35.4365399206817,37.568502499999894,35.900000000000055,27.51019550203037,1.8548060805732236,5.1077755088865695
2015-11-30T20:30:00Z,35.71,35.71,35.48,35.5,1782285,584538,37.14764004538955,36.79549999999993,38.270413217795095,35.32058678220477,37.5127524999999,35.794000000000054,25.61416978120343,1.9822450919036096,3.293662242399859
2015-12-01T14:30:00Z,35.86,35.99,35.03,35.64,1392730,621931.5,37.07409662854128,36.659999999999926,38.0331969997155,35.28680300028435,37.4564999999999,35.684000000000054,29.121360205356254,9.927827944086722,4.588293038854576
2015-12-01T15:30:00Z,35.65,36.089,35.585,36.06,723220,621553.3,37.02462850031975,36.58824999999993,37.929008274271375,35.24749172572849,37.405249999999896,35.71600000000005,38.490828530857186,22.92794115590608,11.612671397298861
2015-12-01T16:30:00Z,36.08,36.14,35.8,35.915,475768,606474.9,36.97050028079196,36.52149999999993,37.856745670289285,35.18625432971058,37.35312499999989,35.76500000000005,36.68771278679744,34.779614325068785,22.54512780835392
2015-12-01T17:30:00Z,35.92,36.1,35.84,36.02,373439,610634.4,36.924134413436256,36.45599999999993,37.754185656994444,35.15781434300542,37.30212499999989,35.827000000000055,38.91911394686317,40.01377410468314,32.57377652855272
2015-12-01T18:30:00Z,36.02,36.2,35.98,36.12,461223,625997.15,36.884908344488146,36.39199999999993,37.62214389403261,35.16185610596725,37.252624999999895,35.95100000000006,41.050040811139205,40.840220385674805,38.544536271808965
2015-12-01T19:30:00Z,36.12,36.41,36.025,36.09,562643,647627.55,36.84613232768385,36.32749999999993,37.47624931992459,35.17875068007527,37.19487499999989,36.041000000000054,40.5925155058856,43.25068870523409,41.36822773186407
2015-12-01T20:30:00Z,36.09,36.3,36.06,36.15,692009,670528.4,36.812174653162685,36.26949999999993,37.32752126633926,35.2114787336606,37.137624999999886,36.05900000000005,41.98520709117589,50.70660378826779,44.93250429305895
2015-12-02T14:30:00Z,36.29,36.4,35.9,36.02,277817,630432.05,36.77353198715475,36.22199999999994,37.234271702668885,35.20972829733099,37.08162499999989,36.080000000000055,39.80770912121307,59.264258255013296,51.07385024950512
2015-12-02T15:30:00Z,36.01,36.01,35.7,35.83,477366,638490.1,36.727506036561834,36.16699999999993,37.13811997200451,35.19588002799535,37.01974999999989,36.04200000000005,36.803401812086875,63.98737878841049,57.98608027723058
2015-12-02T16:30:00Z,35.83,36.07,35.775,36.065,297240,634273.05,36.69518866892467,36.124749999999935,37.03447784393227,35.2150221560676,36.960124999999884,36.03100000000005,42.57597857525564,67.89510006901313,63.715579037479024
2015-12-02T17:30:00Z,36.06,36.1,35.99,36.02,312323,633953.45,36.6622526362942,36.08524999999993,36.93944245491079,35.23105754508907,36.903874999999886,36.01700000000005,41.78881425826931,68.23671497584549,66.70639794442309
2015-12-02T18:30:00Z,36.02,36.09,35.825,35.88,295455,631409,36.62409397110912,36.03474999999993,36.80827747205676,35.261222527943104,36.850124999999885,35.96300000000006,39.351231900140284,69.44444444444463,68.5254198297678
2015-12-02T19:30:00Z,35.87,35.98,35.77,35.875,321613,647462.55,36.58755280178672,35.95599999999993,36.377966823371295,35.53403317662857,36.79662499999988,35.93400000000005,39.263145069099394,64.85507246376834,67.51207729468621
2015-12-02T20:30:00Z,35.88,35.935,35.7,35.71,505070,640960.45,36.544745348041026,35.91974999999993,36.29259681844813,35.54690318155173,36.738624999999885,35.91000000000005,36.369849629711375,57.36714975845424,63.88888888888912
2015-12-03T14:30:00Z,35.53,35.865,35.08,35.145,699553,641876.1,36.476465087160975,35.87549999999993,36.374297554150246,35.37670244584962,36.65737499999989,35.726000000000056,28.59844805782727,38.46482147397495,53.56234789873256
2015-12-03T15:30:00Z,35.145,35.29,34.93,35.01,648851,645311.3,36.40493020486044,35.816499999999934,36.42057863728654,35.21242136271333,36.574249999999886,35.52400000000005,27.107972411049957,19.855995256453014,38.56265549629412
2015-12-03T16:30:00Z,35.005,35.06,34.88,34.95,783775,652830.8,36.3339579997453,35.768999999999934,36.47939144140843,35.05860855859144,36.48874999999988,35.33800000000005,26.448219931314313,4.955928949737056,21.092248560055065
2015-12-03T17:30:00Z,34.95,35.01,34.78,34.81,617619,642089.75,36.25961858512358,35.72599999999993,36.55015775190732,34.901842248092535,36.399749999999884,35.12500000000004,24.923948499341435,3.9403532005480346,9.584092468912761
2015-12-03T18:30:00Z,34.8,34.81,34.41,34.415,668184,618409.15,36.16963719072731,35.66124999999993,36.664324648282744,34.65817535171712,36.30037499999989,34.86600000000004,21.2098224489646,2.221884732079643,3.7060556274549707
2015-12-03T19:30:00Z,34.415,34.52,34.34,34.365,491465,553868.15,36.08160610825281,35.60449999999993,36.755208042914695,34.453791957085166,36.19999999999989,34.71000000000005,20.787542428132582,1.1013610101852418,2.4211996476043662
2015-12-03T20:30:00Z,34.365,34.71,34.245,34.54,797840,524123.65,36.00640581028925,35.54949999999993,36.78982616679154,34.30917383320832,36.10474999999989,34.61600000000005,26.317011829772753,5.050895786873307,2.79138050971279
2015-12-04T14:30:00Z,34.5,35.02,34.47,34.87,906725,533298.9,35.95097138051904,35.48999999999993,36.74078775178943,34.23921224821043,36.039124999999885,34.600000000000044,35.46537389595946,16.19846991086246,7.45024223597373
2015-12-04T15:30:00Z,34.89,35.03,34.75,34.95,432654,531143.2,35.9021435082986,35.44174999999993,36.697677048051965,34.18582295194789,35.98162499999989,34.62800000000004,37.49154270480226,28.46240277838582,16.570589492040586
2015-12-04T16:30:00Z,34.95,35.085,34.93,35.07,536560,539299.25,35.861551142040135,35.39424999999993,36.630814899238224,34.15768510076163,35.92512499999989,34.759000000000036,40.50879439861898,38.72416891284818,27.795013867365544
2015-12-04T17:30:00Z,35.07,35.285,35.03,35.17,501094,541292.8,35.8278169399894,35.34674999999993,36.540392639162754,34.153107360837105,35.86937499999989,34.92000000000004,42.97887964959563,44.20509524053019,37.130555643921454
2015-12-04T18:30:00Z,35.18,35.26,35.12,35.255,305284,528424.85,35.79987465023382,35.30499999999993,36.44911974898958,34.160880251010276,35.81624999999989,35.063000000000045,45.06672475097186,50.94105045672034,44.6234382033663
2015-12-04T19:30:00Z,35.25,35.47,35.23,35.295,621183,524883.55,35.7752466185151,35.26224999999992,36.33877902888391,34.185720971115934,35.765874999999895,35.14800000000004,46.06750514480366,56.82631178465221,50.657485827300974
2015-12-04T20:30:00Z,35.2999,35.53,35.29,35.44,704783,546231.85,35.758893124928996,35.23324999999993,36.25649618251362,34.21000381748623,35.72762499999989,35.24600000000004,49.64853622186095,64.70295536590275,57.49010586909183
2015-12-07T14:30:00Z,35.22,36.02,35.22,36.02,535976,549162.35,35.77163004566417,35.24274999999993,36.291198735050166,34.194301264949694,35.704874999999895,35.43600000000004,60.8471774230012,78.63186987118603,66.72037900724706
2015-12-07T15:30:00Z,36.02,36.22,35.98,36.06,714784,570039.55,35.78569687270494,35.24249999999992,36.29016645456929,34.194833545430555,35.6836249999999,35.61400000000005,61.483412650349806,88.5547220919935,77.29651577636082
2015-12-07T16:30:00Z,36.0625,37.5,36.05,36.37,1006760,604761.4,35.81419946428031,35.25999999999992,36.36893191857293,34.15106808142691,35.6726249999999,35.83700000000004,66.08336915926859,85.72763745487305,84.30474313935092
2015-12-07T17:30:00Z,36.375,36.5,36.2,36.37,375415,608759.4,35.841311685534926,35.284499999999916,36.46639212707073,34.1026078729291,35.6596249999999,36.052000000000035,66.08336915926859,74.15569685067437,82.81268546584704
2015-12-07T18:30:00Z,36.37,36.66,36.29,36.5,451176,615237.55,35.87344282282591,35.31574999999992,36.588036426096565,34.04346357390328,35.6358749999999,36.26400000000004,67.9452397133558,66.61546338965685,75.49959923173482
2015-12-07T19:30:00Z,36.5,36.66,36.39,36.49,612313,620599.7,35.90351878268806,35.354749999999925,36.71758335372602,33.99191664627383,35.637249999999895,36.35800000000004,67.63765365715177,67.8443420378904,69.53850075940727
2015-12-07T20:30:00Z,36.49,36.74,36.4,36.61,797723,625508.2,35.93798128109352,35.427999999999926,36.89162016931588,33.964379830683974,35.65174999999989,36.46800000000004,69.4262885563859,69.62530354417929,68.02836965724224
2015-12-08T14:30:00Z,36.66,37.02,36.31,36.51,710132,628572.25,35.9658846332353,35.50299999999992,37.025788232167926,33.98021176783192,35.659749999999896,36.49600000000004,66.1454481900274,67.86595894612498,68.44520150939829
2015-12-08T15:30:00Z,36.51,37.17,36.44,36.995,962047,637485.85,36.01608538283357,35.60524999999992,37.236542355781005,33.973957644218835,35.687124999999895,36.621000000000045,72.84737145595952,71.65908575293317,69.71678274774588
2015-12-08T16:30:00Z,36.985,37.17,36.9,37.14,411434,627176.6,36.07091048610999,35.72174999999992,37.439723442760084,34.00377655723976,35.72387499999989,36.749000000000045,74.4743088439954,76.59176525570126,72.03893665158654
2015-12-08T17:30:00Z,37.14,37.22,37.045,37.125,265851,607059.95,36.12232948678755,35.85724999999992,37.569060372099656,34.14543962790019,35.7592499999999,36.87600000000005,73.98047142305394,83.33966441536516,77.1968384746666
2015-12-08T18:30:00Z,37.13,37.2,37.06,37.125,362716,600622.5,36.17124024352962,35.99524999999993,37.64758009717401,34.34291990282585,35.7998749999999,36.97900000000004,73.98047142305394,84.40714342417125,81.44619103174597
2015-12-08T19:30:00Z,37.13,37.16,36.93,36.97,501819,585821.45,36.210204134089146,36.116749999999925,37.678038810575316,34.555461189424534,35.8331249999999,37.07100000000004,68.53425359457853,81.51690500761704,83.08790428238456
2015-12-08T20:30:00Z,36.97,37.02,36.82,36.9,944297,587700.05,36.24385271291406,36.21824999999993,37.704262365368535,34.73223763463132,35.854124999999904,37.05200000000004,66.16528593473537,77.99707602339174,81.30704148506008
2015-12-09T14:30:00Z,36.43,36.89,36.18,36.49,474618,589798.25,36.25585989764996,36.29524999999993,37.66550353494382,34.92499646505605,35.8684999999999,36.92200000000004,54.3214294893728,61.33040935672516,73.61479679591139
2015-12-09T15:30:00Z,36.495,36.67,36.17,36.22,549139,590427.2,36.25411063434996,36.35274999999993,37.603851414764826,35.10164858523503,35.8734999999999,36.74100000000004,48.20222936264706,39.65366001209927,59.66038179740547
2015-12-09T16:30:00Z,36.22,36.24,35.96,36.08,310890,580917,36.24561743267436,36.39824999999993,37.53494378023536,35.26155621976451,35.8724999999999,36.532000000000046,45.349596697823465,18.266859677930473,39.75030968225171
2015-12-09T17:30:00Z,36.07,36.12,35.745,35.81,348051,583055.35,36.22436780181219,36.42599999999993,37.47328028723262,35.37871971276724,35.8654999999999,36.30000000000005,40.385659104352484,8.551575705287016,22.157365131772334
2015-12-09T18:30:00Z,35.82,36.01,35.74,35.78,243465,564169.45,36.20269132367501,36.45024999999994,37.41049723380172,35.49000276619816,35.856249999999896,36.07600000000004,39.8635384145237,5.544430629176374,10.787622004131364
2015-12-09T19:30:00Z,35.78,36.15,35.73,36.0675,415888,549724.7,36.19609662495916,36.48162499999994,37.34378257696888,35.619467423031,35.857437499999904,35.991500000000045,46.9428197409618,9.920163025043177,8.005389786502265
2015-12-09T20:30:00Z,36.07,36.25,36.02,36.08,536630,549757.4,36.19043337496115,36.48462499999993,37.34073287143117,35.62851712856869,35.8636874999999,35.963500000000046,47.233667057583375,16.28121410000612,10.5819359180753
2015-12-10T14:30:00Z,36.25,36.695,36.05,36.58,562384,542137.4,36.20943662496305,36.51062499999993,37.34487597394384,35.676374026056024,35.87656249999989,36.06350000000005,57.313552256771196,34.395973154362515,20.199116759804014
2015-12-10T15:30:00Z,36.555,36.65,36.35,36.375,256506,504624.7,36.21751288715997,36.510874999999935,37.34496023996377,35.6767897600361,35.885437499999895,36.17650000000005,52.85538409763903,41.275167785234935,30.65078501320127
2015-12-10T16:30:00Z,36.371,36.46,36.335,36.41,209413,496324.6,36.22690250242046,36.51287499999994,37.345790474418365,35.67995952558151,35.898687499999895,36.30250000000004,53.52014089787377,48.657718120805356,41.44295302013435
2015-12-10T17:30:00Z,36.41,36.51,36.35,36.4194,159150,481723.3,36.23629262425361,36.50884499999994,37.34275002212427,35.6749399778756,35.912297499999895,36.37288000000004,53.708928042267274,45.274711226772645,45.06919904427105
2015-12-10T18:30:00Z,36.41,36.46,36.37,36.425,202109,461213.1,36.24549786209489,36.50559499999993,37.34027476249959,35.67091523750027,35.9301724999999,36.44188000000004,53.82924295677896,47.04564722589652,46.992692191158255
2015-12-10T19:30:00Z,36.43,36.51,36.35,36.4,196783,431166.1,36.253034551748804,36.495094999999935,37.3295404960782,35.66064950392167,35.961547499999895,36.40588000000004,53.16491275080436,49.14578076039871,47.15537973768937
2015-12-10T20:30:00Z,36.4,36.41,36.25,36.335,451032,418211.1,36.25703286629764,36.48634499999993,37.323647027901316,35.64904297209854,35.99467249999989,36.397880000000036,51.3891094833689,50.89818517043856,49.02987105224468
2015-12-11T14:30:00Z,35.96,36.4,35.79,36.38,371964,388706.95,36.26303126306361,36.45559499999993,37.26046039615356,35.6507296038463,36.03042249999989,36.391880000000036,52.570257573148844,57.15022328776177,52.39806307286642
2015-12-11T15:30:00Z,36.38,36.47,36,36.02,336347,384952.6,36.25117607949953,36.399594999999934,37.16086424666922,35.63832575333065,36.06067249999989,36.31200000000004,43.47032226348197,49.85483294622151,52.63441380147403
2015-12-11T16:30:00Z,36.01,36.08,35.99,36,308809,387100.5,36.23892358781663,36.343344999999935,37.0458884975321,35.640801502467774,36.10029749999988,36.22700000000004,43.02473925097783,41.79620034542347,49.60041885980234
2015-12-11T17:30:00Z,36.01,36.15,35.94,35.995,546591,396294.25,36.227024876215815,36.286844999999936,36.90561014601607,35.6680798539838,36.141047499999885,36.146000000000036,42.90633103528291,28.49740932642507,40.049480872690104
2015-12-11T18:30:00Z,36,36.23,35.94,36.23,298274,386117,36.227170004205284,36.24984499999994,36.783418262002264,35.71627173799761,36.18329749999989,36.125000000000036,49.88699280448891,35.75129533678753,35.34830166954544
2015-12-11T19:30:00Z,36.225,36.27,36,36.005,628982,370351.25,36.21633244302454,36.205094999999936,36.656913200080474,35.7532767999194,36.211672499999885,36.05000000000003,44.3019006745577,34.3438391587706,32.86418127399449
2015-12-11T20:30:00Z,36,36.06,35.9,36.01,1141908,403715.75,36.20626744580383,36.18109499999994,36.62065606051549,35.74153393948439,36.238172499999884,36.04800000000003,44.450731718594426,33.293256615044,34.462797036867464
2015-12-14T14:30:00Z,36,36.68,35.91,35.95,795360,416026.8,36.19376659478901,36.16759499999994,36.61799835913815,35.717191640861735,36.26017249999988,36.03800000000003,42.96700418305121,22.01460881080985,29.88390152820824
2015-12-14T15:30:00Z,35.95,36.25,35.845,36.19,484516,424708.1,36.19358285845784,36.17309499999995,36.62176860733764,35.72442139266225,36.28567249999988,36.077000000000034,50.13670293528368,29.07691352660002,28.12825965081805
2015-12-14T16:30:00Z,36.18,36.57,35.96,36.55,401405,427375.8,36.21096906048428,36.21009499999994,36.6549274245411,35.76526257545878,36.318047499999885,36.141000000000034,58.553365842869376,49.43820224719095,33.50990819486703
2015-12-14T17:30:00Z,36.54,36.57,36.41,36.47,667823,448593.7,36.22360471607041,36.24459499999993,36.65645500767778,35.83273499232209,36.34742249999988,36.23400000000003,56.27992015018761,68.9138576779024,49.14299115056455
2015-12-14T18:30:00Z,36.47,36.55,36.29,36.53,430112,449304.9,36.23855082748161,36.26771999999994,36.68903731322415,35.84640268677573,36.37467249999988,36.33800000000004,57.609300483319814,81.64794007490627,66.66666666666663
2015-12-14T19:30:00Z,36.531,36.63,36.445,36.51,537184,449332.6,36.25179225053129,36.289219999999936,36.71389804090117,35.8645419590987,36.38692249999988,36.45000000000003,56.98727295290966,80.14981273408233,76.9038701622971
2015-12-14T20:30:00Z,36.51,36.56,36.38,36.53,565166,449471.7,36.26536336026147,36.28671999999993,36.70506296746191,35.86837703253795,36.39867249999988,36.518000000000036,57.481672271200836,82.39700374531837,81.39825218476909
2015-12-15T14:30:00Z,36.58,37.44,36.56,37.39,839962,478644.5,36.32022368415115,36.33746999999994,36.975118232509274,35.699821767490604,36.42417249999989,36.686000000000035,72.25145795595304,86.97004919399342,83.17228855779814
2015-12-15T15:30:00Z,37.39,38.06,37.35,37.9,749439,505645.8,36.39728594346085,36.41196999999993,37.34558777426526,35.478352225734604,36.46242249999989,36.97200000000003,77.28968357568652,90.92926495983916,86.76543929971707
2015-12-15T16:30:00Z,37.91,38.05,37.74,37.96,509725,523174.55,36.47351589743837,36.48899999999993,37.64103124958665,35.33696875041321,36.49892249999989,37.25800000000003,77.80036381969808,95.0423515925189,90.98055524878392
2015-12-15T17:30:00Z,37.95,38.14,37.8,37.8,362259,531182.05,36.53822243902674,36.557749999999935,37.84273822952732,35.27276177047255,36.53167249999989,37.516000000000034,73.08099683401039,91.14901206699535,92.37354287311791
2015-12-15T18:30:00Z,37.8,37.98,37.7,37.94,460950,544390.4,36.60660183224495,36.63474999999993,38.05059771427716,35.218902285722706,36.56492249999989,37.79800000000003,74.53649937251222,90.65197184968781,92.28111183640078
2015-12-15T19:30:00Z,37.94,38.2,37.9,38.12,716518,557664.7,36.68042613311105,36.72399999999993,38.27189728342157,35.17610271657829,36.60517249999988,37.94400000000003,76.31006405858739,91.02452021148143,90.94183470938829
2015-12-15T20:30:00Z,38.12,38.355,38.05,38.16,984567,588294.85,36.75260046808124,36.81299999999993,38.47223295532153,35.15376704467833,36.63429749999989,37.99600000000002,76.69846970733815,93.3731503821568,91.68321414777544
2015-12-16T14:30:00Z,38.32,38.79,38.17,38.705,586047,600779.85,36.84783946963825,36.94724999999993,38.75587509935709,35.138624900642775,36.67342249999989,38.145000000000024,81.21708894784491,95.31593340620088,93.23786799994646
2015-12-16T15:30:00Z,38.7,38.84,38.62,38.755,620695,616374.15,36.94087169063151,37.08499999999994,39.00055736014983,35.16944263985005,36.71417249999989,38.33600000000003,81.57019106529127,95.46447964352107,94.71785447729302
2015-12-16T16:30:00Z,38.74,38.76,38.56,38.66,307487,604418.95,37.02473160816168,37.218249999999934,39.18213460710518,35.254365392894684,36.75254749999989,38.480000000000025,78.54874427185621,95.70117990131332,95.49386431701186
2015-12-16T17:30:00Z,38.65,38.76,38.485,38.575,262476,602629.05,37.10035445654404,37.33549999999993,39.32915970015575,35.341840299844115,36.79267249999989,38.571000000000026,75.84184337898138,93.19921023965128,94.78828992816199
2015-12-16T18:30:00Z,38.58,38.88,38.12,38.73,438968,593128.35,37.17984936110287,37.47174999999993,39.455509751085124,35.487990248914734,36.838422499999886,38.685000000000024,77.37312523868681,92.18300653594751,93.6944655589708
2015-12-16T19:30:00Z,38.71,39.05,38.65,38.995,652084,568637.15,37.26839329470761,37.62099999999993,39.591511608700834,35.65048839129903,36.90104749999988,38.74300000000003,79.73782626139773,93.84930601454055,93.07717426337986
2015-12-16T20:30:00Z,39,39.25,38.95,39.14,808756,569306.95,37.35969118277065,37.780499999999925,39.69992152744697,35.86107847255288,36.974047499999884,38.82000000000003,80.91323981613334,95.95028519183724,93.99419924744184
2015-12-17T14:30:00Z,39.18,39.51,39,39.215,485397,569351,37.45019405190379,37.93174999999993,39.802122355983315,36.061377644016545,37.052422499999885,38.931000000000026,81.51069214449365,93.39781605603493,94.39913575413766
2015-12-17T15:30:00Z,39.23,39.35,39.06,39.33,565687,577565.1,37.54189190303044,38.07074999999993,39.9228252549574,36.21867474504246,37.140422499999886,39.08200000000003,82.41940340587404,90.76954062684075,93.37254729157105
2015-12-17T16:30:00Z,39.33,39.74,39.26,39.64,377973,563072.6,37.64423863946798,38.22924999999994,40.04851434308611,36.40998565691376,37.23692249999989,39.264000000000024,84.61455207157275,90.49862680902116,91.55532783063238
2015-12-17T17:30:00Z,39.64,39.76,39.52,39.53,626308,572882.4,37.73622699851832,38.37924999999993,40.105698015443075,36.65280198455678,37.323484999999884,39.37100000000002,80.76111466862848,91.32941309692715,90.86586017759645
2015-12-17T18:30:00Z,39.52,39.76,39.51,39.67,410283,566537.35,37.8305573888345,38.53724999999993,40.12317394206908,36.95132605793078,37.41323499999989,39.477000000000025,81.89144915848283,93.0314269981926,91.6198223013804
2015-12-17T19:30:00Z,39.66,39.7,39.22,39.27,614050,568981.55,37.90077410157428,38.67424999999993,39.99396692041402,37.35453307958584,37.48048499999989,39.48800000000003,69.35385229129393,85.11375700621933,89.82486570044644
2015-12-17T20:30:00Z,39.265,39.42,39.2,39.2,744059,564186.4,37.964150974668215,38.76474999999993,39.962378803105686,37.56712119689417,37.55110999999989,39.46200000000003,67.40887055511081,77.45332603297761,85.1995033457966
2015-12-18T14:30:00Z,39,39.28,38.56,38.76,354990,544463.95,38.00297287834294,38.80774999999993,39.93795562289654,37.67754437710332,37.609859999999884,39.28600000000002,56.65379917734326,58.7410260067515,73.7693696819829
2015-12-18T15:30:00Z,38.76,39.0899,38.61,38.64,335801,535767.75,38.034047372082306,38.84174999999993,39.906941414736586,37.77655858526327,37.665374999999884,39.108000000000025,54.11779707498784,45.52845528455301,60.57426910809412
2015-12-18T16:30:00Z,38.635,38.74,38.28,38.35,318330,533571.3,38.04945969539536,38.86924999999992,39.850536273229636,37.88796372677021,37.71349999999988,38.84400000000003,48.47097898765625,28.252032520325344,44.17383793721003
2015-12-18T17:30:00Z,38.35,38.43,38.24,38.415,243914,522719.5,38.06729092976632,38.89299999999993,39.803622863773455,37.982377136226404,37.763874999999885,38.67300000000002,49.736918172248274,21.23983739837415,31.67344173441758
2015-12-18T18:30:00Z,38.41,38.99,38.36,38.97,409092,507348.2,38.11132551855821,38.93549999999992,39.7743617287913,38.09663827120854,37.82974999999988,38.627000000000024,58.99919304966208,26.67950363714171,25.39045785194715
2015-12-18T19:30:00Z,38.96,38.965,38.18,38.19,630560,489647.85,38.115163298140736,38.93699999999992,39.770399064092636,38.1036009359072,37.87499999999988,38.51300000000002,46.132618029410224,22.215677353309133,23.37833946294175
2015-12-18T20:30:00Z,38.19,38.305,37.63,38.01,3898193,655255.15,38.11003338115826,38.90224999999992,39.82465162078685,37.97984837921298,37.92474999999989,38.38700000000002,43.76088621586516,22.166534256244272,23.687238415565123
2015-12-21T14:30:00Z,38.04,38.19,37.8,38.02,616923,655066.55,38.105641508906636,38.86549999999992,39.8638781848726,37.86712181512724,37.97524999999988,38.32100000000002,43.93334063831562,12.261048711396285,18.88108677364998
2015-12-21T15:30:00Z,38.02,38.16,37.86,38.16,196880,649536.2,38.10829314261851,38.84049999999992,39.88230564407645,37.79869435592339,38.02937499999988,38.270000000000024,46.41090534943395,20.344287949921632,18.257290305854145
2015-12-21T16:30:00Z,38.14,38.25,37.895,38.195,156902,644257.5,38.11252274541761,38.82149999999992,39.89534868581587,37.747651314183976,38.078499999999885,38.11500000000002,47.040969893852456,23.239436619718234,18.614924427012138
2015-12-21T17:30:00Z,38.195,38.57,38.17,38.56,224034,633510.8,38.13435090417772,38.81299999999992,39.89228865463792,37.73371134536191,38.14237499999989,38.18900000000002,53.21821599791506,31.69014084507035,25.091288471570156
2015-12-21T18:30:00Z,38.56,38.705,38.51,38.665,223293,612071.25,38.16023622592515,38.79649999999992,39.87424347598605,37.718756524013784,38.20874999999988,38.32000000000003,54.849750107097506,40.06259780907663,31.664058424621818
2015-12-21T19:30:00Z,38.66,38.79,38.57,38.735,421841,592725.5,38.1882734831971,38.77624999999991,39.842574880152576,37.70992511984725,38.27837499999988,38.46300000000002,55.952641312230966,51.797938468801554,41.18355904098293
2015-12-21T20:30:00Z,38.74,38.98,38.63,38.97,603171,598614.2,38.226406484016756,38.76399999999991,39.81540667680583,37.71259332319399,38.34787499999989,38.62500000000002,59.52695678786383,64.31465492917991,52.05839706901944
2015-12-22T14:30:00Z,38.99,39.1,38.36,38.83,337390,587199.35,38.25585007016228,38.73899999999991,39.75868426487363,37.719315735126195,38.404874999999876,38.752000000000024,56.58124426505643,74.85887261625471,63.65715533807881
2015-12-22T15:30:00Z,38.83,39.26,38.74,38.97,325715,584586.45,38.290686652105585,38.70549999999991,39.645488829738824,37.76551117026099,38.467374999999876,38.834000000000024,58.778041559089104,81.68445441013351,73.61932731852279
2015-12-22T16:30:00Z,38.98,39.11,38.805,39.06,207486,563645.35,38.32821413249068,38.68199999999991,39.5598063567961,37.80419364320372,38.53062499999988,38.913000000000025,60.17308718533922,83.85710112265764,80.13347604968205
2015-12-22T17:30:00Z,39.05,39.12,39.02,39.08,157045,550983.45,38.364886613832596,38.65249999999991,39.42936227867717,37.875637721322654,38.594874999999874,38.98200000000001,60.49305435172656,86.29856850715753,83.94670801331631
2015-12-22T18:30:00Z,39.08,39.25,39.02,39.155,195774,530069.65,38.403428730231006,38.64674999999991,39.40676496697877,37.886735033021054,38.66049999999988,39.01900000000002,61.734567572043446,90.08179959100217,86.74582307360588
2015-12-22T19:30:00Z,39.16,39.41,39.15,39.35,249974,505365.4,38.44960293851242,38.65424999999991,39.43852849009841,37.86997150990141,38.70949999999988,39.12300000000002,64.82925959867814,93.04818363548645,89.80951724454879
2015-12-22T20:30:00Z,39.35,39.38,39.11,39.25,498616,512546.7,38.488646697609376,38.67874999999991,39.50424303451481,37.85325696548501,38.74324999999988,39.179000000000016,62.05750245463381,93.41653583099263,92.18217301916052
2015-12-23T14:30:00Z,39.49,39.995,39.31,39.92,325184,512015.85,38.558468809921116,38.742749999999916,39.729104272069904,37.75639572792993,38.792249999999875,39.35100000000001,71.00287670775757,94.39281490744268,93.61917812464067
2015-12-23T15:30:00Z,39.93,40.13,39.9,40.11,341431,513170.9,38.634153258217644,38.83074999999992,39.964303152714685,37.69719684728515,38.84999999999987,39.557000000000016,72.95045968964703,95.21812555101728,94.34249209648426
2015-12-23T16:30:00Z,40.11,40.35,40.04,40.295,254840,513717.2,38.71517017245093,38.92474999999992,40.20687119163111,37.64262880836873,38.908874999999874,39.78500000000002,74.73015801937952,97.68977635733097,95.76690560526373
2015-12-23T17:30:00Z,40.29,40.32,40.04,40.055,195618,503043.5,38.7805277250143,38.978999999999914,40.35273432658204,37.60526567341779,38.95724999999988,39.92600000000002,68.43921541714067,93.91936301034615,95.60908830623156
2015-12-23T18:30:00Z,40.0501,40.115,39.875,39.93,312079,487119.45,38.836599543306285,39.06599999999991,40.44920135917793,37.68279864082189,39.00149999999987,40.062000000000026,65.35338969401744,87.18247199299243,92.93053712022328
2015-12-23T19:30:00Z,39.94,40.03,39.84,40.03,317058,308062.7,38.89481419973037,39.16699999999991,40.52172284989647,37.81227715010335,39.03462499999988,40.084000000000024,66.64892967278105,82.6633165829145,87.92171719541778
2015-12-23T20:30:00Z,40.025,40.13,39.96,40.13,493519,301892.5,38.95506716559718,39.27249999999991,40.58135637104811,37.96364362895171,39.068999999999875,40.08800000000002,67.93996676403793,83.91959798994974,84.58846218861898
2015-12-24T14:30:00Z,40.2,40.25,39.74,39.89,242874,304192.2,39.00067364532415,39.35899999999991,40.588595868581685,38.129404131418134,39.09974999999987,40.007000000000026,61.76069826989753,81.43096434553719,82.67129297280057
2015-12-24T15:30:00Z,39.8794,39.89,39.71,39.85,181557,305424.95,39.042104199210776,39.441749999999914,40.565027681622546,38.31847231837728,39.13162499999987,39.96600000000002,60.768668085350555,76.00361183324543,80.45139138957755
2015-12-24T16:30:00Z,39.85,39.94,39.825,39.85,143631,301404.8,39.08151375046879,39.506249999999916,40.56594276209204,38.44655723790779,39.15962499999987,39.95000000000003,60.768668085350555,67.15737563974658,74.86398393950982
2015-12-24T17:30:00Z,39.84,39.85,39.65,39.66,222149,301347.6,39.109732591909335,39.55599999999991,40.54404655762326,38.56795344237656,39.17624999999987,39.87600000000002,55.8286055566889,59.38795208084921,67.51631318461382
2015-12-28T14:30:00Z,39.56,39.83,39.4,39.59,150072,287759.15,39.13316027035278,39.59874999999992,40.51217692648593,38.685323073513906,39.18749999999987,39.76800000000002,54.08418132447719,49.74533106960942,58.7635529300685
2015-12-28T15:30:00Z,39.58,39.59,39.35,39.4,192150,267208.1,39.14617684253069,39.62024999999992,40.4927949845298,38.74770501547004,39.192124999999876,39.67000000000002,49.557833853685516,36.73902498180926,48.62410271075606
2015-12-28T16:30:00Z,39.4,39.55,39.38,39.461,99224,255299.8,39.16153406972432,39.651799999999916,40.45025240310841,38.853347596891425,39.19539999999987,39.59220000000002,50.97638144859266,25.538668320926305,37.34100812411509
2015-12-28T17:30:00Z,39.47,39.58,39.39,39.53,101994,244113.75,39.179508017542645,39.679799999999915,40.417625887340215,38.941974112659615,39.19264999999987,39.52820000000002,52.60017517529224,18.635442514474597,26.971045272403483
2015-12-28T18:30:00Z,39.52,39.66,39.52,39.655,107987,239138.8,39.20270274839422,39.709549999999915,40.390827762759756,39.028272237240074,39.19577499999987,39.52720000000002,55.4772619774761,21.006410256410106,21.7268403639371
2015-12-28T19:30:00Z,39.66,39.69,39.61,39.64,126409,237607,39.22403432164329,39.73754999999991,40.35618089967304,39.118919100326785,39.195024999999866,39.53720000000003,55.045480680909364,26.132302405498233,21.924718392127744
2015-12-28T20:30:00Z,39.65,39.78,39.645,39.77,277020,241669.3,39.25066679375825,39.76829999999991,40.32620647964555,39.21039352035427,39.20752499999987,39.611200000000025,58.08989877034136,35.687857961053886,27.60885687432084
2015-12-29T14:30:00Z,39.9,40.15,39.6,40.11,297086,244024.9,39.29258548674565,39.806299999999915,40.34837051204541,39.26422948795442,39.23027499999987,39.74100000000003,64.80343665334243,53.669339442535346,38.49649993636259
2015-12-29T15:30:00Z,40.12,40.2025,40.03,40.15,142589,226223.55,39.33441058495318,39.85129999999991,40.3487660189718,39.35383398102802,39.265024999999866,39.86500000000002,65.5035571721206,73.33333333333331,54.230176912307606
2015-12-29T16:30:00Z,40.16,40.22,39.99,40.05,113818,215655.25,39.369317385687175,39.857799999999905,40.362037880403285,39.353562119596525,39.30027499999987,39.944000000000024,62.17385758878536,83.70370370370348,70.23545882652415
2015-12-29T17:30:00Z,40.03,40.1,39.91,40.06,176943,207430.85,39.4030092205317,39.85529999999991,40.35498674190234,39.35561325809748,39.34302499999987,40.02800000000002,62.379800074021695,82.7586206896551,79.9318859088974
2015-12-29T18:30:00Z,40.05,40.08,39.97,40.035,148351,202106.4,39.43383803904235,39.84229999999991,40.30792005973888,39.376679940260935,39.38352499999987,40.081000000000024,61.47863816407474,79.37420178799478,81.94550872711788
2015-12-29T19:30:00Z,40.05,40.065,40.0046,40.05,173140,200982.5,39.46389472006467,39.84204999999991,40.307218130928426,39.37688186907139,39.41052499999987,40.069000000000024,61.83489340476255,80.26819923371639,80.80034057045552
2015-12-29T20:30:00Z,40.05,40.15,39.99,40.12,387934,204775.25,39.495899855671276,39.85154999999991,40.33105452555765,39.372045474442174,39.458774999999875,40.063000000000024,63.529962119195304,82.56704980842886,80.73648361004676
2015-12-30T14:30:00Z,40.05,40.05,39.5299,39.65,585761,218210.4,39.503416935882434,39.83254999999991,40.3123793342752,39.352720665724625,39.49977499999987,39.983000000000025,48.086935206636525,67.81609195402277,76.8837803320561
2015-12-30T15:30:00Z,39.655,39.99,39.64,39.89,253982,206233.55,39.52227464632719,39.82054999999991,40.281662773657544,39.35943722634228,39.546524999999875,39.94900000000003,54.20818070096124,61.234263820470595,70.53913519430749
2015-12-30T16:30:00Z,39.88,39.89,39.74,39.85,143721,201275.9,39.538261248945375,39.81854999999992,40.278786667411566,39.35831333258827,39.58877499999987,39.91200000000002,53.08469920948958,50.20624369398778,59.75219982282713
2015-12-30T17:30:00Z,39.85,39.91,39.76,39.91,143281,199362.1,39.556394846557794,39.82154999999991,40.28334713081815,39.35975286918167,39.63164999999988,39.88400000000003,54.60451073529452,57.28341939185301,56.24130896877055
2015-12-30T18:30:00Z,39.9,40,39.87,39.93,252368,204798.95,39.57461948818912,39.825549999999915,40.28964372978935,39.36145627021048,39.66589999999987,39.846000000000025,55.12634204202748,56.37102574289949,54.62022960958018
2015-12-30T19:30:00Z,39.94,39.96,39.86,39.875,326463,210014.65,39.589272196082334,39.836299999999916,40.29447948451359,39.378120515486245,39.696149999999875,39.89100000000003,53.31143179293535,54.566211936158254,56.07355235697033
2015-12-30T20:30:00Z,39.87,39.875,39.65,39.745,692988,237160.45,39.59686867432222,39.84404999999991,40.29039357845853,39.397706421541294,39.721399999999875,39.86200000000002,49.18921160584056,46.38458194464581,52.440606541234594
2015-12-31T14:30:00Z,39.53,39.6978,38.73,38.77,501677,252636.8,39.556533617038205,39.812549999999916,40.43426873868328,39.19083126131655,39.71639999999988,39.64600000000003,30.27894839694453,27.953734941633964,42.96817627414609
2015-12-31T15:30:00Z,38.78,39.179,38.74,38.98,472834,271317.3,39.52841002596317,39.788499999999914,40.49428396130196,39.08271603869787,39.72014999999988,39.46000000000002,35.98708887304893,16.87749432935676,30.40527040521226
2015-12-31T16:30:00Z,38.96,39.5,38.94,39.48,214819,276958.55,39.52604856128204,39.78599999999991,40.49577179433341,39.07622820566641,39.73289999999988,39.370000000000026,47.09352964828533,24.093329552257725,22.974852941082897
2015-12-31T17:30:00Z,39.48,39.505,39.11,39.18,276316,285375,39.50916814365853,39.762249999999916,40.518249173299104,39.00625082670073,39.73589999999988,39.23100000000003,42.34611826510548,33.761855247818026,24.910893043144245
2015-12-31T18:30:00Z,39.17,39.37,39.14,39.25,265976,292353.35,39.49652579518738,39.74274999999991,40.529836240529754,38.95566375947006,39.74014999999988,39.132000000000026,43.7704837481596,40.37558685446018,32.74359055151205
2015-12-31T19:30:00Z,39.26,39.48,39.07,39.215,524819,304743.3,39.48279282956848,39.71499999999991,40.53474386245391,38.895256137545914,39.74164999999988,39.22100000000003,43.19585199584482,34.15492957746503,36.097457226581156
2015-12-31T20:30:00Z,39.22,39.24,39.06,39.12,562596,318018.8,39.46509561837002,39.66549999999991,40.5032225077743,38.827777492225515,39.73589999999987,39.24900000000003,41.599471790107096,33.440034144259705,35.99018352539505
2016-01-04T14:30:00Z,38.86,39.02,38.46,38.98,1116087,366693.7,39.441432417473926,39.60699999999991,40.46439372521117,38.74960627478865,39.729149999999876,39.14900000000003,39.294752879394096,32.48887262971777,33.36127878381424
2016-01-04T15:30:00Z,38.99,38.99,38.52,38.61,462711,384138.35,39.40087473857276,39.53499999999991,40.469847581175316,38.60015241882451,39.696399999999876,39.03500000000003,33.942545529441105,24.350649350649253,30.09318537487565
2016-01-04T16:30:00Z,38.61,38.715,38.56,38.6811,321642,391373.3,39.36576377571555,39.46605499999991,40.438490288299164,38.49361971170066,39.66067749999988,38.921220000000034,35.75347108302775,19.28787878787868,25.375800256081973
2016-01-04T17:30:00Z,38.68,38.735,38.53,38.55,249691,396440.3,39.3259704208026,39.391804999999906,40.405052161323965,38.378557838675846,39.61705249999988,38.78822000000004,33.907631350935915,9.980519480519371,17.873015873015838
2016-01-04T18:30:00Z,38.545,38.91,38.53,38.715,453405,410453.55,39.2961669856415,39.325054999999914,40.33193951667978,38.318170483320046,39.58355249999988,38.70722000000003,38.229976853590586,12.400432900432877,13.889610389610382
2016-01-04T19:30:00Z,38.71,38.825,38.61,38.69,527459,417429.8,39.2665978643907,39.25355499999991,40.22702245704678,38.28008754295305,39.552552499999884,38.64922000000003,37.82632857861391,13.032857601762101,11.804603327571526
2016-01-04T20:30:00Z,38.69,38.96,38.68,38.94,581750,417229.25,39.250666261249684,39.218054999999914,40.18284902461308,38.25326097538675,39.52530249999988,38.71522000000003,44.17407641214761,24.0109649686237,16.48141849027297
2016-01-05T14:30:00Z,38.9,39.81,38.76,39.79,437899,426425.1,39.27697522411555,39.21305499999992,40.16481637236574,38.261293627634096,39.51680249999988,38.93700000000003,59.36481764263619,51.18380447479641,29.40920901506081
2016-01-05T15:30:00Z,39.8,40.05,39.62,39.82,555570,447017.55,39.30346423757333,39.21155499999991,40.15938271110048,38.26372728889935,39.51505249999988,39.19100000000003,59.78078917115478,74.2771958860758,49.823988443165376
2016-01-05T16:30:00Z,39.825,40.04,39.74,39.77,521592,465933.1,39.326222079642925,39.204554999999914,40.133526716430886,38.27558328356894,39.51305249999989,39.40200000000003,58.702216710174454,88.81434894013519,71.4251164336692
2016-01-05T17:30:00Z,39.78,40.03,39.72,40,560807,481355.05,39.3590892952701,39.20805499999991,40.148391062229976,38.26771893776984,39.51680249999989,39.66400000000003,62.090489550657075,88.25995807127906,83.78383429916343
2016-01-05T18:30:00Z,39.99,40.42,39.9501,40.19,763458,503204.8,39.399621524769124,39.22380499999991,40.217343992656446,38.23026600734338,39.53005249999989,39.91400000000003,64.66927179187331,89.17019638043907,88.74816779728451
2016-01-05T19:30:00Z,40.18,40.28,39.9717,40.279,845725,510841.65,39.442518035755995,39.25050499999991,40.3241094997715,38.17690050022832,39.54727749999989,40.01180000000004,65.84143269271902,92.64225816112611,90.02413753761482
2016-01-05T20:30:00Z,40.28,40.5,40.04,40.2,1209773,546246.45,39.479468375475214,39.32200499999991,40.44730885315665,38.196701146843175,39.56727749999989,40.08780000000003,63.81749940680167,88.78851540616246,90.2003233159093
2016-01-06T14:30:00Z,39.56,39.97,39.33,39.841,1356500,590429.75,39.497104064476424,39.36505499999991,40.50056071549807,38.22954928450176,39.57677749999989,40.10200000000003,55.47249348876696,81.60580393773678,87.67885916834184
2016-01-06T15:30:00Z,39.84,39.99,39.78,39.87,635528,611465.2,39.51529411011172,39.384554999999914,40.5404977537422,38.228612246257626,39.58527749999989,40.076000000000036,55.97332424800711,73.3438646442528,81.24606132938408
2016-01-06T16:30:00Z,39.88,39.94,39.79,39.81,341841,614741.45,39.52967000717944,39.41605499999991,40.58227401456402,38.249835985435794,39.589152499999884,40.000000000000036,54.60486493013991,66.57069852501321,73.840122369001
2016-01-06T17:30:00Z,39.8,39.91,39.76,39.84,459351,624410.2,39.544808055609714,39.44555499999991,40.62327177831687,38.26783822168296,39.59415249999989,39.912200000000034,55.19470573345406,66.49746192893404,68.80400836606675
2016-01-06T18:30:00Z,39.85,40.38,39.82,40.02,939614,645149.95,39.56798815045802,39.48580499999991,40.68409663809606,38.287513361903756,39.600402499999895,39.87620000000003,58.66509637003954,68.69175194048303,67.25330413147682
2016-01-06T19:30:00Z,40.02,40.02,39.65,39.88,981525,666096.4,39.58320824067958,39.52380499999991,40.72148698196765,38.32612301803217,39.59465249999989,39.884000000000036,55.0909718679414,69.01156748872499,68.06692711938075
2016-01-06T20:30:00Z,39.89,40.18,39.885,40.05,1651880,692886.05,39.60597857040253,39.5773049999999,40.76861712951598,38.385992870483825,39.59215249999989,39.92000000000004,58.40486144226431,71.55839052390782,69.75390331770535
2016-01-07T14:30:00Z,39.38,39.79,39.27,39.725,890377,714269.35,39.61178449379753,39.633054999999906,40.73940906174161,38.5267009382582,39.58402749999989,39.903000000000034,50.70205382817527,59.021288962415944,66.53041565834965
2016-01-07T15:30:00Z,39.73,40.045,39.72,39.915,506979,723536.2,39.62657549410009,39.69474999999991,40.71624358785636,38.67325641214345,39.58040249999989,39.91800000000004,54.48161855554966,54.52294178114182,61.700873755821924
2016-01-07T16:30:00Z,39.91,40.14,39.91,40.08,921177,757110.5,39.64869376268057,39.77124999999991,40.658736985837486,38.883763014162334,39.58152749999989,39.930000000000035,57.526994949073156,51.76151761517601,55.10191611957799
2016-01-07T17:30:00Z,40.0701,40.12,39.82,39.91,750217,771951.1,39.66144040840347,39.830999999999904,40.57535905316732,39.08664094683249,39.57802749999989,39.936000000000035,53.55163411768916,56.77506775067724,54.35317571566509
2016-01-07T18:30:00Z,39.91,40.04,39.84,39.96,1173554,804255.85,39.676004290920375,39.8944999999999,40.42449377357952,39.36450622642028,39.5740274999999,39.918000000000035,54.546530095642126,57.99457994579924,55.51038843721756
2016-01-07T19:30:00Z,39.955,40.06,39.87,40,1123316,831334.15,39.691808959655965,39.947499999999906,40.24694849312187,39.64805150687794,39.58277749999989,39.973000000000035,55.37011368918119,55.82655826558247,56.865401987353046
2016-01-07T20:30:00Z,40,40.68,40,40.51,1833097,901094.05,39.73172071772153,39.98349999999991,40.36139601748573,39.60560398251408,39.598277499999895,40.092000000000034,64.26153857119625,67.79680562763065,60.53931461300419
2016-01-08T14:30:00Z,40.41,41.23,40.345,40.47,809101,913770.6,39.767734341247305,40.01599999999991,40.44093575988695,39.59106424011288,39.6137774999999,40.17000000000003,63.198071835620155,69.50578190106685,64.37638193142674
2016-01-08T15:30:00Z,40.48,40.5,40.02,40.06,267096,901045.8,39.78199120264988,40.03049999999991,40.440394376677204,39.62060562332262,39.617527499999895,40.20000000000003,53.436507797969576,63.15795821874846,66.8201819158154
2016-01-08T16:30:00Z,40.05,40.43,39.82,40.41,249065,885458.7,39.81262577813037,40.0509999999999,40.49253187884222,39.60946812115758,39.629527499999895,40.290000000000035,59.226318639019496,53.23129251700678,61.96501087894077
2016-01-08T17:30:00Z,40.41,40.45,40.2,40.305,230950,858833.3,39.836644032855716,40.05674999999991,40.508255426358865,39.60524457364095,39.6402774999999,40.351000000000035,56.93895982028595,50.42517006802719,55.604806934594215
2016-01-08T18:30:00Z,40.31,40.43,40.22,40.33,268108,829952.45,39.86071017759446,40.05929999999991,40.51633964820466,39.60226035179516,39.65490249999989,40.31500000000003,57.361200354263474,55.01700680272102,52.89115646258506
2016-01-08T19:30:00Z,40.33,40.39,40.025,40.065,368320,787879.8,39.87067553478498,40.05254999999991,40.50504330385159,39.60005669614823,39.687277499999894,40.23400000000003,51.5868280787474,49.14965986394551,51.53061224489798
2016-01-08T20:30:00Z,40.065,40.14,39.78,39.88,808954,760502.5,39.871130386746685,40.054499999999905,40.50365364857901,39.6053463514208,39.7097774999999,40.19800000000003,47.957287178818675,41.92176870748295,48.696145124716566
2016-01-11T14:30:00Z,39.96,39.98,39.73,39.84,755534,766502.8,39.86961183129563,40.052999999999905,40.50480084111533,39.60119915888448,39.7187774999999,40.084000000000024,47.18428066375996,26.543564445645895,39.20499767235819
2016-01-11T15:30:00Z,39.845,39.91,39.36,39.69,318329,765327.2,39.8608502785495,40.046999999999905,40.5144655067837,39.57953449321611,39.7315274999999,39.96100000000003,44.30055673418851,18.90550922355709,29.123614125562053
2016-01-11T16:30:00Z,39.7,39.98,39.58,39.585,352854,760002.35,39.84739416740074,40.03424999999991,40.53623879472614,39.53226120527368,39.7399024999999,39.812000000000026,42.34942503576268,12.542054750858929,19.330376140020714
2016-01-11T17:30:00Z,39.59,39.635,39.37,39.38,282408,727142.05,39.82459445191778,40.00224999999991,40.57971406817259,39.42478593182723,39.7440274999999,39.675000000000026,38.76010948181766,10.249554367201506,13.899039447205913
2016-01-11T18:30:00Z,39.39,39.45,39.17,39.4,433751,699753.35,39.80388252743399,39.97824999999991,40.611268759619904,39.34523124037992,39.7510274999999,39.57900000000002,39.30062622464613,8.088884273921456,10.293497797327369
2016-01-11T19:30:00Z,39.41,39.565,39.31,39.53,477262,641022.45,39.790522404144525,39.952249999999914,40.61343435404074,39.29106564595909,39.7647774999999,39.51700000000003,42.832628767935795,9.903431805202256,9.41395681544181
2016-01-11T20:30:00Z,39.53,39.875,39.53,39.68,803550,636681.1,39.785131067356986,39.94999999999991,40.61456000483771,39.28543999516211,39.7915274999999,39.51500000000003,46.687405306759345,17.799352750809025,11.930556276644317
2016-01-12T14:30:00Z,39.83,40.01,39.57,39.61,292342,625949.25,39.77658808846152,39.93474999999991,40.61562058243856,39.25387941756126,39.814749999999904,39.520000000000024,45.157132688766055,25.10523882521835,17.602674460409947
2016-01-12T15:30:00Z,39.605,39.8,39.38,39.6,444698,602125.3,39.76797403536584,39.910749999999915,40.603189708586534,39.218310291413296,39.84099999999991,39.56400000000003,44.930565198414094,30.477912773438394,24.46083478315533
2016-01-12T16:30:00Z,39.59,39.71,39.46,39.63,230685,576148.7,39.76124359461629,39.89674999999991,40.59992334280264,39.193576657197184,39.8638749999999,39.61000000000003,45.80898966221955,34.20465225563907,29.929267951432006
2016-01-12T17:30:00Z,39.64,39.71,39.505,39.645,259337,530437.85,39.75557317536671,39.880999999999915,40.59186988966213,39.1701301103377,39.8877499999999,39.633000000000024,46.270478776669414,35.74322089947097,33.47526197618288
2016-01-12T18:30:00Z,39.64,39.965,39.545,39.7,387186,493631.35,39.75286228876346,39.865999999999914,40.5788506155071,39.15314938449273,39.906749999999896,39.63700000000002,48.01847053577316,39.02617854974425,36.324683901618165
2016-01-12T19:30:00Z,39.7,39.93,39.665,39.89,285029,416227.95,39.75955193321402,39.83499999999991,40.484214910511746,39.18578508948807,39.90924999999989,39.693000000000026,53.6306668618842,51.78927992431468,42.18622645784337
2016-01-12T20:30:00Z,39.88,40.12,39.87,40.06,946566,423101.2,39.774207936471875,39.81449999999991,40.40549830797552,39.2235016920243,39.915249999999894,39.785000000000025,57.99998120082717,70.4512125336158,53.755557002558305
2016-01-13T14:30:00Z,40.16,40.45,39.78,40.03,329890,426240.9,39.78668559810739,39.81299999999992,40.40164590377254,39.224354096227295,39.921749999999896,39.86500000000002,56.97960830008626,78.36617155000916,66.86888800264661
2016-01-13T15:30:00Z,40.02,40.15,39.89,39.92,138748,420725.05,39.79318873966313,39.788499999999914,40.31301024778344,39.26398975221639,39.919749999999894,39.92000000000003,53.27844124849359,73.15515350877205,73.9908458641324
2016-01-13T16:30:00Z,39.9,39.98,39.63,39.7,202700,419312.55,39.78864294748444,39.75824999999991,40.22693192842236,39.28956807157746,39.90749999999989,39.92000000000003,46.73936086160823,55.72916666666665,69.08349724181602
2016-01-13T17:30:00Z,39.69,39.81,39.54,39.62,482841,430049.2,39.7804164622413,39.72274999999991,40.113984903899656,39.33151509610017,39.89102499999989,39.86600000000003,44.595916338251705,45.05208333333322,57.97880116959072
2016-01-13T18:30:00Z,39.62,39.67,39.34,39.47,579301,440598.25,39.765274195790504,39.69299999999991,40.065658020214464,39.32034197978536,39.87277499999989,39.748000000000026,40.81628925182943,30.199195906432546,43.66014863547755
2016-01-13T19:30:00Z,39.47,39.49,39.02,39.24,550389,427670,39.73965106428853,39.66099999999991,40.07188441200772,39.2501155879921,39.85774999999989,39.590000000000025,35.80531045964749,21.5253177013043,32.25886564702343
2016-01-13T20:30:00Z,39.24,39.26,38.83,38.85,627984,421292.5,39.69625345139641,39.61149999999991,40.14456753796345,39.07843246203637,39.83224999999989,39.37600000000002,29.248235222429784,10.218090335049341,20.647534647595464
2016-01-14T14:30:00Z,38.74,39.02,37.99,38.25,837415,447246.8,39.625704502547805,39.53949999999991,40.335068350319,38.743931649680825,39.793249999999894,39.08600000000003,22.439731178450984,9.062762992302304,13.60205700955205
2016-01-14T15:30:00Z,38.24,38.76,38.2,38.6,429329,451070.55,39.57567013656986,39.49024999999992,40.38431082009414,38.59618917990569,39.762249999999895,38.882000000000026,32.33480121227777,12.200140519923748,10.493664615758533
2016-01-14T16:30:00Z,38.6,38.82,38.53,38.66,303242,452112.25,39.531003300639625,39.45424999999991,40.418403903705006,38.49009609629481,39.72824999999989,38.72000000000003,33.89185083782698,20.867208672086612,14.043370728104291
2016-01-14T17:30:00Z,38.67,39.01,38.67,38.98,248240,442836.7,39.50412509085233,39.433249999999916,40.419263564829464,38.44723643517037,39.70574999999989,38.66800000000003,41.60914945044283,30.758807588075726,21.2753855933621
2016-01-14T18:30:00Z,38.99,39.04,38.845,39.03,226688,430308,39.480997037640016,39.40824999999992,40.408436357649315,38.40806364235052,39.68024999999989,38.70400000000002,42.734043286011655,36.585365853658374,29.403794037940305
2016-01-14T19:30:00Z,39.04,39.715,39.04,39.44,494003,414830.65,39.47899718214538,39.39624999999992,40.388836897973086,38.40366310202675,39.67312499999989,38.94200000000002,51.05991951410605,47.1544715447153,38.1662149954832
2016-01-14T20:30:00Z,39.45,39.45,39.2,39.38,519232,426175.15,39.474168051309015,39.38474999999992,40.37248212463062,38.397017875369215,39.65974999999989,39.09800000000003,49.91618071194977,52.574525745257375,45.43812104787708
2016-01-15T14:30:00Z,37.99,38.9,37.88,38.15,714480,439664.25,39.409574487830525,39.31224999999992,40.43039343893142,38.19410656106842,39.611499999999886,38.99600000000002,33.39943725818058,42.44714253309923,47.3920466076907
2016-01-15T15:30:00Z,38.15,38.28,37.36,37.41,657181,460989.05,39.312034268911965,39.201249999999916,40.58127853232344,37.821221467676395,39.54899999999989,38.68200000000002,27.503170454661188,23.43557837165612,39.48574888333764
2016-01-15T16:30:00Z,37.4,37.42,36.87,36.97,736924,484868.4,39.1977886948187,39.067499999999924,40.73760029639674,37.39739970360311,39.47424999999989,38.27000000000002,24.70989065229371,5.7346768728452275,23.87246592586693
2016-01-15T17:30:00Z,36.97,37.35,36.79,37.23,430496,487033.9,39.10179900238852,38.94399999999992,40.76704580305215,37.120954196947686,39.40499999999989,37.82800000000002,29.280520892427504,6.784164177839158,11.984806474113574
2016-01-15T18:30:00Z,37.22,37.45,37.19,37.27,404732,493019.05,39.012442953491515,38.81299999999992,40.71991478572749,36.906085214272345,39.32399999999989,37.40600000000002,29.984730991975,11.618117332403068,8.045652794362558
2016-01-15T19:30:00Z,37.29,37.74,37.27,37.63,556539,473517.7,38.945006711857786,38.69149999999992,40.574627982911466,36.808372017088374,39.25299999999989,37.302000000000014,36.14740170920176,20.05698005698009,12.819753855740844
2016-01-15T20:30:00Z,37.63,37.8,37.52,37.79,857113,499878.85,38.888664921035456,38.579499999999925,40.39615048923122,36.76284951076863,39.19624999999989,37.37800000000002,38.728684417047674,26.438746438746488,19.371281276043288
2016-01-19T14:30:00Z,38.13,38.23,37.74,38.11,370464,511464.65,38.8506812663508,38.48899999999992,40.207183924970046,36.77081607502979,39.13874999999989,37.606000000000016,43.636306597696304,36.01139601139601,27.502374169040934
2016-01-19T15:30:00Z,38.1,38.15,37.725,37.9,242589,513459.1,38.804306570431244,38.398999999999916,40.040900118773024,36.75709988122681,39.078624999999896,37.74000000000002,41.29853253861048,39.08831908831903,33.84615384615392
2016-01-19T16:30:00Z,37.9,38.2,37.9,37.96,211208,499877.45,38.76312088406875,38.31599999999992,39.86798453601343,36.764015463986404,39.0193749999999,37.878000000000014,42.25049420746361,41.02564102564099,38.708452041785414
2016-01-19T17:30:00Z,37.96,38.15,37.92,38.04,132170,477520.9,38.72784669460198,38.24449999999992,39.706382006191234,36.7826179938086,38.9687499999999,37.960000000000015,43.56464495102358,40.22792022792019,40.11396011396014
2016-01-19T18:30:00Z,38.05,38.07,37.73,37.8,217930,460897.95,38.68258588023115,38.172499999999914,39.5716693964727,36.77333060352713,38.9167499999999,37.96200000000001,40.58113787953146,39.08831908831903,40.11396011396014
2016-01-19T19:30:00Z,37.8,37.83,37.44,37.8,247189,441858.2,38.63953291046378,38.11999999999992,39.4920787149523,36.74792128504754,38.8657499999999,37.90000000000001,40.58113787953147,38.41162735899568,39.24262222507837
2016-01-19T20:30:00Z,37.8,37.88,37.65,37.65,536104,426792.65,38.591263012392375,38.08999999999992,39.47556847540062,36.704431524599215,38.814749999999904,37.850000000000016,38.66191404819663,37.75271106026897,38.41755250252796
2016-01-20T14:30:00Z,37.15,37.55,36.67,36.72,755710,443111.7,38.49998188983665,37.99599999999992,39.481872134480085,36.51012786551975,38.7431249999999,37.60200000000001,29.383377302047364,27.277936237668044,34.480758218977634
2016-01-20T15:30:00Z,36.72,36.73,36.28,36.33,473119,451605.55,38.394129114722666,37.87949999999992,39.498283184995465,36.26071681500438,38.666874999999905,37.26000000000001,26.510122044871466,15.475995488358869,26.83554759543203
2016-01-20T16:30:00Z,36.33,36.51,35.67,35.685,407146,459550.85,38.261976474980095,37.71474999999992,39.51275855115455,35.916741448845286,38.5739999999999,36.83700000000001,22.577916958931155,2.085210042071365,14.946380589366163
2016-01-20T17:30:00Z,35.69,36.08,35.49,35.95,527311,474582,38.149197134737165,37.56074999999991,39.40868472558606,35.712815274413764,38.4844999999999,36.46700000000001,27.3461132827519,6.646120410661915,8.069108647030786
2016-01-20T18:30:00Z,35.955,36.78,35.92,36.64,780670,488915.35,38.075577762310964,37.42074999999992,39.093981230292094,35.747518769707746,38.408499999999904,36.265000000000015,38.0453140453216,19.781687195863793,9.50433921619909
2016-01-20T19:30:00Z,36.64,37.585,36.48,37.55,445584,485232.95,38.049939822686035,37.32924999999992,38.744107855060236,35.9143921449396,38.3569999999999,36.43100000000002,48.76202315277075,44.647201946472045,23.691669850999318
2016-01-20T20:30:00Z,37.56,37.66,37.25,37.35,842829,491650.4,38.01579641670135,37.28924999999992,38.653355109596085,35.92514489040375,38.3007499999999,36.63500000000001,46.84416674678945,61.678832116788364,42.0359070863748
2016-01-21T14:30:00Z,37.4,37.96,36.78,36.97,675980,492590.35,37.96478195735006,37.26724999999992,38.637036388465255,35.89746361153458,38.2342499999999,36.89200000000002,43.35507345483187,65.89274651870606,57.406260193988885
2016-01-21T15:30:00Z,36.99,37.14,36.77,37.01,438112,477649.75,37.91820722772323,37.26924999999992,38.637410352452754,35.90108964754709,38.1683749999999,37.10400000000001,43.829345607256016,59.528106229967364,62.366561621820665
2016-01-21T16:30:00Z,37,37.39,36.96,37.39,295203,470885.1,37.89244102149283,37.27724999999992,38.64626963098598,35.90823036901386,38.1106249999999,37.254000000000005,48.26125418183712,60.70989281321378,62.04358185396247
2016-01-21T17:30:00Z,37.4,37.68,37.27,37.29,193876,460342.3,37.863053654590736,37.278249999999915,38.64727620501786,35.90922379498197,38.0456249999999,37.20200000000001,47.20570877837391,65.76152472488175,61.99984125602103
2016-01-21T18:30:00Z,37.29,37.34,37,37.16,164464,440738.55,37.8287583543668,37.25474999999992,38.61492452925117,35.89457547074868,37.973124999999904,37.16400000000001,45.8032107065221,69.60244977380835,65.35795577063469
2016-01-21T19:30:00Z,37.14,37.5,37.135,37.34,250175,410391.65,37.804916483422076,37.23224999999992,38.570982516235006,35.89351748376484,37.905874999999895,37.23800000000001,48.10237025337528,70.75918777265163,68.70772075711398
2016-01-21T20:30:00Z,37.34,37.41,37.09,37.09,619964,422866.65,37.770042508620996,37.18124999999992,38.458653127451996,35.903846872547845,37.8351249999999,37.254000000000005,45.232275878596134,69.09581646423753,69.81915133689922
2016-01-22T14:30:00Z,37.86,37.92,37.49,37.79,656377,443556.05,37.771016044785824,37.17574999999992,38.44162232769477,35.90987767230507,37.7873749999999,37.334,53.583413072581656,77.59784075573553,72.4842816642083
2016-01-22T15:30:00Z,37.79,37.9,37.7,37.9,388113,452401.3,37.77730794504017,37.172749999999915,38.43143770949181,35.91406229050802,37.7443749999999,37.456,54.751052456403954,85.15519568151144,77.28295096716157
2016-01-22T16:30:00Z,37.9,38.06,37.84,37.92,357974,463691.5,37.784268533086994,37.16674999999991,38.40989228873,35.92360771126982,37.7056249999999,37.608000000000004,54.9728374238029,95.08026276406366,85.94443306710362
2016-01-22T17:30:00Z,37.93,38.05,37.81,37.85,538140,479702,37.78747494610714,37.16924999999991,38.41766609651073,35.9208339034891,37.670874999999896,37.71,53.97565577128158,94.10343175771963,91.44629673443164
2016-01-22T18:30:00Z,37.86,37.955,37.75,37.76,430728,488878.95,37.78613470483362,37.16724999999992,38.41173975489025,35.922760245109586,37.64362499999989,37.844,52.65320328930902,88.58403443285926,92.58924298488091
2016-01-22T19:30:00Z,37.76,37.865,37.64,37.77,405227,482335.1,37.78534764606125,37.17324999999992,38.42810566900198,35.918394330997856,37.63162499999989,37.84,52.791605667209446,82.90631798688656,88.53126139248855
2016-01-22T20:30:00Z,37.77,37.95,37.72,37.85,680540,478576.6,37.788501419424115,37.229749999999925,38.499555004724435,35.959944995275414,37.612874999999896,37.83,53.95130380215768,80.75098943512243,84.08044728495615
2016-01-25T14:30:00Z,37.97,38.5299,37.5,38.3,428012,476321.25,37.81345256969611,37.32824999999992,38.60917652015065,36.04732347984919,37.603874999999896,37.906,59.916187275530746,82.72568928261573,82.12766556820831
2016-01-25T15:30:00Z,38.3,38.46,38.04,38.42,240369,467982.4,37.84304024922313,37.46499999999992,38.589410956912594,36.34058904308724,37.58987499999989,38.02,61.353809352063294,87.88574737153766,83.78747536309201
2016-01-25T16:30:00Z,38.41,38.66,38.39,38.4,254108,454322.25,37.870209017553705,37.58749999999991,38.54670540033254,36.628294599667285,37.574124999999896,38.148,60.96137780189096,88.09122042654847,86.23421902690067
2016-01-25T17:30:00Z,38.4,38.97,38.385,38.89,170305,423804,37.91995491913645,37.69999999999992,38.71449494825068,36.68550505174915,37.560374999999894,38.372,66.59829646380118,91.09199660124465,89.02298813311033
2016-01-25T18:30:00Z,38.89,38.95,38.35,38.44,186581,410853.85,37.9453229718615,37.74449999999992,38.80577234960055,36.68322765039928,37.536874999999895,38.49,58.276084581007034,84.02831544343486,87.7371774904094
2016-01-25T19:30:00Z,38.45,38.46,37.98,38.02,347455,386085.15,37.948965753721914,37.77799999999991,38.829600684683264,36.72639931531656,37.5336249999999,38.434000000000005,51.773252263200376,72.40522734636573,82.50851313034848
2016-01-25T20:30:00Z,38.02,38.07,37.845,37.87,507283,377650.3,37.94511376573548,37.82299999999991,38.80731905398037,36.838680946019444,37.5451249999999,38.324000000000005,49.642690382412546,48.984090473452106,68.47254442108431
2016-01-26T14:30:00Z,38.17,39.12,37.965,39.09,545826,383036,38.00096187472399,37.92699999999991,38.982691242754974,36.87130875724484,37.598124999999904,38.46200000000001,62.98474481583611,57.763969643402355,59.717762487740146
2016-01-26T15:30:00Z,39.09,39.34,38.87,39.25,312461,383898.9,38.06189056376184,38.01999999999991,39.191443553923314,36.84855644607651,37.6486249999999,38.53400000000001,64.31989804573738,72.97750649199925,59.908522202951325
2016-01-26T16:30:00Z,39.25,39.345,39.018,39.18,223156,385362.9,38.11643248748078,38.11449999999991,39.33887698444125,36.890123015558565,37.696374999999904,38.682000000000016,63.24506807458145,94.77125145647602,75.17090919729263
2016-01-26T17:30:00Z,39.185,39.496,39.14,39.45,233772,388828.3,38.1814845612622,38.22899999999991,39.502246244852444,36.95575375514737,37.7418749999999,38.96800000000002,65.63076203589358,94.62033233428092,87.45636342758549
2016-01-26T18:30:00Z,39.46,39.68,39.415,39.46,198879,386263.5,38.2438511680299,38.33499999999991,39.6469527430625,37.02304725693732,37.7836249999999,39.286000000000016,65.7195117630265,92.886852743801,94.09281217818607
2016-01-26T19:30:00Z,39.45,39.47,39.15,39.2,393434,374937,38.290492574467464,38.44049999999991,39.67189717395712,37.209102826042695,37.8108749999999,39.308000000000014,61.28820270621499,88.52843301281473,92.01187269696563
2016-01-26T20:30:00Z,39.19,39.47,39.14,39.43,421622,363199.25,38.346078302542224,38.52249999999991,39.78766204496913,37.257337955030685,37.8491249999999,39.344000000000015,63.62479193168678,85.47400611620805,88.96309729094133
2016-01-27T14:30:00Z,39.42,39.49,38.72,38.84,266191,357103.15,38.37017204388163,38.569499999999906,39.80823282027725,37.330767179722564,37.87112499999991,39.27600000000002,54.53196291855476,73.57906490346572,82.52716801082958
2016-01-27T15:30:00Z,38.85,39.125,38.85,39.12,144413,346425.1,38.40674901735082,38.62949999999991,39.852733011339275,37.40626698866054,37.8981249999999,39.210000000000015,57.62691172811681,70.745944054196,76.59967169129
2016-01-27T16:30:00Z,39.12,39.38,39.08,39.12,173268,328181.5,38.441541748211755,38.692999999999905,39.87907082420528,37.50692917579453,37.93112499999991,39.14200000000002,57.6269117281168,64.39600363306089,69.57367086357426
2016-01-27T17:30:00Z,39.12,39.125,38.93,38.95,268516,320070.9,38.4663445897624,38.7524999999999,39.86232656304187,37.64267343695793,37.95987499999991,39.09200000000002,54.991183730748176,66.39418710263398,67.17871159663035
2016-01-27T18:30:00Z,38.94,39.19,38.67,38.92,306653,315142.2,38.48847412196911,38.8099999999999,39.8254013984782,37.794598601521606,37.99162499999991,38.99000000000002,54.517305624416416,62.76112624886476,64.51710566151995
2016-01-27T19:30:00Z,38.92,38.96,38.35,38.51,283317,295281.05,38.48952416479989,38.842999999999904,39.770558084451245,37.91544191554856,38.03637499999991,38.924000000000014,48.38114143745614,51.680290644868414,60.27853466545579
2016-01-27T20:30:00Z,38.52,38.62,38.42,38.5,438882,295824.55,38.490035181151114,38.85299999999991,39.76103303906273,37.94496696093709,38.09062499999991,38.80000000000002,48.238528977863275,42.00607452011556,52.14916380461631
2016-01-28T14:30:00Z,38.64,38.9,38.26,38.26,262253,296918.75,38.47881395280228,38.8449999999999,39.770796953997916,37.91920304600188,38.15499999999991,38.62800000000002,44.823582881387445,22.478372431105527,38.72157919869656
2016-01-28T15:30:00Z,38.27,38.78,38.16,38.59,153250,291875.85,38.48423766242168,38.8544999999999,39.765619640898684,37.94338035910112,38.220999999999904,38.55600000000002,50.05881587023416,19.828269653726263,28.104238868315846
2016-01-28T16:30:00Z,38.58,38.8,38.33,38.765,94065,288063.85,38.497933386205986,38.8482499999999,39.76002450613167,37.93647549386813,38.274124999999906,38.52500000000002,52.625856158233084,22.697368421052847,21.668003501961607
2016-01-28T17:30:00Z,38.77,38.82,38.43,38.49,114264,284448,38.49754639175691,38.850749999999906,39.75829765716709,37.94320234283272,38.29762499999991,38.521000000000015,48.41444061137,29.934210526316107,24.153282867031802
2016-01-28T18:30:00Z,38.49,38.7507,38.43,38.7507,96106,271880.55,38.50989534825658,38.8872849999999,39.71328525008035,38.06128474991945,38.332642499999906,38.571140000000014,52.31065876632094,35.30889724310803,29.31349206349239
2016-01-28T19:30:00Z,38.76,38.79,38.555,38.6,133381,253185.45,38.514290697122114,38.9237849999999,39.621266320990486,38.22630367900932,38.37339249999991,38.63914000000001,49.961525183461546,33.06892230576469,32.77067669172967
2016-01-28T20:30:00Z,38.6,38.715,38.59,38.67,222954,237041.85,38.52188627287225,38.9027849999999,39.60426349085444,38.20130650914536,38.41489249999991,38.65514000000002,51.060893041340854,38.61403508771955,35.663951545530814
2016-01-29T14:30:00Z,39.44,39.475,38.85,39.41,467615,244799.55,38.56520889370775,38.910784999999905,39.63131108081269,38.19025891918712,38.46539249999991,38.784140000000015,60.85263337229279,55.495201883034646,42.39271975883969
2016-01-29T15:30:00Z,39.395,39.49,39.19,39.31,218626,244573.05,38.60154016718542,38.9172849999999,39.64965649939972,38.18491350060008,38.51589249999991,38.94814000000001,59.130879185559486,73.28968809857345,55.799641689775946
2016-01-29T16:30:00Z,39.315,39.82,39.22,39.81,238718,244820.35,38.660489427322716,38.9352849999999,39.73384806772344,38.13672193227636,38.58214249999991,39.16000000000001,64.53415104011756,93.64026333183729,74.14171777114852
2016-01-29T17:30:00Z,39.81,40.015,39.73,40,260351,247893.95,38.7258314064777,38.9622849999999,39.860308058240484,38.06426194175932,38.64864249999991,39.44000000000001,66.35450851035787,95.01837681268421,87.31610941436504
2016-01-29T18:30:00Z,40,40.06,39.68,39.73,293915,242918,38.77481524030806,38.9887849999999,39.94283530953928,38.034734690460525,38.71464249999991,39.65200000000001,61.52201047582273,93.74018132396232,94.13294048949467
2016-01-29T19:30:00Z,39.73,40.02,39.67,40.015,340487,238861.25,38.835312057854004,39.0180349999999,40.056533460823246,37.97953653917655,38.77026749999992,39.77300000000001,64.46396526457465,93.15151085260312,93.97002299641662
2016-01-29T20:30:00Z,40.014,40.17,39.93,40.15,939558,272529.6,38.89944317698308,39.0835349999999,40.22863225051338,37.93843774948642,38.826517499999916,39.94100000000001,65.79794554073352,93.08937767303819,93.32702328320129
2016-02-01T14:30:00Z,40.04,40.6,39.46,39.7,802488,305433.35,38.93849472932536,39.112534999999895,40.28881030499148,37.93625969500831,38.871017499999915,39.91900000000001,57.98429074227583,86.58376939003573,90.94155263855907
2016-02-01T15:30:00Z,39.7,39.99,39.66,39.93,354754,314507.65,38.98686084008998,39.153034999999896,40.382140875477084,37.92392912452271,38.923017499999915,39.905000000000015,60.56212727243282,77.53477024017872,85.7359724344176
2016-02-01T16:30:00Z,39.92,40.05,39.865,39.925,313808,316772.25,39.03262372593925,39.2017849999999,40.47148431603184,37.93208568396796,38.977142499999914,39.94400000000002,60.47526158082174,67.49778160424928,77.20544041148797
2016-02-01T17:30:00Z,39.93,40.21,39.885,40.15,188273,310853.25,39.08712988564953,39.2632849999999,40.59029258593646,37.93627741406333,39.036642499999914,39.97100000000002,63.044052176750164,72.88042117514895,72.63765767319238
2016-02-01T18:30:00Z,40.15,40.245,40.01,40.19,226731,308023.95,39.140928427812966,39.3472849999999,40.68556658962604,38.00900341037376,39.09514249999991,39.97900000000001,63.49824017922029,76.03592742404939,72.13804340114928
2016-02-01T19:30:00Z,40.19,40.59,40.16,40.53,311989,301679.3,39.20868801670014,39.4487849999999,40.822092392076264,38.07547760792354,39.15089249999991,40.14500000000002,67.18944770528552,85.24372866362728,78.0533590876086
2016-02-01T20:30:00Z,40.53,40.65,40.49,40.59,554596,316296.45,39.27606908905623,39.5652849999999,40.91046772852829,38.22010227147152,39.20514249999991,40.27700000000002,67.8081162939616,91.04505994882966,84.1082386788355
2016-02-02T14:30:00Z,40.03,40.25,39.52,39.61,447948,331031.35,39.292358401785194,39.616284999999905,40.884857541532426,38.347712458467385,39.23539249999991,40.21400000000002,50.91967240889244,73.98373429655389,83.42417430300368
2016-02-02T15:30:00Z,39.6,39.71,39.475,39.57,299443,341300.25,39.30590189438104,39.656534999999906,40.86413065796276,38.44893934203705,39.25239249999991,40.09800000000002,50.368251249517826,49.96977147662096,71.66618857400157
2016-02-02T16:30:00Z,39.56,39.58,39.22,39.42,248333,348003.7,39.31146765563074,39.7030349999999,40.79329517680759,38.61277482319221,39.2768924999999,39.944000000000024,48.25777219601709,22.409553916403386,48.787686563192814
2016-02-02T17:30:00Z,39.43,39.55,39.23,39.38,233232,354860,39.314810696819485,39.734499999999905,40.746522232972865,38.722477767026945,39.3108924999999,39.71400000000002,47.68398594130911,16.550116550116755,29.64314731438044
2016-02-02T18:30:00Z,39.38,39.38,39.01,39.02,306393,363510.6,39.30042968721853,39.75549999999991,40.686686877070734,38.82431312292909,39.339642499999904,39.40000000000002,42.75663411139672,8.59486042412899,15.851510296883113
2016-02-02T19:30:00Z,39.02,39.38,38.99,39.3,336461,369185.95,39.30040872686641,39.78699999999991,40.604908307838315,38.9690916921615,39.3448924999999,39.33800000000002,47.31653658328504,10.157755360517752,11.767577444921237
2016-02-02T20:30:00Z,39.3,39.43,39.2,39.28,412411,366425.75,39.29941317921439,39.780499999999904,40.612238540666645,38.94876145933316,39.3456424999999,39.280000000000015,47.02836779159946,12.251444803604693,10.33468686275055
2016-02-03T14:30:00Z,39.55,39.99,38.26,38.26,484967,379742.8,39.24871009730149,39.72799999999991,40.776271911303674,38.679728088696145,39.3226424999999,39.048000000000016,35.24058822882674,12.048192771084267,11.485797645068976
2016-02-03T15:30:00Z,38.25,38.325,37.79,38.095,511439,393378.85,39.19243155596971,39.642249999999905,40.90773597385735,38.37676402614246,39.2887674999999,38.79100000000002,33.7661645786238,9.378071727469328,11.225903100719501
2016-02-03T16:30:00Z,38.1,38.43,37.9,38.01,457208,403221.7,39.134751967873626,39.542749999999906,40.98118830247572,38.10431169752409,39.2525174999999,38.58900000000001,33.00018846871319,6.11888111888112,9.181715205811642
2016-02-03T17:30:00Z,37.995,38,37.48,37.52,558378,416444.85,39.05598357919686,39.432249999999904,41.11497242215737,37.749527577842436,39.210517499999895,38.23300000000002,28.926472008063726,6.539491003213468,7.345481283188043
2016-02-03T18:30:00Z,37.52,38.37,37.23,38.2,709010,434871,39.01422828265068,39.341499999999904,41.08344747338434,37.59955252661547,39.1797674999999,38.01700000000002,39.996494796222784,12.438903481573371,8.365758534556058
2016-02-03T19:30:00Z,38.21,38.58,38.12,38.355,694546,422620.4,38.9820708054482,39.25174999999991,41.00276763270048,37.500732367299335,39.16764249999989,38.036000000000016,42.206175605834176,20.83971319817257,13.27270256098654
2016-02-03T20:30:00Z,38.37,38.4699,38.19,38.33,702655,417628.75,38.95026247347512,39.18324999999991,40.965673280264184,37.40082671973563,39.14789249999989,38.08300000000001,41.93791754664109,32.56038366704111,21.946333448929085
2016-02-04T14:30:00Z,38.82,38.82,37.75,38.51,487313,424256.7,38.928786255256824,39.11224999999991,40.88312400738376,37.34137599261606,39.132642499999896,38.18300000000001,44.66497367885948,38.565129831970275,30.655075565728055
2016-02-04T15:30:00Z,38.515,38.82,38.32,38.44,274608,422296.7,38.90494302329308,39.03799999999991,40.79077323120442,37.285226768795404,39.11989249999989,38.36700000000001,43.80334730005741,42.213744121316815,37.77975254010947
2016-02-04T16:30:00Z,38.43,38.92,38.37,38.64,259700,425868.05,38.892018973376345,38.962499999999906,40.6458849827142,37.27911501728561,39.112892499999894,38.455000000000005,46.95208758785319,47.10144927536232,42.626774409549874
2016-02-04T17:30:00Z,38.63,38.995,38.6,38.95,156904,422376.7,38.894847316138474,38.900499999999916,40.48703364289105,37.31396635710878,39.12389249999989,38.57400000000001,51.48921597020836,52.41545893719812,47.24355077795915
2016-02-04T18:30:00Z,38.95,38.975,38.26,38.27,309521,422253.3,38.86436695925367,38.787499999999916,40.206818498444036,37.368181501555796,39.1181424999999,38.56200000000001,42.834739480194074,50.362318840579825,49.95974235104683
2016-02-04T19:30:00Z,38.25,38.705,38.09,38.56,729931,431020.05,38.84951979050959,38.68599999999991,39.840905190925916,37.5310948090739,39.1256424999999,38.57200000000002,46.93145207214538,49.39613526570062,50.724637681159585
2016-02-04T20:30:00Z,38.56,38.82,38.525,38.69,890558,453150.55,38.841738337314,38.639999999999915,39.71451849682837,37.56548150317146,39.128142499999896,38.622000000000014,48.706048110327636,46.256038647343075,48.67149758454124
2016-02-05T14:30:00Z,39.05,39.085,37.97,38.01,438091,460082.95,38.801165735493804,38.56199999999991,39.58016206962676,37.543837930373066,39.109267499999895,38.496000000000016,40.985580019303185,47.7118246806516,47.78799953123183
2016-02-05T15:30:00Z,37.98,38.01,36.59,36.78,827170,489024.8,38.70257228498191,38.42999999999991,39.63616333886698,37.223836661132836,39.0665174999999,38.06200000000001,31.31599500277474,34.18743290192501,42.718432076639964
2016-02-05T16:30:00Z,36.785,36.87,36.49,36.61,949439,524835.15,38.60049558815353,38.291499999999914,39.6553478654256,36.92765213457423,39.0129999999999,37.73000000000002,30.253608778871822,18.096008479261567,33.33175535394613
2016-02-05T17:30:00Z,36.61,36.83,36.44,36.465,768439,547937.45,38.496325071658234,38.16374999999991,39.698637210848915,36.6288627891509,38.959624999999896,37.311000000000014,29.33934728788722,4.394895833896766,18.892779071694516
2016-02-05T18:30:00Z,36.46,36.47,35.46,35.745,1020591,582143.95,38.36211409255296,37.98599999999991,39.75838709091049,36.213612909089335,38.8864999999999,36.722000000000016,25.25769396187262,4.477175335428559,8.989359882862363
2016-02-05T19:30:00Z,35.74,35.95,35.57,35.625,914349,607240.85,38.228596331940615,37.803249999999906,39.749462411333255,35.85703758866656,38.791874999999905,36.24500000000002,24.6423731145523,4.452990895856462,4.441687355060659
2016-02-05T20:30:00Z,35.625,35.81,35.39,35.66,1625780,664281.5,38.10329894989473,37.67324999999991,39.817340191672535,35.529159808327286,38.7006249999999,36.021000000000015,25.214636583002218,6.573654985768214,5.167940405684475
2016-02-08T14:30:00Z,35.42,35.53,33.86,34.335,1202979,698858.5,37.91947948892425,37.48524999999991,40.063806718403995,34.90669328159582,38.5637499999999,35.56600000000002,19.25368925000231,6.98326836089887,6.0033047475079115
2016-02-08T15:30:00Z,34.34,34.4,34.14,34.25,586792,705337.7,37.74048048946453,37.29724999999991,40.22058281547373,34.37391718452609,38.419999999999895,35.12300000000001,18.944283425454202,7.954065259100498,7.170329535255924
2016-02-08T16:30:00Z,34.25,34.515,34.19,34.41,550380,704937.8,37.578018026563825,37.14174999999991,40.320817905853296,33.96268209414652,38.2869999999999,34.856000000000016,21.501466439070768,9.027113237639556,7.988148952546371
2016-02-08T17:30:00Z,34.41,34.46,33.705,33.82,475958,693285.2,37.394700074048515,36.92274999999991,40.37201872685021,33.47348127314961,38.132124999999895,34.49500000000002,19.107594617946532,6.709325696803692,7.896834731181312
2016-02-08T18:30:00Z,33.82,34.01,33.657,33.72,589373,688026.55,37.215446411899805,36.69099999999992,40.341188488287195,33.04081151171264,37.971374999999895,34.10700000000001,18.72702486283896,4.608170249063296,6.781536394502244
2016-02-08T19:30:00Z,33.72,33.96,33.53,33.715,942822,700034.9,37.0446929283925,36.46024999999992,40.24772207910813,32.672777920891704,37.82174999999989,33.98300000000002,18.706962309199085,2.2095093303398783,4.509001758735686
2016-02-08T20:30:00Z,33.715,34.06,33.695,33.96,1397182,745528.35,36.894220102617254,36.23274999999991,40.0469176352811,32.41858236471872,37.67249999999989,33.92500000000001,23.0567561974934,4.077251866675282,3.631643815359549
2016-02-09T14:30:00Z,33.75,33.95,33.27,33.42,684561,766026,36.72474595127007,35.98174999999992,39.84229306413273,32.12120693586711,37.509874999999894,33.72700000000001,20.458396471920494,4.74522135757881,3.677327518198054
2016-02-09T15:30:00Z,33.42,33.67,33.23,33.465,671952,786638.6,36.56573395364714,35.722999999999914,39.5295120517378,31.91648794826203,37.34274999999989,33.65600000000002,21.254791687431194,5.787124998492398,4.869866074248893
2016-02-09T16:30:00Z,33.46,33.54,33.25,33.46,369132,797250,36.41423473639606,35.44849999999992,39.071987408564034,31.825012591435804,37.174499999999895,33.60400000000001,21.22935776571326,5.336496602319484,5.289614319463627
2016-02-09T17:30:00Z,33.46,33.565,33.25,33.35,306634,797105.65,36.26475987120601,35.202499999999915,38.69193620088171,31.713063799118114,36.9949999999999,33.53100000000002,20.644083474091545,5.516212182879002,5.546611261230358
2016-02-09T18:30:00Z,33.35,33.52,33.25,33.42,657396,793478.9,36.12599109700084,34.94549999999991,38.15375014611155,31.737249853888272,36.815749999999895,33.423000000000016,22.11559323256286,5.692628903413365,5.515112562870681
2016-02-09T19:30:00Z,33.42,34.39,33.42,34.11,702964,784099.2,36.02765006787885,34.71649999999991,37.44018518739304,31.992814812606778,36.67824999999989,33.56100000000002,34.925116526815344,14.932508317711354,8.71378313466797
2016-02-09T20:30:00Z,34.11,34.13,33.82,33.9,666679,795528.6,35.92386225968964,34.51099999999991,36.79429717733454,32.22770282266528,36.53649999999989,33.64800000000001,33.138738723329084,23.408085344012978,14.677740855045963
2016-02-10T14:30:00Z,34.31,34.58,33.72,34.51,536513,780995.75,35.85489336897307,34.39749999999991,36.430292414395744,32.36470758560407,36.413749999999894,33.85800000000001,42.36117736943609,52.684592243068835,30.34172863493112
2016-02-10T15:30:00Z,34.52,34.86,34.52,34.745,514049,759226.25,35.80075222902317,34.30424999999991,36.07698312995047,32.53151687004935,36.2978749999999,34.137000000000015,45.48108084374151,72.29667829116569,49.46311862608257
2016-02-10T16:30:00Z,34.76,35.16,34.69,35.15,371426,739375.6,35.76900821785131,34.23849999999992,35.76643357186187,32.710566428137966,36.2011249999999,34.483000000000004,50.45811298647872,95.7471551252875,73.57614188650741
2016-02-10T17:30:00Z,35.15,35.195,34.915,34.98,263975,701544.8,35.73052001210247,34.20024999999991,35.60907388893143,32.7914261110684,36.0931249999999,34.65700000000001,48.45838587933689,93.8283915780252,87.2907416648262
2016-02-10T18:30:00Z,34.96,35.06,34.77,34.8699,258090,668731.85,35.68853854809747,34.16249499999991,35.45198586926775,32.87300413073206,35.9828724999999,34.850980000000014,47.15494875319228,90.66528673197188,93.41361114509493
2016-02-10T19:30:00Z,34.86,34.95,34.55,34.56,364111,605648.4,35.63348788721466,34.107494999999915,35.21825352547868,32.99673647452115,35.8903724999999,34.86098000000001,43.600051250044764,80.06615776081429,88.18661202360386
2016-02-10T20:30:00Z,34.56,34.6401,34.5,34.59,712903,581144.6,35.58258603905785,34.12024499999991,35.24689701456519,32.99359298543463,35.8027474999999,34.82998000000002,44.039859090687536,73.45038167938947,81.39394205739194
2016-02-11T14:30:00Z,33.78,34.42,33.6,34.07,433788,573494.4,35.50880135422576,34.11124499999991,35.23648204254924,32.98600795745058,35.7042474999999,34.61398000000001,38.44385570144314,59.88125530110279,71.13259824710225
2016-02-11T15:30:00Z,34.05,34.36,33.79,33.79,548868,573418.8,35.42495738572694,34.08024499999991,35.20501304805401,32.95547695194581,35.6109974999999,34.37598000000002,35.80556894067274,46.57426122525527,59.96863273524924
2016-02-11T16:30:00Z,33.79,34.03,33.7,33.83,294039,564322.85,35.34715458642319,34.08074499999991,35.20505864926539,32.95643135073443,35.5017474999999,34.16800000000002,36.47625273435088,33.443879720298014,46.633132082218744
2016-02-11T17:30:00Z,33.82,34.17,33.79,34.01,215504,545629.4,35.28192753342693,34.09524499999991,35.20799553894535,32.98249446105448,35.393122499999905,34.058000000000014,39.537535863003,32.21936589545837,37.41250228033727
2016-02-11T18:30:00Z,34,34.19,33.845,33.86,373167,517146.65,35.21256521472318,34.10249499999991,35.20710094870908,32.99788905129074,35.281372499999904,33.91200000000002,37.89848411501052,31.22777797892746,32.297007864894674
2016-02-11T19:30:00Z,33.85,34.4,33.785,34.2,566937,475634.4,35.16317178961473,34.11449499999991,35.21786202049798,33.01112797950184,35.1736224999999,33.93800000000002,43.60529805569944,33.826945793945,32.424696556110334
2016-02-11T20:30:00Z,34.19,34.24,34,34.02,831228,482967.75,35.107407312072546,34.144494999999914,35.20238912604636,33.086600873953465,35.0631224999999,33.984000000000016,41.43444080906678,29.579525218184816,31.544749663685817
2016-02-12T14:30:00Z,34.59,35.0657,34.01,34.45,659763,482358.3,35.07533866270315,34.19374499999991,35.21146878469026,33.176021215309554,34.958372499999896,34.10800000000002,48.08374222585471,39.08045977011508,34.16231026074835
2016-02-12T15:30:00Z,34.44,35,34.31,34.92,404865,484144.95,35.06776116696154,34.266744999999915,35.272855640993896,33.260634359005934,34.8576224999999,34.29000000000002,54.204070162568634,54.127481713688724,40.929155567329595
2016-02-12T16:30:00Z,34.93,35.04,34.82,34.94,280788,482852.65,35.06152891491463,34.34624499999991,35.29994715577157,33.39254284422825,34.7743724999999,34.50600000000002,54.45014946677368,73.35423197492165,55.52072448624187
2016-02-12T17:30:00Z,34.9301,35,34.65,34.715,242179,462091.8,35.0446250654066,34.41099499999991,35.27608900756477,33.545900992435044,34.6782474999999,34.60900000000002,51.12206886598668,80.94800869396043,69.47657412752365
2016-02-12T18:30:00Z,34.72,35.085,34.67,35.05,265505,440218.85,35.04488725733798,34.45799499999991,35.35415208551707,33.56183791448275,34.5872474999999,34.81500000000002,55.484723254955526,85.90950101177448,80.0705805602189
2016-02-12T19:30:00Z,35.06,35.27,34.99,35.1,422229,427996.35,35.0475756838093,34.517994999999914,35.41736140026329,33.61862859973654,34.5144974999999,34.945000000000014,56.114331766482394,87.84544104393588,84.90098358322365
2016-02-12T20:30:00Z,35.09,35.17,35.01,35.12,390777,420709.55,35.051108577282015,34.54849499999991,35.485302419870024,33.6116875801298,34.47299749999989,34.985000000000014,56.38009256936142,92.82714033213013,88.8606941292802
2016-02-16T14:30:00Z,35.78,35.785,35.105,35.14,467294,418371.8,35.05544474424387,34.56824499999991,35.53690421867461,33.59958578132522,34.436247499999894,35.02500000000002,56.662720151632364,83.30102385157733,87.99120174254783
2016-02-16T15:30:00Z,35.145,35.46,35.05,35.44,331693,416385.15,35.07420353720759,34.5827449999999,35.59356806163137,33.57192193836843,34.410622499999896,35.170000000000016,60.76888514482689,81.17864989445563,85.76893802605441
2016-02-16T16:30:00Z,35.431,35.69,35.27,35.275,297478,418060.3,35.083998486612096,34.59749499999991,35.63921190104557,33.55577809895425,34.3988724999999,35.21500000000002,57.53972275560433,75.67266187050369,80.05077853884559
2016-02-16T17:30:00Z,35.28,35.95,35.23,35.885,518002,431055.9,35.123071731167606,34.648249999999905,35.82789517971519,33.46860482028462,34.4053724999999,35.372000000000014,64.95412436285002,84.98364264708323,80.6116514706809
2016-02-16T18:30:00Z,35.88,36.22,35.82,36.21,527900,439245.35,35.17609262233016,34.7307499999999,36.09111493266555,33.370385067334254,34.4191224999999,35.59000000000002,68.14566269231415,90.36233763770268,83.67288071842991
2016-02-16T19:30:00Z,36.215,36.535,36.13,36.34,758123,441506.35,35.23286859197259,34.81824999999991,36.34597469706578,33.290525302934036,34.4692474999999,35.83000000000002,69.34810740984291,96.29823507360015,90.54807178612873
2016-02-16T20:30:00Z,36.34,36.51,36.15,36.47,1075663,473600.1,35.293216465534904,34.938249999999904,36.58446467312912,33.29203532687069,34.5247474999999,36.036000000000016,70.54549024022974,96.44091908796013,94.3671639330877
2016-02-17T14:30:00Z,38.31,38.31,36.91,37.06,1881032,540208.3,35.37940102819174,35.10174999999991,36.901684096022336,33.301815903977484,34.5909974999999,36.393000000000015,75.26759322848497,86.16114496065002,92.96676637407013
2016-02-17T15:30:00Z,37.06,37.105,35.86,36.14,2706717,660842.2,35.41650341706043,35.21724999999991,36.971822526293785,33.46267747370603,34.64899749999991,36.44400000000002,59.30233495626349,68.96204169597291,83.85470191486107
2016-02-17T16:30:00Z,36.15,36.55,36,36.5,937675,696950.75,35.469356908911145,35.34174999999991,37.089354860952284,33.59414513904754,34.718497499999906,36.50200000000002,62.64163284011454,53.33561020036431,69.48626561899579
2016-02-17T17:30:00Z,36.49,37.19,36.49,37.16,809281,718756.45,35.55182730359841,35.50674999999991,37.286444566498695,33.72705543350113,34.8046224999999,36.66600000000001,67.8499088964538,53.221141335895396,58.506264410744244
2016-02-17T18:30:00Z,37.17,37.32,36.73,36.7599,805155,730667.35,35.61075767903263,35.63474499999991,37.38812452021926,33.88136547978056,34.8746199999999,36.72398000000002,62.18968314920877,57.4210941526268,54.65928189629554
2016-02-17T19:30:00Z,36.75,37.2,36.75,37,543349,716273.4,35.6785255971286,35.78374499999991,37.4680370476938,34.099452952306024,34.96411999999991,36.71198000000002,64.12386973917704,60.673288224493,57.1051745710051
2016-02-17T20:30:00Z,36.9903,37.03,36.765,36.84,999136,733242.05,35.73518288507354,35.90324499999991,37.530229475010024,34.2762605249898,35.0484949999999,36.85198000000002,61.85315583140986,56.173748909002846,58.08937709537425
2016-02-18T14:30:00Z,37.11,37.45,36.69,36.82,1234455,774721.55,35.78810079311874,35.99824499999991,37.60626001296628,34.39022998703354,35.132494999999906,36.91598000000002,61.559705955747155,56.50182809692017,57.78295507680537
2016-02-18T15:30:00Z,36.84,37,36.45,36.6375,439727,782668.5,35.829534900771485,36.08311999999991,37.63703444887602,34.529205551123795,35.2146824999999,36.81148000000002,58.81752343812668,51.6335019785941,54.76969299483907
2016-02-18T16:30:00Z,36.65,37.04,36.63,36.915,312130,786166.05,35.88248441780702,36.19311999999991,37.652676273127746,34.73356372687207,35.3020574999999,36.842500000000015,61.61728059915913,51.56677422781723,53.234034767777196
2016-02-18T17:30:00Z,36.92,36.97,36.51,36.67,274116,786596.6,35.920899812060334,36.274119999999904,37.64823744564541,34.9000025543544,35.366057499999904,36.77650000000002,57.87621109841475,44.84746344686109,49.349246551090836
2016-02-18T18:30:00Z,36.67,36.805,36.65,36.69,276564,779313.35,35.95841689439885,36.35361999999991,37.62711810931425,35.08012189068556,35.4358074999999,36.74650000000002,58.099855158557986,40.90729647097976,45.77384471521939
2016-02-18T19:30:00Z,36.7,36.9,36.625,36.6398,348681,777208.55,35.991655094672076,36.429609999999904,37.574474905404514,35.284745094595294,35.48905249999991,36.710460000000026,57.27784904834591,33.28088954457285,39.67854982080459
2016-02-18T20:30:00Z,36.63,36.66,36.45,36.63,618497,784768.7,36.02279387054173,36.504109999999905,37.48590788736152,35.52231211263829,35.53617749999991,36.70896000000002,57.107984062352045,32.37823129251702,35.5221391026899
2016-02-19T14:30:00Z,36.33,36.64,35.365,35.82,985665,817467.3,36.01290148661287,36.5231099999999,37.433943888053854,35.61227611194595,35.5529274999999,36.48996000000002,45.1813043153098,28.359894941189932,31.339671926093292
2016-02-19T15:30:00Z,35.81,35.98,35.43,35.96,514849,828335.85,36.01032092629029,36.55735999999991,37.31682624785113,35.79789375214869,35.57742749999991,36.34796000000002,47.23254479536697,27.262761219595745,29.333629151100926
2016-02-19T16:30:00Z,35.97,36.05,35.83,35.99,359841,820427.8,36.009329661593206,36.56260999999991,37.304664318515016,35.8205556814848,35.605429999999906,36.20796000000003,47.684294491655514,26.778577138289325,27.46707776635836
2016-02-19T17:30:00Z,35.98,36.06,35.67,35.8,350288,811547.2,35.99911845858866,36.54210999999991,37.342367240908665,35.74185275909115,35.636429999999905,36.04000000000003,45.053555174169965,26.458832933652985,26.833390430512708
2016-02-19T18:30:00Z,35.8,35.9,35.58,35.695,401060,793694.05,35.98428341182824,36.509859999999904,37.38826809515105,35.63145190484876,35.664054999999905,35.85300000000002,43.62129667925793,22.222222222222126,25.153210764721504
2016-02-19T19:30:00Z,35.7,35.71,35.39,35.4,522453,766033.55,35.95578178198296,36.456359999999904,37.45945115319914,35.45326884680067,35.6973049999999,35.76900000000002,39.793716943204075,12.789768185451491,20.49027444710889
2016-02-19T20:30:00Z,35.4,35.42,34.865,34.95,1222369,733100.4,35.90671925603257,36.350859999999905,37.5095742450261,35.19214575497371,35.726304999999904,35.56700000000002,34.78029640868718,6.931398788126114,13.98112973193327
2016-02-22T14:30:00Z,35.56,35.89,35.28,35.85,599536,627741.35,35.90395246305537,36.33635999999991,37.51239463453529,35.16032536546452,35.7768049999999,35.53900000000002,48.70054672131724,16.75140485224038,12.157523941939354
2016-02-22T15:30:00Z,35.88,35.97,35.73,35.9,419686,601841.9,35.9037596599795,36.306359999999906,37.494713424544365,35.118006575455446,35.8240549999999,35.55900000000002,49.34736523641154,32.05392145964414,18.578908366670237
2016-02-22T16:30:00Z,35.91,35.98,35.52,35.52,471647,584960.2,35.88503967656587,36.224359999999905,37.39193013563504,35.05678986436477,35.8655549999999,35.524000000000015,44.73122712136404,41.32998425569483,30.045103522526475
2016-02-22T17:30:00Z,35.53,35.76,35.44,35.65,452775,567341.2,35.87357432648948,36.16886499999991,37.33484892146902,35.002881078530805,35.901804999999904,35.57400000000002,46.572524429404645,39.09251167339462,37.492139129577886
2016-02-22T18:30:00Z,35.65,35.97,35.63,35.72,650802,572713.85,35.86608289592902,36.10486499999991,37.220783180299954,34.98894681969987,35.9443049999999,35.728000000000016,47.585124665612724,37.23535671279138,39.2192842139603
2016-02-22T19:30:00Z,35.73,35.75,35.47,35.65,930607,569287.4,35.85554226685931,36.04536499999991,37.1244424416714,34.966287558328425,35.97430499999991,35.68800000000002,46.63330591134877,41.44075703964277,39.25620847527628
2016-02-22T20:30:00Z,35.65,35.85,35.615,35.82,953619,555245.6,35.85380849774422,35.99536499999991,37.01739930721504,34.97333069278478,35.9968049999999,35.67200000000001,49.286344269400075,46.51671648179941,41.73094341141121
2016-02-23T14:30:00Z,35.8,36.03,35.52,35.99,425321,554525.3,35.86045198565913,35.96298999999991,36.94171358080483,34.984266419194995,36.0230549999999,35.766000000000005,51.86345358316847,63.89255561496074,50.616676378801
2016-02-23T15:30:00Z,35.99,36.02,35.81,35.85,331838,555510.7,35.85994213270015,35.90973999999991,36.78600841642606,35.03347158357376,36.051429999999904,35.806000000000004,49.62685289006947,76.79061818610404,62.39996342762143
2016-02-23T16:30:00Z,35.85,36.12,35.815,36.08,202679,551938.85,35.870676662812336,35.88023999999991,36.68929128244379,35.071188717556026,36.0771799999999,35.87800000000001,53.19775688400407,91.12726222029596,77.27014534045361
2016-02-23T17:30:00Z,36.089,36.4,36.045,36.39,188949,547558.1,35.896009508528806,35.86523999999991,36.62319301808545,35.10728698191436,36.109429999999904,36.02600000000001,57.564220217328824,92.86268714953883,86.92685585197962
2016-02-23T18:30:00Z,36.39,36.4,36.09,36.28,233208,541784.45,35.914740752015206,35.84724999999991,36.54554417155261,35.14895582844721,36.1384299999999,36.11800000000001,55.582612082346756,96.11456454313054,93.36817130432182
2016-02-23T19:30:00Z,36.27,36.35,36.15,36.15,250793,523399.25,35.92621681289251,35.823249999999916,36.440585200699886,35.20591479929995,36.1636799999999,36.150000000000006,53.24960070570242,91.74809989142246,93.57511719469731
2016-02-23T20:30:00Z,36.15,36.29,36.1,36.21,481802,498206.1,35.94005989519044,35.84274999999991,36.48266776817356,35.20283223182626,36.1829299999999,36.222,54.20500782849398,86.31049325267577,91.39105256240963
2016-02-24T14:30:00Z,36.16,37,35.815,36.374,673760,506151.65,35.961227705181145,35.86344999999991,36.542770682759596,35.18412931724022,36.21040499999991,36.280800000000006,56.8035427685164,75.54028806878982,84.53296040429605
2016-02-24T15:30:00Z,36.38,36.545,36.12,36.25,534671,514893.15,35.97531415858694,35.876449999999906,36.57464896163292,35.178251038366895,36.21952999999991,36.2528,54.29493694996247,64.94352869352885,75.59810333833151
2016-02-24T16:30:00Z,36.25,36.74,36.17,36.62,251796,509968.55,36.00676224841197,35.91744999999991,36.68567014424554,35.14922985575428,36.229779999999906,36.320800000000006,59.974998953539306,62.47863247863253,67.65414974698376
2016-02-24T17:30:00Z,36.635,36.82,36.58,36.65,282195,504025.3,36.03813969970894,35.96519999999991,36.78889353525699,35.14150646474283,36.2375299999999,36.4208,60.404670837228366,68.22942852354612,65.21719656523587
2016-02-24T18:30:00Z,36.65,36.85,36.575,36.7799,340558,494930.55,36.07432312899143,36.03419499999991,36.88759221696497,35.180797783034855,36.2452774999999,36.53478,62.29226493482402,79.45986257750951,70.05597452656275
2016-02-24T19:30:00Z,36.78,36.93,36.66,36.88,489274,458275.8,36.11362443977234,36.1306949999999,36.90465835179852,35.35673164820129,36.24077749999991,36.63598,63.72727340708496,84.87681799446503,77.52203636517359
2016-02-24T20:30:00Z,36.87,36.88,36.7,36.79,537459,455171.95,36.14661836953954,36.17769499999991,36.99093663071299,35.36445336928683,36.2570274999999,36.74398,61.46248693432536,87.77236059588999,84.03634705595488
2016-02-25T14:30:00Z,36.87,37.24,36.87,37.075,518288,460102.05,36.19190527834249,36.236444999999904,37.12704258023826,35.34584741976155,36.2714024999999,36.83498000000001,65.62821610527013,88.72141372141375,87.12353077058962
2016-02-25T15:30:00Z,37.07,37.74,37.05,37.62,377306,455385,36.261568435496514,36.34144499999991,37.35596471391635,35.326925286083465,36.282902499999906,37.028980000000004,71.8865392324144,89.34619434619425,88.6133228878327
2016-02-25T16:30:00Z,37.64,37.68,37.42,37.5,521654,458828.95,36.32197973132595,36.43394499999991,37.5146188406776,35.35327115932222,36.3014049999999,37.173,68.91134013845787,89.92007992007984,89.32922932922934
2016-02-25T17:30:00Z,37.5,37.96,37.49,37.96,272125,439895.1,36.40188315906615,36.54594499999991,37.76311599452966,35.32877400547016,36.325404999999904,37.389,73.44791744104901,93.76623376623365,91.01083601083594
2016-02-25T18:30:00Z,37.96,38.205,37.83,38.005,615919,424160.7,36.480083980575124,36.66369499999991,37.96418328903798,35.36320671096184,36.354529999999905,37.632000000000005,73.84992901062236,93.05475556521584,92.24702308384315
2016-02-25T19:30:00Z,38.005,38.32,37.87,38.26,625308,407745.15,36.56690915225439,36.785694999999905,38.19955760645361,35.3718323935462,36.390529999999906,37.869,76.06172545571773,96.41219652744724,94.41106195296561
2016-02-25T20:30:00Z,38.26,38.44,38.21,38.36,930103,432984.25,36.65437699848588,36.90419499999991,38.42468821271956,35.38370178728026,36.433592499999904,38.016999999999996,76.88732051121646,95.39632351157422,94.95442520141246
2016-02-26T14:30:00Z,37.36,37.78,36.57,36.65,1018261,467305.4,36.65416348636462,36.94419499999991,38.392006178961715,35.4963838210381,36.426967499999904,37.847,47.022464686192784,72.46733298591651,88.0919510083127
2016-02-26T15:30:00Z,36.65,37.355,36.63,37.07,600361,487189.5,36.67444819434683,36.9936949999999,38.38658946474893,35.600800535250876,36.4369674999999,37.669,51.95831304510248,53.148261877033,73.67063945817462
2016-02-26T16:30:00Z,37.05,37.07,36.75,36.89,405656,498024.85,36.68496291657382,37.01869499999991,38.38504634205124,35.65234365794858,36.441967499999905,37.446,49.816170833885074,26.534901381319553,50.71683208142306
2016-02-26T17:30:00Z,36.88,37.27,36.88,37.11,517512,512240.05,36.70569643283851,37.06019499999991,38.3840379853748,35.73635201462501,36.4537224999999,37.215999999999994,52.399273666413336,28.545627301781764,36.07626352004481
2016-02-26T18:30:00Z,37.11,37.32,37.085,37.22,359136,517657.2,36.730784411724436,37.11369499999991,38.37088543502768,35.856504564972134,36.4684724999999,36.988,53.6830016078083,26.916221033868098,27.33224990565651
2016-02-26T19:30:00Z,37.215,37.35,37.07,37.18,368943,512014.25,36.75269736725007,37.16219499999991,38.34906699390864,35.97532300609118,36.502472499999904,37.094,53.1219722412769,32.0855614973262,29.182469944325394
2016-02-26T20:30:00Z,37.18,37.5,37.17,37.465,804900,518571.25,36.78744383714031,37.21674499999991,38.35290089684071,36.08058910315911,36.5400974999999,37.173,56.6020397852668,38.41354723707672,32.47177658942371
2016-02-29T14:30:00Z,37.48,37.81,37.31,37.76,774274,530551.4,36.83488560118224,37.29224499999991,38.36002552142112,36.224464478578696,36.58434749999991,37.346999999999994,59.91884811059323,48.03921568627459,39.512774806892544
2016-02-29T15:30:00Z,37.76,37.99,37.71,37.83,643439,550133.55,36.88342776697823,37.35274499999991,38.39819593712001,36.30729406287982,36.6350974999999,37.491,60.68665458012394,59.625668449197924,48.69281045751645
2016-02-29T16:30:00Z,37.84,38.015,37.82,37.885,362716,554159.6,36.93228494907685,37.41449499999992,38.43214149162842,36.39684850837141,36.6898474999999,37.624,61.31372713941152,67.11229946524062,58.25906120023776
2016-02-29T17:30:00Z,37.885,37.89,37.67,37.67,400297,557146.55,36.96827104912188,37.45899999999992,38.438895912851706,36.47910408714813,36.74659749999991,37.722,57.45564930549702,65.50802139037437,64.0819964349377
2016-02-29T18:30:00Z,37.67,37.73,37.36,37.49,258975,545631.6,36.993721241847645,37.489499999999914,38.4326961620066,36.54630383799323,36.810097499999905,37.727,54.37104354556173,59.44741532976837,64.02257872846117
2016-02-29T19:30:00Z,37.49,37.56,37.28,37.36,498208,543669.05,37.01158849834288,37.517999999999915,38.40786740586635,36.62813259413348,36.84784749999991,37.647000000000006,52.19170864526453,50.089126559714906,58.348187759952594
2016-02-29T20:30:00Z,37.38,37.38,37.09,37.11,746580,555083.65,37.01638905939932,37.51974999999992,38.406257050182056,36.63324294981778,36.87809749999991,37.503,48.191283586842715,42.938030827304225,50.824857572262545
2016-03-01T14:30:00Z,37.01,37.57,37,37.47,648781,568657.4,37.03851642235546,37.51224999999992,38.39777512670222,36.626724873297626,36.92684749999991,37.42,53.69526776358294,46.75535033797678,46.59416924166535
2016-03-01T15:30:00Z,37.47,37.895,37.45,37.8125,484617,566805.55,37.07627171882592,37.52787499999992,38.422960575529515,36.63278942447033,36.98090999999991,37.4485,58.24065398580463,60.67071885692584,50.12136667406899
2016-03-01T16:30:00Z,37.82,38.04,37.71,37.95,315701,568984.35,37.118892610590514,37.527374999999914,38.42150512896577,36.63324487103406,37.03665999999991,37.540499999999994,59.94075595061606,78.96109788886328,62.12905569458868
2016-03-01T17:30:00Z,37.9435,38.23,37.92,38.02,429587,559667.75,37.16284906861049,37.52812499999992,38.42388009349548,36.63236990650436,37.09590999999991,37.6725,60.81537119534018,86.38676781343277,75.33952818640734
2016-03-01T18:30:00Z,38.01,38.41,37.985,38.29,486082,552706.45,37.2178320408734,37.52962499999992,38.430363967472665,36.62888603252717,37.157659999999915,37.9085,64.07357814752119,88.88585676025536,84.74457415418385
2016-03-01T19:30:00Z,38.29,38.64,38.29,38.555,598732,536137.9,37.28305974619665,37.539374999999914,38.47922854578494,36.59952145421489,37.22178499999991,38.1255,66.97599301217417,89.74442138038421,88.33901531802417
2016-03-01T20:30:00Z,38.55,38.69,38.43,38.69,736984,522074.05,37.35169097808949,37.64137499999992,38.6151812885007,36.667568711499136,37.29278499999991,38.301,68.37755882559011,95.43547829095316,91.35525214386429
2016-03-02T14:30:00Z,38.54,38.56,37.89,37.96,304169,507264.45,37.381364588914394,37.68587499999992,38.63212453766114,36.739625462338694,37.339784999999914,38.303,54.827130584997775,83.87393563284748,89.68461176806166
2016-03-02T15:30:00Z,37.96,37.99,37.69,37.89,372005,505581.9,37.40617607238198,37.73587499999992,38.61168216343444,36.860067836565406,37.377284999999915,38.277,53.72762625135865,69.82248520710068,83.04396637696716
2016-03-02T16:30:00Z,37.9,38.21,37.74,38.2,271284,493270.5,37.444899190802374,37.79037499999992,38.63884166848113,36.94190833151871,37.42528499999992,38.259,57.76689523719101,60.157790927021864,71.28473725565674
2016-03-02T17:30:00Z,38.19,38.72,38.1599,38.68,272371,488932.25,37.505148010763236,37.86337499999992,38.75320683103559,36.97354316896425,37.48853499999992,38.284000000000006,63.133257515201855,73.78101921930201,67.9204317844749
2016-03-02T18:30:00Z,38.67,38.815,38.6475,38.73,344253,487697.75,37.56489688828698,37.94087499999992,38.84894062952445,37.03280937047539,37.551534999999916,38.292,63.65137519659158,87.99904672404274,73.9792856234556
2016-03-02T19:30:00Z,38.73,38.79,38.58,38.72,246853,459795.4,37.62124338154128,38.00362499999992,38.94434211344179,37.06290788655805,37.610184999999916,38.444,63.45928574940255,95.91902107758347,85.89969567364278
2016-03-02T20:30:00Z,38.72,38.78,38.665,38.765,425003,442331.85,37.67703638731975,38.05387499999992,39.04327693426334,37.0644730657365,37.67305999999992,38.61900000000001,63.98598709588331,95.77594123048674,93.2313363440377
2016-03-03T14:30:00Z,39.5,39.63,38.95,39.4599,1160111,468165.45,37.76400534403586,38.135369999999924,39.291963145588475,36.97877685441137,37.744057499999926,38.87098,70.94959189049553,94.73608899672286,95.47701710159775
2016-03-03T15:30:00Z,39.46,39.79,39.19,39.2,2444156,572237.45,37.83405386383899,38.201119999999925,39.43989594197741,36.96234405802244,37.807807499999925,38.97498,65.82321708735529,87.11572955818163,92.54258659513046
2016-03-03T16:30:00Z,39.2,39.25,38.77,39.25,792650,591855.1,37.90312440706636,38.28011999999992,39.57364773237532,36.986592267624516,37.869559999999915,39.07898000000001,66.3272826489022,79.46257463229941,87.10479772906803
2016-03-03T17:30:00Z,39.25,39.3,38.95,39.09,607531,609282.9,37.96102077745336,38.360119999999924,39.64617489557115,37.0740651044287,37.924809999999916,39.15298000000001,63.11915468578786,70.9523809523811,79.17689504762076
2016-03-03T18:30:00Z,39.085,39.1,38.95,38.9769,306451,599695.05,38.01057586148003,38.44096499999992,39.66727207782498,37.21465792217486,37.97948249999992,39.19536000000001,60.87762505223997,67.41111111111123,72.6086888985973
2016-03-03T19:30:00Z,38.98,39.06,38.875,39.05,570800,590906.05,38.061279477993196,38.537964999999915,39.62703993274123,37.448890067258596,38.028857499999916,39.11338000000001,61.82134554209278,64.236507936508,67.53333333333349
2016-03-03T20:30:00Z,39.05,39.05,38.97,38.97,571638,587048.9,38.10560730833499,38.61296499999992,39.59927388119536,37.626656118804476,38.06260749999991,39.06738000000001,60.112356721525,62.331746031746036,64.65978835978848
2016-03-04T14:30:00Z,39.12,39.51,38.51,38.66,340004,579818.25,38.13265085426987,38.655339999999924,39.570717660652626,37.73996233934722,38.09160749999991,38.949380000000005,53.895001935355715,57.30158730158724,61.289947089947155
2016-03-04T15:30:00Z,38.68,39.34,38.615,39.075,691610,598613.7,38.17861910528109,38.71158999999992,39.5839328291807,37.83924717081914,38.11948249999991,38.94638000000001,59.87772058833897,57.42160278745646,59.018312040263304
2016-03-04T16:30:00Z,39.08,39.27,38.99,39.12,555043,604886.5,38.22454012453567,38.76658999999992,39.59519268622718,37.937987313772666,38.14735749999991,38.97500000000001,60.47661981486631,56.73688483754,57.15335830886129
2016-03-04T17:30:00Z,39.12,39.2,39.03,39.16,338854,597525.1,38.27017231358271,38.810089999999924,39.62528328482399,37.994896715175855,38.169857499999914,38.99700000000001,61.033411448492934,58.26714277404792,57.47521013301485
2016-03-04T18:30:00Z,39.16,39.235,38.9,38.92,323782,583777.6,38.30187122511526,38.828339999999926,39.63618262181513,38.02049737818472,38.18385749999992,38.98700000000001,55.9412010319085,47.236909034210555,54.08031221526621
2016-03-04T19:30:00Z,38.92,38.98,38.38,38.59,306142,562235.5,38.31592628730476,38.823339999999924,39.635770490332455,38.01090950966739,38.232357499999914,38.97300000000001,49.78989558685861,32.56870567375892,46.02425249400585
2016-03-04T20:30:00Z,38.59,38.62,38.39,38.48,484677,571260.9,38.32392988304599,38.84933999999991,39.578616752423564,38.12006324757626,38.26760749999991,38.854000000000006,47.89917661100057,18.005688534278935,32.60376774741619
2016-03-07T14:30:00Z,38.24,39.2,38.24,38.78,609365,583128.9,38.34617720582423,38.89383999999992,39.477636661196854,38.310043338802984,38.31485749999992,38.786000000000016,53.127009349861176,18.94150842675197,23.17196754493
2016-03-07T15:30:00Z,38.78,39.18,38.69,39.13,911800,615154.7,38.38441246407671,38.94033999999992,39.437372254107586,38.443307745892255,38.36535749999992,38.780000000000015,58.37467554839534,37.33654947215327,24.76124881106145
2016-03-07T16:30:00Z,39.13,39.15,38.79,38.79,377236,620397.95,38.40419722192663,38.94583999999991,39.43357466313807,38.458105336861756,38.404607499999905,38.754000000000005,52.25451373330063,49.40817881635768,35.22874557175437
2016-03-07T17:30:00Z,38.78,38.88,38.73,38.73,215832,613976.9,38.42009004036923,38.94583999999991,39.433574663139,38.458105336860825,38.44335749999991,38.78200000000001,51.233689263531204,50.65616797900258,45.8002987558379
2016-03-07T18:30:00Z,38.72,38.74,38.57,38.645,330199,618144.2,38.4310612579122,38.942089999999915,39.437800653129194,38.446379346870636,38.472857499999904,38.81500000000001,49.750896257969046,37.92650918635164,45.99695199390403
2016-03-07T19:30:00Z,38.64,38.755,38.45,38.65,432652,618526.65,38.44174119655063,38.936339999999916,39.44268764897806,38.429992351021774,38.49510749999992,38.78900000000001,49.8428550945248,34.251968503936915,40.94488188976377
2016-03-07T20:30:00Z,38.65,38.83,38.63,38.63,1158890,618465.6,38.45092455281645,38.89484499999992,39.356847625451664,38.43284237454817,38.515107499999914,38.68900000000001,49.45300066660364,31.627296587926555,34.6019247594051
2016-03-08T14:30:00Z,38.62,39.09,38.33,38.94,1094738,550994.7,38.47478189170346,38.88184499999991,39.32292810546364,38.44076189453619,38.54148249999991,38.71900000000001,55.2903681550336,42.20949654020503,36.02958721068956
2016-03-08T15:30:00Z,38.93,39.1,38.87,38.9,539967,538360.55,38.49552423844963,38.864344999999915,39.27212877349439,38.45656122650544,38.57223249999991,38.75300000000001,54.417115026807096,52.80756498553277,42.21478603788818
2016-03-08T16:30:00Z,38.899,38.99,38.795,38.83,432136,529590.8,38.51184012925697,38.85134499999991,39.245887121866645,38.456802878133175,38.60573249999991,38.79000000000001,52.844180773764805,62.336838650445145,52.45130005872772
2016-03-08T17:30:00Z,38.84,38.9,38.83,38.855,263715,527454,38.52857963514687,38.845249999999915,39.235589275535055,38.454910724464774,38.643107499999914,38.83100000000002,53.36266486486321,61.72773251370086,58.95737871655965
2016-03-08T18:30:00Z,38.855,39.01,38.8,38.9499,354908,516659.4,38.54913184806654,38.84024499999991,39.222436525189615,38.45805347481021,38.689104999999905,38.89498000000002,55.368753177456746,65.01781476828556,63.02746197747725
2016-03-08T19:30:00Z,38.945,38.98,38.905,38.94,519382,514046.6,38.56819858718524,38.83874499999992,39.21911889753342,38.458371102466415,38.7258549999999,38.89498000000002,55.10247163366788,69.55787618648759,65.4344744894914
2016-03-08T20:30:00Z,38.93,39.08,38.915,38.94,989434,546518.1,38.58633524146889,38.85274499999991,39.226323454848206,38.47916654515162,38.754042499999905,38.902980000000014,55.10247163366788,73.26041666666622,69.27870254047984
2016-03-09T14:30:00Z,39,39.03,38.36,38.5575,422754,533075.3,38.584928644324066,38.826869999999914,39.20691902897579,38.44682097102404,38.76922999999991,38.848480000000016,45.33327171504079,57.53267973856169,66.78365753057189
2016-03-09T15:30:00Z,38.58,38.7,38.27,38.665,440717,527359,38.588834564113135,38.80411999999991,39.165260352807124,38.4429796471927,38.78535499999991,38.81048000000001,48.11729118586795,48.18924539512744,59.66078060011851
2016-03-09T16:30:00Z,38.67,38.825,38.67,38.705,321646,526498.6,38.594501170741765,38.78136999999991,39.105386889107336,38.457353110892484,38.795729999999914,38.76150000000001,49.15490198892291,41.35356935764418,49.0251648304445
2016-03-09T17:30:00Z,38.71,38.94,38.69,38.785,1039618,562290.4,38.60379379655924,38.774619999999906,39.09236781576985,38.456872184229965,38.80147999999991,38.73050000000001,51.25461540139338,53.114731653887816,47.55251546888655
2016-03-09T18:30:00Z,38.78,38.85,38.48,38.525,1229902,608478.4,38.59995019672708,38.77136999999991,39.09781531613377,38.444924683866056,38.79735499999991,38.64750000000001,44.78196534599366,48.393574297188195,47.62062510290679
2016-03-09T19:30:00Z,38.525,38.6,38.38,38.405,529501,610719.6,38.59044043103307,38.767619999999916,39.10875984584638,38.42648015415345,38.80847999999991,38.61700000000001,42.13708391848892,36.34538152610395,45.951229159060055
2016-03-09T20:30:00Z,38.405,38.48,38.16,38.2,1236973,642100,38.57139455634854,38.73861999999991,39.15983281370087,38.31740718629895,38.81622999999991,38.524000000000015,38.00729960634703,17.08109031872166,33.94001538067133
2016-03-10T14:30:00Z,38.48,38.75,38.09,38.5,744648,633742.4,38.56791189506324,38.70711999999992,39.09980750225116,38.314432497748676,38.82372999999991,38.48300000000002,46.30154301964554,20.37147959861358,24.599317147813125
2016-03-10T15:30:00Z,38.49,38.515,37.64,37.7,444424,637101.8,38.5255747294504,38.652619999999914,39.23897040242605,38.06626959757378,38.79922999999991,38.26600000000002,33.449348265978685,16.338681740514645,17.93041721928336
2016-03-10T16:30:00Z,37.72,37.9201,37.69,37.86,458791,649249.75,38.493107669477205,38.60911999999992,39.28786115421401,37.930378845785825,38.777479999999905,38.13300000000002,37.20366419307346,20.012834616794947,18.907665318641126
2016-03-10T17:30:00Z,37.855,37.9,37.47,37.6,451274,655303.5,38.44954144169783,38.55686999999991,39.36506333356986,37.748676666429965,38.749479999999906,37.972000000000016,33.86083479732687,9.172992868645117,15.174836408651638
2016-03-10T18:30:00Z,37.59,37.67,37.47,37.65,577729,662557.35,38.41053942015159,38.506869999999914,39.40460295830406,37.60913704169577,38.72160499999991,37.862000000000016,35.06909724404218,11.510812054290332,13.565546513243534
2016-03-10T19:30:00Z,37.65,37.84,37.58,37.69,1034873,656356.5,38.37539115575395,38.45986999999991,39.42294402852867,37.49679597147115,38.67735749999991,37.70000000000002,36.07520975770366,10.973084886128376,10.552296603021345
2016-03-10T20:30:00Z,37.7,37.705,37.54,37.57,1050952,654167.2,38.33610378230254,38.39136999999991,39.40182105988717,37.38091894011265,38.63660749999991,37.674000000000014,34.35534098549387,10.418325635716924,10.967407525378613
2016-03-11T14:30:00Z,37.84,38.12,37.6,37.645,981399,676238.8,38.302391402678026,38.32861999999991,39.36057631420438,37.29666368579544,38.59648249999991,37.631000000000014,36.39629655652982,10.659871529436835,10.68376068376078
2016-03-11T15:30:00Z,37.66,37.68,37.515,37.635,1048481,707056.05,38.26983572449861,38.268869999999914,39.31605620332043,37.2216837966794,38.56010749999991,37.63800000000001,36.23453316477089,9.846502703645655,10.308233289599874
2016-03-11T16:30:00Z,37.64,37.99,37.58,37.92,961877,741964.15,38.252770567206,38.22211999999991,39.24363312983543,37.20060687016439,38.533684999999906,37.69200000000001,43.888777532791735,17.913832199546622,12.806735477543107
2016-03-11T17:30:00Z,37.915,38.15,37.895,37.97,341759,741306.7,38.23897688100083,38.173124999999914,39.143004986145066,37.20324501385476,38.506684999999905,37.74800000000001,45.133111452593965,26.02287291728287,17.927735940158453
2016-03-11T18:30:00Z,37.98,37.98,37.59,37.62,761034,753389.3,38.208782886805665,38.10712499999992,39.03815302724926,37.17609697275058,38.47293499999991,37.75800000000001,38.668693451175464,26.187626318643392,23.374777145157697
2016-03-11T19:30:00Z,37.615,37.63,37.47,37.51,1041497,755992.45,38.17469591671758,38.03562499999991,38.91820059876008,37.15304940123974,38.444184999999905,37.73100000000001,36.88079144061022,17.0252113526569,23.07857019619446
2016-03-11T20:30:00Z,37.51,37.76,37.4883,37.75,1037138,786711.65,38.15397904273136,37.99524999999991,38.85214249618916,37.13835750381067,38.41105999999991,37.754000000000005,43.06606170441481,12.239583333333277,18.484140334877925
2016-03-14T13:30:00Z,37.5,37.57,36.695,36.84,420905,785721.05,38.089882504061535,37.90399999999991,38.841105116850095,36.96689488314973,38.354059999999905,37.53800000000001,30.758396760766402,10.989010989011028,13.41793522500047
2016-03-14T14:30:00Z,36.85,37.06,36.84,36.99,440406,791659.05,38.036229698985366,37.81824999999991,38.76032895105857,36.876171048941245,38.29980999999991,37.342000000000006,34.10150584167528,16.705649018793455,13.311414447045989
2016-03-14T15:30:00Z,36.99,37.01,36.73,36.78,575232,768439.75,37.97495020147389,37.71799999999991,38.653940169042045,36.78205983095778,38.2463099999999,37.174000000000014,31.787559234520074,11.361290485001932,13.018650164268871
2016-03-14T16:30:00Z,36.785,37,36.74,36.895,332418,723565.55,37.92226970384102,37.63649999999991,38.56096254657799,36.712037453421836,38.2039349999999,37.05100000000001,34.412177916099566,13.287514318442271,13.784817940745954
2016-03-14T17:30:00Z,36.89,37.05,36.86,37,262356,710208.3,37.877280937799995,37.56624999999991,38.459445807214784,36.67305419278504,38.166934999999896,36.90100000000001,36.80314837897373,13.516609392898127,12.721804732114178
2016-03-14T18:30:00Z,36.99,37.32,36.92,37.245,827154,689717.35,37.84643796522438,37.51849999999991,38.37230969778176,36.66469030221806,38.1285599999999,36.982000000000006,42.10640886603945,24.16953035509737,16.99121802214599
2016-03-14T19:30:00Z,37.24,37.25,37.09,37.09,736625,689316.2,37.80953855228661,37.44799999999991,38.191749958001395,36.70425004199842,38.077559999999906,37.00200000000001,39.829217205359704,28.63688430698741,22.107674684994368
2016-03-15T13:30:00Z,36.76,36.8,36.26,36.66,1071178,720653.9,37.753463500955554,37.395999999999916,38.20460126145446,36.587398738545374,38.0243099999999,36.978,34.28899066349629,28.704158257422847,27.17019097316928
2016-03-15T14:30:00Z,36.66,36.88,36.66,36.69,346083,715018.5,37.70158723261626,37.337499999999906,38.17223049544651,36.5027695045533,37.9733099999999,36.937,34.96864181876455,23.68770341278935,27.00958199239994
2016-03-15T15:30:00Z,36.69,36.75,36.63,36.74,215576,703233.6,37.6546805383423,37.29449999999991,38.1587910389603,36.43020896103951,37.9256849999999,36.885000000000005,36.15390741238545,23.104056437389783,25.1653060358674
2016-03-15T16:30:00Z,36.74,36.855,36.63,36.84,297601,689227.2,37.61494002427682,37.25399999999991,38.12375628771793,36.384243712281894,37.880434999999906,36.804,38.565585064822336,27.289692793568914,24.693817547916083
2016-03-15T17:30:00Z,36.85,36.93,36.72,36.75,333058,654136.45,37.57274782797063,37.20699999999991,38.0790229354943,36.334977064505516,37.83343499999991,36.736000000000004,37.20352512226813,30.594807432016935,26.99618555432528
2016-03-15T18:30:00Z,36.75,36.8,36.63,36.76,345775,618877.6,37.533101592459865,37.16649999999991,38.04255422208225,36.29044577791756,37.778934999999905,36.756,37.46779169739169,33.24031007751952,30.374936767701858
2016-03-15T19:30:00Z,36.76,36.79,36.68,36.755,529671,596291.2,37.49514541721792,37.12199999999991,37.986652531382845,36.25734746861697,37.72530999999991,36.769,37.383081293159414,34.59541984732836,32.810179118955006
2016-03-16T13:30:00Z,36.8,36.92,36.51,36.54,542239,570979.1,37.448552957841436,37.06724999999991,37.93370527872269,36.20079472127713,37.66805999999991,36.729,33.840140066349875,32.51156240498032,33.44909744327614
2016-03-16T14:30:00Z,36.54,36.77,36.485,36.76,549744,550372.45,37.414965008678436,37.00924999999991,37.79074392193777,36.22775607806205,37.615684999999914,36.712999999999994,40.09634646338398,37.12372173412075,34.743567995476546
2016-03-16T15:30:00Z,36.76,36.93,36.7,36.925,672248,566896.9,37.39106427654778,36.95699999999991,37.60246417408457,36.31153582591525,37.56506249999991,36.748,44.34695735383633,45.44025157232693,38.3585119038094
2016-03-16T16:30:00Z,36.93,37.08,36.8,36.8073,455989,551644.65,37.36258797037472,36.916364999999914,37.487843263037874,36.34488673696195,37.51174499999992,36.757459999999995,42.05456782524436,53.845911949685366,45.46996175204441
2016-03-16T17:30:00Z,36.81,37.07,36.72,37.04,778367,538488.15,37.34685197181985,36.892864999999915,37.39977231413507,36.38595768586476,37.46424499999991,36.81446,47.799725810183894,62.65094339622626,53.97903563941292
2016-03-16T18:30:00Z,37.04,37.24,36.9,37.07,774313,525346.9,37.33334699758474,36.858864999999916,37.19303607164419,36.524693928355646,37.42705749999992,36.92046,48.50853215509629,69.01172098341904,61.83619210977696
2016-03-16T19:30:00Z,37.07,37.18,37.02,37.18,763258,542464.55,37.32586665623914,36.87586499999992,37.237899066245426,36.51383093375441,37.389932499999915,37.004459999999995,51.128904460756296,83.09354616632235,71.58540351532262
2016-03-17T13:30:00Z,37.18,37.52,37.12,37.4593,499069,545397.7,37.332375599837235,36.89932999999992,37.34017028901868,36.45848971098116,37.358789999999914,37.11132,57.098720003656275,89.94366617969081,80.68297777647747
2016-03-17T14:30:00Z,37.45,37.5001,37.18,37.22,376730,535472.6,37.32689386325981,36.92132999999992,37.37972075080472,36.46293924919512,37.31966499999991,37.19386,51.3149717888023,86.34243649150449,86.45988294583928
2016-03-17T15:30:00Z,37.25,37.27,37.05,37.13,316425,534672.95,37.31728928456421,36.93307999999992,37.40013439771292,36.46602560228692,37.28478999999991,37.21186,49.292652658563114,75.82286634460523,84.03632300526691
2016-03-17T16:30:00Z,37.13,37.305,37.09,37.18,473478,545229.05,37.310592246292785,36.94207999999992,37.42073859484916,36.463421405150676,37.25416499999991,37.23386000000001,50.46071890360331,66.82769726247969,76.33100003286319
2016-03-17T17:30:00Z,37.18,37.325,37.07,37.195,612286,534485.65,37.30495360013216,36.93957999999992,37.41237028164888,36.46678971835096,37.22903999999991,37.23686000000001,50.82667760047824,66.02254428341371,69.55770263016626
2016-03-17T18:30:00Z,37.2,37.2,36.965,37.15,733142,534311.5,37.29739488793059,36.94257999999992,37.41988988929739,36.465270110702455,37.19528999999991,37.17500000000001,49.64190034302458,66.6666666666664,66.50563607085333
2016-03-17T19:30:00Z,37.15,37.22,37.07,37.17,1272701,544387.65,37.291180503153484,36.968079999999915,37.43669221753524,36.49946778246459,37.18203999999991,37.165000000000006,50.19754596347208,66.34460547504007,66.34460547504013
2016-03-18T13:30:00Z,37.34,37.62,37.2,37.25,989119,576539.45,37.289171698121606,36.99607999999992,37.461796104963355,36.53036389503649,37.16678999999991,37.18900000000001,52.45727967772682,65.94522122198805,66.31883112123155
2016-03-18T14:30:00Z,37.26,37.31,36.975,36.98,1614858,646503.55,37.274090151871775,37.00807999999992,37.45891457101511,36.557245428984736,37.15128999999991,37.14900000000001,45.03092260077327,54.67307951506368,62.32096873736399
2016-03-18T15:30:00Z,36.98,37.43,36.98,37.1974,359775,649612.25,37.27034916885364,37.02594999999992,37.4770516493223,36.57484835067755,37.13997499999991,37.149480000000004,51.04103691145864,50.29336937013628,56.97055670239606
2016-03-18T16:30:00Z,37.19,37.21,36.95,36.95,202387,643078.7,37.254722380129074,37.03594999999992,37.4707105065123,36.601189493487546,37.121474999999904,37.109480000000005,45.00992468872104,36.34492753623199,47.10379214047737
2016-03-18T17:30:00Z,36.96,37.01,36.75,36.99,270944,639337.15,37.24180909329351,37.04744999999993,37.46419968268881,36.630700317311046,37.106974999999906,37.07348,46.11849343593207,35.39540229885094,40.67789973507311
2016-03-18T18:30:00Z,36.98,37.055,36.9,36.915,410661,633386.65,37.22586718630358,37.05544999999992,37.455234314376455,36.65566568562339,37.088724999999904,37.00648,44.314599093721384,24.03575989782908,31.925363244304048
2016-03-18T19:30:00Z,36.92,37.12,36.88,36.94,676173,640083.35,37.211922445508286,37.07544999999992,37.403711325810505,36.74718867418933,37.0713499999999,36.99848000000001,45.08565386734517,22.796934865900372,27.40936568752684
2016-03-21T13:30:00Z,37.43,37.46,36.91,37.41,582845,641738.4,37.22158476523959,37.107949999999924,37.43354714068259,36.78235285931726,37.0585999999999,37.041000000000004,57.109588901640016,38.888888888888715,28.57386121753943
2016-03-21T14:30:00Z,37.41,37.49,37.2,37.32,286573,622454.65,37.226385508398636,37.127699999999926,37.4544294722242,36.800970527775654,37.0423499999999,37.115,54.64230486333172,54.40613026819915,38.697318007662794
2016-03-21T15:30:00Z,37.32,37.47,37.32,37.43,201203,609715.35,37.236317922623094,37.158834999999925,37.47604222110431,36.84162777889554,37.0375999999999,37.203,57.08279153397658,73.18007662835254,55.49169859514685
2016-03-21T16:30:00Z,37.42,37.42,37.22,37.27,229329,582263.45,37.23796095078782,37.17033499999992,37.486149187650376,36.85452081234947,37.0315999999999,37.27400000000001,52.64568153314496,67.81609195402326,65.13409961685836
2016-03-21T17:30:00Z,37.28,37.36,37.2,37.36,121796,549637.6,37.243914075139635,37.18483499999992,37.507447369759774,36.86222263024007,37.0218499999999,37.358000000000004,54.77518804292743,69.34865900383166,70.11494252873587
2016-03-21T18:30:00Z,37.36,37.47,37.29,37.405,429227,532936.05,37.25177192513282,37.196084999999925,37.53262970894718,36.859540291052674,37.0359749999999,37.357000000000006,55.844390511997894,68.39080459770145,68.51851851851883
2016-03-21T19:30:00Z,37.41,37.44,37.34,37.35,373276,526646.4,37.25656353854097,37.190619999999925,37.51314816066278,36.86809183933707,37.044974999999894,37.363,54.15904465687566,71.45593869731825,69.73180076628383
2016-03-22T13:30:00Z,36.9,37.41,36.85,37.36,442380,529928.9,37.261609219587754,37.19761999999993,37.52836717598023,36.86687282401963,37.05947499999989,37.349000000000004,54.42833844722228,75.56176866521703,71.80283732007895
2016-03-22T14:30:00Z,37.36,37.385,37.2,37.32,262724,527243.85,37.26445755033957,37.20711999999993,37.54045702827401,36.87378297172585,37.0700999999999,37.359,53.084988744617995,76.14165890027952,74.38645542093832
2016-03-22T15:30:00Z,37.32,37.41,37.245,37.315,366894,521914.65,37.26692303568886,37.21386999999993,37.550191043675625,36.87754895632423,37.077974999999896,37.35,52.90920047059686,78.60360360360325,76.76901038969999
2016-03-22T16:30:00Z,37.32,37.32,37.02,37.205,238641,503232.4,37.2639023998016,37.21436999999993,37.55060706580018,36.878132934199684,37.0769749999999,37.31,49.06014340484387,71.62162162162123,75.45562804183471
2016-03-22T17:30:00Z,37.21,37.28,37.14,37.28,207073,476928.95,37.26468764859177,37.22086999999993,37.55690440957718,36.884835590422675,37.081724999999906,37.296,51.643200253049336,68.34177927927891,72.85566816816784
2016-03-22T18:30:00Z,37.28,37.4,37.28,37.35,284152,427501.5,37.26884922670924,37.229869999999934,37.5695941298715,36.89014587012837,37.0989749999999,37.294,53.98832397337148,68.93299549549528,69.63213213213186
2016-03-22T19:30:00Z,37.35,37.37,37.27,37.28,364004,396245.75,37.26939316686977,37.23136999999993,37.57170078676419,36.891039213235665,37.1137249999999,37.285999999999994,51.30864108033619,70.83333333333321,69.36936936936918
2016-03-23T13:30:00Z,37.17,37.26,36.68,36.75,360888,333547.25,37.24405691482734,37.21986999999993,37.60587788129176,36.8338621187081,37.11397499999991,37.172999999999995,36.526093201187905,51.318158436213906,63.69482908834751
2016-03-23T14:30:00Z,36.74,36.79,36.27,36.425,343732,332745.1,37.2041029189821,37.18124999999993,37.700190025456074,36.66230997454378,37.1035999999999,37.016999999999996,30.68745200927755,29.582047325102664,50.57784636488331
2016-03-23T15:30:00Z,36.44,36.89,36.44,36.83,306112,337931.35,37.185853996104925,37.17524999999993,37.707354078183506,36.64314592181635,37.10559999999991,36.92699999999999,42.93002244478165,22.741769547324836,34.54732510288052
2016-03-23T16:30:00Z,36.83,36.93,36.5,36.91,306183,339693.3,37.172397703612,37.17124999999993,37.71002523144599,36.63247476855387,37.10934999999991,36.838999999999984,44.99668357054686,37.638888888888495,29.987568587105386
2016-03-23T17:30:00Z,36.91,36.97,36.84,36.935,201972,329258.85,37.160817327826045,37.17224999999993,37.70919017359468,36.63530982640518,37.11384999999991,36.76999999999999,45.658937282362885,51.80555555555535,37.39540466392295
2016-03-23T18:30:00Z,36.94,37.05,36.91,37.0125,330862,311993.3,37.15358233622477,37.17587499999993,37.70744643218958,36.644303567810276,37.125662499999905,36.82249999999999,47.75881926087138,57.403846153846125,48.94943019943005
2016-03-23T19:30:00Z,37.02,37.13,36.975,37.08,662055,315953.8,37.14999295396991,37.159374999999926,37.68125112277277,36.63749887722708,37.13366249999991,36.95349999999999,49.58609403865655,63.31027890238425,57.506560203928636
2016-03-24T13:30:00Z,36.85,37.1,36.44,36.895,449976,324123.95,37.13755427328845,37.138124999999924,37.666676972393006,36.60957302760684,37.132912499999904,36.96649999999999,44.94592465899053,63.112910481331674,61.275678512520734
2016-03-24T14:30:00Z,36.9,37.03,36.68,36.73,253380,326732.8,37.11767357703048,37.10312499999993,37.64233014418881,36.563919855811044,37.13097999999991,36.93049999999999,41.23927253184721,55.40935672514615,60.61084870295408
2016-03-24T15:30:00Z,36.73,37.03,36.725,37.02,175502,324041.45,37.11290901229729,37.090624999999925,37.62534893580351,36.55590106419634,37.130479999999906,36.94749999999999,49.17311765018369,53.849040004140186,57.45710240353939
2016-03-24T16:30:00Z,37.01,37.1,36.95,37.1,127425,324322.9,37.112279304380344,37.07762499999993,37.59796977754598,36.557280222453876,37.13122999999992,36.96499999999999,51.13325558325228,60.05796201417997,56.43878624782216
2016-03-24T17:30:00Z,37.1,37.1,36.89,36.98,131181,309420.6,37.10582665538618,37.056374999999925,37.55579835500137,36.55695164499848,37.126229999999914,36.944999999999986,48.134600750198665,67.55162241887903,60.48620814573312
2016-03-24T18:30:00Z,36.9738,37.06,36.945,36.9932,423517,311932.65,37.100332672196615,37.038534999999925,37.51989319627417,36.55717680372568,37.11457749999992,36.96463999999999,48.49242642073721,67.34288012872081,64.98415485392665
2016-03-24T19:30:00Z,37,37.01,36.92,37,532884,316457.85,37.0954383955041,37.020534999999924,37.47883485066539,36.562235149334455,37.10907749999992,37.01863999999999,48.688819166738014,67.43822889663592,67.4442438147453
2016-03-28T13:30:00Z,36.98,37.08,36.75,36.91,314985,319070.9,37.08639262011365,37.000034999999926,37.43919953991718,36.56087046008267,37.10357749999992,36.99663999999999,46.17913854062224,71.30047764466349,68.69386222334013
2016-03-28T14:30:00Z,36.9,37.15,36.84,37.1,205252,310988.8,37.087056394742255,36.989284999999924,37.40709028134782,36.57147971865203,37.10157749999992,36.99663999999999,51.82472652099443,80.37124162246978,73.03664938792312
2016-03-28T15:30:00Z,37.1,37.15,36.94,36.97,225853,310349.4,37.08134632670605,36.977534999999925,37.38346207857542,36.57160792142443,37.09595249999992,36.99463999999999,48.10649295616773,80.67474615132643,77.4488218061533
2016-03-28T16:30:00Z,36.98,37.08,36.95,36.95,432210,321606.25,37.07493918881795,36.96103499999993,37.34253521378634,36.57953478621352,37.090952499999915,36.98599999999999,47.54137036268559,79.81220657277026,80.28606478218889
2016-03-28T17:30:00Z,36.95,37.195,36.94,37.11,299298,322363.55,37.07664947229024,36.94903499999993,37.29420998912758,36.60386001087228,37.08945249999992,37.007999999999996,52.362639076678455,78.40686503124724,79.6312725851147
2016-03-28T18:30:00Z,37.11,37.12,36.95,37.02,449758,326651.25,37.07388608339804,36.93603499999993,37.24839603009067,36.6236739699092,37.083702499999916,37.02999999999999,49.60114986536487,79.13129994092618,79.11679051498129
2016-03-28T19:30:00Z,37.02,37.07,37.01,37.03,338755,325544.6,37.07174529884203,36.95003499999992,37.252738639094694,36.64733136090515,37.084952499999915,37.01599999999999,49.91719755526649,81.23620309050786,79.59145602089382
2016-03-29T13:30:00Z,37.14,37.89,36.825,37.785,557785,336247.25,37.10653821109364,37.01803499999993,37.41481510676048,36.621254893239374,37.099642499999916,37.17899999999999,66.82983293954045,82.09640048893516,80.82130117345646
2016-03-29T14:30:00Z,37.79,37.99,37.59,37.98,538641,347873.7,37.14914610323542,37.07553499999993,37.64317339996778,36.50789660003208,37.12539249999991,37.38499999999999,69.67792440850424,89.55916519327745,84.29725625757355
2016-03-29T15:30:00Z,37.985,38.305,37.83,38.3,781710,371650.05,37.205285317711734,37.14503499999993,37.917870618433696,36.37219938156616,37.15814249999991,37.62299999999999,73.6728618014016,96.73675226907783,89.46410598376355
2016-03-29T16:30:00Z,38.3,38.405,38.2501,38.35,583305,390716.7,37.26112505831116,37.215784999999926,38.14250924869538,36.28906075130447,37.19401749999991,37.88899999999999,74.24386231509203,98.52155997258929,94.93915914498159
2016-03-29T17:30:00Z,38.36,38.485,38.32,38.475,480829,398215.05,37.32033847010086,37.28890999999992,38.359558539727246,36.2182614602726,37.23239249999991,38.17799999999998,75.6648538681981,98.5929416252266,97.95041795563132
2016-03-29T18:30:00Z,38.475,38.61,38.38,38.41,744184,402321.5,37.37349269107155,37.35540999999993,38.52640922101583,36.184410778984024,37.25739249999991,38.30299999999998,73.39719233828275,95.11589337066566,97.41013165616057
2016-03-29T19:30:00Z,38.42,38.5,38.37,38.42,565537,408099.55,37.424541828092444,37.43165999999992,38.66950402313929,36.193815976860556,37.28489249999991,38.390999999999984,73.52863360047266,92.81862972947845,95.50915490845698
2016-03-30T13:30:00Z,38.54,38.99,38.19,38.2199,591585,425009.8,37.46333978769769,37.50615499999992,38.74545275030947,36.266857249690375,37.30463999999991,38.37497999999998,66.45321682161507,81.15393975514657,89.69615428509695
2016-03-30T14:30:00Z,38.22,38.41,38.18,38.345,450850,438777.2,37.50634760293195,37.57240499999992,38.84195827336944,36.302851726630394,37.33151499999991,38.37397999999998,68.4943832725054,74.8074532104927,82.92667423170597
2016-03-30T15:30:00Z,38.35,38.53,38.235,38.49,293746,447093.25,37.55433064669137,37.64190499999992,38.95194596650493,36.33186403349492,37.35976499999991,38.37697999999998,70.71830324157987,70.51424172440328,75.49187823001425
2016-03-30T16:30:00Z,38.49,38.58,38.421,38.57,130799,447074.15,37.60387549319423,37.72140499999992,39.053911943292576,36.38889805670726,37.388889999999904,38.40897999999998,71.8969698665489,75.90454195535013,73.74207896341544
2016-03-30T17:30:00Z,38.57,38.705,38.53,38.59,444603,448128.45,37.65197912767256,37.80124499999992,39.14098825970349,36.461501740296356,37.41988999999991,38.44297999999998,72.19826446604293,79.67667436489599,75.36515268154987
2016-03-30T18:30:00Z,38.59,38.6,38.46,38.475,203929,431680.7,37.69212648729829,37.87499499999992,39.192396306330785,36.557593693669055,37.447764999999904,38.49399999999998,67.70354941870085,79.4457274826789,78.34231460097509
2016-03-30T19:30:00Z,38.475,38.49,38.43,38.44,202061,426034.5,37.72860812206422,37.95149499999992,39.21234402423763,36.690645975762216,37.47576499999991,38.51299999999998,66.34970337880324,77.44418783679743,78.85552989479085
2016-03-31T13:30:00Z,38.52,38.645,38.16,38.36,395316,435537.7,37.75940772586597,38.014494999999926,39.223722349144815,36.805267650855036,37.50188999999991,38.48699999999998,63.23701373800371,68.6027713625864,75.16422889402098
2016-03-31T14:30:00Z,38.36,38.45,38.01,38.015,468350,447662.55,37.77187564167738,38.066744999999926,39.17720284337809,36.95628715662176,37.52213999999991,38.375999999999976,51.92399031390914,48.51470627272954,64.85388849070453
2016-03-31T15:30:00Z,38.02,38.29,38.02,38.247,554916,453797.85,37.79505243964434,38.13159499999992,39.11818966141037,37.14500033858947,37.54631499999991,38.30739999999998,57.43817320755914,31.710649777152195,49.60937580415612
2016-03-31T16:30:00Z,38.245,38.42,38.135,38.395,358372,456751.55,37.82431817429583,38.19584499999992,39.068772228308646,37.322917771691195,37.5724399999999,38.291399999999975,60.54696465225009,26.472554539057153,35.565970196313046
2016-03-31T17:30:00Z,38.395,38.53,38.17,38.1799,342396,451383.45,37.841663629208234,38.25383999999992,38.94091846831623,37.56676153168361,37.59493749999991,38.239379999999976,54.33518737791225,26.935374149660124,28.372859488623238
2016-03-31T18:30:00Z,38.18,38.32,38.14,38.2975,433938,456142.6,37.86389954973466,38.31721499999992,38.71323978347025,37.92119021652959,37.6336249999999,38.22687999999998,56.9364540803762,28.653061224490035,27.35366330440252
2016-03-31T19:30:00Z,38.3,38.365,38.28,38.31,587897,457648.2,37.88566054730858,38.34346499999992,38.65561757347093,38.031312426528906,37.68074999999991,38.28587999999998,57.21543703958066,25.761904761904987,27.1167800453518
2016-04-01T13:30:00Z,38.06,38.75,37.93,38.66,817497,471591,37.923433203537435,38.377464999999916,38.67145947125114,38.08347052874869,37.7264999999999,38.36847999999998,64.20746373152765,49.657789945246314,34.69091864388053
2016-04-01T14:30:00Z,38.665,39.19,38.62,39.09,962832,480647.1,37.98033890092585,38.41696499999991,38.84185652630612,37.99207347369371,37.780999999999906,38.50747999999997,70.57073560209295,70.56670906845129,48.66213459186761
2016-04-01T15:30:00Z,39.08,39.35,39.05,39.35,537102,478336.95,38.04715163746605,38.46696499999992,39.05326424878354,37.88066575121629,37.84137499999991,38.741499999999974,73.62413926327574,93.69596076913145,71.30681992760977
2016-04-01T16:30:00Z,39.355,39.48,39.31,39.445,750879,491839.45,38.11533936246771,38.515464999999914,39.24047216487924,37.790457835120584,37.902187499999904,38.97099999999998,74.65872896189337,96.60180918245452,86.9548263400125
2016-04-01T17:30:00Z,39.45,39.48,38.99,39.18,997402,504500.35,38.167274027713184,38.55396499999991,39.33229858473487,37.775631415264954,37.954687499999906,39.144999999999975,66.78877910254403,92.79569892473125,94.36448962543916
2016-04-01T18:30:00Z,39.18,39.5,39.175,39.29,649706,508708.8,38.22204114831254,38.597464999999914,39.43591258281361,37.75901741718622,38.01456249999991,39.27099999999997,68.28332915185278,88.3371001986166,92.57820276860087
2016-04-01T19:30:00Z,39.29,39.44,39.285,39.35,748674,516563.25,38.27706353132169,38.653969999999916,39.53429596714265,37.773644032857185,38.080062499999904,39.32299999999997,69.10014711919108,85.90507499486337,89.01262470607048
2016-04-04T13:30:00Z,39.24,39.54,39.06,39.36,346368,511339.15,38.329889700525506,38.70471999999991,39.624108241401814,37.785331758598005,38.13856249999991,39.324999999999974,69.24232258436035,88.62997982355496,87.62405167234506
2016-04-04T14:30:00Z,39.35,39.55,39.33,39.47,434668,518385.25,38.385504837085236,38.753719999999916,39.72510071754935,37.78233928245048,38.197812499999905,39.32999999999997,70.83215017608612,91.44248801469024,88.65918094436961
2016-04-04T15:30:00Z,39.48,39.745,39.33,39.72,384327,531061.65,38.45060216210547,38.81121999999991,39.86494875941894,37.75749124058089,38.2663124999999,39.437999999999974,74.10779989149111,94.16806456771324,91.41351080198622
2016-04-04T16:30:00Z,39.71,39.96,39.67,39.885,518501,534756.55,38.520572788344225,38.87596999999992,40.02243722082482,37.729502779175014,38.3386074999999,39.556999999999974,76.02178480824784,96.66324554865129,94.091266043685
2016-04-04T17:30:00Z,39.88,39.8865,39.55,39.77,486503,548885.25,38.581520457205485,38.940719999999914,40.13458740403901,37.74685259596082,38.407857499999906,39.64099999999998,72.02551756307466,95.18946744652071,95.34025918762849
2016-04-04T18:30:00Z,39.77,39.925,39.74,39.86,807618,579163.1,38.64388531295156,39.01171999999991,40.24623464893189,37.777205351067934,38.4816074999999,39.740999999999985,73.21232650843196,94.0065681444991,95.28642704655711
2016-04-04T19:30:00Z,39.86,39.87,39.62,39.65,718393,595316.95,38.69296407817344,39.076219999999914,40.30256330365764,37.849876696342186,38.5453574999999,39.77699999999998,66.15936450160174,90.14778325123144,93.1146062807505
2016-04-05T13:30:00Z,39.34,39.745,39.16,39.63,369745,590386.7,38.73867314753083,39.15696999999991,40.30323895989945,38.010701040100365,38.61185749999991,39.75899999999998,65.51206686378316,85.0586966644609,89.73768268673057
2016-04-05T14:30:00Z,39.64,39.71,39.19,39.27,652830,595282.4,38.76459153057811,39.20811999999991,40.27602135987767,38.14021864012215,38.66985749999991,39.63599999999998,55.06800917939553,62.98939258307015,79.39862416625424
2016-04-05T15:30:00Z,39.26,39.31,38.94,38.98,387389,596733.25,38.77509926079381,39.237369999999906,40.24492445730213,38.22981554269768,38.7166074999999,39.47799999999998,48.377332291705834,36.05356077908419,61.367216675538494
2016-04-05T16:30:00Z,38.98,39.14,38.82,39.11,320826,595654.75,38.7914358822185,39.28387499999991,40.17050411497874,38.39724588502108,38.768857499999896,39.32799999999998,51.23747003355068,19.408714833374045,39.48388939850954
2016-04-05T17:30:00Z,39.12,39.12,38.94,39.07,232098,585562.75,38.80502437576882,39.32249999999991,40.09367118723839,38.55132881276143,38.819857499999905,39.211999999999975,50.31376221348121,17.09666322669406,24.186312946384177
2016-04-05T18:30:00Z,39.06,39.23,39.01,39.16,227957,567565.75,38.822340259877656,39.36499999999991,39.98767969296297,38.74232030703685,38.8542324999999,39.11799999999998,52.39337068443613,25.730994152046577,20.745457404038305
2016-04-05T19:30:00Z,39.16,39.17,39.04,39.14,537090,553545.4,38.837835856956794,39.38899999999991,39.93319298050212,38.8448070194977,38.8832324999999,39.09199999999998,51.873775056184584,26.608187134502753,23.14528150441454
2016-04-06T13:30:00Z,39.31,39.485,39.13,39.25,444343,527620.95,38.85794142491012,39.39699999999991,39.92791807280081,38.86608192719902,38.9069824999999,39.14599999999998,54.54388321653317,31.87134502923958,28.07017543859638
2016-04-06T14:30:00Z,39.26,39.3099,39.015,39.08,192593,510395.5,38.86877355052427,39.38349999999991,39.93195327971177,38.835046720288055,38.9252324999999,39.13999999999998,49.933082480055255,29.53216374268992,29.33723196881083
2016-04-06T15:30:00Z,39.07,39.13,38.95,39.0875,340068,489854.95,38.879443133425525,39.365624999999916,39.92802137936651,38.80322862063332,38.94054499999991,39.14349999999998,50.133362400804884,27.997076023391624,29.800194931773785
2016-04-06T16:30:00Z,39.09,39.13,38.96,39.0675,146686,447319.15,38.88861663911209,39.359999999999914,39.931880669392925,38.788119330606904,38.95698249999991,39.124999999999986,49.56397726980737,22.890039956603335,26.806426574228368
2016-04-06T17:30:00Z,39.06,39.12,38.99,39.03,148596,422263.65,38.895513388423694,39.34699999999991,39.93621261020763,38.757787389792185,38.97223249999991,39.10299999999998,48.452798063749206,21.622542404276164,24.16988612809045
2016-04-06T18:30:00Z,39.03,39.225,38.97,39.08,538179,411738.9,38.90451273532985,39.333499999999916,39.934081801277685,38.732918198722146,38.99373499999991,39.06899999999998,50.060428386404155,22.054873231343848,22.189151864074528
2016-04-06T19:30:00Z,39.08,39.11,39.025,39.1,503911,419616.05,38.9140486994601,39.32049999999991,39.929422408873045,38.711577591126776,39.0126099999999,39.072999999999986,50.72245407112278,24.678899973017632,22.785438536212624
2016-04-07T13:30:00Z,38.75,38.94,38.42,38.55,1893815,492573.4,38.896290226315706,39.27449999999991,39.964852446238886,38.584147553760936,39.0141099999999,38.965499999999984,36.4229134548023,21.703231470673185,22.8123348916783
2016-04-07T14:30:00Z,38.55,38.75,38.51,38.71,358682,491291.15,38.887202898202744,39.22399999999991,39.92430243468562,38.5236975653142,39.017609999999905,38.893999999999984,41.58241125477475,22.5259455328239,22.96935899217165
2016-04-07T15:30:00Z,38.71,39.01,38.7,38.9,268625,478797.35,38.8878271470709,39.17474999999992,39.81843645319349,38.531063546806344,39.02535999999991,38.86799999999998,47.07510192062222,27.459329621137428,23.896168874878253
2016-04-07T16:30:00Z,38.9,39.04,38.83,38.995,394785,474211.45,38.893055091116224,39.13599999999992,39.72244991263107,38.549550087368765,39.03835999999991,38.850999999999985,49.62549428713921,42.097026604068624,30.694100586010062
2016-04-07T17:30:00Z,39,39,38.71,38.78,148304,441245.75,38.88754020862275,39.081999999999915,39.584763861096874,38.57923613890296,39.04685999999991,38.78699999999999,44.40965816422615,44.28794992175252,37.948102048986264
2016-04-07T18:30:00Z,38.78,38.83,38.67,38.75,171636,413907.9,38.88083093015335,39.036999999999914,39.48665709159967,38.58734290840016,39.05660999999991,38.826999999999984,43.71916649376209,39.59311424100138,41.992696922274256
2016-04-07T19:30:00Z,38.75,38.84,38.72,38.83,457472,418294.25,38.878351372584895,38.996999999999915,39.36310312758303,38.6308968724168,39.07698499999991,38.850999999999985,46.124767446768566,34.428794992175106,39.43661971830975
2016-04-08T13:30:00Z,38.98,39.11,38.8,38.86,325131,401909.3,38.87745618367831,38.97649999999991,39.324635749425596,38.62836425057422,39.0923099999999,38.84299999999998,47.03895553676364,39.642441933567966,37.88811705558157
2016-04-08T14:30:00Z,38.87,39,38.725,38.785,154673,390273.5,38.87294612593791,38.96674999999991,39.3247307956118,38.608769204388025,39.1020599999999,38.80099999999999,44.98387902389693,44.427675071525975,39.4996373324231
2016-04-08T15:30:00Z,38.77,38.77,38.48,38.49,176787,383071.55,38.85426582711167,38.93574999999991,39.34276382043841,38.52873617956142,39.109812499999904,38.74299999999999,37.959113631657786,34.49367493544387,39.521263980179356
2016-04-08T16:30:00Z,38.489,38.7,38.454,38.7,204678,381700.55,38.84674066481354,38.91724999999991,39.331740349740556,38.502759650259264,39.1198749999999,38.73299999999999,44.592365575141905,29.60662525879897,36.175991755256355
2016-04-08T17:30:00Z,38.69,38.855,38.655,38.8,139789,377292.15,38.84446063238361,38.89924999999991,39.30108360987879,38.49741639012103,39.1321249999999,38.72699999999999,47.47242368279413,30.227743271221353,31.442681155154812
2016-04-08T18:30:00Z,38.8,38.805,38.55,38.585,170289,358952.1,38.83180401616978,38.87149999999991,39.279603540816076,38.46339645918375,39.130249999999904,38.67199999999999,42.37275997867555,35.300207039337266,31.711525189785945
2016-04-08T19:30:00Z,38.585,38.745,38.54,38.69,343092,353889.55,38.82488674708832,38.84349999999991,39.21946342910792,38.46753657089191,39.1202499999999,38.65299999999999,45.454490488639024,36.749482401655904,34.09247757073826
2016-04-11T13:30:00Z,38.77,39,38.58,38.8472,147521,351635.95,38.82597519844987,38.831859999999914,39.191891706420066,38.47182829357976,39.1076799999999,38.724439999999994,49.784166868370626,40.994167550370975,37.68128566378814
2016-04-11T14:30:00Z,38.86,38.865,38.52,38.74,110892,340177.15,38.82178128633036,38.81448499999992,39.15658521503294,38.4723847849669,39.09005499999991,38.73244,47.04190896001297,47.555673382820714,41.766441111615954
2016-04-11T15:30:00Z,38.745,38.79,38.57,38.765,117021,338693.9,38.81901146748498,38.79935999999992,39.12154617230629,38.477173827693555,39.0796799999999,38.72543999999999,47.76453306071233,50.315040650406615,46.28829386119952
2016-04-11T16:30:00Z,38.77,38.8,38.57,38.6,326545,347591.35,38.808327981266196,38.77785999999992,39.09292324702614,38.462796752973695,39.0624299999999,38.72843999999999,43.54160952500789,37.754065040650524,45.20825969129271
2016-04-11T17:30:00Z,38.6,38.76,38.59,38.725,95900,325477.4,38.80426320169224,38.76010999999992,39.0434926381877,38.47672736181214,39.04680499999991,38.73544,47.339997389198416,36.99186991869927,41.68699186991889
2016-04-11T18:30:00Z,38.72,38.86,38.605,38.61,301945,315379.1,38.79478694795115,38.735609999999916,38.97913880656493,38.4920811934349,39.0280549999999,38.687999999999995,44.381665319652555,29.115853658536594,34.62059620596222
2016-04-11T19:30:00Z,38.615,38.735,38.585,38.65,445865,242981.6,38.78772417000231,38.74060999999992,38.97251920556452,38.50870079443532,39.007554999999904,38.669999999999995,45.653804626962895,31.656504065040522,32.588075880758886
2016-04-12T13:30:00Z,38.6,38.895,38.4501,38.495,442651,247180.05,38.77344494219732,38.72985999999992,38.985197207678596,38.47452279232124,38.9769299999999,38.616,41.67586904691465,20.60788583881445,27.126747854130613
2016-04-12T14:30:00Z,38.5,39.04,38.495,38.97,816078,274552.7,38.783032993797455,38.73335999999991,38.99961553445269,38.46710446554714,38.954054999999904,38.68999999999999,54.70178923293479,42.05891722486999,31.441102376241744
2016-04-12T15:30:00Z,38.96,39.1884,38.92,38.965,358393,272733.1,38.79190943312441,38.73185999999991,38.992481046018405,38.47123895398142,38.933929999999904,38.73799999999999,54.56364759224001,55.346666823211365,39.33782329563203
2016-04-12T16:30:00Z,38.965,38.995,38.86,38.87,131972,271916.5,38.79571872906956,38.73635999999992,39.00318460461025,38.46953539538959,38.90917999999991,38.79,51.882725787287065,71.58292634580144,56.32950346462769
2016-04-12T17:30:00Z,38.87,38.91,38.675,38.7,342973,280483.35,38.791049522773484,38.73385999999992,39.001063236552966,38.46665676344688,38.88542999999991,38.8,47.39502863648701,53.48774211025335,60.13911175975547
2016-04-12T18:30:00Z,38.69,39.03,38.69,38.99,365929,275906.2,38.800754424101605,38.74185999999992,39.02893930894864,38.4547806910512,38.86942999999991,38.899,54.60799465133451,54.61646123978509,59.89570989861338
2016-04-12T19:30:00Z,38.99,39.02,38.87,38.885,508625,285080.9,38.804863964389334,38.743109999999916,39.03244489182358,38.45377510817625,38.85980499999991,38.882,51.836592636432336,55.2936927175042,54.465965355847636
2016-04-13T13:30:00Z,39.12,39.35,38.92,38.94,363832,295538.85,38.81145596612644,38.75085999999992,39.05231747565015,38.449402524349686,38.85880499999991,38.876999999999995,53.17707142818771,62.15747701656156,57.35587699128371
2016-04-13T14:30:00Z,38.94,38.94,38.665,38.78,395551,306477.05,38.809921528754415,38.765359999999916,39.04211955200462,38.48860044799521,38.850554999999915,38.859,48.912236366006866,50.00153497774256,55.81756823726953
2016-04-13T15:30:00Z,38.79,38.92,38.715,38.82,248961,308691.2,38.810413161498104,38.771359999999916,39.04739363857817,38.49532636142166,38.84430499999991,38.882999999999996,49.99203238141289,44.067859391784175,52.07562379536285
2016-04-13T16:30:00Z,38.815,38.9434,38.73,38.91,231180,313260.75,38.815271056059174,38.776859999999914,39.05926702828825,38.49445297171158,38.838054999999905,38.867,52.428383829759454,42.95662481016395,45.67533972656366
2016-04-13T17:30:00Z,38.915,39,38.88,38.935,174770,313484.8,38.82111149234897,38.79435999999991,39.07034610404822,38.518373895951605,38.832929999999905,38.876999999999995,53.11173986141815,48.69800348186825,45.24082922793889
2016-04-13T18:30:00Z,38.93,39,38.87,38.89,194762,306068.3,38.82447190735633,38.80435999999991,39.07898616340857,38.52973383659125,38.82392999999991,38.867,51.67287843826155,51.29088417231534,47.64850415478261
2016-04-13T19:30:00Z,38.88,38.915,38.82,38.85,728295,335107,38.82571718016822,38.80449999999991,39.079216217263514,38.52978378273631,38.81817999999991,38.88099999999999,50.36669534430911,49.06841500907516,49.68576755441967
2016-04-14T13:30:00Z,38.81,38.89,38.44,38.63,261341,342629.45,38.816170000647816,38.79899999999991,39.08291195823617,38.51508804176365,38.806742499999906,38.842999999999996,43.80767495832626,38.06686701452802,46.1420553986396
2016-04-14T14:30:00Z,38.64,38.92,38.58,38.75,395625,356559.65,38.81294219573817,38.79824999999991,39.08259617990671,38.51390382009311,38.79880499999991,38.81099999999999,47.80071210851029,33.12777528801549,40.08768577053965
2016-04-14T15:30:00Z,38.75,38.84,38.75,38.79,192430,349853.9,38.811823064238745,38.807749999999906,39.07727690038132,38.53822309961849,38.792804999999916,38.782,49.09913143306353,31.135531135531267,34.110057812691686
2016-04-14T16:30:00Z,38.79,38.99,38.775,38.89,346233,362370.55,38.81563657330027,38.8159999999999,39.084990706215926,38.54700929378388,38.788054999999915,38.782,52.293966157853156,40.65934065934068,34.97421569429591
2016-04-14T17:30:00Z,38.89,38.92,38.795,38.8,108194,352683,38.81487381362708,38.825499999999906,39.077609103423946,38.573390896575866,38.780554999999914,38.772,49.29511910734477,42.4908424908424,38.09523809523821
2016-04-14T18:30:00Z,38.8,38.83,38.75,38.8,211137,340946.6,38.81414826174283,38.8329999999999,39.07238253911201,38.593617460887785,38.786804999999916,38.806,49.29511910734477,42.85714285714269,42.00244200244202
2016-04-14T19:30:00Z,38.8,38.85,38.78,38.805,314048,334516.45,38.81370200507245,38.8484999999999,39.03194208903799,38.66505791096181,38.78917999999992,38.81699999999999,49.48177755818523,39.74358974358956,41.69719169719164
2016-04-15T13:30:00Z,38.99,39.21,38.88,39.14,581802,322802.65,38.829618980434766,38.8569999999999,39.074724596754024,38.639275403245776,38.79517999999992,38.88699999999999,60.0841442536161,56.859806859806746,46.486846486846424
2016-04-15T14:30:00Z,39.14,39.51,39.14,39.495,894058,349585.9,38.86207659114527,38.883499999999906,39.23516887839177,38.53183112160804,38.80767999999991,39.007999999999996,67.79705892319835,76.53903728670078,57.71414463003246
2016-04-15T15:30:00Z,39.495,39.5,39.39,39.47,528233,369398.95,38.8917313915772,38.91349999999991,39.34804689048411,38.4789531095157,38.82492999999991,39.14199999999999,66.81787987404184,95.25630133106763,76.21838182585849
2016-04-15T16:30:00Z,39.475,39.475,39.345,39.37,343625,369431.55,38.915061567597824,38.9469999999999,39.41272953527751,38.48127046472229,38.84042999999991,39.25599999999999,62.904282482413834,93.92523364485974,88.57352408754282
2016-04-15T17:30:00Z,39.37,39.44,39.285,39.41,861484,394209.3,38.93920490576378,38.96799999999991,39.47558644586656,38.46041355413326,38.85492999999992,39.37699999999999,63.8171974579773,91.27725856697809,93.48626451430192
2016-04-15T18:30:00Z,39.41,39.45,39.31,39.4,1008449,419200.5,38.961682715238716,38.993749999999906,39.53313738401019,38.45436261598962,38.86842999999992,39.42899999999999,63.39714748111936,89.09657320872265,91.43302180685357
2016-04-15T19:30:00Z,39.4,39.42,39.28,39.29,1043570,453187.4,38.977698192544146,39.01124999999991,39.565044862766165,38.45745513723366,38.88105499999991,39.38799999999999,58.81147848749524,86.60436137071645,88.99273104880581
2016-04-18T13:30:00Z,39.12,39.61,39.01,39.25,906176,478718.65,38.99098120754199,39.03474999999991,39.58718529035288,38.48231470964694,38.90005499999991,39.34399999999999,57.19147382869282,78.06914073133112,84.59002510359015
2016-04-18T14:30:00Z,39.24,39.29,39.05,39.05,389309,485736.05,38.99386017302775,39.04624999999991,39.58982957101822,38.502670428981595,38.908804999999916,39.27999999999999,49.8043388738016,59.79050565200043,74.82133591801609
2016-04-18T15:30:00Z,39.07,39.18,38.99,39.16,250452,486699.65,39.001964554831275,39.058749999999904,39.60071748060175,38.516782519398056,38.917804999999916,39.22999999999999,53.371658979936726,49.202227741401124,62.35395804157764
2016-04-18T16:30:00Z,39.15,39.28,39.15,39.27,202571,488089.7,39.0150394545956,39.075499999999906,39.62182316446256,38.52917683553725,38.934929999999916,39.20399999999999,56.686650034212434,47.67441860465102,52.22238399935094
2016-04-18T17:30:00Z,39.27,39.37,39.22,39.295,653130,511008.1,39.028696066566546,39.09574999999991,39.643091529602856,38.548408470396964,38.95005499999992,39.20499999999999,57.427438455486744,57.170542635658954,51.34906299390378
2016-04-18T18:30:00Z,39.3,39.37,39.28,39.295,445033,496845,39.04168650234379,39.1179999999999,39.65972317656735,38.57627682343246,38.96124999999992,39.21399999999999,57.427438455486744,61.961800691136865,55.602253977149026
2016-04-18T19:30:00Z,39.295,39.31,39.25,39.25,558677,511711.8,39.051848136375796,39.1489999999999,39.64445534615137,38.653544653848435,38.97399999999992,39.25399999999999,55.447744013572176,58.70173910039654,59.27802747573087
2016-04-19T13:30:00Z,39.35,39.4,39.015,39.32,719152,527888.15,39.064928715089174,39.17749999999991,39.642510752593935,38.712489247405884,38.98787499999992,39.28599999999999,57.88014830888996,55.31964357651547,58.661061122683044
2016-04-19T14:30:00Z,39.33,39.37,39.27,39.355,641781,550355.7,39.079078533865314,39.20574999999991,39.64085085041044,38.77064914958938,39.00674999999992,39.30299999999998,59.08303349836584,54.26056856679893,56.093983747903735
2016-04-19T15:30:00Z,39.355,39.43,39.225,39.275,845569,575322.5,39.08863567855481,39.22499999999991,39.63591361626143,38.814086383738385,39.02049999999992,39.29899999999999,55.2024058291411,52.688172043010375,54.089461395441674
2016-04-19T16:30:00Z,39.275,39.63,39.275,39.575,2792362,709530.9,39.1123607674058,39.26374999999991,39.65261855109195,38.87488144890787,39.04462499999992,39.35499999999998,64.5938750499272,65.41498655913945,57.454575722983
2016-04-19T17:30:00Z,39.575,39.7,39.47,39.68,1485908,773269.45,39.14005048606893,39.307749999999906,39.67532958325918,38.940170416740635,39.07037499999991,39.44099999999999,67.18674585854673,78.1856968423441,65.42961848149805
2016-04-19T18:30:00Z,39.67,39.77,39.62,39.76,961461,805640.1,39.17029192577289,39.35549999999991,39.69659969221333,39.01440030778648,39.10199999999991,39.52899999999998,69.04666999297865,95.76909910316562,79.7899275015498
2016-04-19T19:30:00Z,39.76,39.86,39.76,39.845,822113,817655.65,39.20320451475958,39.39074999999991,39.778064794484564,39.00343520551526,39.12387499999992,39.62699999999999,70.93194831387022,98.05896979282075,90.67125524611025
2016-04-20T13:30:00Z,39.96,40.42,39.67,40.42,711374,808521.45,39.262560392088375,39.43699999999991,40.029582483732966,38.84441751626686,39.16024999999992,39.85599999999999,79.86576206893415,98.99793692897113,97.60866860831925
2016-04-20T14:30:00Z,40.43,40.82,40.11,40.73,1192750,841747.3,39.3341428119865,39.499999999999915,40.318187020202025,38.681812979797805,39.206749999999914,40.08699999999999,82.91454230602466,97.78594309402665,98.28094993860627
2016-04-20T15:30:00Z,40.71,40.72,40.43,40.68,874857,868308.9,39.3997943821335,39.565499999999915,40.528500000014084,38.602499999985746,39.256249999999916,40.286999999999985,80.78963702962707,95.77524484204461,97.51970828834754
2016-04-20T16:30:00Z,40.69,40.705,40.49,40.495,515931,851031.25,39.45321904641967,39.61974999999992,40.66068935943712,38.578810640562715,39.293874999999915,40.43399999999998,73.30409096761367,89.77339811997622,94.4448620186826
2016-04-20T17:30:00Z,40.495,40.51,40.25,40.47,574117,829314.65,39.50281811732603,39.67324999999992,40.77190042212061,38.574599577879226,39.333499999999916,40.55899999999998,72.32880476066306,84.94921514312084,90.16595270171399
2016-04-20T18:30:00Z,40.47,40.5,40.06,40.335,898751,822073.7,39.54341235550525,39.72549999999992,40.84546383871349,38.605536161286345,39.368374999999915,40.54199999999999,67.13449284327885,78.57802400738679,84.43354575682804
2016-04-20T19:30:00Z,40.33,40.345,40.12,40.15,951589,824344.35,39.573001996700114,39.77049999999993,40.88272254968249,38.658277450317364,39.40262499999992,40.42599999999998,60.70115531795157,72.20683287165274,78.57802400738687
2016-04-21T13:30:00Z,40.08,40.3,38.31,40.11,353338,822545.8,39.59919702125133,39.823499999999925,40.89356121321329,38.75343878678656,39.43487499999992,40.31199999999998,59.37627538445109,69.24140924758943,73.3420887088764
2016-04-21T14:30:00Z,40.11,40.59,40.071,40.4,435106,831778.5,39.63826058119029,39.88549999999992,40.93815331426113,38.832846685738716,39.47212499999992,40.292999999999985,65.29111435745209,72.62032203595578,71.35618805173274
2016-04-21T15:30:00Z,40.42,40.47,40.085,40.105,372168,840258.35,39.66102835771759,39.92724999999992,40.94458708770731,38.90991291229253,39.501374999999925,40.219999999999985,56.309515073064055,75.49800796812735,72.45324641722429
2016-04-21T16:30:00Z,40.1,40.2,40.08,40.17,306753,822939.5,39.685856242706976,39.97099999999992,40.95036510047336,38.991634899526474,39.533374999999914,40.18699999999998,57.69057566929997,76.29482071713137,74.80438357373826
2016-04-21T17:30:00Z,40.18,40.35,40.16,40.3,427985,822087.1,39.71581447477005,40.02124999999992,40.95896464210924,39.0835353578906,39.569624999999924,40.216999999999985,60.38752348430698,74.96679946879138,75.5865427180168
2016-04-21T18:30:00Z,40.3,40.34,40.13,40.245,744646,831385.55,39.741628402830045,40.07099999999992,40.94304128344093,39.19895871655891,39.60999999999992,40.243999999999986,58.683195396981304,76.82602921646735,76.02921646746347
2016-04-21T19:30:00Z,40.25,40.35,40.24,40.26,1130380,851946.95,39.76691482220419,40.117999999999924,40.921718856331545,39.3142811436683,39.64774999999992,40.21599999999999,59.02286821264675,78.02124833997328,76.6046923417441
2016-04-22T13:30:00Z,40.22,40.85,40.22,40.57,514550,845585.4,39.80608970892594,40.17874999999992,40.924155091225416,39.43334490877443,39.69224999999992,40.30899999999998,65.36091689755162,81.25241814892648,78.69989856845581
2016-04-22T14:30:00Z,40.56,40.59,40.11,40.33,349364,820775.15,39.83164630849053,40.231499999999926,40.85256440891683,39.610435591083025,39.728249999999925,40.34099999999999,57.894906316168544,82.06439334525402,80.44601994471803
2016-04-22T15:30:00Z,40.33,40.5641,40.32,40.35,413023,701808.2,39.856931854417816,40.270249999999926,40.81460718974026,39.725892810259595,39.766999999999925,40.350999999999985,58.32215346544602,82.93963254593167,82.08548134670416
2016-04-22T16:30:00Z,40.36,40.38,40.16,40.3,276709,641348.25,39.87854493469012,40.301249999999925,40.77345625792509,39.82904374207476,39.80449999999992,40.36199999999998,56.77120509472873,79.39632545931745,81.46678378350114
2016-04-22T17:30:00Z,40.3,40.4,40.2,40.39,314040,608977.2,39.90349396226621,40.332749999999926,40.735235714060735,39.93026428593912,39.84412499999992,40.38799999999999,58.8903690389181,80.18372703412064,80.83989501312335
2016-04-22T18:30:00Z,40.39,40.395,40.27,40.35,349678,585355.45,39.92527474459469,40.357999999999926,40.69255044466181,40.02344955533804,39.874374999999915,40.34399999999999,57.54027042538378,80.18372703412062,79.92125984251967
2016-04-22T19:30:00Z,40.35,40.365,40.11,40.23,778801,588726.8,39.94013939119983,40.34849999999992,40.68624398591903,40.01075601408082,39.892749999999914,40.32399999999999,53.57230834371496,79.26509186351694,79.87751531058616
2016-04-25T13:30:00Z,40.3,41.18,40.01,40.775,1293535,593766.05,39.98086429894618,40.35074999999993,40.69906415420982,40.00243584579003,39.92537499999992,40.408999999999985,65.28209665572726,73.76337573187955,77.73739820983914
2016-04-25T14:30:00Z,40.77,41.045,40.71,40.93,752309,587638.65,40.02716360143661,40.36324999999992,40.770831586954536,39.95566841304531,39.96437499999992,40.53499999999999,67.77169505525627,73.20254839939868,75.41033866493183
2016-04-25T15:30:00Z,40.92,41.13,40.87,40.995,818514,602767.8,40.07437513307385,40.38824999999993,40.87812013587513,39.89837986412473,40.00399999999992,40.65599999999999,68.78266438796027,76.06837606837597,74.34476673321818
2016-04-25T16:30:00Z,40.99,41.04,40.82,40.89,984909,623307.4,40.1141617119483,40.40924999999993,40.9451816654406,39.87331833455926,40.04124999999992,40.763999999999996,65.22336636468197,79.34472934472929,76.20521793750142
2016-04-25T17:30:00Z,40.89,41,40.85,40.97,624901,609614.9,40.155909921121555,40.440999999999924,41.0283465757318,39.853653424268046,40.083249999999914,40.91199999999999,66.6398098375899,80.48433048433041,78.63247863247865
2016-04-25T18:30:00Z,40.97,41.09,40.89,41.09,735648,598817.85,40.20147529082294,40.48799999999993,41.123172417555374,39.85282758244448,40.129249999999914,40.974999999999994,68.69921981464381,83.19088319088327,81.00664767331442
2016-04-25T19:30:00Z,41.08,41.26,41.07,41.19,1216889,641995.4,40.249696008343776,40.54199999999993,41.221532192042005,39.862467807957856,40.18274999999991,41.027,70.34228724421419,89.58632478632482,84.42051282051294
2016-04-26T13:30:00Z,41.84,42.2,39.73,39.77,4669980,853739.1,40.226296203058716,40.51049999999992,41.26744055250425,39.7535594474956,40.19799999999991,40.782,39.019717991469015,62.77570850202443,78.51763882641093
2016-04-26T14:30:00Z,39.78,40.598,39.735,40.57,2386687,954465.05,40.2430622419339,40.53374999999993,41.267656499510245,39.79984350048961,40.23049999999991,40.717999999999996,51.990223502998035,43.34251012145754,65.23484780326903
2016-04-26T15:30:00Z,40.57,40.58,40.02,40.0266,887019,983478.35,40.23250310818103,40.526579999999925,41.27717344949437,39.77598655050548,40.248789999999914,40.52932,44.990196789563115,15.878542510121582,40.66558704453461
2016-04-26T16:30:00Z,40.03,40.16,39.7,39.77,1262570,1025207.6,40.209941980952685,40.500079999999926,41.31543052978762,39.68472947021223,40.26066499999991,40.265319999999996,42.1071259493144,16.272064777327973,25.16437246963579
2016-04-26T17:30:00Z,39.77,39.86,39.2208,39.23,1063291,1041139.85,40.16213993310134,40.449329999999925,41.43121681446685,39.467443185533,40.26016499999991,39.87332,36.76736603593035,5.038968299870575,12.396525195773469
2016-04-26T18:30:00Z,39.2208,39.56,39.17,39.49,1312396,1050240.65,40.12935261929152,40.410829999999926,41.476224929790526,39.34543507020933,40.264414999999914,39.817319999999995,40.668709595855596,4.556621279743404,8.622551452314076
2016-04-26T19:30:00Z,39.49,39.56,39.3,39.33,1671400,1108083.15,40.09035980859437,40.34882999999992,41.509976862556414,39.18768313744343,40.26378999999991,39.56932,39.07113809700408,5.3834639640117885,4.993017847875348
2016-04-27T13:30:00Z,39.45,40.05,39.41,39.995,1314040,1156316.95,40.085708110614156,40.33207999999992,41.503450140657925,39.160709859341914,40.28178999999991,39.562999999999995,48.182132744815725,14.356435643564227,8.09884029577323
2016-04-27T14:30:00Z,39.99,40.01,39.51,39.6,708008,1171066.2,40.06201503204761,40.294579999999925,41.50850215830484,39.08065784169501,40.28241499999991,39.528999999999996,43.97568522861321,15.566556655665432,11.768818754413907
2016-04-27T15:30:00Z,39.59,40.08,39.52,40.005,855298,1199995.65,40.05923381097212,40.279829999999926,41.50028163624899,39.05937836375086,40.29053999999991,39.68399999999999,48.901522144141154,22.992299229922903,17.63843050971761
2016-04-27T16:30:00Z,40,40.12,39.895,39.99,878541,1228220.7,40.055856551900305,40.25982999999992,41.48550328290427,39.03415671709558,40.2962899999999,39.78399999999999,48.730628305178406,22.937293729372897,20.4987165383205
2016-04-27T17:30:00Z,39.99,40.1,39.8,40.04,586590,1240066.3,40.05508306156371,40.24432999999992,41.47288724995895,39.01577275004089,40.301164999999905,39.925999999999995,49.36582928386953,27.77777777777771,24.569123579024595
2016-04-27T18:30:00Z,40.04,40.105,39.885,39.95,953634,1248807.95,40.0499570585606,40.23032999999993,41.46558457959996,38.9950754203999,40.289414999999906,39.916999999999994,48.208039216493084,27.17271727172711,25.962596259625997
2016-04-27T19:30:00Z,39.95,40,39.65,39.69,1434809,1255871.65,40.0323981776552,40.17607999999993,41.40617749468222,38.94598250531764,40.26341499999991,39.93499999999999,44.92971031220717,23.87238723872376,26.274294096076286
2016-04-28T13:30:00Z,39.62,40.07,39.4,39.8,469579,1241735.15,40.021061681184214,40.11957999999992,41.30910890104676,38.93005109895308,40.241414999999904,39.89399999999999,46.584727557828,29.00731249595532,26.684139002135485
2016-04-28T14:30:00Z,39.795,39.93,39.75,39.835,509812,1226300.05,40.011985501614255,40.06157999999992,41.18605682342721,38.937103176572634,40.2249149999999,39.862999999999985,47.12918161445627,36.147494599272044,29.675731444650467
2016-04-28T15:30:00Z,39.83,40.08,39.76,40.015,469843,1200546.75,40.012132550316,40.017829999999925,41.07611629227814,38.959543707721714,40.2135399999999,39.85799999999999,49.954392677716456,58.878100993244935,41.34430269615752
2016-04-28T16:30:00Z,40.01,40.1,39.97,40.01,360987,1187351.05,40.012028523471315,39.96982999999993,40.93390499522694,39.00575500477292,40.2054149999999,39.86999999999999,49.87466721310277,73.64590285083015,56.22383281444913
2016-04-28T17:30:00Z,40.005,40.06,39.92,40.045,361114,1168624.35,40.01363688818003,39.91757999999993,40.73531729670504,39.09984270329482,40.2027899999999,39.940999999999995,50.470561881952236,88.62661704766988,73.71687363058174
2016-04-28T18:30:00Z,40.0463,40.06,39.75,39.75,739937,1144776.75,40.000776552171246,39.845579999999934,40.41983113532396,39.27132886467591,40.1937899999999,39.931,45.55485932960123,78.4681215233207,80.24688047394034
2016-04-28T19:30:00Z,39.76,39.98,39.74,39.76,748555,948705.5,39.989031354504355,39.845079999999925,40.41961084027254,39.27054915972731,40.177789999999895,39.91599999999999,45.747757371441324,65.66110397946106,77.58528085015064
2016-04-29T13:30:00Z,39.4,39.73,38.47,38.95,939860,876364.15,39.93834689818707,39.76407999999993,40.3632239947317,39.16493600526816,40.148914999999896,39.702999999999996,34.94711233826206,44.656319290465795,62.92851493108262
2016-04-29T14:30:00Z,38.94,39.07,38.63,38.78,899839,877005.15,39.88184217144624,39.70174999999993,40.425167410642594,38.97833258935727,40.1141649999999,39.456999999999994,33.17674942733157,32.62626262626273,47.647895298729956
2016-04-29T15:30:00Z,38.79,38.88,38.63,38.75,488011,838277.2,39.82663035820496,39.65074999999993,40.4833139615198,38.818186038480064,40.0754149999999,39.19799999999999,32.86039003173228,21.61616161616175,32.966247844296845
2016-04-29T16:30:00Z,38.75,39.02,38.67,39,348262,802525.75,39.7863069260974,39.63924999999993,40.50059937744287,38.777900622557,40.0442899999999,39.047999999999995,38.15298977961388,22.724492632749598,25.65563895839145
2016-04-29T17:30:00Z,39,39.14,38.97,39.055,678891,770850.5,39.75063341750729,39.617499999999936,40.514074034879584,38.72092596512029,40.0141649999999,38.907,39.28690343612563,28.388471874710472,24.243042041207364
2016-04-29T18:30:00Z,39.05,39.1464,39,39.06,477929,711176.95,39.71694398250693,39.60399999999993,40.52527411774203,38.68272588225783,39.9764149999999,38.928999999999995,39.395685380750564,34.797345890946474,28.63677013280227
2016-04-29T19:30:00Z,39.06,39.37,39.06,39.28,661994,678574.65,39.695629641896836,39.56824999999993,40.48151488491631,38.65498511508355,39.9501649999999,39.028999999999996,44.13838159931889,40.556462355302976,34.580760040320065
2016-05-02T13:30:00Z,39.36,39.833,39.29,39.6,316767,659012.6,39.6909647813165,39.56824999999993,40.48151488491631,38.65498511508355,39.931414999999895,39.199,50.238361657193366,51.73824130879351,42.364016518347746
2016-05-02T14:30:00Z,39.59,39.68,39.41,39.48,371016,634798.5,39.68067381637423,39.54199999999993,40.43346172100697,38.65053827899289,39.910914999999896,39.294999999999995,48.11646342201603,60.327198364008105,50.873967342701626
2016-05-02T15:30:00Z,39.49,39.66,39.46,39.64,233151,602529,39.67868972777061,39.52449999999993,40.393556384833786,38.65544361516608,39.8921649999999,39.41199999999999,51.083145618391185,67.68916155419213,59.91820040899801
2016-05-02T16:30:00Z,39.64,39.7898,39.63,39.71,138882,580143.6,39.68021705812326,39.50799999999993,40.34937031087374,38.666629689126125,39.8761649999999,39.541999999999994,52.36641393783465,70.57658422399699,66.19764804739917
2016-05-02T17:30:00Z,39.72,39.86,39.68,39.86,439374,554430.6,39.688986957727,39.50349999999993,40.33628508633422,38.67071491366564,39.8669149999999,39.657999999999994,55.085502769216674,79.06264871191357,72.44279816336766
2016-05-02T18:30:00Z,39.86,40.065,39.835,39.975,389548,502167.55,39.70293881344764,39.517749999999936,40.37228188941031,38.66321811058956,39.846914999999896,39.733,57.10706514122372,86.58872393420211,78.74265229003764
2016-05-02T19:30:00Z,39.975,40.1,39.96,39.99,1311868,544282,39.71694179815751,39.52724999999993,40.398189004764774,38.65631099523509,39.8234149999999,39.835,57.376545643645656,91.67676138709665,85.77604467773754
2016-05-03T13:30:00Z,39.83,39.88,39.43,39.655,451625,541372.65,39.71392024702787,39.51824999999993,40.37995340026094,38.656546599738924,39.7899149999999,39.838,49.84473928977678,85.77893055665129,88.01480529265011
2016-05-03T14:30:00Z,39.65,39.775,39.56,39.76,432731,539517.05,39.71616803985578,39.50549999999993,40.34467757359382,38.66632242640603,39.7616649999999,39.848,51.97278675574362,79.95005773270442,85.80191655881754
2016-05-03T15:30:00Z,39.77,39.85,39.515,39.56,256049,534270.15,39.708550086692085,39.482999999999926,40.29039333662255,38.6756066633773,39.7264149999999,39.788,47.811544748797836,69.61213389784807,78.44704072906802
2016-05-03T16:30:00Z,39.56,39.79,39.535,39.73,317951,532112,39.70959642392662,39.46724999999993,40.24179809406593,38.69270190593393,39.692414999999905,39.739,51.375297274820255,68.78838256840764,72.7835247329868
2016-05-03T17:30:00Z,39.73,39.8,39.52,39.59,273142,508772.25,39.70376245202776,39.459249999999926,40.225208713001386,38.693291286998466,39.652414999999905,39.659000000000006,48.44159951945869,61.04358768075577,66.4813680490039
2016-05-03T18:30:00Z,39.59,39.69,39.57,39.63,322218,487455.4,39.70016428363616,39.45274999999993,40.210552579846386,38.694947420153476,39.6489149999999,39.653999999999996,49.3318509881557,58.56689770406581,62.79962265107648
2016-05-03T19:30:00Z,39.625,39.72,39.54,39.66,675432,474234,39.69820505028806,39.48824999999993,40.214378604326804,38.762121395673056,39.6261649999999,39.634,50.02876515271762,51.37435609657823,56.99494716046669
2016-05-04T13:30:00Z,39.51,39.91,39.51,39.68,579476,458215.85,39.69731699905449,39.53324999999993,40.1860843970871,38.88041560291276,39.61749999999991,39.658,50.51740640847892,46.539046478659905,52.1601000931014
2016-05-04T14:30:00Z,39.67,39.72,39.33,39.33,385151,453072.85,39.67939909666159,39.562249999999935,40.11758300822026,39.00691699177961,39.606499999999905,39.578,42.65641785238604,28.269815709429107,42.06107276155583
2016-05-04T15:30:00Z,39.33,39.49,39.25,39.45,204444,445881.95,39.66820889682444,39.584749999999936,40.08039579088136,39.08910420911851,39.6119999999999,39.55,45.77212472365018,20.88661551577164,31.898492567953635
2016-05-04T16:30:00Z,39.45,39.46,39.28,39.39,191207,421497.75,39.65463773112569,39.60149999999993,40.04422000182982,39.15877999817004,39.609499999999905,39.501999999999995,44.4710453295121,13.333333333333405,20.82992151951147
2016-05-04T17:30:00Z,39.39,39.425,39.21,39.23,214730,408337.8,39.63392369546102,39.609999999999935,40.01579551502974,39.204204484970134,39.60699999999991,39.416,41.11479553400092,14.08239700374524,16.100781950950182
2016-05-04T18:30:00Z,39.23,39.3,39.12,39.14,278713,389173.75,39.609829856658045,39.60299999999994,40.035289255034314,39.17071074496556,39.5856249999999,39.308,39.317299940730265,6.919531857686821,11.445087398255241
2016-05-04T19:30:00Z,39.145,39.18,39.08,39.1,649327,405801.75,39.584960107552774,39.57799999999993,40.06274116806704,39.09325883193282,39.573124999999905,39.262,38.51143626484511,2.232548630661185,7.7448258306978355
2016-05-05T13:30:00Z,39.1,39.5,38.87,39.08,543359,414418.9,39.560327907184345,39.55799999999993,40.08814526313161,39.02785473686825,39.549999999999905,39.188,38.09104328952898,8.214254191018613,5.7887782264556265
2016-05-05T14:30:00Z,39.08,39.575,39.03,39.285,796328,442577.75,39.5468972775656,39.54024999999993,40.0818723315379,38.99862766846196,39.5323749999999,39.166999999999994,44.74863688304148,20.835264133457006,10.427355651712356
2016-05-05T15:30:00Z,39.28,39.67,39.28,39.62,393221,455294.7,39.550463264025815,39.535749999999936,40.07313510401658,38.99836489598329,39.5218749999999,39.245,53.54106241551266,44.07051282051282,24.373343714996235
2016-05-05T16:30:00Z,39.615,39.62,39.33,39.37,923315,479491.75,39.54166017797578,39.51124999999993,40.031681311528615,38.99081868847125,39.507374999999904,39.291,47.469998505074294,53.365384615384585,39.42372052311823
2016-05-05T17:30:00Z,39.365,39.49,39.32,39.33,252540,472641.35,39.531335291245256,39.478999999999935,39.95883955653856,38.999160443461314,39.49837499999991,39.336999999999996,46.56029840770863,54.80769230769234,50.747863247863336
2016-05-05T18:30:00Z,39.33,39.37,39.23,39.35,241695,419132.7,39.52248966728207,39.44699999999993,39.86801543916965,39.02598456083021,39.48712499999991,39.391,47.10610560059742,46.1538461538463,51.44230769230783
2016-05-05T19:30:00Z,39.35,39.35,39.18,39.25,448805,418991.7,39.509197488390264,39.42674999999993,39.844748504806965,39.00875149519289,39.472499999999904,39.38399999999999,44.65051270555716,42.30769230769254,47.75641025641048
2016-05-06T13:30:00Z,39,39.28,38.67,39.07,461008,420405.55,39.48777322066391,39.39224999999993,39.80842874767822,38.976071252321645,39.44887499999991,39.273999999999994,40.55266550330325,40.26251526251544,42.90801790801819
2016-05-06T14:30:00Z,39.065,39.17,39.01,39.16,292940,422250.1,39.47178428307055,39.37224999999993,39.792684001978934,38.951815998020926,39.42762499999991,39.23199999999999,43.35208466264503,41.211233211233086,41.26048026048045
2016-05-06T15:30:00Z,39.17,39.21,38.98,39.05,151555,413930.3,39.45120943999394,39.33824999999993,39.74728881236356,38.929211187636305,39.402749999999905,39.17599999999999,40.821837465546864,41.69841269841233,41.05738705738704
2016-05-06T16:30:00Z,39.05,39.38,39.03,39.35,249110,412728.7,39.44627239414058,39.32624999999993,39.718791399116625,38.933708600883236,39.39274999999991,39.17599999999999,49.48176721552889,51.666666666666295,44.85877085877066
2016-05-06T17:30:00Z,39.34,39.46,39.2501,39.45,460608,419648.2,39.44645422857275,39.31724999999993,39.68923756702385,38.94526243297601,39.384999999999906,39.21599999999999,52.003096352461085,61.33333333333317,51.56613756613735
2016-05-06T18:30:00Z,39.46,39.62,39.43,39.46,473612,409557.2,39.44711499791066,39.307249999999925,39.651567803811695,38.962932196188156,39.3977499999999,39.29399999999998,52.259693179663884,74.99999999999996,62.666666666666565
2016-05-06T19:30:00Z,39.46,39.49,39.39,39.49,266465,393906.65,39.44920694923209,39.29774999999993,39.60933425829976,38.9861657417001,39.41549999999991,39.35999999999998,53.07026609970413,79.66666666666664,72.00000000000001
2016-05-09T13:30:00Z,39.58,40,39.43,39.82,258542,387576.2,39.46729441512321,39.322249999999926,39.708287239164044,38.93621276083581,39.4422499999999,39.513999999999974,60.92879204973783,82.48872180451123,79.05179615705936
2016-05-09T14:30:00Z,39.82,39.83,39.65,39.69,162879,385497.95,39.47815810219037,39.334249999999926,39.74925933727076,38.919240662729095,39.459499999999906,39.58199999999998,56.887467786226,81.71929824561394,81.2915622389307
2016-05-09T15:30:00Z,39.69,39.94,39.64,39.81,153817,383628.45,39.49434551183962,39.35524999999993,39.81905464639839,38.89144535360146,39.4783749999999,39.65399999999998,59.55430213763446,82.95739348370923,82.3884711779449
2016-05-09T16:30:00Z,39.82,39.93,39.82,39.84,150991,380441.5,39.51120670638403,39.38574999999993,39.89097544474731,38.88052455525255,39.4978749999999,39.729999999999976,60.21684866588081,83.45864661654137,82.7117794486216
2016-05-09T17:30:00Z,39.84,39.98,39.82,39.93,341989,383605.3,39.53163564753603,39.42524999999993,39.96946939511584,38.88103060488402,39.5141249999999,39.81799999999997,62.21649079791374,89.4736842105264,85.29657477025908
2016-05-09T18:30:00Z,39.93,39.955,39.77,39.93,375815,369929.7,39.55106805497329,39.466749999999934,40.031624101034254,38.90187589896561,39.522374999999904,39.839999999999975,62.21649079791374,92.48120300751883,88.47117794486229
2016-05-09T19:30:00Z,39.93,39.95,39.86,39.895,385846,362054.05,39.567845223023376,39.50749999999993,40.07248230062598,38.94251769937388,39.5327499999999,39.88099999999997,60.83731993844541,93.85964912280706,91.93817878028419
2016-05-10T13:30:00Z,39.97,40.64,39.89,40.4,1754987,409987,39.608438138973455,39.56324999999993,40.23866302180159,38.88783697819827,39.5517499999999,39.99899999999998,70.87075777896465,90.79475797928556,92.3785367032039
2016-05-10T14:30:00Z,40.395,40.56,40.34,40.5,984675,439559.7,39.65192896146255,39.60724999999993,40.39674018361227,38.817759816387586,39.57149999999991,40.13099999999998,72.37978712802915,89.73789896427816,91.46410202212367
2016-05-10T15:30:00Z,40.48,40.48,40.36,40.43,318490,409318.45,39.68988364626926,39.66024999999993,40.518262092001834,38.80223790799802,39.585749999999905,40.23099999999997,69.65939854641765,88.02165182468998,89.51810292275132
2016-05-10T16:30:00Z,40.43,40.5,40.42,40.47,550272,424205.05,39.727938102548805,39.717249999999936,40.62967246246903,38.80482753753084,39.598124999999904,40.33899999999998,70.34528778701446,88.76389701236201,88.84114926711014
2016-05-10T17:30:00Z,40.465,40.85,40.455,40.8,971787,460709.65,39.7802338048635,39.789749999999934,40.799197745065875,38.78030225493399,39.6183749999999,40.519999999999975,75.30519961759025,90.43358948086605,89.07304610597276
2016-05-10T18:30:00Z,40.8,40.9,40.72,40.81,661072,471323,39.83046630218723,39.86774999999993,40.93759332966107,38.79790667033879,39.6472499999999,40.601999999999975,75.43925753777975,92.79466060093527,90.66404903138785
2016-05-10T19:30:00Z,40.81,40.9,40.775,40.81,770560,486800.6,39.87824843378785,39.95474999999993,41.033904646016765,38.8755953539831,39.6734999999999,40.66399999999997,75.43925753777975,94.83087619516647,92.68637542565601
2016-05-11T13:30:00Z,40.66,41.11,40.5376,40.97,1277919,536049.55,39.931504607749424,40.04524999999993,41.14599281738262,38.944507182617244,39.7087499999999,40.77199999999998,77.68694227145971,92.79782553197889,93.4744541093603
2016-05-11T14:30:00Z,40.99,41.01,40.6,40.765,539398,555441.7,39.97216291956653,40.13099999999993,41.1739410338176,39.08805896618226,39.7346249999999,40.830999999999975,68.97697343906331,86.96145124716556,91.53005099143705
2016-05-11T15:30:00Z,40.76,41,40.73,40.98,449565,565464.45,40.021325703977915,40.212499999999935,41.25332899653088,39.17167100346899,39.7693749999999,40.866999999999976,72.46388207356637,85.76843672792488,88.50923783568986
2016-05-11T16:30:00Z,40.97,40.98,40.7507,40.785,310703,557969.2,40.05857810866192,40.279249999999934,41.28660929539547,39.271890704604395,39.7982499999999,40.86199999999997,65.29550974428544,80.85846278810011,84.52945025439692
2016-05-11T17:30:00Z,40.79,40.86,40.69,40.85,243614,546469.3,40.09718405458085,40.34874999999993,41.31123051929403,39.386269480705835,39.8279999999999,40.86999999999997,66.48563688032009,82.21393034825851,82.94694328809457
2016-05-11T18:30:00Z,40.85,40.86,40.69,40.8,283970,547344.55,40.13146775923544,40.41424999999993,41.31004168896585,39.51845831103401,39.8559999999999,40.83599999999997,64.64905128003889,77.18109452736302,80.0844958879073
2016-05-11T19:30:00Z,40.8,40.83,40.72,40.82,598848,564359.85,40.165054697809325,40.46424999999993,41.333009316508964,39.595490683490894,39.89324999999991,40.846999999999966,65.06476247179181,77.34217437403142,78.91239974988439
2016-05-12T13:30:00Z,40.83,41.03,40.53,40.69,880023,600217.05,40.19066178572106,40.51424999999993,41.311145695822255,39.71735430417761,39.92424999999991,40.788999999999966,60.11618792915456,65.62801788375532,73.38376226171665
2016-05-12T14:30:00Z,40.67,40.69,40.49,40.515,382569,611654.65,40.206483162027354,40.54949999999993,41.27811443851938,39.82088556148048,39.952374999999904,40.734999999999964,54.14609874792577,47.450240105977656,63.47347745458821
2016-05-12T15:30:00Z,40.51,40.65,40.49,40.5,453882,626799.2,40.22080105656261,40.58249999999993,41.23544333599481,39.929556664005055,39.984124999999906,40.664999999999964,53.654250182555614,25.905138339920708,46.327798776551305
2016-05-12T16:30:00Z,40.5,40.7324,40.49,40.68,356697,627534.6,40.24320100502297,40.61999999999993,41.2009130744093,40.03908692559057,40.022624999999906,40.64099999999997,58.52320111859669,22.20400486779509,31.85312777123123
2016-05-12T17:30:00Z,40.69,40.945,40.58,40.84,380176,627752.65,40.272313151119405,40.66549999999993,41.159098014603174,40.17190198539669,40.06612499999991,40.64499999999997,62.31326206655752,34.13232027998157,27.413821162565867
2016-05-12T18:30:00Z,40.83,41.06,40.78,40.84,604964,638708.55,40.30000519252822,40.71274999999993,41.06212766102078,40.363372338979076,40.11012499999991,40.67499999999997,62.31326206655752,49.08479028154016,35.140371809772354
2016-05-12T19:30:00Z,40.84,40.86,40.7,40.72,458324,573875.4,40.32049274411221,40.728749999999934,41.047322990097335,40.41017700990253,40.145999999999916,40.715999999999966,57.725124102685335,50.000000000000135,44.405703520507366
2016-05-13T13:30:00Z,40.56,41.04,40.56,40.8605,388515,544067.4,40.34683456147259,40.746774999999936,41.0520542942848,40.44149570571507,40.17701249999992,40.78809999999997,61.31650484825048,52.849462365591364,50.6447508823773
2016-05-13T14:30:00Z,40.86,40.98,40.69,40.97,349078,545596.8,40.3772328755471,40.77377499999993,41.05692875243945,40.49062124756041,40.21701249999991,40.846099999999964,63.8911381734222,62.10243350311223,54.98396528956798
2016-05-13T15:30:00Z,40.97,40.995,40.72,40.74,408427,538504.55,40.394928832837486,40.78727499999993,41.034700438303894,40.539849561695966,40.25226249999991,40.82609999999996,55.53083070224794,64.35672514619854,59.76954033830079
2016-05-13T16:30:00Z,40.7499,41.005,40.74,40.955,319418,505886.1,40.422249377577124,40.79502499999993,41.05304253335637,40.537007466643495,40.29238749999991,40.849099999999964,60.706827797802646,69.88304093567201,65.447399861661
2016-05-13T17:30:00Z,40.96,40.98,40.775,40.845,262009,485932.95,40.44287135915873,40.796774999999926,41.05564841988475,40.537901580115104,40.33226249999991,40.87409999999996,57.04821874585701,62.57309941520419,65.604288499025
2016-05-13T18:30:00Z,40.84,40.885,40.61,40.71,644838,479646.85,40.455902024565624,40.79177499999993,41.05328302573192,40.53026697426794,40.37326249999991,40.843999999999966,52.839383071031314,60.818713450291845,64.42495126705609
2016-05-13T19:30:00Z,40.72,40.76,40.61,40.645,475437,439522.75,40.46512631605023,40.775524999999924,41.031036149508274,40.52001385049157,40.41038749999991,40.77899999999996,50.89250833603632,42.6900584795319,55.360623781676054
2016-05-16T13:30:00Z,40.55,40.71,40.3,40.42,275211,426313.4,40.462925032340465,40.75827499999993,41.05719496842318,40.45935503157667,40.44463749999991,40.71499999999996,44.74649947855121,27.19298245614044,43.56725146198814
2016-05-16T14:30:00Z,40.42,40.7,40.42,40.57,298221,418746.2,40.468148201494586,40.73777499999993,41.02920122998165,40.446348770018204,40.47513749999991,40.63799999999996,49.1549075699992,26.169590643275072,32.01754385964921
2016-05-16T15:30:00Z,40.57,40.775,40.57,40.74,288012,417611.65,40.481409264836316,40.735524999999924,41.02615181831275,40.4448981816871,40.50738749999991,40.61699999999997,53.66678009978894,36.40350877193006,29.922027290448597
2016-05-16T16:30:00Z,40.74,40.81,40.64,40.79,297998,420330.85,40.496462471429666,40.732524999999924,41.01957995558042,40.44547004441943,40.5406374999999,40.63299999999997,54.93346250670057,52.63157894736844,38.401559454191265
2016-05-16T17:30:00Z,40.78,40.88,40.7,40.86,241155,418190.1,40.51419600940871,40.735524999999924,41.026564426062684,40.444485573937165,40.5748874999999,40.675999999999966,56.71748554385001,65.35087719298235,51.46198830409369
2016-05-16T18:30:00Z,40.86,40.895,40.565,40.6299,495121,413003.75,40.51984010651072,40.72601999999992,41.01781905829887,40.43422094170097,40.59513499999991,40.71797999999997,49.74624832100246,60.912991939307595,59.63181602655286
2016-05-16T19:30:00Z,40.63,40.73,40.61,40.62,575732,397789.2,40.52472595497361,40.72251999999992,41.01762379602122,40.427416203978616,40.61838499999991,40.72797999999997,49.46454615873145,53.83617828354661,60.033349138612245
2016-05-17T13:30:00Z,40.42,41.14,40.4104,41.07,1652305,461276,40.55132468887734,40.750269999999915,41.06577207673886,40.43476792326097,40.64988499999991,40.79397999999996,60.432595835191854,59.8303303303303,58.19316685106156
2016-05-17T14:30:00Z,41.05,41.44,41.05,41.16,1402176,508690.7,40.58101616746868,40.783269999999916,41.124201489342695,40.44233851065714,40.68288499999991,40.86797999999997,62.19962619807547,70.11616880037921,61.26089247141877
2016-05-17T15:30:00Z,41.16,41.46,41.095,41.415,905217,536116.7,40.62169830564094,40.820019999999914,41.254203890104996,40.38583610989483,40.72000999999991,40.978979999999964,66.7328246761273,87.74198427102226,72.56282780057732
2016-05-17T16:30:00Z,41.41,41.46,41.25,41.41,492113,541713.55,40.66015204682919,40.848519999999915,41.353299249202955,40.343740750796876,40.75700999999991,41.13499999999996,66.56426089631626,89.08298043960451,82.3137111703354
2016-05-17T17:30:00Z,41.415,41.43,40.79,40.8701,941700,558550.35,40.670393410398496,40.85002499999992,41.35487314699634,40.345176853003494,40.78138749999991,41.185019999999966,51.451312015384495,80.31896551724121,85.7146434092894
2016-05-17T18:30:00Z,40.87,40.98,40.51,40.56,722392,571753.75,40.66500836598881,40.842024999999914,41.35976745675466,40.32428254324517,40.78538749999991,41.08301999999996,45.11543970908382,55.74999999999999,75.05064865228196
2016-05-17T19:30:00Z,40.565,40.76,40.56,40.72,881216,596388.8,40.66769088472106,40.834999999999916,41.355355267126235,40.314644732873596,40.79088749999991,40.99501999999997,48.63038956727985,35.922413793103566,57.33045977011499
2016-05-18T13:30:00Z,40.72,41.05,40.28,40.59,379089,597889.35,40.66390108546638,40.81599999999991,41.34295882574181,40.28904117425801,40.79488749999991,40.83001999999997,46.04987984726932,28.297292031950263,39.98990194168468
2016-05-18T14:30:00Z,40.59,41.04,40.55,40.91,566163,605776.15,40.67590591056558,40.82449999999991,41.35176521223034,40.297234787769476,40.80588749999991,40.73001999999996,52.70296357858253,38.622637833625454,34.28078121955983
2016-05-18T15:30:00Z,40.915,41.125,40.7237,40.77,422890,610949.75,40.68049586614775,40.815249999999914,41.33951553770624,40.290984462293586,40.80513749999991,40.709999999999965,49.808949144145,40.39548022598864,35.77180336385485
2016-05-18T16:30:00Z,40.78,41.11,40.755,41.02,237862,609742.4,40.69705704340884,40.82399999999991,41.35574768831406,40.292252311685765,40.81038749999991,40.801999999999964,54.602868503092964,52.54237288135587,43.85349698032339
2016-05-18T17:30:00Z,41.02,41.11,40.45,40.47,414076,598204.3,40.68598109007182,40.81199999999991,41.36394529079209,40.260054709207736,40.801887499999914,40.75199999999997,44.52675888261666,40.112994350282484,44.35028248587573
2016-05-18T18:30:00Z,40.47,40.71,40.36,40.4101,353816,592123.25,40.67252347592198,40.800254999999915,41.37542345004397,40.22508654995586,40.787889999999905,40.71601999999996,43.583462920216576,29.94632768361572,40.86723163841809
2016-05-18T19:30:00Z,40.42,40.69,40.42,40.68,399331,598329.25,40.67288818441359,40.81325499999991,41.36472233894922,40.261787661050604,40.785764999999905,40.67001999999996,48.84239807101267,20.341807909604324,30.133709981167573
2016-05-19T13:30:00Z,40.42,40.83,40.26,40.42,453579,606097.15,40.660552175417806,40.80575499999991,41.37407403533769,40.23743596466213,40.77176499999991,40.60001999999996,44.53560601345654,19.419020715630843,23.235718769617034
2016-05-19T14:30:00Z,40.42,40.46,40.09,40.31,411240,612258.55,40.64345206929986,40.784254999999916,41.3920603849106,40.17644961508923,40.759889999999906,40.458019999999955,42.81547429345116,21.096677526220986,20.285835383818785
2016-05-19T15:30:00Z,40.32,40.525,40.24,40.495,232420,608979.65,40.63621050494377,40.76950499999991,41.39021767582306,40.14879232417676,40.7510149999999,40.46301999999996,46.55426471277933,19.651257096512456,20.05565177945483
2016-05-19T16:30:00Z,40.48,40.53,40.35,40.5,154805,604662.15,40.629566090068465,40.75150499999991,41.3814867028509,40.12152329714892,40.7435149999999,40.48099999999995,46.65577801194276,25.40581762719224,22.051250749975296
2016-05-19T17:30:00Z,40.5,40.74,40.47,40.7,253904,592601.3,40.63300189055293,40.75500999999991,41.38302337854127,40.12699662145856,40.7405149999999,40.48499999999995,50.690255642645695,39.698752262875274,28.251942328860057
2016-05-19T18:30:00Z,40.7,40.78,40.53,40.77,355866,581608,40.63968472516011,40.762509999999914,41.38747016163121,40.13754983836862,40.7425149999999,40.55499999999995,52.05697114863753,51.74489869493113,38.949822861666284
2016-05-19T19:30:00Z,40.765,40.89,40.685,40.81,762512,537118.35,40.64799278734742,40.74950999999991,41.35896897616488,40.140051023834936,40.7498899999999,40.65499999999995,52.86100134268816,64.73429951690831,52.059316824904975
2016-05-20T13:30:00Z,40.98,41.85,40.89,41.5,2377687,585893.9,40.689554114793886,40.76650999999991,41.43675688259395,40.096263117405876,40.7748899999999,40.85599999999995,64.05841846915581,71.79311228224272,62.75743683136079
2016-05-20T14:30:00Z,41.51,41.97,41.5,41.85,1448480,613057.05,40.7461612311454,40.78825999999991,41.56157810636237,40.01494189363745,40.804139999999904,41.125999999999955,68.18653639705293,81.09862501051214,72.54201226988779
2016-05-20T15:30:00Z,41.85,42.01,41.84,41.93,461787,611540.75,40.803909463772456,40.81425999999991,41.69671045958745,39.931809540412374,40.8313899999999,41.37199999999996,69.06124690652761,89.85466365785511,80.91546698353672
2016-05-20T16:30:00Z,41.92,42.11,41.87,41.93,548419,591876.7,40.85884070944209,40.86725499999991,41.875142127573376,39.85936787242644,40.85863999999991,41.60399999999996,69.06124690652761,93.51315450694005,88.15548105843584
2016-05-20T17:30:00Z,41.92,41.99,41.815,41.83,435489,577531.55,40.90621433337174,40.930754999999905,42.01066329329541,39.8508467067044,40.886389999999906,41.80799999999996,66.41401196795745,91.02035203520346,91.46272339999962
2016-05-20T18:30:00Z,41.83,41.86,41.54,41.555,474347,557188.1,40.93786241467068,40.97250499999991,42.08078407222248,39.86422592777735,40.903752499999904,41.81899999999996,59.64326116825327,83.25082508250813,89.26144387488397
2016-05-20T19:30:00Z,41.55,41.75,41.54,41.7,528454,564656.35,40.97503985785748,41.02800499999991,42.164908374050526,39.89110162594929,40.92200249999991,41.78899999999996,61.85163712629157,79.4554455445544,84.57554088742206
2016-05-23T13:30:00Z,41.56,41.77,41.35,41.57,540413,563368.85,41.00406230381565,41.06100499999991,42.22038412777831,39.90162587222151,40.94275249999991,41.716999999999956,58.747734400137766,75.16501650165013,79.2904290429043
2016-05-23T14:30:00Z,41.56,41.88,41.56,41.77,714579,577953.3,41.04142511826367,41.111004999999906,42.301701418877975,39.92030858112184,40.96312749999991,41.68499999999996,61.91431132582716,78.2628262826283,77.62776277627768
2016-05-23T15:30:00Z,41.77,41.77,41.61,41.63,292603,580690.35,41.07013608810446,41.1415049999999,42.352393823108834,39.93061617689097,40.98275249999991,41.64499999999996,58.5275447382928,75.93759375937599,76.45514551455155
2016-05-23T16:30:00Z,41.62,41.72,41.56,41.62,482018,584087.45,41.09695871795302,41.1990049999999,42.38586406574031,40.01214593425949,41.00550249999991,41.65799999999996,58.28230683151159,74.88913525498891,76.36318509899782
2016-05-23T17:30:00Z,41.61,41.795,41.5507,41.74,410030,586898.15,41.12832658536995,41.2654999999999,42.41659035267868,40.114409647321125,41.03287749999991,41.665999999999954,60.425253514562826,73.14383414259919,74.65685438565477
2016-05-23T18:30:00Z,41.73,41.775,41.535,41.535,562140,595038.6,41.148164312912876,41.3082499999999,42.43237755060551,40.184122449394295,41.060752499999914,41.658999999999956,55.207907222344474,68.78445083584732,72.27247341114521
2016-05-23T19:30:00Z,41.53,41.77,41.53,41.64,714978,608108.55,41.17215629764883,41.3692499999999,42.424234715543484,40.31426528445632,41.08750249999992,41.63299999999995,57.2442273881418,65.9022703746985,69.27685178438175
2016-05-24T13:30:00Z,41.69,41.865,41.18,41.21,730091,624051.1,41.17400233190987,41.41424999999991,42.35529343684431,40.47320656315551,41.09925249999992,41.54899999999996,47.683761521966225,41.450113031565245,58.712278080703754
2016-05-24T14:30:00Z,41.205,41.555,41.205,41.49,794050,652132.6,41.18941685230451,41.4639999999999,42.30531207053691,40.62268792946289,41.11675249999992,41.52299999999995,53.16854250811093,32.678183207004025,46.67685553775598
2016-05-24T15:30:00Z,41.48,41.68,41.46,41.64,457543,667269.5,41.21139651804575,41.5209999999999,42.238736720553234,40.80326327944657,41.13625249999991,41.50299999999995,55.83954463395621,28.673835125448132,34.267377121339194
2016-05-24T16:30:00Z,41.64,41.7,41.5,41.62,391751,674161.85,41.231328395214256,41.56699999999991,42.17841965950481,40.955580340495004,41.16100499999992,41.51999999999996,55.38595861843542,45.70556219301731,35.68586017515654
2016-05-24T17:30:00Z,41.62,41.76,41.6,41.74,315142,672125.65,41.256141644228194,41.6154999999999,42.10882443688868,41.122175563111114,41.189004999999916,41.53999999999996,57.610848133150746,61.26111774857278,45.21350502234613
2016-05-24T18:30:00Z,41.74,41.93,41.74,41.93,579143,662957.2,41.28901278353413,41.67149999999991,42.01912192109828,41.32387807890154,41.21050499999992,41.683999999999955,60.93289074541781,78.10699588477347,61.69122527545457
2016-05-24T19:30:00Z,41.92,41.93,41.76,41.87,471709,567658.3,41.31735362336174,41.689999999999905,42.03852546539801,41.3414745346018,41.22825499999992,41.759999999999955,59.35105548791621,90.66666666666652,76.67826010000431
2016-05-25T13:30:00Z,41.93,42,41.6,41.74,585130,524490.8,41.33797051978312,41.68449999999991,42.026156260048396,41.34284373995142,41.236379999999926,41.77999999999996,55.96125822298849,86.76422764227635,85.17929673123884
2016-05-25T14:30:00Z,41.7411,42.025,41.71,42.025,220388,512420.85,41.371484152964435,41.68924999999991,42.04670314382324,41.33179685617658,41.251754999999925,41.86099999999996,61.19401109164241,86.76422764227635,88.06504065040646
2016-05-25T15:30:00Z,42.02,42.07,41.945,42.03,205207,495260.25,41.40360687721007,41.69424999999991,42.067482836214715,41.32101716378511,41.28075249999993,41.91899999999996,61.28093315594776,87.9327669681192,87.15374075089069
2016-05-25T16:30:00Z,42.0201,42.09,41.985,42.035,270630,487017.3,41.43440654173641,41.7044999999999,42.10251884381531,41.306481156184496,41.31762749999993,41.939999999999955,61.37410710264645,96.48722064452375,90.39473841830649
2016-05-25T17:30:00Z,42.035,42.16,42.025,42.085,167318,471665.85,41.466142807993165,41.7309999999999,42.15537719075239,41.306622809247415,41.351752499999925,41.98299999999996,62.34981847677931,93.93620023636062,92.78539594966792
2016-05-25T18:30:00Z,42.089,42.18,42.005,42.175,225934,456539.85,41.500721207603256,41.7547499999999,42.220662813766836,41.28883718623297,41.391377499999926,42.06999999999996,64.10735935546757,95.2676609105178,95.23036059713411
2016-05-25T19:30:00Z,42.17,42.18,42.09,42.13,316358,445337.1,41.531417734061634,41.78274999999991,42.26780128597802,41.2976987140218,41.42187749999992,42.09099999999996,62.53547884919717,95.61564625850349,94.93983580179402
2016-05-26T13:30:00Z,41.91,42.225,41.74,42.215,254962,422356.25,41.564763210448874,41.80499999999991,42.32522110686698,41.28477889313284,41.45800249999992,42.127999999999965,64.31533287425387,97.83986928104578,96.24105881668909
2016-05-26T14:30:00Z,42.22,42.49,42.215,42.48,435625,429507.35,41.609408907500146,41.8474999999999,42.43775841801135,41.257241581988445,41.494502499999925,42.21699999999996,69.22423806574449,97.68291135224312,97.04614229726418
2016-05-26T15:30:00Z,42.48,42.49,42.175,42.39,453961,428104.5,41.647486521768435,41.8859999999999,42.511288733332094,41.26071126666771,41.54250249999993,42.277999999999956,65.90816905297598,95.98257465190626,97.16845176173179
2016-05-26T16:30:00Z,42.38,42.49,42.28,42.42,291476,422176.8,41.68517010607241,41.9199999999999,42.58266884643264,41.257331153567165,41.592749999999924,42.326999999999956,66.48450334916885,93.68764919108519,95.78437839841159
2016-05-26T17:30:00Z,42.43,42.65,42.415,42.64,315916,409865.6,41.73174717406888,41.9752499999999,42.68303156943512,41.26746843056468,41.64174999999993,42.42899999999996,70.43208361121802,93.69381346909434,94.45467910402864
2016-05-26T18:30:00Z,42.645,42.725,42.595,42.65,473569,397795.15,41.776539994846004,42.02574999999991,42.773635519334306,41.277864480665514,41.69749999999993,42.51599999999995,70.60158421124338,94.83859461387543,94.07335242468503
2016-05-26T19:30:00Z,42.655,42.66,42.47,42.62,696797,396130.45,41.81768438534132,42.096249999999905,42.78689372148843,41.40560627851138,41.755249999999926,42.543999999999954,69.31777330733055,94.34920634920616,94.29387147739203
2016-05-27T13:30:00Z,42.51,42.72,42.17,42.39,565853,384720.6,41.84560222020272,42.14124999999991,42.78361963660407,41.49888036339574,41.80262499999993,42.543999999999954,60.26932325492508,83.6650246305416,90.95094186454111
2016-05-27T14:30:00Z,42.4,42.55,42.38,42.54,260224,374854.65,41.87947528263186,42.1862499999999,42.80761040269087,41.564889597308934,41.85362499999993,42.567999999999955,63.605953217540986,79.62667155665552,85.88030084546783
2016-05-27T15:30:00Z,42.54,42.58,42.27,42.29,214617,365997.95,41.89950087860104,42.219749999999905,42.78510365040984,41.65439634958997,41.89337499999993,42.497999999999955,55.27417359980461,68.01697048502557,77.10288889074096
2016-05-27T16:30:00Z,42.3,42.52,42.3,42.44,92245,354853.1,41.92586668940099,42.2547499999999,42.78238126332102,41.72711873667878,41.93512499999993,42.45599999999996,58.76436044307011,69.37394247038883,72.3391948373567
2016-05-27T17:30:00Z,42.45,42.55,42.4,42.51,237411,337766.5,41.954360997235085,42.2837499999999,42.80044018767015,41.76705981232965,41.97762499999993,42.433999999999955,60.320497986432905,68.35871404399285,68.58320899980248
2016-05-27T18:30:00Z,42.52,42.53,42.38,42.41,265957,327478.9,41.97658729005288,42.310749999999906,42.79345358402641,41.828046415973404,42.00037499999993,42.43799999999995,57.01057916699701,72.41962774957652,70.05076142131946
2016-05-27T19:30:00Z,42.42,42.54,42.38,42.53,425889,319516.85,42.00358303200152,42.3502499999999,42.76404312468023,41.93645687531958,42.01737499999994,42.43599999999996,59.857177914721184,75.46531302876444,72.08121827411135
2016-05-31T13:30:00Z,42.45,42.97,42.38,42.71,328677,324931.3,42.03804239629413,42.3844999999999,42.798334508027324,41.97066549197248,42.03687499999994,42.51999999999996,63.73613271387718,71.9077834179355,73.2642413987589
2016-05-31T14:30:00Z,42.72,42.79,42.59,42.65,230337,326187.8,42.06789398671881,42.41549999999991,42.81094784742337,42.02005215257645,42.05487499999994,42.561999999999955,61.59941650147245,69.23434856175963,72.2024816694866
2016-05-31T15:30:00Z,42.64,42.64,42.5,42.61,187818,322047.2,42.09433818248862,42.444249999999904,42.80713117894582,42.081368821053985,42.07437499999993,42.58199999999996,60.151638338793504,60.83333333333323,67.32515510434287
2016-05-31T16:30:00Z,42.6,42.69,42.48,42.67,195033,323432.95,42.12241924675747,42.4734999999999,42.8091203212474,42.137879678752405,42.102249999999934,42.63399999999996,61.60920514638727,59.16666666666659,63.07811618725324
2016-05-31T17:30:00Z,42.68,42.82,42.56,42.61,209259,322599.2,42.14620367374491,42.495249999999906,42.80614347055217,42.18435652944764,42.124999999999936,42.649999999999956,59.274300650413416,57.49999999999995,59.166666666666664
2016-05-31T18:30:00Z,42.62,42.655,42.52,42.65,219384,317750.5,42.170779104293935,42.52124999999991,42.789687609196015,42.252812390803804,42.151999999999944,42.63799999999996,60.353064934895365,59.16666666666659,58.61111111111112
2016-05-31T19:30:00Z,42.655,42.78,42.585,42.76,503960,330200.4,42.199521587011304,42.548499999999905,42.79695723984901,42.3000427601508,42.17674999999994,42.659999999999954,63.23700524945575,62.91666666666646,59.86111111111108
2016-06-01T13:30:00Z,42.5,42.84,42.5,42.8,470414,331939.85,42.22881321691319,42.56449999999991,42.83360778515486,42.29539221484496,42.20599999999994,42.69799999999996,64.25522429092267,69.82142857142826,63.96825396825384
2016-06-01T14:30:00Z,42.8,42.88,42.75,42.75,451992,331841.4,42.254236962429616,42.58249999999991,42.850669722435846,42.314330277563975,42.23424999999994,42.713999999999956,61.945629972325904,72.67857142857117,68.47222222222204
2016-06-01T15:30:00Z,42.75,42.8,42.5,42.57,297935,332164.35,42.26964003743305,42.58999999999991,42.84775957796423,42.33224042203559,42.25499999999994,42.70599999999995,54.369157554858894,61.52807391613354,68.00935797204441
2016-06-01T16:30:00Z,42.57,42.65,42.45,42.45,402862,336511.65,42.27843808438754,42.58049999999991,42.844126629978426,42.31687337002139,42.27787499999994,42.665999999999954,49.980326291808225,40.24478093792548,58.15047542754348
2016-06-01T17:30:00Z,42.45,42.57,42.42,42.53,364279,331047.15,42.290709397344244,42.57449999999991,42.83698619017496,42.312013809824855,42.30012499999994,42.619999999999955,52.720407470035944,25.862214351969044,42.54502306867611
2016-06-01T18:30:00Z,42.52,42.575,42.46,42.56,387059,315560.25,42.303845524303064,42.57149999999991,42.83320785244751,42.30979214755231,42.33387499999994,42.57199999999996,53.743722161333004,22.598870056497177,29.56862178213065
2016-06-01T19:30:00Z,42.56,42.68,42.515,42.62,679594,321247.3,42.319267693849255,42.582999999999906,42.83168453919078,42.33431546080903,42.36212499999994,42.54599999999996,55.80403325645874,32.20338983050823,26.88815807965823
2016-06-02T13:30:00Z,42.75,42.78,42.43,42.75,376975,327084.85,42.34027902585661,42.593499999999906,42.85159106926216,42.33540893073765,42.38987499999994,42.58199999999996,59.964865406942856,47.64185703758252,34.14803897486272
2016-06-02T14:30:00Z,42.75,43.15,42.74,43.015,747151,353711.55,42.37319224410751,42.62974999999991,42.90986560119387,42.34963439880595,42.42474999999994,42.69499999999995,66.82189914675067,64.64131528384831,48.16218738397976
2016-06-02T15:30:00Z,43.01,43.13,42.95,43,480429,373120.75,42.40376823219982,42.65774999999991,42.96685313818001,42.34864686181981,42.45624999999994,42.78899999999995,66.13144778165497,77.56601151479042,63.28306127874049
2016-06-02T16:30:00Z,43.01,43.01,42.86,42.86,368834,379691.9,42.4260234403852,42.675249999999906,42.988514664513545,42.36198533548627,42.47949999999994,42.848999999999954,59.90943418348249,73.74429223744295,71.9838730120273
2016-06-02T17:30:00Z,42.87,43.075,42.82,43.035,604112,396599.65,42.455729614024946,42.706499999999906,43.032139371132814,42.380860628867,42.508624999999945,42.93199999999995,64.41624563670052,74.6575342465752,75.3226126662696
2016-06-02T18:30:00Z,43.03,43.215,43.02,43.21,679720,409291.2,42.49252329138958,42.740499999999905,43.1224541857764,42.35854581422341,42.54537499999994,43.02399999999996,68.25892002941829,81.29720570919818,76.56634406440553
2016-06-02T19:30:00Z,43.205,43.23,43.14,43.2,474197,416567.2,42.527034350346185,42.76499999999991,43.195731935236296,42.33426806476352,42.574749999999945,43.06099999999996,67.80829915663273,93.30464694038396,83.0864622987192
2016-06-03T13:30:00Z,43.18,43.29,42.93,43.15,786925,444396.6,42.55742291862198,42.789999999999914,43.24829030104106,42.33170969895877,42.60274999999994,43.09099999999996,65.48063943699867,93.19180381856593,89.26455215604943
2016-06-03T14:30:00Z,43.14,43.29,43.01,43.19,260822,448046.8,42.58828033722579,42.81899999999991,43.30085682523973,42.337143174760094,42.63162499999994,43.15699999999996,66.47219361839089,89.57002979991493,92.02216018628836
2016-06-03T15:30:00Z,43.2,43.345,43.13,43.18,158887,446239.5,42.617144711019655,42.84449999999991,43.34570754187257,42.34329245812725,42.65899999999994,43.18599999999996,65.96207321162521,84.85865175520333,89.20682845789482
2016-06-03T16:30:00Z,43.1842,43.345,43.15,43.22,198631,445708.1,42.64655228609187,42.87499999999991,43.389480320355034,42.36051967964478,42.68512499999994,43.18799999999996,67.05129352101181,85.71813192502835,86.71560449338229
2016-06-03T17:30:00Z,43.22,43.44,43.22,43.435,381515,453814.65,42.68501315018495,42.91424999999991,43.472033784302795,42.356466215697026,42.717749999999945,43.234999999999964,72.20062464963254,89.38453304789948,86.65377224271045
2016-06-03T18:30:00Z,43.43,43.8,43.42,43.745,629508,460092.05,42.736719825785684,42.96349999999991,43.62281100402708,42.304188995972744,42.75599999999994,43.35399999999996,77.62936107126613,93.99227948046342,89.69831481779715
2016-06-03T19:30:00Z,43.745,43.825,43.62,43.64,540936,463618.15,42.78078227330833,43.005499999999905,43.72231169077674,42.28868830922307,42.78499999999995,43.44399999999996,72.46735603786702,94.076234403128,92.48434897716369
2016-06-06T13:30:00Z,43.56,43.78,43.21,43.5099,560309,469034,42.81634899168353,43.04349499999991,43.78232674128638,42.30466325871343,42.812997499999945,43.50997999999996,66.56143333839488,84.56075935331869,90.87642441230344
2016-06-06T14:30:00Z,43.51,43.69,43.5,43.665,401576,474216.05,42.857746601845314,43.0982449999999,43.85077159882225,42.34571840117755,42.84412249999995,43.59897999999996,69.7287724207538,80.59215953005048,86.40971776216578
2016-06-06T15:30:00Z,43.66,43.82,43.653,43.71,144516,461298.75,42.89931993834067,43.1612449999999,43.8969248229764,42.4255651770234,42.87087249999995,43.65397999999996,70.59892520215516,81.19844708867312,82.11712199068083
2016-06-06T16:30:00Z,43.7,43.74,43.4771,43.54,392361,462702.85,42.93057262427527,43.2117449999999,43.90458034980229,42.518909650197514,42.89312249999994,43.612979999999965,63.20708861452504,81.4262023217244,81.07226964681605
2016-06-06T17:30:00Z,43.5373,43.605,43.3,43.3,559514,471325.6,42.9485934718716,43.2487449999999,43.874163501434325,42.623326498565476,42.91012249999994,43.54497999999997,54.527194542448235,67.17992903267613,76.60152614769127
2016-06-06T18:30:00Z,43.31,43.32,43.01,43.05,903345,482513.15,42.9535401317803,43.270244999999896,43.83427971696216,42.706210283037635,42.92662249999994,43.45299999999996,47.24854908486258,42.130131465576746,63.57875427332581
2016-06-06T19:30:00Z,43.055,43.175,42.975,43.07,884530,507890.9,42.95922110096175,43.2862449999999,43.80682141315867,42.76566858684113,42.939872499999936,43.33399999999996,47.84831315147372,23.463687150837686,44.25791588303025
2016-06-07T13:30:00Z,43.25,43.74,43.17,43.73,433191,492192.9,42.99682007164654,43.3219949999999,43.8610279135938,42.782962086406,42.97587249999994,43.337999999999965,62.856481615938364,39.2912695804575,34.96169606562403
2016-06-07T14:30:00Z,43.74,43.8375,43.635,43.82,398411,488092,43.03697519010281,43.3629949999999,43.92218917194593,42.803800828053866,43.010372499999946,43.39399999999996,64.36256504652607,67.47900066835878,43.411319133218036
2016-06-07T15:30:00Z,43.83,43.958,43.82,43.85,191153,479207.95,43.076634936927064,43.4124949999999,43.95997203325157,42.86501796674823,43.04387249999994,43.50399999999996,64.87384647151617,91.9359229088305,66.23539771921565
2016-06-07T16:30:00Z,43.86,43.9,43.77,43.775,128541,455429.4,43.11070152536965,43.4494949999999,43.98989909134267,42.90909090865713,43.077997499999945,43.64899999999996,62.4612272559028,89.45591971732013,82.95694776483653
2016-06-07T17:30:00Z,43.7793,43.85,43.745,43.84,107193,426803.05,43.14627706071747,43.48099499999989,44.035156386188675,42.92683361381111,43.11074749999994,43.80299999999996,63.72049271382567,86.13089182773841,89.17424481796307
2016-06-07T18:30:00Z,43.84,43.975,43.76,43.95,608792,433532.8,43.18548305775565,43.5184949999999,44.09266513327088,42.94432486672893,43.14174749999994,43.846999999999966,65.81070945304263,88.95981688708052,88.18220947737973
2016-06-07T19:30:00Z,43.96,43.96,43.735,43.74,376729,413023,43.21253266469439,43.547994999999894,44.10373371733142,42.992256282668365,43.16899749999994,43.83099999999996,58.84090522551188,87.33197694133622,87.47422855205177
2016-06-08T13:30:00Z,43.8,44.13,43.63,43.82,615556,430759.7,43.24216521763613,43.579494999999895,44.121751195853676,43.037238804146114,43.19924749999994,43.82499999999996,60.55475987393985,82.38672438672434,86.22617273838041
2016-06-08T14:30:00Z,43.82,43.89,43.47,43.74,375716,441601.15,43.26644984116607,43.60749499999989,44.12143945413865,43.093550545861135,43.22599749999994,43.817999999999955,57.955856207875726,71.96464646464636,80.56111593090236
2016-06-08T15:30:00Z,43.75,43.9,43.7271,43.74,168996,440119.4,43.28954984891407,43.63349499999989,44.11817627872008,43.1488137212797,43.25424749999995,43.79799999999996,57.955856207875726,68.54256854256842,74.29797979797976
2016-06-08T16:30:00Z,43.74,43.84,43.69,43.76,96122,425849.75,43.31249863677192,43.649744999999896,44.12847283702337,43.171017162976426,43.281997499999946,43.75999999999995,58.47261262674892,66.81096681096663,69.10606060606052
2016-06-08T17:30:00Z,43.76,43.84,43.695,43.82,140190,401383.85,43.33725480083183,43.65349499999989,44.13630629019513,43.170683709804656,43.308497499999945,43.775999999999954,60.05863464425256,69.11976911976889,68.15776815776803
2016-06-08T18:30:00Z,43.82,43.97,43.81,43.92,263348,387504.45,43.36568139591321,43.667494999999896,44.1639739038219,43.171016096177894,43.33649749999995,43.79599999999995,62.620970518361574,74.31457431457406,70.0817700817699
2016-06-08T19:30:00Z,43.9299,43.93,43.8,43.91,357473,377362.65,43.39223352294183,43.6874999999999,44.18918217034213,43.18581782965767,43.365497499999954,43.82999999999995,62.19130794599994,77.35389610389576,73.5960798460796
2016-06-09T13:30:00Z,43.62,43.91,43.265,43.27,294230,371995.35,43.38627091206662,43.6677499999999,44.20149596021025,43.134004039789545,43.38299749999995,43.73599999999995,42.22361778817153,53.15984994453185,68.27610678766727
2016-06-09T14:30:00Z,43.26,43.29,43.01,43.01,404812,385010.15,43.36791623342923,43.632749999999895,44.23785722193934,43.02764277806045,43.396997499999955,43.58599999999995,37.02307490868974,25.887122671804594,52.133622906744115
2016-06-09T15:30:00Z,43,43.02,42.835,42.89,467796,388781.9,43.344603246432676,43.6002499999999,44.286212644783305,42.9142873552165,43.405997499999955,43.39999999999995,34.887310653179796,1.6083796430617578,26.885117419799442
2016-06-09T16:30:00Z,42.885,43.2,42.84,43.09,347570,378184.7,43.332183575874986,43.5897499999999,44.29978151341309,42.87971848658672,43.419247499999955,43.233999999999945,40.99660770628947,7.979407979407977,11.824970098091484
2016-06-09T17:30:00Z,43.09,43.15,42.985,42.99,362673,351151.1,43.31549169412499,43.5867499999999,44.30632122652378,42.86717877347603,43.42849749999995,43.04999999999995,39.024988325553274,11.969111969111992,7.185633197193948
2016-06-09T18:30:00Z,42.995,43.22,42.985,43.13,220753,317962.25,43.30644331880182,43.5897499999999,44.301132281223936,42.87836771877587,43.43799749999995,43.02199999999995,43.14728358989898,18.14671814671821,12.698412698412767
2016-06-09T19:30:00Z,43.13,43.19,43.07,43.09,434653,318035.35,43.29588510812856,43.5577499999999,44.29800992059665,42.81749007940315,43.43987249999995,43.03799999999995,42.26802663011184,18.14671814671821,16.08751608751618
2016-06-10T13:30:00Z,42.47,42.69,42.1921,42.27,554770,325853.3,43.24584193212229,43.480249999999906,44.39778187957649,42.56271812042332,43.421622499999955,42.913999999999945,29.15268807596368,15.617538745948707,17.30365834646175
2016-06-10T14:30:00Z,42.275,42.3025,42.12,42.26,627470,347669.15,43.19775208177486,43.4007499999999,44.443363423105694,42.35813657689411,43.406622499999955,42.74799999999995,29.034370088828453,10.54675367516361,14.770336855943548
2016-06-10T15:30:00Z,42.26,42.305,42.115,42.195,381716,360327.9,43.14883734607852,43.3217499999999,44.47276379228973,42.17073620771007,43.385622499999954,42.588999999999956,28.232292553839528,5.420603265994248,10.528298562368894
2016-06-10T16:30:00Z,42.195,42.405,42.17,42.385,660297,387983.1,43.11157698773323,43.2489999999999,44.442920432876484,42.05507956712332,43.36499749999995,42.43999999999995,33.974034046076014,8.81183069862302,8.259729213260332
2016-06-10T17:30:00Z,42.38,42.38,42.03,42.04,317850,373436,43.05930493955112,43.1534999999999,44.411681624424766,41.89531837557504,43.33599749999995,42.22999999999995,29.377965874656624,6.461129481942379,6.897854482186588
2016-06-10T18:30:00Z,42.04,42.08,41.87,41.9,612929,385246,43.00275347908521,43.061499999999896,44.40113465170231,41.721865348297484,43.30474749999995,42.15599999999994,27.738095189788893,5.509010220609021,6.92732346705818
2016-06-10T19:30:00Z,41.895,42,41.845,41.92,960917,402514.05,42.949936236203,42.9664999999999,44.346377168461316,41.58662283153848,43.27299749999996,42.087999999999944,28.35337162386064,1.8679119520724239,4.612683884874648
2016-06-13T13:30:00Z,41.7,42.5667,41.57,42.4,395024,403479.45,42.92311007833944,42.8994999999999,44.25250739097819,41.546492609021605,43.25349749999995,42.12899999999995,41.27652621311504,17.78136196405997,8.386094712247179
2016-06-13T14:30:00Z,42.41,42.43,42.095,42.15,210355,405547.4,42.88539739159118,42.819999999999894,44.152820317988116,41.48717968201167,43.22674749999995,42.08199999999995,37.484209556437044,29.013096788027763,16.220790234720095
2016-06-13T15:30:00Z,42.16,42.205,41.92,42.19,260225,413752.55,42.85147556761112,42.741499999999895,44.027742978617084,41.45525702138271,43.19562249999995,42.111999999999945,38.458468539031784,40.32769556025357,29.040718104113807
2016-06-13T16:30:00Z,42.185,42.275,42.13,42.22,713389,442412.5,42.82067188138618,42.66149999999989,43.865900680854395,41.457099319145385,43.157497499999955,42.175999999999945,39.22347743640552,37.37373737373724,35.57150990733957
2016-06-13T17:30:00Z,42.23,42.24,42.085,42.14,736965,466093.35,42.7874683749771,42.57249999999989,43.6479185231997,41.49708147680008,43.11999749999995,42.219999999999935,37.87151603361602,37.171717171717084,38.291050035236005
2016-06-13T18:30:00Z,42.14,42.2,41.97,42.11,540760,475257.7,42.75442113717334,42.482499999999895,43.38201375756044,41.58298624243935,43.08499999999995,42.161999999999935,37.35158801656566,35.75757575757571,36.767676767676726
2016-06-13T19:30:00Z,42.11,42.16,42.01,42.06,732806,497186.5,42.720546935360005,42.4219999999999,43.26232969722674,41.581670302773055,43.044874999999955,42.143999999999934,36.453329862206985,37.209595959596015,36.71296296296298
2016-06-14T13:30:00Z,42,42.826,41.86,42.53,451489,499520.35,42.71125196290342,42.3979999999999,43.19614409729138,41.59985590270841,43.015374999999956,42.21199999999994,48.894754507263826,51.172151450813935,41.379774389328595
2016-06-14T14:30:00Z,42.54,42.66,42.45,42.53,282191,490240.1,42.702410403737396,42.379999999999896,43.14864165905926,41.611358340940534,42.990124999999956,42.273999999999944,48.894754507263826,65.53874734607227,51.30683158549411
2016-06-14T15:30:00Z,42.53,42.71,42.49,42.71,146457,480184.45,42.70278062794533,42.36099999999989,43.07537105207527,41.64662894792451,42.97537499999996,42.38799999999994,52.983340172483835,81.21019108280255,65.97369662656295
2016-06-14T16:30:00Z,42.71,42.72,42.38,42.4,522558,488178.7,42.68801084121629,42.33149999999989,42.98573313890494,41.67726686109484,42.95912499999996,42.44599999999994,46.137379240637166,77.76008492568995,74.8363411181883
2016-06-14T17:30:00Z,42.405,42.49,42.36,42.485,254742,489878.15,42.67810787335208,42.29924999999989,42.847932740792515,41.75056725920726,42.94449999999996,42.530999999999935,48.11691253330019,76.56581740976635,78.51203113941966
2016-06-14T18:30:00Z,42.48,42.49,42.315,42.42,338851,485088.05,42.66551724538369,42.26574999999989,42.68338949770461,41.84811050229517,42.911749999999955,42.508999999999936,46.703389642866654,68.86942675159226,74.39844302901624
2016-06-14T19:30:00Z,42.42,42.465,42.23,42.34,648422,489770.65,42.64963835536497,42.26924999999989,42.68814467654779,41.85035532345199,42.874749999999956,42.47099999999993,44.95303742687378,67.2770700636943,70.90410474168435
2016-06-15T13:30:00Z,42.2,42.32,41.46,41.63,786362,497715.25,42.599899899005706,42.237749999999885,42.740954481342506,41.734545518657264,42.819249999999954,42.25499999999993,33.097418864480744,47.14199562937345,61.09616414822005
2016-06-15T14:30:00Z,41.64,41.64,41.18,41.35,745250,515891.95,42.53892917222494,42.19549999999988,42.83058188451898,41.560418115480786,42.75862499999995,42.04499999999994,29.76364830958238,28.026298565397994,47.48178808615529
2016-06-15T15:30:00Z,41.345,41.93,41.315,41.81,309387,498346.45,42.5033716516286,42.16674999999989,42.81679826747212,41.51670173252765,42.70787499999996,41.90999999999993,40.387113830706255,20.349256105132714,31.839183433301425
2016-06-15T16:30:00Z,41.8,41.88,41.73,41.765,238477,494377.8,42.46735352228086,42.15299999999989,42.82447151841377,41.48152848158601,42.65324999999995,41.77899999999993,39.75365169353121,28.04779262859462,25.474449099708483
2016-06-15T17:30:00Z,41.77,41.82,41.59,41.6,343054,480884.05,42.42504359436472,42.137999999999884,42.84392775837367,41.4320722416261,42.59974999999996,41.630999999999936,37.435119247344396,33.110571081409525,27.169206605045662
2016-06-15T18:30:00Z,41.6,41.78,41.545,41.77,515168,458596.6,42.39309024829815,42.130499999999884,42.8486148933446,41.412385106655165,42.54849999999995,41.658999999999935,41.23775058051146,32.30052652895915,31.152963412987805
2016-06-15T19:30:00Z,41.77,41.83,41.575,41.66,670184,472354.6,42.35732974838117,42.093499999999885,42.828320386246176,41.358679613753594,42.496499999999955,41.72099999999993,39.56218171551162,30.174159578776813,31.86175239638187
2016-06-16T13:30:00Z,41.45,41.59,41.07,41.23,218722,472772.95,42.30233805333818,42.047499999999886,42.87211203001309,41.22288796998668,42.43374999999995,41.604999999999926,33.78345870528295,24.90101501037091,29.12523370603567
2016-06-16T14:30:00Z,41.22,41.37,41.16,41.27,280354,473779.4,42.25198009951681,42.001499999999886,42.88939695350442,41.11360304649535,42.37149999999995,41.50599999999993,34.73841930233286,16.993261902131774,24.022812163759877
2016-06-16T15:30:00Z,41.27,41.46,41.07,41.41,187168,447468.35,42.21090789954038,41.960999999999885,42.878728718109166,41.043271281890604,42.31124999999995,41.467999999999925,38.10307596948388,14.141414141414023,18.678563684638945
2016-06-16T16:30:00Z,41.41,41.68,41.39,41.54,769834,449111.8,42.178180684928655,41.930999999999884,42.86248590973967,40.9995140902601,42.251749999999944,41.421999999999926,41.13780300847781,21.94195475885608,17.692210267467335
2016-06-16T17:30:00Z,41.55,41.66,41.49,41.53,271233,435635.45,42.14656211493214,41.90199999999989,42.84542673273611,40.95857326726367,42.192249999999945,41.39599999999992,40.971395600671805,28.699672784179683,21.59434722814997
2016-06-16T18:30:00Z,41.535,41.66,41.52,41.63,263661,412178.2,42.121363962984226,41.880499999999884,42.82813336794415,40.93286663205562,42.15124999999995,41.47599999999993,43.43550594315037,35.212108974035324,28.61791217235707
2016-06-16T19:30:00Z,41.625,41.78,41.615,41.76,682015,423704.5,42.10373645259475,41.841999999999885,42.74234104651605,40.94165895348372,42.11999999999995,41.57399999999992,46.55872525065652,42.579245124270045,35.49700896082839
2016-06-17T13:30:00Z,41.87,41.915,41.22,41.76,788076,448998.75,42.08696882076086,41.803499999999886,42.64692219560574,40.96007780439403,42.09174999999995,41.64399999999993,46.558725250656515,58.5253091050539,45.438887734453125
2016-06-17T14:30:00Z,41.76,41.92,41.72,41.75,368205,460086.15,42.07053131730911,41.755499999999884,42.489236328691405,41.02176367130836,42.05824999999995,41.68599999999993,46.3305063364337,71.50077519379829,57.53510980770745
2016-06-17T15:30:00Z,41.75,41.89,41.71,41.79,169321,442424.3,42.056846862806225,41.724999999999895,42.397168133756445,41.052831866243345,42.02824999999994,41.73799999999993,47.44031467828194,81.33606931144531,70.45405120343254
2016-06-17T16:30:00Z,41.8,41.81,41.68,41.77,150417,437208.05,42.04285433291324,41.68924999999989,42.26508222386381,41.11341777613597,41.99424999999995,41.76599999999993,46.91790194031994,82.04286365709068,78.29323605411146
2016-06-17T17:30:00Z,41.78,41.88,41.73,41.8,195550,430043,42.0310077800882,41.65824999999989,42.13089442241503,41.185605577584745,41.96199999999995,41.77399999999993,47.84565550230604,84.31372549019584,82.56421948624399
2016-06-17T18:30:00Z,41.805,41.85,41.64,41.69,249271,410085.45,42.01437325423024,41.62574999999989,41.981295707384874,41.270204292614906,41.94749999999995,41.75999999999993,44.75678602849506,80.3921568627448,82.2495820033438
2016-06-17T19:30:00Z,41.685,41.78,41.64,41.77,544813,398008,42.00245260768243,41.63274999999989,41.993824438364854,41.27167556163492,41.93524999999995,41.76399999999993,47.41564664153395,80.3921568627448,81.69934640522852
2016-06-20T13:30:00Z,42.06,42.2867,42,42.27,406687,381079.85,42.0155036999906,41.67874999999989,42.1113453652564,41.24615463474338,41.937124999999945,41.85999999999993,60.2822960721909,84.64051750395221,81.80827707648065
2016-06-20T14:30:00Z,42.28,42.395,42.25,42.29,213877,376304.35,42.0288937634057,41.70274999999988,42.208827810266854,41.19667218973291,41.934749999999944,41.96399999999993,60.696566654667066,91.01861591312725,85.3504300932748
2016-06-20T15:30:00Z,42.29,42.305,42.21,42.27,158802,372320.6,42.04065504323957,41.72799999999989,42.29115539599853,41.164844604001246,41.94049999999994,42.05799999999993,60.022352820384526,93.35486956352354,89.6713343268677
2016-06-20T16:30:00Z,42.265,42.315,42.15,42.2401,242043,367270.05,42.05038406552056,41.760004999999886,42.36185149366918,41.158158506330594,41.94900249999995,42.16801999999993,58.967785692097074,89.41806503412259,91.26385017025784
2016-06-20T17:30:00Z,42.26,42.55,42.23,42.51,316544,357338.85,42.072804355007364,41.797004999999885,42.48200260725244,41.11200739274733,41.96375249999995,42.31601999999993,64.95357371938758,91.05706820242081,91.27666760002235
2016-06-20T18:30:00Z,42.5,42.575,42.46,42.48,225603,335109.8,42.09266755720213,41.83800499999988,42.58099899859155,41.09501100140822,41.96575249999995,42.358019999999925,63.83880649486161,92.26614412296709,90.91375911983687
2016-06-20T19:30:00Z,42.47,42.475,42.25,42.26,315721,339959.75,42.10083011538739,41.889504999999886,42.59880960448454,41.18020039551523,41.96850249999995,42.352019999999925,56.21890074363121,88.91139287332696,90.74486839957166
2016-06-21T13:30:00Z,42.22,42.4612,41.9,42.41,288322,340358.15,42.11591157317337,41.94650499999988,42.63027597185024,41.262734028149524,41.97400249999995,42.380019999999924,59.74681746604914,84.03154619781442,88.40302773136953
2016-06-21T14:30:00Z,42.42,42.45,42.23,42.36,167928,339396.15,42.1278183257015,41.99400499999989,42.65366085113922,41.334349148860554,41.97750249999995,42.403999999999925,58.06714138277075,78.7036854325758,83.88220816790577
2016-06-21T15:30:00Z,42.35,42.57,42.29,42.55,120649,306936.9,42.14841255371606,42.04450499999989,42.711997937748244,41.37701206225153,41.98775249999996,42.41199999999992,62.39367369680772,85.56149732620266,82.76557631886432
2016-06-21T16:30:00Z,42.5499,42.84,42.52,42.75,392650,313007.75,42.177758282803076,42.10550499999989,42.79634823977459,41.41466176022519,42.003752499999955,42.46599999999992,66.33161180315585,88.94385026737923,84.40301100871926
2016-06-21T17:30:00Z,42.75,42.9,42.65,42.85,270560,313352.7,42.21055056169073,42.16650499999989,42.89315067840426,41.43985932159551,42.02350249999996,42.583999999999925,68.12867277700174,95.28598308010045,89.93044355789415
2016-06-21T18:30:00Z,42.85,43.03,42.74,42.985,380012,298252.55,42.24832858307167,42.22775499999989,43.011301579305815,41.44420842069396,42.03487749999995,42.69899999999992,70.42377326697539,95.0981119866011,93.10931511136029
2016-06-21T19:30:00Z,42.985,43.0498,42.88,42.92,411547,279426.1,42.28109304243402,42.28575499999988,43.09357361945965,41.477936380540115,42.044627499999955,42.810999999999915,67.88885302517639,93.83513871588754,94.7397445941964
2016-06-22T13:30:00Z,42.81,42.97,42.665,42.92,182002,270115.95,42.312259235486025,42.34425499999988,43.157844934760796,41.53066506523897,42.04987749999996,42.88499999999992,67.88885302517639,91.39491676792517,93.44272249013797
2016-06-22T14:30:00Z,42.92,43.195,42.895,43.16,191904,271245.1,42.353612443511096,42.412754999999876,43.25821809319012,41.56729190680963,42.06887749999996,42.96699999999991,72.17739829779718,91.57315255767169,92.26773601382816
2016-06-22T15:30:00Z,43.16,43.16,42.78,42.815,166315,272040,42.37611915358372,42.465004999999884,43.2734733060849,41.656536693914866,42.07712749999995,42.959999999999916,59.81136453281003,85.5549160471755,89.50766179092416
2016-06-22T16:30:00Z,42.82,42.8799,42.7,42.79,159155,270220.25,42.396308463165006,42.514504999999886,43.27377966831415,41.755230331685624,42.086377499999955,42.92099999999992,59.022231135056956,78.89317889317867,85.34041583267532
2016-06-22T17:30:00Z,42.8,43,42.77,42.945,124911,264002.25,42.42307390398623,42.57725499999988,43.256851396359146,41.897658603640615,42.10150249999996,42.92599999999992,62.33984045177287,73.35907335907325,79.26905609980918
2016-06-22T18:30:00Z,42.95,42.95,42.73,42.73,169707,245246.95,42.43804590866983,42.62525499999988,43.19706733105289,42.05344266894687,42.129002499999956,42.88799999999992,55.613917791331716,71.17117117117103,74.47447447447435
2016-06-22T19:30:00Z,42.735,42.77,42.65,42.7,278781,238851.65,42.4508241570274,42.646754999999885,43.195386462772404,42.098123537227366,42.16275249999996,42.79599999999992,54.7266544052977,68.85456885456881,71.12827112827107
2016-06-23T13:30:00Z,43.18,43.36,42.965,43.15,195517,237933.65,42.48493029570899,42.689754999999884,43.25437590108681,42.12513409891296,42.196252499999964,42.86299999999992,64.00358423164798,69.09488502408851,69.70687501660949
2016-06-23T14:30:00Z,43.16,43.45,43.1,43.375,169847,238485.9,42.52834833006465,42.745004999999885,43.34937227405058,42.14063772594919,42.23650249999996,42.979999999999926,67.58060362310292,78.90882457940737,72.28609281935492
2016-06-23T15:30:00Z,43.375,43.675,43.37,43.57,337311,243249.3,42.579160606646866,42.81149999999988,43.46930772270147,42.15369227729829,42.28575249999996,43.104999999999926,70.33219666875384,88.61983429041707,78.87451463130435
2016-06-23T16:30:00Z,43.58,43.6,43.45,43.5,78626,231353.4,42.62407960144458,42.86099999999989,43.56777860751642,42.15422139248336,42.32900249999996,43.25899999999992,68.09779901763582,89.12346764533477,85.55070883838643
2016-06-23T17:30:00Z,43.5,43.57,43.45,43.53,69805,223563.5,42.6682708403985,42.913499999999885,43.654439268796686,42.172560731203085,42.37575249999996,43.424999999999926,68.55881197309661,86.56319290465653,88.10216494680283
2016-06-23T18:30:00Z,43.528,43.61,43.45,43.46,147558,215155.35,42.706891775013204,42.97349999999988,43.68687998293127,42.26012001706849,42.43150249999996,43.486999999999924,66.15651565461663,82.60162601626041,86.09609552208394
2016-06-23T19:30:00Z,43.465,43.68,43.45,43.67,332092,217343.85,42.75387266403695,43.03649999999989,43.76213833970121,42.31086166029857,42.49150249999996,43.54599999999993,69.59818214428947,87.96905833136024,85.71129241742575
2016-06-24T13:30:00Z,41.29,42.78,41.01,42.31,848785,251386.7,42.73222033896197,43.033999999999885,43.76922513561911,42.29877486438066,42.51400249999996,43.293999999999926,40.71860220541424,75.58088501142471,82.05052311968183
2016-06-24T14:30:00Z,42.33,42.38,41.815,41.96,363078,263508.15,42.69455105413456,43.00449999999989,43.8535694907042,42.15543050929557,42.52450249999996,42.985999999999926,36.51884808209665,61.099596378313585,74.88317990703288
2016-06-24T15:30:00Z,41.95,42.06,41.48,41.49,326815,260216.4,42.635792466127995,42.94149999999989,44.01426791527537,41.868732084724414,42.523502499999964,42.57799999999993,31.77879764700843,34.08239700374537,56.92095946449459
2016-06-24T16:30:00Z,41.51,41.54,41.26,41.37,431048,268240.8,42.57404649217053,42.867499999999886,44.14075370607923,41.59424629392054,42.51700249999996,42.159999999999926,30.683727155441844,22.347066167290887,39.176353183116646
2016-06-24T17:30:00Z,41.375,41.4,41.04,41.075,576858,278083.1,42.50092227304026,42.77199999999989,44.263490529652785,41.280509470347,42.49987749999996,41.64099999999992,28.1185195480128,11.298377028714148,22.575946733250166
2016-06-24T18:30:00Z,41.07,41.29,40.865,40.93,614717,288241.6,42.42429191825781,42.672499999999886,44.363403604598794,40.98159639540098,42.47912749999996,41.36499999999992,26.92691625110953,6.075553870273139,13.240332355426093
2016-06-24T19:30:00Z,40.92,41.3,40.895,41.1,1018445,330063.75,42.35969231248914,42.581499999999885,44.40038179936109,40.76261820063868,42.46287749999996,41.19299999999992,30.638208456421637,4.363883511507569,7.245938136831654
2016-06-27T13:30:00Z,40.85,41.005,40.52,40.7,589949,349966,42.278731711879914,42.45849999999989,44.43052712964237,40.4864728703574,42.43562749999997,41.034999999999926,27.144794680403237,5.451132045776382,5.296856475852398
2016-06-27T14:30:00Z,40.7,40.86,40.5,40.85,328400,358070.25,42.209037482032116,42.36024999999989,44.44407214933134,40.27642785066843,42.412627499999964,40.930999999999926,30.35189056940837,8.350208943646846,6.055074833643634
2016-06-27T15:30:00Z,40.84,41.29,40.8,41.25,394616,369843.3,42.162255165835425,42.28324999999988,44.41120506297659,40.15529493702317,42.39887749999996,40.96599999999992,38.168438393623155,13.429132500066302,9.076824496496545
2016-06-27T16:30:00Z,41.26,41.36,41.13,41.33,490234,388109.45,42.12165735286784,42.20249999999989,44.346390155778984,40.05860984422079,42.38987749999996,41.04599999999992,39.62778169846555,20.23060796645697,14.00331647005674
2016-06-27T17:30:00Z,41.32,41.325,41.0744,41.19,499326,404590.4,42.076210652727944,42.12549999999989,44.298500000010414,39.952499999989364,42.37537749999996,41.06399999999992,37.940182157261944,23.794549266247284,19.151429910923554
2016-06-27T18:30:00Z,41.19,41.19,40.86,41.02,554973,418400,42.02468818186317,42.041499999999886,44.24878815519073,39.83421184480904,42.34412749999996,41.12799999999992,35.93876178589866,21.383647798742075,21.802935010482145
2016-06-27T19:30:00Z,41.02,41.28,40.99,41.2,539916,435619.95,41.984459490064964,41.94399999999989,44.11884850048089,39.76915149951889,42.31687749999996,41.19799999999992,39.573511638655575,22.917356283791232,22.6985177829269
2016-06-28T13:30:00Z,41.51,41.95,41.27,41.8,474677,450861.45,41.97546146615936,41.86524999999989,43.9388349994741,39.791665000525676,42.30512749999996,41.30799999999992,49.798431522793585,38.73429727134637,27.678433784626595
2016-06-28T14:30:00Z,41.79,42.05,41.75,42,342379,451114.85,41.976658467810125,41.78674999999989,43.709639167383955,39.86386083261583,42.29912499999996,41.44199999999992,52.67320157772459,65.3348455700078,42.32883304171517
2016-06-28T15:30:00Z,42,42.32,42,42.32,342815,464324.3,41.99340683523402,41.727749999999894,43.50353285554326,39.951967144456525,42.29437499999996,41.66799999999992,56.92360224057193,88.43426077468614,64.1678012053468
2016-06-28T16:30:00Z,42.31,42.395,42.23,42.25,217731,471720.6,42.0059235749787,41.663749999999894,43.258099005093236,40.06940099490655,42.28862499999997,41.913999999999916,55.74421800887371,96.16737703808928,83.31216112759444
2016-06-28T17:30:00Z,42.25,42.44,42.225,42.44,228043,475744.85,42.027098034735836,41.6127499999999,43.029349714118275,40.19615028588152,42.29312499999996,42.16199999999992,58.271402645755195,97.44942832014061,94.01702204430536
2016-06-28T18:30:00Z,42.44,42.69,42.405,42.44,366902,477485.35,42.047239594017014,41.5512499999999,42.68352150014487,40.41897849985492,42.29387499999997,42.28999999999992,58.271402645755195,93.64425328208885,95.75368621343961
2016-06-28T19:30:00Z,42.445,42.535,42.4,42.51,513444,460718.3,42.06981327235765,41.5612499999999,42.72329076952585,40.39920923047395,42.29762499999997,42.39199999999992,59.265308371383654,93.45509893455092,94.84959351226014
2016-06-29T13:30:00Z,42.7,43.345,42.61,43.215,596713,472400.05,42.125676039559714,41.623999999999896,42.984061028057866,40.263938971941926,42.31424999999997,42.57099999999992,67.62816244087752,91.93195892283454,93.01043704649146
2016-06-29T14:30:00Z,43.22,43.42,43.16,43.37,437630,477940.8,42.18637476933729,41.7179999999999,43.27380654325732,40.16219345674247,42.329749999999976,42.794999999999916,69.12878368677111,95.10100164536459,93.49601983425003
2016-06-29T15:30:00Z,43.37,43.48,43.11,43.32,583339,485555.35,42.24167356107694,41.81549999999989,43.510070447058254,40.12092955294153,42.341499999999975,42.97099999999992,68.03319486111002,95.80510426309267,94.27935494376395
2016-06-29T16:30:00Z,43.32,43.335,42.78,42.93,748477,494136.3,42.2752504605366,41.908249999999896,43.6333334037934,40.18316659620639,42.34012499999997,43.06899999999992,60.04019088741275,90.33078880407119,93.74563157084283
2016-06-29T17:30:00Z,42.92,43.185,42.79,43.11,290142,477907.55,42.31596995026652,42.0172499999999,43.75674267030412,40.277757329695675,42.344874999999966,43.18899999999992,62.24492912431878,86.25954198473285,90.79847835063225
2016-06-29T18:30:00Z,43.11,43.445,43.065,43.39,468148,450392.7,42.36836166000962,42.1317499999999,43.915569707829526,40.34793029217027,42.356624999999966,43.22399999999992,65.43930694474004,87.09034611729366,87.89355896869925
2016-06-29T19:30:00Z,43.4,43.5,43.37,43.46,546128,448201.65,42.421612310740855,42.269749999999895,44.015804051294644,40.52369594870515,42.364124999999966,43.24199999999992,66.20903320175105,93.48989426366683,88.9465941218978
2016-06-30T13:30:00Z,43.37,43.455,43.07,43.14,282842,445923.75,42.456655612655936,42.3842499999999,44.04093124575637,40.727568754243435,42.372249999999966,43.20599999999992,59.66683792612198,91.340130541384,90.64012364078151
2016-06-30T14:30:00Z,43.1356,43.32,43.055,43.24,381593,445272.6,42.49486753398979,42.483749999999894,44.09438613210576,40.87311386789403,42.38349999999996,43.26799999999992,60.964902305588524,86.76717204071464,90.5323989485885
2016-06-30T15:30:00Z,43.24,43.3,43.06,43.2,315277,436524.75,42.529264239648825,42.5772499999999,44.12500797527986,41.02949202471994,42.38987499999996,43.285999999999916,60.131261526310375,79.52194211017746,85.87641489742538
2016-06-30T16:30:00Z,43.2,43.275,43.05,43.1,242579,423687.4,42.55710500844644,42.6727499999999,44.097121703609474,41.24837829639033,42.39912499999996,43.227999999999916,57.99613880901388,75.92156862745105,80.73689425944774
2016-06-30T17:30:00Z,43.1,43.29,43.06,43.195,427510,417314.25,42.58822183730271,42.7814999999999,44.00205765944973,41.56094234055007,42.41149999999996,43.17499999999992,59.46852986712228,72.45692216280457,75.96681096681105
2016-06-30T18:30:00Z,43.19,43.32,43.19,43.295,390580,409847.45,42.62269882084892,42.8862499999999,43.88543904619939,41.88706095380041,42.41512499999996,43.20599999999992,61.01757436622939,74.0879382055853,74.15547633194699
2016-06-30T19:30:00Z,43.295,43.34,43.05,43.27,822141,427220.65,42.65427448812458,42.95974999999991,43.83738018979611,42.08211981020371,42.41249999999995,43.21199999999992,60.396125629962256,75.93122233571687,74.15869423470225
2016-07-01T13:30:00Z,43.16,43.63,43.04,43.54,302453,425224.35,42.697480610655084,43.036749999999905,43.83024401386599,42.24325598613382,42.41174999999996,43.279999999999916,64.59059854726054,81.64423481343506,77.22113178491243
2016-07-01T14:30:00Z,43.545,43.58,43.175,43.33,274125,421789.85,42.728335215013374,43.087249999999905,43.81792417501957,42.35657582498024,42.407499999999956,43.32599999999992,59.32756143908185,76.09165014320313,77.88903576411838
2016-07-01T15:30:00Z,43.33,43.35,43.02,43.06,148749,418340.75,42.74451398501272,43.12774999999991,43.75006402847821,42.50543597152161,42.39574999999996,43.29899999999992,53.31268349231033,62.35294117647027,73.3629420443695
2016-07-01T16:30:00Z,43.0575,43.27,43.03,43.09,150654,414471.3,42.761366961353566,43.160249999999905,43.69759044147154,42.62290955852827,42.386499999999955,43.257999999999925,53.8722793489927,44.45378151260496,60.96612427742613
2016-07-01T17:30:00Z,43.09,43.25,43.08,43.2,117679,402010.15,42.78276369494608,43.1982499999999,43.621951250933215,42.77454874906659,42.374749999999956,43.24399999999993,55.95681996010319,32.72121963539521,46.50931410815682
2016-07-01T18:30:00Z,43.19,43.23,43.01,43.01,364596,394567.75,42.79384839275359,43.22324999999991,43.52220275553268,42.924297244467134,42.392249999999954,43.13799999999992,51.61778334353356,21.740827478532434,32.971942875510884
2016-07-01T19:30:00Z,43.01,43.045,42.96,42.98,664485,397956.35,42.80292895896073,43.2114999999999,43.52873965710907,42.89426034289073,42.417749999999955,43.06799999999993,50.94604047717449,10.8310904493921,21.76437918777326
2016-07-05T13:30:00Z,43,43.2,42.775,43.19,293965,390773.1,42.82181047315777,43.20249999999991,43.51134462119552,42.8936553788043,42.46024999999996,43.09399999999992,55.32849134499185,17.174362107590316,16.58209334517163
2016-07-05T14:30:00Z,43.185,43.53,43.155,43.335,290191,376115.7,42.84684410861349,43.203249999999905,43.51330281814977,42.89319718185004,42.50937499999996,43.14299999999993,58.11123940705997,39.00672078205424,22.337391113012227
2016-07-05T15:30:00Z,43.32,43.35,43,43.17,229857,350184.7,42.86260781063234,43.215249999999905,43.49958211222461,42.9309178877752,42.561749999999954,43.13699999999992,53.98974097992664,53.41130604288484,36.53079631084314
2016-07-05T16:30:00Z,43.18,43.18,43.055,43.115,124862,341920.7,42.87491962474784,43.215499999999906,43.4994700689201,42.931529931079716,42.61637499999996,43.15799999999992,52.64928996625024,50.48732943469789,47.63511875321234
2016-07-05T17:30:00Z,43.11,43.26,43.03,43.21,177800,327403.3,42.89126500890648,43.206499999999906,43.478953665863195,42.93404633413662,42.66912499999996,43.203999999999915,54.73956772815953,45.61403508771935,49.83755685510071
2016-07-05T18:30:00Z,43.21,43.24,43.04,43.185,313586,315776.2,42.905593545057386,43.19274999999991,43.43915363236044,42.946346367639386,42.73124999999995,43.202999999999925,54.06320390457103,46.19883040935681,47.433398310591365
2016-07-05T19:30:00Z,43.185,43.26,43.15,43.21,510122,327140.2,42.92044264042044,43.196249999999914,43.4415431919917,42.95095680800813,42.79024999999996,43.177999999999926,54.666434784758096,49.90253411306045,47.23846653671222
2016-07-06T13:30:00Z,43.09,43.15,42.825,42.83,291784,322649.75,42.916030804302366,43.17574999999991,43.46718223919272,42.8843177608071,42.82974999999996,43.10999999999992,44.99455121864232,35.22090249779037,43.774089006735885
2016-07-06T14:30:00Z,42.82,43.3,42.71,43.08,264582,320115,42.92402930165347,43.16974999999991,43.46386689859662,42.875633101403196,42.873499999999964,43.10299999999993,51.121562980240846,34.27714744620459,39.80019468568514
2016-07-06T15:30:00Z,43.09,43.31,43.0301,43.3,227091,319340.6,42.94236933571916,43.17974999999991,43.47728109087653,42.882218909123296,42.92624999999996,43.120999999999924,55.788632843346306,41.301822956117405,36.93329096670413
2016-07-06T16:30:00Z,43.3,43.31,43.05,43.1099,231638,309547,42.950541563245054,43.17549499999991,43.47446259345885,42.87652740654097,42.97849749999996,43.105979999999924,51.23615691174314,55.280487804877794,43.61981940239993
2016-07-06T17:30:00Z,43.1075,43.15,43.02,43.115,169882,298512.1,42.95856392601359,43.166494999999905,43.461339470766,42.87165052923381,43.02637249999996,43.086979999999926,51.3508533440372,56.70325203252022,51.095187597838475
2016-07-06T18:30:00Z,43.12,43.18,43.01,43.065,281734,271491.75,42.963755929622685,43.156244999999906,43.45023581948442,42.86225418051539,43.057997499999956,43.13397999999992,50.10653678058672,47.15040650406496,53.044715447154324
2016-07-06T19:30:00Z,43.065,43.17,43.035,43.15,859556,299346.9,42.97284100622646,43.136744999999905,43.37225258361853,42.90123741638128,43.08674749999996,43.147979999999926,52.225918424922725,48.78048780487779,50.87804878048766
2016-07-07T13:30:00Z,43.21,43.485,43.17,43.25,229814,297131.35,42.986360957142246,43.13274499999991,43.35745739827768,42.908032601722134,43.109997499999956,43.13797999999993,54.66573861177655,54.26829268292649,50.066395663956406
2016-07-07T14:30:00Z,43.26,43.2799,43.12,43.22,246394,302013.6,42.99775798362311,43.14074499999991,43.36592044701931,42.91556955298051,43.13424749999996,43.159999999999926,53.77842028317012,61.77288224495123,54.940554244251835
2016-07-07T15:30:00Z,43.21,43.34,43.16,43.29,124436,300702.7,43.01201369173906,43.15074499999991,43.38364923341014,42.91784076658968,43.15549749999996,43.19499999999992,55.58979570957438,68.83293994230246,61.624704956726724
2016-07-07T16:30:00Z,43.29,43.32,43.1,43.18,156846,302661.05,43.02020814580057,43.1497449999999,43.38196545978395,42.91752454021586,43.17399749999996,43.21799999999992,52.132387711043066,67.09677419354823,65.90086546026731
2016-07-07T17:30:00Z,43.1809,43.23,43.04,43.06,146835,291773,43.02214921185907,43.15224499999991,43.37941551292482,42.925074487074994,43.18774749999996,43.19999999999992,48.58254538258819,60.215053763440835,65.38158929976385
2016-07-07T18:30:00Z,43.06,43.07,42.83,42.89,158969,266497.2,43.015702908841554,43.147744999999915,43.391355882226115,42.904134117773715,43.179622499999965,43.12799999999992,44.01050404490349,43.01075268817204,56.77419354838704
2016-07-07T19:30:00Z,42.88,43.03,42.8799,42.95,261333,264865.6,43.01249788889806,43.135744999999915,43.39310424685392,42.878385753145906,43.16912249999996,43.07399999999992,45.9440753667759,33.11827956989259,45.44802867383516
2016-07-08T13:30:00Z,43.2,43.52,42.84,43.38,482074,274459.75,43.03042482114694,43.13799499999991,43.40295749157447,42.873032508425354,43.17062249999996,43.09199999999993,57.31986001784656,45.63653258993764,40.58852161600077
2016-07-08T14:30:00Z,43.38,43.72,43.375,43.7,202912,273112.5,43.06308702499343,43.16449499999992,43.52555064936634,42.8034393506335,43.18987249999996,43.19599999999993,63.47932588740296,70.47886676898817,49.74455964293947
2016-07-08T15:30:00Z,43.69,43.69,43.445,43.5,185015,276120.15,43.08439985304253,43.18374499999991,43.57220568262111,42.79528431737871,43.19962249999996,43.28399999999992,57.859102105272974,85.24991908262831,67.12177281385138
2016-07-08T16:30:00Z,43.5,43.625,43.465,43.62,131156,273787.95,43.11052668947948,43.204244999999915,43.636849348036456,42.771640651963374,43.20537249999995,43.42999999999992,60.13944708881591,87.26591760299634,80.99823448487093
2016-07-08T17:30:00Z,43.61,43.645,43.49,43.575,179009,267059.1,43.13318392413902,43.22374499999991,43.68531114037435,42.762178859625465,43.208247499999956,43.55499999999992,58.85332057322216,82.58426966292143,85.0333687828487
2016-07-08T18:30:00Z,43.57,43.64,43.5,43.51,162029,249654.45,43.15156519613224,43.23874499999991,43.71675535756653,42.76073464243329,43.21749749999995,43.58099999999992,56.95849898887315,82.95880149812734,84.26966292134837
2016-07-08T19:30:00Z,43.51,43.64,43.455,43.57,353823,252756.4,43.17197664997945,43.27574499999991,43.735689977078835,42.81580002292098,43.22574749999995,43.55499999999992,58.293327489462165,81.0861423220975,82.20973782771544
2016-07-11T13:30:00Z,43.77,43.8899,43.62,43.84,209187,249986.65,43.2045631548585,43.31374499999991,43.825396152582954,42.80209384741687,43.24174749999995,43.62299999999992,63.74252790577748,84.94752349260581,82.9974891042769
2016-07-11T14:30:00Z,43.84,43.99,43.79,43.905,223248,249794.5,43.23873080584101,43.34399499999991,43.916712523687785,42.77127747631203,43.261872499999946,43.67999999999992,64.93045991726378,90.37016329629948,85.46794303700092
2016-07-11T15:30:00Z,43.9,43.935,43.77,43.79,119984,244211.8,43.26562198604389,43.37799999999991,43.97146777506425,42.78453222493557,43.276747499999956,43.722999999999914,61.11529642390327,90.24101438760765,88.51956705883765
2016-07-11T16:30:00Z,43.78,44.11,43.78,44.08,201818,245808.6,43.305347742822235,43.42624999999991,44.08017564564945,42.772324354350374,43.29637249999995,43.83699999999992,66.46625483166623,91.02909482758604,90.54675750383105
2016-07-11T17:30:00Z,44.08,44.08,43.935,43.99,146036,239023.7,43.33874541390408,43.472499999999904,44.14816633780321,42.7968336621966,43.31437249999995,43.920999999999914,63.5437526979088,90.3466235632183,90.53891092613732
2016-07-11T18:30:00Z,43.98,44.04,43.91,44.01,292545,210673.15,43.3714895400551,43.5154999999999,44.212715174850054,42.81828482514975,43.32612249999995,43.95499999999991,63.92337498430943,93.46907808398943,91.6149321582646
2016-07-11T19:30:00Z,44.01,44.05,43.97,44.04,581681,228266.5,43.40409980639388,43.55499999999991,44.27665781367589,42.833342186323925,43.343872499999954,43.981999999999914,64.52018625025485,92.4130577427821,92.0762531299966
2016-07-12T13:30:00Z,44.1,44.25,43.76,44.245,314143,231653.95,43.4451193280332,43.60624999999991,44.369832837705566,42.842667162294255,43.37349749999994,44.07299999999991,68.37069448302302,95.34758155230573,93.74323912635909
2016-07-12T14:30:00Z,44.25,44.27,43.93,43.94,214155,236139.9,43.46925984861695,43.63874999999991,44.401054893096344,42.876445106903475,43.39474749999995,44.044999999999916,58.24298944064593,84.63892013498278,90.79985314335687
2016-07-12T15:30:00Z,43.94,44.11,43.92,44.085,198725,238233.85,43.499295953562466,43.68399999999991,44.4394177652385,42.92858223476132,43.41687249999995,44.063999999999915,61.18656998209285,78.90972830850093,86.29874333192981
2016-07-12T16:30:00Z,44.09,44.1,44.01,44.08,145517,238167.95,43.527622980217956,43.73499999999991,44.45175658353525,43.018243416464564,43.44362249999995,44.07799999999991,61.0268151822645,71.3292433537828,78.29263059908884
2016-07-12T17:30:00Z,44.0811,44.145,43.97,44.01,106170,235528,43.551153566548784,43.790999999999904,44.40215955367014,43.17984044632967,43.46937249999995,44.07199999999991,58.71547891457047,74.02862985685032,74.75586717304468
2016-07-12T18:30:00Z,44.005,44.02,43.76,43.76,135740,229248.35,43.56134119744884,43.831499999999906,44.306569468646934,43.35643053135288,43.483622499999946,43.97499999999991,51.24992082827569,60.73619631901797,68.69802317655036
2016-07-12T19:30:00Z,43.7634,43.794,43.57,43.64,806841,245486.7,43.565178212207435,43.844499999999904,44.28219738409216,43.40680261590765,43.49124749999994,43.914999999999914,48.089220445641644,38.50715746421239,57.7573278800269
2016-07-13T13:30:00Z,43.91,43.97,43.26,43.83,240326,247357.4,43.57809634819731,43.8509999999999,44.28375397172438,43.41824602827542,43.507747499999944,43.86399999999991,53.028685143758736,34.61965214926377,44.621001977498054
2016-07-13T14:30:00Z,43.85,44.29,43.81,44.25,193653,247789.3,43.61087213609013,43.888499999999894,44.323069902369305,43.45393009763048,43.53612249999994,43.89799999999991,61.703525699186436,54.184049472908335,42.43695302879484
2016-07-13T15:30:00Z,44.255,44.255,43.9,44.05,445389,263500.95,43.632293007500365,43.9099999999999,44.33166337289613,43.48833662710366,43.55712249999995,43.905999999999906,56.36519823182889,76.41705918164614,55.07358693460609
2016-07-13T16:30:00Z,44.04,44.17,44.03,44.04,275450,268323,43.65218115347596,43.9332499999999,44.32894274701703,43.53755725298277,43.57849749999994,43.96199999999991,56.10383621259901,82.84789644012936,71.14966836489462
2016-07-13T17:30:00Z,44.04,44.085,43.94,44,110603,265751.7,43.66914792647713,43.9577499999999,44.3030538517635,43.612446148236295,43.59824749999994,44.03399999999991,55.005135635421276,74.75728155339799,78.00741239172451
2016-07-13T18:30:00Z,43.995,44.25,43.96,44.235,587550,277438.05,43.69675046664898,43.99099999999989,44.30741112503503,43.674588874964755,43.633372499999936,44.11499999999991,59.965501818788105,80.74433656957929,79.44983818770221
2016-07-13T19:30:00Z,44.225,44.255,44.19,44.22,258548,279906.1,43.722274834129514,44.00999999999989,44.333419232645596,43.68658076735419,43.66187249999994,44.10899999999991,59.51449652947599,86.56957928802586,80.69039913700105
2016-07-14T13:30:00Z,44.5,44.6,44.2,44.535,330827,285285.05,43.76191996417198,44.04149999999989,44.433355840896645,43.64964415910314,43.69274749999994,44.205999999999904,65.39972921816235,94.33777713374855,87.2172309971179
2016-07-14T14:30:00Z,44.535,44.545,44.3,44.46,412274,299899.55,43.795972648846515,44.07499999999989,44.48905313674148,43.660946863258296,43.72649999999994,44.2899999999999,63.04965174715742,92.63512534415283,91.1808272553091
2016-07-14T15:30:00Z,44.4511,44.5,44.23,44.29,405917,310104.5,43.820071544024735,44.0854999999999,44.510045639527725,43.66095436047207,43.75587499999993,44.3479999999999,57.96518085321272,87.18905472636794,91.38731906808978
2016-07-14T16:30:00Z,44.28,44.33,44.19,44.22,153759,310490.65,43.83958024919426,44.096999999999895,44.523032862632434,43.670967137367356,43.78474999999993,44.3449999999999,55.96391420579025,79.35323383084562,86.39247130045548
2016-07-14T17:30:00Z,44.22,44.2799,44.19,44.23,147428,303234.8,43.85862511508723,44.10799999999989,44.53583641738858,43.6801635826112,43.81174999999994,44.3469999999999,56.196579939359275,73.63184079601966,80.05804311774442
2016-07-14T18:30:00Z,44.22,44.225,43.99,44,353034,291802.45,43.86552145093663,44.105999999999895,44.53546012625412,43.67653987374567,43.83049999999994,44.23999999999991,49.693278476643584,66.417910447761,73.13432835820878
2016-07-14T19:30:00Z,44,44.13,43.97,44.02,474094,299800,43.873056989915334,44.0947499999999,44.520830684896694,43.6686693151031,43.85049999999994,44.1519999999999,50.23260988179741,61.44278606965165,67.16417910447744
2016-07-15T13:30:00Z,44.34,44.93,44.115,44.52,1047170,341450.75,43.90461518552922,44.123749999999895,44.58152587315461,43.66597412684518,43.88124999999994,44.1979999999999,61.37986965155773,58.444385216773355,62.10169391139534
2016-07-15T14:30:00Z,44.53,44.545,44.1971,44.21,126010,337815,43.9195120057473,44.129999999999896,44.58890086080029,43.671099139199505,43.90699999999994,44.1959999999999,53.39448196494723,50.06878747731536,56.65198625458012
2016-07-15T15:30:00Z,44.21,44.3999,44.16,44.3999,220831,341580.7,43.94294556644255,44.1459949999999,44.61889651399765,43.67309348600215,43.940497499999935,44.229979999999905,57.078274558575046,46.64816332534797,51.72044533981224
2016-07-15T16:30:00Z,44.3915,44.44,44.33,44.37,239223,348233.35,43.96377749003072,44.1639949999999,44.642196382203075,43.685793617796726,43.977497499999934,44.3039799999999,56.32339517615683,39.99532542250996,45.57075874172443
2016-07-15T17:30:00Z,44.37,44.39,44.2,44.2,164502,349671.45,43.975300539297514,44.1859949999999,44.626854889239276,43.74513511076052,44.008747499999934,44.3399799999999,52.104089810635735,38.21038564337541,41.61795813041112
2016-07-15T18:30:00Z,44.21,44.43,44.16,44.4192,354294,327044.1,43.9969541715269,44.2249549999999,44.598506498375734,43.85140350162407,44.03472749999994,44.3198199999999,56.61691842973216,38.32275938074893,38.842823482211436
2016-07-15T19:30:00Z,44.42,44.47,44.38,44.4,481761,339115.85,44.01661494364754,44.2534549999999,44.58695459811017,43.91995540188964,44.05222749999994,44.357819999999904,56.118149816079445,38.77520045819002,38.43611516077146
2016-07-18T13:30:00Z,44.64,44.7,44,44.55,647899,361828.15,44.04263372688425,44.268454999999896,44.62609641530755,43.91081358469224,44.07847749999994,44.387839999999905,59.1461804781438,50.66666666666638,42.58820883520178
2016-07-18T14:30:00Z,44.559,44.625,44.43,44.48,208379,349977.65,44.063968667036235,44.2899549999999,44.64416414999755,43.93574585000225,44.099977499999945,44.4098399999999,57.16379611196207,52.77777777777751,47.40654830087798
2016-07-18T15:30:00Z,44.47,44.555,44.43,44.43,149640,343687.15,44.081823854010075,44.30945499999991,44.64911680523993,43.96979319475989,44.12135249999994,44.4558399999999,55.72703764584326,53.81944444444421,52.42129629629604
2016-07-18T16:30:00Z,44.44,44.535,44.43,44.43,103276,343320.8,44.09880805625349,44.3309549999999,44.642844214208225,44.01906578579158,44.14435249999994,44.457999999999906,55.72703764584326,49.65277777777764,52.08333333333312
2016-07-18T17:30:00Z,44.435,44.445,44.32,44.405,141634,321025,44.11374424863137,44.33945499999991,44.64968224241754,44.02922775758228,44.16522749999994,44.458999999999904,54.926495929031,47.04861111111112,50.173611111111
2016-07-18T18:30:00Z,44.395,44.46,44.37,44.38,124437,314319.45,44.12673233406399,44.347454999999904,44.65316699181439,44.04174300818542,44.17872749999994,44.42499999999991,54.0897043483579,45.31250000000011,47.33796296296297
2016-07-18T19:30:00Z,44.38,44.41,44.34,44.37,284053,311980.75,44.1385990494755,44.33920499999991,44.63289633786824,44.045513662131576,44.19035249999994,44.402999999999906,53.73704623993315,42.60192652329749,44.98767921146958
2016-07-19T13:30:00Z,44.31,44.56,44.18,44.31,179176,300325.85,44.146960071452305,44.33170499999991,44.62029103905722,44.04311896094259,44.203352499999944,44.378999999999905,51.56470648597093,42.259664618535574,43.3913637139444
2016-07-19T14:30:00Z,44.33,44.4444,44.16,44.405,116880,285874,44.15954738504,44.337454999999906,44.627068918759235,44.04784108124058,44.21147749999994,44.37399999999991,54.68807689811012,47.30926779313861,44.0569529783239
2016-07-19T15:30:00Z,44.4035,44.45,44.21,44.21,113708,283871.45,44.162008488208784,44.33695499999991,44.627411609389895,44.046498390609926,44.21697749999994,44.33499999999991,47.865068164501416,44.04761904761898,44.538850486431066
2016-07-19T16:30:00Z,44.21,44.29,44.16,44.2,113468,282173.45,44.16386173268641,44.33545499999992,44.62840465767947,44.04250534232037,44.22172749999994,44.29899999999991,47.53752397102759,38.80952380952379,43.388803550093805
2016-07-19T17:30:00Z,44.2,44.4,44.13,44.38,125034,270773.45,44.174405062799266,44.354454999999916,44.60398724628355,44.10492275371628,44.23022749999994,44.30099999999991,53.68166719127974,37.61904761904768,40.158730158730165
2016-07-19T18:30:00Z,44.39,44.41,44.28,44.355,114566,252797.05,44.18321457193101,44.37120499999991,44.56811137860849,44.17429862139133,44.23297749999994,44.3099999999999,52.75750335721996,44.52380952380937,40.317460317460295
2016-07-19T19:30:00Z,44.35,44.41,44.341,44.38,328281,216852.6,44.19281386110511,44.36420499999991,44.5490389847987,44.17937101520113,44.243977499999936,44.30499999999991,53.61743206266221,53.09523809523788,45.07936507936498
2016-07-20T13:30:00Z,44.29,44.31,43.85,43.9,303334,225718.8,44.17853025812437,44.34870499999991,44.616182142829835,44.081227857169985,44.23935249999994,44.2429999999999,38.955669300017696,37.150537634408224,44.92319508448517
2016-07-20T14:30:00Z,43.9,44,43.84,43.89,168107,223082.6,44.16445561138659,44.32320999999991,44.65562827813119,43.99079172186863,44.234602499999944,44.180999999999905,38.71812862725356,22.56059054446123,37.602122091369125
2016-07-20T15:30:00Z,43.89,44.1,43.89,44.08,115439,216893.4,44.160335825465296,44.30870999999991,44.65663710678639,43.960782893213434,44.23635249999994,44.1209999999999,45.5160227895226,15.576463560333977,25.09586391306782
2016-07-20T16:30:00Z,44.08,44.19,44.04,44.18,105542,213945.4,44.16129505349138,44.30770999999991,44.6569934832004,43.95842651679941,44.246852499999946,44.085999999999906,48.739023052949456,29.16666666666609,22.43457359048711
2016-07-20T17:30:00Z,44.19,44.465,44.18,44.415,180823,205271.85,44.17367090454058,44.307499999999905,44.6565200567842,43.95847994321561,44.26622749999994,44.092999999999904,55.41390409077002,53.472222222221625,32.73845081640724
2016-07-20T18:30:00Z,44.41,44.49,44.4,44.435,192788,190823.2,44.186418665294696,44.309249999999906,44.66045186508238,43.95804813491743,44.28135249999994,44.1999999999999,55.93974033837479,69.907407407407,50.84876543209825
2016-07-20T19:30:00Z,44.44,44.56,44.435,44.54,347179,175787.2,44.20366653528032,44.308749999999904,44.658605327298034,43.958894672701774,44.28860249999994,44.329999999999906,58.69401973995014,86.57407407407368,69.98456790123412
2016-07-21T13:30:00Z,44.65,44.75,43.96,44.56,855022,208119.35,44.22104865551055,44.3127499999999,44.67204757867021,43.953452421329594,44.301352499999936,44.42599999999991,59.216976452617324,86.3273300773299,80.93627051960354
2016-07-21T14:30:00Z,44.55,44.7,44.5,44.61,386719,219973.3,44.24002189182711,44.32174999999991,44.70081826566756,43.94268173433226,44.31560249999994,44.5119999999999,60.561288882729116,86.98616198616178,86.6291887125218
2016-07-21T15:30:00Z,44.61,44.74,44.52,44.73,349388,232278.9,44.2639232629575,44.3367499999999,44.75362258249978,43.919877417500025,44.333852499999935,44.5749999999999,63.65750625910665,87.179487179487,86.83099308099291
2016-07-21T16:30:00Z,44.72,44.88,44.72,44.81,201387,235266.55,44.290561152569325,44.3569999999999,44.821762304882625,43.892237695117174,44.348227499999936,44.649999999999906,65.59661992833921,91.89560439560415,88.68708452041766
2016-07-21T17:30:00Z,44.8063,44.86,44.72,44.79,234786,240784,44.3149240231757,44.3774999999999,44.87921206886227,43.87578793113752,44.36247749999993,44.6999999999999,64.66765282787179,94.13919413919382,91.07142857142833
2016-07-21T18:30:00Z,44.79,44.82,44.53,44.55,337052,243433.95,44.326391143996396,44.38649999999989,44.89377803031803,43.87922196968175,44.36285249999993,44.69799999999991,54.66346262932388,84.29487179487141,90.1098901098898
2016-07-21T19:30:00Z,44.55,44.69,44.51,44.68,339536,251451.95,44.34364035648438,44.404999999999895,44.926555366228804,43.883444633770985,44.368352499999936,44.71199999999991,58.41610201582677,80.12820512820467,86.1874236874233
2016-07-22T13:30:00Z,44.93,45.455,44.8282,45.43,494748,270345.35,44.39663350982661,44.45624999999989,45.143009601348055,43.769490398651726,44.39685249999993,44.851999999999904,72.53864793699391,82.49682464078717,82.30663385462108
2016-07-22T14:30:00Z,45.43,45.555,45.17,45.24,288499,279084.9,44.43777333861555,44.507749999999895,45.263894662112705,43.751605337887085,44.42235249999993,44.93799999999991,66.38756530290334,86.76744141140416,83.13082372679867
2016-07-22T15:30:00Z,45.25,45.43,45.21,45.3349,153208,281071.9,44.48153561478065,44.564494999999894,45.38715421373475,43.741835786265035,44.44997499999993,45.04697999999991,67.85381791942724,88.57790680807649,85.94739095342261
2016-07-22T16:30:00Z,45.34,45.51,45.26,45.45,447343,297187.35,44.5287777799133,44.617994999999894,45.520954202811545,43.71503579718824,44.48622499999993,45.22697999999991,69.58668927268499,86.89954531333841,87.41496451093968
2016-07-22T17:30:00Z,45.45,45.4651,45.375,45.425,125247,297721.4,44.5724959369907,44.671494999999894,45.63082000329309,43.7121699967067,44.521349999999934,45.37597999999991,68.7201851933558,90.48902821316604,88.65549344486033
2016-07-22T18:30:00Z,45.42,45.45,45.38,45.41,203815,291498.1,44.61334979372286,44.7229949999999,45.72388436548627,43.722105634513525,44.543599999999934,45.371979999999915,68.1716754599083,92.05851619644712,89.81569657431719
2016-07-22T19:30:00Z,45.42,45.49,45.39,45.44,352357,293949.25,44.653674194029065,44.799994999999896,45.7723213865306,43.82766861346919,44.57434999999994,45.411979999999915,68.70960542386695,91.84952978056405,91.46569139672573
2016-07-25T13:30:00Z,45.5,45.64,45.02,45.2475,768903,323989.05,44.68264130651545,44.86786999999989,45.763093159019526,43.972646840980254,44.595539999999936,45.394499999999915,61.52418787036075,83.08974499990823,88.99926365897313
2016-07-25T14:30:00Z,45.245,45.28,44.9,45.19,409503,338692.25,44.70739051107567,44.92336999999989,45.751445615172564,44.09529438482722,44.61603999999994,45.342499999999916,59.52187047336454,72.84571174702542,82.5949955091659
2016-07-25T15:30:00Z,45.2,45.37,45.07,45.11,560657,361448,44.72702999834027,44.969869999999894,45.72717217512139,44.2125678248784,44.63878999999994,45.27949999999991,56.75433682379986,59.614837240594056,71.85009799584257
2016-07-25T16:30:00Z,45.11,45.3,45.04,45.2942,226436,363728.65,44.75469682768953,45.01382999999989,45.73856340232327,44.28909659767651,44.660664999999945,45.256339999999916,61.224820180330056,60.890855457226934,64.45046814828214
2016-07-25T17:30:00Z,45.29,45.29,45.03,45.09,311762,369677.35,44.77105307999736,45.0465799999999,45.721190846668186,44.37196915333161,44.67791499999994,45.18633999999992,54.49891731814405,57.941002949852475,59.48223188255781
2016-07-25T18:30:00Z,45.09,45.1699,44.98,45,353050,369970.9,44.78222122243651,45.069579999999895,45.70368809365874,44.43547190634105,44.689164999999946,45.13683999999992,51.79802228782038,54.69616519174041,57.842674532939945
2016-07-25T19:30:00Z,45,45.05,44.875,45.03,848193,369629.45,44.794307992073755,45.093079999999894,45.68321814860862,44.50294185139117,44.70291499999995,45.104839999999925,52.640560894230575,39.849534993070556,50.82890104488781
2016-07-26T13:30:00Z,45,45.1,44.43,44.94,620797,381333.35,44.80141491928967,45.109579999999895,45.66201775616929,44.5571422438305,44.71566499999995,45.070839999999926,49.82675892557091,36.78997722715701,43.77855913732265
2016-07-26T14:30:00Z,44.955,45.02,44.5,44.75,181870,372957.45,44.798906874446274,45.1105799999999,45.660331611584034,44.560828388415764,44.72366499999995,44.96199999999992,44.42764946307901,31.151126938266476,35.93021305283134
2016-07-26T15:30:00Z,44.76,44.88,44.63,44.84,152016,370488.9,44.800911417156215,45.1120799999999,45.658697667514375,44.565462332485424,44.734539999999946,44.91199999999993,47.338540679421115,34.159779614325046,34.03362792658284
2016-07-26T16:30:00Z,44.85,45,44.7,44.71,403368,378918,44.7964767138803,45.1080799999999,45.665137837605094,44.55102216239471,44.74278999999994,44.85399999999993,43.7719852377857,27.823691460055162,31.044866004215553
2016-07-26T17:30:00Z,44.705,44.84,44.65,44.735,228421,373486.45,44.79347784978858,45.1173299999999,45.64222833724034,44.592431662759466,44.75191499999995,44.79499999999992,44.635846731240086,27.410468319559282,29.79797979797982
2016-07-26T18:30:00Z,44.74,45.025,44.735,44.97,822410,397630.15,44.80208868638426,45.1318299999999,45.62251012435575,44.641149875644054,44.76841499999995,44.80099999999993,52.08750142872744,30.99173553719001,28.741965105601476
2016-07-26T19:30:00Z,44.965,45.02,44.9,44.98,521877,398986.6,44.81076728704844,45.1093299999999,45.58427355921384,44.63438644078596,44.78278999999994,44.84699999999992,52.381211758180655,38.42975206611551,32.277318640954924
2016-07-27T13:30:00Z,45.85,45.87,44.29,44.81,1852152,477169.25,44.81072985841193,45.087829999999904,45.57591518153853,44.59974481846128,44.79778999999995,44.84099999999993,47.09571948906914,40.99801234438739,36.8064999825643
2016-07-27T14:30:00Z,44.82,45.84,44.57,45.79,1381526,538585.15,44.85849913361135,45.1105849999999,45.67852496966129,44.54264503033851,44.83753999999995,45.056999999999924,67.4721208492725,57.767548906789386,45.73177110576409
2016-07-27T15:30:00Z,45.82,45.94,45.57,45.76,739110,553173.5,44.90247478563031,45.126084999999904,45.74487597370424,44.50729402629557,44.87203999999995,45.26199999999993,66.62613873510438,72.31300345224402,57.02618823447359
2016-07-27T16:30:00Z,45.755,45.755,45.44,45.45,234263,558624.3,44.929183332672736,45.1273349999999,45.74863216652973,44.506037833470074,44.89941499999995,45.35799999999993,58.46817978107591,84.77688275156638,71.61914503686658
2016-07-27T17:30:00Z,45.45,45.8806,45.14,45.7,422698,569568.45,44.96678414571309,45.1418349999999,45.80121221308729,44.48245778691251,44.93241499999995,45.50199999999993,62.46019245211115,81.61616161616176,79.56868260665738
2016-07-27T18:30:00Z,45.7,45.94,45.63,45.68,529763,578438.75,45.00157516299538,45.153834999999894,45.84256292098229,44.4651070790175,44.97691499999995,45.67599999999993,61.947204308747466,80.00000000000017,82.13101478924277
2016-07-27T19:30:00Z,45.68,45.755,45.56,45.63,606042,570295.7,45.032230033093164,45.1729599999999,45.89162200792868,44.45429799207111,45.02041499999994,45.643999999999934,60.60705893636423,83.63636363636381,81.75084175084191
2016-07-28T13:30:00Z,45.61,45.94,45.411,45.88,501377,574889.4,45.073584665625205,45.2074599999999,45.98953232506987,44.42538767492993,45.06541499999995,45.667999999999935,64.71712543123047,87.27272727272744,83.6363636363638
2016-07-28T14:30:00Z,45.89,46.21,45.88,45.95,660020,579857.55,45.11633663315568,45.2494599999999,46.09382636695092,44.40509363304888,45.10966499999995,45.76799999999993,65.7933038689428,88.01136363636381,86.30681818181836
2016-07-28T15:30:00Z,45.96,46.12,45.91,45.975,205598,578815.65,45.15822265105053,45.283499999999904,46.18527657989043,44.38172342010938,45.14866499999995,45.82299999999994,66.18994058300623,90.19412878787891,88.49273989899005
2016-07-28T16:30:00Z,45.98,46.1,45.91,45.975,192571,572856.1,45.19806544856026,45.32774999999991,46.27300909148544,44.38249090851438,45.18716499999995,45.881999999999934,66.18994058300623,87.32638888888891,88.5106271043772
2016-07-28T17:30:00Z,45.97,46.08,45.95,46.05,195619,564984.55,45.23962323155732,45.380249999999904,46.36276450372944,44.39773549627037,45.22491499999995,45.96599999999993,67.5010581145215,89.06249999999993,88.8610058922559
2016-07-28T18:30:00Z,46.05,46.175,45.975,46.16,349288,540039.3,45.284519659286225,45.436749999999904,46.461265861290904,44.412234138708904,45.26491499999995,46.02199999999992,69.3767564136519,92.27430555555539,89.55439814814808
2016-07-28T19:30:00Z,46.16,46.25,46.11,46.22,585676,538283.25,45.330152846638114,45.500749999999904,46.5526971232132,44.44880287678661,45.305164999999946,46.07599999999992,70.38092918705617,95.84396258503382,92.39358938019637
2016-07-29T13:30:00Z,46.23,46.96,46.12,46.58,912924,574835.95,45.39112100046064,45.59224999999991,46.684648622315976,44.49985137768384,45.35141499999995,46.196999999999925,75.55943460810141,93.32187983282557,93.81338265780492
2016-07-29T14:30:00Z,46.585,46.8,46.52,46.73,360453,585257.8,45.45643217116988,45.686749999999904,46.82838599717149,44.54511400282832,45.399414999999955,46.34799999999992,77.33737296103513,89.97748117592691,93.04777453126208
2016-07-29T15:30:00Z,46.72,46.88,46.62,46.67,384655,584322.15,45.51563060184452,45.7847499999999,46.9105673697527,44.65893263024711,45.44641499999996,46.47199999999992,74.98752824802843,85.17632994620429,89.49189698498559
2016-07-29T16:30:00Z,46.67,46.67,46.22,46.28,160738,580938,45.552916913949666,45.8619999999999,46.89749698214848,44.82650301785132,45.48966499999995,46.495999999999924,61.83567651358845,78.02197802197793,84.39192971470304
2016-07-29T17:30:00Z,46.28,46.335,46.19,46.31,404926,560063.8,45.589847796196025,45.9289999999999,46.89611219620023,44.96188780379958,45.530414999999955,46.51399999999993,62.38222947230819,68.24691340507997,77.14840712442071
2016-07-29T18:30:00Z,46.3101,46.4,46.165,46.4,274092,547674.55,45.62936741589378,45.9999999999999,46.88283067461407,45.11716932538573,45.55466499999995,46.47799999999993,64.04575984409911,61.507483263454795,69.25879156350422
2016-07-29T19:30:00Z,46.41,46.42,46.31,46.34,303498,470241.85,45.66403241999652,46.07649999999991,46.780688185101816,45.372311814898005,45.582164999999954,46.399999999999935,62.07493785471625,60.61975468043897,63.4580504496579
2016-08-01T13:30:00Z,46.54,46.88,46.5,46.83,367001,419515.6,45.72090888731377,46.1284999999999,46.89152096959213,45.36547903040768,45.61954249999995,46.431999999999924,70.15270760551446,70.59492783077879,64.24072192489085
2016-08-01T14:30:00Z,46.83,47.125,46.82,46.91,505233,407821.75,45.77891333183505,46.18599999999991,47.00084108882649,45.371158911173325,45.65604249999995,46.55799999999992,71.23011962262186,76.74722220008292,69.32063490376687
2016-08-01T15:30:00Z,46.92,47,46.91,47,314040,411810.6,45.83847853516017,46.2634999999999,47.07843619384678,45.448563806153025,45.69541749999995,46.69599999999993,72.43560659291697,86.65980795610407,78.00065266232191
2016-08-01T16:30:00Z,46.99,47.145,46.95,46.99,395432,410447.3,45.89465031393284,46.3279999999999,47.158381839902006,45.4976181600978,45.73491749999995,46.81399999999992,72.07424106892587,86.34858320275941,83.25187111964878
2016-08-01T17:30:00Z,46.99,47.27,46.9,47.185,326982,400308.25,45.95759420105807,46.4032499999999,47.257529082057026,45.548970917942775,45.77854249999995,46.982999999999926,74.72243146578934,90.05917209853355,87.68918775246567
2016-08-01T18:30:00Z,47.18,47.4,47.14,47.15,580857,399049,46.01576033759182,46.4792499999999,47.315092539022594,45.64340746097721,45.82610499999995,47.046999999999926,73.37742368273022,87.02857905932723,87.81211145354006
2016-08-01T19:30:00Z,47.16,47.17,47.03,47.07,412411,394600.7,46.06718666258734,46.538749999999894,47.364854563625755,45.71264543637403,45.87310499999995,47.07899999999993,70.26417111157677,82.75839949168436,86.61538354984837
2016-08-02T13:30:00Z,46.91,47.15,46.65,46.68,475429,385371.15,46.09707999611967,46.5752499999999,47.357416702208916,45.79308329779088,45.91235499999995,47.01499999999992,57.464210245922466,65.51310329901979,78.43336061667712
2016-08-02T14:30:00Z,46.68,46.75,46.4567,46.55,281675,389175,46.11917365484554,46.60399999999989,47.33649300340881,45.87150699659097,45.94374999999995,46.92699999999992,53.93704891841714,49.03108130904182,65.76752803324864
2016-08-02T15:30:00Z,46.55,46.59,46.32,46.48,166078,387850.35,46.13677493997503,46.62924999999989,47.30596467402789,45.952535325971894,45.97849999999995,46.78599999999992,52.08323885115585,32.79352226720635,49.112568958422635
2016-08-02T16:30:00Z,46.46,46.5,46.21,46.31,151271,385632.95,46.14522494290308,46.64224999999989,47.28298766085979,46.00151233913999,46.01124999999995,46.617999999999924,47.78759021483799,22.80701754385959,34.8772070400359
2016-08-02T17:30:00Z,46.311,46.51,46.28,46.46,112892,373813.15,46.16057982373707,46.6572499999999,47.265341070518616,46.04915892948118,46.04699999999995,46.495999999999924,51.582165308557535,20.37786774628884,25.326135852451582
2016-08-02T18:30:00Z,46.46,46.68,46.34,46.64,215815,355320.1,46.18396617379868,46.6782499999999,47.252560673802286,46.10393932619751,46.089499999999944,46.48799999999992,55.739120846832535,23.920661381961803,22.368515557370063
2016-08-02T19:30:00Z,46.635,46.81,46.58,46.81,466399,332993.85,46.21450440922313,46.689749999999904,47.26494105525054,46.11455894474927,46.14099999999995,46.53999999999993,59.29373428900224,36.81375384161772,27.03742765662277
2016-08-03T13:30:00Z,46.8,46.8534,46.48,46.8114,162547,323098.55,46.243621267309805,46.6938199999999,47.27124031696409,46.116399683035716,46.190284999999946,46.60627999999993,59.322706936658165,45.697478991596675,35.477298071725386
2016-08-03T14:30:00Z,46.8,46.88,46.6713,46.6999,195952,313663.4,46.26587876646543,46.695314999999894,47.272635705626854,46.117994294372934,46.24003249999995,46.68425999999993,55.909637578108736,47.37535014005602,43.29552765775679
2016-08-03T15:30:00Z,46.686,46.71,46.54,46.67,204881,315870.55,46.28559199736955,46.7148149999999,47.26016723217873,46.169462767821074,46.28840749999995,46.72625999999993,54.99587105477307,43.45378151260502,45.50887021475256
2016-08-03T16:30:00Z,46.67,46.7599,46.6,46.74,117959,301522.2,46.30775824140031,46.736314999999905,47.249064331681716,46.223565668318095,46.33265749999995,46.746259999999936,56.77691983231876,41.453781512605104,44.09430438842204
2016-08-03T17:30:00Z,46.74,46.78,46.7,46.74,152517,295443.45,46.32884320523444,46.7533149999999,47.242331397622976,46.264298602376826,46.37665749999995,46.73225999999993,56.77691983231876,42.57703081232506,42.49486461251171
2016-08-03T18:30:00Z,46.74,46.96,46.69,46.95,552582,307897.65,46.35914353668642,46.783814999999905,47.2409661534954,46.32666384650441,46.43015749999994,46.759979999999935,62.00815728180128,55.38632119514485,46.47237784002499
2016-08-03T19:30:00Z,46.96,47.23,46.925,47.2,893331,334214.15,46.40016092514074,46.8023149999999,47.29408075434396,46.31054924565584,46.46540749999995,46.859999999999935,67.111331649271,72.89332399626542,56.95222533457843
2016-08-04T13:30:00Z,47.23,47.28,46.85,47.09,204350,319170,46.43381161171924,46.81131499999991,47.31702526996023,46.30560473003958,46.49865749999995,46.94399999999993,63.0954104814799,85.46171583898384,71.24712034346469
2016-08-04T14:30:00Z,47.1,47.35,47.07,47.32,181267,312531.35,46.4770403135866,46.827314999999906,47.374444378797136,46.280185621202676,46.54540749999995,47.05999999999993,67.47760523018124,92.2234117454165,83.52615052688857
2016-08-04T15:30:00Z,47.32,47.35,47.22,47.2601,92200,297369.75,46.51523834707018,46.84081999999991,47.415961988071224,46.26567801192859,46.58440999999995,47.16401999999993,65.3027689887525,90.57514893151881,89.42009217197305
2016-08-04T16:30:00Z,47.27,47.32,47.24,47.305,81215,285081.4,46.55376330574968,46.84681999999991,47.438465963767705,46.25517403623211,46.62503499999995,47.23501999999993,66.18262379589797,95.09228288790497,92.63028118828008
2016-08-04T17:30:00Z,47.304,47.34,47.24,47.27,128241,262450.6,46.588701681078966,46.85281999999991,47.458900511518245,46.24673948848157,46.66603499999995,47.24901999999993,64.80313369640118,93.32921184395856,92.99888122112743
2016-08-04T18:30:00Z,47.28,47.31,47.22,47.3,156392,249649.65,46.623399160050724,46.86431999999991,47.4946890557459,46.23395094425391,46.70153499999994,47.291019999999925,65.46754941750304,94.04215800245811,94.15455091144054
2016-08-04T19:30:00Z,47.3,47.36,47.26,47.33,336960,242726.2,46.65786749370679,46.89681999999991,47.55234799058656,46.241292009413264,46.736034999999944,47.29301999999992,66.15557987266016,94.307663524973,93.89301112379654
2016-08-05T13:30:00Z,47.4,47.84,47.12,47.63,333053,245295.1,46.70528859157475,46.95081999999991,47.65899138211121,46.242648617888605,46.777409999999946,47.366999999999926,72.13460241412149,91.56331216676021,93.30437789806375
2016-08-05T14:30:00Z,47.63,47.715,47.39,47.53,260408,250011.6,46.74551841637598,47.00331999999991,47.71972582524321,46.28691417475661,46.81628499999995,47.41199999999993,67.83283886799276,85.5303030303029,90.46709290734536
2016-08-05T15:30:00Z,47.53,47.675,47.48,47.64,156694,250282.75,46.78915166435764,47.06981999999991,47.76298813720983,46.376651862789984,46.85603499999995,47.485999999999926,69.95533828462008,81.29032258064501,86.12797925923603
2016-08-05T16:30:00Z,47.635,47.7,47.55,47.62,265674,257921.85,46.82968085146214,47.12781999999991,47.80101357278848,46.45462642721134,46.892534999999945,47.549999999999926,69.06305526975497,80.29812637105736,82.37291732733506
2016-08-05T17:30:00Z,47.62,47.84,47.56,47.8,224847,258373.45,46.87701349285423,47.18581999999991,47.880445875161186,46.49119412483863,46.93203499999995,47.64399999999993,72.46686044183446,87.08742402992009,82.8919576605408
2016-08-05T18:30:00Z,47.8,47.855,47.7,47.79,464666,258286.8,46.92154942003207,47.2348199999999,47.95430569578833,46.51533430421147,46.96228499999995,47.675999999999924,71.992957433932,90.30788088542765,85.89781042880168
2016-08-05T19:30:00Z,47.78,47.87,47.75,47.78,312312,265775.05,46.96342505807929,47.2832499999999,48.01254085695875,46.553959143041055,46.98853499999995,47.72599999999993,71.48948364892527,93.74351600904254,90.37960697479673
2016-08-08T13:30:00Z,47.73,47.94,47.46,47.75,312232,271589.05,47.00179456744127,47.33575499999991,48.04027591661151,46.6312340833883,47.01553499999995,47.74799999999992,69.90993970180233,87.62324281230781,90.55821323559263
2016-08-08T14:30:00Z,47.76,48.11,47.75,48.02,511919,286940.95,47.051463125127064,47.4032549999999,48.09832119968455,46.708188800315256,47.05903499999995,47.827999999999925,75.21716708600601,86.74882701251893,89.37186194462306
2016-08-08T15:30:00Z,48.02,48.05,47.67,47.69,273329,294709.45,47.08261126536477,47.4507549999999,48.085227317712665,46.81628268228714,47.09353499999995,47.80599999999992,61.04517664081732,75.5485893416929,83.30688638883986
2016-08-08T16:30:00Z,47.695,47.71,47.48,47.61,159274,295047.3,47.10833754510307,47.494254999999896,48.04108530452363,46.947424695476165,47.123784999999955,47.76999999999992,58.1831615144491,65.99326599326606,76.09689411582593
2016-08-08T17:30:00Z,47.62,47.75,47.53,47.53,131215,273978.95,47.12890644534195,47.5232549999999,48.00974469356483,47.036765306434965,47.15353499999995,47.71999999999992,55.38668837379439,49.49494949494954,63.67893494330281
2016-08-08T18:30:00Z,47.53,47.675,47.49,47.52,824658,270545.3,47.14798417971551,47.5392549999999,48.00266797127408,47.07584202872572,47.17078499999995,47.67399999999992,55.030637075740934,43.77104377104401,53.08641975308652
2016-08-08T19:30:00Z,47.52,47.64,47.505,47.61,378028,279229.2,47.17052153680255,47.5652549999999,47.980805889714716,47.149704110285086,47.18828499999995,47.59199999999991,57.668190129197754,43.77104377104401,45.67901234567916
2016-08-09T13:30:00Z,47.84,48.01,47.55,47.73,160958,278213.75,47.19781316915365,47.5857549999999,47.9912173557661,47.180292644233695,47.20653499999995,47.59999999999992,60.9563875358339,45.7070707070707,44.41638608305288
2016-08-09T14:30:00Z,47.7,47.87,47.61,47.695,252900,286248.75,47.22206618529249,47.6074999999999,47.98655804310511,47.22844195689469,47.22415999999995,47.61699999999992,59.50456735433372,44.29033929033911,44.58948458948458
2016-08-09T15:30:00Z,47.7,47.7,47.53,47.55,105956,287485.8,47.238062956741636,47.619749999999904,47.97393180365648,47.26556819634333,47.23328499999995,47.62099999999992,53.7888528118844,32.40740740740702,40.80160580160558
2016-08-09T16:30:00Z,47.55,47.63,47.48,47.57,234908,292819.15,47.25425500763229,47.6347499999999,47.95188522359381,47.31761477640598,47.24378499999996,47.630999999999915,54.43892394076236,22.30769230769205,33.0018130018127
2016-08-09T17:30:00Z,47.57,47.61,47.482,47.52,159059,292952.5,47.26721817799169,47.6457499999999,47.92914504237386,47.36235495762594,47.25503499999996,47.61299999999992,52.45235424525996,13.333333333333202,22.682811016144058
2016-08-09T18:30:00Z,47.5125,47.605,47.46,47.56,277716,289990.3,47.281500218089654,47.657249999999905,47.90486815370149,47.40963184629832,47.27703499999996,47.578999999999915,53.90164128124269,13.84615384615398,16.495726495726377
2016-08-09T19:30:00Z,47.5611,47.7,47.55,47.65,345709,290623.1,47.29947581720723,47.6582499999999,47.905581255691146,47.41091874430866,47.30453499999996,47.569999999999915,57.072168875272936,17.948717948718002,15.042735042735027
2016-08-10T13:30:00Z,47.75,47.78,47.37,47.46,264987,290852.05,47.30730626514834,47.6547499999999,47.91105987113813,47.39844012886167,47.32903499999996,47.55199999999992,49.35476947630226,18.925848925849,16.906906906906958
2016-08-10T14:30:00Z,47.46,47.48,47.13,47.14,139875,290011.1,47.29914498392159,47.6297499999999,47.970550161448706,47.2889498385511,47.349784999999954,47.465999999999916,39.63409128351294,14.159962638223426,17.011509837596773
2016-08-10T15:30:00Z,47.14,47.34,47.11,47.24,130893,283272.05,47.29625986275469,47.610749999999896,47.99162104122449,47.2298789587753,47.369284999999955,47.40999999999992,43.386597336317166,9.231187709448696,14.105666424507007
2016-08-10T16:30:00Z,47.2328,47.33,47.2,47.33,165298,280294.6,47.297905723108116,47.5872499999999,47.97642187725293,47.198078122746864,47.38653499999996,47.36399999999991,46.60372162914585,13.325281803542618,12.238810717071544
2016-08-10T17:30:00Z,47.32,47.34,47.11,47.1185,139822,264052.4,47.28915422441992,47.5536749999999,47.98107344120456,47.12627655879524,47.39424749999996,47.257699999999915,40.74414384373374,13.27777777777772,11.944749096922976
2016-08-10T18:30:00Z,47.12,47.21,47.08,47.15,232843,260078.95,47.282366213472606,47.5221749999999,47.970557122240805,47.07379287775899,47.402712499999964,47.19569999999992,41.91550497213832,10.971923536439514,12.524994372586582
2016-08-10T19:30:00Z,47.15,47.29,47.14,47.2,308270,259880.85,47.27834834940077,47.4946749999999,47.951183518589076,47.03816648141073,47.41521499999996,47.20769999999992,43.81409436350888,7.124850657108763,10.458183990441963
2016-08-11T13:30:00Z,47.11,47.43,46.73,46.75,420968,255333.3,47.2525752591861,47.4311749999999,47.92915685463368,46.93319314536611,47.417214999999956,47.10969999999991,33.272921045280754,7.394831163931542,8.49720178582657
2016-08-11T14:30:00Z,46.76,46.98,46.695,46.71,453082,264320.95,47.22610817337215,47.3821749999999,47.95576241927051,46.80858758072928,47.41646499999996,46.98569999999991,32.52387324063676,5.346700083542403,6.622127301527534
2016-08-11T15:30:00Z,46.72,46.86,46.72,46.8,203568,266535.65,47.20532240881741,47.341674999999896,47.95799166174635,46.72535833825344,47.41796499999996,46.92199999999991,36.014225338884856,4.271431266337839,5.670987504603893
2016-08-11T16:30:00Z,46.79,46.88,46.78,46.87,199295,269939.65,47.18896521814339,47.308674999999894,47.95124206073725,46.66610793926254,47.41596499999996,46.86599999999991,38.671413234087765,9.062980030721734,6.22703712686729
2016-08-11T17:30:00Z,46.87,47.12,46.835,47.06,276477,242530.6,47.18267423189249,47.2856749999999,47.929268526648315,46.64208147335148,47.412464999999955,46.8379999999999,45.31015492073341,19.81566820276478,11.050026499941415
2016-08-11T18:30:00Z,47.05,47.06,46.8,46.89,314215,239339.95,47.16839744009286,47.2496749999999,47.89721112064779,46.602138879352005,47.40746499999996,46.8659999999999,41.030492196700905,22.58064516129023,17.15309779825888
2016-08-11T19:30:00Z,46.89,46.95,46.82,46.83,353766,248980.35,47.151890247893206,47.204674999999895,47.83735661625329,46.5719933837465,47.39521499999996,46.8899999999999,39.60852467962265,21.35176651305677,21.249359959037225
2016-08-12T13:30:00Z,46.61,47.59,46.61,46.905,337735,253222.1,47.13984682116671,47.1651749999999,47.768434751304476,46.56191524869532,47.386337499999954,46.9109999999999,42.30037339214229,20.172262453368344,21.368224709238415
2016-08-12T14:30:00Z,46.905,47.27,46.905,47.1903,230528,259450.7,47.1423079518415,47.147189999999895,47.72436994043843,46.57001005956136,47.38346999999995,46.9750599999999,51.20950586960645,33.91957428132529,25.1478677492501
2016-08-12T15:30:00Z,47.21,47.29,47.03,47.05,157230,255566.8,47.1378051249224,47.1211899999999,47.66577075952479,46.57660924047501,47.377969999999955,46.9730599999999,47.33855224229813,44.73809523809501,32.94331065759618
2016-08-12T16:30:00Z,47.06,47.1,46.83,46.88,191281,257177.9,47.12522926517009,47.0891899999999,47.61101070066521,46.567369299334594,47.367469999999955,46.971059999999895,43.08840714476895,43.88775510204065,40.84847487382029
2016-08-12T17:30:00Z,46.88,46.9299,46.85,46.86,126376,249610.9,47.11229125223497,47.0541899999999,47.537480847878626,46.57089915212117,47.355719999999955,46.977059999999895,42.60378558274752,32.65306122448963,40.426303854875066
2016-08-12T18:30:00Z,46.86,46.93,46.83,46.87,164461,240548.5,47.10047216676009,47.0151899999999,47.419260938875496,46.6111190611243,47.33671999999996,46.9700599999999,42.949293503469164,26.530612244897828,34.35714285714267
2016-08-12T19:30:00Z,46.88,46.98,46.86,46.94,233771,238987.7,47.09264425618643,46.9891899999999,47.33865937439874,46.639720625601065,47.32196999999996,46.919999999999895,45.425829393862344,28.57142857142827,29.25170068027187
2016-08-15T13:30:00Z,47.13,47.41,47,47.25,345700,249278.95,47.10032014612856,46.99468999999989,47.356716910113434,46.63266308988635,47.312219999999954,46.959999999999894,54.78637680141017,41.83673469387721,32.31292517006773
2016-08-15T14:30:00Z,47.24,47.3,47.04,47.16,100810,247774.8,47.10323135851253,46.990689999999894,47.34343574929292,46.637944250706866,47.30071999999996,47.01599999999989,51.99790992927196,51.700680272108436,40.7029478458046
2016-08-15T15:30:00Z,47.16,47.21,47.14,47.155,78098,243414.8,47.105756658097285,46.981939999999895,47.30827818906713,46.65560181093266,47.28459499999995,47.074999999999896,51.8400505090279,59.01360544217655,50.85034013605403
2016-08-15T16:30:00Z,47.15,47.15,47.06,47.1,195209,246184.15,47.10547584550717,46.98101499999989,47.305901283408915,46.65612871659087,47.26734499999996,47.120999999999896,50.04042166537029,53.9115646258501,54.875283446711656
2016-08-15T17:30:00Z,47.11,47.11,46.825,46.835,121776,240630.8,47.092281901823895,46.96526499999989,47.28637516356938,46.644154836430396,47.24371999999996,47.099999999999895,42.402475262714894,42.8571428571428,51.92743764172311
2016-08-15T18:30:00Z,46.83,46.9,46.715,46.78,231406,236787.6,47.07704863832029,46.944264999999895,47.25602172750736,46.63250827249243,47.21946999999996,47.0059999999999,41.00359955546665,30.10204081632652,42.29024943310643
2016-08-15T19:30:00Z,46.79,46.89,46.74,46.75,370958,234287.1,47.06109504620711,46.944264999999895,47.25602172750736,46.63250827249243,47.18771999999996,46.9239999999999,40.22409712770152,18.197278911564617,30.3854875283446
2016-08-16T13:30:00Z,46.74,46.95,46.6712,46.8,215895,222427.75,47.048358702489686,46.948764999999895,47.24926078557153,46.64826921442826,47.16546999999996,46.852999999999895,42.196444800849804,16.35544309765045,21.551587608513824
2016-08-16T14:30:00Z,46.81,46.81,46.37,46.54,137686,219133.65,47.02356071700238,46.93576499999989,47.28016778330344,46.59136221669634,47.138719999999964,46.74099999999989,35.615549213146,16.021848121198357,16.858190043471097
2016-08-16T15:30:00Z,46.545,46.625,46.44,46.51,124370,215387.4,46.99850897470958,46.91776499999989,47.308542989587444,46.526987010412334,47.11321999999996,46.675999999999895,34.93846062362164,15.747122846473104,16.04147135510726
2016-08-16T16:30:00Z,46.5,46.61,46.48,46.5099,144967,208811.9,46.974674390577405,46.89025999999989,47.313232752840925,46.46728724715886,47.08796749999996,46.621979999999894,34.93607641965198,14.419871794871959,15.396280920847763
2016-08-16T17:30:00Z,46.51,46.65,46.48,46.5,363487,211275.5,46.951519542256555,46.87075999999989,47.32666076732441,46.41485923267537,47.06021749999996,46.5719799999999,34.68373682521752,13.137820512820703,14.434938384721876
2016-08-16T18:30:00Z,46.51,46.51,46.405,46.46,147223,200948.35,46.92754297921965,46.85225999999989,47.3420446359865,46.36247536401328,47.02846749999996,46.50397999999989,33.626900833907044,11.535256410256688,13.030982905983072
2016-08-16T19:30:00Z,46.47,46.49,46.24,46.24,254099,196766.55,46.894004297306495,46.81900999999989,47.37568126712985,46.262338732869935,46.99209249999996,46.4439799999999,28.485786115258605,7.051282051282187,10.57478632478648
2016-08-17T13:30:00Z,46.34,46.52,45.85,46.03,382043,204342.3,46.85185774621837,46.76099499999989,47.388176028053216,46.13381397194656,46.95409249999996,46.34797999999989,24.616906432923855,7.022546419098201,8.53636162687898
2016-08-17T14:30:00Z,46.03,46.14,45.78,45.79,249450,208953.3,46.80005980737845,46.69799499999989,47.43917076994114,45.95681923005864,46.90959249999997,46.203999999999894,21.09127799109031,4.3710312675828895,6.148286579321046
2016-08-17T15:30:00Z,45.8,47.06,45.67,45.99,1663299,282554.2,46.76054469482341,46.65349499999989,47.4503932004928,45.85659679950699,46.87134249999996,46.1019999999999,30.078349085035356,11.578238474790117,7.65727205382369
2016-08-17T16:30:00Z,45.99,46.495,45.88,46.47,398025,296136.65,46.7463717828808,46.63399499999989,47.42881004889369,45.8391799511061,46.84409249999997,46.10399999999989,45.980041222762246,25.958825958825837,13.969365233732901
2016-08-17T17:30:00Z,46.47,46.51,46.14,46.36,225284,299177.8,46.727524378837835,46.60849499999989,47.40411107697952,45.812878923020264,46.81184249999996,46.12799999999989,43.5364912598779,42.272488315653646,26.60318424975649
2016-08-17T18:30:00Z,46.37,46.41,46.191,46.37,156314,295304.95,46.71008416523599,46.57999499999989,47.366857632199256,45.793132367800524,46.78459249999996,46.19599999999989,43.82874360400393,51.851851851851585,40.027722042110305
2016-08-17T19:30:00Z,46.355,46.39,46.3,46.38,203050,288172.45,46.693982498639116,46.53649499999989,47.2643700318234,45.80861996817638,46.76559249999996,46.31399999999989,44.14011225336822,50.359712230215614,48.16135079924023
2016-08-18T13:30:00Z,46.35,47.01,46.13,46.83,672410,316752.45,46.7006174987055,46.519994999999895,47.204239402204955,45.835750597794835,46.75534249999996,46.48199999999989,55.96841133304499,61.63069544364483,54.61408650857063
2016-08-18T14:30:00Z,46.83,46.95,46.51,46.587,723610,349028.05,46.69507518169547,46.49159499999989,47.11225257544097,45.87093742455881,46.736767499999964,46.505399999999895,49.832068735836096,66.8345323741006,59.608313349320305
2016-08-18T15:30:00Z,46.59,46.8366,46.4956,46.64,229459,350740.55,46.692388587466425,46.468594999999894,47.02848186888389,45.9087081311159,46.72480499999996,46.56139999999989,51.091586999311495,73.06954436450823,67.17825739408451
2016-08-18T16:30:00Z,46.62,46.68,46.49,46.5001,108351,350069.3,46.683008656370504,46.451849999999894,46.9863588531069,45.91734114689289,46.708557499999955,46.58741999999989,47.688167819410545,65.15827338129493,68.35411670663454
2016-08-18T17:30:00Z,46.51,46.735,46.51,46.68,140299,345513.95,46.682861892645114,46.44684999999989,46.970752389812205,45.92294761018758,46.69555749999996,46.64741999999988,52.10633600768936,67.38848920863296,68.538768984812
2016-08-18T18:30:00Z,46.67,46.99,46.67,46.97,228079,338370,46.696868629589254,46.45784999999989,47.01493788718942,45.900762112810355,46.701057499999955,46.67541999999989,58.230577430816425,75.30215827338112,69.28297362110295
2016-08-18T19:30:00Z,46.97,47.03,46.84,46.96,495339,352342.2,46.70970430619466,46.46584999999989,47.04646046671006,45.88523953328972,46.707307499999956,46.750019999999886,57.95537349911808,86.33093525179832,76.34052757793742
2016-08-19T13:30:00Z,46.8,46.85,46.21,46.5,344630,362689.4,46.6994748278437,46.46384999999989,47.04370007894592,45.88399992105386,46.699807499999956,46.72201999999989,46.96073533547668,82.0143884892084,81.21582733812924
2016-08-19T14:30:00Z,46.47,46.53,46.34,46.44,191768,366059.3,46.6868175191684,46.460349999999885,47.03988853543605,45.88081146456372,46.689057499999954,46.70999999999989,45.74180569187736,69.3045563549158,79.2166266986408
2016-08-19T15:30:00Z,46.44,46.46,46.32,46.38,92223,363422.1,46.67185081091628,46.45385499999988,47.033938061255064,45.8737719387447,46.67205749999995,46.649999999999885,44.49795434792721,52.86205817954311,68.0603343412224
2016-08-19T16:30:00Z,46.37,46.39,46.06,46.23,129988,351747.15,46.650297112822805,46.44035499999988,47.02803152493149,45.852678475068274,46.65555749999996,46.50199999999988,41.46242415348781,38.799905839559294,53.655506791339356
2016-08-19T17:30:00Z,46.23,46.28,46.11,46.28,151085,351940.25,46.63223383902657,46.43135499999989,47.0230519308287,45.83965806917108,46.641807499999956,46.365999999999886,42.861643131186526,27.894815478858234,39.8522598326535
2016-08-19T18:30:00Z,46.29,46.395,46.26,46.35,161070,347288.8,46.61846633468381,46.43685499999989,47.02335703576219,45.85035296423759,46.62793249999996,46.335999999999885,44.84918200063135,23.36769759450141,30.020806304306266
2016-08-19T19:30:00Z,46.35,46.41,46.25,46.27,293752,342874.25,46.601467976894355,46.44885499999989,47.01087862757575,45.88683137242403,46.60492499999996,46.30199999999989,43.007930722383364,24.742268041237025,25.334927038198845
2016-08-22T13:30:00Z,46.27,46.72,46.1,46.69,183618,339582.65,46.605786612167805,46.49385499999989,46.97612334641444,46.01158665358534,46.59592499999995,46.36399999999989,53.74450744057909,38.831615120274726,28.980526918671007
2016-08-22T14:30:00Z,46.69,46.73,46.35,46.36,158673,264351.35,46.59379702133035,46.512354999999886,46.94133427450266,46.08337572549711,46.58292499999995,46.38999999999989,46.35526659890814,39.17525773195851,34.24971363115671
2016-08-22T15:30:00Z,46.36,46.57,46.29,46.49,122551,250577.65,46.58873375199717,46.51335499999989,46.94202780990429,46.08468219009549,46.57367499999996,46.43199999999989,49.311825152400885,46.73539518900316,41.58075601374542
2016-08-22T16:30:00Z,46.52,46.53,46.27,46.3374,70306,242828.75,46.576473568972915,46.512224999999894,46.94262452549909,46.0818254745007,46.56035999999996,46.429479999999884,46.0999703507485,34.61855670103079,40.17640320733077
2016-08-22T17:30:00Z,46.32,46.48,46.28,46.4,66605,238343.3,46.56786510219375,46.513724999999894,46.942336772531235,46.085113227468554,46.54685999999996,46.45547999999988,47.60754241144545,35.99312714776615,39.11569301259999
2016-08-22T18:30:00Z,46.4,46.64,46.37,46.62,157542,236067.9,46.570408267940394,46.525724999999895,46.952122058562644,46.099327941437146,46.531109999999956,46.441479999999885,52.62278176384811,40.46048109965604,37.02405498281762
2016-08-22T19:30:00Z,46.625,46.74,46.605,46.71,360095,220452.15,46.577217620723786,46.519724999999895,46.9319691649693,46.107480835030486,46.51985999999995,46.51147999999988,54.53993767451532,58.35399538909877,44.93586787884027
2016-08-23T13:30:00Z,46.96,47.3,46.72,47.2582,278498,198196.55,46.610436273371405,46.55328499999989,47.076356732320455,46.03021326767932,46.52243999999995,46.66511999999989,64.07573430488173,78.87982401120298,59.23143349998588
2016-08-23T14:30:00Z,47.26,47.31,47.04,47.05,146554,194051.3,46.63187840637768,46.57378499999989,47.13926205272212,46.00830794727766,46.52118999999995,46.80763999999989,59.01282941908111,86.03583775690747,74.42321905240303
2016-08-23T15:30:00Z,47.0414,47.125,46.95,46.98,159886,196628.05,46.648859947529985,46.597779999999894,47.18886162418795,46.00669837581184,46.52481499999995,46.923639999999885,57.37146830645337,83.14301075268794,82.68622417359943
2016-08-23T16:30:00Z,46.98,46.995,46.87,46.9499,107718,194999,46.66354482813828,46.61127499999989,47.221270655355475,46.00127934464431,46.52906249999995,46.98961999999989,56.64192870089388,74.34655647382877,81.17513499447467
2016-08-23T17:30:00Z,46.95,47.02,46.87,46.9,104768,188833.45,46.67507922676568,46.6077749999999,47.21025437686865,46.00529562313115,46.532812499999956,47.027619999999885,55.384566491588,69.98512396694176,75.82489706448611
2016-08-23T18:30:00Z,46.91,46.91,46.81,46.865,161282,172130.6,46.68434365472833,46.603024999999896,47.19574044568357,46.01030955431622,46.53443749999995,46.94897999999989,54.4712074038467,66.52617079889782,70.28595041322275
2016-08-23T19:30:00Z,46.865,46.93,46.82,46.83,242132,167005.7,46.691448842302556,46.619524999999896,47.218192937634235,46.02085706236556,46.54168749999995,46.90497999999989,53.520691919113354,63.22314049586749,66.57814508723565
2016-08-24T13:30:00Z,46.66,47.05,46.66,46.74,153165,165075.55,46.69381719145853,46.6345249999999,47.22947062738926,46.03957937261053,46.54743749999996,46.85697999999989,51.05364127234128,56.24867556685717,61.999328953874134
2016-08-24T14:30:00Z,46.735,46.86,46.61,46.64,139296,167429.2,46.691191962606894,46.647524999999895,47.23090626431225,46.06414373568754,46.55068999999995,46.79499999999989,48.38488896041309,47.033269760542204,55.501695274422254
2016-08-24T15:30:00Z,46.64,46.7,46.5834,46.62,101270,165993.3,46.687719183943145,46.667024999999896,47.21847653871556,46.115573461284235,46.553689999999946,46.73899999999989,47.84619312993911,38.14102564102529,47.140990322808186
2016-08-24T16:30:00Z,46.625,46.66,46.5125,46.52,198870,168382.55,46.67953776033616,46.679024999999896,47.20617621127674,46.15187378872305,46.55518999999995,46.66999999999989,45.140051023715124,30.843913368184932,38.67273625658411
2016-08-24T17:30:00Z,46.53,46.58,46.39,46.455,95381,165098.1,46.66858469885635,46.68427499999989,47.20018594149275,46.16836405850704,46.560564999999954,46.59499999999989,43.42095315295363,21.999123406373783,30.32802080519463
2016-08-24T18:30:00Z,46.46,46.505,46.24,46.26,279113,164366.15,46.64865373793653,46.6837749999999,47.201307800458814,46.16624219954098,46.56631499999995,46.498999999999896,38.66378149675869,11.40422764792667,21.41575480749509
2016-08-24T19:30:00Z,46.26,46.27,46.09,46.21,349073,172638.9,46.62725599462255,46.6597749999999,47.21692937676709,46.1026206232327,46.57681499999995,46.41299999999989,37.52843100068086,6.915925881254577,13.439758978518306
2016-08-25T13:30:00Z,46.31,46.6,46.12,46.162,163207,172865.6,46.60456058025072,46.649874999999895,47.23435078183479,46.065399218165,46.58111499999995,46.32139999999989,36.42268963745079,5.8689545988454235,8.063036042675519
2016-08-25T14:30:00Z,46.18,46.3,46.13,46.23,78150,170645.55,46.58628933243361,46.6368749999999,47.246040773455306,46.02770922654449,46.57511499999995,46.26339999999989,39.15765271438788,9.75475832211352,7.513212934071134
2016-08-25T15:30:00Z,46.23,46.3,46.185,46.29,96881,171974.3,46.57183619426611,46.6345049999999,47.24866122601388,46.020348773985916,46.57336499999995,46.2303999999999,41.547020429063735,13.420514241967766,9.681409054308864
2016-08-25T16:30:00Z,46.29,46.31,46.235,46.26,109340,174111.05,46.556624672594594,46.6275049999999,47.255234360432375,45.999775639567424,46.57061499999995,46.23039999999989,40.68665353881165,17.356078904991413,13.51045048969086
2016-08-25T17:30:00Z,46.26,46.38,46.19,46.31,87183,170593.1,46.54459420076071,46.6120049999999,47.254837614255145,45.96917238574465,46.568864999999946,46.250399999999885,42.81224731022942,20.486111111110784,17.087568086023282
2016-08-25T18:30:00Z,46.32,46.38,46.24,46.33,125707,158873.7,46.534126190967505,46.5930049999999,47.24551900747485,45.94049099252495,46.55636499999994,46.28399999999989,43.6816528760543,21.87499999999965,19.905730005367243
2016-08-25T19:30:00Z,46.32,46.33,46.27,46.29,268957,158396.65,46.52221759628616,46.5445949999999,47.13303866421016,45.95615133578964,46.548939999999945,46.29599999999989,42.29668285224705,22.916666666666362,21.759259259258894
2016-08-26T13:30:00Z,46.42,46.49,45.95,46.35,268101,164474,46.51381673793074,46.5095949999999,47.05535368838807,45.96383631161173,46.541689999999946,46.30799999999989,45.108101396865905,29.929792429792116,24.907153032152667
2016-08-26T14:30:00Z,46.35,46.36,46.07,46.09,215407,167250.05,46.493142750714604,46.4650949999999,46.9950830809513,45.9351069190485,46.531437499999946,46.273999999999894,36.75186231522008,27.818681318681154,26.88838013837984
2016-08-26T15:30:00Z,46.09,46.13,45.45,45.65,260948,174911.55,46.4520138360456,46.4000999999999,46.99158859671833,45.808611403281475,46.50568749999995,46.14199999999989,27.475688064423565,26.38387874751496,28.044117498662704
2016-08-26T16:30:00Z,45.64,45.76,45.53,45.76,177784,178562.35,46.41825706355557,46.3430999999999,46.95041240729084,45.73578759270896,46.47543749999995,46.02799999999989,32.09040811441817,20.717371341876987,24.97331046935766
2016-08-26T17:30:00Z,45.76,45.85,45.65,45.82,166173,178806.9,46.38907379216262,46.29084999999991,46.88931379175908,45.692386208240734,46.44693749999995,45.93399999999989,34.53721377787373,25.219786800814102,24.10701229673531
2016-08-26T18:30:00Z,45.82,46.01,45.8,45.97,437588,188579.7,46.368631168154685,46.2478499999999,46.807506421430666,45.688193578569134,46.43368749999995,45.85799999999989,40.32588684387231,34.782608695651795,26.906588946114255
2016-08-26T19:30:00Z,45.9601,46.08,45.95,45.96,247403,193291.6,46.34869794043982,46.208849999999906,46.73350275187184,45.68419724812797,46.42168749999995,45.831999999999894,40.07148899129481,40.57971014492725,33.52736854713101
2016-08-29T13:30:00Z,46.64,47.18,46.5,46.87,629382,217795.9,46.374127309198855,46.2203499999999,46.79041781179844,45.65028218820135,46.43393749999995,46.075999999999894,62.96680921446233,57.21538074893161,44.192566529836846
2016-08-29T14:30:00Z,46.88,46.92,46.66,46.69,164592,220962,46.38953573314038,46.2238499999999,46.804451851571386,45.64324814842841,46.445437499999954,46.26199999999989,58.228083950235046,66.03501717349393,54.61003602245089
2016-08-29T15:30:00Z,46.7,46.85,46.64,46.706,209062,221471.6,46.404973014450604,46.233149999999895,46.83788573571321,45.62841426428658,46.45608749999995,46.43919999999989,58.52686214595262,75.45279383429657,66.23439725224067
2016-08-29T16:30:00Z,46.71,46.915,46.71,46.91,189318,226168.45,46.42960847716033,46.2558999999999,46.92329550496454,45.58850449503525,46.470087499999956,46.62719999999989,62.235723048888396,76.22350674373779,72.57043925050938
2016-08-29T17:30:00Z,46.91,46.935,46.77,46.9,154364,219931,46.452554405103726,46.2878999999999,47.01197897362537,45.563821026374434,46.48583749999995,46.81519999999989,61.94329269235682,80.2697495183043,77.31535003211285
2016-08-29T18:30:00Z,46.9,46.91,46.75,46.8,230441,213999.4,46.46950297070842,46.3173999999999,47.073736538881036,45.56106346111876,46.48858749999995,46.801199999999895,58.95981032588935,82.08092485549109,79.52472703917768
2016-08-29T19:30:00Z,46.8,46.805,46.65,46.74,641607,237919.4,46.482697947747035,46.3462999999999,47.12063354573246,45.57196645426734,46.498087499999954,46.811199999999886,57.18025613251888,78.80539499036594,80.38535645472041
2016-08-30T13:30:00Z,46.81,46.99,46.385,46.41,446521,256337.95,46.47915170639352,46.3552999999999,47.128200278203074,45.582399721796726,46.49608749999995,46.75199999999988,48.50827466000476,69.36416184971078,76.75016056518923
2016-08-30T14:30:00Z,46.41,46.43,46.18,46.2,430757,273031.75,46.465534549984085,46.35079999999989,47.12621256118938,45.57538743881041,46.49265249999995,46.609999999999886,43.94123729520223,57.80346820809236,68.65767501605632
2016-08-30T15:30:00Z,46.2,46.2,46.07,46.125,209918,278060.65,46.44892310852145,46.344049999999896,47.12483844128745,45.56326155871234,46.48577749999995,46.454999999999885,42.405668415534016,44.968178898814564,57.37860298553918
2016-08-30T16:30:00Z,46.12,46.285,46.08,46.28,162094,281806.2,46.440682956886256,46.342549999999896,47.12370951639007,45.56139048360972,46.47727749999996,46.350999999999885,46.56193026574105,40.196559268303545,47.65606879173678
2016-08-30T17:30:00Z,46.289,46.31,46.12,46.185,160975,283569.6,46.42821061752595,46.3352999999999,47.119476536277226,45.55112346372257,46.464152499999955,46.23999999999988,44.44492505402089,35.04520912449306,40.06998243053701
2016-08-30T18:30:00Z,46.18,46.199,45.98,46.061,186829,279463.2,46.410297904475904,46.323849999999894,47.11697427150397,45.53072572849582,46.434222499999954,46.170199999999895,41.77505141463169,26.0331371855918,33.758301859462755
2016-08-30T19:30:00Z,46.07,46.11,46,46.1,487657,290441,46.39516142133074,46.31134999999989,47.1102906173475,45.51240938265228,46.410472499999955,46.150199999999884,42.93611884066899,15.640980322846774,25.573108877643833
2016-08-31T13:30:00Z,46,46.39,45.93,46.01,157642,287552.75,46.37637305931461,46.30734999999989,47.11146772151116,45.503232278488625,46.38622249999995,46.12719999999989,40.9087751066624,8.857186685074302,16.84376806450425
2016-08-31T14:30:00Z,46.02,46.03,45.85,45.97,250253,287018,46.35654998325048,46.3233499999999,47.08618714516719,45.56051285483261,46.36172499999996,46.06519999999989,40.004672972221826,9.357828533598044,11.285331847172998
2016-08-31T15:30:00Z,45.965,46.07,45.82,45.87,124621,284359.85,46.332815837726066,46.32884999999989,47.07680194367479,45.58089805632499,46.335974999999955,46.00219999999989,37.758025233373935,7.4489966247659325,8.554670614479383
2016-08-31T16:30:00Z,45.86,46.03,45.83,46.02,87042,280403.3,46.317556528568694,46.338849999999894,47.06433198464569,45.6133680153541,46.31484999999996,45.993999999999886,42.9349341456376,10.631279052331509,9.146034736898452
2016-08-31T17:30:00Z,46.03,46.21,45.98,46.14,136644,265356.1,46.30889523449217,46.34734999999989,47.059202028196,45.63549797180379,46.29759999999996,46.00199999999988,46.750650943768356,16.239316239316135,11.439863972137816
2016-08-31T18:30:00Z,46.145,46.445,46.04,46.44,288825,267427.2,46.31529058890719,46.37134999999989,47.06137761542339,45.6813223845764,46.29009999999996,46.08799999999989,54.874352335493505,32.47863247863236,19.783075923426626
2016-08-31T19:30:00Z,46.44,46.4625,46.33,46.36,592058,265561,46.317471535789764,46.34584999999989,46.99687420081632,45.69482579918346,46.283099999999955,46.16599999999988,52.57110707257272,42.16524216524193,30.294396961063438
2016-09-01T13:30:00Z,46.41,46.94,46.4,46.44,317035,273183.15,46.32344853404392,46.333349999999896,46.96682652683029,45.699873473169504,46.27859999999996,46.27999999999989,54.62226128233128,51.50081400081373,42.0482295482293
2016-09-01T14:30:00Z,46.44,46.44,46.21,46.34,156253,270542.7,46.324255922627145,46.315049999999886,46.925122282644345,45.704977717355426,46.27409999999996,46.34399999999989,51.61725799274262,49.313186813186775,47.65974765974744
2016-09-01T15:30:00Z,46.34,46.59,46.3,46.51,112263,266689.95,46.33331660932826,46.29504999999989,46.8494832151378,45.74061678486198,46.27547499999996,46.417999999999886,56.044396674644524,54.4642857142857,51.75942884276203
2016-09-01T16:30:00Z,46.52,46.56,46.49,46.525,233174,270630.45,46.34266701862932,46.27629999999989,46.769627923441384,45.7829720765584,46.282099999999964,46.43499999999989,56.42328753818111,56.99404761904764,53.59050671550667
2016-09-01T17:30:00Z,46.52,46.54,46.45,46.51,190698,268643.3,46.350829603086424,46.261799999999894,46.70744811235645,45.816151887643336,46.289599999999965,46.46499999999988,55.90433213933862,62.0535714285713,57.83730158730151
2016-09-01T18:30:00Z,46.515,46.565,46.36,46.39,260014,249563.65,46.35274035415538,46.24429999999989,46.63791051821384,45.850689481785935,46.29529999999996,46.454999999999885,51.799705946812296,58.4821428571428,59.17658730158721
2016-09-01T19:30:00Z,46.39,46.4,46.23,46.26,636519,259063.55,46.34821643444048,46.23679999999989,46.62314471660804,45.85045528339174,46.296049999999966,46.438999999999886,47.71266825689704,50.59523809523801,57.04365079365067
2016-09-02T13:30:00Z,46.75,47.07,46.71,46.89,539777,264514.55,46.37464490105314,46.27129999999989,46.750428834497875,45.792171165501905,46.311049999999966,46.51499999999989,62.96349098800391,58.59285714285708,55.89007936507926
2016-09-02T14:30:00Z,46.89,47.16,46.864,47.14,428416,275439.45,46.41197929612372,46.32204999999989,46.9269544470376,45.71714555296218,46.333049999999965,46.637999999999884,67.06831790831856,74.4643923240938,61.217495854062925
2016-09-02T15:30:00Z,47.14,47.2,47.06,47.11,207214,277695.45,46.446029086556706,46.36354999999989,47.058416742655766,45.668683257344014,46.35304999999996,46.75799999999988,66.12127005937225,92.51270654029118,75.18998533574732
2016-09-02T16:30:00Z,47.105,47.2248,47.07,47.11,279210,283607.2,46.47841791160272,46.40979999999989,47.17094718684932,45.64865281315046,46.37254999999996,46.90199999999989,66.12127005937225,94.23858486077098,87.07189457505194
2016-09-02T17:30:00Z,47.105,47.155,47.03,47.06,222148,285373.15,46.50678776957332,46.459749999999886,47.25321376731986,45.66628623267991,46.39179999999997,47.061999999999884,64.36448384445691,90.09959043385084,92.28362727830431
2016-09-02T18:30:00Z,47.055,47.29,47.05,47.2456,251695,273575.05,46.54282739056975,46.51702999999989,47.362067743801234,45.67199225619855,46.41418999999997,47.13311999999989,67.78597463440028,90.91900108537845,91.75239212666672
2016-09-02T19:30:00Z,47.25,47.3,47.19,47.28,318315,281608.7,46.57878703005415,46.58052999999989,47.45401070868672,45.70704929131306,46.44393999999996,47.16111999999988,68.39173127620272,93.38150196979173,91.46669782967365
2016-09-06T13:30:00Z,47.15,47.32,46.88,46.91,316630,284927.55,46.594943760295415,46.627529999999894,47.46496254560971,45.79009745439008,46.47543999999996,47.121119999999884,56.15953002069772,85.70569652221032,90.00206652579347
2016-09-06T14:30:00Z,46.9,46.98,46.8,46.9,291985,293295.75,46.60982455247613,46.67902999999989,47.44764037492755,45.91041962507223,46.50393999999996,47.07911999999989,55.86869113198909,74.23203019533285,84.43974289577828
2016-09-06T15:30:00Z,46.91,47.29,46.89,47.285,194499,298668.6,46.64275994016022,46.742279999999894,47.49150325007112,45.99305674992867,46.540564999999965,47.12411999999988,63.66959112530361,73.77331459900235,77.90368043884848
2016-09-06T16:30:00Z,47.285,47.38,47.01,47.07,189597,301316.25,46.663600918688985,46.788779999999896,47.49703018068837,46.08052981931142,46.56806499999996,47.088999999999885,57.55148698489997,77.10011966493795,75.0351548197577
2016-09-06T17:30:00Z,47.07,47.22,47.04,47.16,136469,293698.45,46.68781550802123,46.8247799999999,47.53165034061834,46.11790965938145,46.598064999999956,47.064999999999884,59.313946318018495,83.56734476798262,78.14692634397427
2016-09-06T18:30:00Z,47.17,47.28,47.15,47.21,181560,273173.55,46.7132879222641,46.867279999999894,47.55931719440843,46.17524280559136,46.60656499999996,47.124999999999886,60.300130164592765,79.71014492753596,80.12586978681882
2016-09-06T19:30:00Z,47.21,47.22,47.11,47.21,339563,274299.95,46.73751777971463,46.90577999999989,47.58398663403228,46.22757336596751,46.61956499999996,47.186999999999884,60.300130164592765,80.23794073112666,81.17181014221507
2016-09-07T13:30:00Z,46.98,47.07,46.44,46.79,406410,286807.8,46.74007788802123,46.928279999999894,47.55804093753584,46.298519062463946,46.621664999999965,47.087999999999894,48.781172021615454,65.69276650972684,75.21361738946314
2016-09-07T14:30:00Z,46.78,46.78,46.505,46.64,465542,304471.75,46.73519603982508,46.93477999999989,47.5496452522689,46.31991474773088,46.61491499999996,47.001999999999896,45.44242795000503,44.379167989837946,63.43662507689712
2016-09-07T15:30:00Z,46.64,46.715,46.515,46.55,383021,311964.1,46.726162086662875,46.936029999999896,47.547650984308376,46.324409015691415,46.60616499999996,46.879999999999896,43.51785526966238,23.40425531914887,44.492063272904524
2016-09-07T16:30:00Z,46.54,46.72,46.44,46.635,267628,315810.6,46.72171515560615,46.9422799999999,47.538725704523586,46.34583429547621,46.60203999999997,46.764999999999894,45.85039568001678,17.907801418439636,28.563741575808795
2016-09-07T17:30:00Z,46.635,46.78,46.58,46.705,181907,311905.25,46.72089978216194,46.958029999999894,47.51030977370652,46.40575022629327,46.601164999999966,46.663999999999895,47.76357314576677,20.21276595744664,20.508274231678367
2016-09-07T18:30:00Z,46.7,46.855,46.65,46.72,241936,292176.1,46.72085589034916,46.9810299999999,47.446625777950125,46.51543422204967,46.60891499999997,46.6499999999999,48.186032296736755,26.241134751772908,21.453900709219713
2016-09-07T19:30:00Z,46.72,46.8,46.675,46.72,447759,287575.2,46.72081413960042,46.97252999999989,47.450505384772214,46.49455461522757,46.621914999999966,46.6659999999999,48.186032296736755,29.255319148936042,25.236406619385182
2016-09-08T13:30:00Z,46.64,46.95,46.47,46.48,134782,272893.5,46.7090671084004,46.93952999999989,47.45626241474398,46.4227975852558,46.63078999999997,46.651999999999894,41.898262634577726,21.276595744680716,25.591016548463205
2016-09-08T14:30:00Z,46.48,46.73,46.45,46.59,211216,273093.6,46.70325895677111,46.913529999999895,47.44544223754072,46.38161776245907,46.63853999999996,46.6429999999999,45.41404889991275,16.666666666666718,22.399527186761144
2016-09-08T15:30:00Z,46.59,46.72,46.42,46.645,327782,275522.2,46.70041705644081,46.89027999999989,47.426442250114654,46.35411774988513,46.650039999999976,46.6309999999999,47.136488655329394,14.550088652482373,17.497783687943254
2016-09-08T16:30:00Z,46.645,46.73,46.56,46.63,266911,277760.35,46.696982078077845,46.86877999999989,47.410452519562064,46.32710748043771,46.66426499999997,46.6129999999999,46.70364881914905,21.271183819891323,17.495979713013458
2016-09-08T17:30:00Z,46.625,46.7,46.53,46.66,453206,287835.9,46.69517807426917,46.83949999999989,47.35940287559196,46.319597124407814,46.67826499999997,46.6009999999999,47.73730586515711,25.254360465116093,20.35854431249658
2016-09-08T18:30:00Z,46.66,46.695,46.56,46.585,258892,284864.75,46.68980353406092,46.804749999999885,47.294254596555874,46.315245403443896,46.69263999999997,46.6219999999999,45.368351558046086,24.31686046511604,23.61413491670781
2016-09-08T19:30:00Z,46.58,46.71,46.565,46.7,333905,285728.5,46.69030092264332,46.79424999999989,47.28328246318373,46.30521753681605,46.71088999999997,46.6439999999999,49.50605483422647,30.53629994036952,26.7025069568672
2016-09-09T13:30:00Z,46.09,46.44,45.53,45.66,399707,291114.6,46.64004234105096,46.732249999999894,47.42423609093311,46.04026390906668,46.705639999999974,46.4469999999999,28.490655080344254,24.28561755146252,26.37959265231601
2016-09-09T14:30:00Z,45.67,45.77,45.41,45.67,374626,300120.95,46.592723202463105,46.6514999999999,47.43720414282017,45.86579585717963,46.696889999999975,46.254999999999896,28.803614929935748,23.03832317916824,25.953413557000076
2016-09-09T15:30:00Z,45.67,45.705,45.15,45.17,576345,319458.35,46.523322070635636,46.55649999999989,47.549057806903726,45.56394219309606,46.67263999999997,45.956999999999894,23.310362670903388,9.049719190564216,18.79121997373164
2016-09-09T16:30:00Z,45.17,45.285,44.73,44.97,545066,339888.2,46.44755026231195,46.446999999999896,47.616514429173044,45.27748557082675,46.635889999999975,45.6339999999999,21.540713014583844,9.60167960167969,13.896573990470698
2016-09-09T17:30:00Z,44.98,45.06,44.7,44.94,272548,344437.6,46.374011225126,46.33349999999989,47.619583589836814,45.04741641016296,46.600389999999976,45.281999999999904,21.279748949968464,7.529529529529455,8.726976107257768
2016-09-09T18:30:00Z,44.94,45,44.75,44.81,340293,344474.1,46.297717994632045,46.21349999999989,47.594431207572384,44.832568792427395,46.55963999999997,45.111999999999895,20.14104850668754,8.788788788788649,8.639999306665912
2016-09-09T19:30:00Z,44.82,44.83,44.62,44.64,499824,349144.8,46.21685370221097,46.105999999999895,47.61909484172195,44.59290515827784,46.51713999999997,44.9059999999999,18.729609955206357,5.471308218089217,7.263208845469088
2016-09-12T13:30:00Z,44.5,45.17,44.35,45.1,297023,340718.85,46.16237303381043,46.0289999999999,47.58177686743662,44.47622313256317,46.48188999999997,44.891999999999896,32.5113547619043,12.419954343206028,8.893350450027945
2016-09-12T14:30:00Z,45.11,45.15,44.93,45.005,269888,335062.2,46.105915812648945,45.95174999999989,47.54632604084866,44.35717395915112,46.44388999999997,44.8989999999999,31.329731610984297,19.963994181363557,12.618418914219582
2016-09-12T15:30:00Z,45,45.43,44.98,45.41,537943,348577.95,46.0719686998368,45.89049999999989,47.46942336737633,44.31157663262345,46.41638999999997,44.9929999999999,41.14967319631088,34.52380952380946,22.30258601612633
2016-09-12T16:30:00Z,45.4,45.5,45.2502,45.29,266001,352782.65,46.033823885210616,45.81974999999989,47.37294501352719,44.26655498647259,46.38888999999997,45.0889999999999,39.35394998975927,37.296444001329235,30.594749235500732
2016-09-12T17:30:00Z,45.34,45.8799,45.25,45.76,372376,359304.65,46.02046662251742,45.77174999999989,47.269021768934145,44.274478231065636,46.37638999999997,45.312999999999896,48.781542359495006,48.03802877083018,39.95276076532294
2016-09-12T18:30:00Z,45.75,46.09,45.75,45.98,579064,365869.9,46.0184926409312,45.73474999999989,47.171825067644825,44.29767493235496,46.35363999999997,45.488999999999905,52.50348382274477,56.214689265536514,47.18305401256529
2016-09-12T19:30:00Z,45.97,46.13,45.89,45.94,574429,387852.25,46.01466373161748,45.70774999999988,47.107612403969924,44.30788759602984,46.32363999999997,45.6759999999999,51.76690833072064,68.29670478198558,57.51647427278407
2016-09-13T13:30:00Z,45.7,45.95,45.01,45.07,578948,406238.85,45.968582573977606,45.63174999999988,46.99636817005703,44.267131829942734,46.272639999999974,45.607999999999905,38.963379003913644,61.864596612113196,62.12533021987841
2016-09-13T14:30:00Z,45.06,45.08,44.74,44.79,666608,423180.15,45.91109074110065,45.53899999999989,46.86721157954911,44.21078842045067,46.214639999999974,45.5079999999999,35.8870114158655,47.08169811658854,59.08099983689575
2016-09-13T15:30:00Z,44.79,45.045,44.76,44.96,274136,423541.4,45.864696070803056,45.45549999999989,46.70659911679616,44.20440088320361,46.16213999999998,45.34799999999991,39.034342626963024,33.146067415730165,47.36412071481062
2016-09-13T16:30:00Z,44.96,44.98,44.755,44.95,330642,417413.2,45.82007675027608,45.36999999999989,46.508837126214786,44.231162873784996,46.104749999999974,45.1419999999999,38.91333002858509,30.898876404494263,37.04221397893764
2016-09-13T17:30:00Z,44.95,45.19,44.94,45.01,472531,428095.15,45.780560811238225,45.29124999999989,46.292658383251485,44.2898416167483,46.04799999999997,44.95599999999991,40.11297405601706,35.01872659176016,33.0212234706615
2016-09-13T18:30:00Z,45.01,45.26,44.94,45.23,339291,428364.45,45.75370418629977,45.21774999999989,45.98263218049968,44.4528678195001,46.00599999999997,44.98799999999991,44.422790706521646,40.074906367040974,35.330836454431775
2016-09-13T19:30:00Z,45.2273,45.45,45.205,45.34,621034,439430.8,45.73352349428515,45.20174999999988,45.94194777765729,44.461552222342476,45.96699999999997,45.09799999999991,46.49610956693262,47.37827715355784,40.823970037452966
2016-09-14T13:30:00Z,45.35,46.035,45.32,46.01,405794,440989.2,45.74701015310051,45.218749999999886,46.01470147468192,44.42279852531785,45.93512499999997,45.30799999999991,57.014672379518515,65.47436208336676,50.975848534655164
2016-09-14T14:30:00Z,46.01,46.13,45.85,46.06,488298,436586.85,45.762277950510246,45.263249999999886,46.13885421998107,44.3876457800187,45.90987499999997,45.5299999999999,57.68326727431487,80.64963759329599,64.50075894340684
2016-09-14T15:30:00Z,46.05,46.23,46.01,46.175,400465,429356.8,45.782410733412185,45.32349999999989,46.27282660346636,44.374173396533415,45.88524999999997,45.762999999999906,59.25308792043022,94.21322002800424,80.11240656822231
2016-09-14T16:30:00Z,46.175,46.26,46.01,46.225,371360,434297.4,45.80400045373354,45.38774999999988,46.39662796588554,44.378872034114224,45.86062499999997,45.961999999999904,59.94876968083436,96.32337401008192,90.39541054379403
2016-09-14T17:30:00Z,46.23,46.285,45.65,45.72,496072,442086.35,45.79990287062459,45.43324999999989,46.41552936456469,44.450970635435084,45.82337499999997,46.0379999999999,50.55962892388808,85.81217132174716,92.11625511994441
2016-09-14T18:30:00Z,45.71,45.84,45.63,45.73,465361,440363.2,45.796492974496566,45.487749999999885,46.40685540747452,44.56864459252525,45.79687499999997,45.9819999999999,50.724207196951305,75.06848634531309,85.73467722571404
2016-09-14T19:30:00Z,45.73,45.9,45.62,45.88,792814,465152.75,45.80056648793576,45.526749999999886,46.4429228821841,44.61057711781567,45.777874999999966,45.9459999999999,53.23871593975682,67.09816612729234,75.99294126478418
2016-09-15T13:30:00Z,46,46.57,45.89,46.35,608709,482093.8,45.8273681226706,45.59399999999989,46.543939998131705,44.64406000186807,45.77287499999997,45.980999999999895,60.10779957431167,75.28073991546856,72.48246412935798
2016-09-15T14:30:00Z,46.34,47.03,46.3,47.029,395236,474958.45,45.88598431180862,45.67494999999989,46.80687234276425,44.54302765723553,45.78272499999997,46.1417999999999,67.52886756447535,87.24019793317906,76.5397013253133
2016-09-15T15:30:00Z,47.04,47.18,46.88,46.94,379702,480643.5,45.93739971123259,45.757449999999885,47.0002115177704,44.51468848222937,45.788599999999974,46.385799999999904,65.8009791601391,92.6790929386839,85.06667692911049
2016-09-15T16:30:00Z,46.94,47.11,46.87,47.06,225363,473292.85,45.99216070092856,45.82244999999988,47.18878897333406,44.4561110266657,45.79709999999997,46.65179999999991,67.0260824164352,94.90066462746874,91.60665183311055
2016-09-15T17:30:00Z,47.06,47.46,47.06,47.25,281566,458417.95,46.053518715517406,45.88594999999988,47.38707244339101,44.38482755660875,45.81034999999997,46.9257999999999,68.92426288143085,92.13753886434294,93.23909881016516
2016-09-15T18:30:00Z,47.25,47.31,47.105,47.15,326369,446014.95,46.107005607443384,45.946449999999885,47.545733523973205,44.347166476026565,45.82709999999997,47.08579999999991,66.74642259303157,90.85409847604963,92.63076732262043
2016-09-15T19:30:00Z,47.15,47.2,47.065,47.18,331041,433619.6,46.1593467973242,46.051949999999884,47.684090615894554,44.419809384105214,45.84184999999998,47.11599999999991,67.08245968039199,88.27844204525297,90.42335979521516
2016-09-16T13:30:00Z,47.06,47.67,46.825,46.9,1012947,450936.55,46.19547622184497,46.15744999999988,47.72100242638357,44.593897573616196,45.84822499999997,47.107999999999905,60.897074778230966,78.53589461977869,85.88947838036042
2016-09-16T14:30:00Z,46.8907,47.04,46.6401,46.84,489465,461703,46.226916406145214,46.251449999999885,47.739989482194304,44.762910517805466,45.85347499999997,47.06399999999991,59.62828985892105,69.62236912088743,78.81223526197302
2016-09-16T15:30:00Z,46.85,46.88,46.68,46.77,390204,464681.1,46.25340828877228,46.342449999999886,47.720002245852086,44.964897754147685,45.85622499999997,46.967999999999904,58.10720639201437,59.34959349593499,69.16928574553368
2016-09-16T16:30:00Z,46.78,46.8,46.4,46.41,448424,463475.75,46.261046908832164,46.41244999999988,47.64690461239162,45.177995387608135,45.85184999999997,46.8199999999999,50.91393421754846,51.382113821138226,60.1180254793202
2016-09-16T17:30:00Z,46.42,46.708,46.32,46.69,256402,459331.3,46.28197144986474,46.48544999999988,47.59825339236245,45.37264660763731,45.85159999999996,46.72199999999991,55.52549400471336,48.94308943089424,53.22493224932247
2016-09-16T18:30:00Z,46.69,46.8,46.545,46.575,176821,437120.65,46.2962655254811,46.54719999999988,47.52815455554844,45.566245444451326,45.87447499999996,46.65699999999991,53.310234034308984,45.772357723577166,48.69918699186986
2016-09-16T19:30:00Z,46.58,46.66,46.485,46.53,1073746,470518.25,46.30766720716495,46.573199999999886,47.52288954930045,45.62351045069932,45.895974999999964,46.59499999999991,52.428776591306864,44.91184799488442,46.54243171645192
2016-09-19T13:30:00Z,46.61,46.73,46.1,46.23,223583,457282.5,46.303878562913,46.581699999999884,47.51577903308646,45.64762096691331,45.92247499999996,46.48699999999991,46.86542228560231,30.273558936834537,40.319254885098694
2016-09-19T14:30:00Z,46.24,46.35,45.93,45.96,395933,457055.9,46.28710399886846,46.57094999999988,47.52816606236696,45.61373393763281,45.94722499999996,46.39699999999991,42.49492134564614,15.319816295959816,30.168407742559577
2016-09-19T15:30:00Z,45.99,46.03,45.73,45.9,267579,451866.85,46.268220876972435,46.554699999999876,47.54530831818309,45.56409168181666,45.97122499999996,46.23899999999991,41.56723327558575,6.2557597686807895,17.2830450004917
2016-09-19T16:30:00Z,45.91,45.95,45.74,45.895,159934,435059.95,46.25001498053476,46.563449999999875,47.52713801489623,45.59976198510352,45.99834999999997,46.10299999999991,41.48595593574308,6.330726389382716,9.30210081800776
2016-09-19T17:30:00Z,45.91,46.07,45.75,46.06,149967,419290.25,46.240745957094035,46.579949999999876,47.49612148507065,45.6637785149291,46.033849999999966,46.008999999999915,45.28785618288614,11.426116838488118,8.004200998850528
2016-09-19T18:30:00Z,46.06,46.09,45.881,45.89,200348,389666.95,46.2236363982114,46.58044999999987,47.49510260621662,45.66579739378312,46.05359999999997,45.94099999999991,42.24248834487921,11.254295532646227,9.670379586839008
2016-09-19T19:30:00Z,45.9,45.955,45.801,45.93,236405,371051.75,46.20931267146938,46.55944999999987,47.51277103200236,45.60612896799738,46.07672499999997,45.93499999999991,43.21015205307824,11.855670103092903,11.512027491409071
2016-09-20T13:30:00Z,46.25,46.25,45.42,45.445,801689,391374.4,46.172029126519654,46.48024999999988,47.52333904224746,45.4371609577523,46.07759999999997,45.843999999999916,35.45398043112377,6.699970302490359,9.93664531274315
2016-09-20T14:30:00Z,45.44,45.545,44.91,44.9206,696788,407228.7,46.11098380327479,46.37927999999987,47.60054270656954,45.158017293430206,46.068364999999964,45.64911999999991,29.32480121458255,4.130186431016192,7.561942278866471
2016-09-20T15:30:00Z,44.93,45.0394,44.84,44.841,585765,425248.8,46.049033373846754,46.26832999999988,47.61845151914385,44.9182084808559,46.04538999999997,45.40531999999992,28.51885786417222,0.7107671168987122,3.8469746168017416
2016-09-20T16:30:00Z,44.85,44.86,44.55,44.55,569753,439658.15,45.97590979463472,46.13332999999987,47.59884169099962,44.667818309000126,46.00963999999997,45.13731999999991,25.734356950176846,0.19636382471767058,1.6791057908775129
2016-09-20T17:30:00Z,44.5601,44.835,44.52,44.77,653412,456010.3,45.917084926603756,46.01432999999988,47.516358853402444,44.512301146597316,45.98038999999997,44.90531999999992,31.203227874615465,3.67197756295492,1.5263695015237557
2016-09-20T18:30:00Z,44.765,44.85,44.59,44.75,383801,458648.3,45.86015395457431,45.892829999999876,47.391159214977286,44.394500785022466,45.972389999999976,44.766319999999915,30.979880187485634,7.12405069990201,3.6641306958581885
2016-09-20T19:30:00Z,44.75,44.8,44.49,44.5,976398,456820.85,45.793804981180436,45.772829999999885,47.31312452912544,44.23253547087433,45.96513999999997,44.682199999999916,28.25714780588106,7.272860223711503,6.022962828856133
2016-09-21T13:30:00Z,45.01,45.59,44.6,45.21,729701,468832.65,45.76532668941554,45.69132999999988,47.1683281030641,44.21433189693566,45.97138999999997,44.755999999999915,43.45610984227618,16.521115269929172,10.306008731180883
2016-09-21T14:30:00Z,45.22,45.395,45.2,45.35,579208,478282.85,45.74506685090746,45.62032999999988,47.01745377277432,44.22320622722545,45.98138999999997,44.91599999999992,45.89035517180966,29.33991411813983,17.711296537260157
2016-09-21T15:30:00Z,45.35,45.57,45.28,45.29,400105,475866.9,45.722868467936365,45.564329999999885,46.91951215618823,44.209147843811536,45.98838999999997,45.01999999999991,44.99630193131289,44.34261974584545,30.067883044638137
2016-09-21T16:30:00Z,45.28,45.59,45.18,45.345,289071,477500.35,45.70443585974435,45.49707999999988,46.7519198170501,44.242240182949665,45.99126499999997,45.13899999999991,46.034204691473604,47.63257575757564,40.438369873853624
2016-09-21T17:30:00Z,45.34,45.82,45.33,45.52,510568,494187.7,45.69543898853731,45.44432999999988,46.59811311499745,44.29054688500231,45.99576499999996,45.34299999999992,49.3116324291652,50.852272727272634,47.6091560768979
2016-09-21T18:30:00Z,45.52,45.92,45.46,45.8,374984,459249.6,45.70053952568183,45.40782999999989,46.46397905976791,44.35168094023187,45.990514999999974,45.46099999999991,54.1134395809875,60.51136363636351,52.99873737373725
2016-09-21T19:30:00Z,45.8,46.04,45.8,45.88,499468,473043.85,45.70929369516077,45.390329999999885,46.402072080004146,44.378587919995624,45.986014999999966,45.56699999999991,55.41307218297913,70.64393939393936,60.669191919191825
2016-09-22T13:30:00Z,46.14,46.34,45.72,45.9,555175,481005.95,45.71859644173829,45.387329999999885,46.39263291775831,44.38202708224146,45.979139999999965,45.68899999999991,55.75049018425378,76.54176904176887,69.23235735735723
2016-09-22T14:30:00Z,45.93,46.54,45.9299,46.11,340449,484649.45,45.73768929823886,45.397829999999885,46.42840131555788,44.36725868444189,45.97626499999996,45.841999999999906,59.23855283092606,78.07262639579702,75.08611161050173
2016-09-22T15:30:00Z,46.1,46.61,46.07,46.53,317244,492514.95,45.77633860076379,45.42957999999989,46.55428936977174,44.30487063022804,45.99651499999997,46.04399999999991,65.15465027948225,83.82234051815264,79.4789119852395
2016-09-22T16:30:00Z,46.54,46.76,46.495,46.75,218568,495945,45.823834278775315,45.46407999999988,46.70077967512473,44.227380324875035,46.02201499999997,46.23399999999991,67.79166229917386,91.60342556796026,84.49946416063663
2016-09-22T17:30:00Z,46.75,46.85,46.6,46.65,297199,500787.55,45.86413504566433,45.50207999999988,46.83198592391122,44.17217407608854,46.04126499999997,46.387999999999906,65.37003124717282,95.77043672959728,90.39873427190338
2016-09-22T18:30:00Z,46.65,46.97,46.615,46.91,321606,505047.6,45.91515284831485,45.551079999999885,47.00671402215367,44.0954459778461,46.05526499999996,46.589999999999904,68.5188015579266,96.22184675191413,94.53190301649055
2016-09-22T19:30:00Z,46.91,47.11,46.88,47.035,745212,502223.75,45.96977953864095,45.63057999999988,47.22172503627129,44.039434963728475,46.05541499999997,46.774999999999906,69.93421332655785,95.37267369377948,95.7883190584303
2016-09-23T13:30:00Z,46.98,47.44,46.85,47.19,643591,499563.9,46.029302487975535,45.74404999999988,47.436912838522986,44.051187161476776,46.06166499999996,46.90699999999991,71.63711036033109,94.51021681662337,95.36824575410566
2016-09-23T14:30:00Z,47.19,47.33,47.04,47.29,349126,487731.95,46.09079992758648,45.86649999999988,47.633050593685425,44.09994940631434,46.06741499999997,47.014999999999915,72.71099231862843,93.10427904899568,94.32905651979951
2016-09-23T15:30:00Z,47.285,47.38,47.17,47.37,304986,474493.6,46.15319993111885,46.00749999999989,47.78137851896663,44.23362148103314,46.07041499999996,47.158999999999914,73.57303358093561,93.06784660766958,93.56078082442953
2016-09-23T16:30:00Z,47.37,47.44,47.12,47.18,117314,447688.7,46.20328773935695,46.127999999999886,47.87649478124821,44.37950521875156,46.071164999999965,47.21299999999991,68.07302159137109,92.64773728138236,92.93995431268253
2016-09-23T17:30:00Z,47.18,47.38,47.03,47.32,185618,437779.55,46.257761508168805,46.25649999999988,47.95814067888994,44.554859321109824,46.07466499999997,47.26999999999991,69.86088597394985,92.83992464171133,92.8518361769211
2016-09-23T18:30:00Z,47.31,47.38,47.205,47.295,247752,401347.25,46.30835850777033,46.39624999999988,47.95063050362591,44.84186949637385,46.08453999999996,47.29099999999992,69.11657297008435,91.06229549991271,92.18331914100213
2016-09-23T19:30:00Z,47.3,47.39,47.22,47.29,462577,387991.05,46.3562434586108,46.50024999999988,48.0006348673104,44.99986513268936,46.095789999999965,47.29099999999992,68.95833054299742,92.2627437162322,92.05498795261873
2016-09-26T13:30:00Z,46.77,47.06,46.645,46.99,520443,385052.8,46.3871584118493,46.58224999999988,47.999153225365426,45.16534677463434,46.10128999999996,47.21499999999992,60.07153118625614,84.34982872431583,89.22495598015355
2016-09-26T14:30:00Z,46.995,47.02,46.87,46.95,290886,379591.85,46.41461409907616,46.66524999999989,47.95874323540941,45.371756764590366,46.114789999999964,47.16899999999992,58.980121709440446,75.23776512447428,83.95011252167409
2016-09-26T15:30:00Z,46.94,47.115,46.9,46.99,141020,372189.3,46.44268170399928,46.74749999999988,47.89577914726889,45.59922085273087,46.12228999999997,47.102999999999916,59.76731737333147,62.27172599564458,73.95310661481155
2016-09-26T16:30:00Z,46.98,47.07,46.94,46.96,132799,353300.85,46.46791674282858,46.81949999999988,47.82224074418742,45.816759255812336,46.13191499999997,47.03599999999992,58.8550585581301,53.15722396014392,63.55557169342091
2016-09-26T17:30:00Z,46.965,47.03,46.9,46.98,149326,342017.95,46.49289641391011,46.87849999999988,47.76666721401657,45.99033278598319,46.14316499999997,46.97399999999992,59.30105447931488,46.49350649350651,53.97415214976499
2016-09-26T18:30:00Z,46.98,47,46.9,46.9,133464,323717.75,46.512755125426686,46.929499999999884,47.69050525625681,46.168494743742954,46.15991499999997,46.95599999999992,56.65559032010398,39.72501293255984,46.45858112873674
2016-09-26T19:30:00Z,46.9,47,46.87,46.92,350295,313473.75,46.53262072906441,46.98049999999988,47.57780143148532,46.38319856851444,46.18391499999997,46.94999999999992,57.17000362856517,36.969696969696685,41.06273879858766
2016-09-27T13:30:00Z,46.89,47.27,46.68,47,295054,311204,46.55541971789054,47.02499999999988,47.46926343542354,46.58073656457621,46.211414999999974,46.95199999999992,59.253141019001475,37.10691823899353,37.93387604708334
2016-09-27T14:30:00Z,47.015,47.04,46.79,47.01,175528,304118.2,46.57759436579831,47.04899999999988,47.431238145734596,46.66676185426516,46.23928999999997,46.96199999999992,59.518189003361954,41.719077568134,38.59856425894139
2016-09-27T15:30:00Z,47,47.13,46.9,47.05,174944,301937,46.60063854307644,47.063999999999886,47.420827689582076,46.7071723104177,46.26403999999997,46.97599999999992,60.621589626398304,47.169811320754384,41.998602375960616
2016-09-27T16:30:00Z,47.04,47.06,46.9,46.995,145844,294369.25,46.619875687316615,47.08124999999988,47.38589528562306,46.77660471437671,46.29166499999997,46.99499999999992,58.26977017156119,47.945070561253424,45.611319816713916
2016-09-27T17:30:00Z,47,47.05,46.91,47,98609,283219.4,46.6384183367158,47.08574999999989,47.38270580487781,46.78879419512197,46.31841499999997,47.01099999999992,58.42766687221896,48.524756236545045,47.87987937285093
2016-09-27T18:30:00Z,47,47.03,46.795,46.82,237926,257855.1,46.647275978827224,47.07499999999989,47.393323734663895,46.756676265335884,46.35278999999997,46.974999999999916,50.953189410965756,39.37360178970874,45.281142862502385
2016-09-27T19:30:00Z,46.82,46.97,46.795,46.9,175255,234438.3,46.659603979860044,47.06049999999989,47.38294224296581,46.73805775703397,46.40227499999997,46.95299999999992,53.78305428723704,37.31364653243799,41.73733485289724
2016-09-28T13:30:00Z,46.78,46.96,46.55,46.62,177616,225862.8,46.65767207840346,47.02699999999989,47.38442691567907,46.6695730843207,46.446749999999966,46.86699999999992,44.175930961494316,24.670718369375678,33.785988897174114
2016-09-28T14:30:00Z,46.62,46.72,46.41,46.54,112229,216224.95,46.651931977017924,46.98549999999989,47.365985216600194,46.60501478339958,46.49649999999997,46.77599999999992,41.87441849278468,21.879500430662972,27.954621777492196
2016-09-28T15:30:00Z,46.53,46.63,46.43,46.54,143655,217542,46.64647188057803,46.95349999999989,47.369193396689745,46.53780660331004,46.54074999999997,46.68399999999992,41.87441849278468,13.318260120585753,19.956159640208117
2016-09-28T16:30:00Z,46.53,46.61,46.48,46.57,125755,214548.85,46.64274154494007,46.91599999999989,47.32797815482247,46.50402184517731,46.58624999999997,46.633999999999915,43.162267651350746,16.27906976744202,17.15894343956356
2016-09-28T17:30:00Z,46.57,46.86,46.55,46.8,173995,210861,46.650412689089336,46.891249999999886,47.267067442452124,46.51543255754765,46.64374999999997,46.61399999999992,51.95180523949426,26.356589147286826,18.651306345104846
2016-09-28T18:30:00Z,46.8,46.81,46.67,46.73,207260,198095.15,46.65429499693864,46.86324999999989,47.19717027499218,46.52932972500759,46.68174999999997,46.635999999999925,49.44562641732897,33.720930232558,25.452196382428934
2016-09-28T19:30:00Z,46.726,46.86,46.67,46.81,307285,187437.25,46.661890362941634,46.85424999999988,47.18369309076825,46.52480690923151,46.71824999999997,46.68999999999993,52.27896143830105,43.02325581395335,34.36692506459937
2016-09-29T13:30:00Z,46.71,46.82,46.22,46.75,236191,184702.5,46.66618839401765,46.84424999999989,47.17360201540726,46.514897984592515,46.754749999999966,46.73199999999993,50.01491825396035,47.32089615810538,41.355027401538884
2016-09-29T14:30:00Z,46.74,46.84,46.535,46.78,236971,189500.05,46.671740179675325,46.83374999999988,47.15718275971118,46.51031724028858,46.79062499999996,46.77399999999993,51.15396554136044,55.43061589573218,48.59158928926362
2016-09-29T15:30:00Z,46.77,46.83,46.71,46.74,115320,188626.1,46.67506992700824,46.822749999999886,47.143210216020925,46.502289783978846,46.82112499999997,46.76199999999993,49.53319653665495,60.561660561660496,54.437724205166
2016-09-29T16:30:00Z,46.73,46.74,46.29,46.37,282589,195289.25,46.66018846715418,46.79224999999989,47.159707140426406,46.42479285957337,46.835374999999964,46.68999999999993,37.65000139791866,47.17183753328325,54.38803799689196
2016-09-29T17:30:00Z,46.37,46.56,46.31,46.54,468873,212059.7,46.654325615097875,46.77424999999989,47.15389819247873,46.39460180752105,46.851874999999964,46.635999999999925,44.265912341951825,39.8277413002981,49.187079798413926
2016-09-29T18:30:00Z,46.53,46.73,46.485,46.58,251338,207111.85,46.650699975337005,46.757249999999885,47.13970882138046,46.37479117861931,46.86887499999996,46.60199999999993,45.72522054334064,35.192820665377404,40.730799832986236
2016-09-29T19:30:00Z,46.58,46.61,46.45,46.45,400494,212383.85,46.64090973263764,46.72974999999989,47.117493149585876,46.3420068504139,46.877374999999965,46.53599999999993,41.88664779076059,39.52908464019579,38.18321553529041
2016-09-30T13:30:00Z,46.46,46.87,46.19,46.49,283937,217804.3,46.63354828226507,46.703749999999886,47.08246988336015,46.325030116639624,46.87637499999996,46.48599999999993,43.45945425645755,41.06624271330182,38.59604933962498
2016-09-30T14:30:00Z,46.5,46.91,46.42,46.895,606926,239403.4,46.6463020245936,46.695999999999884,47.05170493397548,46.34029506602429,46.87999999999996,46.59099999999994,56.34294406640122,57.70513160219104,46.10015298522953
2016-09-30T15:30:00Z,46.89,46.965,46.74,46.915,295746,246898.5,46.65940924290611,46.69199999999989,47.03576445431976,46.34823554568001,46.88662499999997,46.66599999999994,56.86564881782172,78.5275669407551,59.09964708541596
2016-09-30T16:30:00Z,46.91,47.15,46.9,47.12,329464,258441.25,46.681877084715566,46.69799999999989,47.06636666523069,46.329633334769085,46.891874999999956,46.77399999999994,61.900942273544054,96.11335125448034,77.44868326580881
2016-09-30T17:30:00Z,47.115,47.22,46.96,47.015,418852,267487.55,46.69812698302212,46.70774999999988,47.09817893086241,46.31732106913736,46.89137499999996,46.88699999999994,58.15623462508578,90.1734914918048,88.27146989568006
2016-09-30T18:30:00Z,47.02,47.04,46.875,46.97,449551,281202.35,46.71138908141128,46.71124999999988,47.10968286769088,46.31281713230888,46.885874999999956,46.98299999999993,56.576569017846325,84.23341423948217,90.17341899525574
2016-09-30T19:30:00Z,46.97,47.005,46.72,46.72,507338,297688.45,46.71180912622049,46.71624999999989,47.1124806778273,46.32001932217248,46.87162499999996,46.94799999999994,48.667582507429856,69.09385113268611,81.16691895465767
2016-10-03T13:30:00Z,46.54,47.07,46.29,47.07,465418,315347.9,46.72928185177071,46.74274999999989,47.15868839694276,46.32681160305702,46.86412499999996,46.978999999999935,57.603292711625215,70.87378640776701,74.73368392664509
2016-10-03T14:30:00Z,47.07,47.105,46.68,46.6899,256901,321010.2,46.727360785830676,46.750244999999886,47.156591111036015,46.34389888896376,46.85187249999996,46.89297999999993,47.85964936115316,61.80906148867325,67.25889967637545
2016-10-03T15:30:00Z,46.69,46.74,46.59,46.63,248065,327125.7,46.72261147920479,46.753244999999886,47.15508487103466,46.35140512896511,46.83462249999996,46.81597999999993,46.52408283321693,58.89644012945007,63.859762675296764
2016-10-03T16:30:00Z,46.64,46.87,46.61,46.83,159099,326380.9,46.72784994363382,46.754744999999886,47.15749472619847,46.3519952738013,46.822997499999964,46.78797999999993,51.40065123309578,51.129449838187874,57.27831715210372
2016-10-03T17:30:00Z,46.81,46.9,46.72,46.795,159485,323992.15,46.73112555613949,46.75799499999989,47.16094254243179,46.355047457567984,46.81062249999996,46.802979999999934,50.53219689295528,54.53074433656977,54.8522114347359
2016-10-03T18:30:00Z,46.78,46.88,46.74,46.77,176528,317454.3,46.73302187047415,46.755994999999885,47.1582867373673,46.35370326263247,46.80512249999996,46.74297999999993,49.88386835215131,59.06148867313936,54.90722761596567
2016-10-03T19:30:00Z,46.77,46.95,46.765,46.89,301696,320729.55,46.740679340207116,46.76299499999989,47.16947614587299,46.35651385412679,46.80362249999996,46.78299999999994,53.00090815434516,61.00323624595496,58.19848975188802
2016-10-04T13:30:00Z,46.77,47.25,46.77,47.01,232982,320530.1,46.753816933367744,46.77449499999989,47.195021315409704,46.35396868459007,46.80412249999996,46.85899999999994,55.95131837873247,66.42394822006483,62.162891046386385
2016-10-04T14:30:00Z,47.02,47.16,46.93,47.13,299574,329742.8,46.772167326862004,46.79399499999989,47.24161108768085,46.346378912318926,46.80837249999996,46.91899999999994,58.74064911628014,76.8203883495146,68.0825242718448
2016-10-04T15:30:00Z,47.15,47.18,46.965,47.02,461340,338680.35,46.784256725551664,46.826494999999895,47.239286063313884,46.413703936685906,46.80937249999996,46.96399999999994,55.28469372102641,79.51388888888899,74.25274181948947
2016-10-04T16:30:00Z,47.01,47.16,46.73,46.8,268959,328684.65,46.7850246901589,46.83949499999989,47.23121554062814,46.447774459371644,46.806872499999955,46.96999999999994,49.06694603958822,72.22222222222229,76.18549982020862
2016-10-04T17:30:00Z,46.805,46.91,46.63,46.71,382361,335235.8,46.78136494917554,46.84599499999989,47.22436286590734,46.46762713409244,46.801622499999965,46.93399999999994,46.75051641308854,57.63888888888891,69.79166666666673
2016-10-04T18:30:00Z,46.7,46.83,46.66,46.7,509794,340700.8,46.777395927264536,46.85849499999989,47.19825630143313,46.51873369856665,46.79412249999996,46.87199999999994,46.487905820735016,46.5277777777778,58.79629629629633
2016-10-04T19:30:00Z,46.7,47,46.7,46.75,805919,366799.9,46.7760595405687,46.87149499999989,47.171425428521474,46.571564571478305,46.787622499999955,46.79599999999994,48.05895997638492,44.79166666666679,49.652777777777835
2016-10-05T13:30:00Z,46.94,46.94,46.51,46.6,289661,350936.65,46.76747127029706,46.85674499999989,47.178799998336245,46.534690001663535,46.776372499999965,46.71199999999995,43.8954058452444,34.262387387387605,41.86061061061073
2016-10-05T14:30:00Z,46.59,46.6,46.33,46.45,234654,347882.05,46.751984866867936,46.83349499999989,47.19950967450416,46.46748032549563,46.76274749999996,46.641999999999946,40.1495172401026,24.374102363233053,34.47605213909581
2016-10-05T15:30:00Z,46.45,46.53,46.4,46.4,186846,340751.15,46.73481487336218,46.7974949999999,47.184727878187125,46.41026212181267,46.74774749999996,46.57999999999994,38.956146971343244,10.938112025068797,23.191533925229816
2016-10-05T16:30:00Z,46.4,46.46,46.31,46.39,155258,327571.45,46.7179946356372,46.7662449999999,47.178303007990316,46.35418699200948,46.73699749999996,46.517999999999944,38.708339664146,9.720937403638663,15.011050597313504
2016-10-05T17:30:00Z,46.39,46.43,46.17,46.18,271270,318657.4,46.691750994874404,46.726744999999895,47.20001471374827,46.25347528625152,46.71899749999996,46.40399999999994,33.840082574177885,5.6817532919905664,8.780267573566007
2016-10-05T18:30:00Z,46.1775,46.18,46.02,46.03,383594,312470.2,46.65947045853907,46.69224499999989,47.254654852290685,46.1298351477091,46.70424749999996,46.28999999999994,30.855032520152008,3.416524117959637,6.27307160452962
2016-10-05T19:30:00Z,46.04,46.12,46.03,46.07,397694,309084,46.630715802024966,46.642244999999896,47.2382339612658,46.04625603873399,46.69249749999995,46.21399999999994,32.56335392365358,1.9346582354710045,3.6776452151404015
2016-10-06T13:30:00Z,45.9,46.1,45.255,45.325,510761,321777,46.56702234826765,46.5739999999999,47.400526466637324,45.747473533362474,46.66212249999995,45.99899999999994,21.773455963163713,2.8381374722836425,2.7297732752380934
2016-10-06T14:30:00Z,45.32,45.675,45.3143,45.55,577990,338273.25,46.51741150201069,46.5199999999999,47.45838691383144,45.58161308616835,46.63662249999995,45.83099999999994,29.38378719160491,7.675359870481618,4.14938519274542
2016-10-06T15:30:00Z,45.55,45.9,45.475,45.88,257340,343185.3,46.486318258010165,46.4724999999999,47.439063500268404,45.50593649973139,46.61362249999995,45.77099999999994,38.78949499550422,17.2564793037233,9.256658882162851
2016-10-06T16:30:00Z,45.89,45.89,45.59,45.65,249633,347692.7,46.4455222454243,46.415249999999894,47.43291141228527,45.397588587714516,46.586622499999955,45.694999999999936,35.26402132536252,23.5897258088895,16.173854994364806
2016-10-06T17:30:00Z,45.65,45.66,45.525,45.61,149886,346360.6,46.40476506272068,46.357249999999894,47.4187087839635,45.295791216036285,46.556622499999946,45.60299999999994,34.673791004687374,25.26278054784686,22.036328553486552
2016-10-06T18:30:00Z,45.6,45.615,45.5,45.54,263270,344439.3,46.362581401124544,46.28974999999989,47.37845783502996,45.20104216496982,46.526372499999944,45.645999999999944,33.61349746485243,19.770773638968258,22.874426665234875
2016-10-06T19:30:00Z,45.55,45.57,45.48,45.51,635435,364561.95,46.32099206448432,46.21474999999989,47.301320177234246,45.12817982276553,46.49462249999995,45.63799999999994,33.145697856967516,17.269916307437438,20.767823498084184
2016-10-07T13:30:00Z,45.74,45.74,45.11,45.42,518454,375505.95,46.27704123207045,46.129249999999885,47.18290210105459,45.07559789894518,46.46162249999995,45.54599999999994,31.719504267912967,17.4237595027607,18.154816483055463
2016-10-07T14:30:00Z,45.42,45.46,45.25,45.275,192142,362046.05,46.228161171969454,46.04199999999989,47.07495401642815,45.009045983571625,46.43424749999995,45.47099999999994,29.51597594709746,15.85287286488188,16.848849558360005
2016-10-07T15:30:00Z,45.27,45.3,44.91,45.06,359608,366578.5,46.17117770016607,45.95499999999989,47.010779333030044,44.89922066696974,46.39724749999995,45.36099999999995,26.56871898814876,14.034168930738295,15.77026709946029
2016-10-07T16:30:00Z,45.06,45.24,44.99,45.2,374816,366201.25,46.12380317820675,45.879499999999894,46.92442535621086,44.834574643788926,46.36274749999994,45.29299999999994,31.374051794989256,13.458695011039802,14.448578935553323
2016-10-07T17:30:00Z,45.2,45.405,45.18,45.29,426426,362032.85,46.083129852440564,45.80899999999989,46.812417161529915,44.80558283846987,46.333747499999944,45.248999999999945,34.34836743054095,19.559208855260042,15.684024265679378
2016-10-07T18:30:00Z,45.29,45.31,45.19,45.29,256229,334548.35,46.044440591345904,45.73599999999989,46.66460432911625,44.80739567088353,46.30374749999994,45.22299999999994,34.34836743054093,26.801721962875742,19.939875276391863
2016-10-07T19:30:00Z,45.3,45.37,45.24,45.275,434527,341791.65,46.00690690396318,45.66974999999989,46.5287929267813,44.810707073218474,46.26324749999994,45.22299999999994,34.06300306129414,30.666162475922956,25.675697764686248
2016-10-10T13:30:00Z,45.3,45.83,45.2,45.825,337741,346946,45.998033396452776,45.63849999999988,46.42406412854443,44.85293587145533,46.23599749999995,45.37599999999994,50.35079063913275,51.500490003163975,36.322791480654224
2016-10-10T14:30:00Z,45.82,46.12,45.81,46.07,382748,356741.1,46.00154396247947,45.62199999999988,46.35499658938921,44.88900341061055,46.20974749999995,45.54999999999994,55.610927911679305,72.98809330894912,51.71824859601202
2016-10-10T15:30:00Z,46.07,46.11,45.815,45.85,158678,356912.1,45.99415157406583,45.59499999999988,46.248299318884925,44.94170068111483,46.18062249999995,45.66199999999994,50.44288686553443,88.65932047750259,71.04930126320522
2016-10-10T16:30:00Z,45.8482,46,45.74,45.965,152748,350986,45.99272954606262,45.58424999999988,46.20495343164658,44.96354656835317,46.155497499999946,45.79699999999995,52.906576080887774,86.9146005509645,82.85400477913873
2016-10-10T17:30:00Z,45.97,46.19,45.96,46.12,249820,344297.3,45.99893786088883,45.58874999999988,46.22346154870364,44.954038451296114,46.14049749999994,45.96599999999994,56.076136245778486,86.46909435261732,87.3476717936948
2016-10-10T18:30:00Z,46.13,46.23,46.08,46.17,171617,332993.45,46.00728235547962,45.59374999999987,46.24490954270689,44.94259045729285,46.117997499999944,46.03499999999995,57.079653721316376,92.39195936639142,88.59188475665775
2016-10-10T19:30:00Z,46.17,46.18,46.08,46.15,272093,321060.05,46.01424419179769,45.63499999999988,46.31664506897385,44.953354931025906,46.104499999999945,46.050999999999945,56.523369017376744,94.6417297979799,91.16759450566288
2016-10-11T13:30:00Z,46.18,46.18,45.44,45.76,214819,302901.5,46.001842036100236,45.64549999999988,46.32805329466323,44.96294670533653,46.08274999999995,46.032999999999944,46.92056039367833,84.59595959595974,90.54321625344369
2016-10-11T14:30:00Z,45.76,45.87,45.48,45.5,180863,299077.65,45.97736193677827,45.62649999999987,46.303013857994166,44.94998614200558,46.04949999999995,45.93999999999994,41.81968812786577,67.67676767676778,82.30481902356914
2016-10-11T15:30:00Z,45.51,45.725,45.51,45.65,122833,292737.65,45.96139306181348,45.62649999999988,46.30301385799149,44.94998614200827,46.02087499999995,45.84599999999994,45.50076000960464,54.10557184750738,68.79276637341162
2016-10-11T16:30:00Z,45.6489,45.79,45.49,45.55,135215,292004.1,45.94132510757868,45.62349999999988,46.300811597461866,44.94618840253789,45.99037499999995,45.72199999999994,43.52371030256692,44.38695712889258,55.38976555105591
2016-10-11T17:30:00Z,45.56,45.56,45.22,45.38,251203,291400.75,45.91394339501387,45.61549999999988,46.300305811932134,44.93069418806762,45.95262499999994,45.56799999999994,40.31658258875597,35.57771081964635,44.69007993201543
2016-10-11T18:30:00Z,45.38,45.545,45.375,45.52,160725,267665.25,45.89472664403758,45.615999999999886,46.30051150468959,44.931488495310184,45.91537499999994,45.51999999999994,43.97771123189993,28.19176239079165,36.052143446443516
2016-10-11T19:30:00Z,45.52,45.64,45.47,45.61,287040,256094.55,45.88083753945038,45.62549999999988,46.304115502368326,44.94688449763144,45.877374999999944,45.541999999999945,46.25993715395991,29.7143390589994,31.161270756479126
2016-10-12T13:30:00Z,45.61,45.83,45.515,45.79,139067,253440.8,45.876406439964995,45.65124999999988,46.31360092666664,44.988899073333116,45.846624999999946,45.56999999999994,50.59488961435868,42.436476657374506,33.44752603572184
2016-10-12T14:30:00Z,45.8,45.97,45.77,45.91,159875,243454.15,45.8780451502106,45.69374999999988,46.30608875433049,45.08141124566927,45.82437499999994,45.641999999999946,53.299478881283534,54.85276683008101,42.334527515484965
2016-10-12T15:30:00Z,45.9,45.97,45.82,45.97,67019,228064.3,45.882530752639354,45.73224999999988,46.311503614623604,45.152996385376156,45.80587499999994,45.75999999999995,54.6366567744121,66.33663366336636,54.54195905027395
2016-10-12T16:30:00Z,45.99,46.11,45.96,46.02,123699,212927.95,45.88923656958378,45.76874999999988,46.32341093251163,45.21408906748814,45.78887499999994,45.85999999999994,55.77312462914769,73.92739273927408,65.0389310775738
2016-10-12T17:30:00Z,46.025,46.15,45.9,46.02,189079,209570.45,45.89561527350652,45.80524999999988,46.32400307233188,45.28649692766788,45.77062499999994,45.94199999999994,55.77312462914769,77.55775577557795,72.6072607260728
2016-10-12T18:30:00Z,46.01,46.135,45.99,46.07,155292,195608.7,45.9041218455306,45.844999999999885,46.31464880501513,45.37535119498464,45.75737499999994,45.99799999999995,57.02185628829856,82.31916941694206,77.93477264393135
2016-10-12T19:30:00Z,46.06,46.1,45.98,46.04,281951,192819.2,45.91075004818764,45.85574999999989,46.33285874028148,45.37864125971829,45.74712499999994,46.023999999999944,56.000191765173646,84.38875137513766,81.42189218921921
2016-10-13T13:30:00Z,45.59,45.745,45.07,45.105,596935,203528.55,45.87144516778824,45.807499999999884,46.37483147282195,45.240168527177815,45.71474999999994,45.85099999999994,34.97016931550192,59.06635802469122,75.25809293892364
2016-10-13T14:30:00Z,45.105,45.6354,45.105,45.55,462196,218704.45,45.85576491570101,45.79249999999989,46.3703105226208,45.21468947737898,45.69374999999994,45.756999999999934,45.46668591489541,44.36728395061704,62.60746445014863
2016-10-13T15:30:00Z,45.55,45.62,45.45,45.59,169483,219541.2,45.842800773471694,45.773749999999886,46.352290188795365,45.19520981120441,45.67899999999994,45.670999999999935,46.30565467351764,31.944444444444343,45.1260288065842
2016-10-13T16:30:00Z,45.59,45.745,45.58,45.64,164440,215272.2,45.83290805281454,45.749749999999885,46.308323853715095,45.191176146284675,45.66924999999994,45.58499999999994,47.395098410347686,48.45679012345682,41.5895061728394
2016-10-13T17:30:00Z,45.645,45.8,45.6,45.79,185727,215977.7,45.83081497706749,45.73074999999989,46.2556907109907,45.205809289009075,45.662249999999936,45.53499999999993,50.631288233568704,55.86419753086431,45.42181069958849
2016-10-13T18:30:00Z,45.78,46.02,45.755,45.865,288328,216789.45,45.83248253916176,45.7164999999999,46.2096541341712,45.22334586582859,45.67574999999994,45.68699999999994,52.214216287652945,64.35185185185193,56.22427983539102
2016-10-13T19:30:00Z,45.86,46.03,45.84,46.01,645639,238330.45,45.84114192749533,45.72899999999989,46.23833878710673,45.21966121289306,45.68724999999994,45.77899999999993,55.204647144959004,75.77160493827164,65.32921810699595
2016-10-14T13:30:00Z,46.05,47,45.9,46.77,534985,256036.55,45.886452077373605,45.79249999999989,46.462981170541184,45.1220188294586,45.70949999999994,46.01499999999993,66.89761212412577,82.91034990085083,74.3446022303248
2016-10-14T14:30:00Z,46.77,46.88,46.64,46.64,312124,265501.1,45.923210512623676,45.84199999999989,46.60313993460518,45.0808600653946,45.73424999999994,46.21499999999993,63.8284459634363,85.48902961683616,81.3903281519862
2016-10-14T15:30:00Z,46.63,46.68,46.42,46.655,227197,270100.2,45.958907560788376,45.89724999999989,46.72324319007491,45.071256809924876,45.76037499999994,46.387999999999934,64.03348696288498,83.85146804835927,84.08361585534875
2016-10-14T16:30:00Z,46.655,46.655,46.45,46.6,156694,265374.75,45.99018036270114,45.95824999999989,46.8024317044035,45.11406829559628,45.78687499999994,46.534999999999926,62.631567903729014,80.91537132987911,83.41862299835817
2016-10-14T17:30:00Z,46.6,46.71,46.46,46.58,177146,266195.8,46.018952052325474,46.01124999999989,46.871661965311596,45.150838034688185,45.81362499999994,46.64899999999993,62.09914904946531,79.87910189982725,81.54864709268854
2016-10-14T18:30:00Z,46.59,46.61,46.3,46.33,192274,261457.5,46.03412512294374,46.04724999999989,46.89768797542789,45.19681202457189,45.83637499999993,46.560999999999936,55.72259332550963,74.26597582037988,78.3534830166954
2016-10-14T19:30:00Z,46.34,46.415,46.23,46.23,352271,272117.7,46.043679994995266,46.06924999999988,46.9146805116652,45.22381948833456,45.86024999999994,46.478999999999935,53.362228452978876,67.87564766839361,74.00690846286692
2016-10-17T13:30:00Z,46.09,46.29,46.04,46.13,268104,277529.15,46.04789072694672,46.08024999999989,46.922826257706944,45.23767374229284,45.88699999999993,46.37399999999993,51.0341716331868,59.82610359960072,67.32257569612473
2016-10-17T14:30:00Z,46.12,46.24,46.06,46.2,106081,279482.25,46.0553106914859,46.09174999999989,46.93427166147191,45.24922833852787,45.91199999999993,46.29399999999993,52.5933006711212,54.193477826577215,60.63174303152385
2016-10-17T15:30:00Z,46.19,46.31,46.145,46.22,110684,278831.5,46.06334431629146,46.10174999999989,46.9453747685158,45.25812523148398,45.935249999999925,46.22199999999994,53.053251191687444,49.18240969064596,54.40066370560796
2016-10-17T16:30:00Z,46.21,46.33,46.21,46.25,83567,273555.9,46.07244947159432,46.113249999999894,46.9583729200829,45.26812707991689,45.959249999999926,46.20599999999993,53.777685527553686,46.62869691265869,50.001528143293946
2016-10-17T17:30:00Z,46.25,46.34,46.19,46.32,125983,272090.45,46.084525107126304,46.12574999999989,46.97532798350105,45.27617201649873,45.98537499999993,46.22399999999993,55.50306669796237,45.62684002273334,47.14598220867932
2016-10-17T18:30:00Z,46.31,46.46,46.28,46.46,121931,264089.45,46.10284095555917,46.1467499999999,47.007501270720624,45.28599872927917,46.00124999999993,46.289999999999935,58.81433327914056,48.41945779835256,46.89166491124819
2016-10-17T19:30:00Z,46.45,46.54,46.425,46.51,246751,246580.25,46.12270237236116,46.216999999999885,46.94535019053552,45.48864980946425,46.01224999999992,46.35199999999993,59.96032443793594,51.42811580701055,48.49147120936547
2016-10-18T13:30:00Z,46.91,47.19,46.85,46.95,438957,245418.3,46.163058354197204,46.28699999999989,47.01458092336777,45.55941907663202,46.03974999999993,46.49799999999993,68.31540561225782,62.67775203307439,54.17510854614582
2016-10-18T14:30:00Z,46.95,47.2,46.9,47.175,283738,251131.05,46.21242136130954,46.366249999999894,47.11778093751809,45.6147190624817,46.06999999999992,46.68299999999992,71.58114298195969,77.47660260778689,63.860823482623935
2016-10-18T15:30:00Z,47.18,47.495,47.1,47.43,247215,255269.8,46.27181544124566,46.455749999999895,47.264194648722594,45.6473053512772,46.10274999999992,46.90499999999993,74.75671080322249,90.83596947230849,76.99677470438992
2016-10-18T16:30:00Z,47.42,47.51,47.26,47.44,462187,269092.8,46.32880005386782,46.53824999999989,47.39350595586872,45.682994044131064,46.134499999999925,47.10099999999993,74.87527691344891,96.20518962413719,88.17258723474419
2016-10-18T17:30:00Z,47.42,47.515,47.42,47.479,277263,268539.55,46.38490736831329,46.61894999999989,47.50875997412424,45.729140025875544,46.167724999999926,47.29479999999993,75.36132722919729,96.11002110670113,94.38372673438226
2016-10-18T18:30:00Z,47.48,47.485,47.35,47.38,332129,252864.05,46.43344847229801,46.68744999999989,47.59003971302056,45.784860286979224,46.20822499999993,47.38079999999992,71.57600652147383,94.54829163303735,95.62116745462521
2016-10-18T19:30:00Z,47.38,47.44,47.345,47.35,436198,247924.7,46.47815830291762,46.716449999999895,47.66393920313068,45.76896079686911,46.25447499999993,47.41579999999992,70.42167321872535,92.40677966101693,94.35503080025178
2016-10-19T13:30:00Z,47.09,47.2599,46.77,46.95,208176,242727.3,46.50117497106798,46.73194999999989,47.684060807653445,45.77983919234634,46.28697499999993,47.31979999999992,57.180285534669316,80.27646727629259,89.07717952344893
2016-10-19T14:30:00Z,46.96,47.07,46.86,47.045,453293,254032.1,46.52770302125979,46.751449999999885,47.71239213668414,45.79050786331563,46.324349999999924,47.24079999999993,59.14509164204313,71.89179161956444,81.5250128522913
2016-10-19T15:30:00Z,47.04,47.14,46.81,46.86,1192785,305836.65,46.54391262997883,46.76444999999988,47.72387847052541,45.80502152947435,46.36134999999992,47.116999999999926,53.95319643262316,59.14261775750281,70.43695888445326
2016-10-19T16:30:00Z,46.865,47.17,46.825,47.15,265804,310269.55,46.57347786754084,46.79294999999989,47.762578480424544,45.82332151957524,46.40209999999992,47.07099999999993,59.89617255181764,62.90409952715413,64.64616963474045
2016-10-19T17:30:00Z,47.14,47.39,47.12,47.29,144402,307875.95,46.60843016668519,46.84094999999989,47.809201305215026,45.87269869478476,46.44409999999992,47.058999999999926,62.41791151570664,68.26674814758219,63.437821810746364
2016-10-19T18:30:00Z,47.29,47.32,47.21,47.27,145976,297561.2,46.64070186587128,46.892949999999885,47.83574339733335,45.95015660266642,46.48109999999993,47.12299999999992,61.81987313253017,77.25238082890478,69.47440950121369
2016-10-19T19:30:00Z,47.27,47.345,47.255,47.33,289206,298616.3,46.67432616509707,46.95294999999989,47.84527471110782,46.060625288891956,46.516599999999926,47.17999999999992,62.966239861291236,78.15736584431137,74.55883160693276
2016-10-20T13:30:00Z,47.03,47.14,46.49,46.88,329090,309766.75,46.684359035092335,46.98694999999989,47.811144752502315,46.16275524749746,46.53934999999993,47.18399999999992,50.67658939577639,63.579833834173535,72.99652683579654
2016-10-20T14:30:00Z,46.87,46.98,46.69,46.92,504368,329450.95,46.69585371630734,47.02194999999989,47.76871032972619,46.27518967027359,46.56184999999992,47.13799999999992,51.58123328898018,51.72259507829964,64.4865982522615
2016-10-20T15:30:00Z,46.92,47.1,46.695,47.09,207579,335651.55,46.71508036429235,47.06394999999989,47.72147550524789,46.406424494751896,46.58859999999993,47.09799999999992,55.33100119972932,46.17886178861795,53.8270969003637
2016-10-20T16:30:00Z,47.08,47.15,46.96,47.04,116337,335169.25,46.73093010261955,47.099949999999886,47.66260281484686,46.53729718515291,46.61284999999993,47.05199999999992,54.00623174199854,51.382113821138184,49.76119022935192
2016-10-20T17:30:00Z,47.05,47.125,46.9,46.96,115715,334858.45,46.74210424395518,47.124949999999885,47.61083907175901,46.63906092824076,46.63584999999993,46.977999999999916,51.86648080158021,53.143767618580675,50.234914409445594
2016-10-20T18:30:00Z,46.97,47.02,46.88,46.91,102840,327662.9,46.75029428083542,47.14494999999989,47.55494535370104,46.73495464629874,46.680974999999926,46.98399999999991,50.51925319690978,48.36841460189242,50.96476534720375
2016-10-20T19:30:00Z,46.91,47.05,46.87,47.04,298026,320616.35,46.76442626713613,47.14944999999988,47.55270796961633,46.74619203038343,46.718224999999926,47.00799999999991,53.87398753968107,50.85260611047416,50.78826277698241
2016-10-21T13:30:00Z,46.86,47.05,46.59,46.915,783596,345609.25,46.77177132727583,47.13644999999988,47.5521467525221,46.72075324747767,46.75134999999993,46.972999999999914,50.339837050974786,50.847953216373945,50.02299130958016
2016-10-21T14:30:00Z,46.915,47.28,46.65,47.18,981245,382310.75,46.79168492106725,47.12394999999988,47.51806139295738,46.72983860704238,46.78984999999993,47.000999999999905,56.80863246609035,61.66666666666642,54.45574199783817
2016-10-21T15:30:00Z,47.17,47.19,46.79,47.01,577456,388074.2,46.80233443711275,47.10244999999988,47.471359460516176,46.73354053948358,46.82034999999993,47.0109999999999,52.11840284504769,60.555555555555266,57.690058479531864
2016-10-21T16:30:00Z,47.01,47.14,46.88,46.95,584434,403432.75,46.80953763530237,47.07599999999988,47.407037762284936,46.74496223771482,46.847474999999925,47.018999999999906,50.53263811437321,61.8518518518517,61.35802469135778
2016-10-21T17:30:00Z,46.94,47.005,46.69,46.7793,543400,413996.3,46.80806262870225,47.04596499999988,47.370157185529976,46.72177281446979,46.866707499999926,46.966859999999905,46.22361778080239,47.575048732943294,56.66081871345008
2016-10-21T18:30:00Z,46.78,46.85,46.66,46.72,695050,426938.9,46.80376689071678,47.01446499999988,47.336792090325645,46.692137909674116,46.86545749999993,46.92785999999991,44.79459854069947,37.282651072124615,48.903183885639855
2016-10-21T19:30:00Z,46.715,46.85,46.58,46.75,1066615,469860.85,46.801144115559865,47.00446499999988,47.346008486481466,46.6629215135183,46.868207499999926,46.841859999999905,45.70903378906447,31.216078170108542,38.6912593250588
2016-10-24T13:30:00Z,48.32,50.409,48.32,49.76,6974520,795922.2,46.945478548947186,47.140214999999884,48.3896971780074,45.890732821992366,46.94583249999992,47.39185999999991,80.53938549560237,47.62079400193884,38.70650774805731
2016-10-24T14:30:00Z,49.755,50.31,49.74,50.19,2382054,855385.65,47.10374788802293,47.30671499999988,49.12188725991276,45.491542740087006,47.035582499999926,48.039859999999905,82.28759862464912,70.08076273343656,49.639211635161296
2016-10-24T15:30:00Z,50.185,50.28,49.9,50.17,1786200,931405.45,47.25332116177791,47.45771499999988,49.65735465529784,45.25807534470192,47.12533249999992,48.717999999999904,81.91898734033819,90.36301906502997,69.3548586001351
2016-10-24T16:30:00Z,50.18,50.73,50.13,50.72,1947885,1021579.6,47.42242744656923,47.62921499999988,50.2452502889741,45.013179711025664,47.235082499999926,49.5179999999999,84.03673124388851,95.93256284474536,85.45878154773727
2016-10-24T17:30:00Z,50.7092,50.93,50.57,50.875,2787589,1153660.25,47.59084561990732,47.80946499999988,50.77508421917826,44.8438457808215,47.35120749999993,50.3429999999999,84.58470068995298,97.41760990944321,94.57106393973949
2016-10-24T18:30:00Z,50.88,51.345,50.745,51.27,2206999,1249549.9,47.770316565277696,48.00646499999988,51.32139252758789,44.691537472411866,47.479707499999925,50.644999999999904,85.91190245040389,98.97356380449371,97.44124551956075
2016-10-24T19:30:00Z,51.275,51.28,51.07,51.17,2011164,1333653.6,47.936154781605616,48.22096499999988,51.76391709862649,44.678012901373265,47.60395749999992,50.8409999999999,83.9415249932395,97.82968082240797,98.0736181787816
2016-10-25T13:30:00Z,51.17,51.65,50.82,51.495,2760625,1446466.45,48.109756987380955,48.44971499999988,52.21117247990874,44.688257520091014,47.73583249999992,51.105999999999895,85.13478563100958,97.23207035742348,98.01177166144168
2016-10-25T14:30:00Z,51.5,51.61,51.09,51.145,961450,1484160,48.25781762214286,48.65246499999988,52.53412436078395,44.77080563921581,47.85820749999992,51.190999999999896,78.38008491888536,94.43654523967705,96.49943213983613
2016-10-25T15:30:00Z,51.15,51.23,50.584,50.69,1414462,1549066.25,48.37646066496516,48.83496499999988,52.739367066022474,44.93056293397729,47.967457499999924,51.1539999999999,70.54419409704924,89.34911242603546,93.67257600771195
2016-10-25T16:30:00Z,50.7,50.855,50.51,50.7475,1093518,1597956.4,48.49212112033271,49.02433999999988,52.91398821104188,45.13469178895788,48.074644999999926,51.049499999999895,70.93958402731042,84.43458251150558,89.40674672573932
2016-10-25T17:30:00Z,50.75,51.02,50.57,50.585,1018479,1643738.35,48.594212772999406,49.208089999999885,53.02742923024146,45.38875076975831,48.176519999999925,50.9324999999999,68.15523226428833,80.75279421433265,84.84549638395788
2016-10-25T18:30:00Z,50.58,50.585,49.85,49.88,1616634,1709668.75,48.65693410114578,49.35008999999988,53.04560970846654,45.65457029153322,48.24976999999992,50.6094999999999,57.59361885532584,75.42735042735045,80.20490905106287
2016-10-25T19:30:00Z,49.875,49.89,49.43,49.6,2077270,1774352.45,48.702937315724036,49.48433999999988,53.00731204156706,45.9613679584327,48.31039499999993,50.3004999999999,54.0135808870836,60.840426225041604,72.3401902889082
2016-10-26T13:30:00Z,49.68,50.4,49.63,50.02,1197556,1785168,48.76718427593262,49.626339999999885,52.99176207838216,46.26091792161761,48.375144999999925,50.1664999999999,58.20984828488618,43.367924137154944,59.87856692984897
2016-10-26T14:30:00Z,50.02,50.08,49.83,50.02,850717,1798831.05,48.82829723808225,49.776839999999886,52.92285516297352,46.63082483702625,48.43964499999992,50.0209999999999,58.20984828488618,30.530530530530594,44.91296029757569
2016-10-26T15:30:00Z,50.01,50.04,49.76,49.85,542248,1796721.75,48.87813639720019,49.92183999999988,52.78822744862973,47.05545255137003,48.49891999999993,49.873999999999896,55.81882793411484,24.0240240240241,32.64082623056984
2016-10-26T16:30:00Z,49.85,49.95,49.7841,49.89,265611,1782832.3,48.927495597336765,50.07737499999988,52.55618594227906,47.59856405772071,48.56166999999992,49.8759999999999,56.27394472446152,22.072072072072107,25.54220887554223
2016-10-26T17:30:00Z,49.885,49.95,49.6,49.93,478526,1772006.1,48.97639825112522,50.23787499999988,52.185030152411755,48.29071984758801,48.62616999999993,49.941999999999894,56.753699460314486,20.720720720720706,22.27227227227227
2016-10-26T18:30:00Z,49.92,50.01,49.78,49.92,310412,1734195.95,49.02242760472887,50.39637499999988,51.52689642286838,49.265853577131374,48.70041999999992,49.9219999999999,56.586545433075145,21.771771771771764,21.52152152152149
2016-10-26T19:30:00Z,49.929,49.94,49.35,49.47,5452510,1658095.45,49.04426040449819,50.38187499999988,51.55143781899067,49.21231218100909,48.761044999999925,49.81199999999989,49.518670704690635,16.603995299647412,19.69882926404659
2016-10-27T13:30:00Z,49.55,49.57,48.945,49.435,764206,1577203.05,49.063320872571445,50.344124999999885,51.58272428450009,49.10552571549968,48.82541999999992,49.72899999999989,49.00596888840314,15.225318311214352,17.867028460877805
2016-10-27T14:30:00Z,49.43,49.45,49.06,49.34,394149,1507600.5,49.07681741537284,50.30262499999988,51.61519068885778,48.99005931114198,48.88016999999992,49.6189999999999,47.566387278861995,13.630178313448553,15.153163974770068
2016-10-27T15:30:00Z,49.35,49.5,49.23,49.23,423183,1431365.4,49.08428973657416,50.228124999999885,51.60503900877593,48.85121099122384,48.928669999999926,49.4789999999999,45.885582319593986,16.469361131677967,15.108285918780254
2016-10-27T16:30:00Z,49.23,49.49,49.07,49.39,301904,1307081.15,49.099202432351035,50.153874999999886,51.5433501482354,48.764399851764374,48.98166999999992,49.3729999999999,48.723795453771935,17.489124990113552,15.862888145079987
2016-10-27T17:30:00Z,49.39,49.75,49.345,49.605,855068,1239484.6,49.12387548443147,50.07062499999988,51.379832656395934,48.761417343603824,49.03854499999993,49.3999999999999,52.34105445512672,25.14154177686335,19.700009299551585
2016-10-27T18:30:00Z,49.6,49.7,49.37,49.455,532921,1165572.45,49.14002789982506,49.98487499999988,51.217224864106875,48.75252513589289,49.10291999999992,49.4039999999999,49.706458396223645,32.24707732110219,24.959248029359657
2016-10-27T19:30:00Z,49.45,49.585,49.415,49.49,483814,1051731.9,49.15709970958969,49.884624999999886,50.91969537807324,48.84955462192653,49.16716999999992,49.4339999999999,50.33464201785484,37.584164501438714,31.657594533134713
2016-10-28T13:30:00Z,49.24,49.97,49.08,49.46,667148,1037016.8,49.17187533351214,49.80037499999988,50.67291765658834,48.927832343411424,49.22641999999992,49.4799999999999,49.76092108711212,39.294346801499714,36.3751962080135
2016-10-28T14:30:00Z,49.44,49.72,49.43,49.6,366053,984596.35,49.19275946358472,49.745874999999884,50.51995069886074,48.97179930113903,49.29041999999991,49.5219999999999,52.4828427685143,47.549615203640116,41.47604216885947
2016-10-28T15:30:00Z,49.6,49.82,49.6,49.75,281480,943994.45,49.21994192877571,49.69599999999989,50.319374686733894,49.07262531326589,49.36016999999991,49.550999999999895,55.2785866529344,60.25955179915823,49.03450460143265
2016-10-28T16:30:00Z,49.76,49.86,49.47,49.6,365963,911368.65,49.238481346884214,49.64674999999989,50.11863213577512,49.17486786422466,49.42741999999991,49.5799999999999,51.98471064202066,65.63551782536938,57.81489494272254
2016-10-28T17:30:00Z,49.59,49.62,49.31,49.545,437655,852419.7,49.253433476304494,49.62999999999989,50.091237466022214,49.168762533977564,49.49004499999991,49.5909999999999,50.78967229548271,64.47574334898293,63.45693765783681
2016-10-28T18:30:00Z,49.53,49.68,49.43,49.6145,327662,764939.3,49.271046477460374,49.630724999999885,50.09181712481527,49.1696328751845,49.55753249999991,49.6218999999999,52.28243668800018,61.05248291919549,63.72124803118256
2016-10-28T19:30:00Z,49.6,49.66,49.3,49.36,388954,724509.2,49.27538567368182,49.59772499999988,50.03658870044214,49.15886129955763,49.61203249999992,49.573899999999895,46.69637366701482,54.04763540593154,59.85862055803662
2016-10-31T13:30:00Z,49.63,49.84,49.32,49.62,497170,706831.85,49.29219612862417,49.57772499999989,49.97198043441349,49.183469565586286,49.67728249999992,49.54789999999989,52.30311213568571,55.78111319574717,56.96041050695803
2016-10-31T14:30:00Z,49.62,49.71,49.505,49.7,216844,690561.65,49.3120890003986,49.57022499999989,49.948875033097785,49.19157496690199,49.74603249999992,49.567899999999895,53.909556724819495,57.34208880550339,55.72361246906066
2016-10-31T15:30:00Z,49.7097,50.005,49.67,49.97,403997,697480.95,49.34418221989135,49.574224999999885,49.967702632864786,49.180747367134984,49.825799999999916,49.65289999999989,58.93635713404012,75.93171534347988,63.01830578157677
2016-10-31T16:30:00Z,49.98,50,49.82,49.825,173746,682241.95,49.36763674575031,49.56897499999989,49.94577315228353,49.19217684771625,49.90342499999992,49.694999999999894,55.43941597464911,82.26574167750636,71.8465152754965
2016-10-31T17:30:00Z,49.82,49.87,49.74,49.75,408639,687153.3,49.386288611811274,49.56047499999989,49.91204028207966,49.20890971792012,49.978424999999916,49.7729999999999,53.66571699228426,83.07655248831698,80.42466983643436
2016-10-31T18:30:00Z,49.75,49.845,49.655,49.84,385488,433802.2,49.40842087464975,49.578974999999886,49.948053375910796,49.20989662408898,49.98042499999992,49.816999999999894,55.505365462714806,78.37837837837834,81.24022418140052
2016-10-31T19:30:00Z,49.84,49.85,49.69,49.72,636332,427408.5,49.42361985637415,49.59322499999989,49.960972804293945,49.225477195705835,49.96867499999992,49.82099999999989,52.51164373345423,74.59459459459444,78.68317515376322
2016-11-01T13:30:00Z,49.68,49.82,49.36,49.52,343968,424899.45,49.42832132679492,49.60222499999988,49.953169792761,49.251280207238764,49.95242499999993,49.730999999999895,47.87680082640493,60.852341703405635,71.2751048921261
2016-11-01T14:30:00Z,49.52,49.71,49.49,49.66,252094,416345,49.43962272548785,49.62372499999989,49.93076009174759,49.31668990825219,49.92592499999992,49.697999999999894,51.12855221369644,50.48623091176271,61.97772240325421
2016-11-01T15:30:00Z,49.65,49.71,49.455,49.47,220304,412265,49.44110454375674,49.62772499999989,49.924385323541294,49.33106467645849,49.89079999999992,49.641999999999896,46.85623123698531,35.460992907801405,48.93318850765653
2016-11-01T16:30:00Z,49.465,49.51,49.13,49.17,288666,383944.9,49.427879931866165,49.60597499999989,49.96362601365269,49.24832398634708,49.838299999999926,49.507999999999896,41.0268684485456,26.582911178655618,37.51004499940654
2016-11-01T17:30:00Z,49.17,49.175,48.83,49.05,475294,381063.55,49.40944676445806,49.58572499999989,50.0141371235034,49.15731287649638,49.78529999999993,49.373999999999896,38.940003288568526,15.802769334684086,25.948891140380326
2016-11-01T18:30:00Z,49.05,49.24,49.045,49.11,284671,371106.4,49.394839605216205,49.56672499999989,50.04161777480771,49.09183222519207,49.725674999999924,49.291999999999895,40.567808564342094,15.708206686929932,19.364629066756503
2016-11-01T19:30:00Z,49.1,49.33,49.09,49.29,446267,360062.35,49.38972547813249,49.558224999999894,50.046355564054565,49.07009443594522,49.67929999999993,49.21799999999989,45.28074706525461,27.23404255319134,19.58167285826841
2016-11-02T13:30:00Z,49.25,49.77,49.25,49.32,502414,366880.4,49.38632423529676,49.544224999999884,50.04271135645168,49.045738643548084,49.64504999999993,49.187999999999896,46.048649041829485,34.893617021276505,25.945288753799215
2016-11-02T14:30:00Z,49.31,49.33,48.94,48.945,395681,372590.45,49.36479622381887,49.50397499999989,50.05656331652959,48.95138668347019,49.599987499999926,49.1429999999999,38.731744620137164,30.212765957446763,30.78014184397149
2016-11-02T15:30:00Z,48.94,49.37,48.76,49.14,509041,379744.35,49.35383055436429,49.48097499999989,50.053591143300295,48.90835885669948,49.56386249999993,49.1609999999999,43.73800721651008,27.378174330816773,30.82818576984663
2016-11-02T16:30:00Z,49.15,49.33,49.02,49.045,173582,366540.7,49.338765649273356,49.455974999999896,50.058124688667974,48.85382531133182,49.54298749999993,49.1479999999999,41.94004452088881,22.03602366951728,26.54232131926023
2016-11-02T17:30:00Z,49.045,49.29,49,49.19,309572,365636.2,49.33150878833319,49.43474999999989,50.042947953025845,48.82655204697393,49.53273749999993,49.12799999999989,45.61482416586742,31.923459416800682,27.1125524723782
2016-11-02T18:30:00Z,49.195,49.25,49.06,49.25,397798,366078.4,49.32753274987791,49.42924999999989,50.04202463236072,48.81647536763906,49.51348749999993,49.1139999999999,47.10666832611345,36.69311513348211,30.217532739933315
2016-11-02T19:30:00Z,49.25,49.38,49.17,49.17,578457,370142.75,49.31984822549362,49.40674999999989,50.02289344925977,48.79060655074001,49.49223749999994,49.15899999999989,45.32153383568807,41.027638335929815,36.548070962070824
2016-11-03T13:30:00Z,49.27,49.78,49.21,49.54,323533,375477.2,49.330587336445156,49.398749999999886,50.00350511578346,48.79399488421631,49.48448749999993,49.2389999999999,54.00335990829138,53.36798731955997,43.696246929657256
2016-11-03T14:30:00Z,49.55,49.77,49.44,49.7,333131,371933.9,49.34860746637466,49.385249999999886,49.949062690585855,48.821437309413916,49.47973749999993,49.36999999999989,57.17031958421837,69.1022320878037,54.49928591443112
2016-11-03T15:30:00Z,49.7,49.9,49.645,49.73,437663,385129.75,49.367211980210044,49.380499999999884,49.930853522808455,48.83014647719131,49.47473749999993,49.47799999999989,57.757607263738315,84.57172342621249,69.01398094452534
2016-11-03T16:30:00Z,49.72,49.79,49.58,49.7,334669,381431.25,49.383445542151016,49.377999999999886,49.92203492541006,48.83396507458971,49.469237499999934,49.56799999999989,56.917115194892084,86.56690746474034,80.08028765958547
2016-11-03T17:30:00Z,49.69,49.76,49.59,49.66,278126,376063.15,49.3969360035095,49.368999999999886,49.88752290215948,48.85047709784029,49.47398749999993,49.66599999999989,55.75215915445436,82.16374269005843,84.4341245270037
2016-11-03T18:30:00Z,49.64,49.905,49.61,49.69,1425981,415545.6,49.41123180821636,49.36749999999988,49.88211150401772,48.852888495982036,49.480362499999934,49.69599999999989,56.4717470364028,80.87540539850346,83.20201851776737
2016-11-03T19:30:00Z,49.69,49.75,49.48,49.52,543341,425514.25,49.41653757366922,49.36749999999988,49.88211150401772,48.852888495982036,49.484862499999934,49.65999999999989,51.37326091771215,75.51520723205381,79.51811844020519
2016-11-04T13:30:00Z,48.79,50.59,48.79,49.39,1125059,469162.5,49.415243057880474,49.353999999999886,49.85107745881964,48.85692254118013,49.48886249999994,49.59199999999989,47.817930957005615,60.67482759443525,72.35514674166413
2016-11-04T14:30:00Z,49.4,49.67,49.3,49.43,290518,472673.2,49.41596290871557,49.35199999999988,49.84751387474892,48.856486125250846,49.48986249999994,49.53799999999988,48.98774972146367,45.80459907254956,60.66487796634616
2016-11-04T15:30:00Z,49.41,49.74,49.33,49.655,207613,468620.55,49.42762325463188,49.376249999999885,49.881144791086385,48.871355208913386,49.49111249999994,49.536999999999885,55.08700134570474,39.69793564055852,48.725787435847735
2016-11-04T16:30:00Z,49.65,49.68,49.48,49.61,156730,452692.35,49.436519681235204,49.404249999999884,49.89559789107964,48.91290210892013,49.49498749999994,49.52099999999989,53.703997580748506,43.40771098967809,42.97008190092868
2016-11-04T17:30:00Z,49.6,49.67,49.515,49.58,135522,445234.9,49.44351872117495,49.427749999999875,49.9053217224372,48.95017827756255,49.49723749999994,49.53299999999989,52.7531389327728,45.83333333333317,42.97965998785656
2016-11-04T18:30:00Z,49.59,49.64,49.47,49.495,269539,436398.5,49.44603000306885,49.43799999999988,49.91209281799172,48.96390718200804,49.49811249999994,49.553999999999895,50.04924748288154,42.87037037037015,44.0371382311271
2016-11-04T19:30:00Z,49.5,49.51,49.34,49.35,559370,439246.3,49.44134561267525,49.43949999999988,49.91227796064138,48.96672203935838,49.49186249999994,49.53799999999989,45.74209037176241,38.05555555555538,42.25308641975286
2016-11-07T14:30:00Z,50.39,50.88,50,50.39,844753,461699.9,49.487621436447185,49.51174999999988,50.090042962147336,48.93345703785242,49.50786249999994,49.684999999999896,67.40731875226716,48.94426723374077,43.2900643865554
2016-11-07T15:30:00Z,50.39,50.625,50.336,50.4175,510302,461762.95,49.53298136637659,49.57562499999988,50.24982058554684,48.90142941445292,49.52829999999993,49.84649999999989,67.77375126969484,61.84564947722827,49.615157422174775
2016-11-07T16:30:00Z,50.42,50.87,50.42,50.5,488624,477515.05,49.58015300704115,49.64837499999988,50.38861191313705,48.908138086862714,49.552174999999934,50.03049999999989,68.90327286316122,78.74800637958512,63.179307696851346
2016-11-07T17:30:00Z,50.5,50.64,50.43,50.58,154562,469764.55,49.62892603108792,49.71787499999988,50.53039773049439,48.905352269505364,49.576312499999936,50.247499999999896,70.00128747896372,81.77830940988811,74.1239884222338
2016-11-07T18:30:00Z,50.57,50.6075,50.43,50.4374,208478,460298.55,49.668363785669,49.77724499999988,50.61739727308514,48.93709272691462,49.60324749999994,50.4649799999999,65.55772266852917,82.09569377990405,80.87400318979239
2016-11-07T19:30:00Z,50.43,50.51,50.375,50.46,192071,440979.25,49.70698018636807,49.841744999999875,50.683586090689985,48.999903909309765,49.62424749999994,50.4789799999999,65.92687957361458,81.45773524720869,81.77724614566692
2016-11-07T20:30:00Z,50.455,50.46,50.28,50.35,868003,468202.75,49.73834700654524,49.88224499999988,50.73991046040586,49.024579539593894,49.64049749999994,50.46547999999989,62.420068974252736,77.78947368421035,80.44763423710765
2016-11-08T14:30:00Z,50.46,50.726,50.15,50.255,350519,469072.15,49.76354959159181,49.90999499999988,50.77812886178156,49.0418611382182,49.64762249999994,50.41647999999989,59.47755521356642,71.66283084004597,76.97001325715496
2016-11-08T15:30:00Z,50.26,50.42,50.26,50.31,192492,456813.6,49.79020570907514,49.93899499999988,50.819797794031174,49.05819220596858,49.65974749999994,50.3624799999999,60.63455477297831,66.10333091721843,71.85187848049155
2016-11-08T16:30:00Z,50.31,50.65,50.24,50.58,183531,449256.7,49.82873225985196,49.98299499999988,50.8988679835364,49.067122016463365,49.68049749999994,50.39099999999989,65.79733108578952,68.06277498192556,68.60964557972994
2016-11-08T17:30:00Z,50.59,50.74,50.51,50.61,126494,441675.1,49.8668428813226,50.030494999999874,50.972599146035634,49.088390853964114,49.69974749999994,50.4209999999999,66.32578581034541,75.40427314620841,69.85679301511743
2016-11-08T18:30:00Z,50.61,50.75,50.53,50.56,163843,378568.2,49.9006554236971,50.073994999999876,51.02944199590041,49.11854800409934,49.72074749999994,50.462999999999894,64.53607135565034,80.73593073593048,74.73432628802145
2016-11-08T19:30:00Z,50.56,50.59,50.44,50.57,229952,362898.75,49.933306378638704,50.12649499999988,51.06972141076967,49.18326858923009,49.74699749999994,50.5259999999999,64.74099218636448,80.51948051948031,78.88656146720636
2016-11-08T20:30:00Z,50.56,50.63,50.4,50.45,313533,322322.45,49.95851094553438,50.179494999999875,51.06881281831683,49.29017718168292,49.76674749999994,50.5539999999999,60.24248835120649,70.07575757575749,77.11038961038939
2016-11-09T14:30:00Z,49.19,52.52,49.05,51.5,1805285,398060.8,50.03370553355709,50.28299499999988,51.275182140601885,49.29080785939787,49.81749749999994,50.7379999999999,75.97383576109132,67.20389360879267,72.59971056801011
2016-11-09T15:30:00Z,51.49,52.45,51.28,52.41,868375,431098.9,50.14962233679821,50.420744999999876,51.73774522094714,49.10374477905261,49.898497499999934,51.0979999999999,82.4537342950587,72.85717404593477,70.0456084101616
2016-11-09T16:30:00Z,52.39,52.73,52.075,52.21,502438,448384.3,50.25012856427147,50.55074499999988,52.02577543425319,49.075714565746566,49.977497499999934,51.4279999999999,77.50614986175178,84.4349079062773,74.83199185366821
2016-11-09T17:30:00Z,52.22,52.7,51.91,52,500596,466638,50.33548814650213,50.67174499999988,52.20430808906773,49.13918191093203,50.04974749999994,51.7139999999999,72.58142090202027,87.62085995906938,81.63764730376045
2016-11-09T18:30:00Z,51.99,52.45,51.97,52.21,480099,477166,50.42692774911178,50.807494999999875,52.3795437594144,49.23544624058535,50.12274749999993,52.065999999999896,74.33744603979228,83.96739130434784,85.3410530565648
2016-11-09T19:30:00Z,52.21,52.655,52.14,52.65,538758,476135.4,50.5353702979356,50.97249499999988,52.59006846107517,49.35492153892459,50.20599749999994,52.29599999999989,77.57773231967735,87.95289855072463,86.5137166047139
2016-11-09T20:30:00Z,52.65,53.085,52.61,53.01,1955200,531657.75,50.65608394193874,51.10349499999988,52.92292489476706,49.284065105232706,50.30762249999994,52.4159999999999,79.82256497547478,93.94563870481112,88.62197618662782
2016-11-10T14:30:00Z,53,53.145,51.87,51.87,1517658,582025.55,50.715299359405144,51.17611999999988,52.99617926674805,49.3560607332517,50.37587249999994,52.3479999999999,59.5059320330544,88.2772732538369,90.05860350312417
2016-11-10T15:30:00Z,51.87,52.07,51.2899,51.86,790694,597129.05,50.771138415043914,51.244119999999874,53.0596723827413,49.42856761725845,50.44624749999994,52.319999999999894,59.36319942978059,78.54200047508584,86.92163747791125
2016-11-10T16:30:00Z,51.87,52.04,51.18,51.25,750657,626933.8,50.79449751674909,51.27761999999988,53.067462812785195,49.48777718721456,50.49774749999994,52.12799999999989,51.28253730600134,63.736263736263616,76.85184582172876
2016-11-10T17:30:00Z,51.25,51.7,51,51.56,390234,636021.6,50.831839101297916,51.33374999999988,53.08466083441591,49.582839165583856,50.55549749999994,51.9099999999999,54.660268861209715,61.212861212861135,67.8303751414035
2016-11-10T18:30:00Z,51.58,52.24,51.55,52.16,477362,650286.15,50.896627437819966,51.41874999999989,53.156748489662974,49.680751510336805,50.63024749999994,51.739999999999895,60.385222001433455,63.65486365486356,62.8679962013294
2016-11-10T19:30:00Z,52.16,52.18,51.92,52.13,511578,632464.9,50.95679195304826,51.50774999999989,53.19940148599591,49.81609851400387,50.69499749999994,51.7919999999999,59.97743295373534,70.81807081807074,65.22859856193178
2016-11-10T20:30:00Z,52.13,52.23,52.03,52.2,1097200,669798.95,51.01743624802152,51.60499999999988,53.21925524625905,49.990744753740714,50.75749749999994,51.8599999999999,60.64525909701561,76.02767602767595,70.16687016687004
2016-11-11T14:30:00Z,52.02,52.15,51.54,51.97,515776,685963.15,51.06390277250827,51.68799999999989,53.19448730498212,50.18151269501766,50.81349749999994,52.003999999999905,57.26417507284567,65.7860657860657,70.87727087727076
2016-11-11T15:30:00Z,51.97,52.11,51.875,52.05,384929,696033.05,51.112005076288355,51.76149999999988,53.185779115931496,50.33722088406826,50.87224749999994,52.101999999999904,58.13839720039352,57.03185703185687,66.28186628186613
2016-11-11T16:30:00Z,52.06,52.725,52.04,52.61,524037,715910.2,51.18507799939624,51.86149999999988,53.22801783745334,50.494982162546414,50.94599749999994,52.19199999999991,63.73137971150241,56.4102564102562,59.742726409392894
2016-11-11T17:30:00Z,52.61,52.91,52.44,52.565,479225,731679.3,51.25239126771837,51.96174999999987,53.221659818233725,50.70184018176601,51.01787249999994,52.278999999999904,63.00293339864079,65.65656565656542,59.699559699559465
2016-11-11T18:30:00Z,52.58,52.74,52.51,52.51,279612,734162.3,51.31373803514675,52.058749999999876,53.164398565358084,50.95310143464167,51.09262249999993,52.34099999999991,62.06913149176744,72.80497280497256,64.95726495726468
2016-11-11T19:30:00Z,52.5,52.53,52.32,52.49,294212,733196.25,51.37111666757861,52.16074999999987,52.99766262989631,51.32383737010343,51.17012249999994,52.444999999999915,61.710945845367675,70.94017094017074,69.80056980056953
2016-11-11T20:30:00Z,52.485,52.58,52.48,52.54,411425,663503.25,51.428135366721115,52.21274999999988,53.007139545549144,51.418360454450614,51.247872499999936,52.54299999999991,62.29672814069022,70.55167055167038,71.4322714322712
2016-11-14T14:30:00Z,51.87,52.86,51.87,52.72,848616,662515.3,51.49115315371033,52.228249999999875,53.049086615946415,51.407413384053335,51.324497499999936,52.564999999999905,64.40780277107018,77.10369909322783,72.86518019502294
2016-11-14T15:30:00Z,52.72,53.225,52.62,53.16,889976,681892.2,51.57256031694397,52.27574999999988,53.19134420600848,51.36015579399128,51.41324749999993,52.6839999999999,68.98005724830377,86.30862650040235,77.98799871510016
2016-11-14T16:30:00Z,53.14,53.66,53.045,53.66,677245,690724.65,51.6743866429467,52.35874999999987,53.44446577776116,51.273034222238586,51.51524749999993,52.91399999999991,73.19417598247976,95.71033590211181,86.37422049858064
2016-11-14T17:30:00Z,53.65,53.91,53.38,53.38,921394,712789.4,51.75758729451027,52.417249999999875,53.587401592777304,51.247098407222445,51.612372499999935,53.091999999999906,67.65154216358789,91.57192749569363,91.19696329940257
2016-11-14T18:30:00Z,53.4,53.54,53.13,53.33,595574,715630.2,51.83429035331465,52.45124999999988,53.68430261448019,51.218197385519574,51.711872499999934,53.2499999999999,66.6805064401557,84.38818565400848,90.5568163506046
2016-11-14T19:30:00Z,53.33,53.43,53.02,53.105,929099,664325.15,51.89627618973832,52.45599999999988,53.698322824421176,51.21367717557859,51.77974749999993,53.326999999999906,62.34391251293242,73.06610407876235,83.00873907615478
2016-11-14T20:30:00Z,53.105,53.145,52.785,52.92,851298,631007.15,51.94621393658036,52.50849999999988,53.73598564149626,51.2810143585035,51.84230999999993,53.278999999999904,58.94920978726781,66.59634317862168,74.68354430379746
2016-11-15T14:30:00Z,52.94,53.33,52.41,53.15,580682,620506.55,52.00493520796668,52.57299999999988,53.79294835959449,51.35305164040527,51.90855999999993,53.17699999999989,61.73860042226154,62.33556713824774,67.33267146521054
2016-11-15T15:30:00Z,53.16,53.25,52.5,52.59,520897,609018.55,52.03347495391953,52.63999999999987,53.69844697556373,51.58155302443601,51.95880999999993,53.018999999999906,52.40214996609661,52.0890212625136,60.34031052646096
2016-11-15T16:30:00Z,52.6,52.86,52.52,52.82,667690,622891.35,52.07184202933809,52.70299999999988,53.639821220978995,51.76617877902077,52.01837499999992,52.916999999999895,55.38628130684544,48.20261437908513,54.20906759328211
2016-11-15T17:30:00Z,52.83,52.86,52.72,52.77,261276,612087.05,52.10589851571184,52.73349999999988,53.63673917102906,51.830260828970694,52.07612499999992,52.849999999999895,54.58509863336536,41.993464052287806,47.42836656462881
2016-11-15T18:30:00Z,52.78,53.1,52.77,53.08,325994,602807.85,52.15341566128687,52.78099999999988,53.651623914259396,51.91037608574036,52.144374999999926,52.881999999999906,58.58511840814836,50.00000000000014,46.73202614379098
2016-11-15T19:30:00Z,53.09,53.55,52.94,53.545,568230,576359.35,52.22129782415092,52.84824999999988,53.736575813021446,51.95992418697831,52.22662499999992,52.9609999999999,63.74362599543567,61.84640522875835,51.279956427015385
2016-11-15T20:30:00Z,53.54,53.62,53.435,53.46,441751,572658.1,52.2817223205338,52.92274999999987,53.75190906199078,52.093590938008965,52.30537499999993,53.1349999999999,62.21804706897574,73.12091503267989,61.65577342047942
2016-11-16T14:30:00Z,52.99,52.99,52.13,52.51,1069183,606870.8,52.29285781709313,52.945749999999876,53.698825527475364,52.19267447252439,52.35362499999992,53.0729999999999,48.30357945647786,60.4657780715283,65.1443661109888
2016-11-16T15:30:00Z,52.5,52.57,52.13,52.3,387547,600046.3,52.293206216259314,52.93024999999987,53.72209262961764,52.138407370382104,52.39587499999992,52.97899999999991,45.86193210363537,36.28001762502743,56.62223690974516
2016-11-16T16:30:00Z,52.3,52.58,52.16,52.57,324617,592315.9,52.306708352051544,52.93049999999987,53.721884230371984,52.13911576962775,52.44612499999992,52.87699999999991,49.40317748516467,18.539325842696442,38.42837384641735
2016-11-16T17:30:00Z,52.57,52.64,52.36,52.41,204658,588568.2,52.31174696902464,52.925499999999865,53.728624523399155,52.122375476600574,52.492124999999916,52.6499999999999,47.423529186749114,17.68720307669081,24.168848848138186
2016-11-16T18:30:00Z,52.4,52.41,52.27,52.37,224244,585069.8,52.31458858029173,52.91949999999987,53.7372096062056,52.10179039379414,52.54012499999992,52.4319999999999,46.91736494261973,19.872809994218393,18.699779637868506
2016-11-16T19:30:00Z,52.38,52.84,52.27,52.775,919368,610466.95,52.33704767393604,52.93124999999988,53.73341503917627,52.129084960823484,52.571999999999925,52.4849999999999,52.45109337978165,26.062639821028814,21.207550963979298
2016-11-16T20:30:00Z,52.775,52.86,52.7,52.73,369043,586488.3,52.3562160800855,52.93174999999987,53.73340001720138,52.13009998279836,52.57999999999993,52.5709999999999,51.80487666467317,33.22147651006688,26.38564210843798
2016-11-17T14:30:00Z,52.62,53,52.49,52.93,457450,564862,52.38420553959352,52.920249999999875,53.71504226850781,52.12545773149194,52.59799999999992,52.6429999999999,54.48864819859794,45.74944071588353,35.011185682326364
2016-11-17T15:30:00Z,52.92,53.35,52.86,53.3101,283483,545173.9,52.429371123027984,52.902754999999864,53.64533229697589,52.16017770302384,52.63075249999993,52.82301999999991,59.14494642089126,57.72035794183435,45.563758389261544
2016-11-17T16:30:00Z,53.3,53.38,53.18,53.34,158533,507030.85,52.47379204385589,52.90075499999987,53.63837897058537,52.163131029414366,52.65900249999993,53.0170199999999,59.49600285598052,71.3668903803133,58.27889634601035
2016-11-17T17:30:00Z,53.33,53.39,53.2,53.25,147994,484651.85,52.51165584659462,52.89675499999987,53.62584297958835,52.16766702041139,52.67400249999993,53.1120199999999,57.883711488742854,78.52572706935136,69.20432513049963
2016-11-17T18:30:00Z,53.25,53.37,53.185,53.29,179858,447189.8,52.54962385407781,52.906004999999865,53.64996881765646,52.16204118234327,52.68100249999992,53.2240199999999,58.42298760140615,78.07606263982116,75.98956002982857
2016-11-17T19:30:00Z,53.28,53.51,53.21,53.48,412379,425243.85,52.595008056317916,52.934004999999864,53.7189897399681,52.14902026003163,52.72125249999992,53.33401999999991,60.97886093689779,81.20805369127517,79.26994780014918
2016-11-17T20:30:00Z,53.47,53.49,53.355,53.39,632637,427841.6,52.633788151131675,52.94600499999988,53.7509152819438,52.14109471805596,52.759502499999925,53.34999999999991,59.124777975253856,86.58690788833775,81.95700807314465
2016-11-18T14:30:00Z,53.13,53.75,53.09,53.6079,236468,413620.15,52.68130580229598,52.99689999999987,53.833435978953474,52.16036402104626,52.81844999999993,53.403579999999906,62.127231621858286,91.04558991115101,86.2801838302546
2016-11-18T15:30:00Z,53.6,53.61,53.345,53.52,169235,388697.4,52.722217714379106,53.03189999999987,53.89408353271271,52.16971646728703,52.86744999999993,53.45757999999991,60.20603188246954,89.35577802759475,88.99609194236113
2016-11-18T16:30:00Z,53.52,53.56,53.28,53.45,123713,381819.25,52.757719289287444,53.06589999999987,53.937668113710565,52.19413188628918,52.899699999999925,53.48957999999991,58.65057966577848,85.4975719954757,88.63297997807378
2016-11-18T17:30:00Z,53.455,53.69,53.44,53.61,91854,370112.25,52.79929395810269,53.09239999999987,53.99591527052997,52.18888472946977,52.93669999999993,53.51557999999991,61.122966459853664,85.2682871550797,86.70721239271667
2016-11-18T18:30:00Z,53.61,53.65,53.51,53.55,206475,352024.5,52.83591376502451,53.092649999999864,53.99666869122331,52.188631308776415,52.97044999999993,53.547579999999904,59.68183010955263,85.58558558558553,85.4504815787136
2016-11-18T19:30:00Z,53.55,53.715,53.54,53.715,191674,339520.65,52.87879602038917,53.105399999999875,54.036568214705056,52.174231785294694,53.01407499999992,53.5689999999999,62.313343790671325,91.4164164164164,87.42342971902718
2016-11-18T20:30:00Z,53.72,53.745,53.55,53.59,363340,304228.5,52.91348889744335,53.15939999999987,54.07125385017572,52.24754614982402,53.05257499999993,53.5829999999999,59.16294619930089,90.33676533676544,89.11292244625577
2016-11-21T14:30:00Z,53.5,53.97,53.12,53.17,544049,312053.6,52.92600163415343,53.20289999999987,54.02522429374258,52.38057570625716,53.06657499999993,53.526999999999894,50.013487332624294,70.81724581724605,84.19014252347593
2016-11-21T15:30:00Z,53.175,53.61,53.1,53.61,420771,316861.3,52.959367408097165,53.25489999999987,54.04130628435826,52.468493715641486,53.09269999999994,53.526999999999894,57.43927756316041,58.10680810680822,73.08693975360653
2016-11-21T16:30:00Z,53.61,53.88,53.59,53.85,297491,321502.95,53.00281290038511,53.326899999999874,54.05199064542283,52.601809354576915,53.126199999999926,53.5869999999999,60.85519395176631,57.79415779415789,62.239403906070685
2016-11-21T17:30:00Z,53.845,53.91,53.5,53.56,324261,326503.8,53.02999275890291,53.38639999999988,53.96892128208061,52.803878717919154,53.15294999999993,53.555999999999905,55.100464147008736,66.28787878787887,60.72961489628162
2016-11-21T18:30:00Z,53.56,53.715,53.505,53.574,330900,297080.4,53.05652969749301,53.42634999999988,53.94134882920082,52.91135117079894,53.17879999999993,53.5527999999999,55.32012565000947,64.92424242424245,63.00209300209303
2016-11-21T19:30:00Z,53.57,53.7,53.53,53.62,377946,297525.55,53.084016053712865,53.470849999999885,53.88051107219822,53.06118892780155,53.201299999999925,53.642799999999895,56.08042515215501,56.21212121212104,62.4747474747474
2016-11-21T20:30:00Z,53.615,53.78,53.61,53.72,437787,296542.4,53.11503966084882,53.51034999999988,53.85019201340534,53.17050798659442,53.21529999999992,53.6647999999999,57.76306813144445,62.272727272726996,61.13636363636345
2016-11-22T14:30:00Z,53.65,54.35,53.65,54.145,715493,318142.9,53.16528162861229,53.55209499999988,53.97760425486521,53.12658574513455,53.227424999999926,53.72379999999989,64.06440013995842,71.80606060606048,63.43030303030279
2016-11-22T15:30:00Z,54.15,54.54,54.13,54.35,529967,336714.6,53.223072768679984,53.60259499999988,54.14035958229975,53.06483041770001,53.25167499999992,53.8817999999999,66.6490284877437,80.66548821548827,71.58142536475853
2016-11-22T16:30:00Z,54.35,54.465,54.27,54.435,379854,348307.6,53.28219117020779,53.66184499999988,54.28543418045132,53.03825581954844,53.27929999999992,54.053999999999895,67.68680272369048,87.70462962962979,80.05872615039279
2016-11-22T17:30:00Z,54.44,54.64,54.33,54.64,418209,360225.15,53.348425747270824,53.729344999999874,54.46033211751848,52.998357882481265,53.31767499999993,54.2579999999999,70.1030475369955,93.17129629629642,87.18047138047143
2016-11-22T18:30:00Z,54.63,54.66,54.385,54.39,490261,364119.25,53.39923424740395,53.77484499999988,54.55003503217067,52.99965496782909,53.35442499999992,54.391999999999896,63.83423225348149,91.80021367521381,90.8920465337133
2016-11-22T19:30:00Z,54.39,54.46,54.1503,54.21,344565,349715.65,53.43878379631108,53.815844999999875,54.592019223985055,53.039670776014695,53.38092499999992,54.404999999999895,59.695143354195714,84.61538461538474,89.8622981956316
2016-11-22T20:30:00Z,54.21,54.31,54.18,54.23,448619,360323.2,53.47737970868615,53.84694999999988,54.6370341664517,53.05686583354806,53.42192499999993,54.380999999999894,60.00545214584866,75.42735042735053,83.94764957264964
2016-11-23T14:30:00Z,54.19,54.69,53.3,53.98,908465,397284.7,53.50189777167707,53.86994999999988,54.64730332383403,53.09259667616573,53.45092499999993,54.28999999999989,54.37044720844642,66.31188517980969,75.45154007418161
2016-11-23T15:30:00Z,53.98,54.26,53.8131,54.05,436367,412917.4,53.528634465741604,53.89994999999989,54.6561842164122,53.14371578358758,53.48292499999993,54.17199999999989,55.62695598284231,60.57954797265227,67.43959452660411
2016-11-23T16:30:00Z,54.04,54.15,53.91,53.96,278848,422267.1,53.54967668692494,53.91744999999988,54.662146038712585,53.17275396128718,53.50492499999992,54.085999999999885,53.58388858630838,52.261586956849634,59.71767336977047
2016-11-23T17:30:00Z,53.955,54.25,53.94,54.16,264082,425147.45,53.57944855585543,53.94794999999989,54.679806126619994,53.21609387337979,53.52029999999993,54.07599999999989,57.334058151150295,54.436450839328586,55.75919525627677
2016-11-23T18:30:00Z,54.15,54.249,54.02,54.21,231554,427141.45,53.61020716288687,53.97269999999988,54.70485028516991,53.240549714829854,53.53904999999993,54.07199999999989,58.24238577245502,58.27338129496417,54.99047303038074
2016-11-23T19:30:00Z,54.205,54.28,54.095,54.195,345083,426228.6,53.63873364274605,54.002949999999885,54.71917300303361,53.28672699696616,53.58117499999992,54.11499999999988,57.84452658361469,63.908872901678784,58.87290167865712
2016-11-23T20:30:00Z,54.195,54.375,54.19,54.34,600313,429041.8,53.672941757734044,54.06144999999988,54.68051848577129,53.44238151422847,53.632174999999926,54.17299999999989,60.64331563682047,68.22541966426887,63.46922462030388
2016-11-25T14:30:00Z,54.3,54.72,54.12,54.705,210586,418532.55,53.72328606223482,54.11619999999988,54.75910391200908,53.473296087990676,53.68554999999992,54.32199999999989,66.64632984034756,79.38409835511891,70.50613030702213
2016-11-25T15:30:00Z,54.71,54.93,54.695,54.785,191785,413247.25,53.775076986028246,54.16294999999989,54.85567605701814,53.47022394298164,53.744924999999924,54.44699999999989,67.80541540937196,88.28936677841695,78.63296159926819
2016-11-25T16:30:00Z,54.78,54.8,54.5,54.79,310908,412579.6,53.824585425734185,54.22444999999989,54.91050319769831,53.53839680230147,53.80542499999992,54.56299999999989,67.88054391529212,93.81966646504787,87.16437719952785
2016-11-25T17:30:00Z,54.8,54.82,54.55,54.62,481116,420090.4,53.86338613667398,54.27674999999989,54.914247254949345,53.63925274505044,53.85154999999993,54.647999999999875,62.537077222260734,87.83231083844571,89.98044802730345
2016-11-28T14:30:00Z,54.68,54.79,54.02,54.33,414483,421917.25,53.88614778854354,54.31224999999988,54.874090502345865,53.75040949765389,53.891549999999924,54.64599999999988,54.63593415112165,78.52760736196312,86.72652822181885
2016-11-28T15:30:00Z,54.34,54.71,54.34,54.7,595695,429812.65,53.92584789641946,54.361249999999885,54.87698127699817,53.8455187230016,53.93579999999994,54.64499999999988,61.34611079552514,76.6871165644172,81.01567825494196
2016-11-28T16:30:00Z,54.71,54.75,54.51,54.65,438616,415968.8,53.96117238927705,54.386499999999884,54.90683739061561,53.86616260938416,53.96929749999994,54.61799999999988,60.053367453481634,77.30061349693256,77.50511247443757
2016-11-28T17:30:00Z,54.65,54.985,54.6,54.88,472133,413077.1,54.00599324833671,54.41299999999988,54.975480221938845,53.85051977806092,54.00779749999994,54.635999999999875,63.829303749698795,86.58394919476906,80.19055975203956
2016-11-28T18:30:00Z,54.88,54.97,54.745,54.755,441076,416138.2,54.04253016305199,54.42899999999988,55.01094157788763,53.847058422112134,54.04542249999994,54.662999999999876,60.48315106837469,84.15564273165027,82.68006847445058
2016-11-28T19:30:00Z,54.75,55.03,54.72,54.94,576667,424061.1,54.08630917948848,54.44399999999989,55.06131353465827,53.82668646534151,54.08667249999994,54.784999999999876,63.53036834532413,87.12932052381167,85.95630415007695
2016-11-28T20:30:00Z,54.94,54.99,54.83,54.98,586037,428849.9,54.129903853659776,54.47349999999989,55.13264414210634,53.81435585789344,54.12417249999994,54.84099999999988,64.17364339355092,88.46575845978013,86.58357390508064
2016-11-29T14:30:00Z,54.98,55.54,54.78,55.07,726282,447935.75,54.17576220226174,54.51649999999988,55.21245330308664,53.82054669691312,54.16617249999994,54.92499999999988,65.64209359396412,85.29052386165681,86.96186761508282
2016-11-29T15:30:00Z,55.08,55.485,55.07,55.445,454050,448207.3,54.2376762411758,54.57724999999989,55.368195478571074,53.78630452142871,54.21209999999994,55.037999999999876,70.97954814827537,85.95948410630524,86.57192214258066
2016-11-29T16:30:00Z,55.44,55.66,55.405,55.5981,434108,424489.45,54.30403837575259,54.65815499999989,55.51634944531709,53.799960554682684,54.26405249999995,55.20661999999987,72.83498450170892,86.35151904150632,85.86717566982274
2016-11-29T17:30:00Z,55.61,55.84,55.55,55.7,416457,423493.95,54.372134064740266,54.74065499999989,55.66390491523031,53.81740508476947,54.32030249999995,55.358619999999874,74.02533674272658,94.09443402126341,88.80181238969159
2016-11-29T18:30:00Z,55.71,55.76,55.5342,55.565,401107,429606.9,54.430322646948056,54.82090499999989,55.7377772080921,53.90403279190768,54.36917749999994,55.47561999999988,69.66968024995514,91.14113731796658,90.52903012691205
2016-11-29T19:30:00Z,55.57,55.62,55.34,55.39,346300,433717.8,54.47713617636522,54.88240499999988,55.77847440912967,53.986335590870084,54.415177499999935,55.53961999999988,64.38130831565566,84.15750915750901,89.79769349891292
2016-11-29T20:30:00Z,55.385,55.46,55.315,55.39,492976,446788.9,54.52166611898155,54.94140499999988,55.80750039080718,54.07530960919259,54.45705249999994,55.528619999999876,64.38130831565566,78.47985347985329,84.5928333184429
2016-11-30T14:30:00Z,55.46,56.0918,55.08,55.105,680338,463551.65,54.55012143025074,54.98690499999989,55.7842561183763,54.189553881623475,54.494927499999946,55.42999999999987,56.308440330130225,64.73960639961307,75.79232301232507
2016-11-30T15:30:00Z,55.11,55.19,54.53,54.56,841651,475618.55,54.55060331170193,54.99790499999989,55.76474081422288,54.231069185776896,54.52967749999995,55.20199999999987,44.752153407343414,40.70168326572345,61.30704771506321
2016-11-30T16:30:00Z,54.57,54.665,54.44,54.51,530621,491620.3,54.54862266235062,54.98815499999988,55.77435377001796,54.201956229981796,54.552177499999935,54.99099999999987,43.86274985744635,17.022708569676528,40.82133274500429
2016-11-30T17:30:00Z,54.51,54.74,54.5,54.605,431609,503611.5,54.551372776382294,54.97915499999988,55.778461991072774,54.17984800892698,54.57105249999994,54.83399999999987,46.0563794531084,5.7959532855297935,21.173448373643197
2016-11-30T18:30:00Z,54.625,54.65,54.27,54.435,364891,506310.65,54.54569605558316,54.961404999999885,55.791884636099326,54.130925363900445,54.59292749999994,54.64299999999987,42.83100303597815,7.761293533355392,10.193318462853838
2016-11-30T19:30:00Z,54.43,54.48,54.31,54.465,540469,509278.3,54.54175966262788,54.95365499999989,55.79948493915655,54.10782506084323,54.61520249999994,54.51499999999987,43.581875662167704,9.9165930170676,7.824613278650863
2016-11-30T20:30:00Z,54.47,54.47,54.21,54.23,818185,529463.4,54.52655187420701,54.94865499999988,55.810208530535135,54.08710146946463,54.63045249999993,54.44899999999988,39.23469876625199,6.941162818445979,8.206349789622925
2016-12-01T14:30:00Z,54.11,54.53,53.7801,54.28,714655,535411.4,54.514524953513984,54.92765499999989,55.83184774824242,54.02346225175736,54.64445249999994,54.40299999999987,40.59247951716401,11.130430046829252,9.329395294114212
2016-12-01T15:30:00Z,54.29,54.41,54.18,54.28,512781,539119.65,54.503084711879154,54.909154999999885,55.84972316126018,53.96858683873959,54.647827499999934,54.33799999999987,40.59247951716401,14.770789601483225,10.947460822252753
2016-12-01T16:30:00Z,54.29,54.33,54.09,54.1,351955,533110.75,54.483422043007,54.87015499999988,55.87482451082304,53.86548548917673,54.64157749999994,54.27099999999988,37.128660873078694,19.029285806982042,14.976835151764774
2016-12-01T17:30:00Z,54.1,54.24,53.86,53.92,312481,526681,54.4559380409091,54.82840499999988,55.91481898461963,53.74199101538014,54.62870249999993,54.16199999999988,34.003859203950114,13.838300817580313,15.879458742015126
2016-12-01T18:30:00Z,53.91,54.13,53.855,53.965,420957,518895.5,54.431989843791584,54.77965499999989,55.927432001849105,53.63187799815068,54.611827499999926,54.10899999999988,35.46612265012941,9.296188951853827,14.05459185880533
2016-12-01T19:30:00Z,53.965,54.29,53.95,54.04,431008,511144.05,54.41286838799687,54.73265499999989,55.92006660764712,53.54524339235265,54.60307749999993,54.06099999999988,37.93438642461157,8.431024786953506,10.521838185462483
2016-12-01T20:30:00Z,54.045,54.35,54.01,54.26,1017393,525699.6,54.40541139346044,54.692154999999886,55.88601661089781,53.49829338910196,54.60432749999992,54.05699999999988,44.62496842274447,13.333621721388424,10.353611820065185
2016-12-02T14:30:00Z,54.62,54.78,53.83,54,570939,531544.05,54.38563522792578,54.61990499999989,55.79756619320236,53.44224380679742,54.59857749999992,54.03699999999988,39.24115526382792,15.866424433382386,12.543690313908037
2016-12-02T15:30:00Z,53.99,54.82,53.98,54.77,476250,533651.15,54.40438472900257,54.57849999999989,55.670819092606905,53.48618090739288,54.61832749999992,54.20699999999988,56.12387422825284,43.84943678233841,24.349827645703005
2016-12-02T16:30:00Z,54.77,54.79,54.5,54.525,210108,523333.7,54.41026840075855,54.51974999999989,55.48327205479365,53.556227945206125,54.630202499999925,54.31899999999987,51.24474560045465,60.806861297246826,40.17424083765581
2016-12-02T17:30:00Z,54.525,54.59,54.22,54.27,197270,513141.85,54.40342603974594,54.45499999999989,55.29498214271058,53.6150178572892,54.63795249999991,54.364999999999874,46.694649931600644,71.31134403949119,58.655880706358744
2016-12-02T18:30:00Z,54.265,54.47,54.21,54.32,443828,518018.25,54.3993564768315,54.4014999999999,55.12463276794012,53.67836723205968,54.64195249999991,54.376999999999875,47.6756954511184,56.886880148732416,63.00169516182341
2016-12-02T19:30:00Z,54.32,54.445,54.21,54.44,321614,509450.15,54.401339087717766,54.35399999999989,54.91859365925678,53.78940634074301,54.64770249999992,54.464999999999876,50.051635908448,54.16225919158908,60.786827793270824
2016-12-02T20:30:00Z,54.44,54.51,54.39,54.43,422475,496557,54.40273718099983,54.320249999999895,54.770321938776455,53.870178061223335,54.65357749999991,54.39699999999988,49.848499571878364,59.290957463858724,56.780032268060005
2016-12-05T14:30:00Z,54.6,54.99,54.55,54.9,327645,470856.7,54.426993903877886,54.337249999999884,54.844334559100204,53.83016544089956,54.667577499999915,54.47199999999988,58.395148370082495,72.7319326681499,62.06171644119917
2016-12-05T15:30:00Z,54.9,55.04,54.73,55.04,294301,459040.7,54.45689664027409,54.36374999999988,54.95292633190562,53.77457366809414,54.675952499999916,54.62599999999988,60.551677498391655,84.91259106479065,72.31182706559969
2016-12-05T16:30:00Z,55.045,55.14,54.9,54.93,222928,448606.65,54.47997485294365,54.37999999999988,55.011316085711194,53.74868391428857,54.679577499999915,54.74799999999988,58.007514449404646,92.0702816530665,83.23826846200228
2016-12-05T17:30:00Z,54.93,55.13,54.885,55.07,162323,438478.25,54.508756567434204,54.41174999999987,55.111137410584504,53.712362589415235,54.68657749999992,54.873999999999874,60.294131787766936,92.87531806615776,89.95273026133823
2016-12-05T18:30:00Z,55.06,55.18,54.995,55.08,107335,416821.55,54.5366221007301,54.44249999999987,55.20019716911386,53.68480283088587,54.69807749999991,55.003999999999884,60.45975375093255,90.40618226368859,91.78392732763756
2016-12-05T19:30:00Z,55.09,55.2,55.03,55.14,251152,388469.9,54.56605516898717,54.48799999999987,55.29676078050384,53.679239219495905,54.71832749999991,55.051999999999886,61.49749283902305,94.28983969947167,92.52378000977261
2016-12-05T20:30:00Z,55.15,55.15,55,55.02,279963,366735.3,54.58819881928048,54.52499999999988,55.35960769232011,53.690392307679645,54.72632749999991,55.047999999999874,58.207159549179,91.69144813913665,92.12915670076556
2016-12-06T14:30:00Z,55.02,55.2809,54.52,54.77,414209,361806.7,54.59706716955948,54.549499999999874,55.38266805032586,53.71633194967389,54.72932749999991,55.015999999999885,51.96882290784978,81.0696468980207,89.01697824554293
2016-12-06T15:30:00Z,54.77,55.18,54.77,55.17,132691,350843.5,54.625015112507796,54.602999999999874,55.451123811765356,53.75487618823439,54.73657749999991,55.03599999999987,59.45608082613942,79.07757574064554,83.94622359260089
2016-12-06T16:30:00Z,55.19,55.3,54.83,54.85,199819,345210.4,54.63598998506839,54.64949999999986,55.4429538424431,53.85604615755662,54.738952499999904,54.98999999999988,52.416564976950575,69.69566989453297,76.61429751106631
2016-12-06T17:30:00Z,54.845,54.95,54.56,54.77,504549,349390,54.642527058967495,54.68974999999987,55.41932847424697,53.96017152575277,54.7347024999999,54.91599999999988,50.79732200061163,66.57865586778183,71.78396716765337
2016-12-06T18:30:00Z,54.78,55.44,54.67,55.36,789863,367332.75,54.67752573901786,54.755749999999864,55.47704934845756,54.034450651542166,54.7442024999999,54.98399999999988,60.490957364939575,67.86255935953882,68.04562837395113
2016-12-06T19:30:00Z,55.36,56.69,55.36,56.35,2519969,442461.55,54.759109849309674,54.86024999999986,55.82759934232104,53.89290065767868,54.7762024999999,55.29999999999988,70.86381628769666,76.69649101756299,70.37923541496114
2016-12-06T20:30:00Z,56.36,56.37,54.84,55.99,2034774,515653.3,54.81915327129457,54.95974999999987,55.961460911434,53.95803908856574,54.7898274999999,55.463999999999885,64.25724595887452,82.15175391585628,75.57026809765263
2016-12-07T14:30:00Z,56.69,57.52,55.95,57.13,1806486,582165.1,54.93187750196312,55.07774999999987,56.449801292804295,53.70569870719544,54.8281249999999,55.91999999999988,72.87973254748555,79.98644226273971,79.61156239871958
2016-12-07T15:30:00Z,57.145,57.71,56.85,57.42,924341,617876.75,55.05324933113565,55.22249999999987,56.906196825466665,53.53880317453307,54.87112499999991,56.44999999999989,74.56094761821969,81.88367546432069,81.34062388097215
2016-12-07T16:30:00Z,57.42,57.62,57.31,57.54,473138,631670.15,55.17455424181196,55.385999999999875,57.28879163338589,53.48320836661386,54.920499999999905,56.885999999999875,75.24480201252277,90.85997910135842,84.24336560947286
2016-12-07T17:30:00Z,57.525,58.47,57.5,58.21,760385,647498,55.32262476660162,55.58049999999987,57.779822395666855,53.38117760433289,54.99099999999989,57.25799999999988,78.68938693380895,92.99921960768755,88.5809580577888
2016-12-07T18:30:00Z,58.2,58.37,57.98,58.3092,623782,662606.4,55.46831136335276,55.77395999999986,58.2063096051534,53.34161039484632,55.0639799999999,57.72183999999987,79.15193596657218,94.6725606126741,92.84391977390662
2016-12-07T19:30:00Z,58.31,58.318,57.985,58.28,1087466,695855.95,55.605466906603844,55.96645999999987,58.54771961532093,53.38520038467881,55.14335499999991,57.951839999999876,78.61105546778151,94.84556962025322,94.17244994687155
2016-12-07T20:30:00Z,58.28,58.4,58.175,58.38,906235,724785.45,55.74080998433049,56.14045999999987,58.875302752643044,53.405617247356695,55.23885499999991,58.14383999999988,79.13685641088183,96.28016877637135,95.26609966976615
2016-12-08T14:30:00Z,58.4,58.68,57.98,58.61,829297,751535.25,55.880770472899734,56.31895999999987,59.20503674909841,53.43288325090133,55.34135499999991,58.357839999999875,80.3342970694689,97.07078775961664,96.06550871874698
2016-12-08T15:30:00Z,58.61,59.19,58.6,58.9136,577704,769274.05,56.028713376660725,56.51813999999987,59.539950331851784,53.49632966814795,55.449069999999914,58.49855999999987,81.81777122858382,96.68424248070733,96.6783996722317
2016-12-08T16:30:00Z,58.92,58.97,58.6632,58.72,549840,788649.9,56.15999565096996,56.700639999999865,59.790676938563784,53.610603061435945,55.55619499999991,58.58071999999987,77.78807944839818,94.06000684993751,95.93834569675376
2016-12-08T17:30:00Z,58.72,58.77,58.46,58.74,318323,799199.3,56.285849521654356,56.883639999999865,60.00147183024491,53.76580816975482,55.66306999999991,58.67271999999988,77.90912433335284,91.30776582121227,94.01733838395229
2016-12-08T18:30:00Z,58.74,58.82,58.47,58.585,323034,802793.4,56.39800320352487,57.05588999999986,60.14992686980138,53.96185313019835,55.77194499999992,58.713719999999874,74.51976067941047,88.66167130187726,91.34314799100895
2016-12-08T19:30:00Z,58.59,58.6,58.39,58.504,372989,807444.7,56.50073475457244,57.23008999999987,60.237101221742506,54.22307877825723,55.87754499999992,58.692519999999874,72.73888145560947,86.78869562269018,88.9193775819265
2016-12-08T20:30:00Z,58.518,58.6,58.44,58.55,609615,817215,56.60069891288598,57.41908999999987,60.254095539268896,54.58408446073084,55.98429499999992,58.61979999999987,73.13158298463742,83.52291755356892,86.32442815937873
2016-12-09T14:30:00Z,58.58,58.645,57.04,57.32,525961,836878.5,56.635786770793985,57.526589999999864,60.168807630645205,54.88437236935452,56.064794999999926,58.339799999999876,51.689980072924214,61.52075624106275,77.27745647244053
2016-12-09T15:30:00Z,57.33,57.53,56.895,56.895,433588,848566.95,56.648431318560135,57.62883999999987,59.992406825306155,55.26527317469358,56.13916999999992,57.97079999999988,46.60537967602856,33.44412788857234,59.495933894401254
2016-12-09T16:30:00Z,56.9,57.08,56.59,56.8,453799,846029.45,56.655824912776716,57.73033999999986,59.7423144177525,55.71836558224722,56.21004499999991,57.61379999999988,45.52732217033709,9.387464387464334,34.784116172366396
2016-12-09T17:30:00Z,56.81,57.21,56.76,57.145,312425,822157.55,56.67968711215346,57.81958999999987,59.540345952390595,56.098834047609145,56.28766999999991,57.341999999999885,50.046428830317346,9.807692307692273,17.546428194576237
2016-12-09T18:30:00Z,57.14,57.19,56.77,56.79,377710,715044.6,56.68506822863378,57.84158999999986,59.49662389925773,56.186556100741996,56.35091999999992,56.98999999999988,45.832907328412354,12.371794871794789,10.52231718898372
2016-12-09T19:30:00Z,56.79,56.94,56.745,56.77,259994,626305.6,56.689211241871156,57.880589999999856,59.38957546304996,56.371604536949754,56.420169999999914,56.87999999999988,45.59997858367419,11.98717948717948,11.388888888888767
2016-12-09T20:30:00Z,56.77,56.81,56.66,56.74,584737,565218.15,56.69168874226769,57.861089999999855,59.41769790428903,56.30448209571068,56.469419999999914,56.84899999999989,45.22866961855782,6.794871794871761,10.384615384615264
2016-12-12T14:30:00Z,56.65,56.8,55.871,56.18,847232,561362.7,56.666728315815604,57.799089999999865,59.51196851515812,56.08621148484161,56.5107949999999,56.72499999999989,38.86659514343543,7.334113611606827,8.705388297885944
2016-12-12T15:30:00Z,56.185,56.45,56.18,56.22,435854,559498.5,56.644936690653864,57.733089999999855,59.577489177969994,55.888690822029716,56.559544999999915,56.539999999999885,39.52099950949281,8.780320411153381,7.636435272543911
2016-12-12T16:30:00Z,56.21,56.21,55.9,56.035,337903,538374.4,56.61518368135368,57.62433999999986,59.59556179819804,55.65311820180168,56.60241999999992,56.38899999999988,37.52052539968276,8.71097921770227,8.275137746820748
2016-12-12T17:30:00Z,56.04,56.23,55.96,56.18,435875,528979.05,56.59395520909252,57.51787999999986,59.55841851090588,55.477341489093845,56.64591999999991,56.27099999999988,40.080604566798556,9.100344229879246,8.863881286244888
2016-12-12T18:30:00Z,56.19,56.22,56.0719,56.13,503658,499788.65,56.57132324767338,57.41037999999986,59.50481291,55.315947089999725,56.688419999999915,56.14899999999989,39.47987571741813,8.45867775902587,8.756667068869051
2016-12-12T19:30:00Z,56.13,56.175,56.02,56.135,488011,478877.45,56.55003918681126,57.29812999999986,59.41320333312417,55.183056666875544,56.71929499999992,56.13999999999989,39.57740348711903,9.777256376912636,9.112092788605839
2016-12-12T20:30:00Z,56.13,56.21,56.08,56.12,395008,457163,56.52906166550339,57.17362999999987,59.258079971692396,55.08918002830734,56.74629499999992,56.11999999999988,39.37241640703831,9.27661619802924,9.170850111322503
2016-12-13T14:30:00Z,56.56,57.08,56.43,56.99,742975,465426.55,56.5515464623081,57.077449999999864,59.00337164692361,55.15152835307612,56.797794999999915,56.31099999999988,54.19192774513682,28.6478073108903,15.900559961943978
2016-12-13T15:30:00Z,56.98,56.9997,56.605,56.8,586147,467241.9,56.56366614707356,56.98144999999986,58.75574191231109,55.20715808768863,56.841044999999916,56.434999999999874,51.24586825911073,48.60220443960367,28.842209316174323
2016-12-13T16:30:00Z,56.795,56.84,56.7,56.765,561964,479423.95,56.57348731063095,56.882699999999865,58.46383125327641,55.30156874672332,56.88316999999993,56.56199999999988,50.699096271914186,67.8655497138967,48.371853821463475
2016-12-13T17:30:00Z,56.77,56.8,56.7,56.8,226340,474589.25,56.58453671011237,56.79344999999987,58.168192372259384,55.41870762774036,56.92466999999992,56.69499999999988,51.2591442500538,68.8595078195907,61.77575399103028
2016-12-13T18:30:00Z,56.8,56.81,56.7,56.71,174669,464673.25,56.59065687059469,56.703749999999864,57.83243452195085,55.57506547804888,56.966919999999924,56.81299999999989,49.69581895934742,68.86486141091375,68.52997298146697
2016-12-13T19:30:00Z,56.71,56.81,56.69,56.77,320902,450237.6,56.599405315931534,56.614749999999866,57.364012804421435,55.8654871955783,57.016919999999935,56.76899999999988,50.77369462674205,71.39577170881445,69.70671364643955
2016-12-13T20:30:00Z,56.77,56.79,56.64,56.65,253654,436622.25,56.601873349300725,56.58124999999986,57.25776958588785,55.904730414111874,57.053919999999934,56.73899999999988,48.53381985682948,69.39619520264695,69.88560944079164
2016-12-14T14:30:00Z,56.75,56.84,56.251,56.66,271312,428508.45,56.6047087956763,56.56949999999987,57.231828468426286,55.907171531573454,57.09916999999994,56.71799999999988,48.73677233353339,67.73305668877026,69.50834120007714
2016-12-14T15:30:00Z,56.68,56.71,56.53,56.55,190364,415336.7,56.602040073935996,56.55699999999987,57.2108379004679,55.90316209953183,57.14366999999993,56.66799999999988,46.56167649561571,61.30831382334929,66.14585523825542
2016-12-14T16:30:00Z,56.552,56.62,56.3,56.57,183828,408906.85,56.60047714350009,56.528249999999865,57.1241382026767,55.93236179732303,57.17391999999993,56.63999999999989,47.02460912958855,57.985270379338154,62.34221363048582
2016-12-14T17:30:00Z,56.57,56.95,56.56,56.8,453925,412717.6,56.610209965768384,56.52874999999987,57.12553199544571,55.93196800455402,57.185169999999935,56.64599999999989,52.157492855301335,61.044645712458276,60.1127433050485
2016-12-14T18:30:00Z,56.8,57.18,56.2601,56.37,331591,416297.45,56.59849240646261,56.508749999999864,57.09862180818358,55.91887819181615,57.19466999999994,56.58999999999988,43.64351886788394,52.74053505592204,57.25681704923941
2016-12-14T19:30:00Z,56.37,56.83,56.34,56.7,283879,401254.55,56.60344399639126,56.506749999999855,57.09373615835056,55.91976384164915,57.18391999999993,56.597999999999885,50.34279733291171,53.37365193903901,55.71961090247303
2016-12-14T20:30:00Z,56.69,56.97,56.5,56.56,955216,406653.75,56.601324777055105,56.52574999999986,57.093484753289644,55.958015246710076,57.16241999999994,56.59999999999989,47.7495030801948,39.93254057969565,48.68224252488549
2016-12-15T14:30:00Z,56.85,57.3,56.31,57.26,484002,409061.15,56.63345527573534,56.57774999999985,57.21070714712315,55.94479285287655,57.155419999999935,56.737999999999886,59.095450272025104,61.937350853300664,51.74784779067836
2016-12-15T15:30:00Z,57.275,57.61,57.04,57.41,535169,418924.45,56.671335506187276,56.646499999999854,57.3257208772517,55.96727912274801,57.13541999999993,56.859999999999886,61.04738312830247,71.57723757927992,57.81570967075867
2016-12-15T16:30:00Z,57.4,57.5,57.18,57.41,193931,406827.25,56.7073679205196,56.707999999999856,57.42860668890372,55.98739331109599,57.11293999999994,57.06799999999989,61.04738312830247,88.91781256568909,74.14413366608981
2016-12-15T17:30:00Z,57.4,57.75,57.38,57.449,505043,406896.5,56.743545095128404,56.773949999999864,57.512107022651804,56.035792977347924,57.09216499999993,57.21779999999988,61.599928575714365,83.49551323807883,81.33018779434921
2016-12-15T18:30:00Z,57.45,57.47,56.8627,57.08,304935,397742.7,56.759957529512384,56.82119999999986,57.50896990344864,56.13343009655109,57.05966499999994,57.32179999999988,53.82084683434974,73.50225962104075,81.97186180826948
2016-12-15T19:30:00Z,57.08,57.23,57.04,57.09,218294,388907,56.7760571622191,56.86969999999987,57.48592466689398,56.253475333105754,57.02166499999993,57.287799999999876,53.990419060366946,63.731376473204456,73.5763831107746
2016-12-15T20:30:00Z,57.1,57.42,57.1,57.25,391760,371346.25,56.79917632503768,56.882699999999865,57.51916527013503,56.246234729864696,56.98007499999993,57.25579999999989,56.72831673150789,59.30620413609088,65.51328007677861
2016-12-16T14:30:00Z,57.53,57.53,56.82,57.07,771487,380613.25,56.812387236011446,56.896199999999865,57.53651823345128,56.25588176654845,56.93882499999993,57.18779999999989,52.913508595246306,58.991476564840724,60.6763523913786
2016-12-16T15:30:00Z,57.07,57.21,56.64,56.66,210992,363064.65,56.80495371230357,56.89094999999986,57.537179518121846,56.24472048187788,56.88682499999993,57.02999999999988,45.4210254757299,49.28150338735488,55.85972802942874
2016-12-16T16:30:00Z,56.67,57.3899,56.625,57.36,301002,366797.75,56.83202914097169,56.91894999999986,57.594837409331504,56.24306259066822,56.85619999999993,57.085999999999885,56.69539287169786,51.674609034163275,53.31586299545287
2016-12-16T17:30:00Z,57.365,57.66,57.32,57.5302,772463,396687.45,56.866086256046245,56.95995999999987,57.67835390426905,56.24156609573068,56.831854999999926,57.17403999999989,58.91752369734174,61.97060205382905,54.30890482511564
2016-12-16T18:30:00Z,57.53,57.53,57.13,57.16,117237,386504.2,56.88042351184887,56.97945999999986,57.69734233136943,56.261577668630295,56.79710499999993,57.156039999999884,52.595636032739954,72.69961879121882,62.11494329307029
2016-12-16T19:30:00Z,57.15,57.26,57.01,57.1,130262,380334.6,56.89113456005136,57.00195999999986,57.705186309015446,56.29873369098428,56.791604999999926,57.16203999999989,51.628710372585395,66.37874030819862,67.0163203844154
2016-12-16T20:30:00Z,57.09,57.135,56.94,57.01,250406,379289.3,56.8969328741952,57.01945999999985,57.70497283116892,56.33394716883079,56.79447999999993,57.232039999999884,50.13968892960057,54.166666666666536,64.41500858869456
2016-12-19T14:30:00Z,57.23,57.75,57.05,57.6,160720,377807.1,56.931228831551536,57.07195999999986,57.76638756403607,56.37753243596365,56.81447999999993,57.280039999999886,58.57443965315353,63.37962962962964,61.308345534831496
2016-12-19T15:30:00Z,57.619,58.25,57.605,57.9363,230829,380157.15,56.98025669342707,57.14027499999986,57.8903322268806,56.39021777311912,56.83426249999993,57.36125999999988,62.47150717599927,71.99105413105418,63.17911680911669
2016-12-19T16:30:00Z,57.95,58.04,57.78,57.9156,92313,362076.55,57.025883196186726,57.196054999999866,58.000547738309805,56.39156226168993,56.86240249999994,57.51237999999988,62.084356621652404,82.26119658119667,72.54396011396007
2016-12-19T17:30:00Z,57.91,58.01,57.76,57.79,94176,350205.8,57.06315718661664,57.26705499999987,58.0161379900565,56.51797200994324,56.88790249999994,57.650379999999885,59.66809448879394,77.26974358974361,77.17399810066473
2016-12-19T18:30:00Z,57.8,58,57.76,57.95,91115,340567.6,57.10641781165973,57.32955499999987,58.087494856445474,56.57161514355427,56.91815249999994,57.83837999999988,61.71235189242761,77.55076923076926,79.02723646723642
2016-12-19T19:30:00Z,57.93,57.97,57.68,57.69,209688,303291.2,57.13488523548121,57.38605499999987,58.0710695735606,56.70104042643914,56.95590249999994,57.856379999999874,56.684428422003045,72.92307692307696,75.91452991452985
2016-12-19T20:30:00Z,57.69,57.83,57.61,57.8,277686,292975.4,57.16732985814066,57.413054999999886,58.118335856101666,56.707774143898106,56.99540249999993,57.829119999999875,58.23479775797477,73.12820512820512,74.53401709401703
2016-12-20T14:30:00Z,57.82,58.2,57.8,58.18,267950,279614.45,57.216728401645994,57.45155499999987,58.2320235426019,56.67108645739784,57.04902749999993,57.88199999999988,63.14264344678242,77.84615384615377,74.63247863247854
2016-12-20T15:30:00Z,58.18,58.295,57.98,58.1,222085,281022.15,57.259814821077896,57.48605499999989,58.315585569650054,56.65652443034972,57.09702749999993,57.94399999999987,61.50405042136244,85.44111776447102,78.80515891294321
2016-12-20T16:30:00Z,58.11,58.14,57.97,58.04,114681,261504.05,57.297872634683856,57.51560499999988,58.37915844593493,56.65205155406483,57.14477749999993,57.961999999999875,60.24138229463144,88.39882426461297,83.89536529174582
2016-12-20T17:30:00Z,58.03,58.15,58.01,58.06,85290,250521.8,57.33504957933342,57.56460499999988,58.43491723936462,56.694292760635136,57.192902499999924,58.03599999999987,60.53224720269068,84.05366388993232,85.96453530633869
2016-12-20T18:30:00Z,58.07,58.08,57.8618,57.93,102809,244747.55,57.36407155107325,57.606604999999874,58.46219842797334,56.75101157202641,57.238152499999934,58.06199999999988,57.583379810253625,78.96678966789666,83.8064259408139
2016-12-20T19:30:00Z,57.93,58.02,57.8,58.02,135325,231925.8,57.396068060777,57.64510499999987,58.50234287479895,56.7878671252008,57.26390249999993,58.02999999999987,59.06998019715234,78.47478474784756,80.49841276855877
2016-12-20T20:30:00Z,58.02,58.07,57.89,58.07,169162,201809.55,57.42894278951958,57.69510499999988,58.52866050144504,56.861549498554716,57.295652499999925,58.02399999999987,59.91060056703902,78.23174617288346,78.55777352954247
2016-12-21T14:30:00Z,58.48,58.48,57.9,57.94,227262,202623.05,57.45387240954302,57.75910499999988,58.44913182121143,57.069078178788324,57.32502749999993,58.00399999999987,56.6527086998729,66.63940739235285,74.4486461043612
2016-12-21T15:30:00Z,57.93,57.98,57.72,57.97,152392,195192.55,57.479049365175065,57.78960499999987,58.46001859920153,57.1191914007982,57.354277499999924,57.985999999999876,57.230708428928025,53.86424515797185,66.24513290773596
2016-12-21T16:30:00Z,57.97,58.055,57.745,57.98,110371,162087.95,57.503485981507986,57.81209499999987,58.476341229941035,57.14784877005871,57.38602749999992,57.99599999999987,57.434453594131334,40.731253420908615,53.744968657077685
2016-12-21T17:30:00Z,57.98,58.09,57.98,58.08,71417,159796.95,57.531608616556376,57.85809499999988,58.459815943618565,57.25637405638119,57.41877749999993,58.00799999999987,59.511615672663716,45.97701149425288,46.85750335771102
2016-12-21T18:30:00Z,58.08,58.19,58.034,58.1157,107948,158681.25,57.56010087916338,57.90887999999986,58.408962083759135,57.40879791624059,57.455419999999926,58.01713999999987,60.25724510125136,51.55938697318002,46.08921729611375
2016-12-21T19:30:00Z,58.11,58.14,57.9,57.93,268253,159573.6,57.57814473871638,57.95487999999987,58.23791754255176,57.67184245744797,57.48716999999992,58.015139999999874,54.62228519672843,49.643678160919585,49.060025542784075
2016-12-21T20:30:00Z,57.93,57.945,57.8,57.815,321597,167617.45,57.589698653900946,57.96562999999986,58.20723571288075,57.72402428711897,57.51879499999992,57.98413999999987,51.4156642250877,35.80268199233716,45.66858237547884
2016-12-22T14:30:00Z,58.42,58.42,57.46,57.98,233167,167734.35,57.608737743954556,57.967814999999874,58.20911040648347,57.72651959351628,57.55404499999993,57.98413999999987,55.45617319560332,33.42066711742166,39.62234242355938
2016-12-22T15:30:00Z,57.97,58.19,57.84,57.92,150277,170632.55,57.6239212686397,57.96803499999987,58.20914753221987,57.72692246777987,57.58204499999992,57.95213999999987,53.70703949060863,36.19281045751635,35.1387198557583
2016-12-22T16:30:00Z,57.92,57.99,57.78,57.81,134402,172643.85,57.632998279925566,57.96903499999987,58.207335174551346,57.730734825448394,57.618044999999924,57.89099999999987,50.55860738585913,43.46405228758184,37.6925099541732
2016-12-22T17:30:00Z,57.806,58.05,57.78,57.97,79957,172085.95,57.64943738822188,57.97003499999987,58.2081750705301,57.73189492946963,57.649794999999926,57.89899999999987,54.71686670410081,43.13725490196099,40.93137254901964
2016-12-22T18:30:00Z,57.96,58.16,57.88,58.1,75624,165382.75,57.67141605221105,57.990534999999866,58.19723273388822,57.78383726611151,57.688294999999925,57.95599999999987,57.82089910114474,49.019607843137486,45.20697167756001
2016-12-22T19:30:00Z,58.09,58.11,57.89,57.99,103201,156658.5,57.686956732591,58.000034999999876,58.1873910599232,57.81267894007655,57.70654499999993,57.95799999999987,54.42155787111741,54.90196078431396,49.019607843137386
2016-12-22T20:30:00Z,57.99,58.1,57.96,58.08,119924,149257.2,57.706129574903635,57.99503499999988,58.16767246171959,57.82239753828017,57.72329499999993,57.989999999999874,56.666318397906686,58.496732026144024,54.1394335511984
2016-12-23T14:30:00Z,57.76,58.31,57.6033,57.89,314752,153890.55,57.715098863932724,57.98453499999988,58.15589903703956,57.8131709629602,57.73529499999993,58.00599999999987,50.960239465910746,52.51225490196089,55.30364923747286
2016-12-23T15:30:00Z,57.9,58.04,57.71,57.99,159599,156136.45,57.728508675448204,57.98203499999988,58.15153819521537,57.81253180478439,57.748819999999924,58.00999999999986,53.608047588453466,53.59477124183008,54.86791938997825
2016-12-23T16:30:00Z,58,58.08,57.905,58,51569,154450.4,57.74175215469463,57.97903499999988,58.14499937324995,57.81307062674981,57.77181999999992,57.989999999999874,53.87624065750418,52.083333333333314,52.730119825707995
2016-12-23T17:30:00Z,57.99,58.03,57.87,57.94,58065,152213.2,57.75142278129489,57.97953499999987,58.14496484372075,57.81410515627899,57.79306999999993,57.97999999999986,51.93619925650837,53.81944444444432,53.16584967320248
2016-12-23T18:30:00Z,57.95,58.05,57.92,57.96,163436,153618.75,57.76159727976831,57.97653499999988,58.14109463414202,57.811975365857734,57.810819999999936,57.95599999999986,52.54956196553462,52.77777777777762,52.89351851851833
2016-12-23T19:30:00Z,57.965,58.08,57.95,58.03,108330,150577.15,57.77469009538937,57.974534999999875,58.13543382904724,57.81363617095251,57.83481999999994,57.98399999999985,54.72721745021053,53.81944444444432,53.472222222221994
2016-12-23T20:30:00Z,58.03,58.1,58,58.02,124518,145439.95,57.78665643219964,57.97853499999987,58.13977802524834,57.817291974751406,57.868819999999936,57.98999999999986,54.343524874894996,56.597222222222285,54.39814814814798
2016-12-27T14:30:00Z,58.14,58.55,58.03,58.26,335449,154592.8,57.80974636233624,57.99303499999987,58.19549055856289,57.790579441436854,57.891319999999936,58.04199999999986,61.347622154944695,62.358536377827186,57.5917343481645
2016-12-27T15:30:00Z,58.28,58.43,58.09,58.41,161097,157129.1,57.83902702758813,58.014534999999874,58.286338666626214,57.742731333373534,57.91331499999994,58.135999999999854,64.96517167464513,70.97079915026477,63.30885258343798
2016-12-27T16:30:00Z,58.43,58.49,58.23,58.295,122334,159674.95,57.86126961160822,58.02528499999987,58.322421287234235,57.7281487127655,57.94168999999995,58.20299999999986,60.305189856567104,75.88113094609365,69.73682215806177
2016-12-27T17:30:00Z,58.3,58.39,58.29,58.3186,163466,162450.85,57.88357841104197,58.03542999999987,58.357066522324246,57.713793477675495,57.972154999999944,58.26071999999986,60.924638747224456,77.94443857610686,74.93212289082166
2016-12-27T18:30:00Z,58.33,58.41,58.265,58.37,153339,156705.15,57.90730629343016,58.057429999999876,58.40625427164729,57.70860572835246,58.00615499999994,58.33071999999986,62.30438242480751,76.53603746347001,76.78720232855675
2016-12-27T19:30:00Z,58.37,58.49,58.37,58.41,279274,154589,57.93182793765308,58.08717999999986,58.4494572177443,57.72490278225542,58.02640499999994,58.36071999999986,63.38781675797739,80.58519066230086,78.35522223395914
2016-12-27T20:30:00Z,58.4,58.44,58.32,58.32,159714,150916.35,57.95076316020659,58.10417999999987,58.4765135903336,57.73184640966614,58.03599749999995,58.34271999999986,59.26070929056674,80.63448470124304,79.25190427567121
2016-12-28T14:30:00Z,58.43,58.43,58.01,58.235,306106,158707.8,57.96462837190383,58.119929999999876,58.48637013493625,57.7534898650635,58.04398249999995,58.33071999999986,55.58009451991049,74.47228970810902,78.56398835721755
2016-12-28T15:30:00Z,58.235,58.32,58.05,58.26,135063,158740.85,57.97903674400608,58.14242999999986,58.48443288375448,57.800427116245245,58.05573249999994,58.31899999999986,56.43708542752215,65.18600732782834,73.4309272457267
2016-12-28T16:30:00Z,58.255,58.265,58.09,58.15,96996,159592.8,57.98737641503018,58.15142999999987,58.48415663327806,57.81870336672168,58.060732499999936,58.274999999999864,51.70983015111572,53.67647058823544,64.44492254139084
2016-12-28T17:30:00Z,58.15,58.157,57.98,58.02,98782,160750.7,57.98896780941895,58.14742999999986,58.4844296624599,57.81043033753981,58.06898249999993,58.19699999999987,46.72833061389712,38.13414254590747,52.332206820656985
2016-12-28T18:30:00Z,58.03,58.17,57.9894,58.17,130731,162127.2,57.997798647983885,58.156429999999865,58.4856560811298,57.827203918869934,58.07823249999994,58.16699999999986,52.42356344734782,31.238717709306183,41.01644361448293
2016-12-28T19:30:00Z,58.175,58.19,58.045,58.08,171368,164699.4,58.00180847003345,58.156429999999865,58.4856560811298,57.827203918869934,58.075732499999944,58.13599999999987,49.03615533716318,23.361180729602037,30.911346994938466
2016-12-28T20:30:00Z,58.08,58.11,57.95,58,221748,160049.2,58.00172025198304,58.161929999999856,58.47651844940496,57.84734155059475,58.07323249999994,58.08399999999987,46.17971972919725,20.84795321637428,25.149283885094064
2016-12-29T14:30:00Z,58.07,58.69,58.05,58.24,212111,162674.8,58.013343654325325,58.17442999999986,58.480449431568765,57.86841056843095,58.07823249999994,58.10199999999986,54.70426589168049,21.68879405721512,21.96597600106371
2016-12-29T15:30:00Z,58.23,58.27,57.99,58.21,142811,167236.9,58.02293664679726,58.18492999999986,58.48052224025348,57.88933775974624,58.081982499999945,58.13999999999986,53.56223281864704,27.55255255255247,23.36309994204719
2016-12-29T16:30:00Z,58.22,58.25,58.07,58.21,112092,169938.25,58.03206168841691,58.198429999999874,58.471877129246735,57.92498287075301,58.08898249999994,58.147999999999854,53.56223281864704,36.48648648648653,28.57594436541794
2016-12-29T17:30:00Z,58.21,58.295,58.01,58.1299,124842,168008.55,58.036834288981936,58.20692499999986,58.46001425618547,57.95383574381426,58.09172999999994,58.15797999999986,50.30992400388455,31.527027027026907,31.855355355355197
2016-12-29T18:30:00Z,58.14,58.195,58.07,58.125,117554,168469.75,58.04113505537306,58.211674999999865,58.45466835710097,57.96868164289876,58.093104999999944,58.18297999999986,50.10947624082292,27.698198198198018,31.903903903903714
2016-12-29T19:30:00Z,58.125,58.22,57.96,58.105,194252,171956.45,58.04425041852559,58.21592499999987,58.44809211996148,57.98375788003826,58.097229999999946,58.15597999999985,49.24700235938514,22.968468468468078,27.397897897897565
2016-12-29T20:30:00Z,58.11,58.12,58.01,58.05,275015,168934.75,58.04453088591459,58.20542499999986,58.447454484974465,57.96339551502526,58.09922999999994,58.12397999999986,46.858467694301325,19.369369369368858,23.34534534534488
2016-12-30T14:30:00Z,57.86,58.01,57.08,57.38,370372,179398.5,58.01211474513827,58.153924999999866,58.57328686235556,57.73456313764417,58.08422999999995,57.957979999999864,28.63718695025277,17.697666610709742,20.01183481618212
2016-12-30T15:30:00Z,57.38,57.67,57.32,57.52,149068,180735.2,57.98810914781445,58.115174999999866,58.61141070165369,57.61893929834604,58.070229999999945,57.835999999999856,34.3792739026474,19.82541547758937,18.964150485889217
2016-12-30T16:30:00Z,57.52,57.68,57.38,57.58,133477,179235.75,57.96820138450643,58.07824499999985,58.61657638678649,57.539913613213216,58.05683749999995,57.72699999999986,36.72896431681705,25.672877846791096,21.0653199783633
2016-12-30T17:30:00Z,57.57,57.67,57.31,57.5099,138181,178477.85,57.945845219408554,58.03523999999986,58.60968057455944,57.46079942544028,58.04633499999996,57.60797999999986,35.145561020320315,28.362318840579903,24.620204054986687
2016-12-30T18:30:00Z,57.5,57.62,57.24,57.24,226669,175847.6,57.911413745291064,57.97673999999986,58.620700630549116,57.3327793694506,58.03195999999995,57.445979999999864,29.815892213536316,22.565217391304515,25.5334713595584
2016-12-30T19:30:00Z,57.245,57.4,57.23,57.38,190668,177395.3,57.88549112356955,57.92973999999987,58.60316670996462,57.256313290035116,58.01695999999995,57.445979999999864,35.2969494031765,18.4244306418222,23.117322291235435
2016-12-30T20:30:00Z,57.39,57.54,57.295,57.53,389368,181558.4,57.86815009315153,57.89448999999986,58.574089119846384,57.21489088015334,58.00720999999995,57.44797999999986,40.64539831562872,18.840579710145168,19.94340924775719
2017-01-03T14:30:00Z,58.1,58.91,58.1,58.315,475355,198573,57.88994764958316,57.89723999999986,58.58314883774609,57.211331162253636,58.019834999999944,57.59497999999985,59.5090018052013,38.023396576497255,25.096135642821437
2017-01-03T15:30:00Z,58.28,58.365,57.91,58.12,211045,204275.45,57.90116971545716,57.89573999999986,58.579559284384736,57.21192071561499,58.02358499999995,57.71699999999985,54.84600714574739,50.75575014990562,35.87324214551591
2017-01-03T16:30:00Z,58.13,58.22,57.92,58.06,447437,221708.2,57.90891753421535,57.897739999999864,58.58323323388039,57.212246766119335,58.02258499999995,57.88099999999986,53.45798573388501,59.28961748633892,49.35625473758049
2017-01-03T17:30:00Z,58.065,58.27,57.75,58.2,411750,235759.15,57.92311667888777,57.899239999999864,58.587236434362914,57.21124356563681,58.02783499999996,58.044999999999845,56.24078657137515,57.194899817850846,55.746755818031694
2017-01-03T18:30:00Z,58.19,58.36,58.1063,58.33,166307,235506.1,57.9429646457713,57.911739999999874,58.62116941417104,57.202310585828705,58.03408499999996,58.20499999999985,58.709588036140964,61.02003642987271,59.16818457802072
2017-01-03T19:30:00Z,58.34,58.4,58.254,58.335,235098,236173.6,57.96208832158733,57.92848999999986,58.660910428236,57.19606957176372,58.04520999999996,58.208999999999854,58.80585195116373,66.02914389799656,61.4146933819066
2017-01-03T20:30:00Z,58.33,58.37,58.17,58.32,428486,246992.35,57.979547427851365,57.93248999999986,58.672506218537485,57.19247378146223,58.05345999999997,58.24899999999985,58.3662274729565,68.21493624772329,65.08803885853075
2017-01-04T14:30:00Z,58.36,58.98,58.035,58.035,655403,272621.95,57.98225243137081,57.92373999999986,58.654504704743005,57.192975295256716,58.05433499999996,58.24399999999986,50.62260620163824,60.77959927140268,65.00789313904075
2017-01-04T15:30:00Z,58.05,58.4,58.035,58.2,532701,293652.4,57.99287426398687,57.923239999999865,58.65323384497236,57.19324615502737,58.06083499999996,58.24399999999984,54.39501352744457,56.39604475670067,61.79686009194211
2017-01-04T16:30:00Z,58.21,58.54,58.08,58.44,557578,315289.2,58.01468527549971,57.93874499999987,58.69821580391261,57.17927419608713,58.072834999999955,58.26599999999985,59.269432525002436,56.857142857143,58.01092896174868
2017-01-04T17:30:00Z,58.45,58.7,58.375,58.55,608432,339833.1,58.040798188889966,57.959994999999864,58.761729371220596,57.15826062877913,58.08583499999995,58.30899999999984,61.310555394350274,66.66666666666681,59.97328476017007
2017-01-04T18:30:00Z,58.55,58.59,58.34,58.55,416183,350929.65,58.06563730162704,57.98224499999988,58.8226101837087,57.14187981629106,58.09908499999996,58.35499999999985,61.310555394350274,73.33333333333339,65.61904761904763
2017-01-04T19:30:00Z,58.56,59.46,58.32,58.82,1503216,412339.7,58.10243548203548,58.02074499999988,58.937114566272456,57.1043754337273,58.113084999999955,58.51199999999985,66.1407678998678,73.76531397778513,71.25510465926168
2017-01-04T20:30:00Z,58.8,58.97,58.705,58.82,721246,429883.4,58.13743862925326,58.09274499999988,59.02260953959056,57.1628804604092,58.123334999999955,58.63599999999984,66.1407678998678,69.4801566399962,72.19293465037147
2017-01-05T14:30:00Z,58.77,59.42,58.58,59.01,562926,450576.3,58.18000259855798,58.167244999999866,59.13941321692321,57.19507678307652,58.14120999999996,58.749999999999844,69.27168580951206,68.89870300591093,70.71472454123065
2017-01-05T15:30:00Z,59.02,59.02,58.015,58.025,297343,458769.6,58.17244149618929,58.18949499999987,59.126621556016254,57.25236844398349,58.133869999999945,58.64499999999985,45.68612479104666,50.779727095516506,63.052862247141114
2017-01-05T16:30:00Z,58.04,58.35,57.75,58.225,350134,469367.25,58.175005325643475,58.22524999999988,59.10897775790417,57.34152224209559,58.130244999999945,58.579999999999835,49.44963580718528,39.181286549707565,52.95323888371157
2017-01-05T17:30:00Z,58.225,58.26,57.99,58.03,318735,473970.55,58.16793189512428,58.264749999999864,59.031701595668004,57.497798404331725,58.12074499999994,58.42199999999984,46.09586291624181,20.077972709551688,36.679662118258484
2017-01-05T18:30:00Z,58.04,58.5,57.08,58.07,1542009,541537.6,58.16315472950846,58.29924999999987,58.95840305513333,57.640096944866414,58.11449499999994,58.27199999999984,46.891553491154205,28.582895146362713,29.28071813520722
2017-01-05T19:30:00Z,58.06,58.1,57.6,57.625,613851,552761.75,58.13690327928854,58.303999999999874,58.94193886861615,57.6660611313836,58.09924499999994,57.99499999999985,39.84494627388094,26.95668910839196,25.205852321435348
2017-01-05T20:30:00Z,57.63,57.695,57.52,57.6,875090,572748.5,58.11071287542081,58.26824999999987,58.976030156611614,57.56046984338812,58.082744999999946,57.90999999999984,39.485947726991526,28.7815126050421,28.10703228659882
2017-01-06T14:30:00Z,57.87,58.1399,57.21,57.26,691114,596751.95,58.069214686375894,58.22524999999986,59.05740067752045,57.39309932247927,58.060494999999946,57.716999999999835,34.8828050369752,17.436974789916032,24.391725501116593
2017-01-06T15:30:00Z,57.2455,57.26,56.87,57.13,494353,599097.75,58.02339933582097,58.17874999999985,59.137018621056235,57.22048137894347,58.03824499999995,57.53699999999984,33.28504997105678,13.15012491483091,19.789537436596245
2017-01-06T16:30:00Z,57.15,57.54,57.11,57.47,642512,610635.85,57.996404246268725,58.142249999999855,59.14889032807043,57.13560967192928,58.02074499999994,57.416999999999845,40.9083835040255,13.589219471572497,14.725439725439708
2017-01-06T17:30:00Z,57.47,57.53,57.26,57.27,215159,613078.45,57.9609698927922,58.08924999999986,59.160325510920984,57.01817448907873,58.000494999999944,57.34599999999985,38.14705228605572,16.21621621621637,14.318520200873158
2017-01-06T18:30:00Z,57.28,57.45,57.09,57.115,264280,614537.55,57.919703068753556,58.028249999999844,59.172834094815144,56.88366590518454,57.97836999999994,57.24899999999984,36.11258306547327,16.023166023166173,15.276200570318244
2017-01-06T19:30:00Z,57.11,57.2,56.73,56.82,739970,630111.75,57.86605901661924,57.95324999999984,59.20325910000836,56.70324089999132,57.942869999999935,57.160999999999845,32.55405619744684,9.416399936846215,13.885260725409482
2017-01-06T20:30:00Z,56.815,56.9,56.64,56.78,1054957,650089.45,57.81308052800367,57.89049999999985,59.23984762018619,56.541152379813504,57.90711999999994,57.09099999999984,32.092276453225395,5.947051863181535,10.462205941064537
2017-01-09T14:30:00Z,56.57,56.99,56.27,56.75,526916,649800.2,57.76122294127178,57.81799999999985,59.24653211377928,56.389467886220416,57.87061999999994,56.946999999999846,31.728756074068983,8.612080528210106,7.991844109412514
2017-01-09T15:30:00Z,56.75,56.803,56.56,56.7,277924,635817.5,57.70945596852682,57.730999999999845,59.208510067682035,56.253489932317656,57.83487249999994,56.832999999999835,31.096528291152993,13.924342629443117,9.49449167361148
2017-01-09T16:30:00Z,56.71,56.99,56.65,56.72,356515,623221.65,57.66118982372063,57.63949999999985,59.12940570174804,56.14959429825166,57.799747499999945,56.753999999999834,31.682928942751232,18.97214295420567,13.836188703952857
2017-01-09T17:30:00Z,56.71,56.78,56.57,56.77,363912,620608.1,57.617717149392796,57.55049999999985,59.024792711810385,56.076207288189316,57.766372499999946,56.743999999999836,33.21320104318251,20.627802690582943,17.841429424743804
2017-01-09T18:30:00Z,56.77,56.95,56.68,56.78,390054,564950,57.5768528982029,57.448499999999854,58.83714358281633,56.059856417183376,57.734622499999944,56.74399999999984,33.53386821763044,23.291694215440856,20.963879953409716
2017-01-09T19:30:00Z,56.78,56.9,56.56,56.81,477684,552771.9,57.539445439753976,57.34799999999986,58.61024561797498,56.08575438202473,57.72037249999994,56.755999999999844,34.54914657475187,26.191420034691713,23.370305646905063
2017-01-09T20:30:00Z,56.81,56.84,56.67,56.67,445994,546925.3,57.49703346708305,57.230999999999845,58.269265861955176,56.192734138044514,57.699122499999945,56.749999999999844,32.08599203947078,25.84808456780223,25.11039960597816
2017-01-10T14:30:00Z,55.72,57.02,55.3,56.915,561283,560122.3,57.468641590639976,57.17549999999985,58.155070824443314,56.19592917555639,57.68249749999994,56.78899999999984,40.13022589163719,40.789427401261634,30.942977334585084
2017-01-10T15:30:00Z,56.92,57.05,56.88,56.99,349027,560066.95,57.44529322036485,57.11374999999985,57.96867616646108,56.258823833538614,57.66949999999995,56.83299999999984,42.380197081115135,56.31205370671727,40.9831885585936
2017-01-10T16:30:00Z,56.9852,57.88,56.98,57.61,1082012,598230.8,57.45332769742023,57.09274999999984,57.874085235418335,56.31141476458134,57.678749999999944,56.99899999999984,56.82512890937847,79.02650885935775,58.70932998911211
2017-01-10T17:30:00Z,57.61,58.11,57.49,57.89,427025,542481.6,57.47462878535095,57.08374999999985,57.82285672443152,56.34464327556819,57.69149999999994,57.21499999999985,61.51716950628489,85.71737693256568,73.68531316621346
2017-01-10T18:30:00Z,57.88,57.975,57.795,57.845,530601,538319.1,57.492695673870415,57.09474999999985,57.87134819089519,56.318151809104506,57.69937499999994,57.44999999999984,60.381444018421035,90.75836574802064,85.16741717998126
2017-01-10T19:30:00Z,57.8471,58.23,57.8,58.215,439741,516551.65,57.52793003124259,57.12549999999985,58.01951286349864,56.231487136501066,57.696874999999935,57.709999999999845,65.94807672990316,94.07608937688018,90.18394401915539
2017-01-10T20:30:00Z,58.215,58.84,58.205,58.74,1407443,552368.1,57.58705539557222,57.19949999999985,58.337506590535206,56.0614934094645,57.71237499999994,58.059999999999846,71.9668511982973,95.74419695608007,93.52621736032687
2017-01-11T14:30:00Z,58.54,58.94,58.24,58.35,817958,568548.35,57.62427220554431,57.26049999999985,58.50305341941532,56.01794658058438,57.71962499999993,58.207999999999835,63.051259389751465,93.48480154721851,94.43502929339282
2017-01-11T15:30:00Z,58.355,58.52,58.18,58.43,612933,567069.4,57.66357600039581,57.308499999999846,58.64995108002536,55.96704891997433,57.72537499999993,58.31599999999984,64.03550107042568,88.9851203410526,92.73803961478363
2017-01-11T16:30:00Z,58.42,58.47,57.83,58.04,644014,588512.15,57.68193814671796,57.346999999999845,58.72550788902444,55.96849211097525,57.71812499999993,58.35499999999983,56.17890086709544,81.68498168498178,88.05163452441752
2017-01-11T17:30:00Z,58.05,58.24,57.67,57.75,362932,593444.75,57.685258237121964,57.37874999999984,58.76365748792361,55.99384251207607,57.70349999999993,58.26199999999983,51.15311478190677,76.19047619047628,82.28685940550345
2017-01-11T18:30:00Z,57.755,58,57.5878,57.66,362217,574557.1,57.684026127994066,57.42074999999984,58.78614106123753,56.055358938762154,57.686999999999934,58.045999999999836,49.66807766669563,69.1391941391942,75.67155067155063
2017-01-11T19:30:00Z,57.655,57.7,57.28,57.32,663404,554979.45,57.666268755896795,57.44774999999985,58.78240154632288,56.11309845367682,57.66912499999993,57.839999999999826,44.421462955402696,62.54578754578762,69.29181929181927
2017-01-11T20:30:00Z,57.33,57.52,57.31,57.47,518924,554579.85,57.65669467024329,57.48374999999984,58.77945010037455,56.18804989962513,57.65087499999993,57.64799999999983,47.077529525749156,59.98168498168504,63.88888888888885
2017-01-12T14:30:00Z,57.4,57.5,56.57,56.76,344432,557905.25,57.61295346681679,57.48674999999984,58.775436443673534,56.19806355632614,57.60887499999992,57.39199999999984,37.85573740200185,41.04225591567368,54.523242814382
2017-01-12T15:30:00Z,56.77,56.92,56.62,56.8,343701,557264.55,57.573297200142804,57.490749999999835,58.77035648252019,56.21114351747948,57.565124999999924,57.20199999999983,38.58562839140227,25.778967867575442,42.267636254977944
2017-01-12T16:30:00Z,56.805,57.31,56.79,57.3,386216,558379.75,57.55996562940413,57.517249999999834,58.75739706793516,56.27710293206451,57.533874999999924,57.12999999999984,46.97004614318114,16.174402250351548,27.665208677866776
2017-01-12T17:30:00Z,57.29,57.41,57.15,57.25,157113,546732.7,57.54484535479905,57.54074999999983,58.741305184116634,56.34019481588303,57.494624999999914,57.115999999999836,46.28948070768659,23.066104078762276,21.673158065562976
2017-01-12T18:30:00Z,57.2434,57.41,57.15,57.22,117688,528732.9,57.528999239930805,57.56124999999982,58.72461956729785,56.3978804327018,57.45462499999992,57.065999999999825,45.86012222924469,28.973277074542892,22.73792780121879
2017-01-12T19:30:00Z,57.22,57.26,57,57.08,241903,518528.35,57.507096837982964,57.58174999999983,58.6949448392396,56.46855516076006,57.40637499999991,57.12999999999984,43.81755059867631,25.879043600562596,25.97280825128914
2017-01-12T20:30:00Z,57.08,57.265,57.04,57.14,334548,507191.6,57.48918967515453,57.592999999999826,58.68332747379389,56.502672526205764,57.384249999999916,57.19799999999983,44.94920439761368,24.33192686357245,26.3947491795592
2017-01-13T14:30:00Z,57.25,57.85,57.25,57.635,234882,501484.35,57.49630237392748,57.625249999999824,58.67989911231811,56.570600887681536,57.36949999999992,57.26499999999983,53.30555684398397,33.39500162284968,27.868657362328133
2017-01-13T15:30:00Z,57.63,57.66,56.9,56.96,206140,457690.75,57.47014128251638,57.59274999999982,58.68660773760362,56.49889226239601,57.342749999999924,57.20699999999984,43.58898323464772,33.06411110541689,30.263679863946226
2017-01-13T16:30:00Z,56.95,57.05,56.78,56.79,107005,441689.75,57.436963658978996,57.53774999999981,58.67600952669772,56.3994904733019,57.31074999999991,57.12099999999983,41.53550552433477,29.438451033156312,31.96585458714085
2017-01-13T17:30:00Z,56.8,56.96,56.69,56.94,130816,421700.5,57.4127215292727,57.492499999999815,58.65009448863387,56.33490551136576,57.29362499999992,57.092999999999826,44.0405404593164,19.85803145273674,27.4535311971032
2017-01-13T18:30:00Z,56.94,57.05,56.83,56.835,94659,404446.4,57.3845399912594,57.42349999999982,58.565008212897915,56.281991787101724,57.27449999999992,57.03199999999983,42.66253490510501,19.916967856245503,23.071150114046066
2017-01-13T19:30:00Z,56.83,56.94,56.81,56.86,217968,344972.65,57.3589526746126,57.329499999999825,58.32175450369984,56.33724549629981,57.26449999999992,56.87699999999984,43.118888832881325,23.077833624708575,20.950944311230156
2017-01-13T20:30:00Z,56.86,57.19,56.85,57.19,567560,332452.75,57.35071108072906,57.27149999999982,58.14712606180724,56.395873938192395,57.26599999999992,56.92299999999983,48.9003766834754,30.59895833333326,24.531253271428994
2017-01-17T14:30:00Z,57.25,58.14,57.25,57.42,882806,345946.4,57.35409102801057,57.22099999999982,57.92278771727271,56.519212282726926,57.26474999999992,57.04899999999983,52.522459206418844,41.24177631578945,31.63952275794365
2017-01-17T15:30:00Z,57.41,57.78,57.28,57.54,509646,339228,57.36315975835152,57.19599999999982,57.80935634024211,56.58264365975753,57.271499999999925,57.16899999999983,54.34092785191635,53.229922867513615,41.69021917221199
2017-01-17T16:30:00Z,57.53,57.71,57.31,57.32,437636,342963.2,57.361054404285596,57.17449999999983,57.736682354854615,56.61231764514505,57.276624999999925,57.265999999999835,50.52050525573741,51.56684815487005,48.67951577939092
2017-01-17T17:30:00Z,57.3325,57.35,57.11,57.2225,403437,345024.2,57.35429565285703,57.15262499999983,57.669784247823266,56.635465752176394,57.286687499999914,57.33849999999984,48.8803488280161,46.264367816091955,50.353712946158424
2017-01-17T18:30:00Z,57.22,57.35,57.09,57.19,401054,331906.7,57.346281230766444,57.14612499999983,57.65794644113992,56.634303558859735,57.29693749999991,57.33849999999984,48.31725179630627,38.21839080459769,45.34986892518645
2017-01-17T19:30:00Z,57.18,57.205,56.925,56.945,525693,332245.15,57.32670653658271,57.11987499999982,57.616177516226614,56.62357248377303,57.30181249999991,57.243499999999834,44.18496144997133,29.59770114942529,38.026819923371534
2017-01-17T20:30:00Z,56.94,57.09,56.8901,57.05,371549,333601,57.31320865674941,57.13437499999983,57.60400217937575,56.66474782062391,57.31056249999991,57.145499999999835,46.30446747856848,25.632183908046,31.149425287356213
2017-01-18T14:30:00Z,57.54,58.85,57.39,58.7,1420696,387450.75,57.38085701495675,57.22937499999982,58.03704119813686,56.42170880186278,57.36006249999991,57.42149999999983,67.31129505554668,45.15644955300135,33.4621115368241
2017-01-18T15:30:00Z,58.73,58.8,58.45,58.69,802735,408276.7,57.4447176483735,57.298874999999825,58.327802202289945,56.269947797709705,57.4080624999999,57.714999999999826,67.13985848214735,70.15857811834822,46.98240385979841
2017-01-18T16:30:00Z,58.68,58.69,57.93,58.235,530935,426967.8,57.48326800698943,57.348124999999825,58.45436963280562,56.24188036719403,57.444437499999914,57.92399999999983,59.69053120160911,85.72530864197529,67.01344543777485
2017-01-18T17:30:00Z,58.2201,58.465,58.17,58.4,336447,437905.75,57.52798664079482,57.40712499999982,58.60205520198297,56.212194798016675,57.48418749999992,58.214999999999826,61.364622077011575,80.68718228031945,78.85702301354753
2017-01-18T18:30:00Z,58.4,58.58,58.2,58.2,486638,450142.5,57.56076778026824,57.46312499999982,58.695862679968066,56.230387320031575,57.52243749999991,58.44499999999984,58.20894595093816,72.53540305010893,79.64929799080112
2017-01-18T19:30:00Z,58.21,58.5351,58.2,58.46,292202,448025.2,57.60463276659662,57.529124999999816,58.82530715834678,56.23294284165285,57.56106249999991,58.396999999999835,61.01562632149305,75.52614379084967,76.24957637375924
2017-01-18T20:30:00Z,58.46,58.71,58.42,58.67,932429,482902.55,57.65660189993337,57.58087499999982,58.96920247851878,56.19254752148086,57.60306249999991,58.39299999999982,63.167287880888665,79.81770428463243,75.95975037519689
2017-01-19T14:30:00Z,58.52,60.64,58.44,59.94,1786702,561930.65,57.76798717310735,57.72987499999982,59.425353158989424,56.03439684101022,57.66131249999991,58.733999999999824,72.90639766663021,84.21623116473917,79.85335974674031
2017-01-19T15:30:00Z,59.93,60.18,59.78,60.05,737128,593436.8,57.87930487198016,57.89287499999982,59.80815387985336,55.97759612014628,57.715312499999904,59.06399999999983,73.55854329589688,85.47164686471338,83.1685274380282
2017-01-19T16:30:00Z,60.04,60.26,59.93,60.165,469382,610365.1,57.9908021952982,58.05412499999983,60.15536348898893,55.952886511010725,57.7733124999999,59.45699999999982,74.2561977403472,84.31069272958389,84.66619025301203
2017-01-19T17:30:00Z,60.17,60.17,59.96,60.067,515929,631428.6,58.09208013699097,58.21572499999983,60.41204577520794,56.019404224791714,57.81961249999991,59.77839999999983,72.50066119853854,85.4396117229793,85.07398377242542
2017-01-19T18:30:00Z,60.06,60.18,60,60.16,408244,640942.4,58.19295427664995,58.38072499999983,60.63978851119453,56.121661488805124,57.85511249999992,60.07639999999982,73.14940414688645,86.41741557552648,85.3892400093631
2017-01-19T19:30:00Z,60.15,60.3,59.98,60.25,545338,639831.3,58.293297970471905,58.53372499999982,60.862888916003726,56.20456108399591,57.902612499999904,60.13839999999982,73.79372174132502,87.17299127976747,86.34333952609097
2017-01-19T20:30:00Z,60.24,60.33,60.06,60.07,704951,630938.55,58.3799663621562,58.66622499999981,61.028158751742,56.30429124825763,57.943612499999915,60.142399999999824,70.16716345076435,86.42030659279122,86.67023781602829
2017-01-20T14:30:00Z,60.54,60.73,60.2,60.5,1049566,657934.55,58.48338263717297,58.814224999999816,61.245270998663045,56.383179001336586,58.00511249999992,60.209399999999825,73.51562701410286,87.94899180217465,87.18076322491102
2017-01-20T15:30:00Z,60.5037,60.66,60.44,60.44,394437,655774.6,58.57882738657917,58.970224999999814,61.39813106235456,56.54231893764507,58.07236249999992,60.283999999999835,72.2962602881127,87.96336996337006,87.44422278611187
2017-01-20T16:30:00Z,60.42,60.56,60.3,60.33,332967,652251.1,58.66425044089238,59.125599999999814,61.482939890664255,56.76826010933537,58.13911249999992,60.317999999999834,70.00379700241382,88.60119047619058,88.17118408057831
2017-01-20T17:30:00Z,60.33,60.39,59.9,59.97,336672,649032,58.72794554133665,59.2645999999998,61.47210088564486,57.05709911435474,58.20536249999991,60.26199999999983,62.96672258008868,81.32611048371926,85.96355697442652
2017-01-20T18:30:00Z,59.96,60.23,59.7,59.77,239187,634706.7,58.7787774661495,59.4058499999998,61.34704316661763,57.46465683338197,58.262862499999905,60.20199999999983,59.39457413462445,72.13027009222675,80.68585701737875
2017-01-20T19:30:00Z,59.78,59.81,59.5401,59.65,407135,636486,58.82127612633733,59.53584999999981,61.149091119646435,57.92260888035319,58.3351124999999,60.03199999999983,57.29434769038969,61.75418784114448,71.73685613903005
2017-01-20T20:30:00Z,59.65,59.69,59.51,59.6,412363,586069.35,58.8592626567599,59.58084999999981,61.14786656344694,58.01383343655269,58.405112499999895,59.86399999999984,56.39946161663484,55.31903701639811,63.067831649923015
2017-01-23T14:30:00Z,60.77,60.86,60.24,60.6824,1129176,602391.4,58.94819618569844,59.68046999999981,61.261546869896485,58.09939313010313,58.48967249999989,59.93447999999984,68.03788089098109,63.58207317508644,60.218432677542914
2017-01-23T15:30:00Z,60.69,60.81,60.44,60.52,482773,599983.3,59.02486954249364,59.79471999999981,61.26804183806463,58.321398161934994,58.57142249999989,60.04447999999984,65.22470308747697,70.77142703110708,63.22417907419712
2017-01-23T16:30:00Z,60.52,60.61,60.11,60.29,443122,605317.05,59.08658322334761,59.88921999999982,61.22898412793984,58.549455872059795,58.64817249999989,60.148479999999836,61.355459169702755,73.14567901234591,69.16639307284639
2017-01-23T17:30:00Z,60.3,60.4,60.2,60.345,176229,589796.6,59.14796940757456,59.99646999999983,61.10092095341952,58.892019046580145,58.72979749999989,60.28747999999983,61.93694241634454,64.814814814815,69.5773069527559
2017-01-23T18:30:00Z,60.35,60.53,60.21,60.24,191968,584784.9,59.20123919257092,60.08546999999983,60.93860613714912,59.23233386285054,58.80729749999989,60.415479999999846,60.07837414291331,57.90123456790139,65.287242798354
2017-01-23T19:30:00Z,60.25,60.37,60.21,60.31,209060,548616.45,59.255325085616235,60.16746999999983,60.724530991731754,59.61040900826791,58.874172499999894,60.34099999999984,60.920299155329246,58.39506172839529,60.370370370370466
2017-01-23T20:30:00Z,60.31,60.35,60.14,60.24,418759,480219.3,59.3033580082691,60.18246999999983,60.730302591681685,59.63463740831798,58.9561724999999,60.28499999999984,59.567421035428836,55.802469135802774,57.366255144033055
2017-01-24T14:30:00Z,60.01,60.41,59.62,59.6875,629404,474833.1,59.32209664201207,60.164344999999834,60.751112318456386,59.57757768154328,59.02860999999989,60.16449999999984,50.10876797051465,42.160493827160764,52.11934156378618
2017-01-24T15:30:00Z,59.7,59.92,59.67,59.76,426630,472695.5,59.34345778142612,60.14409499999984,60.756756836583484,59.53143316341619,59.0991099999999,60.04749999999984,51.2037262333538,28.580246913580424,42.18106995884789
2017-01-24T16:30:00Z,59.76,60.13,59.75,60.13,303483,462073.2,59.38182569452728,60.14724499999984,60.758935969365915,59.53555403063377,59.181484999999896,60.02549999999984,56.45602917970572,25.86419753086439,32.2016460905351
2017-01-24T17:30:00Z,60.12,60.57,60.085,60.21,368831,460102.55,59.422224441135704,60.14974499999984,60.76203246680174,59.53745753319794,59.26523499999989,60.00549999999985,57.520695348312465,38.765432098765636,31.06995884773673
2017-01-24T18:30:00Z,60.21,60.35,60.04,60.09,716639,468667.6,59.45479885864128,60.14174499999983,60.75276351200253,59.53072648799713,59.33773499999991,59.97549999999984,55.33513724132552,46.91358024691391,37.18106995884789
2017-01-24T19:30:00Z,60.09,60.2201,60.02,60.15,313122,449076.15,59.48871110943927,60.14574499999983,60.7558792327799,59.53561076721976,59.40598499999991,60.06799999999985,56.23063229341319,47.40740740740764,44.36213991769563
2017-01-24T20:30:00Z,60.15,60.33,60.08,60.22,662042,429699.95,59.52438373824711,60.13174499999983,60.72122207504789,59.54226792495177,59.4729849999999,60.15999999999984,57.30609302886484,46.25248904818816,46.85782556750314
2017-01-25T14:30:00Z,60.2,60.3989,59.84,60.235,380386,428997.4,59.5590479461375,60.12149499999983,60.696117538719655,59.54687246128001,59.545859999999905,60.18099999999985,57.5468132010347,49.15839215016956,47.606096201921694
2017-01-25T15:30:00Z,60.24,60.46,60.155,60.31,456522,435175.15,59.59567975364298,60.120494999999835,60.693730572870805,59.547259427128864,59.623047499999906,60.20099999999984,58.797713206368506,56.58824624669044,50.66637581501596
2017-01-25T16:30:00Z,60.305,60.54,60.305,60.4257,159771,426330.1,59.636168546148205,60.14327999999982,60.72690887737839,59.55965112262125,59.70393999999991,60.26813999999983,60.72051644830424,68.72938942722237,58.158675941360706
2017-01-25T17:30:00Z,60.425,60.93,60.27,60.8958,330984,430919.95,59.69761398292146,60.19956999999984,60.84248374888034,59.556656251119335,59.80270999999991,60.41729999999984,67.38125450565121,83.96560299661967,69.76107955684407
2017-01-25T18:30:00Z,60.89,60.99,60.62,60.74,356427,428384.55,59.74846208131554,60.25406999999983,60.886102094521306,59.62203790547835,59.89495999999991,60.52129999999984,63.535889367005105,87.98388803680241,80.22629348688139
2017-01-25T19:30:00Z,60.72,60.73,60.58,60.685,243824,419957.6,59.79414685783673,60.308319999999824,60.890789688916044,59.725850311083605,59.944584999999904,60.611299999999844,62.18669083798228,85.62612135733006,85.85853746358396
2017-01-25T20:30:00Z,60.685,60.85,60.65,60.73,546910,390844.3,59.839798230625185,60.31069999999983,60.899617580059164,59.72178241994049,59.995584999999906,60.69529999999984,62.88121130488777,80.17031630170317,84.5934418986118
2017-01-26T14:30:00Z,61.11,63.64,61.1,63.45,3455691,539490.2,60.01590563400932,60.45719999999983,61.948258186692804,58.966141813306855,60.12595999999991,61.30015999999985,83.09391659551905,84.65774329368071,83.4847269842379
2017-01-26T15:30:00Z,63.45,63.58,63,63.3,1904713,612569.75,60.1761053591796,60.60769999999983,62.542477691648536,58.672922308351126,60.24845999999991,61.78099999999985,80.49085626163169,89.16521456883248,84.66442472140535
2017-01-26T16:30:00Z,63.31,63.355,62.95,63,1230818,665299.2,60.3138563172684,60.740449999999825,62.9321826630099,58.54871733698975,60.368459999999914,62.23299999999985,75.40318135021556,89.87721354437362,87.90005713562884
2017-01-26T17:30:00Z,62.9998,63.23,62.99,63.15,495766,680489.1,60.45220478959677,60.88594999999983,63.30051150596764,58.47138849403202,60.48570999999991,62.72599999999984,76.21278253762947,87.17426599918821,88.73889803746466
2017-01-26T18:30:00Z,63.14,63.17,62.775,62.78,697701,704921.15,60.5657557754701,61.00944999999983,63.54326918575451,58.47563081424515,60.588459999999905,63.135999999999854,70.08488220027999,82.54385964912285,86.5317797308948
2017-01-26T19:30:00Z,62.78,63.21,62.73,63.11,1066678,737317.1,60.68986524983741,61.15294999999984,63.817893163764246,58.488006836235435,60.66770999999991,63.06799999999985,72.22956678066161,83.50877192982459,84.40896585937844
2017-01-26T20:30:00Z,63.11,63.42,63.05,63.38,1134032,762548.5,60.82109133521119,61.33757499999983,64.08129840143836,58.5938515985613,60.75095999999992,63.083999999999854,73.87957982796004,85.52631578947374,83.85964912280696
2017-01-27T14:30:00Z,63.68,63.68,62.23,62.33,1500987,816266.35,60.8946966359326,61.46607499999984,64.14211722754358,58.790032772456094,60.805084999999906,62.949999999999854,59.158705527957665,80.30421799178801,83.11310190369534
2017-01-27T15:30:00Z,62.34,62.72,62.06,62.26,949925,848588.45,60.961296800033445,61.57257499999984,64.19647993417698,58.9486700658227,60.859909999999914,62.771999999999856,58.32434740208329,71.07259788580457,78.96771055568867
2017-01-27T16:30:00Z,62.26,62.31,61.68,61.79,645176,862405.7,61.00172134637328,61.651574999999845,64.20070145892578,59.102448541073905,60.9006599999999,62.573999999999856,52.92682807530037,54.87822632640751,68.75168073466658
2017-01-27T17:30:00Z,61.79,62.235,61.79,62.17,505075,851827.5,61.05871054898922,61.75557499999984,64.20931323045521,59.301836769544465,60.948659999999904,62.385999999999854,56.43703090547161,51.40762463343111,59.11948294854762
2017-01-27T18:30:00Z,62.155,62.19,61.985,62.1227,484308,860386.8,61.110612473428766,61.85420999999985,64.1979885278669,59.51043147213281,60.9999774999999,62.13453999999986,55.87847643448143,48.54320625610958,51.60968573864929
2017-01-27T19:30:00Z,62.125,62.29,62.08,62.265,416531,848111.25,61.16692406009078,61.95645999999984,64.18156645985611,59.731353540143566,61.044102499999894,62.121539999999854,57.2492739609986,51.45172291422704,50.46751793458913
2017-01-27T20:30:00Z,62.265,62.44,62.09,62.42,835448,870864.35,61.22804971569611,62.065709999999854,64.15224911242754,59.97917088757217,61.093602499999896,62.153539999999865,58.75252549482317,51.40921228657012,50.46804715230214
2017-01-30T14:30:00Z,61.91,62.08,61.19,61.31,560610,876068.75,61.2320472905402,62.11570999999985,64.07564914897667,60.155770851023036,61.118102499999885,62.05753999999986,46.21874071024149,36.42746594637063,46.42946704905582
2017-01-30T15:30:00Z,61.3,61.45,60.88,60.93,598636,898012,61.217313276367506,62.14092499999987,64.02474377142724,60.25710622857249,61.142102499999886,61.80953999999987,42.84867483619049,19.25592736394091,35.697535198960445
2017-01-30T16:30:00Z,60.95,61.18,60.83,60.98,675019,915213.75,61.205737018983726,62.14513499999987,64.01814978509474,60.272120214904994,61.17235249999989,61.58099999999986,43.43313309202952,3.9560497629616846,19.879814357757635
2017-01-30T17:30:00Z,60.98,61,60.59,60.76,388331,916808.95,61.18399374976501,62.146134999999866,64.01616689950986,60.27610310048988,61.20010249999988,61.27999999999986,41.425729408208866,4.183496767809442,9.131824631570568
2017-01-30T18:30:00Z,60.754,60.9,60.63,60.711,811000,945167.75,61.16092088392281,62.147434999999874,64.01343391242754,60.2814360875722,61.227877499999884,60.93819999999986,40.97152249177754,4.893544540963993,4.3443636905782625
2017-01-30T19:30:00Z,60.73,61.05,60.71,61.02,533481,944496.3,61.15404669446316,62.16193499999987,63.98772482393378,60.33614517606596,61.236317499999885,60.88019999999987,45.0622585857395,7.77777777777773,5.618273028850278
2017-01-30T20:30:00Z,61.03,61.22,60.99,61.13,963805,819902,61.15287368497715,62.04593499999987,63.82381018155259,60.268059818447156,61.25156749999989,60.920199999999866,46.484069523511735,11.76914778856527,8.14682336910222
2017-01-31T14:30:00Z,61.25,62.62,61.19,62.29,1193621,784347.4,61.20834326131973,61.99543499999987,63.68304185622612,60.30782814377363,61.30156749999988,61.182199999999874,58.64028900878504,37.06793077776263,18.871618781368433
2017-01-31T15:30:00Z,62.2703,62.4,61.74,61.83,500985,747855.75,61.23866798027974,61.93693499999987,63.561118327454324,60.31275167254542,61.33869249999988,61.39619999999987,53.45483299300525,52.79055952349145,33.87587936327301
2017-01-31T16:30:00Z,61.84,62.05,61.77,61.85,295558,737845.35,61.26848905441244,61.87193499999986,63.39780448366699,60.34606551633273,61.37894249999988,61.623999999999874,53.646756349461036,67.65497197745867,52.50448742623748
2017-01-31T17:30:00Z,61.86,61.95,61.74,61.93,268893,716404.95,61.30075788102647,61.82943499999986,63.29804338251165,60.36082661748807,61.41944249999989,61.80599999999987,54.455725023972946,63.0541871921183,61.166572897689356
2017-01-31T18:30:00Z,61.93,62.06,61.8,62.03,293220,677732.05,61.33633066731786,61.77543499999986,63.12644295748406,60.42442704251566,61.464192499999875,61.98599999999986,55.501155144010184,66.33825944170785,65.68247287042816
2017-01-31T19:30:00Z,62.03,62.24,62.005,62.16,402110,641135.95,61.376509659156014,61.71443499999987,62.865517438916534,60.5633525610832,61.52600499999987,61.959999999999866,56.88663795591042,71.42857142857149,66.94033935413243
2017-01-31T20:30:00Z,62.155,62.31,62.105,62.29,699912,601082.2,61.42107016358743,61.71243499999986,62.85936383004523,60.56550616995448,61.58925499999988,62.051999999999865,58.285341829297614,77.33990147783258,71.70224411603719
2017-02-01T14:30:00Z,62.26,63.65,62.24,62.82,1981596,652665.75,61.48931064341243,61.740434999999856,62.96423412615987,60.51663587383984,61.65650499999988,62.24599999999987,63.48633741467799,77.98652027860958,75.58499772833777
2017-02-01T15:30:00Z,62.8162,63,62.49,62.585,771744,658994.15,61.54275890470939,61.78018499999986,63.058281522641416,60.502088477358306,61.71587999999987,62.37699999999986,59.919040002912695,73.93857926312296,76.4216670065216
2017-02-01T16:30:00Z,62.58,62.8,62.34,62.655,1368180,702149.4,61.5970145678943,61.80443499999986,63.12876410607096,60.480105893928766,61.78000499999987,62.50199999999986,60.62870535592794,68.5185185185186,73.4812060200836
2017-02-01T17:30:00Z,62.66,62.85,62.5,62.78,857856,720826.8,61.654721174338476,61.83729999999986,63.222801367768604,60.45179863223111,61.84575499999987,62.62599999999986,61.925139513116584,67.95726384740807,70.13812054301644
2017-02-01T18:30:00Z,62.79,63.09,62.75,62.96,671138,733557.15,61.71839331217562,61.87204999999987,63.33160109197463,60.4124989080251,61.914254999999876,62.75999999999986,63.77494878759624,71.7354417852499,69.40374138372543
2017-02-01T19:30:00Z,62.97,63.22,62.87,63.2,1092866,746428.05,61.790666809142664,61.91104999999986,63.46567078658638,60.35642921341334,61.98837999999988,62.83599999999988,66.13724493235767,76.93512399731605,72.20927654332458
2017-02-01T20:30:00Z,63.2,63.33,63.09,63.26,986340,767714.55,61.86234159894058,62.00854999999986,63.642717001896436,60.37438299810328,62.062129999999875,62.970999999999876,66.72151491293216,81.25322015841009,76.64126198032525
2017-02-02T14:30:00Z,62.89,62.96,62.11,62.15,492670,762416.25,61.87637371606543,62.06954999999986,63.62742207115657,60.51167792884314,62.10523749999987,62.86999999999988,49.6530744930848,62.89833893890653,73.69556103154413
2017-02-02T15:30:00Z,62.15,62.41,61.94,62.085,460406,751685.6,61.88655060796468,62.12479999999986,63.60039447006586,60.64920552993386,62.13496749999987,62.73099999999988,48.86476131778556,41.22504575831099,61.792201618542435
2017-02-02T16:30:00Z,62.085,62.09,61.63,61.896,617436,763140.85,61.887011553917624,62.181599999999854,63.524137954804345,60.83906204519536,62.16386749999987,62.51819999999988,46.55051154951454,17.56570421440049,40.56302963720591
2017-02-02T17:30:00Z,61.91,61.93,61.69,61.82,337026,739442.15,61.88374269762896,62.237049999999854,63.413369425194354,61.060730574805355,62.19224249999987,62.242199999999876,45.614980064740934,13.545694883624497,24.11214828544523
2017-02-02T18:30:00Z,61.81,61.885,60.885,60.94,666161,746076.15,61.83770646847633,62.23304999999986,63.42631819704862,61.03978180295109,62.197492499999875,61.77819999999988,36.47436444242212,8.187802505386175,13.099733867803627
2017-02-02T19:30:00Z,60.94,61.13,60.42,61.08,1433582,769565,61.80074517733114,62.23054999999986,63.43322409969953,61.02787590030019,62.13824249999986,61.56419999999988,38.582929951565575,10.60950907232769,10.78100215377936
2017-02-02T20:30:00Z,61.09,61.4,61.09,61.15,992628,759515.35,61.76900151014425,62.173549999999864,63.46437910955979,60.882720890439934,62.08449249999986,61.37719999999988,39.6613509839898,15.007735272656708,11.26834895012343
2017-02-03T14:30:00Z,61.25,61.71,60.81,61.07,543767,761654.45,61.734903875503065,62.13554999999987,63.50683516001706,60.76426483998267,62.036242499999865,61.211999999999875,38.82235900892182,21.79027516233479,15.802506502439634
2017-02-03T15:30:00Z,61.06,61.22,61.06,61.2,304666,762109.85,61.70881100352731,62.10304999999986,63.52956357865398,60.676536421345745,61.98749249999986,61.08799999999987,41.00626648066925,23.913837555279,20.237282663423404
2017-02-03T16:30:00Z,61.209,61.64,61.19,61.28,346596,765995,61.68789339359915,62.070549999999855,63.540314943822445,60.600785056177266,61.94999249999986,61.15599999999988,42.36966853204494,26.23138602520055,23.978499580938017
2017-02-03T17:30:00Z,61.3,61.44,61.22,61.31,286988,765683.4,61.66945956952114,62.034549999999854,63.541329144430286,60.52777085556942,61.90499249999986,61.20199999999987,42.90257444496848,28.980526918671362,26.37525016638354
2017-02-03T18:30:00Z,61.31,61.31,61.045,61.055,181837,754669.75,61.63948593198352,61.97929999999987,63.54356635841868,60.415033641581054,61.84686749999986,61.18299999999988,39.55447282283725,27.319587628866056,27.510500190912563
2017-02-03T19:30:00Z,61.06,61.185,61.05,61.07,378220,738585.15,61.61170613042335,61.91829999999986,63.52394742085154,60.31265257914818,61.81536749999985,61.18299999999988,39.851826615844715,24.914089347079102,27.071401298205412
2017-02-03T20:30:00Z,61.07,61.38,61.07,61.36,788187,678914.7,61.59942778259782,61.84529999999986,63.41262729194791,60.277972708051806,61.79286749999985,61.214999999999876,45.440060978361785,27.055316539040888,26.429664504995255
2017-02-06T14:30:00Z,61.13,61.3569,61,61.32,225345,651594.75,61.58579715905646,61.782049999999856,63.326805446693044,60.23729455330667,61.781117499999844,61.22299999999988,44.821496188961426,34.85692480948823,28.94211023186931
2017-02-06T15:30:00Z,61.31,61.38,61.15,61.34,183889,592380.2,61.57380705373664,61.71629999999986,63.21818229901122,60.214417700988506,61.76036749999986,61.22899999999987,45.22300876353265,45.77460834276533,35.89561656376472
2017-02-06T16:30:00Z,61.34,61.35,60.95,61.03,124608,555717.8,61.54727988038363,61.62879999999986,63.07549811643025,60.18210188356947,61.73304999999984,61.223999999999876,40.324995669490356,46.90443400197518,42.511989051409486
2017-02-06T17:30:00Z,61.03,61.15,60.99,61.03,98493,527085.55,61.522046715486866,61.532299999999864,62.86383296620266,60.20076703379707,61.702174999999855,61.21599999999987,40.324995669490356,45.708465536210646,46.129169293650286
2017-02-06T18:30:00Z,61.03,61.04,60.89,60.925,160971,480490.8,61.49292248546312,61.41854999999987,62.531537776250225,60.30556222374951,61.66479999999986,61.12899999999987,38.679348922629835,40.39428769035185,44.33572907617913
2017-02-06T19:30:00Z,60.92,61.1,60.91,61.06,175412,439944.4,61.47180431544053,61.30854999999987,62.04194333926736,60.575156660732375,61.658549999999856,61.07699999999987,41.95899059237763,36.18776328515196,40.763505503904724
2017-02-06T20:30:00Z,61.06,61.075,60.89,60.94,489521,439786.95,61.4458626415166,61.24804999999988,61.88741139238649,60.60868860761327,61.65879999999986,60.99699999999988,39.91540720547628,27.123169681309026,34.56840688560418
2017-02-07T14:30:00Z,61.03,61.35,60.61,61.01,385616,436047.45,61.42460104924749,61.19429999999987,61.712434384189585,60.676165615810156,61.659549999999854,60.99299999999987,41.69919568721967,27.01905789284416,30.109996953101614
2017-02-07T15:30:00Z,61.02,61.58,61.01,61.18,379198,424135.55,61.412669290747615,61.158499999999876,61.56458004146298,60.75241995853677,61.670049999999854,61.022999999999875,45.89982597921333,36.206400575332445,30.116209383161777
2017-02-07T16:30:00Z,61.18,61.55,61.18,61.38,337054,424136.95,61.411075666808706,61.13649999999988,61.42849486309328,60.84450513690648,61.686774999999855,61.113999999999876,50.425316136308275,57.85206686017428,40.3591751094502
2017-02-07T17:30:00Z,61.38,61.48,61.34,61.415,274848,404571.3,61.41126709769609,61.160249999999884,61.461571672089576,60.85892832791019,61.69664999999986,61.184999999999874,51.19472373324111,72.57031328195397,55.54292690582014
2017-02-07T18:30:00Z,61.42,61.49,61.4,61.475,317760,348780.2,61.41437601975969,61.17999999999988,61.5082681831574,60.85173181684236,61.70527499999986,61.291999999999874,52.554171241928124,83.84879725085943,71.42372579766247
2017-02-07T19:30:00Z,61.48,62.04,61.44,62.035,662983,332297.95,61.44465036025922,61.224249999999884,61.720186235895326,60.72831376410444,61.69889999999985,61.49699999999988,62.93218261840564,90.6050993679861,82.3414033002664
2017-02-07T20:30:00Z,62.035,62.05,61.78,61.88,597327,334975.95,61.465886928051454,61.26474999999988,61.83099619210747,60.69850380789229,61.70014999999986,61.63699999999987,59.080182530817744,92.3400172755845,88.93130463147658
2017-02-08T14:30:00Z,61.5,62.4,61.33,62.38,1128210,376153.15,61.51047780960992,61.32374999999987,62.06848401297251,60.579015987027226,61.71339999999985,61.836999999999875,66.25547765670039,95.57582521968015,92.84031395441683
2017-02-08T15:30:00Z,62.38,62.62,62.07,62.12,909129,404279.8,61.54021059938504,61.36574999999986,62.18672061462641,60.54477938537332,61.71814999999985,61.977999999999874,60.33119171706667,87.40050137271457,91.77211462265966
2017-02-08T16:30:00Z,62.12,62.46,62.12,62.23,488701,414365.45,61.573858862829674,61.41174999999987,62.31413170974225,60.50936829025749,61.72314999999986,62.12899999999987,61.88402653072583,84.86802486635732,89.28145048625059
2017-02-08T17:30:00Z,62.23,62.44,62.09,62.31,431154,426831.3,61.60976818659408,61.474499999999864,62.441174195415215,60.50782580458451,61.72689999999985,62.18399999999987,63.01786216901669,80.09950248756229,84.1226762422113
2017-02-08T18:30:00Z,62.31,62.33,62.085,62.12,390515,427446.05,61.63465754334559,61.52699999999987,62.51393667480576,60.540063325193984,61.72264999999985,62.23199999999987,58.562233242551336,80.09950248756229,81.68900994716056
2017-02-08T19:30:00Z,62.11,62.19,62.01,62.03,413899,408731.65,61.65394254123117,61.56049999999988,62.56776312355557,60.55323687644418,61.70289999999985,62.16199999999988,56.52355626300561,76.78275290215606,78.99391929242681
2017-02-08T20:30:00Z,62.03,62.1,61.84,61.89,627629,428845.85,61.665457539219894,61.58899999999987,62.59968095860061,60.57831904139913,61.68552499999985,62.11599999999987,53.408869453857804,69.81757877280279,75.56661138750697
2017-02-09T14:30:00Z,61.71,62.42,61.71,62.3,585527,448927.75,61.69641082998965,61.63699999999987,62.686268316529954,60.58773168346979,61.67664999999986,62.12999999999987,60.30710723801537,71.4841939371467,72.69484187070178
2017-02-09T15:30:00Z,62.31,62.41,62.02,62.09,380006,461697.65,61.715610301697474,61.68999999999987,62.71814395882991,60.66185604116983,61.659399999999856,62.08599999999988,55.753775280778434,69.00008669557684,70.10061980184203
2017-02-09T16:30:00Z,62.11,62.25,62.055,62.21,225960,468071,61.73972687234638,61.748999999999874,62.75404527265066,60.74395472734909,61.64064999999986,62.103999999999886,57.71831034672551,70.51190743683185,70.33206268985172
2017-02-09T17:30:00Z,62.22,62.41,62.09,62.17,459057,482975.3,61.760715805402654,61.81124999999988,62.7569078398516,60.86559216014816,61.61489999999985,62.13199999999988,56.812800472338836,65.50925925925962,68.3404177972227
2017-02-09T18:30:00Z,62.18,62.205,62.05,62.115,250120,486710.7,61.77799796123667,61.86399999999988,62.7520968416056,60.97590315839417,61.586274999999866,62.17699999999987,55.52294962649147,64.72868217054298,66.91661628887807
2017-02-09T19:30:00Z,62.11,62.33,62.09,62.33,335887,479029,61.80492488995684,61.93349999999989,62.73479332960367,61.13220667039611,61.59077499999986,62.18299999999988,59.40308421372365,67.82945736434137,66.02246626471458
2017-02-09T20:30:00Z,62.325,62.335,62.16,62.24,510641,485280.25,61.826148066056504,61.99499999999989,62.68431850408134,61.30568149591844,61.59464999999985,62.21299999999987,57.15529284593292,69.63824289405714,67.39879414298042
2017-02-10T14:30:00Z,62.16,62.38,61.4,61.85,549719,493806.3,61.827311575029356,62.028499999999894,62.61333416458471,61.44366583541508,61.59349999999986,62.14099999999987,48.577275179537466,61.649087135172046,66.37226246452344
2017-02-10T15:30:00Z,61.86,62.21,61.75,61.98,440517,498979.45,61.834759790881584,62.05849999999989,62.56326826373301,61.55373173626677,61.597499999999854,62.102999999999874,51.20608734063047,54.04828756421001,61.77853919781299
2017-02-10T16:30:00Z,61.9705,62.23,61.85,61.96,352417,502857.9,61.84086906937517,62.08574999999989,62.499202234324734,61.67229776567505,61.622999999999855,62.071999999999875,50.77602197444673,48.48279362662303,54.72672277533494
2017-02-10T17:30:00Z,61.97,62.23,61.86,62.1409,406816,507310.7,61.8555047245276,62.1190449999999,62.4232056713029,61.8148843286969,61.649522499999854,62.03417999999988,54.4984976436732,60.40012996006345,54.31040371696542
2017-02-10T18:30:00Z,62.14,62.34,62.12,62.25,438506,496086.85,61.874748396501865,62.1297949999999,62.436501038355914,61.82308896164389,61.67702249999985,62.036179999999874,56.62873555966566,69.93891402714947,59.6072792046119
2017-02-10T19:30:00Z,62.24,62.44,62.2,62.36,337258,483083.4,61.898419206428606,62.1537949999999,62.45360152754801,61.853988472451796,61.70927249999986,62.13817999999988,58.72681981865936,82.75942684766225,71.03282361162498
2017-02-10T20:30:00Z,62.351,62.535,62.3,62.38,653065,459326.15,61.92191095245648,62.15379499999989,62.453601527560124,61.85398847243965,61.738772499999854,62.21817999999987,59.114092159870005,87.32821265860936,80.00885117780695
2017-02-13T14:30:00Z,60.59,61,60.032,60.39,3614114,594575.4,61.847183588922015,62.0672949999999,62.893080137889484,61.24150986211032,61.71652249999986,61.90417999999987,29.476863801031044,64.31804707952658,78.13522886193265
2017-02-13T15:30:00Z,60.38,60.73,60.105,60.55,1371582,638719.45,61.783906340681916,61.9832949999999,63.03630940349268,60.93028059650712,61.69752249999986,61.58599999999988,32.41096052429171,40.44720491064202,64.03115488292592
2017-02-13T16:30:00Z,60.5593,60.78,60.35,60.6,1169528,675638.15,61.72615481186816,61.897794999999896,63.09819164859666,60.69739835140313,61.68614749999987,61.25599999999987,33.34424738259183,19.23025702490364,41.331836338357334
2017-02-13T17:30:00Z,60.6,60.8,60.5,60.71,991535,705689.15,61.67658628445996,61.82729499999989,63.12858954542871,60.526000454571076,61.67714749999986,60.925999999999874,35.455807317948725,23.491809828206346,27.72309058791726
2017-02-13T18:30:00Z,60.715,60.8544,60.555,60.81,927807,731384.55,61.63431378277898,61.7662949999999,63.136420342426845,60.396169657572955,61.66339749999986,60.611999999999874,37.39736539335703,26.95432148088986,23.225462777999876
2017-02-13T19:30:00Z,60.805,60.95,60.53,60.575,1012788,750642.5,61.58263993971659,61.7005449999999,63.16366747401243,60.23742252598737,61.64477249999986,60.64899999999987,34.75177417889962,26.62138766813186,25.689172992409283
2017-02-13T20:30:00Z,60.575,60.96,60.575,60.9,1399233,791327.8,61.549340430462124,61.630544999999906,63.10615760971856,60.15493239028125,61.633772499999864,60.71899999999988,40.9711426873309,29.151684645092804,27.575797931371437
2017-02-14T14:30:00Z,61.24,62.84,61.14,62.32,4954535,1020054.25,61.58693358019568,61.642044999999904,63.13528089360739,60.14880910639242,61.66602249999986,61.062999999999874,59.24842581950537,45.951278219223504,33.90811684414931
2017-02-14T15:30:00Z,62.32,62.49,59.51,60.88,4411014,1229306.95,61.552449015308085,61.5755449999999,63.08010220195641,60.07098779804339,61.66227249999987,61.09699999999988,44.276455922942795,52.43366951983288,42.512210794716324
2017-02-14T16:30:00Z,60.87,61.2,60.4401,61.04,1754066,1294057.4,61.527451502366226,61.519044999999906,63.014909203046685,60.02318079695313,61.665147499999875,61.14299999999988,45.911937761589485,56.18952285618957,51.52482353174858
2017-02-14T17:30:00Z,61.04,61.15,60.7,61.115,859242,1324513.5,61.507331916884944,61.4690449999999,62.94864890441471,59.98944109558509,61.66652249999987,61.250999999999884,46.701610322117226,45.09509509509518,51.23942915703915
2017-02-14T18:30:00Z,61.11,61.3,60.65,60.99,997580,1357598.15,61.48209621362226,61.402044999999895,62.840419024362944,59.963670975636845,61.66777249999988,61.26899999999989,45.50905944109909,46.196196196196276,49.16027138249361
2017-02-14T19:30:00Z,61,61.67,60.95,61.62,1204246,1392278.4,61.48882322759191,61.3710449999999,62.76177969574741,59.9803103042524,61.68302249999988,61.128999999999884,52.14211699087491,52.00200200200205,47.76443109776443
2017-02-14T20:30:00Z,61.6149,61.8,61.53,61.58,1257154,1427650.15,61.49327087502645,61.3575449999999,62.734595054992546,59.98049494500726,61.693022499999884,61.26899999999988,51.71170688543764,56.65665665665666,51.61828495161826
2017-02-15T14:30:00Z,61.47,61.65,60.725,61.3349,1519854,1481617,61.485545466488574,61.325289999999896,62.6724046304822,59.978175369517594,61.69189499999989,61.32797999999989,49.04044652911488,60.10910910910906,56.25592258925585
2017-02-15T15:30:00Z,61.35,61.8,61.3304,61.53,760378,1502015.05,61.4877139803184,61.3037899999999,62.62313783421736,59.98444216578244,61.69476999999988,61.41097999999988,51.20134250908071,59.2082082082082,58.6579913246579
2017-02-15T16:30:00Z,61.53,61.57,61.18,61.32,660898,1514719.15,61.479532810546765,61.262744999999896,62.52521949952736,60.00027050047243,61.690894999999884,61.47697999999988,48.802524795300315,56.605605605605625,58.640974307640896
2017-02-15T17:30:00Z,61.32,61.46,61.235,61.34,581627,1521875.2,61.47272633198351,61.2172449999999,62.39699922947133,60.03749077052847,61.67351999999988,61.420979999999886,49.04736230546426,56.65665665665673,57.49015682349011
2017-02-15T18:30:00Z,61.34,61.39,61.02,61.075,797660,1544895.3,61.453325047496506,61.1529949999999,62.210433755652836,60.09555624434696,61.65339499999989,61.31997999999989,45.914239843203205,52.10210210210221,55.12145478812145
2017-02-15T19:30:00Z,61.08,61.29,60.96,61.205,751485,1549816.3,61.44121163054545,61.0942449999999,61.99079568008154,60.19769431991826,61.62401999999988,61.29399999999988,47.67992093743518,50.95095095095104,53.236569903236585
2017-02-15T20:30:00Z,61.205,61.47,61.18,61.3,852617,1411741.45,61.43432325832372,61.139744999999905,61.979266853172625,60.300223146827186,61.60351999999989,61.24799999999988,48.99044735561145,50.550550550550575,51.2012012012012
2017-02-16T14:30:00Z,61.19,61.4,60.85,61.02,348418,1360583.25,61.41411236767379,61.163244999999904,61.960675800731,60.365814199268804,61.57326999999989,61.187999999999874,45.38230973863882,51.77526519808402,51.09225556652848
2017-02-16T15:30:00Z,61.01,61.29,60.94,61.23,299840,1317098.85,61.40513127656775,61.1947449999999,61.94931053191523,60.440179468084565,61.54626999999989,61.16599999999988,48.44889879769406,54.170016004482726,52.165277251039036
2017-02-16T16:30:00Z,61.235,61.28,60.83,61.08,306116,1282827.9,61.38927121429615,61.2132449999999,61.93687327608883,60.48961672391097,61.52026999999989,61.16699999999988,46.443043625554964,48.71586620250688,51.55371580169114
2017-02-16T17:30:00Z,61.08,61.12,60.73,60.78,309012,1251888.15,61.35955066725732,61.21174499999991,61.938826716146735,60.48466328385308,61.48901999999989,61.08199999999988,42.64067343690944,35.593601831336805,46.1598280127754
2017-02-16T18:30:00Z,60.78,60.87,60.7,60.77,308808,1216689.15,61.330792098122814,61.221494999999905,61.918780065059806,60.524209934940004,61.46101999999989,60.975999999999885,42.51572043496203,18.353096179183304,34.22085473767559
2017-02-16T19:30:00Z,60.755,60.755,60.36,60.47,564340,1174944.5,61.2888022396778,61.1999949999999,61.95935960409813,60.44063039590167,61.41526999999989,60.865999999999886,38.83872151058295,8.435624359537552,20.79410745668582
2017-02-16T20:30:00Z,60.48,60.67,60.32,60.62,831403,968787.9,61.25617774018132,61.114994999999894,61.718427847931345,60.51156215206844,61.37851999999989,60.74399999999988,41.56021474656197,11.424265174265196,12.737661904328611
2017-02-17T14:30:00Z,60.54,60.73,60.05,60.374,464828,771478.6,61.213144679684675,61.08969499999989,61.76817936235509,60.41121063764469,61.332619999999885,60.60279999999989,38.53203803057053,15.474481624481728,11.778123719428086
2017-02-17T15:30:00Z,60.3505,60.38,59.89,60.1,412558,704403.2,61.15884493921225,61.0426949999999,61.847002372809996,60.23838762718981,61.28086999999988,60.46679999999988,35.43506905094516,17.094851994852124,14.66453293119961
2017-02-17T16:30:00Z,60.1,60.3,60.048,60.2,194861,671184.15,61.11207201534824,60.996944999999904,61.87984899815145,60.114041001848356,61.23299499999988,60.352799999999874,37.41221433083202,16.878179626281128,16.482504415204918
2017-02-17T17:30:00Z,60.21,60.49,60.205,60.4858,161532,629381.75,61.081522160941006,60.971734999999896,61.882350994346005,60.06111900565379,61.18688999999987,60.35595999999988,42.8031132620124,23.276371308016962,19.083134309716666
2017-02-17T18:30:00Z,60.48,60.61,60.39,60.5403,264052,582372.05,61.055121079919495,60.917749999999884,61.79566895871015,60.03983104128962,61.14439749999987,60.34001999999988,43.79725451452865,32.829113924050745,24.327888286116206
2017-02-17T19:30:00Z,60.545,65.41,60.53,64.2,7148133,876921,61.2085298077283,61.04874999999989,62.71278596657654,59.38471403342324,61.20314749999987,61.105219999999875,75.09764616572657,52.315599584174244,36.140361605413915
2017-02-17T20:30:00Z,64.19,64.19,63.32,63.91,2119549,906905.75,61.340308841497645,61.1775049999999,63.25685062926862,59.098159370731175,61.25139749999988,61.86721999999988,71.69049790274981,64.02134164985031,49.722018386025034
2017-02-21T14:30:00Z,63.56,63.6,62.5736,62.9343,1143566,926065.15,61.418064507766054,61.24771999999989,63.46049492087649,59.03494507912328,61.275754999999876,62.41407999999988,61.569300055937326,68.68538647343006,61.67410923581813
2017-02-21T15:30:00Z,62.94,63.06,62.735,62.775,718630,928951.75,61.484256482996976,61.32046999999989,63.631459952479666,59.00948004752011,61.29160749999987,62.87191999999989,60.077983566989914,60.0803140096619,64.26234737764736
2017-02-21T16:30:00Z,62.775,62.79,62.44,62.4433,336963,916718.55,61.53103909358249,61.375634999999896,63.737959069461695,59.0133109305381,61.29643999999987,63.252519999999876,56.982953056728846,51.22342995169091,59.99637681159422
2017-02-21T17:30:00Z,62.44,62.72,62.33,62.63,282438,890957.45,61.58464694267603,61.45338499999989,63.87268340845673,59.03408659154305,61.30318999999987,62.93851999999988,58.28557787479402,49.38586956521749,53.5632045088567
2017-02-21T18:30:00Z,62.63,62.66,62.501,62.6,326222,869694.3,61.634176360106466,61.52313499999989,63.98974212501208,59.0565278749877,61.308689999999864,62.67651999999988,57.981747161799454,48.32910628019335,49.646135265700515
2017-02-21T19:30:00Z,62.6,62.97,62.572,62.95,637421,858934.5,61.69836287912566,61.60563499999989,64.14613821967102,59.06513178032877,61.37268999999988,62.67965999999988,60.56453652113282,51.38888888888902,49.701288244766545
2017-02-21T20:30:00Z,62.94,63.34,62.925,63.17,896377,886332.45,61.770150055753675,61.713134999999895,64.32632950274142,59.09994049725838,61.43818999999987,62.75865999999987,62.13986970916988,54.649758454106404,51.455917874396185
2017-02-22T14:30:00Z,63.27,63.47,62.95,63.07,305897,886635.3,61.83355737010715,61.80513499999989,64.47280479762424,59.13746520237555,61.49993999999988,62.88399999999988,60.94805880766693,57.48792270531413,54.50885668276978
2017-02-22T15:30:00Z,63.065,63.19,62.96,63.05,178486,880253.8,61.89289603497997,61.90363499999991,64.60223218541871,59.2050378145811,61.55843999999987,62.96799999999988,60.697320199027786,57.671852560602794,56.603177906674375
2017-02-22T16:30:00Z,63.04,63.0899,62.855,62.94,168945,873250.45,61.94397427717607,62.0116349999999,64.69455693869989,59.32871306129991,61.611689999999875,63.03599999999987,59.253468837902496,55.38029900980852,56.84669142524174
2017-02-22T17:30:00Z,62.92,63.13,62.92,63.0967,163212,865970.65,62.00020480024065,62.127969999999905,64.78711958519685,59.468820414802956,61.67473249999987,63.06533999999988,60.688092791977006,54.1501760234929,55.734109197967996
2017-02-22T18:30:00Z,63.1,63.115,62.73,62.76,278080,851657.65,62.03726798071672,62.2424699999999,64.8015235352856,59.6834164647142,61.72123249999987,62.98333999999987,56.11621503382501,50.72022573579746,53.41690025636621
2017-02-22T19:30:00Z,62.75,62.93,62.62,62.925,378885,829031.75,62.08057198165737,62.357719999999894,64.81989635567803,59.895543644321755,61.73635749999987,62.954339999999874,57.7942026114546,43.868098438843525,49.579500066044545
2017-02-22T20:30:00Z,62.92,63.11,62.88,63.09,570862,834333.45,62.12981237279604,62.49351999999989,64.79759544113908,60.18944455886071,61.79160749999987,62.962339999999884,59.46343311032581,45.84282943611438,46.81038453691838
2017-02-23T14:30:00Z,63.22,63.35,62.525,62.54,510529,839232,62.149821525342574,62.615519999999904,64.64132159898632,60.58971840101349,61.82910749999987,62.88233999999987,52.070759349858015,36.75093987614891,42.153955917035525
2017-02-23T15:30:00Z,62.54,63.1766,62.03,62.16,622963,860637.1,62.15031803630147,62.71351999999989,64.42816528065222,60.99887471934755,61.85523249999987,62.69499999999988,47.66187900921605,29.09711669813211,37.230295336798385
2017-02-23T16:30:00Z,62.16,62.67,62.095,62.53,639554,884538.2,62.1688391077014,62.815729999999895,64.19862896249153,61.432831037508265,61.89373249999987,62.64899999999987,51.92977084468493,20.723684210526322,28.857246928269035
2017-02-23T17:30:00Z,62.53,62.6,62.26,62.26,432283,892949.75,62.17328598049645,62.901714999999896,63.85517537629258,61.948254623707214,61.90973249999988,62.51599999999987,48.8023742974033,19.90740740740733,23.242736105355174
2017-02-23T18:30:00Z,62.27,62.55,62.24,62.35,553262,563206.2,62.1819061765698,62.8092149999999,63.58292734264286,62.03550265735694,61.92898249999988,62.36799999999987,49.885779591854536,24.3055555555556,21.645549057829673
2017-02-23T19:30:00Z,62.35,62.39,61.995,62.005,919110,503184.25,62.17327660698103,62.713964999999895,63.38429877444637,62.04363122555342,61.94573499999988,62.260999999999875,45.8779741215326,12.957470182046594,19.05681104833643
2017-02-23T20:30:00Z,62.01,62.07,61.95,62.07,919061,491959,62.16823872371366,62.6707499999999,63.388458789176156,61.95304121082364,61.95923499999988,62.24299999999987,46.746055807441124,10.264975055340955,15.842666930980974
2017-02-24T14:30:00Z,62.1,62.5,61.72,62.195,675045,489779.75,62.169544151825185,62.6417499999999,63.386623080501415,61.89687691949839,61.98110999999987,62.175999999999874,48.45815090660904,12.571269079426386,11.931238105604569
2017-02-24T15:30:00Z,62.18,62.49,62.18,62.4725,508047,498333.95,62.1843224858825,62.6432099999999,63.38663451644968,61.89978548355011,62.00942249999987,62.21849999999988,52.13701341925881,27.733828436120945,16.856690856962686
2017-02-24T16:30:00Z,62.47,62.58,62.12,62.155,416229,505023.5,62.1828921207175,62.619459999999904,63.39280252544071,61.8461174745591,62.036422499999865,62.17949999999987,47.92240176382766,33.99795501022499,24.76768417525737
2017-02-24T17:30:00Z,62.16,62.31,61.95,61.96,406211,509022.95,62.17201933434104,62.58745999999991,63.412605091272205,61.76231490872761,62.05529749999987,62.170499999999876,45.49017221577451,29.192229038854872,30.308004161733525
2017-02-24T18:30:00Z,61.97,62.16,61.97,62.15,324306,493367.2,62.17094522047074,62.5474599999999,63.375983760463015,61.71893623953679,62.07654749999987,62.186499999999874,48.2463705709462,22.59713701431505,28.59577368779823
2017-02-24T19:30:00Z,62.16,62.245,61.92,62.06,424956,469796.15,62.16553325849656,62.49195999999989,63.29454511178437,61.68937488821541,62.102547499999865,62.15949999999988,47.03322202405544,20.654396728016508,24.147920927062064
2017-02-24T20:30:00Z,62.06,62.23,62.04,62.18,870306,498016.6,62.166238953204044,62.4474599999999,63.21483189266464,61.68008810733516,62.126297499999865,62.10099999999987,48.878969789833775,25.153374233128947,22.801635991820092
2017-02-27T14:30:00Z,61.31,61.49,60.791,61.3396,1352822,556733.4,62.125915101828234,62.36193999999989,63.217781577429086,61.506098422570695,62.13278749999987,61.93791999999987,38.70620747273767,24.025355267254643,23.277708742799955
2017-02-27T15:30:00Z,61.31,61.82,61.23,61.71,532348,574903.55,62.10562656027564,62.3004399999999,63.1580589629729,61.4428210370269,62.156037499999876,61.88791999999987,44.2167029561645,33.375388080688204,27.518039193690523
2017-02-27T16:30:00Z,61.71,61.7385,61.44,61.63,309481,582217,62.082425264652436,62.227104999999895,63.04995988268483,61.40425011731496,62.17753749999987,61.783919999999874,43.31101986527024,39.42817346076358,32.27630560290206
2017-02-27T17:30:00Z,61.63,61.655,61.396,61.48,258953,581260.65,62.05303866637671,62.163104999999895,63.00900329054969,61.3172067094501,62.202787499999864,61.66791999999987,41.59084117606514,44.600448337275616,39.134669959575724
2017-02-27T18:30:00Z,61.495,61.8,61.42,61.723,319396,578286.2,62.03693921923638,62.1030049999999,62.89277557551956,61.313234424480235,62.23036249999986,61.57651999999987,45.375790063523745,45.66283132090221,43.23048437298039
2017-02-27T19:30:00Z,61.72,61.96,61.72,61.94,391752,569330.7,62.03221047683461,62.04550499999989,62.69434616851428,61.396663831485505,62.26951249999987,61.696599999999876,48.580196695553774,51.61170113657545,47.29166026491768
2017-02-27T20:30:00Z,61.94,62.18,61.89,62.17,663345,576971.5,62.038931916989014,62.02700499999988,62.638413702882566,61.4155962971172,62.321262499999875,61.788599999999875,51.807185990282726,64.46804546301489,53.914192640164096
2017-02-28T14:30:00Z,62.25,62.58,61.7,62.15,484652,570055.95,62.04434987225784,62.02650499999989,62.63749405224191,61.41551594775786,62.37001249999987,61.89259999999987,51.504495280096315,72.42407303894184,62.83460654617732
2017-02-28T15:30:00Z,62.14,62.27,62.02,62.11,409075,558532,62.047552317513556,62.00550499999988,62.57316375485464,61.43784624514512,62.41061749999987,62.018599999999864,50.864410088290846,75.59157816284721,70.82789888826791
2017-02-28T16:30:00Z,62.11,62.17,61.845,61.92,255108,549673.25,62.0413302532446,61.98850499999988,62.544912352544095,61.43209764745567,62.445109999999865,62.057999999999865,47.82410090430389,70.93348239239818,72.98304453139566
2017-02-28T17:30:00Z,61.92,62.1925,61.9,62.11,320357,538028,62.04467999698877,61.97650499999988,62.51113536011981,61.441874639879956,62.39285999999986,62.09199999999987,50.97958097765308,70.18818706912634,72.23774920812383
2017-02-28T18:30:00Z,62.1,62.89,62.095,62.43,679209,526032.95,62.06347609469663,61.997754999999884,62.56783615383736,61.427673846162406,62.35585999999986,62.14399999999987,55.825218978156514,71.6403412131716,70.92067022489863
2017-02-28T19:30:00Z,62.43,62.57,62.415,62.54,547070,507433.4,62.086721163248015,62.02125499999988,62.63813876697872,61.404371233021045,62.34600249999986,62.221999999999866,57.38465425272864,78.37951172859256,73.4026800036301
2017-02-28T20:30:00Z,62.5393,62.58,62.275,62.53,549741,501168.2,62.108344521138356,62.038004999999885,62.69004039931507,61.385969600684696,62.339877499999865,62.30599999999987,57.18701084047228,81.41972367794195,77.14652553990196
2017-03-01T14:30:00Z,62.66,62.97,62.185,62.72,605949,506063.3,62.138181373765754,62.05037999999988,62.74305875271252,61.357701247287245,62.34679499999987,62.46599999999987,60.005553115885384,83.93551755168954,81.24491765274128
2017-03-01T15:30:00Z,62.73,62.77,62.42,62.49,348101,502656.9,62.155343257972305,62.067129999999885,62.784866500716866,61.349393499282904,62.34329499999988,62.541999999999874,55.262696525483385,79.32853562628958,81.56125895197361
2017-03-01T16:30:00Z,62.48,62.64,62.455,62.51,271902,495941.45,62.172643586851706,62.094629999999896,62.83561048857848,61.35364951142131,62.34104499999987,62.557999999999865,55.59139863271206,75.30390882491844,79.52265400096577
2017-03-01T17:30:00Z,62.5,62.61,62.34,62.42,331052,496278.75,62.184709753346745,62.10812999999989,62.86237335890856,61.353886641091215,62.32779499999987,62.533999999999864,53.68003774688448,68.2652238663225,74.2992227725101
2017-03-01T18:30:00Z,62.43,62.64,62.36,62.61,296500,489855.95,62.205455619037146,62.1356299999999,62.92033978358353,61.35092021641627,62.31379499999987,62.54999999999986,57.03828363825998,68.98158921264906,70.85024063462993
2017-03-01T19:30:00Z,62.62,62.69,62.34,62.365,424476,467564.45,62.21323827176704,62.1448799999999,62.93580071312603,61.353959286873774,62.29616999999987,62.47899999999986,51.820969400069174,62.843959021251514,66.69692403340761
2017-03-01T20:30:00Z,62.37,62.56,62.285,62.33,830432,441444.95,62.21893396582718,62.194399999999895,62.896472190058404,61.492327809941386,62.278169999999875,62.44699999999987,51.10184541559286,57.874015748031525,63.23318799397728
2017-03-02T14:30:00Z,62.2,62.29,61.67,62.29,433928,436523.95,62.222400601640494,62.2233999999999,62.890063753366924,61.55673624663287,62.26191999999986,62.402999999999864,50.24370855159238,49.886937209771865,56.86830399301822
2017-03-02T15:30:00Z,62.3,62.45,62.12,62.385,447669,443433.35,62.23033227960925,62.261149999999894,62.872327969214716,61.64997203078507,62.24412749999986,62.395999999999866,52.292758649457404,50.766202301635296,52.84238508647948
2017-03-02T16:30:00Z,62.38,62.65,62.38,62.62,310292,446000.3,62.24934046109173,62.3181499999999,62.83221041478587,61.80408958521394,62.24062749999986,62.39799999999987,57.00914717888052,58.58974358974351,53.08096103371681
2017-03-02T17:30:00Z,62.61,62.76,62.61,62.755,214243,440742.65,62.27400678006286,62.36974999999991,62.83978696667887,61.89971303332095,62.236377499999854,62.475999999999864,59.48697181038045,70.51282051282055,59.95625546806638
2017-03-02T18:30:00Z,62.75,62.86,62.535,62.57,275387,434924.4,62.28844547371833,62.401249999999905,62.834895880931974,61.967604119067836,62.223377499999856,62.523999999999866,54.82375184496625,75.25641025641036,68.11965811965807
2017-03-02T19:30:00Z,62.57,62.58,62.29,62.4899,428202,423167.25,62.29827252378085,62.4172449999999,62.83902911770836,61.99546088229145,62.222124999999856,62.563979999999866,52.89050536630621,71.92051282051295,72.56324786324787
2017-03-02T20:30:00Z,62.49,62.575,62.42,62.54,527065,425287.9,62.31006410798666,62.4367449999999,62.84308306362723,62.03040693637257,62.23162499999985,62.59497999999987,53.98350964045412,66.40769230769234,71.1948717948718
2017-03-03T14:30:00Z,62.22,62.54,62,62.28,305940,420131.15,62.308597566133656,62.4452449999999,62.830450090768124,62.060039909231676,62.22537499999985,62.52697999999987,47.7870460039088,60.417603964662824,66.24860303095596
2017-03-03T15:30:00Z,62.28,62.64,62.245,62.6,395407,427146.1,62.32281231900519,62.4792449999999,62.7848138497815,62.1736761502183,62.233874999999856,62.495979999999875,54.68177216077081,65.44494720965321,64.09008116066937
2017-03-03T16:30:00Z,62.6,63.2946,62.59,63.2,617342,441995.35,62.365601961980545,62.53374499999991,62.93138868717497,62.13610131282485,62.25512499999985,62.62197999999987,64.2216882796604,74.5295976324792,66.79738293559832
2017-03-03T17:30:00Z,63.21,63.5,63.15,63.44,734344,444752.1,62.418011622371736,62.58424499999991,63.14104525318855,62.02744474681127,62.29099999999985,62.81199999999988,67.19635563366768,89.68320005705552,76.55258163306256
2017-03-03T18:30:00Z,63.45,63.47,63.0901,63.3,424416,438619.4,62.461035445670674,62.62224499999992,63.25967738225245,61.984812617747394,62.32174999999984,62.96399999999987,63.86090067479991,93.32312597277691,85.84530788743712
2017-03-03T19:30:00Z,63.29,63.61,63.26,63.58,489222,435593.45,62.515619082467225,62.674744999999916,63.434384481560336,61.915105518439496,62.35637499999983,63.223999999999876,67.35140758225327,94.74865265806615,92.5849928959661
2017-03-03T20:30:00Z,63.57,63.605,63.4,63.54,755434,443067.7,62.565588883322484,62.71574499999991,63.56406792315276,61.86742207684706,62.38306249999984,63.41199999999988,66.36526736934897,94.6387996920361,94.23685944095962
2017-03-06T14:30:00Z,63.16,63.5,62.61,62.7331,506551,450990.2,62.57376015730675,62.727899999999906,63.56987914703912,61.885920852960695,62.39751499999984,63.318619999999875,50.34995296162447,80.12650743847522,89.83798659619241
2017-03-06T15:30:00Z,62.7302,62.96,62.56,62.56,322497,453519.95,62.57308893012105,62.730399999999904,63.570070104296505,61.8907298957033,62.412514999999836,63.14261999999987,47.691101884035554,58.90284092121845,77.88938268390983
2017-03-06T16:30:00Z,62.58,63.02,62.51,62.945,293250,451629.85,62.59123093352978,62.75664999999991,63.58865398679776,61.92464601320206,62.43238999999983,63.07161999999987,53.56454772972046,46.33747412008295,61.788940826592125
2017-03-06T17:30:00Z,62.945,63.0401,62.76,62.91,283021,450955.9,62.606780644089305,62.77164999999991,63.603354655539526,61.93994534446029,62.45363999999984,62.93761999999987,52.98212439941346,50.00000000000006,51.74677168043373
2017-03-06T18:30:00Z,62.92,63.185,62.89,63.13,300230,444743.6,62.63230353949958,62.809899999999914,63.633605338118,61.986194661881825,62.47738999999983,62.855619999999874,56.205564287351336,61.80124223602491,52.712905452035876
2017-03-06T19:30:00Z,63.11,63.12,62.81,62.81,418072,424125.6,62.64097165952399,62.833899999999915,63.627704562877454,62.040095437122375,62.51414999999984,62.87099999999987,50.75493290920064,59.00621118012433,56.93581780538301
2017-03-06T20:30:00Z,62.825,62.92,62.76,62.83,511668,428012.6,62.65019255418136,62.860899999999916,63.614589116311656,62.107210883688175,62.54214999999984,62.92499999999986,51.07428472071042,57.34989648033141,59.385783298826794
2017-03-07T14:30:00Z,62.53,62.78,62.03,62.66,456469,428452.6,62.65067096617251,62.8746499999999,63.602707026646414,62.14659297335339,62.56789999999984,62.86799999999987,48.21229502924537,47.24559058626202,54.5338994155725
2017-03-07T15:30:00Z,62.67,62.87,62.24,62.25,187034,422289.7,62.631126040993365,62.8561499999999,63.62671228434359,62.08558771565621,62.58714999999984,62.735999999999876,42.08692183029191,35.116754461828684,46.57074717614061
2017-03-07T16:30:00Z,62.24,62.56,62.16,62.52,148897,419022.4,62.62570525850588,62.84439999999991,63.627832884201844,62.06096711579797,62.60707499999984,62.613999999999876,46.87375670160845,28.270042194092838,36.87746241406109
2017-03-07T17:30:00Z,62.53,62.755,62.46,62.615,175902,414048.15,62.625183050773884,62.8466499999999,63.62717074543439,62.0661292545654,62.62394999999983,62.57499999999986,48.48711992703317,27.320675105485353,30.23582392046887
2017-03-07T18:30:00Z,62.61,62.66,61.86,62,497984,417537.25,62.594686316589794,62.82215499999991,63.67346090621099,61.97084909378883,62.61969999999983,62.408999999999864,40.01516152249996,25.34599156118158,26.978902953586502
2017-03-07T19:30:00Z,62,62.01,61.46,61.56,567802,419574.1,62.544213813341514,62.773154999999896,63.78201698558538,61.76429301441441,62.604949999999825,62.188999999999865,35.26735936231886,16.562440372567078,23.07636901307792
2017-03-07T20:30:00Z,61.55,61.73,61.375,61.63,942958,451425,62.49961801756876,62.740654999999904,63.84803831482519,61.63327168517462,62.592949999999824,62.06499999999987,36.55703809042315,8.220668220668351,16.70970005147225
2017-03-08T14:30:00Z,61.42,62.1991,61.36,61.9,922147,477762,62.47036835817516,62.7056549999999,63.87132270820583,61.53998729179397,62.592449999999815,61.94099999999986,41.406134001174514,15.41701525263178,13.40004128195565
2017-03-08T15:30:00Z,61.92,62,61.72,61.82,451687,469479.25,62.438643072410514,62.63665499999989,63.83987516520616,61.43343483479362,62.585199999999816,61.78199999999987,40.4203355211082,22.26484018264847,15.300841218649445
2017-03-08T16:30:00Z,61.81,61.98,61.55,61.7,355113,450517.7,62.40261170302463,62.5496549999999,63.759553609781676,61.33975639021813,62.566949999999814,61.721999999999866,38.923376504368335,24.47488584474894,20.71891376000964
2017-03-08T17:30:00Z,61.7,61.81,61.65,61.77,261169,442355.35,62.37175259556002,62.47315499999989,63.6770713201642,61.26923867983558,62.547699999999814,61.763999999999875,40.31204371993441,22.100456621004735,22.946727549467294
2017-03-08T18:30:00Z,61.77,61.86,61.67,61.72,526537,444221.1,62.33995978602051,62.38015499999989,63.512959407636075,61.2473505923637,62.52744999999982,61.78199999999987,39.61912124332557,20.51681195516828,22.36405147364057
2017-03-08T19:30:00Z,61.73,61.78,61.56,61.59,376332,425266,62.303376381824386,62.282654999999885,63.33196035401463,61.233349645985136,62.49919999999982,61.71999999999987,37.79984805933375,19.221296207597764,20.612854927923504
2017-03-08T20:30:00Z,61.59,61.59,61.4,61.41,590048,429440.85,62.259797046125634,62.21649999999988,63.30977992758595,61.123220072413815,62.472199999999816,61.63799999999988,35.37751300030199,12.836464492093699,17.524857551619824
2017-03-09T14:30:00Z,61.48,61.68,61.06,61.1,841549,455393.45,62.20322158046097,62.14349999999988,63.32657269432807,60.96042730567169,62.43694999999981,61.51799999999987,31.619385900818003,6.754930924372277,12.937563874687823
2017-03-09T15:30:00Z,61.105,61.29,61.025,61.145,371044,459283.15,62.15160101556044,62.053499999999886,63.25274184385849,60.854258156141285,62.405074999999805,61.39299999999987,32.73640283453457,4.152539738166069,7.914645051543925
2017-03-09T16:30:00Z,61.15,61.16,60.96,61.12,396761,464970.15,62.10127901480139,61.963999999999885,63.161374628118274,60.766625371881496,62.36782499999981,61.27299999999987,32.419558435861404,6.020003320474044,5.642491327670705
2017-03-09T17:30:00Z,61.1,61.24,61.05,61.19,469936,473455.45,62.05682637993303,61.866999999999884,62.98233582389452,60.751664176105244,62.33844999999981,61.19299999999987,34.33595517655533,9.79315899158223,6.65523401674069
2017-03-09T18:30:00Z,61.16,61.215,60.83,60.935,659853,485544.5,62.00210314188752,61.773249999999884,62.870834962571465,60.6756650374283,62.303574999999796,61.097999999999864,30.898560006887138,10.037444191386507,8.616868834480837
2017-03-09T19:30:00Z,60.935,61.11,60.905,61.065,533992,486660.7,61.95639079350276,61.68499999999989,62.70994877923752,60.660051220762256,62.272949999999796,61.09099999999986,34.498689902071135,12.787748069792594,10.872783750920354
2017-03-09T20:30:00Z,61.0683,61.285,61.065,61.14,661123,496893.4,61.91656685235629,61.60899999999988,62.55594033606307,60.662059663936695,62.2418249999998,61.08999999999986,36.55244455983406,15.825481459839958,12.883557907006264
2017-03-10T14:30:00Z,61.58,61.865,61.04,61.06,820572,528570.3,61.874783103460864,61.54949999999989,62.47720631131855,60.62179368868123,62.202824999999805,61.07799999999986,35.28169088988302,19.821764084418557,16.14499787135028
2017-03-10T15:30:00Z,61.06,61.32,60.88,61.01,564106,549330.75,61.832598561828625,61.473999999999876,62.31523480673774,60.63276519326201,62.15919999999979,61.041999999999874,34.474987714664536,19.31763516867048,18.321626904309575
2017-03-10T16:30:00Z,61.02,61.28,60.96,61.22,385439,559807.6,61.80271570515406,61.40424999999988,62.068134590922575,60.74036540907718,62.125449999999795,61.09899999999986,40.616356659858084,24.330484330484463,21.156627861191076
2017-03-10T17:30:00Z,61.23,61.3,61.12,61.23,334528,551634.8,61.774778353683125,61.36574999999988,61.97394630882153,60.757553691178224,62.093952499999794,61.13199999999987,40.90041522942621,30.660225442834076,24.76944831399625
2017-03-10T18:30:00Z,61.23,61.56,61.15,61.52,400181,543253.75,61.76235014130834,61.36374999999988,61.96963674689465,60.757863253105114,62.06845249999979,61.20799999999987,48.58181672719666,47.66505636070855,34.21858871134227
2017-03-10T19:30:00Z,61.525,61.56,61.385,61.535,342631,513237.4,61.75125989051281,61.35899999999988,61.95791234756252,60.76008765243724,62.049827499999786,61.30299999999987,48.95140465519695,57.80998389694033,45.378421900160895
2017-03-10T20:30:00Z,61.53,61.66,61.45,61.47,513919,492826,61.73753989585365,61.337499999999864,61.88592957621951,60.78907042378022,62.021577499999786,61.39499999999987,47.36269605577318,65.53945249597417,57.004830917874266
2017-03-13T13:30:00Z,61.51,61.6685,61.12,61.31,359604,488221.85,61.71668429117786,61.31199999999986,61.8137608993068,60.810239100692925,61.97432749999979,61.412999999999876,43.61069139419395,58.776167471819576,60.70853462157794
2017-03-13T14:30:00Z,61.3,61.35,61.18,61.33,257654,483348.9,61.697821642827726,61.29349999999987,61.76291559419407,60.824084405805664,61.921577499999785,61.432999999999865,44.20568405260944,52.17391304347827,58.82984433709058
2017-03-13T15:30:00Z,61.33,61.695,61.19,61.66,340253,487303.1,61.69597668464101,61.287999999999876,61.7370924181801,60.838907581819655,61.88057749999979,61.46099999999986,53.0150087082072,58.29307568437995,56.4143853998925
2017-03-13T16:30:00Z,61.67,61.9,61.64,61.84,278756,474914.05,61.703002212219495,61.29399999999987,61.76850605904395,60.81949394095579,61.83707749999979,61.52199999999986,57.00283076464745,74.29831294114105,61.588433889666334
2017-03-13T17:30:00Z,61.835,61.92,61.74,61.855,240215,468108.2,61.71041673845269,61.307249999999875,61.82674470648607,60.78775529351368,61.794952499999795,61.59899999999986,57.32786152617882,89.44525335982051,74.01221399511375
2017-03-13T18:30:00Z,61.851,61.98,61.84,61.88,239055,450558.55,61.718689092674516,61.330749999999874,61.906217418771746,60.755282581228,61.7736249999998,61.712999999999866,57.899089571448734,93.01720475785918,85.5869236862735
2017-03-13T19:30:00Z,61.88,61.935,61.79,61.82,503223,433642.25,61.72363108815381,61.366749999999875,61.96941304853213,60.76408695146762,61.75512499999979,61.810999999999865,55.96284236870567,90.03787878787892,90.83344563518612
2017-03-14T13:30:00Z,61.8,62.04,61.23,61.23,289058,429542.95,61.69955152287801,61.37099999999987,61.968524894937616,60.77347510506212,61.7122499999998,61.724999999999866,41.32723219055383,68.84535005224676,83.96681119932818
2017-03-14T14:30:00Z,61.21,61.46,61.14,61.42,272584,423334.1,61.68591486322543,61.38599999999987,61.97252877173237,60.799471228267365,61.674999999999805,61.64099999999987,46.2062166148037,52.739850613413886,70.5410264845131
2017-03-14T15:30:00Z,61.43,61.535,61.28,61.405,203043,409989.45,61.67221169916565,61.39674999999986,61.976355684989855,60.81714431500987,61.63187499999981,61.550999999999874,45.88183518948853,34.581089085087164,52.05542991691584
2017-03-14T16:30:00Z,61.41,61.475,61.33,61.46,90797,381536.65,61.66185990896245,61.42299999999987,61.96276291098214,60.88323708901759,61.5981249999998,61.46699999999987,47.341588391885345,36.84245840042973,41.38779936631016
2017-03-14T17:30:00Z,61.455,61.52,61.35,61.37,152974,362485.75,61.64762284023257,61.438249999999854,61.95336430777751,60.923135692222196,61.5616249999998,61.376999999999875,45.193383335663945,31.702898550724885,34.3754820120805
2017-03-14T18:30:00Z,61.36,61.37,61.24,61.31,293805,344119.85,61.63115343339196,61.44674999999986,61.94730244488068,60.94619755511904,61.5278749999998,61.39299999999987,43.76751882144589,28.26086956521769,32.26874217212401
2017-03-14T19:30:00Z,61.305,61.41,61.28,61.35,515932,328887.85,61.61743863176308,61.46124999999986,61.93206710894447,60.99043289105524,61.50537499999981,61.37899999999987,45.013055208782774,24.275362318840905,28.07971014492773
2017-03-15T13:30:00Z,61.61,61.82,61.44,61.65,329249,317145,61.61902699118927,61.493249999999854,61.92217044725733,61.06432955274238,61.483624999999805,61.42799999999987,53.35749175994258,34.10628019323701,28.88083735909844
2017-03-15T14:30:00Z,61.66,62.07,61.6182,62.06,262776,311011.85,61.640537869667845,61.53524999999986,62.01088089688632,61.059619103113405,61.46974999999979,61.54799999999987,61.8731085595568,60.197132616487664,39.52625837618843
2017-03-15T15:30:00Z,62.065,62.3,61.97,62.04,491227,318846.8,61.66002382724503,61.57574999999986,62.07772883428932,61.0737711657104,61.4707499999998,61.68199999999987,61.28531951116224,77.72586824867147,57.34309368613196
2017-03-15T16:30:00Z,62.04,62.26,62.04,62.15,212115,309443.5,61.68392510396478,61.607249999999866,62.16702205188468,61.04747794811505,61.485499999999796,61.849999999999866,63.34769715994624,87.85996786552978,75.26098957689622
2017-03-15T17:30:00Z,62.15,62.755,62.12,62.615,532399,318931.9,61.72934339157626,61.66124999999987,62.37100259779165,60.95149740220808,61.5101249999998,62.102999999999874,70.50150571290986,85.32881392121287,83.63821667847128
2017-03-15T18:30:00Z,62.62,62.9,62.52,62.865,1622635,374367.7,61.784741274914005,61.73099999999987,62.606657467318755,60.85534253268098,61.534249999999794,62.34599999999987,73.49659305321126,92.13719950115019,88.44199376263084
2017-03-15T19:30:00Z,62.86,63.08,62.84,62.98,945987,403686.85,61.84304657857674,61.814499999999875,62.822189932503825,60.806810067495924,61.5632499999998,62.52999999999987,74.76582576163513,94.72933127031712,90.73178156422664
2017-03-16T13:30:00Z,63.09,63.19,62.07,62.305,658202,423714.25,61.8655808918169,61.863249999999866,62.866795091201254,60.85970490879848,61.5783749999998,62.58299999999987,57.39242795460201,83.22866425126304,90.03173167424336
2017-03-16T14:30:00Z,62.2915,62.47,62.15,62.22,340132,423708.2,61.88286962880144,61.891249999999864,62.9017739977725,60.88072600222723,61.589624999999806,62.596999999999866,55.63910624179411,67.31034645794517,81.756113993175
2017-03-16T15:30:00Z,62.21,62.3,62.1495,62.25,276355,423588.15,61.90077842739649,61.91174999999987,62.933852123112175,60.889647876887565,61.60287499999981,62.523999999999866,56.148296973503506,52.96018344798838,67.83306471906543
2017-03-16T16:30:00Z,62.25,62.36,62.15,62.19,103109,416732.85,61.914886796791784,61.92849999999987,62.95729103809795,60.899708961901794,61.61787499999981,62.388999999999875,54.793653099263,50.25641025641027,56.84231338744784
2017-03-16T17:30:00Z,62.19,62.4,62.16,62.35,144988,412029.5,61.93611183109462,61.95199999999987,62.99663582174424,60.9073641782555,61.6413749999998,62.26299999999988,57.72284433373404,52.478632478632534,51.89840872767695
2017-03-16T18:30:00Z,62.35,62.51,62.3,62.34,640388,418887.75,61.95581369299244,61.977999999999874,63.03402272706001,60.921977272939735,61.6723749999998,62.26999999999987,57.47219256188514,53.712802613326296,52.149281782789586
2017-03-16T19:30:00Z,62.345,62.46,62.3,62.39,330058,420937.75,61.97699351284647,62.035999999999866,63.04781816551814,61.024181834481595,61.703499999999806,62.303999999999874,58.443849714056945,55.56872446924825,53.92005318706891
2017-03-17T13:30:00Z,62.99,63.18,62.65,63.05,1025446,458580.85,62.029335292707614,62.11749999999987,63.17908136761559,61.055918632384156,61.7517499999998,62.46399999999987,68.63182576024934,66.9587036210291,58.746743567867775
2017-03-17T14:30:00Z,63.0467,63.19,62.79,62.8,278219,462339.65,62.06692869306334,62.18724999999987,63.235641506103235,61.13885849389651,61.7919999999998,62.58599999999986,62.39213311945251,71.13717184979335,64.55486664669013
2017-03-17T15:30:00Z,62.79,63,62.71,62.86,200298,467814.7,62.10561509827976,62.25724999999987,63.28888208076886,61.225617919230885,61.840124999999794,62.687999999999874,63.2555592969087,76.81004969658422,71.63530838913545
2017-03-17T16:30:00Z,62.87,62.985,62.82,62.975,216915,471011.75,62.14802411787587,62.33749999999988,63.329515624911565,61.34548437508819,61.887874999999795,62.81499999999987,64.91805834706176,73.38023537996825,73.77581897544849
2017-03-17T17:30:00Z,62.975,63.25,62.935,63.14,202995,466471.25,62.19641318529656,62.428999999999874,63.36080255422951,61.49719744577024,61.93787499999979,62.964999999999876,67.21038680197016,80.92862845211796,77.03963784289003
2017-03-17T18:30:00Z,63.14,63.27,63.1231,63.23,341861,457767.7,62.24683205430648,62.522999999999875,63.37645415815209,61.66954584184766,61.992124999999795,63.00099999999988,68.42242215187655,89.38273473231101,81.23053285479897
2017-03-17T19:30:00Z,63.22,63.79,63.16,63.49,1013430,491976.75,62.3074743931208,62.614999999999874,63.46888523822997,61.761114761769775,62.05412499999979,63.138999999999875,71.67928001205331,89.96759076774839,86.75965131739234
2017-03-20T13:30:00Z,63.39,63.55,62.85,63.15,228825,490279.2,62.34857320321247,62.66949999999988,63.51382162122374,61.825178378776016,62.10237499999979,63.196999999999875,62.58843350824016,80.07077000378806,86.47369850128236
2017-03-20T14:30:00Z,63.13,63.24,62.75,62.81,265220,478978.85,62.371081827446005,62.70799999999988,63.5027603412767,61.91323965872306,62.141874999999786,63.163999999999874,55.0672107245755,61.269252851158626,77.10253787423157
2017-03-20T15:30:00Z,62.82,62.96,62.81,62.9,88611,472803.65,62.396882713912056,62.74549999999988,63.501224156068524,61.989775843931234,62.176374999999794,63.115999999999886,56.555467190451445,48.99377544522171,63.44459943338935
2017-03-20T16:30:00Z,62.91,63.1,62.9,63.04,224440,457405.7,62.42825428884318,62.766749999999874,63.53045985987332,62.00304014012643,62.21399999999979,63.07799999999988,58.839315210733126,46.660517529066986,52.30784860848234
2017-03-20T17:30:00Z,63.05,63.11,62.78,62.9,159091,384228.5,62.451266274753266,62.76849999999988,63.53326205454028,62.003737945459484,62.24974999999979,62.95999999999988,55.68671876949257,46.662631251420684,47.43897474190302
2017-03-20T18:30:00Z,62.89,63.23,62.79,63.13,292701,351564.2,62.484375236960425,62.77599999999988,63.55177445179986,62.00022554819991,62.2952499999998,62.95599999999988,59.523670838630395,49.98696147458879,47.770036751692054
2017-03-20T19:30:00Z,63.13,63.23,63.09,63.1,283214,332814.8,62.51440571320626,62.81574999999988,63.572144573001886,62.059355426997875,62.339499999999795,63.013999999999875,58.80840095773404,45.14894619098104,47.26617963899673
2017-03-21T13:30:00Z,62.98,63.43,62.85,62.87,353903,333503.35,62.53175177597669,62.84824999999987,63.55359583721232,62.142904162787424,62.3697499999998,63.00799999999988,53.50042743460884,36.6643990039729,43.933435556514134
2017-03-21T14:30:00Z,62.88,63.02,62.72,62.77,630144,351192.8,62.54337364056319,62.87424999999987,63.5257503837837,62.222749616216035,62.39299999999979,62.95399999999987,51.331091915542785,19.94801819363234,33.92045446286199
2017-03-21T15:30:00Z,62.78,62.8,62.34,62.5,268770,359475.85,62.541257853218646,62.889749999999864,63.487967978727205,62.29153202127252,62.40912499999979,62.873999999999874,45.917381326975075,10.468284376330319,22.360233857978415
2017-03-21T16:30:00Z,62.5,62.74,62.3702,62.74,202975,362375.2,62.55095259208603,62.90924999999987,63.45930704256178,62.35919295743796,62.43062499999979,62.79599999999988,50.87682666201199,14.725415070242713,15.047239213401683
2017-03-21T17:30:00Z,62.725,62.92,62.63,62.79,163024,338507,62.56261344125256,62.931749999999866,63.42018909556165,62.44331090443808,62.4548749999998,62.73399999999988,51.86711292297121,23.218390804597618,16.13736341705678
2017-03-21T18:30:00Z,62.78,62.88,62.67,62.7,670635,355535.85,62.56931522460609,62.94724999999987,63.38274368545674,62.511756314543,62.49162499999979,62.69999999999989,49.91648030165733,27.816091954022983,21.91996594295433
2017-03-21T19:30:00Z,62.7,62.74,62.43,62.47,329745,320750.8,62.56447057950336,62.91824999999987,63.39755444403602,62.43894555596373,62.5178749999998,62.63999999999989,45.23456222850037,22.201956872803162,24.41214654380782
2017-03-22T13:30:00Z,62.68,63.58,62.49,63.26,767695,345224.6,62.59839884391783,62.941249999999876,63.4394254209823,62.44307457901745,62.5642499999998,62.79199999999988,59.34107546303211,36.58831208229521,28.868786969707013
2017-03-22T14:30:00Z,63.28,63.31,63.02,63.15,603778,365398.6,62.62530621738525,62.955749999999874,63.46046056069209,62.45103943930766,62.60649999999979,62.87399999999989,57.13428943880069,50.086643561716734,36.2923041722716
2017-03-22T15:30:00Z,63.155,63.25,63.05,63.09,314767,370291.2,62.64797420678109,62.961499999999866,63.46956594067775,62.453434059321985,62.64949999999978,62.93399999999988,55.912883711482706,66.66666666666673,51.11387410355945
2017-03-22T16:30:00Z,63.09,63.29,63,63.25,271775,373730.2,62.67734131864543,62.96699999999987,63.48496138859399,62.449038611405754,62.69799999999979,63.04399999999988,58.46295396380889,66.3978494623657,61.05038656358295
2017-03-22T17:30:00Z,63.26,63.37,63,63.03,267001,369987.2,62.69454418115053,62.956999999999866,63.461820760346896,62.452179239652835,62.739999999999796,63.15599999999988,53.85064156014524,63.17204301075285,65.41218637992831
2017-03-22T18:30:00Z,63.04,63.33,63.03,63.255,255900,332110.7,62.721883489387096,62.94524999999986,63.40918399323555,62.48131600676417,62.780124999999785,63.15499999999988,57.54009081886456,67.6075268817206,65.72580645161294
2017-03-22T19:30:00Z,63.255,63.34,63.18,63.27,490587,345198.8,62.7486208801487,62.95124999999986,63.4285326731404,62.47396732685932,62.81037499999978,63.17899999999988,57.782407194732286,68.14516129032283,66.30824372759866
2017-03-23T13:30:00Z,63.14,63.47,62.89,63.45,235010,343688.3,62.7828344957512,62.98324999999986,63.50234801586842,62.464151984131306,62.84562499999978,63.250999999999884,60.68214947407876,79.43548387096808,71.72939068100374
2017-03-23T14:30:00Z,63.42,63.68,63.3931,63.66,182190,348367.25,62.82562305693407,63.02124999999986,63.61614389817273,62.42635610182699,62.88337499999979,63.33299999999989,63.80562752486521,87.67453057294192,78.41839191141084
2017-03-23T15:30:00Z,63.67,63.7,63.25,63.25,297563,352023.4,62.84632437122997,63.03174999999986,63.634952080633454,62.42854791936627,62.89924999999979,63.37699999999988,54.67344872598384,84.72797219323559,83.94599554571509
2017-03-23T16:30:00Z,63.26,63.41,63.09,63.1,237997,355968.7,62.85869879214558,63.041749999999865,63.642510143551675,62.440989856448056,62.905124999999785,63.345999999999876,51.754950682829445,72.47456435308646,81.62568903975455
2017-03-23T17:30:00Z,63.12,63.36,63.09,63.33,195386,351102.95,62.88168909496775,63.051749999999856,63.66458990575549,62.43891009424422,62.91387499999979,63.357999999999876,55.66308654795763,63.26079070165855,73.48777574932676
2017-03-23T18:30:00Z,63.32,63.465,63.07,63.07,159556,344920.05,62.8908749927742,63.050249999999856,63.66275693880684,62.437743061192876,62.93299999999979,63.28199999999988,50.6665567148687,58.005249343831956,64.58020146619221
2017-03-23T19:30:00Z,63.09,63.21,63.03,63.13,376657,346057.75,62.90253962727302,63.063249999999854,63.67091993515343,62.45558006484628,62.95574999999978,63.17599999999989,51.74307989731434,58.05080150105198,59.77228051551404
2017-03-24T13:30:00Z,63.54,64.75,63.26,64.5,1328762,380988.65,62.980464523503606,63.149749999999855,64.00706251599759,62.29243748400212,63.01199999999979,63.42599999999989,68.59463041809562,63.28180085193966,59.77928389894108
2017-03-24T14:30:00Z,64.5,64.76,64.34,64.49,702471,402673.7,63.05410040040587,63.24924999999987,64.23423870555892,62.264261294440814,63.06949999999979,63.70399999999988,68.40685272806556,75.00439969820673,65.44566735039933
2017-03-24T15:30:00Z,64.49,64.7414,64.2429,64.43,308016,407925.75,63.12121745404461,63.333749999999874,64.41477208584114,62.25272791415861,63.121499999999784,63.923999999999886,67.21787267376502,84.82452609587328,74.37024221533977
2017-03-24T16:30:00Z,64.44,64.49,64.25,64.42,225781,411063.6,63.184572700188774,63.415249999999865,64.56368143029248,62.266818569707254,63.1734999999998,64.19399999999987,67.00882737245959,83.24420677361843,81.02437752256603
2017-03-24T17:30:00Z,64.42,64.46,64.165,64.19,229216,388992.65,63.233617934325906,63.489749999999866,64.63623364579706,62.34326635420267,63.21849999999979,64.40599999999988,62.216220653417444,77.89661319073079,81.98844868674071
2017-03-24T18:30:00Z,64.19,64.32,64.07,64.15,486082,396809.5,63.278319498505134,63.57374999999987,64.65329099045795,62.494209009541784,63.24599999999979,64.33599999999987,61.39382406835193,72.90552584670228,78.01544860368371
2017-03-24T19:30:00Z,64.14,64.41,64.11,64.17,484412,382645.35,63.321816108334154,63.61924999999987,64.71858741411748,62.51991258588227,63.28024999999978,64.27199999999988,61.666664650980614,68.44919786096251,73.08377896613173
2017-03-27T13:30:00Z,63.92,63.99,63.65,63.84,292597,367086.3,63.34709337134225,63.653749999999874,64.73517903145687,62.572320968542876,63.304749999999785,64.15399999999988,54.78656283586166,60.88322875130091,67.41265081965511
2017-03-27T14:30:00Z,63.84,64,63.72,63.83,196809,361188.4,63.37064979225238,63.69074999999988,64.74273039434038,62.638769605659384,63.32612499999978,64.03599999999987,54.587811146140695,53.83759389199711,61.05667350142005
2017-03-27T15:30:00Z,63.82,64.02,63.76,63.9,181005,356649.9,63.39647175360592,63.72324999999988,64.75878983509853,62.68771016490123,63.34512499999978,63.97799999999988,55.79666699274818,47.78420038535635,54.168341009551334
2017-03-27T16:30:00Z,63.91,64.005,63.8,63.98,153210,350960.35,63.42493654611295,63.770749999999886,64.76089279276998,62.780607207229785,63.363874999999794,63.94399999999988,57.19894206619941,50.48169556840054,50.70116328191788
2017-03-27T17:30:00Z,63.985,64,63.87,63.95,227995,349565.1,63.450549397522074,63.80549999999988,64.76923180920816,62.84176819079159,63.37537499999978,63.89999999999988,56.475416978925054,52.79383429672433,50.35324341682695
2017-03-27T18:30:00Z,63.96,64.25,63.95,64.09,283165,339194,63.48174210983807,63.84649999999988,64.78505793645289,62.90794206354688,63.398874999999784,63.94999999999986,59.07692585975683,56.45472061657026,53.243416827231584
2017-03-27T19:30:00Z,64.1,64.28,64.07,64.22,615520,358219.5,63.51775468984597,63.88499999999988,64.81849879489879,62.951501205100975,63.43412499999979,64.02799999999986,61.38498484366513,59.48362235067435,56.24405908798952
2017-03-28T13:30:00Z,64,64.4,63.64,63.75,1127796,405499.8,63.52908372936568,63.889499999999884,64.81947795676764,62.959522043232134,63.45537499999979,63.99799999999986,50.33236611565912,45.031034957335486,53.65645930819324
2017-03-28T14:30:00Z,63.75,64.13,63.74,64.07,271002,404171.75,63.55546988890882,63.93049999999988,64.81529319621886,63.045706803780895,63.48112499999979,64.01599999999986,56.12477482642046,37.620882945514985,47.37851341784148
2017-03-28T15:30:00Z,64.06,64.12,63.89,64,133808,398962.3,63.577154284571805,63.975499999999876,64.77411066864698,63.17688933135276,63.50862499999979,64.02599999999987,54.62404562201888,30.40519667100534,37.68570485795181
2017-03-28T16:30:00Z,63.98,64.06,63.92,63.96,122846,395335.3,63.5958296853244,64.00699999999988,64.7489730453828,63.26502695461696,63.52937499999979,63.999999999999865,53.73976497591625,40.13951722849678,36.055198948338905
2017-03-28T17:30:00Z,63.97,64.28,63.91,64.18,299712,402343.1,63.624325798235404,64.06249999999989,64.66962025173974,63.45537974826002,63.5563749999998,63.99199999999987,57.78735227167202,50.502400516748374,40.34903813875004
2017-03-28T18:30:00Z,64.17,64.42,64.115,64.2994,303372,398678.85,63.65725624710197,64.12096999999989,64.55941396274946,63.682526037250305,63.5921099999998,64.10187999999987,59.841052452038944,64.56424063741213,51.735386127552296
2017-03-28T19:30:00Z,64.3,64.38,64.23,64.23,494239,356952.7,63.68519496675553,64.10746999999988,64.5138551233409,63.701084876658854,63.628609999999796,64.13387999999986,58.07255195594987,76.76978576978651,63.94547564131554
2017-03-29T13:30:00Z,64.39,64.39,63.97,64.29,431949,343426.6,63.71469765130404,64.09746999999989,64.4744931670225,63.72044683297727,63.673359999999796,64.19187999999987,59.19532593592049,81.17094017094074,74.16832219271299
2017-03-29T14:30:00Z,64.29,64.6,64.27,64.48,479946,352023.1,63.75202947319165,64.09996999999989,64.48632743615084,63.713612563848926,63.71685999999979,64.29587999999987,62.609907444532716,82.15811965812036,80.03294853294908
2017-03-29T15:30:00Z,64.47,64.685,64.24,64.665,330468,357257.45,63.79656462084083,64.11221999999988,64.55044341160213,63.673996588397635,63.76373499999979,64.39287999999988,65.6261008124437,89.63981924508312,84.32295969138129
2017-03-29T16:30:00Z,64.66,64.785,64.5,64.7,375804,364586.85,63.8406346393364,64.13771999999989,64.6449929822057,63.63044701779409,63.813734999999795,64.47299999999987,66.1819188061948,92.72084787196324,88.17292892505544
2017-03-29T17:30:00Z,64.7,64.95,64.7,64.9499,196821,350123.8,63.89474514473463,64.17771499999989,64.79644320298641,63.558986797013375,63.8757324999998,64.61697999999987,69.9216524523911,96.88497000936742,93.0818790421378
2017-03-29T18:30:00Z,64.94,65.08,64.79,64.97,562472,354026.8,63.94719660108904,64.2177149999999,64.92620338322737,63.50922661677242,63.9184824999998,64.75297999999987,70.20703012472417,94.97663224576638,94.86081670903224
2017-03-29T19:30:00Z,64.97,64.975,64.71,64.74,609061,369850,63.98586993762128,64.2627149999999,64.98374092822183,63.54168907177797,63.9582324999998,64.80497999999986,62.857802873145936,89.58078880407116,93.81413035306821
2017-03-30T13:30:00Z,64.75,64.85,64.29,64.53,561982,388108.65,64.01241286749341,64.2977149999999,64.99901250403785,63.596417495961944,63.994232499999804,64.77797999999987,56.99171036516135,75.90174129353237,86.81972078112318
2017-03-30T14:30:00Z,64.53,64.74,64.47,64.59,286291,393372.95,64.0405878495669,64.3322149999999,65.01960706364676,63.64482293635305,64.02773249999981,64.75597999999987,58.19221410726278,64.72254739375033,76.73502583045116
2017-03-30T15:30:00Z,64.6,64.635,64.4,64.53,229476,397186.25,64.06446161300266,64.35971499999991,65.03239289406599,63.687037105933825,64.06523249999981,64.67199999999988,56.493977560474484,56.92340209460523,65.8492302606292
2017-03-30T16:30:00Z,64.52,64.685,64.38,64.67,192121,395392.55,64.09400007090497,64.39571499999991,65.05373751418068,63.737692485819146,64.10060749999982,64.61199999999988,59.46639627648319,58.92408245349463,60.19001064728328
2017-03-30T17:30:00Z,64.66,64.8,64.64,64.755,349780,398723.3,64.12624396988521,64.4289649999999,65.08903786655665,63.76889213344315,64.13773249999981,64.61499999999987,61.19968699019965,62.88981288981308,59.57909914597085
2017-03-30T18:30:00Z,64.74,64.94,64.715,64.92,280668,381980.7,64.16496377623227,64.4639649999999,65.14973900735644,63.77819099264335,64.17448249999981,64.69299999999987,64.38356447736508,73.75452375452394,65.18947303261042
2017-03-30T19:30:00Z,64.9,65.21,64.85,65.12,684106,359796.2,64.21155090909899,64.53246499999992,65.19249846063641,63.872431539363426,64.21098249999982,64.79899999999988,67.82951804326174,83.01608059672611,73.22013908035426
2017-03-31T13:30:00Z,64.95,65.35,64.67,65.1,452453,368868.75,64.25488988914294,64.5839649999999,65.25230592285588,63.91562407714393,64.25723249999982,64.91299999999987,67.13006156548144,85.26833284897846,80.67964573340937
2017-03-31T14:30:00Z,65.125,65.3,64.78,64.88,282060,376281.35,64.28538306528232,64.6279649999999,65.25107005467902,64.00485994532079,64.30173249999982,64.95499999999987,59.82232891954915,75.95902353966908,81.41447899512441
2017-03-31T15:30:00Z,64.88,64.93,64.65,64.68,191098,379693.95,64.30463267185391,64.66396499999992,65.20653480118578,64.12139519881406,64.33548249999981,64.93999999999987,54.060772125776346,57.30919598844152,72.84551745902955
2017-03-31T16:30:00Z,64.68,64.69,64.49,64.51,347042,382060.45,64.31465059030006,64.68046499999991,65.18165319734341,64.17927680265642,64.37148249999981,64.85799999999988,49.680824339206154,38.40160915632644,57.22327622814555
2017-03-31T17:30:00Z,64.505,64.56,64.1825,64.41,450810,389432.35,64.31930178101713,64.6859949999999,65.17246744727773,64.19952255272209,64.4034824999998,64.71599999999987,47.255473500814816,25.677750393923574,40.462851846230386
2017-03-31T18:30:00Z,64.415,64.61,64.355,64.54,327400,381090.4,64.33006754779679,64.70149499999991,65.14688366393361,64.25610633606621,64.4044824999998,64.60399999999987,50.62973888567904,23.620594454096203,29.23331800144861
2017-03-31T19:30:00Z,64.53,64.765,64.51,64.59,882750,403630.45,64.34274717961158,64.71649499999991,65.12403844794396,64.30895155205586,64.40698249999981,64.54599999999988,51.90418209862833,28.33690221270531,25.878415686908237
2017-04-03T13:30:00Z,64.2,64.32,63.19,63.49,828214,421043.85,64.30114975621589,64.6669949999999,65.33479937402163,63.99919062597817,64.38348249999981,64.30799999999988,32.20675791004905,26.471171385518627,26.142889350773256
2017-04-03T14:30:00Z,63.48,63.62,62.97,63.525,655094,437275.15,64.26328879249805,64.6099949999999,65.44293941709115,63.77705058290865,64.3611074999998,64.11099999999988,33.07700483644069,24.037285625647097,26.281786407956883
2017-04-03T15:30:00Z,63.53,63.55,63.24,63.52,221671,429568.5,64.22703080262009,64.5509949999999,65.50800599364688,63.593984006352926,64.3443574999998,63.93299999999988,33.01181016863512,20.105820105820328,23.538092372328553
2017-04-03T16:30:00Z,63.51,63.5954,63.37,63.5954,238784,431666.65,64.19621954395569,64.4832699999999,65.50715019829556,63.459389801704255,64.33049249999982,63.74407999999987,35.08952857967675,24.23529411764721,22.792799949704747
2017-04-03T17:30:00Z,63.6,63.71,63.415,63.7,558595,431472.8,64.17201371254322,64.4197699999999,65.4721591012664,63.3673808987334,64.31874249999981,63.56607999999987,37.964121834738755,26.686274509804136,23.675796244423765
2017-04-03T18:30:00Z,63.69,63.825,63.61,63.63,309550,416497.25,64.14557401924843,64.3642699999999,65.45945934457009,63.269080655429725,64.31349249999981,63.594079999999884,36.78992323154574,28.226890756302733,26.382819794584563
2017-04-03T19:30:00Z,63.62,63.655,63.51,63.55,517519,414274.1,64.11652162806558,64.31526999999991,65.46285421933118,63.16768578066865,64.3064924999998,63.59907999999988,35.440809794304414,27.591036414566023,27.50140056022417
2017-04-04T13:30:00Z,63.32,63.66,63.2606,63.53,257570,412838.05,64.08791081694044,64.26226999999992,65.4513654631358,63.07317453686404,64.2972424999998,63.601079999999875,35.094327376409666,25.37839170002781,27.06543962363206
2017-04-04T14:30:00Z,63.52,63.72,63.4,63.49,315500,417139.25,64.05874443562627,64.21026999999991,65.43830759732943,62.98223240267039,64.2849924999998,63.579999999999885,34.37059288990508,24.97823163600215,25.98255325019853
2017-04-04T15:30:00Z,63.5,63.56,63.395,63.41,223016,418684,64.02709836559572,64.14726999999992,65.4034612356197,62.89107876438013,64.27149249999981,63.52199999999988,32.90885406170733,25.025827275929387,25.127483537319648
2017-04-04T16:30:00Z,63.42,63.81,63.38,63.74,237299,413059.95,64.01309356727398,64.09651999999991,65.33224682679219,62.86079317320763,64.2627424999998,63.54399999999987,43.569949573247236,31.313360998995773,27.10580663697564
2017-04-04T17:30:00Z,63.75,63.94,63.75,63.792,267662,412409.65,64.00230851521184,64.04011999999992,65.22216042843289,62.85807957156695,64.2520424999998,63.59239999999987,45.051666482551404,37.73444753946156,31.357878604795445
2017-04-04T18:30:00Z,63.79,63.82,63.68,63.755,376424,397025.55,63.9902446852015,63.97186999999991,65.04965376516557,62.89408623483425,64.2521674999998,63.63739999999988,44.16308498552804,44.14113277623047,37.729647104895804
2017-04-04T19:30:00Z,63.75,63.78,63.66,63.68,488115,398808.65,63.9751107981185,63.90086999999992,64.85163600930566,62.950103990694174,64.24241749999979,63.675399999999875,42.34010235152889,47.373018329378844,43.0828662150235
2017-04-05T13:30:00Z,63.76,64,63.38,63.57,311007,400256,63.955349295771256,63.83536999999991,64.68209952260597,62.98864047739386,64.2316674999998,63.70739999999988,39.7485469881299,51.52587010210241,47.680007069237114
2017-04-05T14:30:00Z,63.55,63.72,63.51,63.53,317508,406576.5,63.93460054963607,63.777869999999915,64.53924775410935,63.016492245890475,64.22091749999979,63.665399999999885,38.818093268682226,49.66763817130042,49.52217553426042
2017-04-05T15:30:00Z,63.53,63.69,63.52,63.64,175083,397978.55,63.920229791117244,63.73436999999992,64.41900555593467,63.049734444065166,64.20741749999978,63.63499999999988,42.784562750267966,49.240732138046894,50.14474680381644
2017-04-05T16:30:00Z,63.65,63.75,63.62,63.69,125467,381711.4,63.90899906959933,63.69836999999992,64.3088127937571,63.08792720624274,64.19218249999979,63.62199999999988,44.544462898844166,49.18129445875994,49.36322158936895
2017-04-05T17:30:00Z,63.68,63.7,63.42,63.57,223521,376517.45,63.892462529618875,63.64986999999991,64.12406296120736,63.17567703879246,64.17568249999978,63.59999999999989,41.26395153501596,50.41024253899581,49.61075637860075
2017-04-05T18:30:00Z,63.56,63.61,63.39,63.53,442394,354499.65,63.874781430613076,63.59686999999991,63.796188449863784,63.397551550136036,64.15668249999979,63.591999999999885,40.20115583596884,45.45126679289541,48.34760126355025
2017-04-05T19:30:00Z,63.53,63.6,63.38,63.5,577622,341970.05,63.85649940960756,63.59736999999992,63.795661110371114,63.399078889628726,64.13218249999979,63.58599999999988,39.38189622721761,36.88576323144934,44.24909085444671
2017-04-06T13:30:00Z,62.35,63.32,62.2232,62.68,894873,353959,63.79910919450475,63.55511999999991,64.00171285088254,63.108527149117286,64.08255749999978,63.39399999999988,24.61561839411229,31.507230247937752,37.94808675742736
2017-04-06T14:30:00Z,62.7,62.96,62.56,62.9,623831,374067,63.75525020940696,63.52411999999991,64.05439439543892,62.9938456045609,64.03755749999979,63.235999999999876,31.98410565349424,32.059231170598146,33.484074883328276
2017-04-06T15:30:00Z,62.9,62.94,62.7,62.8814,592993,391777.45,63.71262336992369,63.48841999999992,64.08649575310731,62.89034424689253,63.98584499999979,63.09827999999989,31.70196988000825,33.614738105958345,32.393733174831276
2017-04-06T16:30:00Z,62.87,63.15,62.74,63.13,576032,392649.3,63.68420271773229,63.45991999999991,64.06916983911425,62.85067016088557,63.939844999999785,63.018279999999876,39.39669511316047,42.0568812847067,35.910283520420926
2017-04-06T17:30:00Z,63.135,63.165,62.78,62.82,346192,394481.4,63.64204648759901,63.41941999999991,64.08330134968612,62.7555386503137,63.89184499999978,62.88227999999988,34.219403511287865,40.55605583070704,38.74255840712389
2017-04-06T18:30:00Z,62.82,63.13,62.76,63.09,487720,392991.45,63.615117390642965,63.39641999999991,64.07237541751144,62.72046458248837,63.85584499999978,62.96427999999988,41.43789232064692,44.46945820201133,42.36079843914155
2017-04-06T19:30:00Z,63.085,63.33,63.07,63.24,612107,410718.3,63.59681898134331,63.3819199999999,64.05823312752895,62.70560687247086,63.82209499999978,63.03227999999988,45.04584780659229,46.5330932012609,43.85286907799295
2017-04-07T13:30:00Z,63.27,63.91,63.14,63.86,423989,416142.75,63.60965707981437,63.4004199999999,64.10710683762048,62.69373316237931,63.805344999999775,63.22799999999988,56.872971128504766,67.68220446310707,52.89491862212629
2017-04-07T14:30:00Z,63.86,64.145,63.75,64.09,362686,423126.25,63.633088441774646,63.434419999999896,64.20244867555104,62.66639132444876,63.79084499999978,63.41999999999988,60.28747018361502,83.8001272350869,66.00514163315148
2017-04-07T15:30:00Z,64.1,64.125,63.74,63.79,265608,424541.7,63.6407426641271,63.436919999999894,64.20922476268824,62.66461523731155,63.76671999999978,63.613999999999876,54.253748055500374,91.90054718663471,81.12762629494276
2017-04-07T16:30:00Z,63.795,63.84,63.48,63.53,182239,420270.55,63.63534058295017,63.4238199999999,64.18031495865272,62.667325041347084,63.731969999999784,63.70199999999987,49.618835062305024,82.22152842820998,85.97406761664372
2017-04-07T17:30:00Z,63.53,63.58,63.335,63.51,210267,411962.7,63.629226408172116,63.41156999999989,64.15402116504337,62.66911883495641,63.69171999999978,63.75599999999987,49.270147040135676,72.16151524612363,82.0945302869893
2017-04-07T18:30:00Z,63.51,63.64,63.46,63.55,288111,401962.5,63.62536170533445,63.405069999999895,64.140247782903,62.66989221709679,63.652969999999776,63.69399999999987,50.02653500046304,67.99875117077755,74.12726494837024
2017-04-07T19:30:00Z,63.55,63.66,63.54,63.57,316439,402234.1,63.62266113434252,63.405069999999895,64.14024778290053,62.66989221709926,63.620219999999776,63.589999999999876,50.424552652482014,68.69254518333521,69.61760386674531
2017-04-10T13:30:00Z,63.89,64.26,62.38,63.94,405751,406646.25,63.63814107900874,63.4255699999999,64.1955790210287,62.6555609789711,63.60171999999977,63.61999999999988,57.213818453132895,74.03276626743988,70.24135420718407
2017-04-10T14:30:00Z,63.92,64.09,63.75,63.94,304227,413103.45,63.652865904422946,63.4405699999999,64.23790649889314,62.643233501106664,63.58746999999977,63.70199999999987,57.213818453132895,78.67919333898689,73.80150159658719
2017-04-10T15:30:00Z,63.95,63.95,63.52,63.7,172548,415457.5,63.65516512859744,63.4410699999999,64.23904381690907,62.64309618309072,63.569719999999776,63.739999999999874,51.8700043843963,78.72340425531894,77.14512128724843
2017-04-10T16:30:00Z,63.69,63.89,63.57,63.59,224479,415505.4,63.65198634183659,63.4420699999999,64.24073742294367,62.643402577056136,63.54596999999977,63.74799999999988,49.58409543940003,72.5177304964538,76.6401093635864
2017-04-10T17:30:00Z,63.59,63.65,63.5,63.55,166146,401693,63.64701139833237,63.4430699999999,64.24222523677845,62.643914763221346,63.51996999999977,63.74399999999988,48.74288269800031,65.60283687943252,72.28132387706827
2017-04-10T18:30:00Z,63.55,63.85,63.51,63.785,184479,382035.85,63.65374254963323,63.4573199999999,64.27007572127592,62.64456427872389,63.52734499999978,63.71299999999987,53.71143348233589,67.10992907801396,68.41016548463328
2017-04-10T19:30:00Z,63.78,63.9,63.7,63.89,369695,355776.95,63.665267303309655,63.5178199999999,64.267838654746,62.7678013452538,63.53646999999977,63.70299999999988,55.77423312645481,72.42907801418413,68.38061465721006
2017-04-11T13:30:00Z,63.84,64.01,63.45,63.98,367256,342948.2,63.680620117782354,63.5718199999999,64.29101798558308,62.85262201441672,63.54796999999977,63.75899999999988,57.52162033502439,80.05319148936141,73.19739952718635
2017-04-11T14:30:00Z,63.92,63.98,63.73,63.9,196808,323138.95,63.69132157545151,63.622749999999904,64.28083415120554,62.96466584879427,63.555584999999766,63.82099999999988,55.42531699404068,82.09219858156003,78.19148936170171
2017-04-11T15:30:00Z,63.91,64.02,63.89,63.99,268171,307745.9,63.705891254697775,63.66574999999991,64.30143290056009,63.03006709943974,63.562834999999765,63.90899999999988,57.31019976035015,83.86524822695013,82.00354609929038
2017-04-11T16:30:00Z,63.98,64.005,63.715,63.82,361913,308531.95,63.71145753495642,63.715749999999915,64.2215095773309,63.209990422668916,63.56758499999977,63.91599999999988,52.770969163191005,81.02836879432607,82.32860520094526
2017-04-11T17:30:00Z,63.82,63.98,63.7925,63.96,272023,297747.1,63.723581557641474,63.759249999999916,64.1856802405597,63.33281975944013,63.577834999999766,63.92999999999988,55.8708145481636,82.09219858156015,82.32860520094532
2017-04-11T18:30:00Z,63.96,64.02,63.76,63.78,330903,283686.9,63.72633367678091,63.7862499999999,64.13992887987551,63.4325711201243,63.58408499999977,63.88999999999989,51.21635933817884,78.368794326241,80.49645390070894
2017-04-11T19:30:00Z,63.77,63.97,63.75,63.95,302503,277612.6,63.73724422913306,63.79074999999991,64.15030910510728,63.43119089489254,63.59558499999978,63.899999999999885,55.026990403137916,80.67375886524815,80.3782505910163
2017-04-12T13:30:00Z,63.77,63.87,63.5,63.65,157165,267336.55,63.73298841307779,63.76874999999991,64.10549730891238,63.43200269108745,63.60158499999977,63.83199999999988,47.914143778986414,63.07624113475152,74.03959810874674
2017-04-12T14:30:00Z,63.66,63.8,63.55,63.75,132838,260698.05,63.73381824658619,63.76674999999991,64.10344385213263,63.43005614786719,63.60183499999977,63.817999999999884,50.22382799578365,55.79740574841344,66.51580191613756
2017-04-12T15:30:00Z,63.73,63.77,63.55,63.73,86929,255932.55,63.733631990655155,63.776749999999915,64.09616000307284,63.457339996927,63.60028499999977,63.77199999999988,49.74867985033298,44.33479532163716,54.40281406826724
2017-04-12T16:30:00Z,63.717,63.83,63.68,63.68,108139,250826.15,63.73101579598905,63.785249999999905,64.08420610056478,63.48629389943502,63.598409999999774,63.75199999999988,48.51301085832775,47.368421052631525,49.1668740408939
2017-04-12T17:30:00Z,63.685,63.97,63.65,63.96,157799,244310.55,63.742185757160314,63.80574999999991,64.09338301281493,63.5181169871849,63.605409999999765,63.75399999999987,55.22066871492328,59.64912280701768,50.450779727095316
2017-04-12T18:30:00Z,63.96,64,63.73,63.88,317062,244341.7,63.74890840315249,63.82124999999991,64.08912823738392,63.553371762615896,63.613159999999766,63.799999999999876,53.09241912036758,68.42105263157953,58.47953216374277
2017-04-12T19:30:00Z,63.89,63.98,63.84,63.92,336608,240884.55,63.757254334706026,63.82024999999991,64.08649190140305,63.55400809859677,63.62290999999976,63.833999999999875,54.046088995704515,82.45614035087806,70.17543859649162
2017-04-13T13:30:00Z,64.15,64.17,63.7,63.78,247605,238053.45,63.75836387935451,63.81224999999991,64.07318054643082,63.551319453569,63.62640999999976,63.84399999999988,50.19924198084804,66.56192720607554,72.4797067295109
2017-04-13T14:30:00Z,63.8,64.07,63.8,63.99,206779,239765,63.76966320231283,63.82674999999991,64.09328845887907,63.56021154112075,63.633909999999766,63.90599999999988,55.33478121270476,65.79383782840223,71.60396846178513
2017-04-13T15:30:00Z,63.99,64.04,63.86,63.9,146384,235860.25,63.776021094882935,63.84224999999991,64.0870861698488,63.597413830151005,63.64215999999976,63.89399999999988,52.82079479014118,58.208955223880594,63.521573419452636
2017-04-13T16:30:00Z,63.93,63.99,63.84,63.98,175848,236345.35,63.78597128537645,63.86374999999991,64.07543077395172,63.6520692260481,63.65340999999977,63.913999999999874,54.787136124670184,68.15920398009928,64.0539990107939
2017-04-13T17:30:00Z,64,64.36,63.96,64.295,294200,241831.4,63.81080195438248,63.88924999999991,64.16882601839544,63.60967398160439,63.67328499999977,63.988999999999876,61.57758118787691,74.59504801573509,66.98773573990485
2017-04-13T18:30:00Z,64.29,64.315,63.91,63.96,448926,245792.95,63.81807990782723,63.89274999999991,64.17402344358436,63.611476556415454,63.70528499999976,64.02499999999988,52.540123998979894,72.52400786763853,71.75941995449081
2017-04-13T19:30:00Z,63.96,64.18,63.915,64.04,432962,249078.25,63.828905278177125,63.89574999999991,64.18191909348785,63.609580906511965,63.73378499999977,64.03499999999988,54.266318212649075,69.57364341085317,72.23089976474212
2017-04-17T13:30:00Z,64.5,64.865,64.21,64.35,354108,256943.25,63.85432453290019,63.91824999999991,64.266291305112,63.57020869488781,63.770499999999764,64.12499999999986,60.29309954746257,59.03852388952785,67.04539172267305
2017-04-17T14:30:00Z,64.33,64.71,64.31,64.71,160859,251577.65,63.89606479958799,63.95424999999991,64.44444664428089,63.46405335571894,63.809999999999775,64.27099999999987,65.91116637645831,70.61337577740467,66.40851435926174
2017-04-17T15:30:00Z,64.705,64.72,64.44,64.69,218492,244406.6,63.93479334594955,63.997749999999904,64.5785983021148,63.41690169788501,63.85674999999977,64.34999999999987,65.3579039110137,78.2153791589083,69.28909294194679
2017-04-17T16:30:00Z,64.7,64.795,64.66,64.75,432651,252438,63.97455952419591,64.03724999999991,64.7036093250371,63.37089067496272,63.89824999999978,64.50799999999985,66.2725675810616,88.11487166648435,78.98120886759895
2017-04-17T17:30:00Z,64.76,64.795,64.6499,64.74,181733,244979.5,64.01189808399123,64.0852499999999,64.80660618807305,63.36389381192676,63.93574999999978,64.64799999999987,65.95998036102637,88.46735783629784,84.93253622056334
2017-04-17T18:30:00Z,64.73,64.91,64.69,64.89,258485,242778.6,64.05473232379653,64.13224999999991,64.9306137955604,63.33388620443942,63.96149999999977,64.75599999999986,68.36995861620576,92.71749104266003,89.76657351514724
2017-04-17T19:30:00Z,64.88,64.97,64.8,64.95,359404,252890.55,64.09840391775768,64.19724999999991,65.03850783804009,63.355992161959726,63.98299999999978,64.80399999999986,69.30605529240086,95.34756351816849,92.17747079904196
2017-04-18T13:30:00Z,64.82,65.33,64.58,64.93,247328,258615.05,64.13896958030608,64.25624999999991,65.12869985532753,63.383800144672286,64.01149999999977,64.85199999999986,68.57749418497903,90.2095044795795,92.75818634680252
2017-04-18T14:30:00Z,64.93,65.07,64.75,65,179764,263256.8,64.18097106419359,64.31974999999991,65.21433635696314,63.42516364303668,64.04824999999978,64.90199999999986,69.77509604060783,83.37791833133674,89.6449954430281
2017-04-18T15:30:00Z,64.9898,64.9898,64.8008,64.84,124098,264054.75,64.21311881715975,64.3777499999999,65.24901617635739,63.50648382364243,64.08149999999978,64.92199999999987,63.7905071014433,72.94088403444933,82.17610228178837
2017-04-18T16:30:00Z,64.82,64.89,64.575,64.7,257624,269046,64.23686911876172,64.41474999999991,65.2746888060002,63.55481119399962,64.11024999999978,64.88399999999987,59.02039352306724,66.86674858997414,74.39518365191992
2017-04-18T17:30:00Z,64.705,64.79,64.67,64.7799,156002,260993,64.26335843004163,64.45974499999991,65.2969259493559,63.62256405064393,64.14049749999978,64.84997999999987,60.82104214137717,61.33615338563849,67.04792867002051
2017-04-18T18:30:00Z,64.75,64.76,64.625,64.645,263461,257335.65,64.28197509199082,64.49599499999992,65.29862482872174,63.6933651712781,64.15812249999978,64.79297999999987,56.32133755601188,56.161490734750224,61.45479757012081
2017-04-18T19:30:00Z,64.65,64.75,64.58,64.6,368713,263391.05,64.29748850213761,64.53699499999992,65.26988263256042,63.80410736743942,64.17462249999978,64.71297999999987,54.863206437227745,49.22403265292579,55.57389225777137
2017-04-19T13:30:00Z,65.05,65.22,64.8795,65.16,367823,271443.25,64.33956223374065,64.59549499999994,65.33117266171377,63.85981733828612,64.21112249999979,64.77697999999987,66.48996584083659,56.58162263727626,53.98904867498396
2017-04-19T14:30:00Z,65.16,65.51,65.02,65.1,606041,294426.1,64.37665675892403,64.65549499999993,65.34902511611111,63.96196488388875,64.24887249999978,64.85697999999987,64.57080193087364,59.945668298471766,55.25044119622447
2017-04-19T15:30:00Z,65.1,65.16,64.84,64.935,442709,307769.15,64.40389301458627,64.70324499999992,65.33271277674108,64.07377722325877,64.28349749999978,64.88799999999988,59.485848324757,61.17275004025936,59.23334699200233
2017-04-19T16:30:00Z,64.935,65.0725,64.91,64.94,278890,307003.65,64.43004457485036,64.73549499999993,65.3437278681946,64.12726213180525,64.31237249999978,64.94699999999986,59.58970003011618,46.40744998084151,55.84195610652407
2017-04-19T17:30:00Z,64.95,65.055,64.82,64.9,240810,296597.85,64.4529692297357,64.78249499999993,65.27872589580632,64.28626410419353,64.33762249999978,65.00699999999986,58.30214416869755,37.43315508021379,48.33778503377142
2017-04-19T18:30:00Z,64.91,65.1257,64.87,64.99,408438,295371.65,64.47916585267542,64.82999499999993,65.19819603469813,64.46179396530172,64.36287249999978,64.97299999999987,60.37664370539246,39.393939393939014,41.07818148499797
2017-04-19T19:30:00Z,64.985,65.17,64.945,65.13,549844,305158.45,64.51091385986199,64.86899499999993,65.18744368025142,64.55054631974843,64.39362249999978,64.97899999999987,63.42492508155168,46.16755793226334,40.998217468805244
2017-04-20T13:30:00Z,65.21,65.34,64.82,64.93,223050,308268,64.53135708621018,64.87999499999992,65.19082292981875,64.5691670701811,64.41712249999979,64.97799999999987,56.712641279861174,47.23707664884091,44.26619132501429
2017-04-20T14:30:00Z,64.98,65.135,64.9,65.075,230361,308861.45,64.5578762527365,64.89924499999992,65.20830409136747,64.59018590863238,64.44849749999977,65.00499999999987,60.016446440925776,50.26737967914422,47.89067142008269
2017-04-20T15:30:00Z,65.08,65.4,65.01,65.34,247892,299623.5,64.5960286306518,64.92874499999992,65.28432157678317,64.57316842321667,64.48299749999978,65.09299999999988,65.23821861062828,57.754010695187276,51.75282234105733
2017-04-20T16:30:00Z,65.3458,65.41,65.24,65.269,133565,297215.1,64.62885650232732,64.95519499999992,65.32891421272451,64.58147578727532,64.52022249999979,65.14879999999987,62.869183444474615,69.79337971747846,59.271590030603186
2017-04-20T17:30:00Z,65.27,65.28,65.07,65.08,192225,293902.1,64.6508635022138,64.96469499999992,65.34095319586602,64.58843680413382,64.54847249999978,65.13879999999986,56.94148203686574,69.88921472792438,65.8122017135299
2017-04-20T18:30:00Z,65.07,65.105,64.86,64.91,472972,299580.5,64.66350430698385,64.96269499999993,65.3396689380324,64.58572106196745,64.57997249999978,65.13479999999987,52.17615841201284,54.44444444444432,64.70901296328225
2017-04-20T19:30:00Z,64.909,64.93,64.78,64.8,415132,307970.7,64.67016263347244,64.95619499999992,65.33962751030609,64.57276248969376,64.60622249999977,65.07979999999988,49.30108738087863,30.66234595178437,51.665335041384225
2017-04-21T13:30:00Z,65.24,65.24,64.64,64.75,855161,341740.55,64.67405713915672,64.94369499999993,65.33677894771836,64.55061105228151,64.63172249999977,64.96179999999987,48.006188930081954,16.955758385352613,34.0208495938603
2017-04-21T14:30:00Z,64.74,65.02,64.65,64.78,654766,368273.95,64.6792250835881,64.94069499999993,65.33779406818647,64.5435959318134,64.65922249999977,64.86399999999986,48.87386596138024,11.188407456711566,19.602170597949385
2017-04-21T15:30:00Z,64.78,65.03,64.73,64.74,453600,378072.75,64.68218971365697,64.94269499999993,65.33530237379165,64.55008762620821,64.67872249999976,64.79599999999986,47.730138461006966,14.604169776583438,14.24944520621574
2017-04-21T16:30:00Z,64.735,64.86,64.58,64.66,745510,407548.15,64.68110728860053,64.93669999999995,65.34250739279301,64.53089260720688,64.69822249999976,64.74599999999985,45.43981358428376,13.60246179523273,13.131679676175779
2017-04-21T17:30:00Z,64.67,64.97,64.64,64.82,241711,406460.65,64.68788254281513,64.94544999999994,65.3328508131796,64.55804918682027,64.72072249999977,64.74999999999986,50.550518618296245,17.180409951493896,15.129013841103223
2017-04-21T18:30:00Z,64.81,64.88,64.53,64.595,451417,410595.85,64.68335168706805,64.94519999999994,65.33349761787669,64.5569023821232,64.74109749999977,64.71899999999985,44.27042800210622,15.313526834610931,15.365466193779055
2017-04-21T19:30:00Z,64.595,64.78,64.58,64.7,865930,435501.2,64.68416379989401,64.92219999999995,65.31137327766503,64.53302672233487,64.75884749999975,64.70299999999986,47.545454991512635,18.540069368382543,17.011335384828993
2017-04-24T13:30:00Z,65.03,65.7344,64.97,65.53,540167,432207.5,64.72542410233821,64.94369999999995,65.4097133474932,64.4776866525067,64.79959749999975,64.86099999999986,65.03654821179636,36.577813169892494,23.47713645762852
2017-04-24T14:30:00Z,65.53,65.69,65.42,65.565,459452,433044.65,64.76637902417536,64.97519999999994,65.51407571855121,64.43632428144868,64.83922249999975,65.04199999999987,65.55809778557168,62.76066040679169,39.29284764835544
2017-04-24T15:30:00Z,65.56,65.575,65.25,65.47,365215,437360.9,64.80070199860583,65.00169999999994,65.58161002754626,64.42178997245362,64.86859749999975,65.17199999999987,62.81896966787809,82.33698660467219,60.55848672711866
2017-04-24T16:30:00Z,65.47,65.52,65.09,65.145,626849,456662.85,64.81749702306408,65.01394999999994,65.5950986815344,64.43280131846548,64.89822249999975,65.28199999999987,54.43903120735786,71.68161186759681,72.25975295968676
2017-04-24T17:30:00Z,65.15,65.34,65.085,65.15,622609,467371.4,64.83371668047559,65.02194999999995,65.60595769690728,64.43794230309261,64.92597249999974,65.37199999999987,54.53950562585196,60.19594818997049,71.40484888741304
2017-04-24T18:30:00Z,65.15,65.58,65.09,65.52,784441,479101.25,64.86719391557435,65.04144999999995,65.6633983821326,64.41950161786731,64.95522249999975,65.36999999999986,61.33467943078799,61.579763090889266,64.48577438281872
2017-04-24T19:30:00Z,65.52,65.97,65.3,65.89,1257983,530847.9,64.91708689530243,65.08944999999994,65.80995467732163,64.36894532267826,64.98472249999975,65.43499999999986,66.69574183937132,76.04032129106893,65.9386775239761
2017-04-25T13:30:00Z,66,67.45,65.26,67.06,2032361,620947.9,65.02161924187304,65.18869999999995,66.30954630526885,64.06785369473106,65.04397249999974,65.75299999999986,77.37743191062656,87.76229505848771,75.12745981348183
2017-04-25T14:30:00Z,67.06,67.13,66.28,66.515,952911,656198.85,65.0944670837329,65.24744999999994,66.50829344390672,63.986606556093164,65.08809749999975,66.02699999999986,66.65340547810209,83.02257737189255,82.27506457381627
2017-04-25T15:30:00Z,66.512,66.55,66.27,66.42,321666,665603.9,65.15912722598982,65.30499999999995,66.66564690498323,63.944353095016666,65.13009749999975,66.28099999999986,64.96326351540506,73.11643835616444,81.3004369288481
2017-04-25T16:30:00Z,66.41,66.57,66.36,66.57,424533,677219.3,65.22795028813665,65.37949999999995,66.84205905864917,63.91694094135074,65.17209749999975,66.49099999999986,66.41151375766523,67.52283105022828,74.55394892609495
2017-04-25T17:30:00Z,66.58,67.165,66.56,66.94,555348,681338.1,65.31146490822755,65.48099999999997,67.07499372647237,63.88700627352756,65.22184749999977,66.70099999999987,69.73473732407813,72.37442922374422,71.00456621004551
2017-04-25T18:30:00Z,66.95,67.17,66.93,67.04,438832,682523.1,65.39578369319206,65.59299999999995,67.29122966645855,63.89477033354135,65.27459749999977,66.69699999999986,70.58189979731338,79.3705153294194,73.08925853446384
2017-04-25T19:30:00Z,67.03,67.36,67.01,67.35,809475,680238.8,65.4911113179144,65.72299999999996,67.53729435319535,63.90870564680456,65.33334749999976,66.86399999999985,73.09601540867168,88.07209140837064,79.93901198717795
2017-04-26T13:30:00Z,67.69,67.7609,67.14,67.3,925660,693783.5,65.57934979021127,65.84899999999996,67.73253285079768,63.96546714920224,65.39484749999976,67.03999999999985,72.02681812812209,88.15263871196207,85.19841514991724
2017-04-26T14:30:00Z,67.3001,67.71,67.25,67.66,374408,689823.9,65.68084492239609,65.99499999999995,67.96284145703957,64.02715854296032,65.46884749999975,67.25799999999985,74.8762942388155,91.6576454831595,89.29412520116392
2017-04-26T15:30:00Z,67.66,67.75,67.49,67.71,185902,661843.5,65.77982809691335,66.14749999999995,68.15029180147191,64.144708198528,65.54209999999975,67.41199999999985,75.25333817599403,92.36767691866885,90.72598703793
2017-04-26T16:30:00Z,67.71,67.75,67.57,67.61,231300,661322.95,65.8691047751127,66.28699999999995,68.28916482838878,64.28483517161112,65.61622499999976,67.52599999999985,72.8970263912594,96.22930602787822,93.41820947656872
2017-04-26T17:30:00Z,67.63,67.73,67.54,67.68,365320,657018.1,65.95744112754623,66.44124999999994,68.37231414964494,64.51018585035494,65.69322499999976,67.59199999999986,73.52201856966607,96.47655683349184,95.02451326001282
2017-04-26T18:30:00Z,67.7,67.745,67.64,67.7,265902,627016.7,66.04244399937325,66.59124999999995,68.42141631758908,64.76108368241081,65.75672499999976,67.67199999999987,73.70856569389414,96.29890363429062,96.33492216522008
2017-04-26T19:30:00Z,67.7,67.745,67.48,67.58,658394,632928.05,66.11744673111114,66.69374999999994,68.50420816025824,64.88329183974163,65.81872499999976,67.65599999999986,70.49916747417981,95.76751303722625,96.18099116833609
2017-04-27T13:30:00Z,67.64,68.19,67.53,68.0875,360103,627960.6,66.21354689056913,66.81987499999994,68.64958021875536,64.99016978124452,65.89753749999976,67.73149999999987,75.38130640655855,94.99764633343115,95.68802100164919
2017-04-27T14:30:00Z,68.09,68.19,67.76,67.89,311985,625299.1,66.29532509102917,66.94087499999993,68.71678552351821,65.16496447648166,65.97128749999976,67.78749999999988,70.4921665848031,90.60102078529526,93.78872671865075
2017-04-27T15:30:00Z,67.89,68.09,67.88,68.05,202529,604083.1,66.38091898902775,67.08612499999994,68.72028110868143,65.45196889131844,66.05003749999976,67.86149999999988,72.07246453182665,90.46206170309682,92.0202429406076
2017-04-27T16:30:00Z,68.06,68.1,67.83,67.9,351591,590532.2,66.4550205017581,67.22362499999994,68.62989797760328,65.8173520223966,66.12278749999976,67.90149999999987,68.37539627310244,86.31110524433745,89.12472924424303
2017-04-27T17:30:00Z,67.9,68,67.72,67.85,323409,567480.6,66.52306828216014,67.34012499999994,68.5323146608904,66.14793533910948,66.19078749999976,67.95549999999987,67.13908747812059,82.52472958296158,86.43263217679846
2017-04-27T18:30:00Z,67.85,67.8727,67.73,67.85,356419,522402.4,66.58779665864013,67.43812499999996,68.44526063512228,66.43098936487763,66.26378749999975,67.90799999999987,67.13908747812059,75.4703008836314,81.43537857031
2017-04-27T19:30:00Z,67.85,67.86,67.72,67.73,429389,442253.8,66.64351389480403,67.47162499999996,68.4707624717869,66.47248752821302,66.33016249999976,67.87599999999988,63.92203388492552,66.79759662810507,74.93087569823254
2017-04-28T13:30:00Z,67.79,67.87,67.01,67.24,493175,419267,66.67261077798432,67.50787499999997,68.41381273931782,66.60193726068212,66.37766249999976,67.71399999999987,52.79720559968489,48.956147430723554,63.74134831415319
2017-04-28T14:30:00Z,67.23,67.5,67.22,67.42,348649,420616.15,66.70906878881435,67.55787499999995,68.31654039893156,66.79920960106834,66.43143749999976,67.61799999999987,55.83777411731203,36.80925477535646,50.85433294472822
2017-04-28T15:30:00Z,67.42,67.425,67.16,67.28,373034,418041.2,66.73691909179901,67.59337499999995,68.21851153511342,66.96823846488648,66.48643749999975,67.50399999999986,52.97930468079879,25.706214689265295,37.15720563178163
2017-04-28T16:30:00Z,67.27,67.27,66.97,67.08,286073,404577.45,66.75365474585759,67.60037499999996,68.19864808775557,67.00210191224434,66.54068749999975,67.34999999999987,49.11141114175922,22.21450402889691,28.24332449783941
2017-04-28T17:30:00Z,67.09,67.21,67.03,67.05,212580,393264.85,66.76811061191331,67.60087499999996,68.19728776606863,67.00446223393129,66.59693749999974,67.21399999999986,48.53896489683207,12.818375474668864,20.246364730943547
2017-04-28T18:30:00Z,67.05,67.27,67.01,67.17,419239,373753.05,66.78771497230778,67.59187499999996,68.20825733875462,66.9754926612453,66.65743749999974,67.19999999999986,50.99932693728984,10.655737704918154,15.2295390694945
2017-04-28T19:30:00Z,67.17,67.385,67.15,67.26,882534,371596.75,66.81075326634155,67.58987499999996,68.2102790518279,66.96947094817203,66.71943749999974,67.16799999999986,52.82118070516583,15.573770491803591,13.015961223796728
2017-05-01T13:30:00Z,67.83,67.83,67.45,67.595,479788,376865.75,66.84900920456879,67.58662499999994,68.20620605808614,66.96704394191374,66.79081249999976,67.23099999999987,58.94061027494441,30.464480874317314,18.897996357012875
2017-05-01T14:30:00Z,67.595,67.7,67.55,67.64,176945,376417.9,66.88759412141908,67.58312499999995,68.20066624358823,66.96558375641168,66.86531249999975,67.34299999999988,59.69684276450941,44.76401179941045,30.26742105517697
2017-05-01T15:30:00Z,67.629,68.16,67.57,67.98,467996,388252.7,66.94088221305718,67.60162499999994,68.2429873683522,66.96026263164768,66.94431249999975,67.52899999999985,64.94959555311937,65.13183105826154,46.78677457732962
2017-05-01T16:30:00Z,67.98,68,67.665,67.8108,217247,380849.05,66.98331722705439,67.60816499999996,68.2552329323931,66.96109706760681,67.02470749999975,67.65715999999986,60.709180307752725,71.6071490543125,60.50099730399469
2017-05-01T17:30:00Z,67.82,67.88,67.74,67.77,257120,380409.95,67.02169199646637,67.61166499999995,68.2614336427769,66.961896357223,67.10145749999975,67.75915999999987,59.697066351646804,74.25210084033647,70.33036031763669
2017-05-01T18:30:00Z,67.76,68.4,67.7499,68.37,510939,373037.2,67.08746311858997,67.65116499999996,68.37970611011156,66.92262388988837,67.17245749999975,67.91415999999987,68.11548669932478,78.59481694775825,74.81802228080225
2017-05-01T19:30:00Z,68.37,68.39,68.2,68.3,777427,393903.4,67.14661125914655,67.66178999999995,68.4210266637814,66.9025533362185,67.24083249999975,68.04615999999986,66.37359651663252,86.04532722179765,79.63074833663065
2017-05-02T13:30:00Z,68.56,68.88,67.33,67.71,771718,416890.05,67.17409363674916,67.65278999999995,68.40522949366753,66.90035050633237,67.29683249999975,67.99215999999986,53.86940209597444,76.55084880215752,80.39699765723766
2017-05-02T14:30:00Z,67.7343,67.81,67.035,67.0511,472107,430368.95,67.16809394715165,67.60284499999996,68.37552746643078,66.83016253356914,67.34448499999976,67.84021999999986,43.91854499393985,45.33217393426812,69.30944998607428
2017-05-02T15:30:00Z,67.055,67.3573,66.98,67.2856,207381,423158.45,67.17382594972962,67.57212499999994,68.3439617570505,66.80028824294939,67.39787499999976,67.74333999999985,47.626527902422424,19.837696335078736,47.24023969050132
2017-05-02T16:30:00Z,67.29,67.29,67.14,67.185,150511,414513.55,67.17437102535257,67.53887499999995,68.3172322313125,66.7605177686874,67.43949999999975,67.50633999999987,46.21483675489379,10.519702397354898,25.22985755556711
2017-05-02T17:30:00Z,67.19,67.19,66.57,66.62,376920,415538.6,67.14732853631098,67.47737499999995,68.33773392482817,66.61701607517173,67.45774999999976,67.17033999999985,39.18910909790485,9.825845352712562,13.39441469504859
2017-05-02T18:30:00Z,66.62,66.85,66.62,66.66,398591,413998.7,67.1235564125885,67.42387499999994,68.34562603989028,66.5021239601096,67.44774999999976,66.96033999999985,39.885868267977095,5.616693248272479,8.65408033277984
2017-05-02T19:30:00Z,66.65,66.99,66.65,66.94,627124,420696.15,67.11460244124272,67.40887499999995,68.35163158551393,66.46611841448598,67.45837499999975,66.93811999999984,44.66535417214043,7.359307359307716,7.600615320097446
2017-05-03T13:30:00Z,66.82,67.14,66.18,66.4,701531,438340.25,67.07974378557235,67.35787499999995,68.39803218981888,66.31771781018102,67.45787499999975,66.76099999999984,38.33509411258114,9.353856020522878,7.443285542700885
2017-05-03T14:30:00Z,66.43,66.69,66,66.37,1488467,494111.9,67.04512213749565,67.31237499999995,68.43825797772405,66.18649202227584,67.45287499999975,66.59799999999984,38.01277024247267,12.337562129229,9.68357516968639
2017-05-03T15:30:00Z,66.37,66.37,65.73,65.73,526172,506116.85,66.98096983810562,67.24487499999995,68.56372676556424,65.92602323443566,67.42262499999974,66.41999999999983,31.858641341193746,6.998456790123599,9.563291646625018
2017-05-03T16:30:00Z,65.75,65.88,65.56,65.65,762054,533590.55,66.91604448014925,67.17487499999996,68.66514342532787,65.68460657467205,67.38787499999974,66.21799999999985,31.179131458665523,5.186021865238914,8.174013594863696
2017-05-03T17:30:00Z,65.635,65.635,65.19,65.4,404192,532838.2,66.84209109087368,67.08637499999995,68.76554219820747,65.40720780179242,67.33912499999975,65.90999999999984,29.09098185053118,2.800633428021222,4.995037361127771
2017-05-03T18:30:00Z,65.38,65.41,65.09,65.155,603586,518890.8,66.7597939644896,66.98112499999996,68.85603965926482,65.1062103407351,67.28549999999976,65.66099999999985,27.170517428003848,3.3723132873000075,3.786322860186574
2017-05-03T19:30:00Z,65.16,65.4,65.095,65.35,955435,542673.15,66.69102352719743,66.86887499999997,68.84919062623696,64.88855937376299,67.22774999999976,65.45699999999985,31.070870231763863,4.755418266583786,3.642788327301531
2017-05-04T13:30:00Z,65.48,65.63,64.91,65.455,564295,562040.65,66.63072969660243,66.75962499999996,68.79795507129013,64.72129492870978,67.17137499999976,65.40199999999984,33.147011333935524,9.122767112485972,5.750166222123116
2017-05-04T14:30:00Z,65.47,65.5,65.35,65.445,197597,548520.7,66.57288922359743,66.63287499999996,68.66715914424535,64.59859085575457,67.11724999999976,65.36099999999985,33.0449281359342,15.838029325422786,9.905404901497375
2017-05-04T15:30:00Z,65.445,65.57,65.22,65.29,386700,556993.35,66.51030926147072,66.50683499999995,68.54593500861367,64.46773499138624,67.05749999999975,65.33899999999984,31.429230746990484,18.873438739848375,14.611411725918904
2017-05-04T16:30:00Z,65.28,65.43,65.18,65.27,226178,555446.25,66.44980637066728,66.38183499999994,68.40229629513506,64.36137370486482,66.99674999999975,65.36199999999982,31.21713535177821,17.872228818493245,17.52789896125466
2017-05-04T17:30:00Z,65.27,65.39,65.21,65.34,180129,538905.75,66.39566947453716,66.23033499999994,68.07884219910258,64.3818278008973,66.94074999999975,65.35999999999983,32.92330369744471,17.012790483198515,17.91948601384657
2017-05-04T18:30:00Z,65.33,65.46,65.29,65.345,292291,514648.95,66.34441730504754,66.08258499999994,67.7042260161119,64.46094398388797,66.87218749999975,65.33799999999984,33.05104815039756,18.192903784124177,17.69264102860517
2017-05-04T19:30:00Z,65.345,65.51,65.28,65.48,826048,517365.45,66.30225060724034,65.97108499999995,67.42810813129513,64.51406186870476,66.81193749999976,65.34499999999984,36.563865317716164,21.449925261584752,18.885206509635672
2017-05-05T13:30:00Z,65.79,65.92,65.32,65.69,236514,505585.8,66.27238472396033,65.90302999999994,67.27667687908988,64.52938312091001,66.75293749999977,65.42499999999983,41.68929485499468,29.629163097697603,23.090664047802036
2017-05-05T14:30:00Z,65.6768,65.98,65.51,65.965,222034,506318.45,66.25739034718178,65.83699999999995,67.05680900145609,64.6171909985438,66.70456249999975,65.56399999999982,47.653829342221385,47.21367893609882,32.76425576512692
2017-05-05T15:30:00Z,65.9551,66.19,65.94,65.999,205560,509070.9,66.24478594000219,65.77769999999995,66.8339651371818,64.7214348628181,66.65828749999977,65.69579999999982,48.357175555999056,67.05287456390136,47.96523886589912
2017-05-05T16:30:00Z,65.98,66.1,65.9,65.9457,126724,496561.1,66.2301963819533,65.74398499999994,66.73135533433972,64.75661466566015,66.61067999999976,65.81593999999984,47.28457817637686,79.41748715753442,64.56134688584473
2017-05-05T17:30:00Z,65.95,66.21,65.895,66.18,107912,482027.15,66.22774777795559,65.71998499999994,66.63802709987033,64.80194290012955,66.57192999999975,65.95593999999984,52.29390572322437,87.89483173076972,78.12173115073502
2017-05-05T18:30:00Z,66.17,66.47,66.1,66.45,212428,461292.35,66.23858934976263,65.69548499999995,66.50127489639317,64.88969510360673,66.55217999999975,66.10793999999984,57.326336722667946,92.44143963675276,86.58458617501883
2017-05-05T19:30:00Z,66.44,66.49,66.33,66.49,417349,447083.25,66.25085328392055,65.69998499999994,66.52229813812326,64.87767186187662,66.52892999999975,66.21293999999985,58.03264848690088,98.80341880341932,93.04656339031379
2017-05-08T13:30:00Z,66.84,67.072,66.44,66.55,626211,403970.45,66.26544580665613,65.70898499999994,66.56373407261302,64.85423592738687,66.51067999999975,66.32313999999984,59.12550919447499,90.37603223649741,93.87363022555637
2017-05-08T14:30:00Z,66.55,66.6519,66.44,66.502,268328,391078.25,66.27698503559974,65.74758499999994,66.6697142583632,64.82545574163669,66.49622999999974,66.43439999999984,57.82812959328103,80.76109936575035,89.98018346855554
2017-05-08T15:30:00Z,66.49,66.79,66.49,66.73,400146,372982.85,66.2990833265461,65.80158499999995,66.81636657705269,64.7868034229472,66.48822999999975,66.54439999999984,62.084040386301396,74.735729386892,81.95762032971311
2017-05-08T16:30:00Z,66.73,66.74,66.04,66.05,431319,374339.2,66.28693292037312,65.83408499999994,66.83690330314592,64.83126669685397,66.46022999999975,66.46439999999984,46.886423083010236,65.63660737467342,73.71114537577176
2017-05-08T17:30:00Z,66.045,66.25,66.015,66.07,294587,358889.25,66.27635082669639,65.87983499999996,66.83700384044441,64.9226661595555,66.43047999999975,66.38039999999984,47.29507402602484,57.040497815627795,65.80427819239758
2017-05-08T18:30:00Z,66.07,66.13,65.83,66.115,451711,333703.05,66.26848005466242,65.91808499999995,66.84826532075638,64.98790467924351,66.39347999999976,66.29339999999983,48.25966543528638,45.264528508771726,55.98054456635748
2017-05-08T19:30:00Z,66.11,66.22,66.065,66.14,473627,329169.65,66.26221273492278,65.95233499999995,66.86200685793871,65.04266314206119,66.35597999999975,66.22099999999983,48.82007304263411,45.828152179821565,49.37772616807353
2017-05-09T13:30:00Z,65.98,66.06,65.58,65.65,516571,345118.35,66.23234869907289,65.96258499999996,66.85358790073293,65.07158209926699,66.29772999999975,66.00499999999984,39.735675272526024,34.120834409563834,41.737838366052216
2017-05-09T14:30:00Z,65.655,65.895,65.44,65.55,416797,346623.2,66.1990633966791,65.97558499999997,66.83394467351276,65.11722532648717,66.24120999999975,65.90499999999983,38.17447232296292,20.835572388088686,33.594852992491205
2017-05-09T15:30:00Z,65.56,65.735,65.525,65.55,283453,349486.95,66.1674017675728,65.98958499999995,66.80973852777386,65.16943147222604,66.18570999999976,65.80099999999985,38.17447232296291,7.4810867582202265,20.81249785195742
2017-05-09T16:30:00Z,65.5484,65.62,65.3799,65.38,393573,360159.15,66.12899192525218,65.99158499999996,66.8055643910864,65.17760560891351,66.11095999999975,65.65399999999984,35.42994515955026,4.495433991022333,10.937364379110255
2017-05-09T17:30:00Z,65.385,65.43,65.16,65.4,371969,364143.05,66.09343134353256,65.99433499999995,66.79988594756394,65.18878405243596,66.03845999999974,65.50599999999983,36.01279062041769,6.432802383288748,6.136441044176942
2017-05-09T18:30:00Z,65.4,65.56,65.4,65.49,316855,338683.4,66.06399566823829,65.99483499999995,66.79911976867373,65.19055023132617,65.98295999999974,65.47399999999983,38.69454252690876,9.939208432458734,6.955814935589778
2017-05-09T19:30:00Z,65.49,65.51,65.34,65.49,632647,358490.05,66.03599587954373,65.98483499999995,66.80876508752247,65.16090491247742,65.94393249999975,65.46199999999983,38.69454252690876,15.690376569037802,10.687462461594933
2017-05-10T13:30:00Z,66.94,67.63,66.21,66.22,1152861,405031.4,66.0449716902977,65.99758499999994,66.82776110729617,65.16740889270372,65.91729249999973,65.59599999999983,56.02989418941642,25.811269402989325,17.14695146816179
2017-05-10T14:30:00Z,66.22,66.48,66.115,66.26,572263,423366.55,66.05546087613683,66.01063499999995,66.84865832015505,65.17261167984485,65.89416749999974,65.77199999999985,56.75154308249665,34.90293564616422,25.468193872730286
2017-05-10T15:30:00Z,66.255,66.3,66.07,66.12,193813,426721,66.05860912608138,66.01934999999995,66.85811582549907,65.18058417450082,65.88166749999974,65.91599999999984,53.44532935647949,42.10526315789511,34.27315606901606
2017-05-10T16:30:00Z,66.12,66.17,65.99,66.15,273573,435004.05,66.06306721749205,66.01784999999995,66.85556791793014,65.18013208206976,65.86891749999974,66.04799999999985,54.06291134281039,41.160593792173195,39.389597532077346
2017-05-10T17:30:00Z,66.15,66.2,66,66.09,191155,433940.4,66.06438101176073,65.99984999999995,66.81481362497121,65.1848863750287,65.84766749999974,66.16799999999985,52.561116453676945,38.86639676113404,40.710751237067285
2017-05-10T18:30:00Z,66.08,66.135,66.03,66.045,284080,427276.95,66.06343559655289,65.97759999999997,66.76152841511012,65.19367158488981,65.83879249999974,66.13299999999985,51.40770215341042,37.85425101214614,39.293747188484296
2017-05-10T19:30:00Z,66.045,66.05,65.94,66,513608,421646.8,66.06034117720885,65.95009999999995,66.68907953965211,65.21112046034779,65.82954249999975,66.08099999999986,50.22086903426673,35.829959514170355,37.51686909581669
2017-05-11T13:30:00Z,66.06,66.31,65.17,65.48,387326,427596.7,66.03203185149135,65.89899999999997,66.61936518517705,65.1786348148229,65.82329249999974,65.95299999999986,39.0125333140439,27.597840755735813,33.76068376068394
2017-05-11T14:30:00Z,65.52,65.79,65.23,65.6,723329,443755.85,66.01095712702836,65.84249999999996,66.463728621379,65.22127137862091,65.82204249999975,65.84299999999986,42.21744617223867,21.592442645074442,28.34008097166004
2017-05-11T15:30:00Z,65.58,65.78,65.43,65.53,313503,437865.05,65.98749580375869,65.81649999999996,66.44430649886634,65.18869350113359,65.82529249999975,65.73099999999985,40.8682859375592,15.249662618083903,21.479982006297888
2017-05-11T16:30:00Z,65.52,65.73,65.505,65.66,148736,430572.5,65.9715203986973,65.79599999999996,66.416085477995,65.17591452200493,65.83791749999975,65.65399999999985,44.420631280256835,17.678812415654654,18.173639226270833
2017-05-11T17:30:00Z,65.65,66.04,65.65,65.76,260712,421022.55,65.96120233046815,65.77824999999996,66.38087156451785,65.17562843548207,65.84816749999973,65.60599999999985,47.055487931037646,19.735470634058796,17.554648555932285
2017-05-11T18:30:00Z,65.755,65.76,65.56,65.57,234194,409050.9,65.94211928995752,65.74974999999996,66.33490361232697,65.16459638767296,65.85104249999975,65.62399999999987,42.89461510322916,20.16227247292722,19.19218517421339
2017-05-11T19:30:00Z,65.575,65.85,65.56,65.82,482177,407331.2,65.936162251423,65.75824999999996,66.34229858532669,65.17420141467323,65.86041749999974,65.66799999999986,49.25311464598226,22.22222222222219,20.7066551097359
2017-05-12T13:30:00Z,66.83,66.86,65.65,65.72,1150717,444027.2,65.92561775135358,65.76674999999996,66.34332848557057,65.19017151442935,65.87116749999974,65.70599999999986,46.998827277711534,25.075768509164238,22.486754401437718
2017-05-12T14:30:00Z,65.73,65.77,65.36,65.61,474458,453577.45,65.91022176348268,65.76974999999996,66.34239714268467,65.19710285731524,65.87966749999973,65.69599999999986,44.58164692976077,28.334215294815596,25.21073534206717
2017-05-12T15:30:00Z,65.605,65.65,65.47,65.5,448357,456316.65,65.89021094575182,65.77574999999996,66.33427730463593,65.21722269536399,65.88366749999973,65.64399999999986,42.24199558584398,26.035502958579873,26.481828920853065
2017-05-12T16:30:00Z,65.505,65.51,65.25,65.32,231238,449280.1,65.86239577766636,65.77174999999997,66.34200674043963,65.20149325956031,65.88304249999973,65.59399999999985,38.66606171813329,18.14595660749494,24.171891620296634
2017-05-12T17:30:00Z,65.31,65.42,65.3,65.39,201002,443487.45,65.83935208119483,65.76674999999997,66.3484395649905,65.18506043500945,65.88079249999973,65.50799999999985,40.766092463318756,13.80670611439831,19.32938856015754
2017-05-12T18:30:00Z,65.38,65.61,65.36,65.55,321447,427927.45,65.82523734552679,65.76974999999996,66.34629553161756,65.19320446838236,65.87729249999973,65.47399999999985,45.37035232320239,14.792899408283859,15.5818540433922
2017-05-12T19:30:00Z,65.55,65.62,65.49,65.55,471505,393859.65,65.81181113354987,65.73624999999996,66.28125344037879,65.19124655962112,65.86691749999974,65.46199999999985,45.37035232320239,19.32938856015771,15.976331360946455
2017-05-15T13:30:00Z,65.61,65.85,65.2,65.27,422197,386356.35,65.78538132215719,65.68674999999995,66.21195734003841,65.16154265996148,65.84869249999973,65.41599999999985,39.18804663361347,16.395760557020782,16.839349508487285
2017-05-15T14:30:00Z,65.27,65.3,65.01,65.1648,613542,407342.8,65.75510906253977,65.63898999999995,66.17159109615764,65.10638890384226,65.82916999999972,65.38495999999985,37.14034512398533,11.68988071267939,15.805009943285791
2017-05-15T15:30:00Z,65.17,65.46,65.16,65.44,213960,404362.15,65.73973788875735,65.60348999999994,66.08755207002143,65.11942792997844,65.81066999999973,65.39495999999986,45.20638494477499,11.942559426896537,13.342733565532066
2017-05-15T16:30:00Z,65.44,65.63,65.42,65.6,163517,402980.25,65.73292140637894,65.57898999999993,66.00861673058768,65.14936326941219,65.78941999999972,65.40495999999986,49.28124927390207,21.1675675675673,14.93333590238091
2017-05-15T17:30:00Z,65.59,65.68,65.42,65.43,201536,398853.05,65.71814475240923,65.54823999999994,65.92480794557059,65.17167205442928,65.76291999999974,65.38095999999986,45.41658890113464,25.945945945945823,19.685357646803052
2017-05-15T18:30:00Z,65.44,65.61,65.43,65.58,269071,386626.2,65.71140598399903,65.52723999999992,65.84255529877801,65.21192470122183,65.73866999999973,65.44295999999986,49.201920579122564,28.46846846846836,25.19399399399366
2017-05-15T19:30:00Z,65.59,65.77,65.475,65.68,826097,408564.75,65.70987398477956,65.53723999999993,65.8585568804105,65.21592311958935,65.71811999999974,65.54599999999986,51.611170258676594,29.90990990991003,28.108108108107903
2017-05-16T13:30:00Z,65.65,65.94,65.5,65.72,327441,388770.35,65.71036793674153,65.54323999999994,65.87338090572247,65.21309909427741,65.69286999999973,65.60199999999986,52.57998530721427,47.79037101617752,35.38958313151847
2017-05-16T14:30:00Z,65.73,65.89,65.6813,65.79,225905,384390.45,65.71425242763219,65.55623999999993,65.90331356228144,65.20916643771842,65.68636999999974,65.63999999999986,54.30421313183423,65.47708999321942,47.72579030643549
2017-05-16T15:30:00Z,65.78,65.99,65.745,65.9335,126997,383303.5,65.72494743116232,65.56991499999995,65.9520456440546,65.1877843559453,65.68295749999973,65.74069999999986,57.699793376495116,84.81658254699761,66.02801451879802
2017-05-16T16:30:00Z,65.93,66,65.91,65.935,278610,384198.4,65.73519389793489,65.57866499999993,65.98504970583069,65.17228029416917,65.67845749999974,65.81169999999986,57.73514759454329,90.5133350179437,80.26900251938675
2017-05-16T17:30:00Z,65.935,66.28,65.84,66.04,753372,410157.3,65.75006248827953,65.60216499999993,66.05547560999645,65.14885439000341,65.67595749999974,65.88369999999986,60.240248001681614,89.59046650553988,88.30679469016023
2017-05-16T18:30:00Z,66.04,66.07,65.86,65.98,558680,413982.45,65.76127895226588,65.61016499999994,66.08376393278006,65.13656606721982,65.68420749999974,65.93569999999985,58.120323292378345,83.63821946499145,87.9140069961582
2017-05-16T19:30:00Z,65.98,66.05,65.81,65.9,476623,380277.75,65.76804583264315,65.61916499999994,66.10738633211467,65.1309436678852,65.69295749999975,65.95769999999986,55.32471517694854,75.85301837270377,83.0272347810782
2017-05-17T13:30:00Z,65.44,66.44,65.13,65.27,732280,393168.85,65.74375091397764,65.60216499999994,66.11360464367905,65.09072535632083,65.68595749999974,65.82499999999986,39.29513096226031,54.8795036984014,71.45691384536538
2017-05-17T14:30:00Z,65.26,65.285,64.7378,65.03,524949,396998.45,65.70893379622262,65.57866499999994,66.1467746101321,65.01055538986779,65.67720749999975,65.64399999999986,35.12049100742506,35.14219292781002,55.29157166630489
2017-05-17T15:30:00Z,65.02,65.39,64.96,65.16,704099,420641.5,65.6821565378703,65.57066499999993,66.15732255695579,64.98400744304408,65.67120749999974,65.46799999999985,38.90658573361972,20.050344830041805,36.690680485417566
2017-05-17T16:30:00Z,65.15,65.21,64.99,65.02,202263,420704.55,65.6498562189498,65.55216499999995,66.18217810234155,64.92215189765834,65.65945749999975,65.27599999999985,36.44034339703126,19.515920573375976,24.902819443742416
2017-05-17T17:30:00Z,65.02,65.25,64.93,65,541256,431695,65.61815591558639,65.52466499999994,66.19910388464916,64.85022611535072,65.64720749999974,65.09599999999985,36.08840475305316,18.92844554106483,19.498236981494017
2017-05-17T18:30:00Z,65.01,65.07,64.35,64.36,812614,448750.45,65.55678245628948,65.46516499999996,66.30888731754314,64.62144268245677,65.60070749999974,64.91399999999985,27.076576452303257,10.820203219513445,16.421523111317896
2017-05-17T19:30:00Z,64.35,64.36,63.81,63.89,1608311,508056.15,65.47547599500707,65.39616499999995,66.48310309810844,64.30922690189146,65.54145749999974,64.68599999999984,22.611085590635312,6.307963113925726,12.018870624834479
2017-05-18T13:30:00Z,63.75,65.01,63.63,64.82,807862,517772.15,65.44350155622624,65.37892499999995,66.49065015826676,64.26719984173315,65.50895749999975,64.61799999999985,42.73575540010174,15.289682814325792,10.805949715921466
2017-05-18T14:30:00Z,64.81,65.04,64.41,64.49,367451,525446.7,65.39698928519081,65.33142499999994,66.50794500727874,64.15490499272114,65.46745749999974,64.51199999999986,38.87286623401226,25.33185391662036,15.643166614957105
2017-05-18T15:30:00Z,64.49,64.97,64.32,64.8499,321986,533370.15,65.37030200298638,65.29391999999994,66.48157297390475,64.10626702609514,65.43645499999974,64.48197999999984,44.73949127220902,38.78884934756821,26.470128692837932
2017-05-18T16:30:00Z,64.85,65.18,64.85,64.995,345308,540558.75,65.35199458820655,65.27216999999995,66.46497946358865,64.07936053641124,65.41020499999973,64.60897999999985,46.95008650114284,40.86476868327416,34.99515731582073
2017-05-18T17:30:00Z,64.995,65.8,64.99,65.745,495474,551878.9,65.37116558390379,65.28041999999996,66.48386669446319,64.07697330553674,65.40382999999973,64.97997999999986,56.61162464075743,55.75207591933599,45.135231316725935
2017-05-18T18:30:00Z,65.74,66.27,65.74,66.01,938212,557484.65,65.40232823834751,65.29691999999996,66.53049995542152,64.0633400445784,65.41707999999974,65.21797999999986,59.423556941004065,69.51364175563494,55.37682878608151
2017-05-18T19:30:00Z,66.01,66.08,65.69,65.73,822723,582248.75,65.4183122267208,65.29741999999996,66.53169340018943,64.0631465998105,65.42032999999974,65.46597999999986,55.34237369478763,78.23250296559935,67.83274021352324
2017-05-19T13:30:00Z,66.71,67.07,66,66.37,829255,612416.25,65.46473602053929,65.32641999999996,66.63088363936163,64.02195636063828,65.44132999999974,65.76999999999985,61.800312015308094,79.69392259096837,75.81335577073403
2017-05-19T14:30:00Z,66.37,66.7,66.25,66.56,446337,628383.25,65.5181635317325,65.35774499999995,66.74639004533233,63.96909995466756,65.46382999999973,66.08299999999986,63.488371594117496,79.85289249358637,79.2597726833845
2017-05-19T15:30:00Z,66.55,66.99,66.54,66.71,444356,636670.55,65.57630189603823,65.39649499999994,66.88693213786499,63.9060578621349,65.48757999999974,66.27599999999987,64.81046994507449,84.78682170542663,81.44454559666026
2017-05-19T16:30:00Z,66.715,66.76,66.4,66.5688,275227,612763.3,65.6247164376949,65.42293499999995,66.97556072216268,63.870309277837215,65.51254999999973,66.38775999999986,62.51564583558627,86.71317829457382,83.7842974978621
2017-05-19T17:30:00Z,66.56,66.96,66.5354,66.89,362097,602934.15,65.68643758707563,65.46843499999994,67.1329941888319,63.803875811167984,65.53929999999973,66.61975999999984,65.50758880785494,89.91085271317847,87.13695090439279
2017-05-19T18:30:00Z,66.88,66.89,66.43,66.43,513753,604790.65,65.72270892429145,65.49493499999996,67.20245368895064,63.78741631104927,65.55704999999973,66.63175999999984,58.327296797360994,87.19767441860495,87.94056847545222
2017-05-19T19:30:00Z,66.43,66.58,66.35,66.36,767281,606540.7,65.7537962938382,65.54943499999995,67.2939370530575,63.804932946942394,65.57579999999973,66.59175999999984,57.29806000662113,85.17441860465148,87.42764857881146
2017-05-22T13:30:00Z,66.33,66.6724,66.25,66.45,347538,597670.15,65.78775745023634,65.62043499999996,67.3900011426235,63.85086885737641,65.59954999999972,66.53975999999984,58.31650306247014,79.40345313601166,83.92518205308919
2017-05-22T14:30:00Z,66.48,66.85,66.32,66.68,388129,581871.65,65.83128147705408,65.69643499999997,67.51037983188249,63.88249016811745,65.63354999999972,66.56199999999986,60.88402029683884,80.87773079633588,81.81853417899949
2017-05-22T15:30:00Z,66.68,66.9068,66.57,66.81,197037,581610.35,65.87902384402705,65.78593499999997,67.63386557042536,63.93800442957457,65.66904999999971,66.54599999999985,62.29759409313317,83.85367185367238,81.37828526200646
2017-05-22T16:30:00Z,66.81,67.11,66.79,66.95,288193,568957.2,65.9312665833428,65.88343499999996,67.7607450684533,64.00612493154662,65.70404999999973,66.64999999999984,63.81419690297334,88.85310009838359,84.52816758279711
2017-05-22T17:30:00Z,66.945,67.07,66.8,66.9388,273754,542014.2,65.98041455488706,66.01237499999996,67.80580166856357,64.21894833143635,65.73876999999972,66.76575999999986,63.593806700272324,89.56159348293318,87.42278847832954
2017-05-22T18:30:00Z,66.93,67.17,66.9,67.16,322431,477720.2,66.0379553083072,66.17587499999995,67.74812298156283,64.60362701843707,65.78601999999972,66.90775999999985,66.08505960329727,93.2402721616116,90.55165524764261
2017-05-22T19:30:00Z,67.1601,67.24,67.15,67.23,454854,460069.8,66.09610382985319,66.29637499999997,67.80250886374294,64.790241136257,65.83764999999973,67.01775999999984,66.85795279109533,95.48717822775097,92.7630146240984
2017-05-23T13:30:00Z,67.53,67.672,67.1,67.35,184768,450935.65,66.15726949668962,66.43937499999996,67.7645429952082,65.11420700479171,65.88539999999972,67.12575999999983,68.19601956992871,91.95790318697645,93.56178452544617
2017-05-23T14:30:00Z,67.36,67.8212,67.36,67.82,184103,444041.5,66.23837830172916,66.58787999999996,67.8303751502616,65.34538484973831,65.94089999999973,67.29975999999984,72.82394329009102,92.15767016372904,93.20091719281864
2017-05-23T15:30:00Z,67.8129,67.88,67.66,67.66,183761,435964.15,66.30772570164481,66.72112999999997,67.81438517076813,65.62787482923181,65.99664999999972,67.44399999999983,69.13574574516869,87.92750986291742,90.68102773787412
2017-05-23T16:30:00Z,67.67,67.69,67.46,67.46,147742,418577.55,66.3639342040036,66.80687999999996,67.84823221630992,65.76552778369,66.0436499999997,67.50399999999983,64.72314825834047,86.88660719120013,88.99059573928201
2017-05-23T17:30:00Z,67.47,67.64,67.44,67.57,203239,381828.9,66.42276668185708,66.88487999999997,67.9093531906769,65.86040680932304,66.0908999999997,67.57199999999983,66.00817885201906,80.57259713701433,85.1289047303771
2017-05-23T18:30:00Z,67.58,67.69,67.49,67.6,439958,362690.65,66.48019269737625,66.97837999999996,67.90039197303213,66.05636802696779,66.1378999999997,67.62199999999983,66.36800238544313,79.34560327198359,82.26826920006583
2017-05-23T19:30:00Z,67.6,67.67,67.515,67.62,404575,341456.65,66.53579305360181,67.04087999999997,67.95891653435385,66.1228434656461,66.18364999999972,67.58199999999984,66.62167471546732,82.61758691206563,80.84526244035433
2017-05-24T13:30:00Z,67.82,67.86,67.05,67.33,437945,341037.05,66.57453485586514,67.07937999999997,67.97789602011856,66.18086397988138,66.2185624999997,67.51599999999982,59.60175467170152,77.20491846258751,79.72270288221206
2017-05-24T14:30:00Z,67.31,67.35,67.225,67.245,310327,334335.6,66.60724047265221,67.10612999999998,67.99081438915077,66.22144561084919,66.25131249999971,67.47299999999983,57.683211130327955,66.7731290184816,75.53187813104472
2017-05-24T15:30:00Z,67.25,67.67,67.25,67.55,195498,330349.15,66.65322874227893,67.15518999999998,68.0239237587591,66.28645624124086,66.2890624999997,67.46899999999984,62.36460028194001,61.99835931434826,68.65880226513893
2017-05-24T16:30:00Z,67.55,67.63,67.5,67.5,158194,320154,66.69453465728971,67.18568999999998,68.05786600494781,66.31351399505215,66.3270624999997,67.44899999999984,61.16991162262854,62.02210100475666,63.597863112528636
2017-05-24T17:30:00Z,67.5,67.77,67.49,67.745,204925,304712.6,66.74577686912923,67.25143999999997,68.08315557254186,66.41972442745809,66.3731874999997,67.47399999999985,64.73478342560662,73.58802508431215,65.86949513447216
2017-05-24T18:30:00Z,67.74,67.795,67.6,67.64,195133,276105.2,66.78939750965951,67.31543999999998,68.05478397515834,66.57609602484162,66.4324374999997,67.53599999999985,62.10331467840223,74.04121398671096,69.88378002525972
2017-05-24T19:30:00Z,67.64,67.94,67.61,67.89,559620,286709.3,66.84308543601757,67.38743999999998,68.05236110328943,66.72251889671054,66.5039374999997,67.66499999999984,65.68046585173833,83.89694987240938,77.1753963144773
2017-05-25T13:30:00Z,67.83,68.3466,67.73,68.2,235610,279083.35,66.90927639035819,67.46343999999998,68.13498490066152,66.79189509933843,66.57993749999969,67.79499999999983,69.52219013338966,84.7199553047226,80.88603972128078
2017-05-25T14:30:00Z,68.2,68.44,67.92,68.29,247892,281626.1,66.97662876156022,67.53743999999998,68.23048550615616,66.8443944938438,66.6616874999997,67.95299999999983,70.55280004022387,90.76138721943182,86.4594307988544
2017-05-25T15:30:00Z,68.295,68.37,68.19,68.35,157356,275084.25,67.0436224805085,67.60743999999997,68.33114275224983,66.8837372477501,66.7454374999997,68.07399999999984,71.25075975082254,90.47577301416663,88.65237184610682
2017-05-25T16:30:00Z,68.3401,68.42,68.24,68.27,141249,268459,67.10344577414223,67.67399999999996,68.38421546027563,66.9637845397243,66.84318749999969,68.19999999999983,68.9056425330652,90.16786570743427,90.46834198034405
2017-05-25T17:30:00Z,68.265,68.28,68.1,68.185,152872,259981.05,67.15620451686699,67.72524999999997,68.42759233106759,67.02290766893236,66.95056249999969,68.25899999999983,66.40478999018012,87.6498800959234,89.43117293917457
2017-05-25T18:30:00Z,68.18,68.22,67.82,67.87,222090,248342.85,67.19102380872714,67.75724999999997,68.42382688979544,67.0906731102045,67.02681249999969,68.19299999999984,58.00319864129749,76.13908872901716,84.65227817745809
2017-05-25T19:30:00Z,67.8684,67.92,67.72,67.87,667459,272477.4,67.22414459854532,67.78324999999998,68.42433716256296,67.142162837437,67.1113124999997,68.10899999999984,58.00319864129749,66.54676258992866,76.77857713828955
2017-05-26T13:30:00Z,67.88,67.94,67.52,67.825,372866,281915.55,67.25345461812847,67.78349999999998,68.42464818880339,67.14235181119656,67.18568999999971,68.00399999999982,56.81229719368753,55.78944252005869,66.158431279668
2017-05-26T14:30:00Z,67.83,68.045,67.81,67.92,217387,283596.85,67.28596902700025,67.79649999999998,68.43764818880057,67.1553518111994,67.25881499999971,67.93399999999983,58.738341759543694,54.89268093772784,59.076295349238215
2017-05-26T15:30:00Z,67.925,68.01,67.87,67.89,145417,283480.6,67.31543395251244,67.81799999999998,68.44115648115314,67.19484351884682,67.3124399999997,67.87499999999982,57.86078964542396,49.26350007189418,53.315207843226716
2017-05-26T16:30:00Z,67.89,67.91,67.76,67.82,156047,281121,67.34004693043866,67.83049999999999,68.44319813121702,67.21780186878296,67.3576899999997,67.86499999999982,55.76720008517856,44.3815420905207,49.51257436671404
2017-05-26T17:30:00Z,67.83,67.91,67.6,67.65,249494,271597.8,67.35516659236848,67.83299999999998,68.44231436877955,67.22368563122042,67.40568999999971,67.82099999999983,50.94602344569849,30.324180015256076,41.32307405922346
2017-05-26T18:30:00Z,67.65,67.72,67.59,67.655,421827,272460.4,67.36979261225294,67.83474999999999,68.44180415738631,67.22769584261366,67.43781499999972,67.78699999999984,51.07998080826661,21.180396643783933,31.96203958318671
2017-05-26T19:30:00Z,67.65,67.84,67.62,67.8,397891,270457.7,67.3907783384845,67.85824999999997,68.42002642350701,67.29647357649293,67.46881499999971,67.76299999999983,54.92428442541867,19.746376811594885,23.750317823544773
2017-05-30T13:30:00Z,67.61,68.075,66.95,67.065,496342,279758.45,67.37488671221696,67.84924999999998,68.45414895850146,67.2443510414985,67.47768999999971,67.59799999999981,38.43605855753482,17.60893881918125,19.511904091519828
2017-05-30T14:30:00Z,67.07,67.41,67.07,67.22,230054,281486.25,67.36733126284052,67.83274999999998,68.48550933544013,67.17999066455982,67.49396999999972,67.47799999999982,42.365417598810424,18.84008345094674,18.731799693907433
2017-05-30T15:30:00Z,67.22,67.4,67.11,67.345,285208,287836.95,67.36624193294587,67.82499999999997,68.49678121438791,67.15321878561204,67.50534499999972,67.41699999999983,45.392409835742185,17.652072014487988,18.033698094871802
2017-05-30T16:30:00Z,67.345,67.3689,67.22,67.22,240418,289611.6,67.35910818011924,67.79874999999997,68.52017827086853,67.07732172913141,67.52509499999971,67.32999999999983,42.962435255926714,21.846282372598044,19.446145946010734
2017-05-30T17:30:00Z,67.22,67.23,67.03,67.045,283074,294008.65,67.34378582986952,67.76899999999998,68.55988937279743,66.97811062720253,67.54221999999972,67.17899999999983,39.75387173192215,18.21727171321625,19.2385420334339
2017-05-30T18:30:00Z,67.04,67.14,67.0275,67.1,378012,284928.25,67.33189383816857,67.72949999999999,68.56964820120885,66.88935179879113,67.5584699999997,67.18599999999982,41.23918775425918,13.704800057887281,17.922784714566998
2017-05-30T19:30:00Z,67.11,67.2,67.04,67.08,519921,299143.8,67.31960633386767,67.67349999999998,68.52988834649061,66.81711165350934,67.5684699999997,67.15799999999982,40.84484041321764,10.789734616506005,14.237268795869651
2017-05-31T13:30:00Z,67.08,67.56,66.776,66.865,456399,309569.15,67.29743041514241,67.60224999999998,68.47850039229718,66.72599960770279,67.56984499999972,67.06199999999981,36.77384171036726,10.580104353776122,11.691546342722942
2017-05-31T14:30:00Z,66.865,67.12,66.84,66.88,426266,323014.65,67.27706795586718,67.52874999999997,68.38823167519895,66.669268324801,67.56809499999972,66.99399999999982,37.24379846064569,8.804379437173827,10.058072802485125
2017-05-31T15:30:00Z,66.88,67.15,66.85,66.94,242552,328079.8,67.26062561655658,67.46224999999998,68.28714681172835,66.63735318827162,67.5681249999997,66.97299999999981,39.19083808670682,9.160892994611322,9.515125595186896
2017-05-31T16:30:00Z,66.955,66.99,66.84,66.895,520236,346448,67.24279022062699,67.39774999999999,68.18749347100822,66.60800652899175,67.56149999999971,66.93199999999982,38.23276251447793,9.930715935334982,9.29866278903985
2017-05-31T17:30:00Z,66.9,67.01,66.79,66.91,488951,359791.05,67.2265565513281,67.34974999999999,68.13553288986292,66.56396711013706,67.5534999999997,66.89799999999983,38.770093936782146,10.700538876058639,9.930715935334788
2017-05-31T18:30:00Z,66.91,67.19,66.8765,67.13,539232,353379.7,67.22184647565356,67.31274999999998,68.06607911134562,66.55942088865434,67.5479999999997,66.95099999999982,46.16697970316246,15.576084167308236,12.069112992900427
2017-05-31T19:30:00Z,67.1346,67.46,67.11,67.42,731011,371286.95,67.23151250123144,67.29249999999999,68.0106121082383,66.57438789176167,67.5379999999997,67.05899999999981,54.047493352369,29.0479856299719,18.441536224446065
2017-06-01T13:30:00Z,67.42,67.72,66.98,67.53,438512,382343.2,67.24607286702502,67.27299999999998,67.94135170382218,66.60464829617779,67.5347499999997,67.17699999999982,56.64030724933369,52.23373694671718,32.28593558133225
2017-06-01T14:30:00Z,67.52,67.5201,67.2486,67.36,143530,382248.85,67.25163028814575,67.24649999999998,67.85416849515758,66.63883150484239,67.53224999999972,67.2699999999998,51.777939291960905,63.771295172732096,48.35100591647353
2017-06-01T15:30:00Z,67.37,67.59,67.26,67.49,132002,381046.6,67.26325807896791,67.22999999999999,67.7905800567297,66.66941994327028,67.53024999999971,67.38599999999981,54.961993779799634,72.45762711864425,62.820886412697654
2017-06-01T16:30:00Z,67.48,67.5657,67.42,67.5,133904,375267.1,67.27480646535972,67.2225,67.7640948670317,66.68090513296829,67.52774999999971,67.45999999999981,55.207005103927585,71.39830508474591,69.20907579204057
2017-06-01T17:30:00Z,67.5,67.65,67.39,67.599,139123,361131.9,67.29062078412265,67.21969999999999,67.75283491725504,66.68656508274493,67.52722499999972,67.49579999999982,57.662569755111406,79.8375706214692,74.5645009416196
2017-06-01T18:30:00Z,67.595,67.67,67.47,67.66,191596,350817.15,67.30863928245813,67.21269999999998,67.71813054913956,66.70726945086041,67.5354749999997,67.52179999999981,59.14859964345469,85.84039548022629,79.0254237288136
2017-06-01T19:30:00Z,67.66,67.93,67.56,67.9,375670,344783.55,67.33748614672847,67.25444999999999,67.83634431171158,66.6725556882884,67.55184999999969,67.62979999999982,64.43745800966263,92.74220593563065,86.14005734577519
2017-06-02T13:30:00Z,67.93,68.11,67.81,67.91,123523,339457,67.3654136517661,67.28894999999999,67.93667817601546,66.64122182398451,67.5608499999997,67.71379999999981,64.64286042825009,91.96429975518181,90.18230039034604
2017-06-02T14:30:00Z,67.95,68.03,67.77,67.93,106276,330510.4,67.39295444924093,67.3182,68.02367164364982,66.61272835635019,67.57159999999969,67.7997999999998,65.07730580167524,89.53748927752413,91.41466498944533
2017-06-02T15:30:00Z,67.96,68.17,67.94,68.02,121028,324540.9,67.42354203708284,67.3582,68.12492435724916,66.59147564275084,67.57847499999971,67.88399999999982,67.0399565593012,86.78085199824336,89.42754701031623
2017-06-02T16:30:00Z,68.02,68.17,68.005,68.14,166209,318697.65,67.45849120600563,67.41295,68.23666074413295,66.58923925586704,67.5909749999997,67.97999999999982,69.50113122792973,91.10671936758906,89.14168688111864
2017-06-02T17:30:00Z,68.11,68.37,68.11,68.24,214206,310507.35,67.49661358620048,67.46995000000001,68.35466362032696,66.58523637967306,67.59972499999971,68.0479999999998,71.41658722445466,92.75071202262923,90.21276112948702
2017-06-02T18:30:00Z,68.25,68.385,68.23,68.37,302556,299639.1,67.53921780150777,67.53445,68.48191133957793,66.58698866042208,67.6039749999997,68.13999999999982,73.72668986323109,96.01802854230549,93.29181997750773
2017-06-02T19:30:00Z,68.37,68.42,68.225,68.33,389324,296285.35,67.57779254289764,67.6077,68.56329826287114,66.65210173712885,67.60497499999971,68.21999999999981,71.80375025396522,94.65933289013151,94.47602448502187
2017-06-05T13:30:00Z,68.31,68.37,67.94,68.37,167863,283365.2,67.61643680909775,67.68220000000001,68.6315565399743,66.73284346002572,67.60547499999971,68.28999999999982,72.57409747653607,96.1379958504906,95.60511909430902
2017-06-05T14:30:00Z,68.375,68.39,68.1,68.14,144471,278461.15,67.64197647694664,67.7422,68.64697723224941,66.83742276775058,67.60222499999972,68.28999999999982,62.072674350824556,88.4478907251173,93.08173982191295
2017-06-05T15:30:00Z,68.14,68.24,68.11,68.139,148225,259860.6,67.66622152685169,67.8044,68.63571640185674,66.97308359814326,67.60107499999972,68.26979999999982,62.030647226591775,81.43737292576445,88.6744198337906
2017-06-05T16:30:00Z,68.13,68.1463,67.995,68.13,99215,240373.8,67.68884486700526,67.8654,68.59848646147512,67.13231353852487,67.60757499999971,68.22179999999982,61.62623706472874,73.47505858721097,81.12010741269738
2017-06-05T17:30:00Z,68.12,68.13,68.01,68.09,103392,218581.8,67.70841341007818,67.9134,68.56924004147169,67.2575599585283,67.61307499999971,68.17379999999983,59.76140923175583,69.94208823028431,74.95150658108639
2017-06-05T18:30:00Z,68.08,68.5,67.2903,67.7201,764848,220273.65,67.70898348763534,67.928405,68.55130934730572,67.30550065269428,67.61045249999971,68.04381999999983,45.922358527831356,57.545762735156536,66.98763651755041
2017-06-05T19:30:00Z,67.74,67.75,67.39,67.4,1012849,248990.5,67.69391112238483,67.921905,68.56372887451663,67.28008112548336,67.59745249999972,67.89581999999982,37.77100024254813,36.6203306895,54.702727218313434
2017-06-06T13:30:00Z,67.2,67.43,66.75,67.29,408082,262218.1,67.67420814080509,67.91840499999999,68.57308219213384,67.26372780786615,67.58245249999972,67.72601999999982,35.44277391220605,25.151659010302037,39.772584144986006
2017-06-06T14:30:00Z,67.285,67.49,67.21,67.25,357495,273492.75,67.65351506076581,67.90640499999999,68.59971092518988,67.2130990748101,67.56820249999971,67.55001999999982,34.6073872955681,22.832311828592253,28.201433842797908
2017-06-06T15:30:00Z,67.23,67.27,66.885,66.89,254532,279524.15,67.61627042365528,67.87590499999999,68.68246245356791,67.06934754643207,67.54920249999972,67.31001999999981,28.17163820405885,22.476190476190737,23.486720438361488
2017-06-06T16:30:00Z,66.895,66.9,66.46,66.5,389688,292052.4,67.56181820786722,67.820955,68.82182689684689,66.82008310315311,67.52032749999971,67.06599999999983,23.149214580809584,12.844070961718261,19.38419108883356
2017-06-06T17:30:00Z,66.495,66.51,66.32,66.37,712998,318122.5,67.50368073431272,67.75645499999999,68.94008346109132,66.57282653890866,67.48457749999972,66.85999999999983,21.75682674423173,4.0847874317927015,13.135016289900378
2017-06-06T18:30:00Z,66.37,66.46,66.255,66.31,551953,326936.65,67.44545240580966,67.67695499999999,69.01487155715112,66.33903844284886,67.46570249999971,66.66399999999983,21.125260916934636,2.2347503122679204,6.38786956859277
2017-06-06T19:30:00Z,66.315,66.32,66.025,66.1,994849,370502.95,67.37982058113602,67.586455,69.08437193157496,66.08853806842504,67.4377024999997,66.43399999999983,19.041806750582026,2.5912565511268495,2.9702647650623013
2017-06-07T13:30:00Z,66.35,66.43,65.75,65.8,395323,384955.3,67.30275616254401,67.47995499999999,69.1571746617915,65.80273533820848,67.3990774999997,66.21599999999981,16.533235882074536,2.432791163303458,2.4195993422325537
2017-06-07T14:30:00Z,65.79,65.79,65.57,65.59,344788,396143.3,67.21920708144431,67.35845499999999,69.20509331160923,65.51181668839075,67.3583274999997,66.03399999999982,15.039623488385956,1.8436929017134407,2.289246872047727
2017-06-07T15:30:00Z,65.59,65.73,65.57,65.66,249402,400302.95,67.14314819942264,67.234455,69.18467458094385,65.28423541905615,67.3237024999997,65.89199999999983,17.708321285840967,1.8574826765955528,2.044655580537295
2017-06-07T16:30:00Z,65.65,65.77,65.4997,65.745,255648,402375.05,67.0749458482313,67.10970499999999,69.10534456011617,65.11406543988382,67.28982749999969,65.77899999999983,20.955169672354188,3.976705097787819,2.5592935586987484
2017-06-07T17:30:00Z,65.75,65.905,65.6,65.82,359101,405202.3,67.01372897758587,66.982205,68.96527114965234,64.99913885034765,67.2583274999997,65.72299999999981,23.81158939052588,7.3077068478211515,4.380631540734652
2017-06-07T18:30:00Z,65.81,65.84,65.72,65.76,279635,399717.85,66.95257146648412,66.85370499999999,68.80356373690903,64.90384626309095,67.2307024999997,65.71499999999983,23.09264242979806,10.139598254842229,7.141336733483544
2017-06-07T19:30:00Z,65.77,66,65.77,65.92,556690,419159.2,66.90220212665562,66.73120499999999,68.59035937602556,64.87205062397442,67.2067024999997,65.78099999999982,29.229085252163998,14.45345505575599,10.633586719472934
2017-06-08T13:30:00Z,66.04,66.25,65.34,65.48,328101,428340.7,66.83282641316023,66.598205,68.41530739499431,64.78110260500567,67.1702024999997,65.74499999999983,23.642363210591498,13.06546465582971,12.552839322142454
2017-06-08T14:30:00Z,65.47,65.99,65,65.5,953216,468590.25,66.76781049056706,66.46625499999999,68.19790707299272,64.73460292700726,67.1353274999997,65.69599999999983,24.35016527725972,16.551826369846232,14.690248693810455
2017-06-08T15:30:00Z,65.52,65.75,65.3201,65.66,408971,484078.05,66.71377095444184,66.34275499999998,67.92831794164037,64.75719205835959,67.1040774999997,65.66399999999985,29.94483171730053,21.09163391010059,16.90297497859199
2017-06-08T16:30:00Z,65.645,65.7,65.5,65.5,528839,505350.4,66.65456261520077,66.21325499999999,67.61981215201847,64.80669784798151,67.0633274999997,65.61199999999982,27.735848789870857,29.958618868260604,22.534026382735618
2017-06-08T17:30:00Z,65.51,65.785,65.46,65.78,329377,483576.85,66.61190102421537,66.11625,67.35083039430319,64.8816696056968,67.0223274999997,65.58399999999983,36.55613801570349,40.42469414032232,30.491648972894314
2017-06-08T18:30:00Z,65.77,65.935,65.68,65.73,645095,465189.15,66.56888146205853,66.03275,67.12661230851674,64.93888769148325,66.9773274999997,65.63399999999982,35.717758283724564,45.86206378821839,38.74845893226692
2017-06-08T19:30:00Z,65.725,65.78,65.46,65.69,1018381,495704.1,66.52600919561665,65.95275,66.88992380991631,65.01557619008368,66.93557749999971,65.67199999999983,35.02570111756475,50.9084522783154,45.73173673561852
2017-06-09T13:30:00Z,65.71,65.71,65.23,65.51,237271,489692.9,66.47644777144023,65.86574999999999,66.60780980216995,65.12369019783003,66.8860774999997,65.64199999999983,32.019174176059295,46.70023310023325,47.82358305558882
2017-06-09T14:30:00Z,65.5,65.6,65.34,65.42,244687,489200.65,66.424913733809,65.79225,66.39138667054984,65.19311332945016,66.83407749999971,65.62599999999982,30.604618890079976,40.88391608391626,46.16420048748811
2017-06-09T15:30:00Z,65.43,65.43,65.02,65.05,270057,483219.1,66.35784477118418,65.71975,66.30961841752392,65.12988158247609,66.7703524999997,65.47999999999982,25.597853450905063,26.133333333333564,37.905827505827496
2017-06-09T16:30:00Z,65.06,65.09,64.34,64.385,498685,472503.45,66.26160844088251,65.62049999999999,66.38226702475082,64.85873297524917,66.6884774999997,65.21099999999983,19.441703496392037,13.318673647469588,26.77864102157294
2017-06-09T17:30:00Z,64.38,64.38,62.75,64.16,958504,492831,66.15909095596142,65.51299999999999,66.44337304346104,64.58262695653895,66.59497749999971,64.90499999999983,17.875297037774985,15.547245076040936,18.333084018947833
2017-06-09T18:30:00Z,64.16,64.18,62.85,63.91,1332430,509710.05,66.04937920201208,65.40349999999998,66.52717299513743,64.27982700486253,66.49497749999969,64.58499999999984,16.3035108750708,25.26153079032669,18.042483171278878
2017-06-09T19:30:00Z,63.9,63.92,63.62,63.84,811658,530526.8,65.94160460679197,65.30549999999998,66.60229952190171,64.00870047809825,66.3927274999997,64.26899999999983,15.882397561972951,34.85714285714295,25.221972907836662
2017-06-12T13:30:00Z,63.56,64.56,63.52,64.11,699009,548237.85,65.852258040607,65.23149999999998,66.62054319587267,63.84245680412729,66.2949774999997,64.08099999999983,24.033059448438664,35.42034097589667,31.846338207788573
2017-06-12T14:30:00Z,64.1,64.61,64.05,64.22,558146,563675.05,65.77263569716276,65.15949999999998,66.60054441291713,63.71845558708283,66.1969774999997,64.04799999999985,27.130926968344184,39.75733731289302,36.67827371531069
2017-06-12T15:30:00Z,64.24,64.34,64,64.05,232910,562538.15,65.68860468754507,65.07474999999998,66.56656592363132,63.58293407636865,66.09222749999971,64.02599999999984,25.406577490117485,42.98182710881131,39.38650179920014
2017-06-12T16:30:00Z,64.05,64.72,64.05,64.718,210720,555119.1,65.64125811742092,65.01964999999998,66.47832930334293,63.560970696657044,66.0009274999997,64.18759999999983,41.21645930377957,49.58660387231824,44.10858943134067
2017-06-12T17:30:00Z,64.72,64.78,64.58,64.69,529455,567610.1,65.59485528242477,64.96614999999998,66.39037136973104,63.54192863026893,65.90992749999971,64.35759999999985,40.825861586860235,54.50549450549457,49.02464182887451
2017-06-12T18:30:00Z,64.69,64.78,64.56,64.58,312096,555380.4,65.54535014669673,64.89914999999999,66.26234731146852,63.53595268853147,65.81517749999972,64.45159999999984,39.25209194279858,61.032065529943964,55.041387969252064
2017-06-12T19:30:00Z,64.58,64.72,64.54,64.67,397245,558837.6,65.50265013954079,64.85864999999998,66.198340453053,63.51895954694697,65.72842749999971,64.54159999999983,41.24765527927907,62.05714084073361,59.198233625390515
2017-06-13T13:30:00Z,64.75,65.1,64.42,64.96,453225,533838.05,65.4761794010266,64.83164999999998,66.13994771458897,63.52335228541099,65.64895249999971,64.72359999999983,47.25963481650373,67.60158803931616,63.56359813666438
2017-06-13T14:30:00Z,64.95,65,64.09,64.115,611045,543941.75,65.40978040585458,64.75439999999998,66.04019055837456,63.46860944162539,65.54857749999971,64.60299999999984,35.773035373073796,64.44718677829445,64.70197188611455
2017-06-13T15:30:00Z,64.115,64.24,63.7,63.95,639916,549495.6,65.33857160556899,64.67689999999997,65.96043432365619,63.39336567634376,65.44507749999971,64.45499999999984,34.033551886379456,59.846841752417525,63.96520552334251
2017-06-13T16:30:00Z,63.97,64.06,63.89,63.98,329082,549480.85,65.27229981993148,64.58689999999999,65.79885229278923,63.37494770721073,65.35157499999971,64.33499999999984,34.65570061506388,51.44569704668157,58.579908525797656
2017-06-13T17:30:00Z,63.9852,64.225,63.91,63.985,631927,548822.45,65.2095047067641,64.49964999999997,65.6174600509498,63.38183994905014,65.26619999999971,64.19799999999984,34.7661282334976,51.28289992119801,54.191812906765506
2017-06-13T18:30:00Z,63.99,64.04,63.875,64.035,591979,527502.35,65.15221179423902,64.41689999999997,65.40780986472362,63.42599013527632,65.1848249999997,64.01299999999983,35.932118821866254,45.12660222840676,49.28506639876192
2017-06-13T19:30:00Z,64.035,64.06,63.96,64,627318,547004.7,65.0960063408615,64.34139999999998,65.21024346116194,63.47255653883803,65.10357499999971,63.989999999999824,35.454397394826884,37.806375996249464,44.73862604861788
2017-06-14T13:30:00Z,63.91,64.1,63.6,63.86,312391,550389.9,65.03571334862436,64.26339999999996,65.00111712736437,63.52568287263556,65.02782499999971,63.97199999999983,33.53387109393043,26.769338959212387,36.56743906128934
2017-06-14T14:30:00Z,63.86,64.02,63.79,63.97,268311,550302.6,64.98372733161828,64.20939999999997,64.86211077821562,63.55668922178432,64.96457499999971,63.96999999999982,36.4468450299601,24.12658227848108,29.567432411314112
2017-06-14T15:30:00Z,63.97,64,63.655,63.73,142666,532501.65,64.92256990080763,64.17664999999997,64.85601655055072,63.49728344944922,64.8985749999997,63.918999999999826,33.04407177976154,16.888888888888882,22.594936708860587
2017-06-14T16:30:00Z,63.71,63.88,63.69,63.84,121964,490674.65,64.86976161296336,64.16064999999998,64.85572273720406,63.46557726279589,64.83682499999969,63.87999999999984,35.993665198536945,16.444444444444525,19.153305203937965
2017-06-14T17:30:00Z,63.84,63.87,63.58,63.61,264847,437295.5,64.80830982696514,64.14564999999997,64.87386982258454,63.41743017741541,64.7745749999997,63.801999999999836,32.745455963005384,8.88011695906445,14.071150097465754
2017-06-14T18:30:00Z,63.6,63.62,62.85,63.07,724683,432946.75,64.72351422564977,64.10714999999998,64.96569254990642,63.24860745009353,64.7063249999997,63.643999999999835,26.661875831490306,9.250487329434899,11.525016244314427
2017-06-14T19:30:00Z,63.065,63.3,63.02,63.27,654067,430699.65,64.65261109269125,64.06514999999997,64.99799602695407,63.13230397304588,64.64832499999969,63.503999999999834,31.72144384942932,10.139376218323765,9.423326835607508
2017-06-15T13:30:00Z,62.77,63.29,62.46,62.89,999415,452763.1,64.56663006377947,63.99864999999998,65.05879740012888,62.93850259987107,64.57907499999969,63.33599999999983,27.79746135935278,15.124526100904204,11.504796549554094
2017-06-15T14:30:00Z,62.9,63,62.71,62.7464,477121,464973.65,64.4778383533512,63.933469999999964,65.12511484155516,62.74182515844476,64.5041099999997,63.11727999999984,26.465155053196213,17.228562721794788,14.164155013674057
2017-06-15T15:30:00Z,62.75,63.18,62.725,63.15,315750,470225.15,64.4130657507487,63.85506999999997,65.03621299405437,62.673927005945565,64.4373599999997,63.02527999999984,35.78140532347203,24.03750197266034,18.796863598452916
2017-06-15T16:30:00Z,63.15,63.48,63.0944,63.34,206084,454056.6,64.36072107998046,63.78756999999996,64.92357685403206,62.651563145967856,64.3768599999997,63.079279999999834,39.65719823021557,35.01390966674119,25.42665812039858
2017-06-15T17:30:00Z,63.36,63.54,63.31,63.5,159482,446425.9,64.31873468583508,63.733569999999965,64.81514191735295,62.651998082646976,64.31635999999969,63.12527999999984,42.788563179548596,50.78882516870524,36.61341226936873
2017-06-15T18:30:00Z,63.5,63.73,63.5,63.62,257699,439448.6,64.28465006701386,63.68106999999996,64.67403133480069,62.68810866519923,64.26985999999968,63.271279999999834,45.09003330628101,61.33489946797516,49.04587810114034
2017-06-15T19:30:00Z,63.63,63.68,63.58,63.6,424960,438035.35,64.25125250276928,63.61306999999997,64.41410576225084,62.8120342377491,64.22235999999968,63.44199999999984,44.76680305392434,67.88617886178893,60.003301166156255
2017-06-16T13:30:00Z,63.27,63.48,62.47,63.19,1346640,474815.1,64.19948408800005,63.566819999999964,64.35327593799433,62.7803640620056,64.16060999999969,63.44999999999983,38.65006091694997,62.346258077965615,63.855778802576374
2017-06-16T14:30:00Z,63.17,63.67,62.99,63.5648,1054154,495527,64.16852388858541,63.547559999999976,64.31415284212831,62.78096715787164,64.11222999999968,63.494959999999836,45.92399114027531,62.682442219027735,64.3049597195939
2017-06-16T15:30:00Z,63.58,63.81,63.4,63.62,251625,491654.15,64.14176662572758,63.52955999999997,64.27119146211925,62.78792853788068,64.05822999999968,63.518959999999836,46.922133826442646,66.74175746006726,63.92348591902
2017-06-16T16:30:00Z,63.605,63.66,63.335,63.42,193052,469710.4,64.1065584976433,63.50130999999997,64.21386914533879,62.788750854661146,64.00047999999968,63.47895999999984,43.769759648433215,73.83850232276966,67.75423400062135
2017-06-16T17:30:00Z,63.42,63.67,63.37,63.59,300596,455141.25,64.08136052214851,63.47905999999996,64.15015497510149,62.80796502489844,63.94797999999969,63.476959999999835,47.02748317515569,77.82631697725105,72.80219225336246
2017-06-16T18:30:00Z,63.6,63.68,63.16,63.22,368998,442225.25,64.03934293570225,63.440059999999974,64.07522233011964,62.80489766988031,63.89072999999969,63.482959999999835,41.40492710766997,69.36170212765973,73.67550714255994
2017-06-16T19:30:00Z,63.23,63.235,62.96,63.13,673263,460268.85,63.99498474371678,63.40355999999997,64.02166978442645,62.78545021557349,63.83347999999969,63.39599999999983,40.14754712141239,63.209876543209965,70.13263188270672
2017-06-19T13:30:00Z,63.6,63.845,63.3,63.68,291603,461433.45,63.97961963426718,63.38905999999997,63.96554214682015,62.812577853179796,63.79922999999968,63.40799999999983,50.117011896348465,64.64197530864205,65.7378513265037
2017-06-19T14:30:00Z,63.68,63.89,63.53,63.75,263769,467488.6,63.96841867649805,63.39005999999997,63.96896861593323,62.81115138406671,63.78335499999967,63.47399999999983,51.23043143296737,75.92349156668419,67.9251144728452
2017-06-19T15:30:00Z,63.7499,63.83,63.68,63.79,101541,466467.45,63.95971532642497,63.387559999999965,63.95905924374779,62.81606075625214,63.77410499999968,63.513999999999825,51.891242265923786,90.36619718309868,76.97722135280809
2017-06-19T16:30:00Z,63.79,63.83,63.62,63.66,111260,458788.1,63.945095066599364,63.39005999999996,63.96585092178252,62.81426907821741,63.76785499999968,63.601999999999826,49.54178301269712,88.96713615023471,85.08560830000565
2017-06-19T17:30:00Z,63.64,63.87,63.64,63.85,152471,430177.5,63.94045628286281,63.42905999999996,64.01835828237436,62.83976171762556,63.768104999999686,63.74599999999983,52.89841914478799,91.31455399061035,90.21596244131437
2017-06-19T18:30:00Z,63.845,63.97,63.78,63.89,234829,409215.6,63.93799500077194,63.460059999999956,64.07719984282888,62.84292015717103,63.76260499999968,63.787999999999826,53.59825748079994,91.88419405320822,90.72196139801754
2017-06-19T19:30:00Z,63.885,64.025,63.82,64.01,441355,381312.6,63.941507439758674,63.51605999999996,64.11922722855829,62.912892771441626,63.75735499999968,63.839999999999826,55.72365395794318,96.96171167771202,93.38681990717664
2017-06-20T13:30:00Z,63.8,63.9399,62.97,63.31,377207,376316.9,63.91070219879484,63.54423999999996,64.04489067422845,63.04358932577147,63.73885499999968,63.74399999999982,43.27228788611527,75.5219620689483,88.12262259995596
2017-06-20T14:30:00Z,63.3,63.43,62.76,62.9,455850,383321.9,63.86139965251216,63.53173999999996,64.08123986133397,62.98224013866595,63.693404999999686,63.59199999999983,37.92672699849261,47.65547107202247,73.37971493956071
2017-06-20T15:30:00Z,62.91,63.17,62.88,63.02,208759,383455.65,63.82035576702376,63.51573999999996,64.10391413884247,62.92756586115745,63.651654999999685,63.42599999999983,40.25310785327776,21.49480104164752,48.22407806087255
2017-06-20T16:30:00Z,63.03,64.53,63.02,64.04,1548187,452890.9,63.83107011985187,63.54273999999996,64.17357514296862,62.911904857031296,63.638154999999685,63.455999999999825,55.514607356372885,34.645645846825225,34.59863932016486
2017-06-20T17:30:00Z,64.05,64.18,63.93,64.05,722252,476118.55,63.84174962620056,63.56423999999996,64.23235129133008,62.896128708669856,63.62265499999968,63.46399999999983,55.634257755232085,55.250366598929865,37.130271162467324
2017-06-20T18:30:00Z,64.05,64.41,63.98,64.07,644351,487088.1,63.85288379077614,63.58773999999996,64.29134967702495,62.88413032297497,63.60040499999967,63.61599999999983,55.889792817841474,73.0696798493409,54.32189743169845
2017-06-20T19:30:00Z,64.06,64.065,63.82,63.98,858228,462667.5,63.859084581469986,63.62723999999996,64.32578114954227,62.92869885045765,63.59702999999968,63.83199999999984,54.372126610500715,71.93973634651587,66.75326093159534
2017-06-21T13:30:00Z,63.85,64.07,63.26,63.53,368085,428364.05,63.843031675056814,63.62549999999997,64.32482753413511,62.92617246586482,63.58652999999968,63.933999999999834,47.436146294997364,62.14689265536719,69.05210295040777
2017-06-21T14:30:00Z,63.54,63.68,63.28,63.44,361283,433846.95,63.82337159334673,63.61649999999996,64.32049644885613,62.912503551143786,63.573029999999676,63.81399999999983,46.16766484666983,50.28248587570627,61.45637162586289
2017-06-21T15:30:00Z,63.43,63.73,63.39,63.73,591789,453783.8,63.81881688147615,63.63199999999996,64.33164562458504,62.93235437541489,63.56665499999967,63.74999999999983,50.73875971041722,45.57438794726935,52.667922159447386
2017-06-21T16:30:00Z,63.73,63.96,63.61,63.625,241336,450820.8,63.80936239945292,63.63374999999995,64.33314169998249,62.934358300017415,63.55640499999968,63.66099999999983,49.11266259547454,47.36346516007535,47.740112994350106
2017-06-21T17:30:00Z,63.625,63.76,63.25,63.29,276930,446217.4,63.7840276482601,63.63724999999996,64.32898314941737,62.94551685058254,63.53865499999968,63.52299999999983,44.24105500279998,44.53860640301324,45.82548650345243
2017-06-21T18:30:00Z,63.3,63.8,63.3,63.68,324155,428762,63.778953128832775,63.664749999999955,64.31619051915902,63.01330948084088,63.53415499999968,63.55299999999983,50.40831385737278,43.59698681732592,45.16635279347128
2017-06-21T19:30:00Z,63.67,63.765,63.48,63.57,429350,435649.35,63.76876029327995,63.659249999999965,64.31193886155545,63.00656113844448,63.524154999999666,63.57899999999982,48.76983195112082,42.561205273069795,43.565599497802765
2017-06-22T13:30:00Z,63.63,63.94,63.34,63.4,289906,436956.2,63.75077198629069,63.64174999999996,64.3024865208633,62.981013479136614,63.51590499999967,63.51299999999983,46.26689038776262,44.63276836158203,43.59698681732569
2017-06-22T14:30:00Z,63.395,63.75,63.26,63.64,289488,446353.55,63.74536847476431,63.63424999999995,64.29148112373538,62.97701887626452,63.510904999999674,63.51599999999983,50.156076078643125,42.66050333846951,43.28482565770688
2017-06-22T15:30:00Z,63.64,63.76,63.54,63.73,172550,449418.05,63.74461879306849,63.63774999999996,64.29623671208932,62.97926328791059,63.51390499999967,63.60399999999983,51.57164928768422,43.07955523355675,43.45760897786921
2017-06-22T16:30:00Z,63.73,63.93,63.71,63.75,147241,449156.55,63.74488129096759,63.632749999999966,64.28621365621765,62.97928634378227,63.53090499999966,63.617999999999824,51.898575855062624,45.39464062871233,43.71156640024598
2017-06-22T17:30:00Z,63.75,63.79,63.66,63.75,139942,444412.2,63.745130984091126,63.62574999999997,64.27098852178794,62.980511478211994,63.542904999999664,63.653999999999826,51.898575855062624,44.408921367131065,44.29437240979983
2017-06-22T18:30:00Z,63.74,63.96,63.7,63.92,252417,434965.3,63.75366117998912,63.621249999999975,64.25689042507672,62.98560957492323,63.56865499999967,63.75799999999983,54.899922231172376,55.971404541632104,48.591655512491606
2017-06-22T19:30:00Z,63.915,63.93,63.55,63.57,311891,431699.5,63.74470209803843,63.63424999999997,64.25434092074897,63.01415907925098,63.58924499999968,63.743999999999836,48.227861435500074,54.611718530978976,51.66401481324715
2017-06-23T13:30:00Z,63.48,63.81,63.34,63.56,251384,421476.2,63.73569223959753,63.66724999999998,64.19015988706464,63.144340112935325,63.59949499999967,63.70999999999983,48.04818880501155,54.79789304935363,55.127005373988005
2017-06-23T14:30:00Z,63.57,63.76,63.56,63.62,159856,419031.05,63.73004871571472,63.697249999999976,64.12910037917378,63.265399620826166,63.606494999999676,63.683999999999834,49.269397466592785,44.93301271040897,51.44754143024696
2017-06-23T15:30:00Z,63.63,63.67,63.55,63.63,93853,346314.35,63.72516829055791,63.67674999999997,64.07951885430634,63.27398114569359,63.60974499999968,63.65999999999983,49.48253706709916,49.76525821596258,49.832054658574826
2017-06-23T16:30:00Z,63.64,63.68,63.55,63.65,63201,313361.8,63.72150154467704,63.65674999999997,64.02130829437274,63.29219170562718,63.61049499999969,63.60599999999984,49.9355785888383,53.99061032863847,49.562960418336445
2017-06-23T17:30:00Z,63.65,63.68,63.57,63.64,79209,285104.7,63.71752585957084,63.63524999999997,63.94662557706945,63.323874422930494,63.611494999999685,63.619999999999834,49.69560186593613,54.7149564050974,52.823608316565924
2017-06-23T18:30:00Z,63.63,63.64,63.39,63.4,114240,247905.3,63.702036793250315,63.60624999999997,63.8906594759237,63.32184052407624,63.61674499999968,63.58799999999983,44.20492804090565,43.54124748490951,50.748938072881565
2017-06-23T19:30:00Z,63.39,63.53,63.38,63.41,429918,250996.95,63.68779109601859,63.600249999999974,63.895689926201676,63.30481007379827,63.61287499999969,63.54599999999982,44.48017921969486,31.904761904761955,43.38698859825606
2017-06-26T13:30:00Z,63.6,63.79,63.32,63.59,201092,242987.4,63.68302079865183,63.607749999999974,63.894009934312386,63.32149006568756,63.612124999999686,63.537999999999826,49.32608527272099,29.523809523809717,34.98993963782683
2017-06-26T14:30:00Z,63.61,63.63,63.21,63.36,191049,222950.4,63.667263686522475,63.58924999999997,63.88902116271803,63.28947883728191,63.610624999999686,63.479999999999826,44.03695536436706,29.523809523809657,30.317460317460213
2017-06-26T15:30:00Z,63.34,63.47,63.24,63.424,107321,216249.65,63.65539716522869,63.57919999999997,63.886876193416434,63.27152380658351,63.60647499999969,63.436799999999835,45.779204629404745,31.89206349206366,30.313227513227446
2017-06-26T16:30:00Z,63.42,63.45,63.29,63.36,110920,207949.15,63.64098754741266,63.582699999999974,63.87850067612617,63.286899323873776,63.60997499999969,63.42879999999983,44.294158001865085,22.84444444444436,28.08677248677233
2017-06-26T17:30:00Z,63.38,63.41,63.17,63.28,237227,203602.75,63.62337839875838,63.56269999999997,63.88259066882182,63.24280933117812,63.61372499999969,63.40279999999983,42.44083766904273,20.819127988748196,25.18521197508517
2017-06-26T18:30:00Z,63.3,63.39,63.18,63.29,176515,190961,63.60711603784334,63.548699999999975,63.889886810992444,63.20751318900751,63.60397499999969,63.342799999999826,42.76322199203267,16.57117477237389,20.078249068521917
2017-06-26T19:30:00Z,63.29,63.31,63.12,63.16,254923,189211.85,63.58530549941196,63.536699999999975,63.9130344788827,63.16036552111725,63.58922499999968,63.302799999999834,39.653848921100725,11.836875255465685,16.40905933886236
2017-06-27T13:30:00Z,61.25,62.1,60.72,61.82,3512577,350366.3,63.49919303602601,63.445699999999974,64.27983502503957,62.61156497496037,63.539974999999686,62.981999999999836,21.942883387974135,19.1390646753313,15.84903823439006
2017-06-27T14:30:00Z,61.81,62.5399,61.8,61.885,961061,389791.85,63.42045191231742,63.353449999999974,64.4177491073925,62.28915089260745,63.4955999999997,62.68699999999983,23.722580613964524,26.52520102598,19.167046985592098
2017-06-27T15:30:00Z,61.88,62.125,61.65,61.98,538416,409350.6,63.350185965375104,63.26494999999998,64.46795714461453,62.06194285538542,63.44884999999969,62.42699999999983,26.365065169510245,38.27361563517923,27.979293778829945
2017-06-27T16:30:00Z,61.97,62.005,61.5,61.54,669151,435811.05,63.261884210966564,63.154449999999976,64.549591924678,61.759308075321954,63.39009999999969,62.07699999999983,22.48054747412634,35.23344191096641,33.34408619070832
2017-06-27T17:30:00Z,61.53,61.57,60.98,61.28,1029884,474684.4,63.16520693238283,63.02244999999997,64.59159759981323,61.45330240018672,63.321849999999685,61.70099999999983,20.553471669874966,28.664495114006616,34.05718422005052
2017-06-27T18:30:00Z,61.28,61.55,61.02,61.1,556678,486923.75,63.06446513080318,62.89894999999997,64.65406133265051,61.14383866734943,63.266599999999684,61.55699999999983,19.318788192102986,19.109663409337827,27.66920014477005
2017-06-27T19:30:00Z,61.12,61.33,60.99,61.06,1070269,527868,62.96668634393473,62.77394999999997,64.67312502879525,60.87477497120469,63.22059999999969,61.391999999999825,19.044994480890622,13.897937024973038,20.557365182772262
2017-06-28T13:30:00Z,61.07,61.5377,60.84,61.035,617877,550769.05,62.87245774179157,62.644699999999965,64.64511816628479,60.644281833715134,63.17097499999969,61.202999999999825,18.86503862353679,11.42583699922777,14.811145811179314
2017-06-28T14:30:00Z,61.03,61.36,61.03,61.1101,293575,560755.15,62.786489071460274,62.51870499999997,64.5717539750368,60.465656024963145,63.09772749999969,61.11701999999982,21.271622747810568,12.02837179342382,12.450715272541311
2017-06-28T15:30:00Z,61.12,61.2,60.94,60.98,256432,570416.7,62.69836765334026,62.38520499999997,64.47357231297327,60.29683768702666,63.02097749999969,61.05701999999983,20.15623840673524,11.511335445768514,11.65518141280647
2017-06-28T16:30:00Z,60.97,61.26,60.94,61.2036,177939,575353.2,62.625452158055374,62.263384999999985,64.32887611861864,60.19789388138133,62.94931749999969,61.07773999999982,27.21969051618231,13.895653078850252,12.478453439347298
2017-06-28T17:30:00Z,61.2,61.38,61.12,61.18,243842,581833.3,62.55494229668682,62.15238499999998,64.20014852177093,60.10462147822903,62.87931749999969,61.10173999999982,26.948709494636887,14.909989703523914,13.438992742713994
2017-06-28T18:30:00Z,61.18,61.4,61.12,61.29,235404,572107.6,62.49323779440941,62.04638499999997,64.0415827147887,60.05118728521124,62.8233174999997,61.152739999999824,30.42544380063245,19.0712938648281,15.958978882400524
2017-06-28T19:30:00Z,61.3,61.52,61.24,61.47,634512,593778.6,62.44332375565773,61.94038499999997,63.81808689356558,60.06268310643436,62.7740674999997,61.22471999999982,35.80914872874811,26.81574732656691,20.265676964972744
2017-06-29T13:30:00Z,61.19,61.255,60.53,60.75,546872,611569.75,62.36072259684516,61.80988499999997,63.63690041895484,59.98286958104511,62.699567499999695,61.17871999999983,26.856912045422547,24.72153192004514,23.536191037146484
2017-06-29T14:30:00Z,60.78,60.93,60.315,60.365,496395,631023.45,62.26337027504783,61.656934999999976,63.42918656710336,59.884683432896594,62.6180674999997,61.01099999999982,23.477083838130255,18.3064348972134,23.281238047941585
2017-06-29T15:30:00Z,60.38,60.55,60.07,60.08,548489,652901.9,62.15686440797233,61.49293499999997,63.210651605585355,59.77521839441458,62.5378174999997,60.790999999999826,21.336507610038012,4.741681668256793,15.923216161838214
2017-06-29T16:30:00Z,60.09,60.1099,59.59,59.8,959058,688993.45,62.041895412461486,61.318934999999975,62.98144270136561,59.65642729863434,62.440817499999696,60.492999999999824,19.459302722529614,4.628429136973437,9.225515234147647
2017-06-29T17:30:00Z,59.8,60.27,59.73,60.135,1673384,763836.9,61.94887612404873,61.16118499999997,62.63350037963236,59.688869620367576,62.354942499999694,60.22599999999983,27.65978841205616,12.976326306890988,7.448812370706842
2017-06-29T18:30:00Z,60.12,60.39,59.97,60.25,1085084,805344.95,61.866004117997576,61.01568499999996,62.21985729544,59.811512704559924,62.276192499999695,60.12599999999982,30.283973905490896,24.09943504925487,13.901396831039534
2017-06-29T19:30:00Z,60.25,60.48,60.25,60.295,1097321,684582.15,61.78936977077818,60.93943499999997,62.12318645917685,59.755683540823085,62.1925674999997,60.11199999999983,31.33365659106788,32.62959468328069,23.23511867980862
2017-06-30T13:30:00Z,60.96,61,59.94,60.2,690547,671056.45,61.71183953805729,60.85518499999996,61.99685459191562,59.713515408084305,62.10431749999971,60.13599999999983,30.296570857535173,33.89629307248098,30.208440935005285
2017-06-30T14:30:00Z,60.161,60.55,60.161,60.44,323476,660309.45,61.649798584981326,60.778184999999965,61.80829539073779,59.74807460926214,62.0215674999997,60.263999999999825,36.05473805559792,37.28140263397337,34.60243012991145
2017-06-30T15:30:00Z,60.44,60.56,60.205,60.34,325327,643118.25,61.5859059710798,60.71818499999997,61.70259153040382,59.73377846959612,61.9363174999997,60.30499999999982,34.76601819443589,38.169257340241785,36.44898434889848
2017-06-30T16:30:00Z,60.35,60.5,60.21,60.44,136469,598447.5,61.530008118832,60.67618499999996,61.63240169986705,59.71996830013287,61.8493174999997,60.342999999999826,37.183989865687074,42.31433506044895,39.2549983448878
2017-06-30T17:30:00Z,60.43,60.43,60.21,60.39,410470,591137.1,61.47439796669386,60.64068499999996,61.58395904136082,59.697410958639104,61.76981749999969,60.36199999999983,36.456368548799006,41.450777202072494,40.64478986758751
2017-06-30T18:30:00Z,60.38,60.78,60.27,60.69,711215,573184.4,61.436134651245375,60.622184999999966,61.54615377496106,59.69821622503887,61.69806749999968,60.45999999999983,43.58899087297179,47.49568221070797,43.75359815774291
2017-06-30T19:30:00Z,60.69,60.805,60.59,60.61,655364,575058.75,61.395835399965115,60.60093499999997,61.50529029362137,59.69657970637857,61.62281749999969,60.493999999999836,42.227769511171246,53.23561903872773,47.3940261505025
2017-07-03T13:30:00Z,60.74,60.85,60,60.095,322490,576504.5,61.332380014600965,60.550179999999976,61.4484552709481,59.65190472905185,61.534442499999685,60.44499999999984,34.71256828618996,51.35722758366333,50.69617627769944
2017-07-03T14:30:00Z,60.08,60.13,59.97,60.03,249694,576167.6,61.26884928218141,60.50267999999998,61.405476689403116,59.59988331059684,61.443942499999686,60.36299999999983,33.892708548578,42.76084595233524,49.117897524908535
2017-07-03T15:30:00Z,60.015,60.07,59.9,60,181358,576338.55,61.20695419524573,60.442499999999974,61.310160647949,59.57483935205095,61.352942499999685,60.28499999999983,33.49944561594245,32.03309692671389,42.050390154237256
2017-07-03T16:30:00Z,60.01,60.15,59.95,60.0808,671326,597712.75,61.152019844258135,60.38753999999998,61.1987962613628,59.57628373863716,61.26996249999968,60.163159999999834,35.664661074679884,29.301911729119137,34.69861820272253
2017-07-03T17:30:00Z,60,60,59.9631,59.9631,9373,586411.2,61.09402375429433,60.321194999999975,61.03790493986456,59.60448506013539,61.18378999999968,60.033779999999844,33.931538837464004,20.812141688285255,27.382383448039196
2017-07-05T13:30:00Z,59.88,60.14,59.38,59.63,962146,602792.9,61.02260796140192,60.22919499999997,60.78724218250649,59.67114781749345,61.08478999999968,59.94077999999983,29.554349334935225,16.263503215296964,22.125852210900224
2017-07-05T14:30:00Z,59.63,60.32,59.535,59.93,966117,623755.15,60.969310012065236,60.18819499999997,60.706218761909625,59.67017123809032,60.999039999999695,59.920779999999844,37.388264119543905,18.37302656191548,18.482890488499006
2017-07-05T15:30:00Z,59.92,59.97,59.79,59.92,448238,621347.3,60.91812415781815,60.16594499999998,60.689874458898856,59.6420155411011,60.9114399999997,59.90477999999983,37.23960445571901,28.705803308977977,21.114111028729912
2017-07-05T16:30:00Z,59.915,60.09,59.85,60.02,733790,630612.35,60.874313223290436,60.16294499999998,60.68948916519455,59.63640083480541,60.82793999999969,59.89261999999984,39.816631746609644,38.07424204249609,28.384357304462952
2017-07-05T17:30:00Z,60.015,60.145,59.93,60.03,398729,602595.9,60.83312721239822,60.17444499999997,60.678338657338045,59.670551342661895,60.746689999999695,59.905999999999835,40.08159052069261,41.49659863945588,36.092214663643084
2017-07-05T18:30:00Z,60.03,60.135,60,60.07,440617,540957.55,60.795901494720255,60.17119499999997,60.67689959549637,59.665490404503565,60.6661899999997,59.993999999999836,41.196777316047765,44.89795918367354,41.48959995520827
2017-07-05T19:30:00Z,60.075,60.25,59.93,59.945,900287,531717.7,60.7543941047339,60.155944999999974,60.66955738098626,59.642332619013686,60.5858149999997,59.996999999999844,38.768485467299875,43.19727891156463,43.19727891156446
2017-07-06T13:30:00Z,59.56,59.815,59.21,59.25,518923,502797.8,60.6810090264542,60.10369499999997,60.74646823987742,59.460921760122524,60.521564999999704,59.86299999999984,28.655057298532213,29.27105801670262,39.122098703980036
2017-07-06T14:30:00Z,59.25,59.61,59.13,59.5348,423647,489452.8,60.62509639101741,60.070434999999975,60.757170685036456,59.38369931496349,60.46280999999969,59.765959999999836,36.02052143247562,21.469760753611283,31.312699227292615
2017-07-06T15:30:00Z,59.54,59.88,59.42,59.64,298180,488188,60.57704290852875,60.030434999999976,60.7195976086077,59.34127239139225,60.40430999999969,59.68795999999984,38.54434625082936,22.943683656105623,24.561500808806283
2017-07-06T16:30:00Z,59.64,59.89,59.63,59.79,160242,479933.75,60.53865057152735,60.00293499999998,60.68434222119769,59.32152777880227,60.360559999999694,59.631959999999836,42.0542888202967,40.618070484007475,28.343838297907894
2017-07-06T17:30:00Z,59.79,59.79,59.465,59.48,202183,483219.45,60.48700908023333,59.95493499999996,60.64165680765401,59.26821319234592,60.3155599999997,59.53895999999984,37.311478614685505,42.57703081232481,35.37959498414574
2017-07-06T18:30:00Z,59.48,59.575,59.32,59.35,538469,489619.4,60.43154522266097,59.90293499999997,60.60728136444439,59.19858863555555,60.2718099999997,59.55895999999983,35.50322398026037,34.453781512604934,39.21629426964551
2017-07-06T19:30:00Z,59.345,59.5,59.27,59.45,618038,484960.55,60.38366496789702,59.840934999999966,60.471699267459535,59.2101707325404,60.2315599999997,59.54199999999984,37.99266325209896,24.92997198879549,33.986928104574844
2017-07-07T13:30:00Z,59.45,59.83,59.26,59.47,409269,472655.8,60.33909594507277,59.78393499999997,60.326239269855854,59.24163073014409,60.19243499999969,59.50799999999983,38.503904342936096,24.64985994397762,28.011204481792447
2017-07-07T14:30:00Z,59.47,59.94,59.435,59.84,512862,482174.4,60.314749801410684,59.77118499999997,60.29532242578156,59.24704757421837,60.1606824999997,59.51799999999984,47.18022566530596,39.6183473389357,29.732726423902704
2017-07-07T15:30:00Z,59.84,60.12,59.82,60.1,177983,478588.85,60.30427420134187,59.77468499999998,60.306566435189836,59.24280356481012,60.138682499999696,59.64199999999984,52.275693000940116,59.52380952380965,41.26400560224076
2017-07-07T16:30:00Z,60.1,60.16,59.92,60.03,106825,474862.2,60.29089497200812,59.77618499999996,60.310762067508215,59.24160793249171,60.1093424999997,59.777999999999835,50.85331150190498,76.78571428571452,58.64262371615306
2017-07-07T17:30:00Z,60.025,60.13,59.98,60.03,251419,453866.85,60.27816838800772,59.773644999999966,60.30286441187396,59.24442558812597,60.0805924999997,59.89399999999985,50.85331150190498,82.44047619047637,72.91666666666661
2017-07-07T18:30:00Z,60.02,60.06,59.8793,59.89,261108,466453.6,60.25923334469027,59.76998999999997,60.29491743079743,59.24506256920251,60.0455924999997,59.97799999999984,47.83436333654653,76.19047619047633,78.47222222222217
2017-07-07T19:30:00Z,59.885,60.03,59.84,60,582145,447453.55,60.24658781568099,59.78848999999997,60.318434608055824,59.25854539194411,60.00884249999971,60.00999999999984,50.32944499147296,77.56010171058735,78.73035136384645
2017-07-10T13:30:00Z,60.07,60.36,59.685,60.08,768989,437597.15,60.23846158076972,59.795989999999975,60.33784504297623,59.25413495702372,59.99209249999971,60.005999999999844,52.122977964950145,76.51964487744753,76.75674092617017
2017-07-10T14:30:00Z,60.08,60.38,60,60.255,247079,427539.2,60.239268332927296,59.81273999999996,60.38854116151858,59.23693883848134,59.9893424999997,60.05099999999984,55.87629356771436,83.51369249649517,79.19781302817644
2017-07-10T15:30:00Z,60.25,60.72,60.18,60.6,395608,410630.1,60.25686499961377,59.84173999999996,60.50773346664153,59.175746533358385,60.0023424999997,60.16499999999985,62.17228083164007,85.95195999660598,81.995099123516
2017-07-10T16:30:00Z,60.6,60.72,60.51,60.6684,233831,402385.2,60.276939877681386,59.87365999999996,60.6280184940925,59.119301505907416,60.0240524999997,60.32067999999985,63.290662628305476,92.36195368558401,87.27586872622815
2017-07-10T17:30:00Z,60.66,60.74,60.595,60.69,167026,388705.65,60.29708915194083,59.90465999999996,60.7357948011051,59.073525198894814,60.0379274999997,60.458679999999845,63.656084035671526,94.95606565469586,91.08999311229506
2017-07-10T18:30:00Z,60.67,60.87,60.66,60.72,380218,362702.2,60.31771894940713,59.94340999999996,60.8475168562985,59.03930314370142,60.0496774999997,60.586679999999845,64.18927495165406,94.5902016199813,93.96940698675348
2017-07-10T19:30:00Z,60.71,60.89,60.68,60.8,793885,376450.3,60.3412448543141,60.02090999999996,60.939588402709575,59.10223159729034,60.06230249999969,60.69567999999983,65.63703013653054,93.92779301421605,94.49135342963085
2017-07-11T13:30:00Z,60.74,61.21,60.665,60.95,633109,386923.4,60.37094022727439,60.091669999999965,61.066002159176044,59.117337840823886,60.08105249999969,60.76567999999984,68.23048423363332,90.17129003236109,92.89642822218592
2017-07-11T14:30:00Z,60.96,61.26,60.92,61.07,449338,394481.3,60.40504070399271,60.163169999999965,61.20215937261278,59.12418062738715,60.0968024999997,60.84599999999985,70.17009428229463,89.25571607330888,91.11826637329511
2017-07-11T15:30:00Z,61.08,61.29,61.07,61.2397,184112,395674.8,60.44575579160282,60.235654999999966,61.35922734475667,59.11208265524326,60.119294999999696,60.95593999999984,72.7077272753948,90.05155474209067,89.82618694925333
2017-07-11T16:30:00Z,61.22,61.29,61.09,61.28,130286,392079.95,60.48645063103683,60.32565499999996,61.48061959422001,59.170690405779915,60.140294999999696,61.06793999999984,73.28886250167868,94.72649953023806,91.34459011521231
2017-07-11T17:30:00Z,61.26,61.47,61.25,61.4,243005,377306.75,60.53101401488869,60.42815499999996,61.582443141628154,59.27386685837177,60.1655449999997,61.18793999999984,74.99614487426946,97.44047400891837,94.07284276041548
2017-07-11T18:30:00Z,61.4,61.41,61.23,61.28,210290,356919.35,60.567549916601436,60.51965499999996,61.63887913032751,59.400430869672405,60.1802949999997,61.253939999999844,70.166372308218,94.9370402366556,95.70133792527047
2017-07-11T19:30:00Z,61.28,61.36,61.11,61.24,458231,359367.45,60.60035235969405,60.608154999999954,61.65922964716282,59.55708035283709,60.1960449999997,61.28793999999984,68.58091538352325,90.8496732026146,94.40906248272931
2017-07-12T13:30:00Z,61.7,61.88,61.1635,61.36,303398,348894.25,60.637408342148,60.68415499999996,61.72179447202588,59.646515527974046,60.22766999999969,61.31199999999984,70.7185062702077,82.93700458906983,89.57457267611312
2017-07-12T14:30:00Z,61.37,61.475,61.17,61.2,364261,358208.15,60.664851837652975,60.73915499999996,61.76363900373216,59.71467099626776,60.256919999999695,61.29599999999984,64.42478560973223,73.15175715676357,82.31281164948244
2017-07-12T15:30:00Z,61.2,61.2,60.89,61.01,212479,363490.85,60.68168833337722,60.78815499999996,61.7649122441011,59.811397755898824,60.2821699999997,61.21799999999985,57.841642407125626,56.27892529895953,70.78922901493075
2017-07-12T16:30:00Z,61.01,61.15,60.96,61.12,140533,357946.55,60.70306939028565,60.84265499999996,61.764196173200475,59.92111382679944,60.30814999999969,61.18599999999985,60.366661926818,45.78412716445607,58.40493654005949
2017-07-12T17:30:00Z,61.12,61.44,61.12,61.44,265256,358153.95,60.73901722490586,60.920154999999966,61.76577136331118,60.07453863668875,60.345072499999695,61.22599999999984,66.62846270690602,47.09560257429204,49.71955167923565
2017-07-12T18:30:00Z,61.43,61.57,61.34,61.54,348276,346460.5,60.77808955539825,60.99715499999995,61.77101257986304,60.22329742013686,60.392822499999696,61.261999999999844,68.31327180152132,58.93563942108744,50.605123053278284
2017-07-12T19:30:00Z,61.545,61.61,61.42,61.52,510375,333529.8,60.814280308793464,61.06915499999995,61.75074011861111,60.38756988138879,60.432572499999694,61.32599999999984,67.57842429455872,68.77375250174278,58.26833149904053
2017-07-13T13:30:00Z,61.5,61.73,60.8,60.85,531588,347755.25,60.81602273275476,61.09890499999996,61.68032922886091,60.517480771139006,60.45582249999969,61.29399999999985,48.68480799890364,49.00548696845013,58.90495963042655
2017-07-13T14:30:00Z,60.86,61.06,60.76,61.04,200090,337979.35,60.82694845310819,61.12090499999995,61.6566576051372,60.5851523948627,60.48132249999969,61.27799999999985,52.72157353444921,33.3333333333336,50.37085760117528
2017-07-13T15:30:00Z,61.03,61.1353,60.97,60.98,180771,335326.35,60.834414382224864,61.13648499999995,61.63556274656166,60.63740725343824,60.505072499999685,61.18599999999985,51.34787210319918,16.424162257495748,32.92099418642626
2017-07-13T16:30:00Z,60.9744,61.02,60.85,60.93,110400,332495.05,60.83907709528707,61.14848499999996,61.61448933164222,60.6824806683577,60.52657249999969,61.06399999999985,50.174619538343414,19.94047619047626,23.232657260434973
2017-07-13T17:30:00Z,60.92,61.02,60.745,60.99,183924,322680.35,60.846439188199895,61.16198499999996,61.59179269782575,60.732177302174165,60.55269749999968,60.95799999999984,51.60366953892114,18.802443885043175,18.389027444338165
2017-07-13T18:30:00Z,60.98,61.055,60.885,60.96,187812,292376.7,60.85197873999502,61.169984999999954,61.577945313155524,60.762024686844384,60.59544749999969,60.97999999999985,50.81883840595919,18.56906859660194,19.103996224040227
2017-07-13T19:30:00Z,60.965,61.05,60.9,60.9,419321,281687.3,60.85432124048307,61.16748499999996,61.581376673156406,60.75359332684351,60.629577499999684,60.95199999999984,49.20694356162334,18.061674008810858,18.47772883015176
2017-07-14T13:30:00Z,61.21,61.32,60.94,61.09,179671,268203.95,60.86581776533755,61.168484999999954,61.58152547878187,60.75544452121804,60.66582749999969,60.97399999999984,54.16484316299168,22.54149988446412,19.72408082995874
2017-07-14T14:30:00Z,61.13,61.3,61.06,61.1,91021,263549.4,60.877241288979626,61.161499999999954,61.57421176384015,60.74878823615976,60.69857749999969,61.007999999999846,54.41703269534159,28.240792504305123,22.947988799193137
2017-07-14T15:30:00Z,61.1,61.16,60.86,61.015,473087,280689.45,60.88396122610257,61.14824999999994,61.561907769194235,60.734592230805646,60.73695249999969,61.01299999999985,51.80771830534437,32.82571912013593,27.86933716963482
2017-07-14T16:30:00Z,61.02,61.045,60.76,60.77,111017,274090.05,60.87840214190245,61.116749999999946,61.544631700955414,60.68886829904448,60.7724524999997,60.97499999999984,45.095627417933535,21.996615905245893,27.687709176562084
2017-07-14T17:30:00Z,60.785,61.72,60.62,61.31,1419573,334554.2,60.899455695955986,61.11824999999995,61.548613509156226,60.68788649084367,60.818952499999696,61.056999999999846,58.00882392809214,30.70380024694802,28.508711757443052
2017-07-14T18:30:00Z,61.31,61.47,61.03,61.19,896053,356445.3,60.91362858883618,61.11574999999995,61.5438303079001,60.687669692099796,60.8619524999997,61.07699999999985,54.91773423039785,38.68386152650159,30.461425892898273
2017-07-14T19:30:00Z,61.19,61.31,61.07,61.24,895550,386052.9,60.92954914547832,61.10974999999994,61.527200296461615,60.69229970353827,60.8969524999997,61.10499999999985,55.970507071111406,56.45645645645687,41.948039409968594
2017-07-17T13:30:00Z,61.04,61.5,60.75,61.32,637447,399712.2,60.94859552862572,61.115749999999935,61.54158183302626,60.68991816697361,60.927452499999696,61.16599999999985,57.67362484226136,56.94785694785727,50.696058310271674
2017-07-17T14:30:00Z,61.315,61.52,61.24,61.41,307099,404443.2,60.97110306381471,61.13574999999994,61.5771259735397,60.694374026460174,60.9619524999997,61.29399999999985,59.56840603659667,63.77013377013402,59.058149058149155
2017-07-17T15:30:00Z,61.39,61.69,61.3,61.5648,419514,418392.25,61.000063889970086,61.15798999999994,61.63715745258411,60.67882254741577,61.0003224999997,61.344959999999844,62.66429565476572,73.78181818181828,64.83326963326962
2017-07-17T16:30:00Z,61.565,61.735,61.4,61.48,328875,421573.2,61.02347540753252,61.15998999999995,61.64415692122967,60.67582307877023,61.04007249999969,61.40295999999985,59.95593578767429,78.27971191738006,71.94388795644389
2017-07-17T17:30:00Z,61.47,61.5,61.17,61.33,214037,414861.25,61.03842782667728,61.14948999999994,61.60870211614674,60.69027788385315,61.0733224999997,61.420959999999845,55.39516586033237,75.56602799293384,75.87585269737717
2017-07-17T18:30:00Z,61.325,61.43,61.22,61.33,275933,403139.15,61.05265085952229,61.13998999999994,61.57539327010548,60.7045867298944,61.10457249999969,61.422959999999854,55.39516586033237,68.1614349775785,74.00239162929724
2017-07-17T19:30:00Z,61.33,61.4,61.23,61.39,480132,400566.35,61.069106915155345,61.16698999999994,61.59400541847815,60.739974581521736,61.132947499999695,61.41895999999984,56.91555865469009,65.47085201793736,69.73277166281633
2017-07-18T13:30:00Z,61.66,61.75,60.96,61.125,597906,420457.15,61.071833407098985,61.17123999999994,61.59479313434586,60.74768686565402,61.1460724999997,61.33099999999986,48.97536865767901,59.141897165231626,64.2580613869156
2017-07-18T14:30:00Z,61.12,61.3,61.04,61.13,258614,424349.3,61.074670801874646,61.178739999999934,61.59370729704732,60.76377270295255,61.1576124999997,61.260999999999854,49.11959985985851,52.96043493789469,59.19106137368766
2017-07-18T15:30:00Z,61.12,61.17,60.91,60.925,282420,432950.3,61.067369787149055,61.17848999999994,61.59406200052219,60.762917999477686,61.163487499999704,61.17999999999986,43.66925847506702,38.938053097345374,50.34679506682367
2017-07-18T16:30:00Z,60.92,61.055,60.91,61.005,169774,432242.8,61.06432735850764,61.179239999999936,61.59350066386016,60.76497933613971,61.170612499999706,61.11499999999985,46.179068802202416,35.39823008849589,42.43223937457842
2017-07-18T17:30:00Z,61.005,61.14,60.99,61.065,277483,436726.35,61.064360170287756,61.18448999999994,61.590074229991146,60.778905770008734,61.177237499999706,61.049999999999855,48.04862459573389,30.853982300885082,35.06342182890855
2017-07-18T18:30:00Z,61.07,61.61,61.07,61.55,459731,438746.85,61.088049918078596,61.21698999999993,61.630277028131445,60.80370297186842,61.192237499999706,61.134999999999856,60.110631130053164,48.52359882005906,38.25860373647978
2017-07-18T19:30:00Z,61.555,61.68,61.27,61.42,1016045,480565.55,61.104242605001595,61.23348999999994,61.651502544812054,60.815477455187825,61.20098749999971,61.19299999999985,56.335019985934665,59.49999999999999,46.292527040314475
2017-07-19T13:30:00Z,61.51,61.77,61.29,61.31,436616,497845.3,61.11427955109908,61.24398999999994,61.658598643927405,60.829381356072474,61.202744999999695,61.269999999999854,53.28518417967355,64.50387596899242,57.50915826301692
2017-07-19T14:30:00Z,61.33,61.4,61.13,61.24,347489,491565.4,61.12041225592352,61.25523999999994,61.65637585930634,60.854104140693536,61.20174499999971,61.31699999999985,51.37896262630928,50.62790697674456,58.21059431524543
2017-07-19T15:30:00Z,61.24,61.5,61.24,61.37,353456,503687.35,61.13258726782969,61.285239999999945,61.621175079464905,60.949304920534985,61.20099499999971,61.37799999999985,54.62541869789907,46.12403100775216,53.751937984496145
2017-07-19T16:30:00Z,61.38,61.48,61.15,61.27,266305,446023.95,61.13929032793556,61.28323999999994,61.61903788209064,60.94744211790925,61.2007449999997,61.32199999999985,51.76229466865484,44.57364341085298,47.108527131783
2017-07-19T17:30:00Z,61.26,61.7,61.235,61.62,408509,421646.75,61.16273958023139,61.304739999999946,61.66785697511047,60.941623024889424,61.21024499999969,61.36199999999985,59.71999570356443,59.30232558139533,49.999999999999915
2017-07-19T18:30:00Z,61.64,61.72,61.435,61.69,904738,422106.15,61.18845960070791,61.32723999999995,61.72558123263036,60.92889876736953,61.21849499999969,61.43799999999985,61.102103061709954,71.70542635658904,58.52713178294554
2017-07-19T19:30:00Z,61.69,62.08,61.69,62,1479591,464213.35,61.22804693725874,61.36123999999995,61.85577256476401,60.866707435235895,61.23849499999968,61.58999999999985,66.57234483300672,88.80606903862697,73.27127365887021
2017-07-20T13:30:00Z,63.85,64.03,61.7,61.9001,5235769,710646.85,61.26083001349002,61.38574499999995,61.933247502196444,60.838242497803456,61.26074749999968,61.69601999999986,63.474442150566226,71.8646806466574,77.4587253472909
2017-07-20T14:30:00Z,61.9,61.95,61.08,61.76,1922549,785798.6,61.28517976892953,61.39550499999996,61.96205524658885,60.82895475341107,61.27674749999969,61.79401999999986,59.30639365829972,50.71331908831929,70.46135625786765
2017-07-20T15:30:00Z,61.7332,62,61.51,61.99,598884,799299.05,61.319561243615894,61.42100499999996,62.043608535092076,60.79840146490784,61.290497499999695,61.86801999999985,63.53925282070001,31.19764957264977,51.25854976920857
2017-07-20T16:30:00Z,62,62,61.79,61.87,534002,815297.3,61.34641191465902,61.44800499999995,62.09868317076764,60.79732682923226,61.29874749999969,61.90401999999985,60.03076776993259,30.268780926675774,37.393249862548025
2017-07-20T17:30:00Z,61.87,61.91,61.2,61.29,705357,836768.5,61.34366011394395,61.44600499999996,62.09836545397525,60.793644546024666,61.29299749999969,61.76201999999986,46.62892877612689,23.665061822956655,28.37716410742715
2017-07-20T18:30:00Z,61.29,61.38,61.23,61.315,561871,840855.45,61.34226205960522,61.44225499999995,62.09671895004841,60.787791049951494,61.30462249999969,61.644999999999854,47.17634248004272,14.781967516133482,22.905270088588384
2017-07-20T19:30:00Z,61.31,61.34,61.1,61.11,1311460,876533.15,61.33093220303911,61.44150499999995,62.09745419156299,60.78555580843691,61.30637249999969,61.51499999999986,43.258228946817916,5.471827759963457,14.639619033017615
2017-07-21T13:30:00Z,61.28,61.465,61.09,61.254,470673,887136.1,61.32717941264696,61.447704999999964,62.09403319364763,60.801376806352295,61.313222499999696,61.36779999999985,46.612409114700704,4.960451977401239,8.404749084499143
2017-07-21T14:30:00Z,61.27,61.29,61.09,61.22,280060,887018.1,61.321951148615405,61.462454999999956,62.07286117125561,60.8520488287443,61.320472499999696,61.23779999999986,45.922158344760724,3.8870056497176364,4.773095129027195
2017-07-21T15:30:00Z,61.22,61.25,61.08,61.13,191074,888083.1,61.312587677951235,61.46870499999994,62.0625835178108,60.874826482189086,61.3239724999997,61.20579999999986,44.06213184519905,4.112994350282643,4.320150659133591
2017-07-21T16:30:00Z,61.1272,61.605,61.125,61.43,217505,885084.2,61.318315108295074,61.48695499999995,62.051812073880264,60.92209792611964,61.335722499999704,61.228799999999865,51.162968558765876,6.1016949152544155,4.700564971751316
2017-07-21T17:30:00Z,61.435,62.71,61.375,62.105,1864585,955326.9,61.356689981061166,61.51470499999995,62.140471932580915,60.888938067418984,61.36584749999971,61.42779999999986,62.65108454641964,16.10169491525438,8.772128060263563
2017-07-21T18:30:00Z,62.115,62.51,62.11,62.5,1067115,957880.4,61.41246120149721,61.568704999999945,62.32520198870142,60.812208011298466,61.40109749999971,61.676999999999865,67.47301913369029,31.581920903954906,17.92843691148765
2017-07-21T19:30:00Z,62.5,62.73,62.43,62.59,1716319,1021865.55,61.469902118497345,61.63270499999995,62.499380679773246,60.76602932022666,61.4383474999997,61.950999999999866,68.47180530418517,44.6892655367233,30.79096045197728
2017-07-24T13:30:00Z,62.39,63.06,62.25,62.85,532228,1031102.5,61.53722396637552,61.713204999999945,62.7085560505917,60.71785394940819,61.4842224999997,62.29499999999987,71.22108372766392,62.905324430748315,46.392170290475256
2017-07-24T14:30:00Z,62.865,62.95,62.4,62.5055,388715,1032865.45,61.5844569436255,61.769979999999954,62.809123132782545,60.73083686721736,61.52760999999971,62.510099999999866,63.33980150336928,70.85844318895175,59.48434438547421
2017-07-24T15:30:00Z,62.5,62.77,62.4854,62.75,223045,1030702.45,61.64131270247304,61.84397999999995,62.939427986172674,60.74853201382723,61.56360999999971,62.63909999999987,66.19868355010925,81.91077441077444,71.89151401015792
2017-07-24T16:30:00Z,62.75,62.9,62.63,62.9,292075,1024880.75,61.70271208284021,61.90797999999995,63.08976869955977,60.726191300440135,61.60635999999971,62.71909999999987,67.85488618782722,82.75252525252522,78.5072476174169
2017-07-24T17:30:00Z,62.9,62.94,62.82,62.87,268667,993077.2,61.759652956848,61.96697999999996,63.21529645443186,60.718663545568056,61.647109999999714,62.775099999999874,67.14626134682311,88.88888888888884,84.51739618406258
2017-07-24T18:30:00Z,62.87,62.99,62.62,62.64,559571,947076.2,61.80259671505054,61.99897999999996,63.28138831656934,60.71657168343058,61.68010999999971,62.733099999999865,61.81623832983257,87.037037037037,86.22615039281676
2017-07-24T19:30:00Z,62.64,62.7,62.47,62.52,511686,710872.05,61.837591997243194,62.02997499999996,63.331153407254604,60.72879659274531,61.70785999999971,62.73599999999986,59.17688552928194,80.6397306397307,85.52188552188527
2017-07-25T13:30:00Z,62.5,62.7774,62.25,62.58,393075,634398.35,61.87380702176792,62.070974999999954,63.38713207554453,60.75481792445538,61.733239999999704,62.70199999999986,60.094339043298916,75.75757575757584,81.14478114478094
2017-07-25T14:30:00Z,62.58,62.63,62.4,62.52,201811,614544.7,61.905328630462165,62.09747499999995,63.42731474504689,60.767635254953014,61.75923999999971,62.62599999999986,58.67426728031187,73.73737373737386,76.7115600448932
2017-07-25T15:30:00Z,62.51,62.82,62.5,62.65,284750,602082.1,61.94165406312255,62.13647499999995,63.48298810706899,60.789961892930904,61.79223999999971,62.581999999999866,60.83382433184102,75.76540599796418,75.08678516430437
2017-07-25T16:30:00Z,62.65,62.715,62.57,62.57,162502,574939.35,61.97230508443364,62.20047499999995,63.50085892312061,60.900091076879285,61.8232399999997,62.56799999999987,58.79755733858173,74.1528411806516,74.55187363866297
2017-07-25T17:30:00Z,62.57,62.74,62.475,62.6,215633,557627.45,62.002924348607614,62.26472499999994,63.50955307950094,61.019896920498944,61.85348999999972,62.583999999999875,59.34709459709076,67.10339939436771,72.3405488576609
2017-07-25T18:30:00Z,62.59,62.66,62.4,62.41,350098,509559.35,62.022781697456026,62.32972499999994,63.45677422142494,61.202675778574935,61.88561499999971,62.549999999999876,54.39853909727528,47.41730503127065,62.89118186876306
2017-07-25T19:30:00Z,62.41,62.47,62.305,62.36,493481,510699.75,62.039231370750855,62.38502499999994,63.39831372860402,61.37173627139586,61.9163649999997,62.51799999999987,53.142729136423895,28.304093567251403,47.60826599762967
2017-07-26T13:30:00Z,62.34,62.8,62.34,62.65,375496,515471.55,62.069024962421544,62.45652499999994,63.32190973958948,61.591140260410405,61.95948999999971,62.51799999999987,59.04781767767461,29.129129129128945,34.950175909216746
2017-07-26T14:30:00Z,62.65,62.67,62.52,62.615,149966,513416.15,62.09565789108391,62.530774999999934,63.147157711891126,61.91439228810874,61.99973999999971,62.52699999999987,58.096222896964555,38.986208430652894,32.13981037567749
2017-07-26T15:30:00Z,62.62,62.65,62.54,62.635,153318,510206.8,62.12196726225055,62.59102499999993,62.94491601079601,62.237133989203855,62.03898999999971,62.533999999999864,58.5077156397806,51.80180180180172,39.972379787194264
2017-07-26T16:30:00Z,62.635,62.88,62.6,62.61,172912,425623.15,62.145773737262715,62.61627499999994,62.89107774292038,62.341472257079495,62.06548999999971,62.57399999999986,57.74438366275226,49.999999999999964,46.92933674415127
2017-07-26T17:30:00Z,62.61,62.65,62.455,62.55,216160,383075.4,62.16549209154258,62.618774999999935,62.89018989921826,62.347360100781614,62.09373999999972,62.611999999999874,55.8607224831253,47.072072072071826,49.62462462462425
2017-07-26T18:30:00Z,62.53,62.59,62.44,62.45,213585,307938.7,62.17937052610148,62.61177499999993,62.89284696145953,62.33070303854033,62.122239999999714,62.57199999999987,52.770984399806544,40.311740311740316,45.79460412793711
2017-07-26T19:30:00Z,62.45,62.49,62.285,62.38,492017,305928.15,62.18915732970628,62.58827499999993,62.86429338257666,62.3122566174232,62.150739999999715,62.52499999999988,50.658702380975,30.973830973831145,39.452547785880846
2017-07-27T13:30:00Z,62.39,62.75,62.16,62.66,383169,305650.85,62.21212526484256,62.59599999999993,62.87096545241231,62.32103454758756,62.18298999999971,62.52999999999987,57.91519417971393,40.60846560846576,37.29801229801216
2017-07-27T14:30:00Z,62.66,62.71,62.39,62.59,198482,304422.7,62.23055817875268,62.587999999999944,62.853732948681056,62.32226705131883,62.21598999999971,62.525999999999875,55.70937885180835,49.93386243386262,40.50538633871959
2017-07-27T15:30:00Z,62.61,62.75,62.5846,62.615,243463,301992.1,62.24931143832572,62.573749999999926,62.798424765001606,62.349075234998246,62.2408649999997,62.538999999999874,56.34881810478338,64.12037037037054,51.55423280423272
2017-07-27T16:30:00Z,62.61,62.625,61.81,61.9,369808,307049.15,62.232271855968364,62.52524999999993,62.863339854956465,62.18716014504339,62.246114999999705,62.428999999999874,39.0046182348547,43.77596053997947,52.610064448070624
2017-07-27T17:30:00Z,61.9,62.16,61.43,62.01,461365,302138.85,62.22142932640893,62.493749999999935,62.894747194532364,62.092752805467505,62.2463649999997,62.35499999999987,41.964241611833835,37.201886465905176,48.36607245875148
2017-07-27T18:30:00Z,62.05,62.05,61.71,61.8212,264320,289770.55,62.201905944632884,62.45880999999993,62.95503819712671,61.962581802873146,62.2443924999997,62.187239999999875,38.510333619873414,25.130175099366074,35.36934070174999
2017-07-27T19:30:00Z,61.84,61.9,61.49,61.61,724897,306361.65,62.17303248391909,62.410309999999924,63.02512029889408,61.79549970110577,62.240642499999694,61.99123999999987,35.03635667735361,26.464367816091926,29.598809793787478
2017-07-28T13:30:00Z,61.41,61.675,61.297,61.522,411929,316867.55,62.141274801776696,62.36040999999993,63.083904447541435,61.636915552458426,62.22894249999969,61.77263999999987,33.67331551291487,17.868874027926072,23.154472314461106
2017-07-28T14:30:00Z,61.51,61.55,61.11,61.38,203091,312784.6,62.104139445592466,62.296909999999926,63.123217143634825,61.470602856365026,62.216692499999695,61.66863999999987,31.540979854047578,13.960516342362196,19.43125272879315
2017-07-28T15:30:00Z,61.395,61.5,61.355,61.39,177740,313546.5,62.06930337507576,62.23790999999992,63.142587299166976,61.333232700832866,62.21919249999969,61.54463999999988,31.86818189750346,15.095654987728807,15.641681786005442
2017-07-28T16:30:00Z,61.4,61.57,61.395,61.4506,193927,312461.2,62.03912272263304,62.18043999999993,63.13069227472529,61.230187725274575,62.22258249999969,61.47051999999987,33.92906375923711,17.280579670203704,15.445583666764653
2017-07-28T17:30:00Z,61.46,61.589,61.41,61.5,315837,310748.15,62.01282405323631,62.134939999999936,63.12325095593492,61.14662904406495,62.2323324999997,61.448519999999874,35.63817556134207,20.12266317578448,17.49963261123875
2017-07-28T18:30:00Z,61.49,61.72,61.43,61.7,348444,303496.3,61.997564343322345,62.10193999999992,63.101993351393126,61.101886648606715,62.243482499999686,61.48411999999987,42.161443104504116,26.84146341463438,21.414902086873937
2017-07-28T19:30:00Z,61.71,61.85,61.6,61.78,464834,307963.2,61.986951448526135,62.058439999999926,63.034755945598086,61.08212405440177,62.257482499999696,61.56411999999987,44.58102330257695,33.53658536585388,26.833570652090668
2017-07-31T13:30:00Z,62.25,62.51,61.4,61.42,602802,330605,61.95929528030535,61.99868999999993,62.97771088620532,61.01966911379454,62.264732499999695,61.570119999999875,37.06650123137407,31.91056910569132,30.762872628726274
2017-07-31T14:30:00Z,61.4154,61.69,61.38,61.44,254582,335668.2,61.93396380321728,61.938939999999924,62.90104730463271,60.976832695367136,62.264982499999704,61.56799999999987,37.69483093139627,26.62601626016276,30.69105691056907
2017-07-31T15:30:00Z,61.42,61.49,61.2,61.4,406720,347358.6,61.90791678842619,61.87843999999992,62.816009424432615,60.940870575567224,62.2473574999997,61.54799999999987,36.901303225157214,19.388768145107303,25.97511783698688
2017-07-31T16:30:00Z,61.4,61.47,61.09,61.16,390028,356052,61.87143304264931,61.808939999999915,62.74314986166513,60.8747301383347,62.21385749999971,61.43999999999987,32.4828491609114,14.731147625239934,20.24864401016975
2017-07-31T17:30:00Z,61.16,61.675,61.15,61.57,343546,362550.05,61.856728991788366,61.76493999999991,62.65613635638593,60.87374364361389,62.18835749999971,61.39799999999987,44.6710215970731,19.291436185872026,17.80378398540617
2017-07-31T18:30:00Z,61.57,61.695,61.38,61.54,318016,353850,61.841278797066984,61.722939999999916,62.57243089791101,60.87344910208882,62.15560749999971,61.42199999999987,44.04449686796227,23.474178403755747,19.16558740495565
2017-07-31T19:30:00Z,61.55,61.74,61.5,61.65,641228,366752.95,61.83194812403933,61.672439999999916,62.405162011156364,60.93971798884347,62.13421999999971,61.46399999999987,46.98080466801947,34.97652582159621,25.914046803741076
2017-08-01T13:30:00Z,62.1,62.67,61.61,62.64,742113,393934.5,61.871365288720334,61.674939999999914,62.420398077718595,60.929481922281234,62.131469999999716,61.71199999999986,64.85562788100145,56.409342128721676,38.286682118024295
2017-08-01T14:30:00Z,62.67,63.23,62.655,62.93,1175465,440534.6,61.92300600634373,61.690689999999904,62.52316105393696,60.85821894606285,62.13221999999971,62.065999999999875,68.23407844765353,74.50639798410327,55.297421978140136
2017-08-01T15:30:00Z,62.93,63.465,62.85,63.335,819259,463007.15,61.99188376213184,61.7624399999999,62.859893755584004,60.66498624441579,62.1438449999997,62.41899999999987,72.24661861126522,92.86963000782457,74.59512337354958
2017-08-01T16:30:00Z,63.34,63.41,62.6,63.15,656362,472757,62.0483772371498,61.81943999999991,63.07012625387827,60.568753746121544,62.15659499999971,62.74099999999987,68.01997353258976,89.08148876865066,85.48583892019258
2017-08-01T17:30:00Z,63.17,63.19,62.79,62.9,433350,481208.5,62.08991981094737,61.873379999999905,63.20983028880222,60.53692971119759,62.166094999999714,62.99099999999986,62.68315918395325,85.82456140350872,89.2585600599944
2017-08-01T18:30:00Z,62.89,63.17,62.88,63.105,364276,463177.45,62.139435917730424,61.9481299999999,63.381047612581625,60.515212387418174,62.17921999999972,63.08399999999987,65.1011533407456,82.59649122807008,85.83418046674291
2017-08-01T19:30:00Z,63.11,63.14,62.94,63.08,561286,470645.3,62.18531709247528,62.0260299999999,63.52565923032509,60.52640076967471,62.19321999999971,63.11399999999986,64.55182785005383,81.61403508771919,83.34502923976575
2017-08-02T13:30:00Z,63.22,63.26,62.75,62.89,507496,485865.55,62.219691868452095,62.10152999999991,63.61543379761708,60.587626202382744,62.199219999999706,63.024999999999864,60.38174211180045,81.47368421052624,81.89473684210492
2017-08-02T14:30:00Z,62.92,63.25,62.82,63.115,354519,494704.5,62.263365435844676,62.187779999999904,63.726064030483926,60.64949596951588,62.21284499999971,63.01799999999987,63.397271087844,81.61403508771929,81.567251461988
2017-08-02T15:30:00Z,63.115,63.2957,63.015,63.23,207996,495407.95,62.31051834141323,62.276749999999915,63.83982797311533,60.7136720268845,62.2285949999997,63.08399999999987,64.86910026996038,83.71929824561401,82.26900584795293
2017-08-02T16:30:00Z,63.215,63.39,63.17,63.38,208887,490060.45,62.362688178417464,62.370749999999916,63.9615462628942,60.77995373710563,62.252844999999695,63.13899999999986,66.74732941864306,90.56557159637755,85.29963497657003
2017-08-02T17:30:00Z,63.37,63.5,63.22,63.32,263953,485835.9,62.40938631605564,62.451749999999926,64.06253327220998,60.840966727789876,62.276844999999696,63.18699999999986,65.24470903130285,92.64766361888668,88.97751115362583
2017-08-02T18:30:00Z,63.3,63.61,63.2796,63.43,366865,480937.45,62.45917234941878,62.534249999999915,64.16781749173128,60.900682508268545,62.296344999999704,63.29499999999987,66.72373589934027,93.10230733718727,92.10518085081691
2017-08-02T19:30:00Z,63.425,63.725,63.39,63.62,802915,490943.1,62.51579808847152,62.64424999999992,64.25905734146046,61.02944265853938,62.32146999999971,63.395999999999866,69.16463500042858,92.67136308932278,92.80711134846531
2017-08-03T13:30:00Z,63.72,63.9,63.15,63.49,314481,493938.05,62.563320132936326,62.74674999999992,64.30193254556704,61.1915674544328,62.342844999999706,63.447999999999865,65.61802949319487,84.98873125574762,90.25413389408563
2017-08-03T14:30:00Z,63.51,63.82,63.48,63.68,357257,491464.9,62.61779232157358,62.86074999999992,64.33657273665888,61.38492726334095,62.3695949999997,63.50799999999985,68.18573723472483,82.19130751045661,86.61713395184206
2017-08-03T15:30:00Z,63.69,63.85,63.67,63.85,234870,483707,62.67790001320414,62.995249999999906,64.3078446632703,61.68265533672951,62.40209499999969,63.61399999999986,70.32142553131027,82.56410256410285,83.2480471101021
2017-08-03T16:30:00Z,63.85,63.92,63.79,63.8,216313,477345.35,62.73263659792589,63.106749999999906,64.2884575569029,61.92504244309691,62.4358449999997,63.68799999999986,68.85732163577977,89.65811965811976,84.80450991089282
2017-08-03T17:30:00Z,63.8,63.925,63.76,63.925,219696,472429.35,62.79080066631975,63.22599999999991,64.21721945100231,62.234780548997506,62.47446999999969,63.74899999999987,70.51034363728658,95.29914529914538,89.17378917378909
2017-08-03T18:30:00Z,63.92,63.93,63.73,63.7439,288403,454788.1,62.83729331674317,63.33069499999991,64.03465573039617,62.62673426960365,62.501567499999695,63.79977999999986,65.11754948776144,91.32413443430384,92.09379979718942
2017-08-03T19:30:00Z,63.74,63.76,63.59,63.76,571092,446237.05,62.88230339885326,63.386694999999904,64.03820505360193,62.73518494639788,62.53081749999969,63.81577999999987,65.37111583733662,89.94067796610169,92.18798589985006
2017-08-04T13:30:00Z,63.94,63.94,63.56,63.915,386179,406772.75,62.93267884281164,63.435944999999904,64.09082687480395,62.781063125195864,62.5633174999997,63.82877999999987,67.79804643241846,89.19663034705411,90.15381424915297
2017-08-04T14:30:00Z,63.915,64.04,63.84,63.95,245299,378074.75,62.98230426511351,63.466694999999916,64.15655045582841,62.77683954417142,62.614567499999694,63.85877999999987,68.33766004407347,91.52686322565408,90.22139051293637
2017-08-04T15:30:00Z,63.95,64.01,63.78,63.95,292523,359882.8,63.02950893510798,63.50669499999991,64.21107994443219,62.80231005556763,62.66306749999969,63.86377999999986,68.33766004407347,92.95833659580575,91.22727672283774
2017-08-04T16:30:00Z,63.96,64.2,63.89,64.18,311912,353810.9,63.085630450468564,63.57069499999991,64.27555407098176,62.86583592901806,62.72203749999969,63.950999999999866,71.9233674876351,93.06746357993283,92.51755446713065
2017-08-04T17:30:00Z,64.18,64.335,64.16,64.27,300567,350625.45,63.14340457483595,63.628944999999916,64.36221520254342,62.89567479745641,62.78853749999969,64.05299999999986,73.20224686446878,94.16588215905547,93.39722744493112
2017-08-04T18:30:00Z,64.26,64.385,64.12,64.21,439412,344531.75,63.195433619965904,63.685444999999916,64.41494691907893,62.95594308092091,62.85573749999969,64.11199999999987,70.88417301531452,92.81332184729924,93.34888919542895
2017-08-04T19:30:00Z,64.209,64.53,64.12,64.51,892944,363804.15,63.25955880923586,63.76644499999992,64.48433126532227,63.04855873467758,62.933987499999695,64.22399999999986,75.12558466933714,92.96515069478022,93.31478490037807
2017-08-07T13:30:00Z,64.85,65,64.47,64.53,759216,384039,63.32153155024875,63.83719499999991,64.56318781672908,63.11120218327074,63.01248749999969,64.33999999999986,75.38304425416055,84.48654384009075,90.0883387940565
2017-08-07T14:30:00Z,64.54,64.57,64.315,64.445,327903,390034.35,63.376334889261,63.897944999999915,64.61380221337492,63.182087786624905,63.087347499999694,64.39299999999986,71.97345437156883,76.36266844647861,84.60478766044963
2017-08-07T15:30:00Z,64.45,64.46,64.21,64.35,233733,391276.65,63.42383074832144,63.94644499999991,64.64663061106366,63.24625938893616,63.1585974999997,64.40899999999985,68.2575175288277,61.79946393762166,74.21622540806344
2017-08-07T16:30:00Z,64.3445,64.57,64.32,64.53,217034,388930.7,63.47779022401308,64.0069449999999,64.68902967945237,63.32486032054743,63.2293474999997,64.47299999999987,71.28283605908142,61.22685185185165,66.46299474531708
2017-08-07T17:30:00Z,64.53,64.53,64.3,64.3132,162146,378694.75,63.51854192040268,64.05110499999991,64.69112406685944,63.41108593314036,63.292677499999705,64.43363999999987,63.440133194088986,58.17592592592575,60.400747238466124
2017-08-07T18:30:00Z,64.3,64.3,64.19,64.27,275526,352325.3,63.555198412090355,64.0836049999999,64.69826922211148,63.46894077788833,63.363927499999704,64.38163999999986,61.97687943358502,56.32407407407394,58.57561728395023
2017-08-07T19:30:00Z,64.265,64.27,64.15,64.27,441999,358701.2,63.59006678223229,64.12260499999991,64.67776564877032,63.5674443512295,63.4346774999997,64.34663999999987,61.97687943358502,50.305555555555294,54.93518518518477
2017-08-08T13:30:00Z,64.04,64.37,63.94,64.1701,279390,354807.85,63.618361085538034,64.14710999999991,64.66390075420978,63.63031924579005,63.503929999999706,64.31065999999987,58.366363182343015,43.52884031572555,50.05282331511804
2017-08-08T14:30:00Z,64.18,64.27,63.79,63.885,209694,353549.05,63.63136786185325,64.14885999999991,64.66183747868446,63.63588252131537,63.57205499999971,64.18165999999988,49.50319066346021,29.962507589556804,41.265634486945665
2017-08-08T15:30:00Z,63.89,64.1,63.87,63.99,149950,350230.9,63.648862112494555,64.15835999999992,64.65180861296955,63.664911387030294,63.6325549999997,64.11701999999988,52.37177567687939,19.036964277650046,30.842770727643913
2017-08-08T16:30:00Z,63.975,64.17,63.97,64.07,159205,347206.35,63.66940542408019,64.16560999999992,64.64929523198387,63.68192476801597,63.6958049999997,64.07701999999988,54.492910242544184,16.091992954884102,21.697154940696763
2017-08-08T17:30:00Z,64.07,64.13,63.98,64.04,153071,340439.75,63.6874832082714,64.18041499999993,64.62836852564494,63.732461474354906,63.755554999999696,64.03101999999987,53.53014979406427,20.110192837465778,18.413050023333085
2017-08-08T18:30:00Z,64.04,64.1,63.65,63.71,233131,323541.7,63.688581588355724,64.17791499999991,64.63567657673904,63.72015342326079,63.78230499999969,63.93899999999987,44.265641594498156,16.082032445669004,17.42807274600607
2017-08-08T19:30:00Z,63.71,63.91,63.68,63.89,320270,320246.25,63.69840687672862,64.17666499999993,64.63741825407081,63.71591174592905,63.80630499999969,63.93999999999987,49.408931581035546,14.29445974900561,16.828895010713243
2017-08-09T13:30:00Z,63.63,63.75,63.19,63.51,322762,324119.4,63.68921629737601,64.15466499999992,64.69222485819007,63.61710514180978,63.810679999999685,63.84399999999988,40.84044296719546,15.13687600644147,15.171122733705138
2017-08-09T14:30:00Z,63.53,63.75,63.51,63.51,98070,314396.75,63.68047403896742,64.13266499999992,64.73414288084045,63.53118711915939,63.819679999999686,63.73199999999988,40.84044296719546,21.384863123993785,16.938732959813397
2017-08-09T15:30:00Z,63.55,63.87,63.51,63.83,100772,303839.75,63.68776798828608,64.1151649999999,64.73032655694696,63.50000344305285,63.8429299999997,63.689999999999884,49.409001379294985,30.917874396135513,22.479871175523368
2017-08-09T16:30:00Z,63.81,63.85,63.55,63.7104,240087,300815.75,63.68887198885749,64.08718499999992,64.72221601116296,63.452153988836876,63.85806499999969,63.69007999999989,46.687258439611504,36.13367942894248,29.478805649690372
2017-08-09T17:30:00Z,63.715,63.9499,63.71,63.81,115174,284603.85,63.69478067232786,64.06718499999991,64.71062418527251,63.42374581472731,63.87631499999971,63.67407999999989,49.1970783481411,45.91833512369397,37.656629649590435
2017-08-09T18:30:00Z,63.81,63.91,63.65,63.88,406482,260280.75,63.703815761482595,64.03568499999992,64.6503683372889,63.421001662710935,63.90106499999971,63.74807999999989,50.94498541306006,49.950923349355115,44.00097930066363
2017-08-09T19:30:00Z,63.87,63.94,63.79,63.8,337293,239184.6,63.70850767555662,63.99918499999991,64.5777579211978,63.42061207880203,63.9181899999997,63.80607999999988,48.87533942706288,54.237288135593275,50.0355155362139
2017-08-10T13:30:00Z,63.31,63.94,63.04,63.15,281613,236870.1,63.681263398700196,63.934434999999915,64.58439592585752,63.28447407414231,63.9161899999997,63.67007999999989,36.05786009895515,39.704193652106035,47.96413504568458
2017-08-10T14:30:00Z,63.155,63.19,62.66,62.81,367318,243549.35,63.63876274510506,63.85743499999991,64.6429699547566,63.07190004524322,63.9019399999997,63.489999999999895,31.416727020310503,23.523926506523008,39.15513609807389
2017-08-10T15:30:00Z,62.81,62.88,62.12,62.35,431261,254260.7,63.57589626973408,63.7484349999999,64.71463605834617,62.78223394165362,63.8776899999997,63.19799999999989,26.455360092774796,10.032125486818067,24.42008188181548
2017-08-10T16:30:00Z,62.355,62.7,62.21,62.69,303486,261327.7,63.53268181755193,63.667274999999904,64.70045539642018,62.634094603579626,63.85918999999971,62.9599999999999,34.667821094434046,16.503831994927946,16.686627996089452
2017-08-10T17:30:00Z,62.675,62.83,62.51,62.66,284871,261794.95,63.4901119727933,63.586774999999896,64.66927480672088,62.50427519327892,63.835189999999706,62.7319999999999,34.30382903076695,22.28348280769123,16.273146763145526
2017-08-10T18:30:00Z,62.66,62.79,62.51,62.6,363665,257878.25,63.446691876559484,63.503274999999896,64.61920623961626,62.38734376038353,63.812939999999706,62.6219999999999,33.54523249835326,27.28729260315298,22.024869135257163
2017-08-10T19:30:00Z,62.63,62.66,62.4,62.47,441295,265973.5,63.39904837038585,63.41826999999989,64.57628531097532,62.26025468902446,63.782689999999704,62.553999999999895,31.899248924219435,24.21013236358358,24.59363592480904
2017-08-11T13:30:00Z,62.45,63.25,62.24,62.945,647930,287885.3,63.37689966939142,63.37126999999989,64.52599636605115,62.21654363394863,63.7600649999997,62.6729999999999,42.920051102981134,30.14736688707968,27.214930617938524
2017-08-11T14:30:00Z,62.96,63.25,62.85,63.07,239407,292358.15,63.36192895381135,63.32526999999989,64.45066608158827,62.19987391841151,63.741814999999704,62.748999999999896,45.42311059285396,38.70885476437713,31.02211800501324
2017-08-11T15:30:00Z,63.08,63.65,63.08,63.59,214687,295132.25,63.373054370698604,63.30126999999989,64.38168852096997,62.22085147902981,63.7334399999997,62.9349999999999,54.384546565261694,59.11069821666056,42.655639956038904
2017-08-11T16:30:00Z,63.59,63.63,63.44,63.52,145409,294749.15,63.380222450176724,63.275269999999885,64.30727016495044,62.24326983504933,63.7278424999997,63.11899999999989,53.120081204408436,69.58485891760965,55.80147063288223
2017-08-11T17:30:00Z,63.51,63.62,63.47,63.54,104934,288339.3,63.38801647699737,63.26676999999988,64.28704138569086,62.2464986143089,63.7223424999997,63.33299999999989,53.45307722130694,78.28704985380243,68.99420232935732
2017-08-11T18:30:00Z,63.53,63.5521,63.38,63.53,197164,282184,63.39494250250969,63.24876999999989,64.2366123864442,62.26092761355559,63.7127174999997,63.449999999999896,53.249409748802854,77.33380614685632,75.06857163942259
2017-08-11T19:30:00Z,63.53,63.65,63.42,63.61,404629,286277.35,63.40543311214336,63.25376999999988,64.24784332750548,62.25969667249429,63.70421749999971,63.55799999999989,54.73528855562377,79.12087912087937,78.24724504051248
2017-08-14T13:30:00Z,64.19,64.19,63.7,63.96,297103,296229,63.43248515545344,63.27626999999988,64.31202005694318,62.24051994305658,63.704467499999716,63.63199999999989,60.630730738141544,82.74318274318301,79.73262267030601
2017-08-14T14:30:00Z,63.9764,63.99,63.74,63.92,178090,300094.9,63.45626636738254,63.28076999999988,64.32683474964945,62.234705250350316,63.697967499999706,63.7119999999999,59.674154620242255,85.904514165384,82.58952534314858
2017-08-14T15:30:00Z,63.9,64.03,63.7,63.87,175165,296848.8,63.476448495802906,63.28874999999988,64.35012587595581,62.22737412404395,63.68796749999971,63.77799999999989,58.43312949468149,86.5612648221346,85.06965391023367
2017-08-14T16:30:00Z,63.875,63.98,63.81,63.93,91205,295650.35,63.498572959422276,63.29474999999987,64.36912179321875,62.220378206780985,63.68096749999971,63.85799999999989,59.52103122736467,85.82052408139384,86.09543435630394
2017-08-14T17:30:00Z,63.921,63.96,63.7,63.78,125407,281596.6,63.51230110774314,63.28974999999988,64.35406421585066,62.2254357841491,63.662717499999715,63.891999999999896,55.603022223590514,83.15980315980333,85.18053068777705
2017-08-14T18:30:00Z,63.78,63.83,63.67,63.76,217782,275621.05,63.52438398053616,63.28774999999988,64.34836526957632,62.227134730423444,63.643467499999716,63.8519999999999,55.08238984076252,81.19658119658138,83.39230281259265
2017-08-14T19:30:00Z,63.755,63.89,63.74,63.77,408727,281976.75,63.5363652497783,63.31874999999989,64.39753577579363,62.23996422420614,63.62659249999972,63.82199999999989,55.30772033798489,78.4615384615387,80.93930760597426
2017-08-15T13:30:00Z,63.79,64,63.41,63.66,403266,283774.15,63.542396213203745,63.361249999999885,64.42336051687569,62.29913948312408,63.60934249999973,63.779999999999895,52.20533601341021,72.28600586809556,77.31470850873835
2017-08-15T14:30:00Z,63.6526,63.94,63.59,63.79,221493,273285.75,63.554474446706,63.43324999999989,64.40257076737132,62.463929232628466,63.590842499999724,63.751999999999896,55.390094427421,67.62442120651093,72.79065517871486
2017-08-15T15:30:00Z,63.79,63.92,63.57,63.605,154646,265843.75,63.5569391078423,63.478999999999886,64.38818974920422,62.56981025079555,63.573137499999724,63.71699999999989,50.257778004558716,50.72983431192378,63.546753795509886
2017-08-15T16:30:00Z,63.61,63.9,63.55,63.85,305060,266853.2,63.57123476111828,63.538499999999885,64.37864344017001,62.698356559829755,63.562637499999724,63.7349999999999,56.063849284178154,49.92214436658886,56.09213329500765
2017-08-15T17:30:00Z,63.83,63.8872,63.69,63.72,201026,258721.25,63.57849160203934,63.59449999999989,64.3181912325435,62.87080876745628,63.54888749999973,63.724999999999895,52.55826696575048,42.59259259259253,47.748190423701516
2017-08-15T18:30:00Z,63.73,63.86,63.67,63.745,212971,247305.05,63.58661396291547,63.65824999999988,64.16727136503665,63.14922863496311,63.53825999999972,63.74199999999989,53.16476762345354,47.64957264957278,46.72143653625119
2017-08-15T19:30:00Z,63.74,63.91,63.73,63.88,543703,242093.7,63.60092547691959,63.70499999999989,64.10305778481936,63.30694221518043,63.53813499999971,63.7599999999999,56.40576191266499,48.393478949034794,46.2118813970665
2017-08-16T13:30:00Z,63.75,64.29,63.55,64.015,321030,246174.85,63.621124234143025,63.75224999999989,64.0490575977111,63.45544240228868,63.53875999999972,63.841999999999906,59.4292178917718,57.318376068376324,51.12047588899443
2017-08-16T14:30:00Z,64.02,64.43,63.96,64.2113,144008,242640.9,63.64991329589215,63.78331499999989,64.13133077717191,63.435299222827865,63.542292499999725,63.9142599999999,63.40371985590629,69.18841126194057,58.300088759783684
2017-08-16T15:30:00Z,64.21,64.48,64.21,64.38,159970,243368.95,63.685527281458384,63.826314999999894,64.23990733691595,63.41272266308384,63.550792499999716,64.04625999999989,66.44596081871101,79.32100971229556,68.60926568087062
2017-08-16T16:30:00Z,64.37,64.45,64.26,64.31,200002,248122.35,63.71598936528968,63.86481499999989,64.3069966381947,63.42263336180508,63.565792499999716,64.1592599999999,64.06609452979916,84.44172622319907,77.65038239914486
2017-08-16T17:30:00Z,64.31,64.45,64.24,64.35,165910,246559.65,63.74691671332433,63.90581499999989,64.3678337021741,63.44379629782568,63.577292499999714,64.2532599999999,64.84103211259625,87.53894080996844,83.76722558182082
2017-08-16T18:30:00Z,64.33,64.43,64.17,64.17,289847,240820.55,63.76755492243046,63.9338149999999,64.38854868156768,63.479081318432115,63.59379249999972,64.2842599999999,58.70567832995134,80.99688473520233,84.32585058945641
2017-08-16T19:30:00Z,64.175,64.29,64.07,64.27,399561,245943.45,63.79206443840946,63.9493149999999,64.42711062697403,63.47151937302577,63.61279249999971,64.2959999999999,60.91814645493939,79.75077881619902,82.76220145378971
2017-08-17T13:30:00Z,64,64.12,63.611,63.76,241977,249137.8,63.79050031946266,63.941314999999896,64.426112711587,63.4565172884128,63.61104249999971,64.1719999999999,47.06768153039411,57.994171440056164,72.91394499715229
2017-08-17T14:30:00Z,63.76,63.97,63.69,63.8,399798,260369.45,63.79096371851326,63.9378149999999,64.42562299619779,63.450007003802014,63.61328249999972,64.0699999999999,48.06504155727107,43.27873245569941,60.34122757065132
2017-08-17T15:30:00Z,63.8,63.88,63.7,63.73,203972,266007.8,63.78798987858578,63.92781499999991,64.4239821504142,63.43164784958561,63.61128249999972,63.94599999999989,46.41677027512111,22.939068100358384,41.40399066537112
2017-08-17T16:30:00Z,63.75,63.76,63.33,63.3337,154818,267478.35,63.76582939670355,63.905499999999904,64.46264870192108,63.34835129807872,63.597624999999724,63.77873999999989,38.390193155783045,15.51943275673996,27.245744437599043
2017-08-17T17:30:00Z,63.36,63.929,63.32,63.4,211341,267156.3,63.74798406027899,63.88749999999991,64.48414954206733,63.29085045793249,63.58762499999973,63.60473999999989,40.25166059122503,8.857709854750105,15.772070237282607
2017-08-17T18:30:00Z,63.4,63.47,63.06,63.09,224759,257957.9,63.715887276850744,63.853499999999904,64.54328741366679,63.16371258633302,63.58612499999972,63.470739999999886,34.936484614960676,3.1103223036370586,9.162488305042165
2017-08-17T19:30:00Z,63.1,63.195,62.975,62.99,450097,260299.45,63.68047814139461,63.8199999999999,64.60291485875224,63.03708514124755,63.590624999999726,63.3087399999999,33.404137692093855,3.3353018404466805,5.101111332944407
2017-08-18T13:30:00Z,62.87,63.47,62.71,63.03,253303,261889.95,63.64874750035097,63.78199999999991,64.63746459660797,62.92653540339186,63.607624999999736,63.1687399999999,34.639063420496456,7.062816614133333,4.50281358607215
2017-08-18T14:30:00Z,63.03,63.13,62.74,63.07,159679,262141.6,63.620515914967996,63.75524999999991,64.66303875629153,62.847461243708295,63.61712499999974,63.11599999999989,35.918766278477506,13.13825227896976,7.845456911183049
2017-08-18T15:30:00Z,63.06,63.17,62.91,63.06,93420,251559.6,63.59317367521346,63.715749999999915,64.67111298130531,62.760387018694516,63.62712499999974,63.0479999999999,35.73042144824048,19.511007208260384,13.237358700454285
2017-08-18T16:30:00Z,63.06,63.23,63.06,63.19,64198,244718.2,63.57350666666646,63.689249999999916,64.6716900368711,62.70680996312873,63.64187499999973,63.06799999999989,40.12583552216172,22.68004415871165,18.44310121531372
2017-08-18T17:30:00Z,63.196,63.24,63,63.15,78389,237989.1,63.55284780487785,63.65949999999991,64.6690467676396,62.649953232360225,63.658874999999725,63.099999999999895,39.23665960487972,24.42751492470818,22.2061887638932
2017-08-18T18:30:00Z,63.14,63.15,63.06,63.095,120396,216823.75,63.53051376561552,63.620249999999906,64.65322164823279,62.587278351767026,63.66262499999973,63.112999999999886,37.99007673323141,25.844896950994524,24.317485344804577
2017-08-18T19:30:00Z,63.1,63.11,62.89,63,334461,217495.3,63.50463504534159,63.56949999999991,64.61950222668786,62.51949777331197,63.66087499999973,63.09899999999989,35.87020959775201,23.505286614318923,24.592566163340337
2017-08-21T13:30:00Z,63.49,63.49,62.56,62.77,295006,225045.2,63.46879918947126,63.49743499999992,64.55912696151479,62.43574303848505,63.64037499999972,63.0409999999999,31.314345831658102,19.94269383846549,23.097625801259436
2017-08-21T14:30:00Z,62.78,62.975,62.74,62.78,157921,224942.75,63.43519922900925,63.41743499999991,64.44151908890578,62.393350911094046,63.621874999999726,62.95899999999989,31.72040061068209,17.177039028677985,20.208339827153925
2017-08-21T15:30:00Z,62.79,62.97,62.725,62.8131,107368,220311.05,63.40485292515514,63.3425899999999,64.31215218348994,62.37302781650986,63.60370249999971,62.89161999999989,33.12957692676085,16.483896202125106,17.867876356422652
2017-08-21T16:30:00Z,62.82,62.9,62.65,62.66,129327,218481.9,63.368518636123184,63.2580899999999,64.15346738839698,62.36271261160283,63.581952499999716,62.804619999999886,30.04124366263295,13.9542244947649,15.871719908522453
2017-08-21T17:30:00Z,62.67,62.75,62.58,62.6,125100,210244.55,63.33102992216595,63.179589999999905,64.01466615679847,62.34451384320135,63.55670249999971,62.72461999999989,28.90406692637282,10.031208191626536,13.489776296171968
2017-08-21T18:30:00Z,62.6,62.79,62.56,62.78,146125,197572.75,63.304150413767616,63.105089999999905,63.790135128186705,62.420044871813104,63.52720249999972,62.72661999999989,36.65141256764872,11.753863715502687,11.913098800631163
2017-08-21T19:30:00Z,62.78,62.85,62.73,62.84,283659,199656.85,63.281508930169196,63.0590899999999,63.682865558720785,62.43531444127901,63.500202499999716,62.73861999999989,39.036168070001466,19.354838709677512,13.713303538935369
2017-08-22T13:30:00Z,63.21,63.68,63.05,63.66,334677,196400.8,63.29997190918533,63.05208999999989,63.64482011367655,62.459359886323234,63.49495249999971,62.90799999999989,60.7711661996841,50.65924219150028,27.25598153889328
2017-08-22T14:30:00Z,63.65,64.07,63.65,64.03,189393,195671.85,63.335583035566536,63.067089999999894,63.73774504371585,62.39643495628394,63.497452499999724,63.18199999999989,66.563808473488,75.22426865783011,48.41278318633576
2017-08-22T15:30:00Z,64.01,64.14,64.01,64.11,191725,197517.2,63.373359472855974,63.10590499999991,63.91031027469386,62.30149972530595,63.50570249999972,63.48399999999989,67.67523222019207,97.88884830485149,74.59078638472708
2017-08-22T16:30:00Z,64.111,64.16,63.995,64.12,159211,194910.7,63.40978096198495,63.141904999999895,64.05309279950039,62.230717200499406,63.51470249999973,63.75199999999988,67.81922940554905,97.65075306675651,90.25462334314584
2017-08-22T17:30:00Z,64.125,64.19,64.04,64.16,161001,191722.8,63.44637701261983,63.195404999999894,64.20811367773486,62.18269632226494,63.524452499999725,64.01599999999988,68.4251347320641,97.92025834174649,97.81995323778462
2017-08-22T18:30:00Z,64.16,64.37,64.15,64.3,219027,180169.3,63.48801715834569,63.26090499999989,64.3762550105192,62.145554989480566,63.54045249999972,64.14399999999988,70.517445403741,97.26403529584574,97.61168223478269
2017-08-22T19:30:00Z,64.3,64.5,64.28,64.36,415655,188286.9,63.53055290671907,63.327404999999885,64.53457325089275,62.12023674910702,63.55470249999972,64.20999999999988,71.39237746060469,95.69187034739195,96.95872132832785
2017-08-23T13:30:00Z,64.2,64.36,63.881,64.31,361441,198375,63.56857471614741,63.3894049999999,64.6628751825943,62.11593481740548,63.57232749999972,64.24999999999989,69.54034125497488,93.04076246891078,95.33222270404929
2017-08-23T14:30:00Z,64.31,64.31,64.11,64.24,222567,204832.35,63.60132716901827,63.44840499999989,64.76400491865287,62.13280508134691,63.58207749999972,64.27399999999987,66.922852696565,89.8625429553265,92.86505859054289
2017-08-23T15:30:00Z,64.24,64.26,64.01,64.022,123960,207820.45,63.621847794919816,63.4900049999999,64.82279475159439,62.15721524840541,63.58962749999972,64.24639999999988,59.421574587685804,84.05498281786956,88.9860960807021
2017-08-23T16:30:00Z,64.03,64.2,63.99,64.12,105919,209196.95,63.64614790248471,63.538504999999894,64.88875593295894,62.18825406704085,63.59900249999972,64.21039999999988,61.510200839779976,80.79037800687304,84.90263459335618
2017-08-23T17:30:00Z,64.11,64.25,63.97,64.15,140987,210226.5,63.67072605358302,63.5912549999999,64.95048022856065,62.232029771439144,63.605752499999724,64.16839999999988,62.15242037985681,79.2439862542959,81.36311569301263
2017-08-23T18:30:00Z,64.15,64.285,64.13,64.21,125131,199760,63.6970320997497,63.65175499999989,65.00803845192323,62.29547154807655,63.610627499999715,64.14839999999988,63.46539685115708,81.99565107655287,80.67667177924041
2017-08-23T19:30:00Z,64.205,64.26,63.95,64,309985,200508.95,63.711811021713125,63.713254999999904,65.01445918918473,62.412050810815074,63.605344999999716,64.10039999999988,56.1263694281346,77.03060782498272,79.42341505194365
2017-08-24T13:30:00Z,63.96,64.04,63.73,63.98,230778,204151.8,63.72489341089785,63.77325499999989,65.00563884521884,62.540871154780945,63.59534499999971,64.09199999999987,55.46849459315595,62.65219666670481,73.89281852274661
2017-08-24T14:30:00Z,63.94,64.25,63.93,64.0478,311421,214354.45,63.74064495182966,63.83498999999989,64.99007465822115,62.679905341778635,63.58878999999971,64.07755999999988,57.29588132992888,48.53783268793402,62.740212393206996
2017-08-24T15:30:00Z,64.045,64.06,63.85,63.93,164066,216091.4,63.74988178344773,63.89848999999989,64.92014387860011,62.87683612139966,63.57828999999972,64.03355999999988,53.21025440545168,35.35676088617263,48.8489300802703
2017-08-24T16:30:00Z,63.94,64.32,63.9,64.235,123276,216000.2,63.77354608669418,63.9802399999999,64.81837897275516,63.14210102724465,63.57991499999972,64.03855999999988,60.97038160534369,44.27705627705635,42.72388328372082
2017-08-24T17:30:00Z,64.235,64.31,64.1,64.19,155646,216476.25,63.79386091173349,64.05073999999989,64.68578376042805,63.41569623957174,63.57791499999971,64.07655999999987,59.40493577323304,50.4329004329006,43.355572532043006
2017-08-24T18:30:00Z,64.19,64.28,64.04,64.07,186908,211638.7,63.807331111161126,64.1122399999999,64.42053774188089,63.80394225811891,63.58566499999972,64.09455999999986,55.325519292942474,56.49350649350635,50.40115440115426
2017-08-24T19:30:00Z,64.08,64.08,63.9,63.98,299222,209865.95,63.81575398378741,64.1282399999999,64.36618280331352,63.89029719668629,63.590164999999715,64.08099999999986,52.418131274965006,47.85954785954764,51.59531826198468
2017-08-25T13:30:00Z,64.12,64.45,64.01,64.25,235956,212194.1,63.836936716285585,64.13923999999989,64.37833759023928,63.9001424097605,63.60316499999972,64.14499999999987,59.32404561385002,52.02020202020179,52.12441879108508
2017-08-25T14:30:00Z,64.24,64.28,63.8,63.9,252204,215218.05,63.84001297402775,64.1287399999999,64.38951349875677,63.86796650124301,63.6173224999997,64.07799999999986,49.32926433110901,45.17195767195768,48.35056918390219
2017-08-25T15:30:00Z,63.89,64.06,63.83,63.99,110696,212792.3,63.84732941431908,64.12223999999989,64.38994935294194,63.85453064705784,63.63207249999971,64.03799999999987,51.587946819703795,43.98148148148167,47.05788039121353
2017-08-25T16:30:00Z,63.98,64.1,63.92,64.01,108634,210173.95,63.8552645648401,64.1147399999999,64.38617636022431,63.84330363977549,63.65507249999971,64.02599999999987,52.098940191666976,32.87037037037089,40.67460317460323
2017-08-25T17:30:00Z,64.0102,64.0112,63.87,63.985,129683,205706.75,63.86159312265278,64.0989899999999,64.36202552544862,63.83595447455119,63.679947499999706,64.02699999999986,51.36904922415058,36.80555555555608,37.885802469136024
2017-08-25T18:30:00Z,63.99,64.01,63.795,63.825,234233,196635.65,63.85980809227947,64.0722399999999,64.33245971034647,63.81202028965332,63.69982249999971,63.94199999999987,46.84566797243667,29.166666666667297,32.947530864197894
2017-08-25T19:30:00Z,63.825,63.91,63.72,63.75,355013,196314.25,63.85445159997315,64.0442399999999,64.31634302763268,63.77213697236712,63.71682249999971,63.91199999999988,44.85192698726733,17.573566717402734,27.848596313208514
2017-08-28T13:30:00Z,64,64,63.57,63.72,164971,193434.45,63.847892985340316,64.0182399999999,64.30926916974647,63.72721083025335,63.733322499999716,63.85799999999987,44.04444084779339,11.44982934366527,19.396687575911574
2017-08-28T14:30:00Z,63.7,63.91,63.59,63.82,106686,192570.75,63.84653235190908,64.00813999999991,64.31169712747491,63.70458287252491,63.749072499999706,63.819999999999865,47.441185933856325,16.521378165213825,15.18159140876042
2017-08-28T15:30:00Z,63.84,63.8685,63.71,63.71,58436,190196.6,63.83987223718181,63.98763999999991,64.31281824288364,63.662461757116176,63.7630724999997,63.76499999999987,44.25850006492359,20.45454545454546,16.141917654474664
2017-08-28T16:30:00Z,63.7,63.8,63.63,63.75,64869,186390.7,63.83548822561196,63.9676399999999,64.29954855614803,63.635731443851775,63.779447499999705,63.749999999999865,45.685442566382285,21.590909090909136,19.522277570222617
2017-08-28T17:30:00Z,63.75,63.89,63.7,63.89,79625,184115.4,63.83814733655772,63.951639999999905,64.26564192617893,63.637638073820874,63.801697499999705,63.777999999999864,50.46505051702853,24.242424242424292,22.095959595959442
2017-08-28T18:30:00Z,63.87,63.94,63.72,63.75,96338,173433.05,63.83384746648173,63.93913999999992,64.26415724514048,63.61412275485935,63.82619749999971,63.783999999999864,46.096579912815876,25.75757575757577,23.863636363636207
2017-08-28T19:30:00Z,63.75,63.77,63.61,63.73,170183,170403.3,63.82878173640945,63.92663999999991,64.26342659362464,63.58985340637516,63.8499474999997,63.76599999999987,45.49075312092632,24.999999999999897,24.999999999999797
2017-08-29T13:30:00Z,63.31,63.54,63.08,63.105,228909,166277.7,63.79347531024313,63.87949999999991,64.36593499056559,63.39306500943423,63.85724499999971,63.64499999999987,31.540478574815282,13.573232323232205,21.443602693602433
2017-08-29T14:30:00Z,63.13,63.6,63.115,63.47,114647,163806.75,63.777696026816635,63.85649999999991,64.37373398964402,63.3392660103558,63.877494999999705,63.588999999999864,42.60924229764211,19.50014854426617,19.357793622499234
2017-08-29T15:30:00Z,63.43,63.68,63.43,63.62,59588,160622.35,63.77000353770363,63.825749999999914,64.32201882840056,63.32948117159926,63.90299499999969,63.53499999999987,46.441681464923775,31.08660130718971,21.386660724895837
2017-08-29T16:30:00Z,63.62,63.74,63.57,63.7,41889,154934.5,63.76658873098638,63.80124999999991,64.27083359218139,63.33166640781843,63.9259949999997,63.524999999999864,48.42000807452118,52.585742200660604,34.39083068403864
2017-08-29T17:30:00Z,63.675,63.71,63.55,63.61,71464,149162.3,63.75895025630412,63.778249999999915,64.23788327778192,63.31861672221792,63.9452449999997,63.50099999999986,46.345953928450456,58.837059932054075,47.50313447996794
2017-08-29T18:30:00Z,63.61,63.67,63.58,63.6138,106721,139537.25,63.7518697559966,63.759939999999915,64.21512114376915,63.30475885623068,63.9440899999997,63.602759999999854,46.45025251677525,60.5305808186695,57.31779431712787
2017-08-29T19:30:00Z,63.61,63.61,63.44,63.48,242341,139856.5,63.738607816679696,63.721439999999916,64.13241736390611,63.31046263609371,63.9303399999997,63.604759999999864,43.2614048647929,52.82974910394251,57.399129951555175
2017-08-30T13:30:00Z,63.47,63.88,63.43,63.64,146110,134551.8,63.733797679280684,63.70843999999992,64.11239068218892,63.30448931781091,63.918589999999696,63.60875999999986,47.870130769102204,55.53875968992255,56.29969653751133
2017-08-30T14:30:00Z,63.65,63.91,63.63,63.88,144183,136226.15,63.74092949980358,63.70293999999991,64.09420271691103,63.3116772830888,63.9125899999997,63.64475999999986,53.91685736339258,67.20593191776236,58.52481357054228
2017-08-30T15:30:00Z,63.9,64,63.83,63.9769,98548,135721.85,63.75244025591072,63.701284999999906,64.08758696109535,63.314983038904465,63.908012499999714,63.718139999999856,56.12946227955436,85.20955510616825,69.31808223795086
2017-08-30T16:30:00Z,63.97,64.23,63.92,64.17,143804,136427.9,63.77280902391507,63.710534999999915,64.13092394507575,63.29014605492408,63.904762499999705,63.82937999999986,60.227601835200964,95.09833164812967,82.50460622401991
2017-08-30T17:30:00Z,64.16,64.37,64.13,64.25,118782,130655.35,63.79608663250458,63.731784999999924,64.21189401380441,63.25167598619543,63.90201249999971,63.98337999999986,61.818910752694315,94.32313784967977,91.54367486799238
2017-08-30T18:30:00Z,64.23,64.28,64.17,64.23,143052,120057.3,63.81725313823607,63.755784999999925,64.28283143546393,63.228738564535924,63.900012499999704,64.10137999999986,61.16009261896485,91.54252331198735,93.65466426993208
2017-08-30T19:30:00Z,64.225,64.27,64.14,64.25,286839,126150.7,63.83836274124894,63.78228499999992,64.35111056652673,63.21345943347311,63.9002624999997,64.17537999999986,61.60080073394138,90.18087855297148,92.01551323821268
2017-08-31T13:30:00Z,64.25,64.72,64.15,64.53,262828,133957.8,63.87210114411485,63.81778499999992,64.47356894699594,63.162001053003905,63.91296249999969,64.28599999999986,67.21028818310587,89.33565166992686,90.35301784496171
2017-08-31T14:30:00Z,64.51,64.61,64.23,64.45,192305,140651.25,63.90029133220681,63.854784999999914,64.56344022303851,63.146129776961324,63.921212499999704,64.34199999999986,64.31921944978521,85.97647854331198,88.49766958873658
2017-08-31T15:30:00Z,64.47,64.66,64.35,64.6,145837,144699.65,63.93442346234306,63.89728499999991,64.67435663449615,63.120213365503666,63.9324624999997,64.41199999999986,67.17069893511422,85.97647854331194,87.09620291885007
2017-08-31T16:30:00Z,64.6181,64.63,64.51,64.6,136808,147558.8,63.966890610521446,63.93278499999991,64.76797981867557,63.09759018132424,63.9422124999997,64.48599999999985,67.17069893511422,86.82170542635653,86.25822083765996
2017-08-31T17:30:00Z,64.6,64.68,64.5325,64.67,276296,156556.7,64.0011886295204,63.97878499999992,64.86822387093918,63.08934612906066,63.958962499999686,64.56999999999985,68.53178071581601,92.50645994832034,88.43488130599609
2017-08-31T18:30:00Z,64.67,64.72,64.56,64.585,202609,158178,64.02966723295843,64.02153499999991,64.9407258317326,63.102344168267216,63.97408749999969,64.58099999999986,65.00733739069472,92.11886304909551,90.48234280792394
2017-08-31T19:30:00Z,64.585,64.76,64.5625,64.71,372856,165375.35,64.06285419720436,64.10178499999992,64.96546379743508,63.23810620256476,63.990642499999694,64.63299999999985,67.64273468268729,93.96650541081361,92.86394280274298
2017-09-01T13:30:00Z,64.78,64.86,64.24,64.625,366808,177983.4,64.0902759436822,64.15953499999992,65.00067776144856,63.31839223855128,64.00801749999968,64.63799999999986,64.1070888295022,88.88993138925936,91.65843328305597
2017-09-01T14:30:00Z,64.63,64.74,64.41,64.41,163970,183202.5,64.10587223911234,64.19903499999992,65.00873067439653,63.389339325603316,64.01239249999969,64.59999999999987,56.11708606111136,77.81519668616617,86.89054449541287
2017-09-01T15:30:00Z,64.41,64.59,64.33,64.59,152071,188711.6,64.12948822744833,64.24353499999992,65.0362831473554,63.45078685264444,64.02239249999968,64.58399999999986,60.55015884386018,69.49386143314038,78.73299650285513
2017-09-01T16:30:00Z,64.6,64.65,64.46,64.46,111264,190701.6,64.14561075293867,64.28603499999993,65.02787239804321,63.54419760195665,64.0321424999997,64.55899999999986,56.13921743997431,57.597584936128676,68.30221435181156
2017-09-01T17:30:00Z,64.46,64.47,64.26,64.31,102636,190497.35,64.1536297406002,64.32084499999992,64.99553801607418,63.64615198392566,64.04039249999968,64.47899999999984,51.47927045868232,46.697728769282385,57.92972504618363
2017-09-01T18:30:00Z,64.3,64.35,64.04,64.17,123708,184565.7,64.15442828983922,64.35534499999991,64.91534182672285,63.79534817327697,64.03839249999969,64.38799999999985,47.514970187409226,28.223416366583635,44.17291002399804
2017-09-01T19:30:00Z,64.1601,64.25,64.14,64.16,150180,184769.2,64.15470008057876,64.38134499999991,64.84629734803177,63.916392651968046,64.04489249999969,64.33799999999987,47.23516469179166,18.03297199638632,30.984705710750593
2017-09-05T13:30:00Z,64.17,64.46,63.74,63.74,159046,185512.35,64.1344708083554,64.37434499999992,64.87232090898914,63.8763690910107,64.0386424999997,64.16799999999986,37.300117168672614,10.162601626015853,18.80632999632842
2017-09-05T14:30:00Z,63.75,63.86,63.53,63.605,154945,188332.2,64.10864296404539,64.35574999999992,64.93314306372929,63.778356936270534,64.02851749999971,63.996999999999865,34.76870865040007,6.757748028607735,11.651107217003117
2017-09-05T15:30:00Z,63.62,63.725,63.45,63.45,385082,200396.1,64.07651403897,64.31974999999991,65.01643841675589,63.62306158324393,64.0151424999997,63.82499999999986,32.076998009421985,1.879699248120282,6.266682967581104
2017-09-05T16:30:00Z,63.45,63.56,63.27,63.365,260208,207467.4,64.04180603706902,64.27549999999992,65.08721361947116,63.463786380528695,64.0036424999997,63.66399999999986,30.674540268133285,3.871313503885462,4.169586926870974
2017-09-05T17:30:00Z,63.36,63.75,63.32,63.7461,255560,213092.8,64.02738135233395,64.25130499999992,65.09521034418216,63.40739965581767,64.0035449999997,63.58121999999986,42.758557658692396,11.97274633123689,5.9079196944140255
2017-09-05T18:30:00Z,63.73,63.835,63.565,63.825,163392,206920.45,64.01750909124449,64.23005499999991,65.09418278565481,63.365927214345,64.0061699999997,63.598219999999856,44.899936088681585,23.60796645702307,13.150675430714955
2017-09-05T19:30:00Z,63.81,63.83,63.64,63.64,267661,207162.1,63.99909401362281,64.18555499999992,65.0746193452176,63.29649065478224,64.00166999999969,63.60521999999986,41.024622449382875,29.373165618448635,21.651292802236014
2017-09-06T13:30:00Z,63.81,63.9,63.43,63.575,289780,212035.85,63.97840650076316,64.14180499999993,65.06014502958027,63.223464970419606,63.9982949999997,63.63021999999986,39.72721737456172,26.30813331621967,26.42975513056361
2017-09-06T14:30:00Z,63.58,63.655,63.19,63.26,271870,218337.5,63.94336228121374,64.07480499999993,65.0437837871431,63.105826212856755,63.98604499999969,63.60921999999986,34.09918175145083,16.271086706415222,23.984128547027655
2017-09-06T15:30:00Z,63.2502,63.655,63.14,63.655,348544,228924.3,63.9292958284716,64.02755499999992,64.98153137808181,63.07357862191804,63.9801699999997,63.59099999999986,44.68210326851437,19.88292671085801,20.820715577830782
2017-09-06T16:30:00Z,63.65,63.86,63.51,63.855,318630,231041,63.92567164171689,63.986804999999926,64.89611056466705,63.07749943533279,63.982794999999705,63.59699999999985,49.13602564135234,30.886626436362146,22.346879951211605
2017-09-06T17:30:00Z,63.86,64.15,63.78,63.84,294750,235648.05,63.9214925372429,63.94955499999993,64.81790357628282,63.081206423717056,63.9855449999997,63.636999999999865,48.81855189000485,46.96522059714825,32.57825791478928
2017-09-06T18:30:00Z,63.82,63.89,63.64,63.78,237424,228876.45,63.91459046225544,63.903054999999924,64.70022167638425,63.1058883236156,64.00241999999972,63.67799999999986,47.49660194037695,51.75818333713099,43.203343456880276
2017-09-06T19:30:00Z,63.78,63.81,63.73,63.77,304894,225780.75,63.907537268974686,63.860304999999926,64.58657235431023,63.13403764568962,64.00991999999971,63.77999999999986,47.26687051773688,49.747474747475245,49.49029289391797
2017-09-07T13:30:00Z,64.01,64.16,63.65,63.96,252568,230210.65,63.910096426585675,63.837804999999925,64.52117471687184,63.15443528312801,64.01841999999971,63.84099999999986,52.01578690859707,58.86809269162254,53.4579169254094
2017-09-07T14:30:00Z,63.96,64.11,63.75,63.89,202947,232754.45,63.90911611309369,63.802804999999935,64.39397297099757,63.2116370290023,64.02316999999971,63.847999999999864,50.22134884410409,67.216280451575,58.610615963557414
2017-09-07T15:30:00Z,63.9,64.01,63.655,63.655,149054,234643.95,63.896720205137896,63.76255499999993,64.27342438637648,63.25168561362337,64.02429499999971,63.81099999999985,44.652179000349676,68.13725490196116,64.74054268171939
2017-09-07T16:30:00Z,63.655,63.715,63.495,63.52,225275,240775.9,63.87834360976532,63.72305499999993,64.17755902631255,63.26855097368732,64.0219499999997,63.758999999999865,41.78550483154179,53.75816993464091,63.03723509605884
2017-09-07T17:30:00Z,63.52,63.66,63.365,63.3877,179669,243573.95,63.85440977514262,63.68393999999993,64.11171868768204,63.256161312317815,64.0196424999997,63.68253999999986,39.13395281012503,37.34313725490235,53.07952069716796
2017-09-07T18:30:00Z,63.39,63.39,63.14,63.215,209424,246536.15,63.82321905440396,63.63668999999993,64.05228436429559,63.221095635704266,64.0090174999997,63.53353999999987,35.928897245476236,22.964052287582106,38.02178649237494
2017-09-07T19:30:00Z,63.22,63.37,63.155,63.339,259660,251566.85,63.79959861272572,63.616639999999926,64.04872788647434,63.18455211352551,63.995492499999706,63.42333999999986,39.7447430747159,17.049019607843377,25.7854030501091
2017-09-08T13:30:00Z,63.4,63.54,63.08,63.29,250576,256348.4,63.77474014381227,63.600889999999936,64.05588377097968,63.145896229020195,63.9783199999997,63.35033999999987,38.76232241107723,15.435729847494736,18.48293391430656
2017-09-08T14:30:00Z,63.27,63.47,63.14,63.39,168091,245498.85,63.75597233191898,63.59788999999993,64.05759065437647,63.13818934562339,63.9588199999997,63.32433999999986,41.917692192751865,22.55265068990576,18.345800048414446
2017-09-08T15:30:00Z,63.36,63.39,62.875,62.95,139275,239452.2,63.71665660841074,63.57713999999994,64.108842154995,63.045437845004884,63.92631999999969,63.23679999999986,33.69164607662431,17.99490800787846,18.661096181759476
2017-09-08T16:30:00Z,62.95,63.01,62.84,62.92,94884,231418.4,63.677795310439485,63.53583499999994,64.13294459557518,62.9387254044247,63.89356999999969,63.177799999999856,33.21306448909907,13.533628546598928,18.027062414794205
2017-09-08T17:30:00Z,62.91,62.91,62.67,62.79,158352,231166.4,63.63448822212536,63.484084999999936,64.14767998877957,62.8204900112203,63.857069999999695,63.067999999999856,31.148280543897172,6.650291070420156,12.72627587496567
2017-09-08T18:30:00Z,62.8,62.805,62.585,62.65,381326,236849.65,63.58646440641193,63.434584999999934,64.1861400340025,62.68302996599736,63.81006999999969,62.93999999999986,29.05352267805752,6.080427154252615,8.754782257090389
2017-09-08T19:30:00Z,62.655,62.85,62.64,62.73,376983,241209.8,63.544685654879636,63.39233499999993,64.20044356271578,62.58422643728409,63.767069999999684,62.80799999999986,31.872981585966414,7.129008202833621,6.619908809168618
2017-09-11T13:30:00Z,63.16,63.5,62.89,62.93,187796,237006.1,63.51470098878794,63.375834999999924,64.20721858724322,62.544451412756636,63.725319999999684,62.80399999999986,38.45764713436283,11.985428051001767,8.39828780269582
2017-09-11T14:30:00Z,62.9488,63.02,62.76,62.95,169476,228052.7,63.48715459909097,63.34058499999993,64.18136373970192,62.499806260297945,63.68406999999969,62.80999999999987,39.09162780199131,19.14777837124689,12.754071541693913
2017-09-11T15:30:00Z,62.96,62.97,62.82,62.91,96200,216931.2,63.459000716208486,63.293334999999935,64.11924950473573,62.46742049526414,63.64006999999968,62.833999999999854,38.24309309896415,25.6660159514313,18.933074124559806
2017-09-11T16:30:00Z,62.9173,63.03,62.89,62.97,79662,206176.8,63.4351470227349,63.24983499999994,64.04714695220818,62.45252304779169,63.59969499999969,62.89799999999987,40.33518190999235,30.06301684099796,24.958937054558536
2017-09-11T17:30:00Z,62.965,63.02,62.86,62.99,259734,207292.3,63.413432533821,63.210334999999944,63.97633317828266,62.44433682171723,63.55669499999969,62.94999999999986,41.052029560696866,35.66113079954183,30.46338786399018
2017-09-11T18:30:00Z,62.99,63,62.92,62.94,176777,200886.45,63.39033826387851,63.16883499999993,63.898105477352175,62.439564522647686,63.514569999999686,62.95199999999986,39.76572978314896,38.46503510694432,34.729727582494526
2017-09-11T19:30:00Z,62.945,63.06,62.94,63.03,336843,205100.2,63.37276078759176,63.12233499999993,63.756253803271456,62.4884161967284,63.480069999999685,62.96799999999986,43.21478408160509,42.05933682373483,38.72850091007348
2017-09-12T13:30:00Z,63.01,63.49,62.59,63.49,168843,203395,63.378479773562894,63.102334999999925,63.65859631372087,62.54607368627898,63.45256999999968,63.083999999999854,56.82318241403884,60.89224577766345,47.13887256944736
2017-09-12T14:30:00Z,63.49,63.76,63.3,63.37,279129,209898.75,63.37806612607202,63.088084999999936,63.59980327125192,62.57636672874795,63.425319999999694,63.16399999999986,53.238848334124434,70.77082436739279,57.90746898959684
2017-09-12T15:30:00Z,63.3921,63.42,63.06,63.16,93052,203287.6,63.367428754068506,63.070084999999935,63.54367113697498,62.59649886302489,63.39656999999969,63.19799999999985,47.58230478415349,71.55059489206684,67.7378883457075
2017-09-12T16:30:00Z,63.17,63.23,63.05,63.2,97141,199161.2,63.35926149777248,63.060699999999926,63.515816732320886,62.605583267678966,63.37231999999968,63.249999999999865,48.70035729987536,56.0283687943263,66.11659601792846
2017-09-12T17:30:00Z,63.19,63.24,62.92,62.92,136859,195532.95,63.337834107637235,63.045949999999934,63.499225401972325,62.59267459802754,63.34131999999969,63.22799999999986,41.95438753002955,43.262411347517876,56.94712501130349
2017-09-12T18:30:00Z,62.92,63.01,62.86,62.935,167644,190932.15,63.31818366336225,63.02574999999994,63.460620957905135,62.59087904209474,63.32119499999969,63.11699999999986,42.41458334802959,36.779414438989136,45.35673152694426
2017-09-12T19:30:00Z,62.935,63,62.875,62.98,232422,190024.45,63.301686899295795,63.01024999999994,63.42810733214497,62.59239266785492,63.30556999999969,63.03899999999986,43.85274510422336,30.443717039461717,36.82851427532273
2017-09-13T13:30:00Z,62.93,63.43,62.8,63.045,400734,201656.6,63.289165587135024,62.99299999999994,63.37354434699784,62.61245565300204,63.29544499999969,63.01599999999986,45.95244301738395,33.90313390313386,33.70875512719473
2017-09-13T14:30:00Z,63.04,63.16,62.685,62.72,250231,207204.4,63.26140141215283,62.98149999999994,63.38002352506237,62.58297647493751,63.279319999999686,62.91999999999986,38.250207831402825,27.777777777777615,30.70820957345755
2017-09-13T15:30:00Z,62.72,62.88,62.59,62.775,202665,212593.45,63.23767451399903,62.97424999999994,63.38215041680606,62.56634958319382,63.255042499999696,62.89099999999986,40.08058155237715,21.937321937321798,27.872744539410917
2017-09-13T16:30:00Z,62.78,62.83,62.63,62.83,133403,211346,63.217787952340544,62.976249999999936,63.38089645066286,62.57160354933701,63.230167499999695,62.869999999999855,41.93415461099522,15.811965811965544,21.84235517568814
2017-09-13T17:30:00Z,62.825,62.94,62.8,62.89,88603,196709.85,63.20179829612881,62.98824999999994,63.36688273766759,62.609617262332286,63.21141749999968,62.85199999999986,43.97041253749256,20.65527065527046,19.46818613485242
2017-09-13T18:30:00Z,62.89,62.89,62.72,62.74,118622,183791.8,63.179271549976185,62.98874999999994,63.366041333097556,62.61145866690232,63.19054249999969,62.79099999999986,40.1771264478509,19.658119658119556,18.70845204178501
2017-09-13T19:30:00Z,62.74,62.84,62.7,62.79,310599,189931.95,63.160282693879786,62.981749999999934,63.368224772828775,62.59527522717109,63.17879249999969,62.80499999999986,41.974094729751755,18.518518518518434,19.61063627730264
2017-09-14T13:30:00Z,62.47,62.61,62.1,62.195,565718,209744.05,63.11319573320272,62.943999999999924,63.46096808415909,62.42703191584076,63.14229249999969,62.688999999999865,30.307290745136555,11.879140493598264,16.68525955674524
2017-09-14T14:30:00Z,62.19,62.34,61.97,62.195,575587,233713.4,63.06840569743674,62.90824999999993,63.519897570121934,62.29660242987793,63.100792499999685,62.56199999999986,30.30729074513657,12.7426225214639,14.380093844526689
2017-09-14T15:30:00Z,62.19,62.19,61.7,61.85,446349,252047.75,63.00897127317153,62.85224999999993,63.61696220079001,62.08753779920984,63.051042499999674,62.35399999999986,25.53452756079065,9.9347902338629,11.518851082974843
2017-09-14T16:30:00Z,61.85,62.01,61.78,61.965,301291,254125.6,62.95804584521195,62.80099999999993,63.65418579455815,61.94781420544171,63.005667499999674,62.19899999999986,29.518890843777683,13.133132736822757,11.936848497383005
2017-09-14T17:30:00Z,61.965,62.05,61.49,61.5069,333463,261959.9,62.887258243006485,62.72934499999993,63.748395050751185,61.71029494924868,62.94908999999967,61.942379999999865,24.008151826508794,8.286524442325712,10.45148247100361
2017-09-14T18:30:00Z,61.5,61.56,61.08,61.29,824075,286321.5,62.809343206762264,62.642344999999935,63.82744040794429,61.45724959205558,62.88233999999967,61.76137999999986,21.921438446681478,8.375074436176439,9.931577205108121
2017-09-14T19:30:00Z,61.285,61.38,61.14,61.17,778842,316821.45,62.72937524545679,62.52634499999992,63.807158525045196,61.245531474954646,62.814339999999675,61.55637999999986,20.842113521931594,4.545697155809147,7.069098678103585
2017-09-15T13:30:00Z,61.33,61.89,61.3,61.41,979444,351837.2,62.66501547738572,62.42834499999992,63.73561764407104,61.1210723559288,62.758214999999666,61.46837999999987,28.431706706043926,9.543780687397815,7.488184093127619
2017-09-15T14:30:00Z,61.39,61.48,60.995,61.13,755680,384968.6,62.59013667361081,62.32684499999992,63.7044621115145,60.94922788848534,62.69846499999967,61.30137999999986,25.374949358784065,8.878681961805812,7.656053268337412
2017-09-15T15:30:00Z,61.13,61.15,60.92,61.015,360925,398157.8,62.51330073831272,62.217594999999925,63.64650863837558,60.78868136162427,62.63914749999966,61.20299999999986,24.223058062122945,9.169742982801466,9.19740187733485
2017-09-15T16:30:00Z,61.01,61.06,60.82,60.97,407057,411667.7,62.4380177754682,62.12009499999992,63.60885061659273,60.63133938340711,62.583022499999664,61.13899999999986,23.768378714500713,6.239772010377667,8.096065651661467
2017-09-15T17:30:00Z,60.98,61.13,60.73,61.04,395657,423068.35,62.36982178642097,62.02534499999994,63.53563968843951,60.515050311560366,62.52554749999966,61.112999999999865,26.09237647669157,8.71009794899832,8.039870980725636
2017-09-15T18:30:00Z,61.03,61.23,60.95,61.07,487755,435835,62.306415845619945,61.92984499999993,63.42810152874735,60.43158847125251,62.470047499999666,61.04499999999987,27.117862040885626,12.513689208598265,9.154519722657902
2017-09-15T19:30:00Z,61.07,61.2,60.92,61.03,847990,458197.8,62.24415165802873,61.829094999999924,63.28422401350194,60.37396598649791,62.411047499999675,61.024999999999864,26.588135639090083,15.474347578730828,12.232711578775623
2017-09-18T13:30:00Z,60.95,61.67,60.75,61.46,951577,493265.1,62.205900357637084,61.76609499999993,63.16967197542019,60.36251802457967,62.37379749999968,61.11399999999986,40.12796876740111,25.80426859705764,17.930768461462062
2017-09-18T14:30:00Z,61.457,61.49,60.95,61.01,279936,497128.65,62.14756375482552,61.677844999999934,63.037857553592204,60.317832446407664,62.326047499999675,61.121999999999865,33.22230326269543,26.825714635708106,22.701443603832008
2017-09-18T15:30:00Z,61,61.215,60.82,61.2142,350258,507971.4,62.10203381556574,61.59705499999993,62.86237201874691,60.33173798125296,62.286652499999676,61.156839999999875,38.40253411915817,33.73383842681058,28.787940553191927
2017-09-18T16:30:00Z,61.22,61.79,61.215,61.77,1138794,560480.95,62.08583704407473,61.541054999999936,62.66360735865802,60.41850264134185,62.26465249999967,61.296839999999875,49.814135153616924,44.88259305382621,35.14738203878145
2017-09-18T17:30:00Z,61.78,61.99,61.72,61.77,488729,578986.3,62.07043035899791,61.49255499999994,62.4793194794604,60.50579052053948,62.24065249999967,61.444839999999864,49.814135153616924,66.00312650312681,48.20651932792102
2017-09-18T18:30:00Z,61.75,61.7699,61.51,61.63,328114,579862.05,62.04894595124191,61.434554999999946,62.226611600201515,60.64249839979838,62.20815249999968,61.47883999999986,47.256580703060955,77.58537758537791,62.82369904744346
2017-09-18T19:30:00Z,61.635,61.9,61.6,61.78,414018,572277.05,62.035826636547185,61.41380499999993,62.14445028871863,60.683159711281235,62.17890249999967,61.632839999999874,50.206389192408054,79.10052910052927,74.22967772967782
2017-09-19T13:30:00Z,62.01,64.5,61.33,63.646,3372675,712131.45,62.114371678666835,61.486354999999946,62.66418109324202,60.30852890675787,62.19730249999967,62.119199999999864,71.53441667297345,77.369794956002,78.01856721396955
2017-09-19T14:30:00Z,63.625,64.87,63.4301,64.4486,2498258,814726.9,62.22823647482943,61.616284999999934,63.36221702534586,59.870352974654004,62.23426749999967,62.65491999999987,76.24707874786053,83.5006898260272,79.99033796085264
2017-09-19T15:30:00Z,64.46,64.85,64.02,64.49,897938,844559.25,62.33856640288653,61.74253499999994,63.89005671982601,59.595013280173866,62.27176749999967,63.19891999999986,76.46353657134327,85.9966640611318,82.28904961438683
2017-09-19T16:30:00Z,64.5,64.97,64.43,64.93,914524,873612.3,62.464977797867675,61.91368999999994,64.46624857045872,59.36113142954117,62.32151749999967,63.85891999999986,78.686572922896,93.23303861695989,87.57679750137278
2017-09-19T17:30:00Z,64.93,65.12,64.83,65,694101,867113.6,62.58863741748389,62.09918999999995,64.96365823958944,59.234721760410466,62.37076749999967,64.50291999999986,79.02597706891237,95.71062146296379,91.64677471368498
2017-09-19T18:30:00Z,65,65.18,64.8,64.995,879676,872155.3,62.70602095809443,62.29043999999995,65.382904445328,59.19797555467189,62.40839249999967,64.77271999999986,78.92929215575026,97.3781787051604,95.44061292836118
2017-09-19T19:30:00Z,64.995,65.46,64.97,65.42,1294340,887900.1,62.83841017965079,62.49093999999995,65.83852563529248,59.14335436470742,62.45964249999967,64.96699999999987,81.05140933244013,97.40955848056132,96.83278621622833
2017-09-20T13:30:00Z,65.32,65.47,64.42,64.53,678680,884050.1,62.920926756253195,62.66093999999996,66.05974143368385,59.26213856631607,62.493892499999674,64.97499999999987,66.04952834407406,91.58653903386141,95.45809207319421
2017-09-20T14:30:00Z,64.5417,64.67,63.9,63.915,474272,889717.45,62.96941813399694,62.80593999999995,66.15861964255707,59.45326035744283,62.511767499999664,64.77199999999986,58.05335401984076,81.83160970709783,90.27590240717332
2017-09-20T15:30:00Z,63.92,64,63.69,63.92,562954,897512.3,63.01578798111904,62.953439999999965,66.22873030554689,59.67814969445304,62.53676749999967,64.55599999999986,58.0977689774331,69.97211798053321,81.13008890716397
2017-09-20T16:30:00Z,63.935,64,63.5491,63.7732,365130,895985.95,63.05273490886933,63.090099999999964,66.26105782501294,59.91914217498699,62.55772249999967,64.31163999999987,56.215721668951524,63.04863348622124,71.61745372461725
2017-09-20T17:30:00Z,63.77,63.89,63.19,63.205,610462,902121.3,63.060162474290344,63.19684999999996,66.22931943562683,60.16438056437308,62.563347499999665,63.86863999999987,49.52795199120014,55.95887191539376,62.99320779404922
2017-09-20T18:30:00Z,63.19,63.51,63.09,63.305,563503,887896.95,63.0721057682274,63.310599999999965,66.17545708683852,60.44574291316141,62.569847499999675,63.62363999999987,50.64089831352411,50.669887278583026,56.55913089339916
2017-09-20T19:30:00Z,63.3,63.56,63.3,63.521,647795,872707.85,63.094003047826064,63.41364999999996,66.15022422300424,60.67707577699567,62.58987249999967,63.544839999999866,53.0491674686591,48.639291465378506,51.75601688645158
2017-09-21T13:30:00Z,63.74,63.99,63.22,63.475,342579,875840,63.11258826500528,63.53689999999996,66.04156012225448,61.03223987774545,62.60737249999968,63.455839999999874,52.46212112709027,38.93482997063566,46.08133623819888
2017-09-21T14:30:00Z,63.46,63.56,63.24,63.46,191427,867898.45,63.12953517890746,63.64918999999996,65.91746727926058,61.380912720739346,62.62312249999967,63.393199999999865,52.25903823627969,28.21513146321334,38.59641763307565
2017-09-21T15:30:00Z,63.46,63.66,63.36,63.65,131261,817521.8,63.15492370676563,63.743189999999956,65.84163393196796,61.64474606803196,62.642122499999665,63.482199999999864,54.65355437154063,18.41736694677867,28.52244279354237
2017-09-21T16:30:00Z,63.64,63.76,63.53,63.73,122485,799209.6,63.18297620887462,63.84118999999996,65.73496664353783,61.94741335646209,62.66687249999967,63.56719999999986,55.661934807291864,21.988795518207187,22.873764642732883
2017-09-21T17:30:00Z,63.72,63.785,63.56,63.6,153419,790474.85,63.203318832831954,63.93968999999996,65.5463459232174,62.333034076782525,62.68712249999967,63.582999999999856,53.57697633927222,23.94957983193269,21.45191409897267
2017-09-21T18:30:00Z,63.59,63.64,63.37,63.5,153519,777449.9,63.21779108488893,64.02568999999995,65.31315748914771,62.738222510852204,62.71974749999966,63.587999999999866,51.964522171105344,21.848739495798252,22.595704948645864
2017-09-21T19:30:00Z,63.47,63.51,63.34,63.38,384864,628059.35,63.22570371489435,64.01238999999995,65.32060068319052,62.70417931680939,62.74937249999967,63.57199999999985,50.019112415391355,16.946778711484594,20.915032679738335
2017-09-22T13:30:00Z,63.85,64.53,63.41,64.29,1967269,601509.9,63.277620606850725,64.00445999999995,65.30389113769814,62.70502886230176,62.81037249999967,63.69999999999986,61.72210701888222,35.12037726483009,24.638631824037464
2017-09-22T14:30:00Z,64.28,64.41,63.69,63.98,738310,593528.5,63.31188301627264,63.97895999999995,65.25915143944158,62.69876856055832,62.86074749999966,63.749999999999865,56.839536203156584,49.979932197914344,34.015696058076166
2017-09-22T15:30:00Z,63.97,63.97,63.6675,63.685,719684,583786.5,63.33008384474714,63.916709999999945,65.12492229575851,62.708497704241374,62.91519999999967,63.76699999999986,52.57717671965737,59.69145569620255,48.26392171964881
2017-09-22T16:30:00Z,63.67,63.7,63.48,63.7,251080,561635.45,63.348128535247284,63.85170999999995,64.95514380028939,62.7482761997105,62.97544999999967,63.80699999999986,52.77111394515673,48.49537037037032,52.722252754828894
2017-09-22T17:30:00Z,63.69,64.26,63.6,64.25,378795,536591.4,63.39212226523522,63.81445999999994,64.80558082090208,62.82333917909781,63.052449999999666,63.98099999999986,59.33746810831668,54.74537037037039,54.31073214564757
2017-09-22T18:30:00Z,64.25,64.29,64.005,64.105,636003,503674.55,63.42689678888229,63.748709999999946,64.43161496529532,63.06580503470456,63.11982499999967,63.94399999999986,57.08415185325476,63.49130619168798,55.57734897747605
2017-09-22T19:30:00Z,64.1,64.11,63.99,64.07,559069,497694,63.45826767722949,63.72570999999995,64.32804365473028,63.12337634526963,63.193324999999675,63.961999999999854,56.52616065005597,70.9994345490528,63.078703703703546
2017-09-25T13:30:00Z,64.11,64.469,63.5,63.61,1487790,548369.9,63.465669253950004,63.71045999999994,64.30827870297426,63.11264129702562,63.25819999999967,63.94699999999985,49.65612353885734,53.708306211412804,62.73301565071768
2017-09-25T14:30:00Z,63.61,63.61,62.98,63.245,865836,563514,63.45490490009878,63.67670999999994,64.29910870792406,63.054311292075816,63.31507499999967,63.85599999999986,44.98426250956445,36.888146973129864,53.86529591119831
2017-09-25T15:30:00Z,63.24,63.29,62.9057,63.11,440000,567257.5,63.43808027082567,63.64354999999995,64.31089682888427,62.97620317111563,63.36682499999968,63.62799999999985,43.359366332708255,19.452223508584904,36.682892231042345
2017-09-25T16:30:00Z,63.13,63.75,63.09,63.43,326503,553059.55,63.4376861112732,63.654799999999945,64.29939370150994,63.01020629848995,63.425824999999676,63.492999999999846,48.14113853473983,20.65100665365189,25.663792378455373
2017-09-25T17:30:00Z,63.42,63.42,63.01,63.01,391501,544459.45,63.41682337413793,63.64004999999994,64.32802688189938,62.95207311810049,63.47532499999967,63.28099999999986,43.0089393055972,17.092491124381617,19.065240428872624
2017-09-25T18:30:00Z,63.02,63.06,62.8,62.95,385323,531335.85,63.39405150222876,63.61149999999994,64.36146733263989,62.86153266736,63.51257499999967,63.14899999999985,42.31492665676765,15.790089271596116,17.84452901654303
2017-09-25T19:30:00Z,62.96,63.06,62.88,62.89,815616,554987.7,63.369463624071265,63.58224999999995,64.39429356411684,62.770206435883075,63.559574999999676,63.07799999999986,41.592149034905916,6.76468665856014,13.21575568484578
2017-09-26T13:30:00Z,63.06,63.36,62.88,62.91,514465,571139.6,63.347050764360475,63.554749999999956,64.41717956235513,62.69232043764478,63.60196999999969,63.03799999999986,41.94810064978189,6.821201762619254,9.791992564258324
2017-09-26T14:30:00Z,62.91,63.22,62.88,63,414755,585314.3,63.33012145878192,63.52224999999995,64.41628285735257,62.62821714264733,63.63271999999968,62.95199999999986,43.613401985663586,7.925436181253936,7.170441534144266
2017-09-26T15:30:00Z,63.015,63.15,62.92,63.01,198146,589097.35,63.314505777865726,63.48624999999996,64.40165086848346,62.57084913151647,63.663719999999685,62.95199999999986,43.80629045780582,10.385460355502437,8.377366099791699
2017-09-26T16:30:00Z,63.025,63.18,62.77,63.07,307601,596806.45,63.30257866675033,63.45974999999995,64.39099365771119,62.52850634228871,63.69971999999969,62.975999999999864,45.021521981616004,14.074351234933959,10.795082590563268
2017-09-26T17:30:00Z,63.11,63.21,63.09,63.11,275711,602916.05,63.29318458544543,63.44024999999995,64.38356052682741,62.49693947317248,63.73296999999968,63.019999999999854,45.86207736881821,16.75053394935145,13.73678184659577
2017-09-26T18:30:00Z,63.11,63.21,63.065,63.19,282097,597777.7,63.28815119103346,63.430749999999954,64.38010385922372,62.48139614077619,63.72156999999968,63.075999999999866,47.587991192747424,20.7965469884245,17.207144057569792
2017-09-26T19:30:00Z,63.185,63.2,63,63.04,589128,528870.65,63.276046254885486,63.36824999999995,64.24490429333788,62.491595706662004,63.686354999999686,63.083999999999854,44.70988366453472,20.207965469884154,19.251682135886526
2017-09-27T13:30:00Z,63.03,63.17,62.46,62.505,597155,521812.9,63.23843424245205,63.29449999999995,64.20056787826528,62.388432121734624,63.63672999999968,62.982999999999855,36.281534859071265,14.700165624101722,18.568226027469947
2017-09-27T14:30:00Z,62.515,62.88,62.47,62.75,556357,513646.55,63.21460818184463,63.247749999999954,64.16481856342459,62.330681436575325,63.582229999999676,62.918999999999855,41.701463846093226,13.953564416216901,16.287231836734083
2017-09-27T15:30:00Z,62.74,62.75,62.38,62.552,368569,519521,63.18228583151075,63.19034999999995,64.13042622564423,62.25027377435567,63.521029999999676,62.80739999999986,38.8270673870378,12.841245591203174,13.831658543840424
2017-09-27T16:30:00Z,62.56,62.64,62.43,62.44,319759,516569.2,63.146076766559005,63.09984999999995,63.95951022940873,62.240189770591165,63.45715499999967,62.65739999999986,37.2624633496869,13.60153181660548,13.46544727467501
2017-09-27T17:30:00Z,62.435,62.7,62.38,62.63,331903,501364.2,63.120902290141494,63.02609999999995,63.77399435084497,62.27820564915493,63.387404999999674,62.57539999999987,41.56443335916366,14.611393125470157,13.684723511092763
2017-09-27T18:30:00Z,62.63,62.73,62.55,62.65,288399,487830.7,63.097931446719954,62.95509999999994,63.54630788224775,62.36389211775212,63.34040499999967,62.60439999999986,42.01516229533691,19.61015175300872,15.941025565027942
2017-09-27T19:30:00Z,62.65,62.76,62.39,62.39,741760,450529.2,63.06339820541654,62.89409999999994,63.45332406960929,62.33487593039059,63.30227999999967,62.53239999999986,37.92031124161403,18.027210884353654,17.416251920944003
2017-09-28T13:30:00Z,62.12,62.25,61.83,62.01,614841,437979.45,63.01201292710354,62.83234999999993,63.487468088617604,62.17723191138225,63.25452999999966,62.423999999999864,32.87696570141145,13.840356286399327,17.159239641253723
2017-09-28T14:30:00Z,62.01,62.13,61.84,61.94,554521,443705.5,62.959719613586294,62.77384999999994,63.52173402177503,62.025965978224846,63.208699999999666,62.32399999999986,32.03182760974629,7.313687647929534,13.060418272893997
2017-09-28T15:30:00Z,61.96,62.07,61.87,61.98,201613,437461,62.91192841292355,62.701349999999934,63.46176995635847,61.9409300436414,63.17807499999966,62.19399999999986,33.09028112053852,10.596739999304893,10.58359464454441
2017-09-28T16:30:00Z,61.99,62.01,61.86,61.87,556881,445730,62.86110263668338,62.64434999999993,63.47164566058905,61.81705433941082,63.142199999999676,62.03799999999986,31.63145753292096,7.246376811594177,8.385601486276025
2017-09-28T17:30:00Z,61.87,61.93,61.73,61.83,402537,446590.7,62.81080494708907,62.588349999999934,63.47481653068651,61.70188346931336,63.099924999999665,61.92599999999986,31.094624020287768,6.841624232928599,8.228247014609048
2017-09-28T18:30:00Z,61.82,61.9,61.72,61.74,390837,425351.75,62.75857055942619,62.53084999999993,63.47865742243888,61.58304257756098,63.05654999999966,61.87199999999986,29.866419265472175,3.668886277582058,5.918962440701435
2017-09-28T19:30:00Z,61.75,61.96,61.69,61.92,655530,432405,62.71766467847857,62.48134999999993,63.44800118322355,61.5146988167763,63.01804999999966,61.86799999999986,35.365201754575764,7.882882882883109,6.13113113113108
2017-09-29T13:30:00Z,62.13,62.44,62,62.17,654470,444390.75,62.69094932830888,62.43984999999992,63.38489693535905,61.49480306464079,62.98104999999968,61.90599999999986,42.149428697752086,19.076008781891392,10.209259314118677
2017-09-29T14:30:00Z,62.18,62.32,62.05,62.22,258000,447383.45,62.66797619034259,62.400349999999925,63.31223009630095,61.4884699036989,62.94329999999967,61.975999999999864,43.42836057851065,35.13646175823218,20.698451141002053
2017-09-29T15:30:00Z,62.22,62.25,61.68,61.69,273114,445659.1,62.62027003471612,62.33134999999993,63.238937191419225,61.42376280858063,62.89554999999967,61.947999999999865,34.677060336269605,30.264923553360507,28.159131364494517
2017-09-29T16:30:00Z,61.7,61.81,61.52,61.62,685890,466168.05,62.57147637448607,62.25684999999993,63.140851193455084,61.37284880654477,62.84854999999967,61.923999999999864,33.71084129095145,19.507717445110558,28.303034252234237
2017-09-29T17:30:00Z,61.6168,61.67,61.48,61.62,796248,491875.6,62.52506289280382,62.17834999999993,62.99307136956554,61.36362863043432,62.804549999999665,61.86399999999986,33.71084129095145,6.642647351652596,18.805096116707713
2017-09-29T18:30:00Z,61.62,61.72,61.47,61.685,602874,492562.9,62.48408421510607,62.110599999999934,62.84924833312151,61.37195166687836,62.73942499999966,61.76699999999987,35.642011118233555,11.889560931899661,12.679975242887428
2017-09-29T19:30:00Z,61.689,61.73,61.4,61.68,1080761,516743.2,62.444860594857,62.06934999999993,62.807434080593026,61.33126591940683,62.68192499999966,61.658999999999864,35.556201760178354,18.175747863248066,12.235985382266596
2017-10-02T13:30:00Z,61.34,61.62,61.2,61.33,540410,515945.85,62.39047715120544,61.998349999999924,62.734063877827936,61.26263612217191,62.62304999999966,61.58699999999986,30.094347511350833,18.024538185828593,16.029948993658593
2017-10-02T14:30:00Z,61.33,61.39,61.21,61.27,601848,527609.8,62.335819729195414,61.93424999999993,62.68899018710166,61.179509812898196,62.56229999999965,61.51699999999987,29.264434133909333,14.35070306038049,16.8503297031522
2017-10-02T15:30:00Z,61.26,61.37,61.07,61.3,453802,534311.95,62.28529193752735,61.877249999999925,62.64271374834348,61.11178625165637,62.488549999999655,61.45299999999986,30.29943055344556,10.972451141982475,14.449230796063674
2017-10-02T16:30:00Z,61.295,61.39,61.2,61.27,247135,530073.55,62.235765501550404,61.80924999999993,62.535791636814174,61.08270836318568,62.417674999999655,61.369999999999855,29.829395602476907,12.344007534730482,12.55572057903097
2017-10-02T17:30:00Z,61.27,61.45,61.12,61.45,297643,530535.75,62.19743547708453,61.749249999999925,62.38004533132882,61.11845466867103,62.35217499999966,61.32399999999986,36.222330280904586,19.70802919708044,14.341495957930952
2017-10-02T18:30:00Z,61.45,61.78,61.31,61.7,564269,521661.2,62.173170331860895,61.71474999999994,62.27288506431622,61.156614935683656,62.30442499999966,61.39799999999987,43.870978822068885,29.4403892944042,20.497475342071528
2017-10-02T19:30:00Z,61.68,61.68,61.445,61.51,384254,510131.85,62.140820559575,61.689749999999925,62.23744037788451,61.14205962211534,62.261049999999656,61.445999999999856,39.94969891164865,35.27980535279824,28.142741281427448
2017-10-03T13:30:00Z,61.56,61.9,61.54,61.8203,357928,500302.2,62.12518541032744,61.68376499999992,62.22293576805919,61.14459423194066,62.228807499999654,61.55005999999986,48.10741657418885,46.04206326034082,36.92075263584757
2017-10-03T14:30:00Z,61.84,61.99,61.66,61.76,489883,514715.7,62.10737148787244,61.672764999999934,62.19605501244247,61.1494749875574,62.18705749999965,61.64805999999986,46.77754076264507,50.205121530784815,43.84233004797445
2017-10-03T15:30:00Z,61.76,61.83,61.68,61.74,148026,494272.95,62.08945092748842,61.66626499999993,62.18277948878427,61.14975051121559,62.15530749999965,61.70605999999985,46.32017191454147,63.77488774256949,53.34069084456487
2017-10-03T16:30:00Z,61.77,61.84,61.4,61.54,187729,483532.55,62.062648443220695,61.65176499999993,62.165353314823555,61.13817668517631,62.12005749999965,61.67405999999985,41.9074632879034,60.79587324981571,58.25862750772316
2017-10-03T17:30:00Z,61.52,61.64,61.44,61.575,258152,476898.3,62.0388607142831,61.64351499999992,62.15646938113532,61.13056061886453,62.087182499999656,61.687059999999846,42.93205318450497,59.60144927536238,61.39073675591569
2017-10-03T18:30:00Z,61.55,61.8,61.5,61.605,787810,483512.3,62.017696777001,61.62776499999992,62.12489459791831,61.13063540208152,62.054557499999646,61.64399999999985,43.846263839793146,54.71014492753611,58.369155817571226
2017-10-03T19:30:00Z,61.62,61.69,61.485,61.68,711460,486361.8,62.00122376348875,61.60326499999992,62.035096885259065,61.17143311474078,62.021557499999645,61.62799999999985,46.168032660859375,59.78260869565207,58.03140096618335
2017-10-04T13:30:00Z,61.42,62.25,61.28,61.82,1540429,550483.25,61.99238357990394,61.583264999999926,61.92706898067093,61.23946101932892,61.99180749999965,61.64399999999985,50.29904513055661,62.67194792434276,59.054900515843464
2017-10-04T14:30:00Z,61.84,61.93,61.66,61.77,694679,571561.5,61.98153560039643,61.587264999999924,61.93773995934078,61.236790040659066,61.95930749999966,61.68999999999985,48.85702951077383,63.06190125276354,61.838819290919275
2017-10-04T15:30:00Z,61.76,62,61.73,61.765,673069,570920.45,61.97097288818197,61.59451499999992,61.95329916510172,61.23573083489813,61.92568249999967,61.72799999999985,48.70665189854273,59.987000649967705,61.90694994235782
2017-10-04T16:30:00Z,61.77,61.82,61.48,61.58,383929,550304.5,61.95190103997797,61.592514999999935,61.95115453647971,61.23387546352016,61.88543249999966,61.72299999999984,43.385702078657125,52.369881505924894,58.4729278028852
2017-10-04T17:30:00Z,61.58,61.79,61.41,61.75,480369,544179.25,61.942052208759534,61.595764999999936,61.95884856768174,61.23268143231813,61.853182499999676,61.73699999999984,48.9090998098634,48.74707295563065,53.70131837050757
2017-10-04T18:30:00Z,61.75,61.76,61.45,61.54,436626,511972.5,61.922439905893214,61.58876499999993,61.95047830791714,61.227051692082725,61.82905749999967,61.68099999999985,43.29050286606131,38.655232186844245,46.590728882799745
2017-10-04T19:30:00Z,61.535,61.56,61.3,61.51,650323,517468.15,61.90232088609354,61.59776499999994,61.94180197057179,61.25372802942809,61.798057499999665,61.62899999999985,42.53869134347707,32.98969072164937,40.130665288041236
2017-10-05T13:30:00Z,61.51,62.09,61.46,61.52,1122417,543496.6,61.883671086771905,61.610264999999934,61.92245074138163,61.29807925861824,61.77225749999967,61.57999999999985,42.894696443906405,25.085910652920944,32.24361118713801
2017-10-05T14:30:00Z,61.53,61.56,61.32,61.49,378040,539708.5,61.8644676191245,61.61976499999994,61.90391073218984,61.33561926781003,61.74850749999966,61.56199999999984,42.05294653784016,23.367697594501795,27.147766323023856
2017-10-05T15:30:00Z,61.51,61.53,61.36,61.48,180252,536364.35,61.84571310111842,61.63026499999994,61.87467763699629,61.385852363003586,61.71975749999966,61.507999999999846,41.75878172225547,22.33676975945021,23.596792668957466
2017-10-05T16:30:00Z,61.5,61.55,61.37,61.52,216627,532313.55,61.829824657161424,61.63376499999994,61.86960629647756,61.397923703522316,61.69150749999967,61.503999999999834,43.462415415349525,22.33676975945021,22.680412371133887
2017-10-05T17:30:00Z,61.52,61.56,61.46,61.51,288639,518532.05,61.814223454373064,61.624264999999944,61.863944488321614,61.384585511678274,61.66950749999967,61.503999999999834,43.122807743946154,23.024054982817773,22.56586483390588
2017-10-05T18:30:00Z,61.51,61.54,61.46,61.52,451225,521880.6,61.79987109074511,61.62476499999995,61.86352889408403,61.38600110591587,61.65725749999967,61.503999999999834,43.59742903621883,24.39862542955338,23.253150057273604
2017-10-05T19:30:00Z,61.52,61.66,61.475,61.55,612705,534619.45,61.78768225705022,61.61124999999995,61.834294278159504,61.38820572184039,61.647507499999676,61.515999999999835,45.07810663790656,25.429553264604724,24.28407789232511
2017-10-06T13:30:00Z,61.63,62.63,61.6,62.23,1307715,575511.05,61.80925873231607,61.634749999999954,61.980704838116075,61.28879516188383,61.653757499999664,61.66599999999984,66.52771323084724,40.834043872567925,30.220740855575162
2017-10-06T14:30:00Z,62.2,62.51,62.2,62.445,816610,608940.25,61.84027050147138,61.669999999999945,62.16376107584738,61.17623892415251,61.66813249999966,61.85099999999984,70.45643250918639,61.28336304679203,42.51565339465471
2017-10-06T15:30:00Z,62.445,62.49,62.25,62.37,212534,610180.5,61.86611096481424,61.711499999999944,62.28728728713249,61.135712712867395,61.68163249999966,62.02299999999983,67.48097042423598,78.82205513784442,60.31315401906795
2017-10-06T16:30:00Z,62.375,62.53,62.29,62.3,380892,616317.5,61.88727628360379,61.747749999999954,62.373701076376655,61.12179892362325,61.69563249999966,62.17899999999984,64.73318869331149,80.5764411027567,73.56061976246421
2017-10-06T17:30:00Z,62.3,62.47,62.28,62.34,119240,582889,61.909360367330436,61.78449999999996,62.457173026078664,61.111826973921254,61.70613249999966,62.33699999999983,65.59530383691306,77.94486215538836,79.11445279866298
2017-10-06T18:30:00Z,62.34,62.49,62.31,62.49,278890,561260.5,61.937684251850904,61.82499999999995,62.562082084991836,61.08791791500807,61.714132499999664,62.38899999999984,68.6866300707562,80.95238095238096,79.8245614035085
2017-10-06T19:30:00Z,62.49,62.56,62.36,62.41,415508,505014.45,61.960724044443545,61.85449999999996,62.63440319913016,61.074596800869756,61.718882499999665,62.381999999999834,65.31585967328041,83.62509326751992,80.8407787917629
2017-10-09T13:30:00Z,62.31,62.61,61.854,61.94,291500,484855.5,61.9597131154463,61.862999999999964,62.64273970016451,61.083260299835416,61.72513249999967,62.29599999999984,49.840740496305834,73.33601178518798,79.30449533502944
2017-10-09T14:30:00Z,61.94,62,61.81,61.88,315344,466969.25,61.955824670790385,61.86874999999996,62.6472092153801,61.090290784619825,61.73163249999967,62.21199999999984,48.26850611664423,57.15974434493386,71.37361646588042
2017-10-09T15:30:00Z,61.875,61.89,61.65,61.65,192915,457418.55,61.94090639416646,61.872249999999966,62.646100599281006,61.098399400718925,61.732382499999666,62.07399999999984,42.706991872250775,36.8317827955984,55.77584630857324
2017-10-09T16:30:00Z,61.66,61.66,61.28,61.34,439192,455359.7,61.911593887133954,61.85174999999996,62.65849205915663,61.04500794084329,61.72375749999967,61.843999999999845,36.58792116160656,22.53718285214364,38.842903330891794
2017-10-09T17:30:00Z,61.345,61.41,61.18,61.41,549817,461019.25,61.88712589263962,61.845249999999965,62.66394087573385,61.02655912426608,61.71700749999967,61.64399999999985,38.722957709354425,14.176245210727997,24.515070286156504
2017-10-09T18:30:00Z,61.4099,61.5499,61.36,61.515,248285,440917.35,61.86897341007183,61.84549999999997,62.66378418046936,61.02721581953059,61.72163249999967,61.55899999999984,41.88382517789996,14.469987228607948,17.06113843049302
2017-10-09T19:30:00Z,61.51,61.705,61.47,61.56,577773,413685.15,61.85390153640979,61.84749999999997,62.66278215975244,61.0322178402475,61.72888249999967,61.49499999999985,43.23525981172516,21.7241379310345,16.790123456789974
2017-10-10T13:30:00Z,61.69,61.78,61.11,61.3,530449,421305.6,61.82688194926785,61.837999999999965,62.673891141243374,61.00210885875656,61.728882499999656,61.42499999999984,37.770223022419074,20.659003831417674,18.95104299701987
2017-10-10T14:30:00Z,61.32,61.51,61.23,61.46,370112,430798.6,61.80898526881576,61.83699999999997,62.67464789739452,60.999352102605414,61.73363249999966,61.44899999999984,42.58025122561287,20.735632183908123,21.03959131545326
2017-10-10T15:30:00Z,61.465,61.56,61.355,61.5,315260,435730.25,61.79391281667841,61.835999999999956,62.67520557672915,60.996794423270764,61.734882499999664,61.46699999999985,43.75080239179255,20.666666666666714,20.68710089399733
2017-10-10T16:30:00Z,61.5,61.52,61.21,61.23,382545,440425.55,61.76640487440141,61.82199999999996,62.69129511675523,60.95270488324469,61.72313249999966,61.40999999999984,38.10416364598203,19.111111111111153,20.171136653895157
2017-10-10T17:30:00Z,61.23,61.38,61.1499,61.27,144722,425100.4,61.74219000247939,61.80949999999996,62.70266795733819,60.91633204266172,61.71713249999965,61.35199999999984,39.352968111384115,14.88888888888898,18.222222222222108
2017-10-10T18:30:00Z,61.275,61.34,61.2,61.325,312180,410074.15,61.721839270651124,61.79824999999996,62.70968993220163,60.886810067798294,61.70474999999966,61.35699999999984,41.11228901222862,11.000000000000155,14.999999999999922
2017-10-10T19:30:00Z,61.33,61.34,61.11,61.25,658709,377623.85,61.69882272086326,61.74924999999996,62.667919010043335,60.83058098995659,61.69199999999965,61.31499999999985,39.43243194472288,11.444444444444668,12.444444444444427
2017-10-11T13:30:00Z,61.15,61.74,61.1,61.36,352836,354435.15,61.682294783260176,61.69499999999996,62.57002571391759,60.81997428608233,61.68249999999964,61.28699999999985,43.10437272303056,17.5185185185186,13.320987654320966
2017-10-11T14:30:00Z,61.37,61.394,59.42,60.8,1186637,403140.3,61.63925601334505,61.61649999999996,62.51655610937064,60.71644389062928,61.663999999999646,61.20099999999985,32.35139827655118,31.364222522117213,20.109061828359987
2017-10-11T15:30:00Z,60.79,61.14,60.78,60.91,421998,405195.6,61.60368254927943,61.546999999999954,62.43984601136998,60.65415398862993,61.64737499999965,61.12899999999985,35.74234894488531,49.298309151119014,32.72701673058477
2017-10-11T16:30:00Z,60.92,61.0848,60.92,60.9646,221304,410298.8,61.572507790778,61.47822999999996,62.32694956523692,60.629510434763,61.63136499999964,61.056919999999856,37.41917710153547,61.48506370228034,47.38253179183869
2017-10-11T17:30:00Z,60.96,61.1,60.955,61.03,230145,407861.55,61.5460439961059,61.40522999999996,62.13629444340897,60.67416555659095,61.61511499999964,61.01291999999985,39.457140728940274,65.60169491525416,58.795022589550996
2017-10-11T18:30:00Z,61.02,61.11,60.99,61.08,267881,400480.2,61.52331014263732,61.33872999999996,61.91839247111076,60.75906752888917,61.596614999999645,60.956919999999855,41.03803933032439,68.00282485875701,65.02986115876367
2017-10-11T19:30:00Z,61.09,61.21,61.06,61.18,373905,404600.45,61.50656330641111,61.300729999999966,61.81353259400192,60.78792740599801,61.58186499999964,61.032919999999855,44.177568456330185,71.04519774011298,68.21657250470787
2017-10-12T13:30:00Z,61.07,61.173,60.71,61.15,370007,407333.6,61.489169974391054,61.26422999999996,61.70589804323674,60.82256195676318,61.566489999999646,61.08091999999986,43.4304442464709,73.1614065848431,70.73647639457086
2017-10-12T14:30:00Z,61.16,61.44,61.11,61.43,225127,408944.2,61.48628363417686,61.25322999999996,61.665927104930866,60.84053289506905,61.56273999999964,61.17399999999985,51.64936257596806,78.59438924605489,74.26699785700349
2017-10-12T15:30:00Z,61.44,61.665,61.33,61.58,244269,399198.05,61.49085516421701,61.26522999999996,61.700652576834926,60.82980742316499,61.558489999999644,61.28399999999986,55.38870024462169,84.77011494252865,78.84197025780871
2017-10-12T16:30:00Z,61.58,61.62,61.37,61.4,121777,377796.05,61.48642320498691,61.264729999999965,61.699508955811105,60.829951044188824,61.55498999999965,61.34799999999986,50.35590970206884,88.36206896551715,83.90885771803339
2017-10-12T17:30:00Z,61.4,61.48,61.28,61.33,240738,377418.7,61.47879280474365,61.255479999999956,61.676212112418845,60.83474788758107,61.55048999999965,61.37799999999985,48.50992333837251,86.92528735632173,86.685823754789
2017-10-12T18:30:00Z,61.31,61.315,61.1,61.23,209867,359023.4,61.466656570365906,61.238979999999955,61.63585513202939,60.84210486797052,61.54323999999966,61.39399999999985,45.92011484185937,81.89655172413781,85.7279693486587
2017-10-12T19:30:00Z,61.23,61.33,61.14,61.28,630109,364006.4,61.45755137181147,61.23797999999997,61.63433553536302,60.84162446463692,61.53798999999966,61.36399999999985,47.43130442560518,80.17241379310336,82.99808429118745
2017-10-13T13:30:00Z,61.29,61.29,60.81,61.22,299255,360463.55,61.445963500015786,61.22597999999997,61.60903063687966,60.842929363120284,61.531489999999664,61.291999999999845,45.7781722856602,79.45594296393001,80.50830282705687
2017-10-13T14:30:00Z,61.2139,61.22,60.81,60.9,235356,356468.35,61.41933113416136,61.19597999999996,61.58245508382322,60.80950491617671,61.51598999999967,61.19199999999985,38.14267891680471,60.0819584901983,73.23677174907704
2017-10-13T15:30:00Z,60.9,60.93,60.795,60.87,172690,345975.6,61.39253449347056,61.17797999999997,61.58918324708714,60.7667767529128,61.49998999999967,61.09999999999985,37.511004470041655,38.94246279302062,59.49345474904945
2017-10-13T16:30:00Z,60.8521,61.55,60.74,61.385,705526,374015.8,61.392166957203706,61.18372999999997,61.60305538727685,60.76440461272309,61.49661499999968,61.130999999999844,52.158349926467814,35.77661431064554,44.93367853128797
2017-10-13T17:30:00Z,61.38,61.49,61.28,61.475,178870,367350.3,61.39620759343767,61.19122999999996,61.62549372219724,60.75696627780268,61.49473999999967,61.169999999999845,54.17966317203369,55.84642233856889,43.52183314741149
2017-10-13T18:30:00Z,61.47,61.49,61.41,61.46,130838,340956.75,61.39931941814803,61.20172999999996,61.65106357366065,60.752396426339274,61.475489999999674,61.21799999999985,53.77189227681599,76.43979057591635,56.02094240837673
2017-10-13T19:30:00Z,61.455,61.46,61.25,61.39,291046,337867.25,61.398864812384716,61.20322999999996,61.65486137669829,60.75159862330163,61.44911499999968,61.315999999999846,51.81213243055487,76.61431064572446,69.63350785340305
2017-10-16T13:30:00Z,61.52,61.6,61.07,61.375,194732,288272,61.39770067519522,61.23197999999995,61.649169106308285,60.814790893691615,61.42423999999968,61.41699999999986,51.37999735834935,72.795622847979,75.28324135653975
2017-10-16T14:30:00Z,61.4,61.45,61.27,61.4,112524,272798.3,61.39781283738082,61.256479999999954,61.6521536918491,60.860806308150806,61.40173999999968,61.41999999999986,52.09710319667836,70.40139616055849,73.27044321808712
2017-10-16T15:30:00Z,61.4,61.48,61.25,61.34,122837,267874.95,61.394992698972,61.27524999999995,61.6487533467405,60.9017466532594,61.37673999999968,61.39299999999986,50.18403783964402,69.39393939393956,70.86365280082549
2017-10-16T16:30:00Z,61.32,61.37,61.25,61.25,135055,263120.45,61.387919884388,61.28624999999995,61.64278716499715,60.92971283500275,61.34573999999968,61.350999999999864,47.373877458784904,66.27849837152174,68.69127797533974
2017-10-16T17:30:00Z,61.25,61.28,61.11,61.15,104328,254942.8,61.376314036369074,61.28974999999995,61.639428066265076,60.94007193373482,61.31423999999968,61.30299999999985,44.398924334865995,58.38618745595494,64.68620840713857
2017-10-16T18:30:00Z,61.1556,61.185,60.96,61.03,173184,244906.75,61.359420668741315,61.282249999999955,61.647126348950664,60.917373651049246,61.29148999999967,61.23399999999985,41.06625501256976,46.899224806201396,57.18797021122584
2017-10-16T19:30:00Z,61.03,61.09,60.9,60.97,321129,242462.85,61.340424538558814,61.27324999999995,61.65901255653592,60.887487443463975,61.268739999999674,61.147999999999854,39.47092065145165,36.046511627906774,47.110641296687525
2017-10-17T13:30:00Z,60.93,61.04,60.56,60.93,158521,239132.55,61.32040382936082,61.24824999999995,61.654406066093564,60.842093933906334,61.25073999999968,61.065999999999846,38.39991849199964,32.01401311866413,38.31991651759059
2017-10-17T14:30:00Z,60.9205,61,60.83,60.8564,96146,231726.4,61.29776949622127,61.21206999999995,61.62246548295002,60.801674517049875,61.238649999999666,60.98727999999985,36.44061679011096,30.273703041144728,32.77807592923836
2017-10-17T15:30:00Z,60.85,60.92,60.7,60.79,170728,234173.95,61.27300025250316,61.18156999999995,61.62119317093471,60.74194682906519,61.22314999999967,60.91527999999986,34.719465705647494,28.730769230769084,30.33949513019247
2017-10-17T16:30:00Z,60.79,60.85,60.7,60.775,86214,226447.75,61.2487075572591,61.15381999999995,61.62162532534327,60.68601467465664,61.204649999999674,60.86427999999985,34.32505169066741,23.762820512820326,27.5890975949112
2017-10-17T17:30:00Z,60.77,60.82,60.73,60.79,129738,222441.3,61.22633157885622,61.13181999999996,61.623976623866156,60.63966337613377,61.185399999999674,60.82827999999985,35.118800088820635,21.634615384615145,24.709401709401334
2017-10-17T18:30:00Z,60.78,60.95,60.73,60.83,193581,200614.9,61.20699833110714,61.10931999999995,61.613324704760565,60.60531529523933,61.17364999999967,60.808279999999854,37.29519334218667,22.9166666666664,22.771367521367107
2017-10-17T19:30:00Z,60.85,60.96,60.85,60.93,213269,196315.6,61.19348621739459,61.09481999999995,61.60193030596925,60.58770969403065,61.16039999999966,60.82299999999985,42.489091372625154,27.88461538461516,24.14529914529872
2017-10-18T13:30:00Z,60.87,60.91,60.3004,60.34,324689,200782.25,61.15185274337534,61.06681999999995,61.66714036648959,60.46649963351031,61.131399999999665,60.732999999999855,27.838058912392853,21.631843910582344,24.14437532062112
2017-10-18T14:30:00Z,60.32,60.46,60.25,60.39,406636,212479.55,61.11468919491801,61.04281999999995,61.70761318770559,60.37802681229431,61.11039999999967,60.65599999999986,30.03969314083919,16.77203569711574,22.096164997437565
2017-10-18T15:30:00Z,60.39,60.69,60.39,60.66,460330,200219.75,61.0925092341903,61.006569999999954,61.67184177335219,60.341298226647716,61.09514999999967,60.62999999999986,40.58195425372855,17.115442290522335,18.506440632739956
2017-10-18T16:30:00Z,60.65,60.8,60.45,60.47,290933,205822.9,61.06214293008346,60.95631999999995,61.62428887833455,60.28835112166534,61.07377499999966,60.55799999999986,36.422586104614695,23.116159993083954,19.001212660240494
2017-10-18T17:30:00Z,60.47,60.6,60.46,60.51,152621,206912.05,61.035209128615975,60.90881999999995,61.56170515255031,60.25593484744959,61.05527499999967,60.47399999999986,37.8664025298151,28.59128426304311,22.940962182216282
2017-10-18T18:30:00Z,60.52,60.58,60.42,60.485,255151,205117.3,61.00836965892739,60.863569999999946,61.50207341613917,60.22506658386072,61.033399999999666,60.50299999999986,37.296317322850896,25.714300136059,25.8072481307285
2017-10-18T19:30:00Z,60.485,60.69,60.485,60.69,821978,236479.6,60.992839431662645,60.82931999999994,61.42656998319246,60.23207001680742,61.030649999999675,60.56299999999985,44.654440330064624,37.1599598796172,30.48851475957292
2017-10-19T13:30:00Z,60.49,60.84,60.31,60.79,460530,253879.9,60.982944825240075,60.79881999999994,61.33562594484919,60.26201405515069,61.027649999999674,60.58899999999985,47.868159166939556,51.89079766927858,38.25501922831807
2017-10-19T14:30:00Z,60.76,61.16,60.51,61.15,391698,267322.95,60.991093858155196,60.78931999999994,61.293194927363174,60.285445072636705,61.032284999999675,60.72499999999985,57.44753121269299,75.53243381091484,54.86106378660335
2017-10-19T15:30:00Z,61.14,61.5,61.12,61.4,375621,279351.25,61.0110404992208,60.79681999999995,61.33142802689617,60.262211973103724,61.04153499999967,60.902999999999864,62.588669910820165,87.63369963369969,71.68564370463085
2017-10-19T16:30:00Z,61.39,61.45,61.24,61.425,349091,291589.4,61.031233645600274,60.81056999999995,61.39282792602561,60.22831207397429,61.05015999999968,61.09099999999985,63.06918620572856,94.96703296703299,86.04438880388233
2017-10-19T17:30:00Z,61.43,61.58,61.4,61.56,300481,297954.25,61.0570271263027,60.83706999999994,61.499576190478926,60.174563809520954,61.05965999999968,61.26499999999985,65.63596018225701,94.83208020050131,92.47760426707781
2017-10-19T18:30:00Z,61.56,61.97,61.555,61.66,722594,318027.5,61.08644043721476,60.87156999999994,61.62394100716603,60.11919899283385,61.07240999999967,61.43899999999985,67.44113364212276,91.49099492918346,93.76336936557239
2017-10-19T19:30:00Z,61.665,61.67,61.32,61.52,639138,342058.35,61.10758968417989,60.90106999999995,61.7048054119496,60.097334588050295,61.074659999999675,61.51299999999985,62.49176041948433,84.77006469662548,90.36437994210324
2017-10-20T13:30:00Z,61.97,61.98,60.96,61.01,649345,369718.3,61.10282921178087,60.908749999999955,61.71356597276538,60.10393402723453,61.06040999999967,61.43499999999985,48.52195250353311,66.58152977550755,80.94752980043864
2017-10-20T14:30:00Z,61.02,61.05,60.88,61.005,531441,387753.95,61.09805705510863,60.91949999999995,61.72342723552679,60.11557276447311,61.05053499999966,61.350999999999864,48.407699761068706,53.128203869180766,68.15993278043774
2017-10-20T15:30:00Z,61.005,61.03,60.84,60.85,298325,398359.5,61.08595671095699,60.92324999999994,61.72514322856947,60.121356771430406,61.03853499999966,61.208999999999854,44.87972906812379,39.294243882177966,53.001325842288566
2017-10-20T16:30:00Z,60.84,60.84,60.37,60.4,497637,416754.45,61.05249540798348,60.90374999999993,61.73604727263238,60.07145272736748,61.01778499999968,60.95699999999986,36.551053884777744,26.44710578842322,39.62318451326046
2017-10-20T17:30:00Z,60.4,60.629,60.37,60.505,310699,422610.35,61.02578831491111,60.88749999999993,61.73742646742538,60.037573532574484,60.99840999999966,60.75399999999986,39.377999359332776,16.467065868263504,27.40280517962137
2017-10-20T18:30:00Z,60.51,60.54,60.39,60.41,273241,425608.95,60.9957498605252,60.861499999999936,61.73609190485107,59.9869080951488,60.978159999999676,60.63399999999986,37.7396378474438,7.68463073852286,16.866267465069672
2017-10-20T19:30:00Z,60.42,60.47,60.28,60.47,572721,438010.55,60.97010352586543,60.86799999999994,61.728815892063174,60.0071841079367,60.96740999999967,60.52699999999986,39.45304557207611,9.61371374897258,11.25513678525279
2017-10-23T13:30:00Z,61.09,62,60.3,61.5701,2293537,532355.6,60.99937164655493,60.92700499999993,61.8101639448851,60.04384605511476,60.984912499999666,60.67101999999985,60.770248923037435,30.72343616460634,16.00726021736707
2017-10-23T14:30:00Z,61.57,61.6,60.92,61.35,374149,528046.55,61.0164754686742,60.96150499999993,61.85410532597551,60.06890467402435,60.98403749999967,60.86101999999986,56.48529746002846,49.46386228910166,29.933670734226666
2017-10-23T15:30:00Z,61.34,61.485,61.12,61.47,404014,533700.6,61.03859861654375,61.01150499999993,61.90039944926489,60.12261055073497,60.98391249999967,61.05401999999985,58.215190322779314,68.80038759689921,49.66256201686888
2017-10-23T16:30:00Z,61.465,61.79,61.11,61.13,358689,544004,61.04305722061479,61.04250499999993,61.902037490330564,60.18297250966929,60.97566249999968,61.19801999999986,51.91752570286891,60.27131782945745,59.51185590515258
2017-10-23T17:30:00Z,61.14,61.2,61.04,61.04,228960,542694.45,61.04290808790187,61.07025499999994,61.8909588088911,60.24955119110878,60.96691249999967,61.31201999999986,50.364370371281616,54.263565891472915,61.111757105943006
2017-10-23T18:30:00Z,61.05,61.17,61,61.14,550330,529112.05,61.04764427873592,61.09275499999994,61.89499177423139,60.29051822576849,60.96103749999967,61.225999999999864,52.07975726838715,47.868217054263646,54.134366925064484
2017-10-23T19:30:00Z,61.13,61.58,61.02,61.46,933613,552766.2,61.067759191968314,61.126254999999944,61.931075788702174,60.32143421129771,60.96253749999968,61.247999999999855,57.17957010645285,54.26356589147292,52.13178294573631
2017-10-24T13:30:00Z,61.74,62.4,61.54,62,737648,570063.7,61.11323435333571,61.16875499999994,62.05930808765366,60.27820191234622,60.979037499999684,61.35399999999986,64.1190594374199,66.57890887816303,56.23689727463301
2017-10-24T14:30:00Z,62,62.155,61.72,61.93,505192,576542.25,61.15307658000226,61.19525499999995,62.141552913936685,60.24895708606322,60.99603749999968,61.51399999999986,62.70053539132513,75.85563843791147,65.56603773584895
2017-10-24T15:30:00Z,61.935,61.95,61.57,61.8,261143,572144.85,61.184633820002155,61.21400499999994,62.1920950990845,60.23591490091539,61.01228749999969,61.66599999999985,60.043803378751676,76.88679245283025,73.10711325630139
2017-10-24T16:30:00Z,61.8,62.18,61.75,62.045,306254,572433.5,61.22660290195327,61.238254999999945,62.271926138190565,60.204583861809326,61.03766249999969,61.84699999999985,63.2078245623525,77.5943396226416,76.77892350446092
2017-10-24T17:30:00Z,62.04,62.27,61.94,62.11,278344,550221,61.2696954433214,61.260754999999946,62.34835102882862,60.173158971171276,61.06616249999969,61.97699999999985,64.02182809396271,80.42452830188688,78.30188679245272
2017-10-24T18:30:00Z,62.115,62.275,62.1,62.23,301209,533324.55,61.316539568037435,61.29625499999995,62.45912631786862,60.13338368213128,61.09866249999969,62.022999999999854,65.5377172150763,87.18553459119505,81.73480083857432
2017-10-24T19:30:00Z,62.23,62.29,62.03,62.28,559535,528834.05,61.363537637889266,61.35975499999995,62.58991887604351,60.12959112395639,61.1342524999997,62.09299999999986,66.17717468923512,90.86253369272247,86.15753219526795
2017-10-25T13:30:00Z,61.95,62.17,61.37,61.99,479371,526230.55,61.39409677750442,61.40900499999996,62.657152604220336,60.16085739577958,61.16425249999969,62.13099999999986,59.30390202691342,86.18804788616121,88.07870539002606
2017-10-25T14:30:00Z,61.98,62.26,61.66,62.03,371873,529907.95,61.42511644689445,61.46800499999996,62.716435247117644,60.21957475288228,61.19562749999968,62.12799999999986,59.92221132666765,80.05148005148027,85.70068721012115
2017-10-25T15:30:00Z,62.03,62.13,61.91,61.91,163271,513189.65,61.4487693031435,61.54350499999996,62.703988546595355,60.38302145340457,61.223627499999694,62.087999999999866,57.11848495887615,70.28957528957541,78.84303440907212
2017-10-25T16:30:00Z,61.91,62.19,61.87,61.96,256987,510504.05,61.47370738591699,61.61625499999997,62.686089988173364,60.54642001182657,61.25187749999968,62.03399999999986,58.000279957597975,69.04761904761915,73.12955812955808
2017-10-25T17:30:00Z,61.98,62.02,61.685,61.75,413935,517538.75,61.48718507440884,61.68325499999996,62.59931079629243,60.76719920370749,61.272377499999685,61.92799999999986,53.06471034090908,62.38095238095244,67.23938223938215
2017-10-25T18:30:00Z,61.73,61.77,61.42,61.51,260129,501909.15,61.48829799760841,61.73525499999996,62.470066637035366,61.00044336296455,61.30162749999969,61.83199999999986,48.03396577387385,52.550034506556294,61.32620197837577
2017-10-25T19:30:00Z,61.51,61.93,61.48,61.92,472724,410868.5,61.50935663187142,61.75274999999997,62.48766138923014,61.0178386107698,61.33987749999968,61.80999999999985,55.751556833619965,47.49224440022257,54.14107709591024
2017-10-26T13:30:00Z,62.18,62.32,61.51,62.15,439754,414148.75,61.54060752787769,61.792749999999955,62.52269160727254,61.06280839272737,61.37712749999967,61.857999999999855,59.39467948723802,57.00352259571124,52.34860050082983
2017-10-26T14:30:00Z,62.15,62.15,61.88,62.01,324671,410181.6,61.56350472163975,61.81974999999996,62.53982273940009,61.099677260599826,61.41562749999967,61.86799999999986,56.35323739947865,67.62391415431794,57.37322705008372
2017-10-26T15:30:00Z,62.01,62.07,61.92,61.99,269276,405710.95,61.58430936936464,61.86274999999996,62.5121764777669,61.213323522233026,61.452627499999686,61.91599999999985,55.91275401001406,71.57894736842113,65.40212803948323
2017-10-26T16:30:00Z,61.99,62.05,61.96,62.005,330027,410764.3,61.60483086354198,61.91099999999996,62.441194304029935,61.38080569596998,61.49062749999969,62.01499999999985,56.18934394280699,66.49122807017567,68.56469653097137
2017-10-26T17:30:00Z,62.005,62.025,61.885,61.95,241398,395317.7,61.62166838239359,61.95149999999995,62.3464189790697,61.5565810209302,61.522127499999684,62.020999999999844,54.831012427436235,64.3859649122811,67.48538011695909
2017-10-26T18:30:00Z,61.95,62,61.85,61.89,223089,359791.5,61.6347577295939,61.972999999999956,62.29942610194198,61.64657389805793,61.54962749999968,61.968999999999845,53.316792102022625,60.877192982456506,63.91812865497089
2017-10-26T19:30:00Z,61.895,61.93,61.675,61.735,539981,349908.15,61.63964759644298,61.95974999999995,62.30185342008218,61.61764657991772,61.56425249999968,61.91399999999985,49.512752676764336,51.40350877193011,58.888888888889035
2017-10-27T13:30:00Z,61.48,61.96,61.47,61.9568,369563,343126.7,61.65511844539698,61.96108999999994,62.30292665051315,61.61925334948673,61.578172499999674,61.907359999999855,54.51394750240992,50.93411306042901,54.40493827160501
2017-10-27T14:30:00Z,61.9667,62.44,61.93,62.42,256253,342882.2,61.69242974074347,61.99208999999995,62.3793082532284,61.604871746771494,61.603047499999676,61.99035999999985,62.80123326709102,65.36823758743287,55.90195313993047
2017-10-27T15:30:00Z,62.44,62.46,62.22,62.385,292694,342204.2,61.726213655829156,62.009089999999944,62.43228940410403,61.585890595895854,61.62367249999967,62.07735999999985,61.88375684073569,83.49070722306028,66.59768595697386
2017-10-27T16:30:00Z,62.4,62.54,62.3874,62.53,240322,340303.1,61.76542274578871,62.03008999999995,62.509221104842716,61.55095889515719,61.64542249999967,62.20535999999985,64.2161333058405,96.64494002729312,81.83462827926189
2017-10-27T17:30:00Z,62.54,62.64,62.38,62.59,191278,334806.55,61.805646026481945,62.048089999999945,62.58004644148144,61.51613355851845,61.67217249999967,62.37635999999984,65.16599399755225,95.93241457995566,92.02268727676949
2017-10-27T18:30:00Z,62.58,62.64,62.42,62.6,286617,321160.65,61.8443950007999,62.06408999999994,62.64038691620999,61.487793083789896,61.71192249999967,62.504999999999846,65.33116936233856,97.19665959420081,96.59133806714966
2017-10-27T19:30:00Z,62.6,63,62.4886,62.95,874740,340929.1,61.898326951980394,62.11208999999995,62.804023216161994,61.42015678383791,61.760547499999674,62.61099999999984,70.58795021607749,96.40495402308348,96.51134273241313
2017-10-30T13:30:00Z,62.67,62.99,62.605,62.895,469263,345798.6,61.946945149444765,62.155339999999946,62.925100472892716,61.385579527107176,61.811672499999666,62.71299999999984,68.82196495089198,95.4834925423163,96.36170205319998
2017-10-30T14:30:00Z,62.9,63.075,62.75,62.91,251100,350190.05,61.993923434837704,62.20533999999994,63.032621805451825,61.37805819454806,61.874422499999675,62.78899999999984,69.04939035015053,93.19630240465874,95.02824965668599
2017-10-30T15:30:00Z,62.89,62.98,62.81,62.9527,207908,347736.1,62.040693023382204,62.254974999999945,63.13486800686628,61.37508199313361,61.93561499999968,62.86153999999984,69.72637062370457,91.74564779182697,93.47514757960046
2017-10-30T16:30:00Z,62.96,63.04,59.21,60.05,4459556,550017.15,61.94358604663185,62.16997499999995,63.46098030731919,60.87896969268071,61.92661499999967,62.351539999999844,26.80469617167485,67.94439809833153,84.29544943160555
2017-10-30T17:30:00Z,60.05,61.45,59.2701,60.5345,4763032,775162.3,61.8748501419181,62.12119999999995,63.572069048545245,60.67033095145466,61.92822749999967,61.868439999999836,34.0969446353765,49.46088320913916,69.71697636643236
2017-10-30T18:30:00Z,60.53,60.75,59.49,59.82,1449584,824005.3,61.774613549629414,62.01619999999995,63.780266040721244,60.25213395927865,61.88447499999967,61.25343999999984,29.438999015677183,23.928417421302303,47.1112329095908
2017-10-30T19:30:00Z,59.85,59.92,59.485,59.58,1462024,875118.8,61.667559230135296,61.88769999999995,63.944229502833856,59.83117049716605,61.84022499999968,60.58743999999983,28.052729218932086,19.874946097455826,31.088082242632225
2017-10-31T13:30:00Z,59.64,60.25,59.32,60.2,2057394,961754.95,61.59597097500674,61.797199999999954,63.97968193486861,59.6147180651313,61.80847499999968,60.03689999999985,36.38645916547609,16.990081931867223,20.264481816874916
2017-10-31T14:30:00Z,60.195,60.21,59.46,59.54,1002443,998413.3,61.49567970793324,61.67469999999995,64.06525608510414,59.28414391489577,61.76872499999969,59.934899999999836,32.12112747686733,14.575247951703352,17.14675866034193
2017-10-31T15:30:00Z,59.54,59.95,59.48,59.8,479623,1005893.1,61.41296362461942,61.56444999999995,64.08381868005229,59.04508131994761,61.737724999999685,59.78799999999984,35.33688808255418,16.472617507546378,16.012649130372115
2017-10-31T16:30:00Z,59.81,59.99,59.7328,59.92,459097,1016778.05,61.34013613073555,61.46294999999996,64.0739120728815,58.85198792711842,61.707224999999674,59.807999999999836,36.824502379346285,14.057783527382506,15.03521632887721
2017-10-31T17:30:00Z,59.91,59.93,59.48,59.535,488051,1030026.15,61.25208070972406,61.345199999999956,64.07807149277588,58.612328507224035,61.65909999999968,59.79899999999984,34.11295469273222,14.014661492022412,14.848354175650229
2017-10-31T18:30:00Z,59.53,59.96,59.51,59.88,878242,1046939.2,61.18514994339606,61.25244999999995,64.05122647303735,58.45367352696256,61.606099999999685,59.73499999999983,38.4842461028683,14.704614057783566,14.25901969239596
2017-10-31T19:30:00Z,59.88,59.89,59.585,59.76,1071283,1082025.2,61.11563043396211,61.142609999999955,63.99412715050491,58.291092849495,61.55184999999968,59.77899999999984,37.551037985069705,13.324708926261328,14.014661492022233
2017-11-01T13:30:00Z,60.14,60.4,59.615,59.615,596894,1099057.25,61.04242894937859,61.00235999999995,63.86467431356272,58.14004568643718,61.49722499999969,59.741999999999834,36.402364597589354,14.014661492022476,14.014661492022256
2017-11-01T14:30:00Z,59.6,60.0999,59.58,59.6112,262656,1097555.35,60.972612903067436,60.86366999999994,63.71334193207056,58.01399806792932,61.43637999999969,59.68023999999984,36.37096459310957,11.728040694591286,13.02247037095816
2017-11-01T15:30:00Z,59.62,60.08,59.525,60.01,289991,1100038.8,60.92565617608854,60.737669999999945,63.503089584878424,57.972250415121465,61.38387999999968,59.77523999999984,42.02308557767994,13.947192958160377,13.229965048257846
2017-11-01T16:30:00Z,60.02,60.02,59.44,59.52,383769,1109663.35,60.857087582133,60.58416999999995,63.26066308619092,57.907676913808984,61.31612999999969,59.703239999999845,37.603240964002055,14.27558429932535,13.316939317358802
2017-11-01T17:30:00Z,59.535,59.581,59.36,59.435,290104,1109837.7,60.787717456175294,60.42591999999995,62.978339873459284,57.87350012654061,61.245004999999686,59.63823999999984,36.87863577479753,13.464505039160011,13.89576076554838
2017-11-01T18:30:00Z,59.435,59.8,59.4,59.53,417049,1086953.15,60.72636538514235,60.25491999999995,62.55366351993113,57.95617648006877,61.183504999999684,59.621239999999844,38.309452956042556,12.983410367464876,13.574499901983211
2017-11-01T19:30:00Z,59.525,59.83,59.525,59.75,510366,1089008.3,60.678737805379306,60.09766999999995,62.057847512478766,58.137492487521136,61.12650499999969,59.648999999999845,41.61031706697363,22.433739100405926,16.29388483567674
2017-11-02T13:30:00Z,59.76,60.06,59.49,59.96,542835,1103595.05,60.6436774246291,59.95016999999994,61.42571108056313,58.47462891943675,61.077754999999684,59.63899999999984,44.6545125584106,38.983855650522486,24.80033503946423
2017-11-02T14:30:00Z,60,60.11,58.591,58.73,1358922,1161145.75,60.550327306354504,59.739034999999944,60.44162678270872,59.03644321729117,60.99700499999968,59.48099999999984,33.603703679796396,35.063641904437986,32.160412218455264
2017-11-02T15:30:00Z,58.74,58.9,58.54,58.65,607876,968561.75,60.457628413361604,59.66903499999994,60.500837147826985,58.83723285217289,60.91950499999969,59.32399999999984,33.031142538474455,23.763363131040915,32.60362022866693
2017-11-02T16:30:00Z,58.66,58.74,58.52,58.62,429535,751886.9,60.36798800295372,59.573309999999935,60.42509087771,58.72152912228987,60.84725499999968,59.14199999999984,32.80540897837881,6.305643545661593,21.710882860379964
2017-11-02T17:30:00Z,58.61,58.6725,58.41,58.58,500993,704457.35,60.28076907598037,59.51130999999994,60.45752161672836,58.56509838327152,60.76375499999968,58.907999999999845,32.48662204593363,6.591946999544337,12.220317892082079
2017-11-02T18:30:00Z,58.58,58.74,58.32,58.36,717808,667246.55,60.187073023493525,59.45030999999993,60.52016592657895,58.380454073420914,60.66900499999967,58.58799999999984,30.718537753206647,5.261646475695422,6.053079006966918
2017-11-02T19:30:00Z,58.35,58.459,58.13,58.3,1095732,619163.45,60.09502068088408,59.35530999999993,60.47813113608331,58.23248886391655,60.57625499999968,58.50199999999984,30.235228710100515,5.984925758352364,5.946173077863842
2017-11-03T13:30:00Z,59.01,59.44,58.68,58.795,719418,605012.2,60.031605037914126,59.31805999999993,60.46311215323816,58.173007846761706,60.49637999999968,58.53099999999985,38.79133069009005,14.332640764358805,8.526404332801997
2017-11-03T14:30:00Z,58.8,59.1,58.73,58.92,305865,596324.3,59.97738040191832,59.27405999999993,60.409241727141605,58.13887827285825,60.41925499999968,58.59099999999985,40.766906454983356,26.991278422996483,15.76961498190235
2017-11-03T15:30:00Z,58.9,59.33,58.87,59.13,544133,600576.1,59.93604477255645,59.23455999999993,60.33141893060014,58.137701069399725,60.34875499999968,58.70099999999985,44.034976864240285,41.32996632996643,27.551295172440376
2017-11-03T16:30:00Z,59.12,59.24,58.6901,58.72,352121,593779.6,59.87672551535857,59.19380999999993,60.30347608654834,58.08414391345151,60.26950499999968,58.77299999999984,39.45769226243487,40.06734006734012,36.12952827343415
2017-11-03T17:30:00Z,58.73,59.04,58.575,58.76,368297,568282.35,59.822251099975226,59.137809999999924,60.215901695375905,58.05971830462394,60.19512999999968,58.86499999999985,40.111744781128,37.373737373737356,39.5903479236811
2017-11-03T18:30:00Z,58.75,58.85,58.67,58.84,270820,528259.2,59.77433641217156,59.09180999999993,60.137817544731334,58.04580245526853,60.11720999999968,58.87399999999985,41.473566909880866,32.49158249158248,36.64421997755312
2017-11-03T19:30:00Z,58.84,58.99,58.82,58.9,467202,521774.6,59.731685855480265,59.05605999999993,60.07666383775348,58.03545616224638,60.02920999999967,58.86999999999985,42.5291019540653,35.521885521885515,35.129068462401584
2017-11-06T14:30:00Z,56.2,56.5,55.38,55.805,6467130,831998.3,59.540140203993424,58.86574999999992,60.58301606850575,57.14848393149409,59.86470999999968,58.20499999999985,21.244606062870304,27.910891864380265,31.974786625949218
2017-11-06T15:30:00Z,55.8057,55.92,55.26,55.45,2268040,930900.75,59.34062116965228,58.637749999999926,60.83153092571638,56.44396907428347,59.68770999999968,57.55099999999985,20.007726854297914,17.473181426669836,26.968652937645007
2017-11-06T16:30:00Z,55.45,55.66,55.25,55.45,1361855,979805.05,59.15083477113266,58.43424999999993,60.98840401846453,55.88009598153533,59.50920999999969,56.888999999999854,20.00772685429793,6.101308360286095,17.16179388377854
2017-11-06T17:30:00Z,55.4512,55.504,55.27,55.295,804888,1005544.25,58.9627452701018,58.22724999999993,61.07733504259713,55.37716495740273,59.326584999999696,56.17999999999985,19.434758716514864,3.4642366384611183,9.012908808472154
2017-11-06T18:30:00Z,55.3,55.5,54.93,55.281,1488945,1059139.05,58.78314793985293,58.01479999999994,61.0707926439751,54.95880735602477,59.134859999999684,55.45619999999985,19.38077226018646,4.543320156568982,4.702955051771871
2017-11-06T19:30:00Z,55.2834,55.61,55.18,55.49,1238249,1095533.2,58.622506576933276,57.801799999999936,60.93713957332078,54.666460426679095,58.94973499999969,55.39319999999985,22.82722797323615,7.091180740403716,5.032912511811078
2017-11-06T20:30:00Z,55.49,55.62,55.4,55.55,932264,1115004.65,58.47262820732677,57.58129999999993,60.69873940438894,54.46386059561092,58.76573499999969,55.41319999999985,23.833894129900514,11.315594974131615,7.650031957034577
2017-11-07T14:30:00Z,55.78,56.03,55.21,55.43,1446826,1119399.85,58.324207319164486,57.416299999999936,60.62117822546079,54.21142177453908,58.57766749999969,55.40919999999985,23.18256933071963,12.509238728750987,10.305338147761912
2017-11-07T15:30:00Z,55.44,55.55,54.92,54.97,949503,1136481.2,58.16058744993695,57.23229999999994,60.55318753799764,53.91141246200224,58.45066749999969,55.34419999999985,20.83238040907058,8.748217197694572,10.85768363352553
2017-11-07T16:30:00Z,54.972,55.23,54.91,55.11,529812,1141495.05,58.011778306037584,57.05679999999994,60.436264786031806,53.67733521396807,58.31505499999969,55.30999999999985,23.37831812898159,5.705453618683635,8.98763651504287
2017-11-07T17:30:00Z,55.11,55.11,54.6,54.68,671876,1150039.2,57.84925253501136,56.86179999999994,60.31643315563769,53.40716684436219,58.18655499999969,55.147999999999854,21.130622114743915,2.5181754314054348,5.657282082594354
2017-11-07T18:30:00Z,54.68,55.1,54.64,55.015,780730,1153185.3,57.71099631379129,56.694549999999936,60.16669823848722,53.22240176151265,58.07242999999969,55.04099999999986,27.017739016424784,5.291347469139804,4.504992173076098
2017-11-07T19:30:00Z,55.02,55.185,54.85,55.17,520789,1124438.15,57.58704527409416,56.53804999999993,59.988731235645105,53.08736876435475,57.946679999999695,54.98899999999986,29.63485753447958,8.079719810927143,5.296414237157268
2017-11-07T20:30:00Z,55.18,55.38,55.09,55.35,2433156,1210125.05,57.47792111438225,56.365799999999936,59.69026215800851,53.041337841991364,57.84192999999969,55.06499999999986,32.65506319240798,20.63701394716867,11.336027075745013
2017-11-08T14:30:00Z,55.36,56.0588,55.24,55.68,849240,1237293.8,57.39021764538799,56.203799999999944,59.32411239462148,53.08348760537841,57.738929999999684,55.17899999999986,37.91624198846233,42.16373034422818,23.62682136744114
2017-11-08T15:30:00Z,55.69,56.18,55.45,56.14,899268,1255050.55,57.3292314187837,56.054299999999934,58.87125460382904,53.23734539617083,57.64442999999968,55.470999999999854,44.432893127463515,70.32516359778681,44.37530262972769
2017-11-08T16:30:00Z,56.12,56.15,55.73,55.94,482521,1261570.55,57.261464032501564,55.915299999999945,58.452891543182055,53.377708456817835,57.55455499999969,55.65599999999986,42.35141776120105,85.43731105503748,65.97540166568396
2017-11-08T17:30:00Z,55.94,56.115,55.93,56.11,652271,1275769.25,57.205295055306365,55.78279999999994,57.9641445028309,53.60145549716898,57.46030499999968,55.84399999999986,44.7218303603611,92.61603375527427,82.79283613603266
2017-11-08T18:30:00Z,56.1085,56.28,56.07,56.24,537306,1289093.55,57.158207491632886,55.65279999999994,57.34489214879969,53.9607078512002,57.372304999999685,56.02199999999986,46.53235921931059,92.66626481816358,90.23986987615825
2017-11-08T19:30:00Z,56.24,56.395,56.16,56.16,780211,1304744,57.10951444326055,55.51579999999994,56.37060327563187,54.66099672436801,57.28592999999969,56.11799999999986,45.54377841526698,93.365581955547,92.88262684299475
2017-11-08T20:30:00Z,56.17,56.415,56.16,56.22,786650,1020720,57.066123494808814,55.53654999999994,56.437337760811864,54.63576223918802,57.201149999999686,56.13399999999986,46.46245261491333,91.2611079868613,92.43098492019044
2017-11-09T14:30:00Z,56.5,56.569,55.81,56.49,962509,955443.45,57.03801990969619,55.58854999999994,56.578962939145974,54.59813706085391,57.11314999999969,56.24399999999986,50.50859356567652,90.71736247104872,91.78135080448548
2017-11-09T15:30:00Z,56.5,56.54,56.115,56.21,455302,910115.8,56.99762869458906,55.62654999999994,56.65053368640881,54.60256631359107,57.03039999999969,56.263999999999854,46.577297323818335,89.00380134509135,90.3274239343336
2017-11-09T16:30:00Z,56.22,56.32,55.8,55.925,559041,897823.45,56.9453053436335,55.65804999999993,56.67805146570124,54.638048534298626,56.942649999999695,56.200999999999866,42.91579612116355,81.68274928051459,87.13463769888467
2017-11-09T17:30:00Z,55.92,55.98,55.63,55.82,612812,854016.8,56.89041240004162,55.68499999999993,56.69212958452786,54.677870415472,56.849899999999685,56.13299999999985,41.61774277667502,70.07734275603977,80.25463112721503
2017-11-09T18:30:00Z,55.8001,55.95,55.76,55.825,424521,813330.4,56.838441063454226,55.70174999999993,56.706490140548794,54.69700985945107,56.75177499999969,56.05399999999986,41.70815944996919,61.72788544639062,71.16265916098146
2017-11-09T19:30:00Z,55.82,55.9,55.74,55.82,672251,800329.75,56.78876101157841,55.71524999999993,56.71872633257062,54.71177366742925,56.648274999999686,55.91999999999987,41.63871306818097,55.74942942997301,62.518219210800936
2017-11-09T20:30:00Z,55.82,56.07,55.81,56,663001,761138.5,56.750284864672146,55.74374999999994,56.74557770476118,54.7419222952387,56.580024999999694,55.87799999999986,45.17765464970588,54.420850272438834,57.29938838293395
2017-11-10T14:30:00Z,55.69,56.19,55.54,56.06,593911,743358.9,56.716612432249114,55.79824999999994,56.742730148032194,54.853769851967684,56.51527499999969,55.90499999999986,46.34558626870994,53.685495375973346,54.61859169279486
2017-11-10T15:30:00Z,56.065,56.29,56,56.04,501739,741955.25,56.683606947749155,55.844749999999934,56.739369891368504,54.95013010863136,56.45077499999968,55.94899999999986,45.99384530124472,53.42989231373039,53.84541265404732
2017-11-10T16:30:00Z,56.05,56.34,56.05,56.32,323395,724531.2,56.665870023468706,55.926749999999934,56.666542369540515,55.186957630459354,56.39427499999969,56.04799999999987,51.53906871522768,59.63519072891503,55.58352613953938
2017-11-10T17:30:00Z,56.34,56.5974,56.231,56.43,490299,710009.65,56.65436416866535,55.99749999999993,56.63911125304368,55.35588874695618,56.34602499999969,56.16999999999987,53.55659491290513,69.52044330211025,60.86184211491835
2017-11-10T18:30:00Z,56.43,56.63,56.35,56.56,587881,713364.25,56.64976103848655,56.066999999999936,56.63151217881383,55.502487821186044,56.3025249999997,56.28199999999987,55.89362417976018,84.51614888010384,71.22392763704285
2017-11-10T19:30:00Z,56.56,56.92,56.42,56.775,1160799,649746.4,56.655870256121354,56.13824999999995,56.68212751380488,55.59437248619502,56.2520249999997,56.42499999999986,59.521437797880395,89.07981699745427,81.03880305988926
2017-11-10T20:30:00Z,56.775,57.04,56.73,56.8,1156362,665102.5,56.66290097533495,56.19424999999994,56.767698123223255,55.620801876776625,56.1990249999997,56.57699999999986,59.934109439483436,89.0235784248548,87.53984810080412
2017-11-13T14:30:00Z,56.8,56.89,56.07,56.135,427272,641502.7,56.63714970824544,56.193999999999946,56.7675468594863,55.62045314051359,56.1241499999997,56.539999999999864,46.3871082898103,71.05314009661829,83.05217850630892
2017-11-13T15:30:00Z,56.14,56.37,55.95,56.16,342593,634506.3,56.61387411272127,56.20499999999995,56.766960852750344,55.64303914724955,56.0601499999997,56.48599999999986,46.8732749832247,54.99999999999994,71.69223950715747
2017-11-13T16:30:00Z,56.131,56.35,56.13,56.17,248120,614298.75,56.59222171697877,56.20799999999995,56.76853902631649,55.64746097368341,55.9953999999997,56.407999999999866,47.07999404698005,41.00000000000005,55.68438003220589
2017-11-13T17:30:00Z,56.17,56.31,56.09,56.12,317052,603286.05,56.56918651127249,56.201999999999956,56.763608404515665,55.640391595484246,55.92739999999971,56.27699999999986,46.11382456533498,40.6666666666667,45.55555555555535
2017-11-13T18:30:00Z,56.13,56.13,55.91,56.01,317391,580145.05,56.541909120478714,56.19449999999995,56.76212575701389,55.626874242986005,55.85514999999971,56.11899999999987,43.97568104054577,37.3333333333334,39.66666666666651
2017-11-13T19:30:00Z,56.01,56.27,56.01,56.22,329532,557289.15,56.52620623655292,56.19449999999995,56.76212575701389,55.626874242986005,55.86552499999971,56.13599999999987,48.85152392716503,38.44444444444445,38.81481481481464
2017-11-13T20:30:00Z,56.23,56.51,55.98,56.43,707097,544518.55,56.521513249404,56.19149999999995,56.75345284501859,55.6295471549813,55.890024999999696,56.18999999999986,53.23463179344093,45.33333333333338,40.3703703703702
2017-11-14T14:30:00Z,56.38,56.43,55.96,56.14,1378047,590655.8,56.502902846994054,56.18799999999995,56.750320193504045,55.62567980649586,55.9072749999997,56.18399999999987,47.217176654197836,41.67354965585072,41.817109144542634
2017-11-14T15:30:00Z,56.17,56.56,56.14,56.5,602800,592843.75,56.50276124470166,56.21674999999995,56.781137056923846,55.65236294307605,55.9373999999997,56.25999999999986,54.14635386025121,43.96656833825,43.65781710914448
2017-11-14T16:30:00Z,56.5,56.81,56.415,56.71,583521,591379.2,56.51287045227719,56.26124999999995,56.833778383597135,55.68872161640276,55.9731249999997,56.399999999999864,57.63975896993789,47.78761061946934,44.475909537856474
2017-11-14T17:30:00Z,56.7,56.78,56.55,56.67,321355,586220.9,56.52053530826367,56.30349999999995,56.86563966238189,55.74136033761801,56.002624999999696,56.48999999999986,56.75283173320592,63.42182890855488,51.725335955424526
2017-11-14T18:30:00Z,56.675,56.96,56.65,56.775,555298,580373.25,56.53294822005569,56.35124999999995,56.90314559703163,55.79935440296827,56.033249999999704,56.55899999999987,58.555622988027075,71.53392330383505,60.91445427728621
2017-11-14T19:30:00Z,56.775,56.96,56.73,56.77,695539,582000.15,56.544511721516386,56.38974999999996,56.94567692866922,55.83382307133069,56.06674999999969,56.68499999999987,58.43071381096368,73.3038348082599,69.4198623402164
2017-11-14T20:30:00Z,56.775,56.81,56.51,56.54,507873,577698.25,56.54429163753998,56.41374999999996,56.95181946579397,55.87568053420595,56.10599999999969,56.69299999999987,52.846238948331454,70.88495575221259,71.90757128810229
2017-11-15T14:30:00Z,56.8,56.94,56.18,56.49,691558,587189.2,56.541643264977054,56.43624999999995,56.946856257327084,55.92564374267282,56.14049999999969,56.648999999999866,51.68966939666798,63.781429976120535,69.32340684553078
2017-11-15T15:30:00Z,56.52,56.66,56.37,56.46,474753,594757.1,56.53766066668549,56.443249999999956,56.95112080051804,55.93537919948187,56.1849999999997,56.60699999999987,50.96889586519716,55.8730158730161,63.51313386711619
2017-11-15T16:30:00Z,56.46,56.67,56.37,56.535,436672,592075.75,56.53753087806668,56.44849999999997,56.95788296007416,55.939117039925776,56.222999999999686,56.55899999999987,52.743026802548414,55.71428571428586,58.456243854473946
2017-11-15T17:30:00Z,56.535,56.73,56.53,56.71,254731,575418.25,56.54594400596587,56.45599999999996,56.976034614248924,55.935965385751,56.261499999999685,56.54699999999987,56.68167440833287,62.698412698412774,58.095238095238024
2017-11-15T18:30:00Z,56.7,56.87,56.7,56.7844,484410,541598.8,56.55757600567485,56.45646999999997,56.97767267498695,55.93526732501299,56.297359999999685,56.595879999999866,58.2739140868662,72.71809523809516,63.71026455026438
2017-11-15T19:30:00Z,56.77,56.99,56.76,56.84,372301,502395.75,56.571352785885836,56.45846999999996,56.9852077985455,55.93173220145442,56.326359999999696,56.665879999999866,59.47277871888386,81.35578979811994,72.25743257820908
2017-11-15T20:30:00Z,56.83,56.89,56.62,56.7,431326,502598.45,56.57762825974506,56.48671999999997,57.0015027099026,55.97193729009734,56.34035999999969,56.71387999999987,55.174093590428974,79.90718446601947,77.99368983407798
2017-11-16T14:30:00Z,56.81,58.99,56.81,58.72,3096073,640272.45,56.68213419829409,56.61471999999996,57.69898194179144,55.53045805820849,56.40985999999968,57.15087999999987,78.88675780268973,82.60262306251077,81.28853244221652
2017-11-16T15:30:00Z,58.71,59.0899,58.59,58.8388,1157116,685722.25,56.787337408133396,56.74815999999997,58.18139069239207,55.31492930760787,56.47807999999969,57.57663999999987,79.57121083562066,84.5806044898243,82.36347067278463
2017-11-16T16:30:00Z,58.84,59.56,58.82,59.505,1166844,728211.85,56.919906315053716,56.91740999999996,58.756073734242285,55.07874626575764,56.55970499999969,58.12075999999987,82.91588670237795,93.4233114467956,86.86884633304334
2017-11-16T17:30:00Z,59.505,59.74,59.48,59.6,755451,750114.85,57.05064259236817,57.09690999999996,59.22443968666032,54.9693803133396,56.645704999999694,58.67275999999987,83.3348954719822,95.27034476041676,91.09142023234534
2017-11-16T18:30:00Z,59.61,59.67,59.41,59.6644,412329,754254.7,57.17814295371606,57.26912999999996,59.629712640878715,54.90854735912121,56.731814999999685,59.26563999999987,83.62803767790456,97.43886709660266,95.37750776793814
2017-11-16T19:30:00Z,59.67,59.975,59.64,59.8096,996433,768721.5,57.306506712071375,57.43810999999996,60.008733110380064,54.867486889619855,56.81480499999968,59.483559999999876,84.29865178821701,96.52848465110317,96.41256550270732
2017-11-16T20:30:00Z,59.8,59.84,59.66,59.8,1071546,753396.45,57.428140530994725,57.621109999999966,60.31421863791589,54.92800136208404,56.90455499999969,59.67579999999987,84.05351013800839,96.30223584156174,96.75652919642232
2017-11-17T14:30:00Z,59.55,59.9199,58.96,59.32,1742381,810375.5,57.52042635875108,57.762109999999964,60.50057271758727,55.02364728241266,56.989429999999686,59.63879999999987,72.67384908128577,90.95369786631927,94.59480611966119
2017-11-17T15:30:00Z,59.315,59.56,59.16,59.41,716424,817020.65,57.612600682714444,57.897109999999955,60.680632813920866,55.113587186079044,57.07917999999969,59.600799999999865,73.40100029320402,87.18226101088067,91.47939823958701
2017-11-17T16:30:00Z,59.39,59.925,59.35,59.72,619638,831934.8,57.7154006494113,58.04960999999996,60.88128795761065,55.217932042389265,57.17655499999968,59.61191999999987,75.79064510847788,86.25202726686514,88.12932871468816
2017-11-17T17:30:00Z,59.71,60.04,59.7,59.99,456572,826998.5,57.82635671529368,58.21035999999996,61.09880843222435,55.321911567775565,57.28080499999968,59.64799999999987,77.67213544625032,91.82110097594911,88.41846308456475
2017-11-17T18:30:00Z,59.98,60.06,59.84,60.02,348623,809652.7,57.933363704791546,58.37285999999997,61.28448177241713,55.461238227582804,57.38130499999969,59.69199999999987,77.87786091843401,96.6577296892995,91.57695264403772
2017-11-17T19:30:00Z,60,60.04,59.86,59.98,617584,815138.25,58.033199621630985,58.54485999999997,61.40910684439272,55.680613155607226,57.47930499999969,59.82399999999986,76.8609797263779,98.34987986762779,95.60957017762526
2017-11-17T20:30:00Z,59.98,60.07,59.96,60.04,1144406,837780.65,58.13109232301484,58.722359999999966,61.49372857628396,55.950991423715976,57.57930499999969,59.94999999999986,77.33896216317217,98.53046083606792,97.84602346433151
2017-11-20T14:30:00Z,59.62,60.45,59.58,59.91,983956,863240.8,58.217868307258016,58.89485999999998,61.50635420554734,56.28336579445262,57.669054999999695,59.987999999999865,73.78266459325279,89.2406383804539,95.37365969471632
2017-11-20T15:30:00Z,59.91,60,59.78,59.91,497899,866302.15,58.30041131666006,59.06360999999998,61.47157796814374,56.655642031856225,57.7560549999997,59.971999999999866,73.78266459325279,78.97288739362739,88.91466220338286
2017-11-20T16:30:00Z,59.91,59.93,59.62,59.67,399806,873555.9,58.367220520725425,59.21160999999997,61.374094565404825,57.04912543459512,57.8338049999997,59.90199999999986,67.16950287051517,61.829971430354874,76.68116573481184
2017-11-20T17:30:00Z,59.675,60.1,59.67,60,253596,862015.2,58.44686830020223,59.37238999999998,61.24828465152107,57.496495348478895,57.9144299999997,59.90599999999987,71.0162744460348,61.44027669123392,67.41437850507185
2017-11-20T18:30:00Z,59.99,60.06,59.895,60.01,161975,851498.9,58.52311862702164,59.53088999999998,61.01991693850916,58.041863061490794,57.99467999999969,59.899999999999864,71.1266788567709,62.639821029082704,61.97002305022361
2017-11-20T19:30:00Z,60.0076,60.26,59.9801,60.2,270933,843479.25,58.60491771838644,59.705889999999975,60.46842211316619,58.94335788683376,58.09630499999969,59.95799999999987,73.21439727634082,74.49664429530196,66.19224733853932
2017-11-20T20:30:00Z,60.21,60.34,60.08,60.3,742113,725781.25,58.68760465895296,59.784889999999976,60.44268080535461,59.12709919464534,58.199804999999685,60.035999999999866,74.26893944513391,81.20805369127504,72.78150633855303
2017-11-21T14:30:00Z,61.1,61.25,60.4,60.5,1157893,725820.1,58.77601418778452,59.867949999999986,60.440970151481594,59.29492984851838,58.30805499999968,60.20199999999987,76.28028492834976,79.08973165066418,78.26480987908019
2017-11-21T15:30:00Z,60.5,60.5,60.3,60.4,584398,696697.8,58.85523300789259,59.91269999999999,60.50482392622183,59.32057607377814,58.41505499999969,60.28199999999987,73.199292991266,69.77029211222072,76.68935915138644
2017-11-21T16:30:00Z,60.4,60.77,60.38,60.65,667707,692310.6,58.94278261726369,59.96519999999998,60.61999137441335,59.31040862558661,58.53105499999968,60.40999999999987,75.82785451607127,61.14994890601579,70.0033242229667
2017-11-21T17:30:00Z,60.65,60.74,60.54,60.69,346732,689030.75,59.02801273349473,60.01647999999999,60.72725708910831,59.30570291089166,58.64280499999968,60.50799999999987,76.22956547750553,61.93402668347517,64.28475590057035
2017-11-21T18:30:00Z,60.6887,60.73,60.43,60.53,316730,655045.6,59.10128040503157,60.05249999999999,60.79019573673853,59.31480426326144,58.745304999999675,60.553999999999874,71.13697721568826,62.47504990019968,61.85300849656334
2017-11-21T19:30:00Z,60.52,60.64,60.39,60.41,547581,628847.35,59.16512038527393,60.08299999999999,60.82683062588173,59.33916937411825,58.85205499999969,60.53599999999987,67.49503624710182,57.684630738523,60.697902440732406
2017-11-21T20:30:00Z,60.4,60.45,60.23,60.42,808032,582129.9,59.22633402501666,60.13799999999999,60.80692749980902,59.46907250019096,58.95005499999968,60.53999999999987,67.64369819197042,52.29540918163685,57.48502994011963
2017-11-22T14:30:00Z,60.41,61.4297,60.41,60.745,1248311,608724.25,59.30041529208902,60.20474999999999,60.83509494524933,59.57440505475065,59.05092999999969,60.55899999999988,72.10839236543498,54.0549999079038,54.67834660935434
2017-11-22T15:30:00Z,60.745,61.0899,60.745,61.05,519828,603733.75,59.385760887596874,60.27124999999999,60.96084317717235,59.581656822827625,59.16042999999969,60.63099999999987,75.5219746762303,63.827674264114904,56.72602778455164
2017-11-22T16:30:00Z,61.05,61.18,60.93,61.05,453133,603561.8,59.46694328332386,60.324249999999985,61.079082928536366,59.569417071463604,59.267304999999695,60.73499999999988,75.5219746762303,73.20202665610871,63.69490027604227
2017-11-22T17:30:00Z,61.06,61.19,61.03,61.04,205536,596407.45,59.54367775730806,60.37524999999998,61.17731904316567,59.57318095683429,59.37405499999969,60.860999999999876,75.17213966468614,77.34949845820262,71.45973312614187
2017-11-22T18:30:00Z,61.03,61.25,61.02,61.19,301885,580622.5,59.6239861593906,60.435749999999985,61.29026316549528,59.581236834504686,59.49030499999968,61.01499999999987,76.90062650748236,78.83142582569648,76.46098364666908
2017-11-22T19:30:00Z,61.2,61.27,61.1,61.16,364484,541626.4,59.698913663810565,60.49174999999999,61.38126264746479,59.60223735253519,59.60705499999968,61.097999999999864,75.7645501747333,79.36320027759207,78.51470818716352
2017-11-22T20:30:00Z,61.165,61.4,61.155,61.35,539873,519422.25,59.779454460697856,60.563749999999985,61.48577426757863,59.64172573242134,59.72930499999969,61.157999999999866,77.98301483052677,85.61295273474748,81.26919294601181
2017-11-24T14:30:00Z,60.81,61.33,60.76,61.3,403968,514725.7,59.853627413834545,60.63324999999999,61.557232007401325,59.709267992598654,59.84842999999969,61.20799999999987,76.01113814882814,87.52113937945869,84.16576413059921
2017-11-24T15:30:00Z,61.29,61.98,61.24,61.93,361935,512832.15,59.95491388145237,60.74624999999999,61.722676520534584,59.769823479465394,59.978929999999686,61.38599999999987,82.13933369940239,93.22949785065343,88.78786332161967
2017-11-24T16:30:00Z,61.95,62.09,61.77,61.84,543206,527312.65,60.04686930186933,60.838249999999995,61.861691620219645,59.814808379780345,60.10531999999968,61.51599999999987,79.03320663199287,90.96365361181581,90.57143028064245
2017-11-24T17:30:00Z,61.84,61.85,61.54,61.73,684502,553439,60.12897323836351,60.924249999999994,61.943903249882965,59.90459675011702,60.22756999999969,61.62999999999987,75.28592205705073,88.11571940604205,90.76962362283689
2017-11-27T14:30:00Z,62.2,62.3,61.8,61.87,697297,574757.2,60.21390137307748,61.00774999999999,62.04975995676586,59.96574004323411,60.35681999999967,61.73399999999987,76.79401175811974,82.14378473845515,87.0743859187708
2017-11-27T15:30:00Z,61.88,61.95,61.42,61.44,550660,565184.55,60.27371106219565,61.06474999999998,62.069724999690315,60.05977500030965,60.424819999999684,61.761999999999865,63.89701883201171,72.7754402368708,81.01164812712246
2017-11-27T16:30:00Z,61.44,61.68,61.29,61.63,345665,524573.15,60.339871498186106,61.12124999999999,62.1199084751537,60.12259152484628,60.494599999999686,61.70199999999986,66.56869755029624,67.41047465685166,74.10989987739232
2017-11-27T17:30:00Z,61.63,61.72,61.46,61.54,182649,504485.7,60.39841435193313,61.17824999999999,62.13499069109481,60.22150930890517,60.54547499999968,61.64199999999986,64.14715471494506,58.043257586572985,66.07639082676494
2017-11-27T18:30:00Z,61.55,61.99,61.53,61.9535,420723,492136.5,60.474272188424194,61.243425,62.22462555416347,60.26222444583654,60.604312499999686,61.68669999999986,69.61588361486663,64.39188882650858,63.28187368997752
2017-11-27T19:30:00Z,61.95,62.1,61.85,62.1,434269,496513.35,60.55357598411082,61.313925,62.328006765684314,60.29984323431568,60.66520249999968,61.732699999999866,71.28693249558819,71.87946298074938,64.77153646461011
2017-11-27T20:30:00Z,62.11,62.93,62.09,62.75,1354926,548423.15,60.660718619032245,61.424924999999995,62.55126084134252,60.29858915865747,60.73871249999968,61.99469999999987,77.26213514624962,85.40601871247053,73.89245683990929
2017-11-28T14:30:00Z,62.34,62.4125,61.85,62.06,1007684,571428.3,60.72897624737214,61.50742499999999,62.56386095522775,60.45098904477223,60.795212499999685,62.080699999999865,62.413901417706114,79.54196341293138,78.94248170205022
2017-11-28T15:30:00Z,62.07,62.11,61,61.9,550863,558569.85,60.786099357256425,61.58142499999999,62.524015752923404,60.63883424707657,60.85971249999968,62.15269999999987,59.555736623635575,68.04915514592948,77.66571242377692
2017-11-28T16:30:00Z,61.91,61.93,61.46,61.5701,532213,522764.95,60.8243432910488,61.62267999999999,62.48394286486683,60.761417135133144,60.913714999999684,62.07601999999986,54.05881582976345,49.924731182795796,65.83861658055201
2017-11-28T17:30:00Z,61.58,61.61,61.22,61.34,717991,532673.1,60.849497276851295,61.63717999999999,62.468637661217855,60.80572233878212,60.95421499999968,61.92401999999986,50.55396085060484,35.827646585961915,51.26717763822885
2017-11-28T18:30:00Z,61.34,61.585,61.21,61.5,568411,538437,60.88122911700489,61.659679999999994,62.449682811635114,60.869677188364875,60.99196499999969,61.67401999999986,52.843424895910665,26.951704432399847,37.56802740038565
2017-11-28T19:30:00Z,61.5,61.51,61.32,61.34,602003,558260.35,60.90360818446807,61.67467999999999,62.42756966150159,60.92179033849838,61.02496499999969,61.53001999999985,50.33359134061593,20.379965457685866,27.719772158682336
2017-11-28T20:30:00Z,61.34,61.45,61.22,61.38,704358,578384,60.92684680961597,61.68417999999999,62.416891513759744,60.95146848624024,61.05996499999968,61.42601999999986,50.960671657693126,21.07081174438706,22.800827211490716
2017-11-29T14:30:00Z,61.56,62.66,61.42,62.23,647587,592539.15,60.99041525792738,61.73767999999999,62.46572403877559,61.00963596122439,61.11471499999969,61.55799999999986,61.953682517745676,33.67875647668407,25.043177892918795
2017-11-29T15:30:00Z,62.23,62.25,61.75,61.81,340688,582579.9,61.03039500144312,61.760679999999994,62.46702198685441,61.054338013145575,61.162214999999684,61.65199999999986,55.351105294532836,41.79620034542326,32.18192285549792
2017-11-29T16:30:00Z,61.8,62.035,61.75,61.9,304186,577590.8,61.07281475747028,61.790679999999995,62.46651711232208,61.11484288767791,61.21196499999968,61.73199999999986,56.42283011190668,50.777202072538905,42.08405296488187
2017-11-29T17:30:00Z,61.91,61.945,61.65,61.72,267148,572851.45,61.104384769301,61.780179999999994,62.45355353853048,61.10680646146951,61.26321499999968,61.80799999999986,53.64918809164417,41.96891191709853,44.84743811168669
2017-11-29T18:30:00Z,61.735,61.92,61.49,61.795,464426,568912.45,61.13807331713998,61.777930000000005,62.45078950419623,61.10507049580378,61.30808999999969,61.89099999999986,54.649535211638316,41.70984455958557,44.81865284974079
2017-11-29T19:30:00Z,61.79,61.86,61.58,61.75,418711,555622.9,61.16792339923071,61.77893,62.45156100760085,61.106298992399154,61.35158999999969,61.79499999999986,53.89791017116969,39.119170984456055,40.932642487046515
2017-11-29T20:30:00Z,61.755,61.975,61.74,61.83,545935,548054.8,61.20021981878043,61.77693000000001,62.448703289424735,61.10515671057528,61.39233999999969,61.798999999999864,55.08070616359881,43.35060449050098,41.39320667818066
2017-11-30T14:30:00Z,61.89,62.4,61.12,61.28,811612,561102.4,61.20411153493748,61.76893000000001,62.46009341944823,61.077766580551796,61.416839999999695,61.67499999999986,46.28812804878402,35.242524502153806,39.237433325703414
2017-11-30T15:30:00Z,61.28,61.94,61.18,61.875,1307442,609191.25,61.236837801525894,61.78118000000002,62.47074252970774,61.0916174702923,61.45121499999969,61.70599999999986,54.71080750150034,38.631147968497544,39.07475898705058
2017-11-30T16:30:00Z,61.875,62.025,61.605,61.855,534375,626777.55,61.266992055109995,61.79693000000002,62.4780764984694,61.115783501530636,61.487589999999685,61.71799999999986,54.40199666129127,37.873572210921786,37.24908156052418
2017-11-30T17:30:00Z,61.855,61.86,61.08,61.11,702687,640875.75,61.259333906080236,61.754755000000024,62.49388784453846,61.015622155461585,61.49908999999968,61.58999999999986,44.35807977388399,32.88399364348748,36.4629046076354
2017-11-30T18:30:00Z,61.1,61.22,60.835,60.87,563215,647323.05,61.24034200822266,61.69325500000001,62.50806038896303,60.878449611036984,61.503589999999676,61.397999999999854,41.687914794020614,17.1812717078887,29.312945854099127
2017-11-30T19:30:00Z,60.84,61,60.77,60.88,553050,607229.25,61.22276434928497,61.599755000000016,62.33315363776782,60.86635636223221,61.51233999999969,61.317999999999856,41.84499659979756,3.212216072166399,17.759160474513994
2017-11-30T20:30:00Z,60.9,61.16,60.75,61.07,685874,591138.75,61.21531242980765,61.550255000000014,62.28634979136901,60.814160208631016,61.52883999999968,61.156999999999854,44.883019313594495,8.16394691361822,9.51914489789091
2017-12-01T14:30:00Z,60.35,61.11,60.22,61.03,879792,607585.2,61.206272799085326,61.50675500000001,62.25771124498358,60.75579875501644,61.544089999999684,60.99199999999986,44.3576513960686,19.909998608143056,10.428720531309033
2017-12-01T15:30:00Z,61.04,61.14,60.37,60.44,755239,618736.5,61.16889363815434,61.450250000000004,62.33226743179096,60.56823256820905,61.536464999999694,60.857999999999855,37.40314503394418,21.33387770786312,16.469274409874604
2017-12-01T16:30:00Z,60.46,60.67,60.15,60.6525,538819,609777.9,61.14370370458583,61.415875000000014,62.36354487262528,60.468205127374745,61.52652749999969,60.81449999999986,40.99156658531492,23.193679918450727,21.479185411485442
2017-12-01T17:30:00Z,60.67,61.2,60.5,61.01,402804,601497.55,61.13718157265482,61.39137500000002,62.35429176041024,60.428458239589794,61.52552749999969,60.840499999999864,46.54360433788075,23.54909955827399,22.692219061529087
2017-12-01T18:30:00Z,61.01,61.16,60.85,60.885,337871,588290.95,61.12488003252531,61.36862500000001,62.35649831550272,60.3807516844973,61.52165249999969,60.80349999999986,44.95104094335822,31.074074074074204,25.938951183599446
2017-12-01T19:30:00Z,60.88,61.255,60.87,61.025,596153,582880.7,61.12000783581676,61.35087500000001,62.34998619875806,60.35176380124196,61.5175274999997,60.80249999999986,47.13289140468742,36.592592592592645,30.405255408313423
2017-12-01T20:30:00Z,61.025,61.15,60.88,60.91,586118,579807.25,61.10976355114277,61.284875000000014,62.21498315902382,60.35476684097621,61.5112774999997,60.896499999999854,45.53632020432358,35.11111111111114,34.25925925925914
2017-12-04T14:30:00Z,61.2,61.78,60.74,60.84,549018,590223.75,61.09660435352605,61.23637500000001,62.152957613561576,60.31979238643844,61.498527499999696,60.933999999999855,44.54715447961743,36.488888888889015,36.06419753086408
2017-12-04T15:30:00Z,60.84,60.97,60.54,60.78,485903,599309.6,61.081160238719896,61.180375000000005,62.06420512365828,60.29654487634173,61.48552749999969,60.88799999999985,43.67147162284984,34.7259259259261,35.441975308641894
2017-12-04T16:30:00Z,60.795,60.88,60.59,60.68,284626,600183.5,61.061591446587215,61.128375000000005,62.00140173927267,60.25534826072734,61.45427749999969,60.84699999999985,42.18314163017669,33.798050682261426,35.00428849902532
2017-12-04T17:30:00Z,60.71,60.71,60.26,60.47,453563,599640.35,61.032733327241495,61.062124999999995,61.92377062755807,60.20047937244192,61.420027499999705,60.735999999999855,39.1645876714236,28.07535129575827,32.19977596798174
2017-12-04T18:30:00Z,60.49,60.94,60.49,60.66,294110,593410.3,61.01455121371752,61.007625,61.825095909261336,60.19015409073866,61.393277499999705,60.68599999999985,43.12977712436007,27.3047991485189,29.726067042179338
2017-12-04T19:30:00Z,60.66,60.77,60.45,60.47,464496,589338.35,60.98798773987764,60.93962499999999,61.696137185950796,60.18311281404919,61.3582774999997,60.61199999999987,40.30094363442688,23.517382413087933,26.299177619121505
2017-12-04T20:30:00Z,60.47,60.52,60.2,60.22,831133,590314.4,60.95052492329824,60.886624999999995,61.68754677364138,60.08570322635861,61.327777499999705,60.499999999999865,36.873894934708666,18.40490797546013,23.07569651235546
2017-12-05T14:30:00Z,60.5,60.83,60.3,60.56,762874,563086,60.93147492703979,60.82087499999999,61.49180211042094,60.14994788957903,61.301027499999705,60.475999999999864,43.865236922851054,16.359918200409123,19.427402862985534
2017-12-05T15:30:00Z,60.55,61.2,60.525,61.16,374795,555107,60.94262249157443,60.786125000000006,61.29053672417786,60.28171327582215,61.29152749999971,60.61399999999986,53.625988040625955,30.470347648261818,21.745057941376828
2017-12-05T16:30:00Z,61.145,61.34,60.73,60.76,335422,536743.75,60.93371407735129,60.768625,61.25066616783531,60.28658383216469,61.26168999999972,60.633999999999865,47.6744348063611,40.853200797287116,29.22782221531916
2017-12-05T17:30:00Z,60.77,61.04,60.76,61.04,319132,524539.6,60.938898756504884,60.777125,61.27184531238656,60.282404687613436,61.23518999999972,60.74799999999986,51.71420898821657,50.19026170691916,40.504603384155835
2017-12-05T18:30:00Z,61.025,61.31,61.01,61.13,324771,513125.65,60.9482207683827,60.789625,61.30625899761081,60.27299100238919,61.19468999999971,60.92999999999986,52.971042281257155,49.15611814345985,46.733193549221845
2017-12-05T19:30:00Z,61.135,61.17,60.57,60.695,314101,494537,60.93586853577866,60.770875000000004,61.27244572032591,60.269304279674095,61.1605649999997,60.95699999999986,46.65060613715473,47.78481012658225,49.04372999232023
2017-12-05T20:30:00Z,60.6999,61.03,60.66,60.95,611340,481114.4,60.936557875496774,60.76687499999999,61.26134156862927,60.272408431370714,61.13681499999971,60.914999999999864,50.387695932027924,45.88607594936715,47.60900140646955
2017-12-06T14:30:00Z,60.53,61.92,59.96,61.74,1391436,512924.25,60.97575017425303,60.831875000000004,61.460860045517826,60.20288995448218,61.14106249999971,61.110999999999855,59.7860599846447,56.537931628347586,50.06960590143213
2017-12-06T15:30:00Z,61.74,62.12,61.491,62.09,507653,511365.95,61.03010382428947,60.90374999999999,61.731456922765965,60.07604307723401,61.1598124999997,61.320999999999856,63.11944832630197,78.96526402403454,60.46309053391624
2017-12-06T16:30:00Z,62.08,62.115,61.62,61.69,322041,507327.8,61.0622938816412,60.937749999999994,61.833213427502294,60.042286572497694,61.164562499999704,61.43299999999986,57.276129549887024,89.84001007810548,75.11440191016234
2017-12-06T17:30:00Z,61.72,61.89,61.43,61.55,278174,504342.95,61.08608442400017,60.97099999999999,61.904726940811045,60.037273059188934,61.16981249999971,61.60399999999986,55.344930843376005,84.10493827160506,84.3034041245815
2017-12-06T18:30:00Z,61.57,62.06,61.43,62.01,527601,500915.35,61.13115347648797,61.02024999999999,62.05825999513239,59.98224000486759,61.18556249999972,61.81599999999986,60.104735477488205,82.87037037037042,85.60510624002681
2017-12-06T19:30:00Z,62.01,62.1,61.8887,62.09,548487,499033.8,61.1779264776349,61.07924999999999,62.2150240752418,59.943475924758175,61.182062499999724,61.885999999999854,60.88559326765613,89.04320987654336,85.33950617283942
2017-12-06T20:30:00Z,62.09,62.25,62.05,62.13,788020,510983.9,61.22436908848198,61.14374999999999,62.36141528651863,59.92608471348135,61.19006249999971,61.893999999999856,61.29352631832312,96.09278128201,89.3354538429744
2017-12-07T14:30:00Z,61.58,62.61,61.42,62.38,829084,528142.95,61.280741328068224,61.223749999999995,62.541440688284126,59.906059311715865,61.20206249999971,62.031999999999854,63.83237511130811,94.89723038520128,93.34440718125136
2017-12-07T15:30:00Z,62.38,62.92,62.33,62.41,528891,540356.2,61.335827116942944,61.31024999999998,62.69902094943652,59.92147905056344,61.21931249999972,62.20399999999986,64.13637494358301,89.61695010492086,93.53565392404386
2017-12-07T16:30:00Z,62.405,62.53,62.18,62.21,320639,533710,61.37846969660426,61.39725,62.78257117214239,60.01192882785761,61.229687499999706,62.24399999999986,60.48628401923292,83.36817950025501,89.29411999679219
2017-12-07T17:30:00Z,62.21,62.33,62.02,62.12,305719,534290.45,61.41464190652601,61.470249999999986,62.84631858477007,60.094181415229905,61.238937499999714,62.24999999999985,58.86283867211983,77.2522522522522,83.4124606191425
2017-12-07T18:30:00Z,62.12,62.165,62,62.13,348722,528501.75,61.44953742328084,61.55324999999999,62.87724499621094,60.22925500378904,61.24643749999971,62.24999999999985,58.99453228498703,74.09909909909912,78.23984361720191
2017-12-07T19:30:00Z,62.14,62.2,62.02,62.195,383256,506107.9,61.48590145141348,61.65199999999999,62.85233911874464,60.451660881255336,61.26931249999971,62.21299999999985,59.893295745822265,73.9301801801802,75.09384384384366
2017-12-07T20:30:00Z,62.195,62.21,61.71,61.94,886566,512292.5,61.50805260012502,61.72099999999998,62.816383950946744,60.62561604905322,61.270937499999704,62.11899999999984,54.817176588786154,71.90315315315318,73.31081081081065
2017-12-08T14:30:00Z,62.47,62.98,62.34,62.66,647391,525922.3,61.56424515621648,61.79599999999998,62.93211883181135,60.659881168188605,61.291062499999704,62.208999999999854,64.07531322704402,73.9619427119427,73.26509201509184
2017-12-08T15:30:00Z,62.67,62.695,62.57,62.6,420061,530154.25,61.614769782742506,61.88799999999999,62.970374242114005,60.80562575788598,61.32831249999971,62.30499999999985,62.91832010772769,74.00669900669908,73.29059829059813
2017-12-08T16:30:00Z,62.6,62.84,62.57,62.74,371856,532790.45,61.66965906163312,61.97299999999998,63.042576551723315,60.90342344827664,61.37506249999971,62.42699999999985,64.52781445038958,79.91452991453012,75.9610572110571
2017-12-08T17:30:00Z,62.74,62.74,62.59,62.64,204904,526797.1,61.7169927659437,62.048499999999976,63.08196069107478,61.015039308925175,61.41906249999971,62.51599999999985,62.44298581712637,79.48717948717977,77.80280280280279
2017-12-08T18:30:00Z,62.64,62.81,62.61,62.76,324492,527316.65,61.76787116760498,62.15174999999997,63.02367473872476,61.279825261275185,61.4613124999997,62.67999999999985,63.9482598466134,82.90598290598314,80.76923076923082
2017-12-08T19:30:00Z,62.77,62.82,62.7,62.78,412696,517384.45,61.81724330577059,62.243249999999975,62.962181672691365,61.524318327308585,61.5050624999997,62.70399999999985,64.20575623086233,83.76068376068399,82.0512820512821
2017-12-08T20:30:00Z,62.78,62.79,62.51,62.54,629449,479285.1,61.85249972987934,62.283249999999974,62.97420784965521,61.59229215034474,61.5575624999997,62.69199999999985,58.78022718779497,81.62393162393181,82.76353276353278
2017-12-11T14:30:00Z,62.56,63.47,62.56,63.2,644604,486132.65,61.91823145037303,62.33874999999998,63.12977386183725,61.547726138162716,61.621249999999705,62.78399999999986,67.03094909495421,81.21114996115021,82.19858844858847
2017-12-11T15:30:00Z,63.1924,63.29,63.05,63.2547,289580,484509.6,61.98342503815971,62.416984999999976,63.244543733324555,61.589426266675396,61.6773674999997,62.90693999999985,67.60961846292243,81.4070027195029,81.4140281015281
2017-12-11T16:30:00Z,63.25,63.29,63.15,63.15,218748,481538.3,62.04033113385923,62.49698499999998,63.2820856668542,61.71188433314576,61.7339924999997,62.984939999999845,65.24891529197426,84.74810606060622,82.45541958041957
2017-12-11T17:30:00Z,63.15,63.42,63.1269,63.27,472405,478778.5,62.10031498098805,62.55998499999998,63.380098783015946,61.73987121698402,61.7901174999997,63.08293999999985,66.684720762637,86.0738636363638,84.07632413882409
2017-12-11T18:30:00Z,63.2665,63.2665,63.16,63.2,264693,464588.8,62.15395815264717,62.61548499999998,63.45095629040936,61.7800137095906,61.84736749999971,63.21493999999986,64.9976762319462,85.037878787879,85.28661616161612
2017-12-11T19:30:00Z,63.2,63.25,63.17,63.22,305109,440443.25,62.205960193981454,62.66998499999998,63.51383321922704,61.82613678077293,61.906867499999706,63.21893999999985,65.2680385483099,86.36363636363659,85.82512626262626
2017-12-11T20:30:00Z,63.22,63.25,63.04,63.07,553123,426645.2,62.24810847720187,62.70448499999999,63.55448673946131,61.85448326053867,61.9641174999997,63.181999999999846,61.435266635720595,78.35210512201677,83.2512067578439
2017-12-12T14:30:00Z,63.05,63.94,63.05,63.6,528680,426634.65,62.31405440514324,62.76398499999999,63.68669139809602,61.84127860190396,62.0371174999997,63.27199999999984,68.4787187959457,75.54033356024523,80.08535834863265
2017-12-12T15:30:00Z,63.6,63.9,63.56,63.86,412428,431224.1,62.38946638538015,62.846484999999994,63.84799985115714,61.84497014884285,62.1218674999997,63.38999999999985,71.25253075318926,78.41038018029188,77.43427295418441
2017-12-12T16:30:00Z,63.85,63.87,63.65,63.69,206555,426265.9,62.45290704950795,62.92498499999999,63.93252180681579,61.91744819318419,62.197617499999694,63.48799999999984,67.09510728707617,84.3822843822846,79.44433270760703
2017-12-12T17:30:00Z,63.69,63.7,63.525,63.5901,488948,433277.2,62.50837987636122,62.997989999999994,63.975684665827124,62.020295334172864,62.2756199999997,63.56201999999985,64.70581898143294,84.15151515151531,82.31472657136372
2017-12-12T18:30:00Z,63.5901,63.62,63.28,63.355,607832,444506,62.54967841897774,63.055989999999994,63.97193950711674,62.14004049288325,62.35399499999969,63.61901999999984,59.34949816525528,72.37995337995348,80.30458430458425
2017-12-12T19:30:00Z,63.36,63.65,63.305,63.56,501745,425264.95,62.598962398539804,63.13698999999999,63.92085094403778,62.3531290559622,62.42899499999969,63.61101999999985,62.281495825021935,69.34965034965055,75.29370629370624
2017-12-12T20:30:00Z,63.56,63.61,63.41,63.48,455691,415679.95,62.64193984251347,63.17798999999999,63.94332735018654,62.41265264981343,62.486994999999695,63.53501999999985,60.44914478816048,66.3947163947165,69.37477337477328
2017-12-13T14:30:00Z,63.74,64.47,63.74,64.32,781248,433739.3,62.723796435561596,63.26398999999999,64.13011940118204,62.39786059881794,62.57599499999969,63.66101999999985,70.32226421321567,76.53457653457652,70.75964775964763
2017-12-13T15:30:00Z,64.35,64.4,64.2,64.22,348381,432565.55,62.7967819752903,63.33798999999999,64.26327593396368,62.4127040660363,62.65549499999969,63.78699999999985,68.14146649164628,79.56487956487945,74.16472416472392
2017-12-13T16:30:00Z,64.2197,64.24,63.93,63.96,643529,454496.8,62.853524317959064,63.403989999999986,64.30879458641371,62.49918541358626,62.726244999999686,63.907999999999845,62.69732294011224,78.78787878787877,78.29577829577802
2017-12-13T17:30:00Z,63.9724,64.16,63.87,64.13,343246,455434.5,62.91579142440008,63.47248999999998,64.37933939190381,62.565640608096146,62.81211999999969,64.02199999999985,64.68409779397456,74.3589743589744,77.57057757057731
2017-12-13T18:30:00Z,64.13,64.23,64.04,64.105,412406,455420,62.97380159881959,63.53873999999998,64.42695442770983,62.650525572290135,62.89099499999969,64.14699999999985,64.14305197543695,71.67832167832184,74.94172494172477
2017-12-13T19:30:00Z,64.1,64.15,64.04,64.09,508280,449361.55,63.0282503013162,63.61623999999998,64.40755603648235,62.82492396351761,62.94974499999969,64.10099999999986,63.798240938882095,74.70862470862492,73.5819735819735
2017-12-13T20:30:00Z,64.085,64.115,63.65,63.83,894460,461854.35,63.06736004271541,63.64773999999998,64.42020332572879,62.875276674271156,62.993244999999696,64.02299999999984,57.98018482449876,67.61055845562917,71.33250161419176
2017-12-14T14:30:00Z,64.05,64.05,63.12,63.26,756977,485224.2,63.07675711380246,63.648004999999976,64.41993225168801,62.87607774831194,63.0324949999997,63.88299999999985,47.7083157115244,46.24217375391103,62.85378563938816
2017-12-14T15:30:00Z,63.24,63.29,63.03,63.19,479293,498251.45,63.08228115703161,63.65000499999998,64.41695193551337,62.88305806448659,63.073494999999696,63.694999999999844,46.61608705882804,25.470352982090088,46.441028397209884
2017-12-14T16:30:00Z,63.19,63.295,63.17,63.18,316720,490467.2,63.08704792985934,63.64550499999997,64.42231049811359,62.868699501886354,63.1027449999997,63.50999999999984,46.45247512286594,10.6327160493827,27.448414261794387
2017-12-14T17:30:00Z,63.19,63.245,62.73,62.74,462649,500365,63.07011876254913,63.622504999999975,64.47432875048833,62.770681249511625,63.1189949999997,63.23999999999984,39.82860742916064,7.367496807152047,14.490188612874727
2017-12-14T18:30:00Z,62.74,62.93,62.64,62.77,615388,515878.95,63.05547882291258,63.600004999999975,64.51462492209784,62.68538507790212,63.134994999999705,63.027999999999835,40.45208752392689,6.031734815652471,8.01064922406219
2017-12-14T19:30:00Z,62.77,63.07,62.7599,62.975,487425,512594.05,63.05155302667295,63.59525499999997,64.52174544350059,62.668764556499355,63.1498699999997,62.97099999999983,44.671019180573936,8.661516236417548,7.353582619740472
2017-12-14T20:30:00Z,62.98,63.16,62.38,62.55,2262493,599284.7,63.02708702537183,63.54275499999998,64.57516317601213,62.51034682398784,63.1533699999997,62.842999999999826,38.56996422121721,11.181269119146657,8.624840057072008
2017-12-15T14:30:00Z,62.47,63.37,62.15,63.24,2184350,687880.8,63.03747302413418,63.51175499999997,64.54142770620409,62.482082293795855,63.179119999999706,62.854999999999826,50.411430891614394,24.961475555090747,14.93475363688477
2017-12-15T15:30:00Z,63.24,63.48,63.01,63.23,798909,717498.5,63.04686458393251,63.48875499999997,64.52201818133545,62.455491818664484,63.20686999999971,62.952999999999825,50.26021943336077,36.084352294878606,24.07569898970512
2017-12-15T16:30:00Z,63.23,63.3,63.06,63.12,370514,711576.8,63.05043216520409,63.46524999999997,64.50955108206499,62.42094891793496,63.2316199999997,63.02299999999983,48.535599337692915,48.917900325795074,36.65457605858793
2017-12-15T17:30:00Z,63.12,63.12,62.8,62.97,314714,696920.9,63.04650864495024,63.44599999999997,64.51169507834216,62.38030492165778,63.25099499999969,63.02199999999982,46.207177007507475,45.910777818672535,43.637676813115185
2017-12-15T18:30:00Z,62.98,63.055,62.8,62.8,376353,690651.3,63.034483833001445,63.40799999999997,64.50836084990438,62.30763915009557,63.272494999999694,63.07199999999982,43.65129479879055,39.51923076923069,44.78263630456588
2017-12-15T19:30:00Z,62.79,62.82,62.735,62.77,815701,708651.8,63.021582182611134,63.37249999999997,64.50657451254577,62.238425487454165,63.2752449999997,62.977999999999824,43.19720260245672,34.491746590983304,39.973918392961956
2017-12-15T20:30:00Z,62.78,62.81,62.49,62.66,736395,706409.15,63.00394402736181,63.28949999999996,64.37603071747172,62.2029692825282,63.2767449999997,62.86399999999983,41.49278651968723,30.298089371010303,34.76968891040788
2017-12-18T14:30:00Z,62.67,63.38,62.58,62.9,540016,715990.9,62.9988735870027,63.223499999999966,64.23359950005228,62.21340049994765,63.280744999999705,62.81999999999982,46.4567436304132,38.26174851888006,34.350528160291
2017-12-18T15:30:00Z,62.9,63.07,62.87,63.055,311243,699376.6,63.001611460807446,63.17824999999997,64.1318236730866,62.22467632691335,63.29111999999971,62.83699999999983,49.440260990919796,50.426065162907385,39.6619676842657
2017-12-18T16:30:00Z,63.06,63.34,62.94,63.33,545940,709511.3,63.01763041393879,63.13824999999997,63.9905074435026,62.28599255649734,63.30536999999971,62.94299999999983,54.30518834488664,71.05263157894755,53.24681508691145
2017-12-18T17:30:00Z,63.34,63.63,63.3273,63.36,218495,699815.75,63.03433136935641,63.10099999999998,63.8383642247926,62.36363577520736,63.31986999999971,63.06099999999983,54.815963548650984,79.50789134999671,66.99552936395033
2017-12-18T18:30:00Z,63.36,63.44,63.24,63.401,381109,693457.2,63.05221764402195,63.066549999999985,63.66766112949218,62.46543887050779,63.34139499999971,63.209199999999825,55.547285295176955,85.00186276502073,78.52079523132144
2017-12-18T19:30:00Z,63.41,63.51,63.39,63.3901,229942,660231.3,63.06869971016722,63.04455499999998,63.55813577251973,62.530974227480236,63.34614749999969,63.30721999999982,55.291069571654,83.35810810810803,82.6226207410416
2017-12-18T20:30:00Z,63.39,63.5,63.35,63.46,443696,644567.25,63.08778752918346,63.05455499999998,63.59177079453982,62.51733920546014,63.35127999999969,63.38821999999983,56.671307274272266,85.6103603603603,84.65677707782946
2017-12-19T14:30:00Z,63.52,64.57,63.5,63.8,714470,656326.1,63.122529600930605,63.085054999999976,63.71143219458931,62.458677805410645,63.36752999999969,63.48221999999983,62.702769536302256,78.42827442827436,82.46558096558067
2017-12-19T15:30:00Z,63.81,63.98,63.76,63.76,344231,657701.65,63.15362571795838,63.11405499999997,63.80564131414042,62.42246868585952,63.379779999999684,63.56221999999983,61.61607664050876,70.85065835065842,78.29643104643081
2017-12-19T16:30:00Z,63.77,64.03,63.67,63.86,321288,650633.6,63.188083000009186,63.17005499999998,63.91103474999382,62.429075250006136,63.396279999999685,63.65401999999983,63.32722840634814,63.30128205128219,70.86007161007144
2017-12-19T17:30:00Z,63.86,64.64,63.82,64.37,1470278,693378.1,63.245737487813614,63.250054999999975,64.13290028083952,62.36720971916042,63.42502999999969,63.84999999999983,70.54032805683876,71.45497912939793,68.5356398437793
2017-12-19T18:30:00Z,64.34,64.45,64.01,64.1,498497,693931.7,63.28740882987149,63.30630499999997,64.2529357568976,62.35967424310234,63.45077999999969,63.977999999999824,63.42762143932625,76.06365533691122,70.27330550586356
2017-12-19T19:30:00Z,64.105,64.13,63.96,64.03,459355,603774.8,63.323632789389954,63.380304999999986,64.31011854577122,62.45049145422875,63.461529999999684,64.02399999999983,61.690871528285186,77.98449612403103,75.16771019677985
2017-12-19T20:30:00Z,64.03,64.04,63.49,63.64,732486,531181.6,63.33906533624898,63.40030499999998,64.33438445588197,62.46622554411799,63.45602999999968,63.999999999999844,52.985847135656215,65.98931286219612,73.34582144104591
2017-12-20T14:30:00Z,63.92,64,63.29,63.46,985652,540518.75,63.34496458813927,63.41180499999997,64.34287286535908,62.48073713464087,63.450279999999694,63.91999999999983,49.51318499850186,52.13918366322985,65.37099754981878
2017-12-20T15:30:00Z,63.47,63.55,63.06,63.1,692330,556609.55,63.33301509603491,63.41080499999998,64.3431664159223,62.47844358407766,63.43802749999969,63.66599999999984,43.38839856662417,31.400469572942637,49.84298869945598
2017-12-20T16:30:00Z,63.1,63.37,63.02,63.31,563666,569057.15,63.33189240842346,63.42780499999998,64.33956830804823,62.51604169195173,63.43690249999969,63.50799999999983,47.47042183964506,20.215444202372467,34.58503247951476
2017-12-20T17:30:00Z,63.31,63.31,63.04,63.09,425075,571493.25,63.32009277874426,63.442304999999976,64.3223424707396,62.56226752926035,63.4251524999997,63.319999999999844,43.8992161017392,10.544662309368318,20.72019202822759
2017-12-20T18:30:00Z,63.1,63.29,63.03,63.18,699833,565699.85,63.31325898465918,63.46280499999997,64.2971591993108,62.62845080068913,63.41765249999969,63.22799999999984,45.69893484770556,10.69958847736625,13.819898329702125
2017-12-20T19:30:00Z,63.18,63.24,63,63.105,549359,556348.05,63.30310000979775,63.485054999999974,64.25373724248037,62.71637275751958,63.38727749999968,63.15699999999983,44.42008792783136,6.866656629529198,9.370302472087703
2017-12-20T20:30:00Z,63.11,63.14,62.8,62.91,956971,577195.8,63.283924399563716,63.48555499999998,64.25272588702923,62.71838411297072,63.354527499999676,63.118999999999836,41.19242705999216,7.419081034610585,8.328442047168457
2017-12-21T14:30:00Z,63.35,63.67,63.11,63.34,442702,583768.75,63.28665979470695,63.49980499999998,64.24472153888232,62.75488846111764,63.33902749999968,63.124999999999844,49.84663094698313,13.909508660304072,9.398415441481065
2017-12-21T15:30:00Z,63.33,63.37,63.16,63.28,534697,583206.6,63.28633492667247,63.49730499999998,64.2448153677543,62.74979463224567,63.31777749999968,63.162999999999826,48.76818608086119,20.47101449275382,13.93320139588927
2017-12-21T16:30:00Z,63.28,63.59,63.25,63.37,415343,593049,63.29041614976161,63.49780499999997,64.24496062629788,62.75064937370206,63.29940249999968,63.20099999999983,50.49823646273679,28.804347826087156,21.061623659714794
2017-12-21T17:30:00Z,63.37,63.44,63.31,63.38,311811,589584.1,63.29478609367568,63.49675499999997,64.2445106298064,62.748999370193545,63.28165249999968,63.25599999999984,50.69745535769312,30.73891084760667,26.671424388815662
2017-12-21T18:30:00Z,63.39,63.59,63.34,63.515,247773,590475.65,63.3055282354476,63.50299999999997,64.24917290222027,62.75682709777967,63.273777499999674,63.376999999999825,53.42268294179435,39.96305817244055,33.16877228204457
2017-12-21T19:30:00Z,63.515,63.62,63.475,63.61,212275,578904.6,63.32038051664528,63.51049999999998,64.25780783483206,62.763192165167894,63.282527499999674,63.43099999999983,55.29535036994602,51.41116476430582,40.70437792811746
2017-12-21T20:30:00Z,63.6,63.63,63.47,63.52,318365,559099.35,63.33011805241868,63.49649999999998,64.23198691354973,62.76101308645024,63.29077749999967,63.47899999999983,53.11653942480755,59.693993047134164,50.356071994626625
2017-12-22T14:30:00Z,63.49,63.81,63.23,63.62,379842,560879.9,63.344258635227526,63.48949999999998,64.21744848719274,62.761551512807216,63.30177749999967,63.52899999999984,55.22752010231721,68.8368998190141,59.98068587681781
2017-12-22T15:30:00Z,63.61,63.84,63.59,63.81,290175,559324.25,63.36697772619204,63.486999999999966,64.21016941307718,62.76383058692276,63.328527499999666,63.614999999999824,59.00445537637848,79.43450114242195,69.32179800285653
2017-12-22T16:30:00Z,63.81,63.83,63.64,63.655,192406,495430.65,63.381027593207065,63.45124999999997,64.05752448404758,62.84497551595236,63.35065249999967,63.64299999999984,54.93321984466812,86.83834729626795,78.36991608590112
2017-12-22T17:30:00Z,63.65,63.71,63.49,63.52,124959,476753.75,63.387806735001845,63.42224999999998,63.952320514183576,62.89217948581638,63.36427749999967,63.62499999999983,51.59412736670461,82.85256410256414,83.0418041804178
2017-12-22T18:30:00Z,63.53,63.62,63.51,63.62,124948,460033.4,63.399133235733466,63.40174999999997,63.8635321456134,62.939967854386545,63.391027499999666,63.64499999999983,53.83273732843475,76.76282051282044,82.15124397055062
2017-12-22T19:30:00Z,63.63,63.66,63.56,63.62,156662,431242.2,63.409907224234274,63.400749999999974,63.860546422350424,62.94095357764952,63.40052749999967,63.644999999999825,53.83273732843476,75.64102564102546,78.41880341880312
2017-12-22T20:30:00Z,63.62,63.65,63.515,63.61,258800,394899.6,63.419667847442355,63.408249999999974,63.87648364894753,62.94001635105242,63.41002749999967,63.604999999999826,53.545544833203955,75.39515279241272,75.93299964875264
2017-12-26T14:30:00Z,62.95,64.1,62.93,64.06,246798,372623,63.45090356220126,63.456249999999976,63.98158679673649,62.930913203263465,63.43352749999967,63.68599999999983,63.08854593941483,81.30683370409399,77.4476707125105
2017-12-26T15:30:00Z,64.05,64.12,63.96,64.005,107468,349813.1,63.47793265672803,63.490999999999964,64.06292307175873,62.919076928241196,63.45940249999967,63.78299999999983,61.42759809069974,85.13682723996978,80.6129379121586
2017-12-26T16:30:00Z,64.005,64.04,63.95,63.99,77987,332458.7,63.502911551521784,63.535999999999966,64.1162034126188,62.95579658738112,63.48915249999968,63.856999999999836,60.95625514711416,91.99765376235962,86.1471049021409
2017-12-26T17:30:00Z,63.98,63.99,63.905,63.955,101772,302555.65,63.5249646465695,63.57474999999997,64.15818358663026,62.991316413369695,63.51877749999968,63.92399999999983,59.80317580468771,88.5154061624646,88.54996238826443
2017-12-26T18:30:00Z,63.95,63.97,63.84,63.85,88392,279507.3,63.54082002966367,63.61199999999998,64.16504972652137,63.05895027347859,63.54852749999968,63.97199999999983,56.35881450538198,84.17366946778691,88.22890979753682
2017-12-26T19:30:00Z,63.85,63.86,63.75,63.75,101644,236740.95,63.55102393065569,63.653999999999975,64.10572558042217,63.20227441957778,63.56977749999968,63.90999999999983,53.21529395965327,77.45098039215662,83.38001867413583
2017-12-26T20:30:00Z,63.75,63.85,63.75,63.79,242939,226752.8,63.562681299892,63.676499999999976,64.1077899256962,63.24521007430375,63.58815249999968,63.866999999999834,54.31301410874707,72.82913165266086,78.15126050420123
2017-12-27T14:30:00Z,64.01,64.2,63.71,64.18,253403,212688.1,63.59279440721434,63.72149999999998,64.16553941267308,63.27746058732687,63.60940249999968,63.90499999999984,63.34378207399979,79.86722247954296,76.71577817478659
2017-12-27T15:30:00Z,64.18,64.18,63.93,64.02,129548,198398.35,63.6136337044234,63.75399999999998,64.18534209162533,63.322657908374616,63.62590249999969,63.917999999999836,58.256168113863524,85.5069586889873,79.40110427373014
2017-12-27T16:30:00Z,64.04,64.16,63.84,64.13,192809,192448.25,63.63882230420762,63.791499999999985,64.21662468759433,63.36637531240563,63.64412749999968,63.97399999999984,60.59917141711175,92.91338582677145,86.09585566510033
2017-12-27T17:30:00Z,64.11,64.18,63.99,64,126223,186370.75,63.65644072839262,63.81574999999998,64.2302168261817,63.40128317381826,63.65937499999969,64.02399999999984,56.558844846846114,88.18897637795239,88.86977363123681
2017-12-27T18:30:00Z,63.99,64.07,63.97,64.01,110635,181288.75,63.67368752212956,63.83574999999998,64.24716554419263,63.42433445580734,63.673124999999686,64.06799999999984,56.79746129809958,87.92650918635157,89.67629046369159
2017-12-27T19:30:00Z,64.01,64.2,63.98,64.07,238182,177279.6,63.69301983812324,63.86324999999998,64.25982628522905,63.46667371477091,63.67987499999968,64.04599999999984,58.27826440712062,86.35170603674521,87.48906386701616
2017-12-27T20:30:00Z,64.06,64.12,63.98,64.1,222678,169421.4,63.7128725289465,63.88724999999997,64.28011734403358,63.49438265596636,63.68837499999969,64.06199999999983,59.03433568359041,88.97637795275556,87.75153105861722
2017-12-28T14:30:00Z,64.24,64.64,64.17,64.415,173212,163573.25,63.747122649485696,63.917499999999976,64.37048454720632,63.464515452793634,63.70224999999969,64.11899999999983,66.00120787552635,85.89873846414338,87.0756074845478
2017-12-28T15:30:00Z,64.4202,64.475,64.06,64.4,331211,170513.5,63.77897032512054,63.954749999999976,64.43685450112554,63.47264549887442,63.702999999999676,64.19899999999984,65.43056564982149,80.70866141732304,85.19459261140709
2017-12-28T16:30:00Z,64.395,64.41,64.27,64.355,78595,168195.3,63.80706933365124,63.99649999999997,64.46521206514355,63.5277879348564,63.70937499999968,64.26799999999984,63.652557221081,73.118279569893,79.90855981711957
2017-12-28T17:30:00Z,64.36,64.4,64.25,64.28,114491,167672.45,63.83013912225362,64.02949999999997,64.48012068307392,63.57887931692602,63.71562499999968,64.30999999999985,60.69236031050631,68.27956989247348,74.03550362656294
2017-12-28T18:30:00Z,64.28,64.38,64.19,64.19,162044,167941.55,63.84769331141198,64.05799999999998,64.47203381505304,63.64396618494692,63.729374999999685,64.32799999999985,57.25157098138331,60.75268817204307,67.38351254480294
2017-12-28T19:30:00Z,64.195,64.28,64.18,64.24,183269,164165,63.86683022305042,64.08949999999999,64.45547677522848,63.72352322477149,63.74887499999968,64.29299999999985,58.65396515830738,56.6308243727596,61.88769414575847
2017-12-28T20:30:00Z,64.24,64.39,64.225,64.34,304785,167064.35,63.88991167558455,64.10349999999998,64.48498525529247,63.722014744707494,63.77987499999968,64.28099999999985,61.38261308552165,58.781362007168276,58.72162485065673
2017-12-29T14:30:00Z,64.1,64.43,63.875,63.88,210918,172236.85,63.88942817921457,64.09724999999999,64.48894471531511,63.70555528468486,63.79412499999968,64.18599999999985,46.25908308871726,43.24372759856621,52.885304659497784
2017-12-29T15:30:00Z,63.88,63.91,63.63,63.69,180188,177346.9,63.87969997535044,64.08224999999997,64.51049613251335,63.654003867486594,63.809124999999675,64.06799999999984,41.69008446607502,26.22750984775892,42.75086648449756
2017-12-29T16:30:00Z,63.695,63.92,63.61,63.85,204746,182495.6,63.87825119606505,64.07699999999997,64.51384551046729,63.64015448953265,63.82587499999968,63.99999999999985,46.48367925848422,11.413854977730692,26.961697474685028
2017-12-29T17:30:00Z,63.86,63.91,63.68,63.7501,128425,184497.25,63.87199991820822,64.07200499999998,64.52122779763113,63.622782202368825,63.84200249999967,63.90201999999986,44.04876946170522,14.281168893588449,17.30751123969244
2017-12-29T18:30:00Z,63.76,63.8607,63.63,63.72,166252,187727.65,63.86458528805172,64.07050499999998,64.5241967256363,63.61681327436367,63.862252499999684,63.778019999999856,43.312592451495284,15.860841423948415,13.851955098422271
2017-12-29T19:30:00Z,63.725,63.85,63.65,63.84,170283,184094.85,63.86338600570773,64.07300499999998,64.52100174319202,63.62500825680795,63.87475249999968,63.77001999999986,47.10783265171002,15.537216828479224,15.226409048671782
2017-12-29T20:30:00Z,63.83,63.845,63.46,63.52,338824,188365.9,63.84663546884394,64.04000499999998,64.5451964507505,63.53481354924947,63.88075249999967,63.73601999999987,39.51112398684721,12.698151500192184,14.69873658420636
2018-01-02T14:30:00Z,63.79,64.52,63.54,64.3,561674,209972.2,63.86875081182716,64.05400499999998,64.57157030207914,63.53643969792081,63.904002499999685,63.82601999999988,57.501354969386846,35.55337528965304,21.262914539441237
2018-01-02T15:30:00Z,64.315,64.33,63.6549,63.7344,237154,212189.45,63.862197113689255,64.03422499999996,64.56862491721677,63.49982508278317,63.912862499999676,63.82287999999987,46.66360771390908,36.738940411470146,28.330155733771544
2018-01-02T16:30:00Z,63.74,64.18,63.74,64.18,193597,215558.15,63.87769969350929,64.04322499999998,64.58106798035257,63.50538201964738,63.929487499999674,63.91487999999988,54.01686820922074,57.68553459119534,43.32595009743926
2018-01-02T17:30:00Z,64.18,64.32,64.15,64.245,193439,219698.35,63.89561678163079,64.05497499999998,64.59962596301288,63.510324036987086,63.94536249999968,63.99587999999987,54.991638701679285,55.955974842767894,50.126816615144214
2018-01-02T18:30:00Z,64.23,64.41,64.12,64.39,170210,216299.75,63.91973303618539,64.07097499999998,64.6349110526815,63.507038947318456,63.967112499999686,64.16987999999988,57.17268079229852,76.57232704402584,63.404612159329446
2018-01-02T19:30:00Z,64.4,64.42,64,64.065,219586,216145.15,63.926819229542204,64.06922499999999,64.63300711350581,63.50544288649417,63.97823749999968,64.12287999999988,51.185555967875075,72.95597484276767,68.49475890985356
2018-01-02T20:30:00Z,64.065,64.11,64,64.04,229606,218964.85,63.932340242735265,64.05047499999998,64.59149512117469,63.50945487882526,63.983987499999685,64.18399999999988,50.74533853038522,66.50943396226457,72.01257861635244
2018-01-03T14:30:00Z,63.89,64.13,63.725,63.74,330046,218906.6,63.92295779187013,64.01747499999998,64.54963303246318,63.48531696753677,63.986112499999685,64.09599999999988,45.669455772310876,46.069182389937474,61.84486373165632
2018-01-03T15:30:00Z,63.75,63.76,63.51,63.6,283822,229167.95,63.90720375324232,63.97972499999999,64.51783685780391,63.44161314219607,63.98811249999968,63.966999999999885,43.48354785169596,31.44654088050355,48.00838574423495
2018-01-03T16:30:00Z,63.605,63.66,63.25,63.32,275716,237229.2,63.87855966771831,63.931724999999986,64.52279417658495,63.34065582341503,63.98061249999969,63.752999999999886,39.41972899892525,15.044817511018842,30.853513593819713
2018-01-03T17:30:00Z,63.325,63.84,63.27,63.7019,376519,247952.95,63.86994212295156,63.907319999999984,64.49400821908236,63.32063178091761,63.98265999999969,63.680379999999886,46.73199692845825,18.10067845292942,21.530678948150353
2018-01-03T18:30:00Z,63.71,63.74,63.34,63.52,264095,251994.25,63.852871775490506,63.87131999999999,64.46029132901836,63.28234867098162,63.98040999999969,63.576379999999894,44.0073287716587,20.78477690288739,17.9767576222783
2018-01-03T19:30:00Z,63.53,63.69,63.46,63.64,320750,252792.5,63.84248778644219,63.836319999999986,64.3919789119333,63.28066108806669,63.969909999999686,63.5563799999999,46.23441426242437,29.183727034121024,22.689727463312362
2018-01-03T20:30:00Z,63.65,63.71,63.52,63.6,338977,259195.45,63.83065911393282,63.822319999999976,64.38690893578953,63.25773106421042,63.95978499999969,63.5563799999999,45.583569431288296,26.5091863517063,25.492563429571323
2018-01-04T14:30:00Z,63.89,64,62.88,63.14,384833,269427.7,63.79696842544829,63.79481999999998,64.43148794046098,63.15815205953898,63.938534999999696,63.520379999999896,38.81636247199353,25.05027780618344,26.91439706400334
2018-01-04T15:30:00Z,63.17,63.3,62.92,63.09,258203,272100.55,63.762482160792274,63.75681999999998,64.46273454611084,63.05090545388913,63.91690999999969,63.3979999999999,38.15333654964517,19.35951187919701,23.63965867902867
2018-01-04T16:30:00Z,63.11,63.4,63.1,63.3,126027,271980.65,63.73992205538777,63.73431499999998,64.46781163742408,63.00081836257588,63.90315999999969,63.35399999999991,42.588868896649295,19.264069264069178,21.224619649816294
2018-01-04T17:30:00Z,63.3,63.4183,63.16,63.2258,176336,272484.85,63.71484293073471,63.70960499999999,64.47592836380223,62.94328163619776,63.89005499999969,63.271159999999895,41.457505974230706,21.121212121212015,19.914931088159154
2018-01-04T18:30:00Z,63.23,63.465,63.17,63.41,163448,272143.1,63.699972543869606,63.688104999999986,64.46267233594236,62.913537664057614,63.88055499999969,63.2331599999999,45.33945807935564,28.0476190476188,22.810966810966416
2018-01-04T19:30:00Z,63.42,63.425,63.17,63.24,223819,266392.85,63.677534858802794,63.674104999999976,64.47014414345703,62.878065856542925,63.85705499999968,63.2531599999999,42.53608773684182,28.556709956709856,25.908513708513308
2018-01-04T20:30:00Z,63.24,63.24,62.89,62.99,492857,262952,63.643996573007534,63.608604999999976,64.40344356091444,62.813766439085505,63.83130499999969,63.2331599999999,38.74236133014823,24.005194805194765,26.86984126984089
2018-01-05T14:30:00Z,63.54,63.99,63.26,63.78,555622,278875.4,63.65063088651936,63.610884999999975,64.40741366685157,62.81435633314838,63.82255499999968,63.3291599999999,53.00580635415157,39.31904761904772,30.626984126983867
2018-01-05T15:30:00Z,63.8,64.63,63.77,64.55,546579,296524.5,63.69450255059159,63.62938499999997,64.492343827012,62.76642617298795,63.83630499999968,63.5939999999999,62.2356528672848,61.528571428571524,41.61760461760442
2018-01-05T16:30:00Z,64.55,64.635,64.359,64.44,359980,304851.55,63.73086827983102,63.63913499999997,64.53352901670513,62.74474098329481,63.84705499999969,63.79999999999991,60.41029559235647,88.22486772486768,63.02416225749539
2018-01-05T17:30:00Z,64.43,64.68,64.425,64.51,311962,311939.15,63.76887470520512,63.64513499999997,64.56095058029958,62.72931941970035,63.85805499999968,64.0539999999999,61.19037377134421,91.62433862433853,80.459259259259
2018-01-05T18:30:00Z,64.5041,64.58,64.31,64.33,213656,311642.65,63.79624667080487,63.658384999999974,64.60525701728481,62.711512982715135,63.863804999999694,64.32199999999992,58.02427304740498,86.66666666666642,88.83862433862396
2018-01-05T19:30:00Z,64.33,64.495,64.31,64.495,288374,314581.05,63.83033219905829,63.68113499999997,64.68380907322633,62.67846092677361,63.865804999999696,64.4649999999999,60.06413527482386,86.94444444444429,88.41181657848283
2018-01-05T20:30:00Z,64.49,64.81,64.44,64.59,615851,328871.3,63.867389164957885,63.723634999999966,64.80189489312488,62.64537510687504,63.8705549999997,64.47299999999991,61.23228146811184,86.29293801573583,86.63468304228194
2018-01-08T14:30:00Z,64.46,65.66,64.31,65.66,538309,341595.65,63.95483359593555,63.82663499999997,65.19303653583005,62.46023346416989,63.90317999999969,64.71699999999991,71.38483375097752,92.77441949721747,88.67060065246562
2018-01-08T15:30:00Z,65.67,65.98,65.53,65.755,670539,361336.8,64.04264659125576,63.94838499999996,65.52956918190947,62.367200818090446,63.94005499999969,64.96599999999991,72.08384647315717,93.77316095712392,90.94683949002551
2018-01-08T16:30:00Z,65.75,65.75,65.52,65.535,343539,359687.8,64.11544431851158,64.04003999999996,65.75988281886958,62.32019718113033,63.973679999999696,65.20699999999991,67.94454408202483,92.77238403451982,93.10665482962015
2018-01-08T17:30:00Z,65.535,65.58,65.44,65.48,261590,359562.55,64.1820080102915,64.13803999999996,65.94913137307245,62.326948626927475,64.0046799999997,65.40399999999991,66.91010339425367,87.3786407766989,91.30806192278062
2018-01-08T18:30:00Z,65.479,65.555,65.45,65.5071,179701,352510.1,64.24664664393582,64.23139499999996,66.1209578134349,62.341832186565036,64.0338574999997,65.5874199999999,67.17528491415737,84.70442286947129,88.28514922689642
2018-01-08T19:30:00Z,65.5,65.57,65.46,65.51,310946,351108.55,64.30827363691456,64.32689499999996,66.2714260092458,62.38236399075412,64.0746074999997,65.5574199999999,67.20557226529209,84.43473570658033,85.50593311758327
2018-01-08T20:30:00Z,65.51,65.52,65.07,65.09,738723,368803.05,64.3464066302358,64.42439499999998,66.31592817335755,62.532861826642396,64.10960749999968,65.4244199999999,58.75066089047406,78.92161621930323,82.6869249317847
2018-01-09T14:30:00Z,66,66.51,65.69,66.42,1262124,418999.1,64.44755752632186,64.59089499999996,66.56760302242473,62.61418697757519,64.17385749999968,65.6014199999999,71.13479120568226,82.92812808160143,82.09482666916142
2018-01-09T15:30:00Z,66.41,66.52,66.24,66.25,543895,439892.5,64.53548154942811,64.73839499999997,66.74777139727081,62.72901860272912,64.23635499999969,65.7554199999999,68.31169583922261,83.92584855390787,81.9251976182706
2018-01-09T16:30:00Z,66.26,66.38,66.17,66.32,409391,451545.25,64.62253122994382,64.89310499999996,66.88924099684814,62.89696900315178,64.30135499999969,65.9179999999999,68.85972012112244,91.81612004712048,86.22336556087635
2018-01-09T17:30:00Z,66.31,66.31,66.18,66.22,266423,456694,64.70045653580021,65.03360499999997,66.98752615959532,63.07968384040461,64.36085499999969,66.0599999999999,67.07508802934083,88.3861236802414,88.04269742708966
2018-01-09T18:30:00Z,66.22,66.26,66.1,66.23,492909,470148.5,64.77506841210264,65.18310499999995,67.01920829718142,63.34700170281849,64.42860499999969,66.28799999999991,67.16672744271105,88.08446455505292,89.42890276080469
2018-01-09T19:30:00Z,66.22,66.233,65.79,65.875,726967,481854,64.82872361151227,65.32735499999997,66.8835827782857,63.77112722171423,64.46797999999968,66.1789999999999,60.707063294193304,81.37254901960806,85.94771241830055
2018-01-09T20:30:00Z,65.9,65.95,65.52,65.61,807551,494450.45,64.86683465485314,65.41885499999997,66.80646879278022,64.03124120721971,64.51486999999969,66.0509999999999,56.35039105375749,72.17194570135766,80.5429864253393
2018-01-10T14:30:00Z,65.18,65.19,64.21,64.29,645713,499407.15,64.83869637900665,65.40585499999996,66.83017131245106,63.98153868754886,64.5176199999997,65.64499999999991,40.68704471336658,44.36707083765933,65.97052185287475
2018-01-10T15:30:00Z,64.28,64.41,63.68,63.85,620796,512447.95,64.7904672873478,65.37635499999996,66.90041462413375,63.852295375866184,64.50774499999969,65.1709999999999,36.99556327222279,22.757549455975546,46.432188664997256
2018-01-10T16:30:00Z,63.87,63.96,63.61,63.72,332254,513462.55,64.73824937089181,65.33685499999997,66.98461254221058,63.68909745778936,64.49099499999969,64.66899999999991,35.95753353208109,4.409729228228071,23.84478317395406
2018-01-10T17:30:00Z,63.73,64.14,63.72,63.9,368587,521209.1,64.69735915767757,65.31535499999997,67.02515468941243,63.605555310587505,64.48686999999968,64.27399999999992,38.529360351696674,6.577206653437269,11.248161779213381
2018-01-10T18:30:00Z,63.9,64.22,63.87,64,266306,520105.7,64.66334163779085,65.29060499999996,67.06046375648955,63.52074624351035,64.48586999999968,63.951999999999906,39.971616821228714,9.049255441008045,6.678730440890878
2018-01-10T19:30:00Z,64,64.03,63.83,63.89,286751,503650.7,64.62561765545959,65.25560499999996,67.10538050473448,63.40582949526544,64.48961999999969,63.871999999999915,38.89068639842576,10.99656357388321,8.874341889442592
2018-01-10T20:30:00Z,63.89,64.08,63.85,63.89,504617,501966.1,64.58973386738839,65.16710499999996,67.09858338660344,63.23562661339649,64.49686999999969,63.8799999999999,38.89068639842576,10.882016036655282,10.309278350515264
2018-01-11T14:30:00Z,63.94,63.95,63.23,63.93,508187,493848.5,64.55755172751579,65.07585499999996,67.05935296014938,63.09235703985054,64.51211999999968,63.9219999999999,39.57975926471023,13.50686066632555,11.79514675895443
2018-01-11T15:30:00Z,63.94,64.19,63.61,63.665,384191,495881.1,64.51401261885648,64.98235499999996,67.04517702284171,62.9195329771582,64.51119749999968,63.8749999999999,36.63264743607365,14.902704227117574,13.097193643365886
2018-01-11T16:30:00Z,63.66,63.79,63.4,63.56,233901,494496.65,64.46747541793665,64.88635499999995,67.02491978459823,62.74779021540168,64.51219749999969,63.7869999999999,35.50457775292675,15.266801756163593,14.55878888320199
2018-01-11T17:30:00Z,63.56,63.89,63.46,63.46,352299,503126.55,64.41833027559828,64.78399999999996,66.98885509728301,62.57914490271691,64.5076974999997,63.70099999999991,34.41754435722039,10.704856199905842,13.62478739439542
2018-01-11T18:30:00Z,63.46,63.7,63.46,63.625,257692,500463.85,64.37963123776422,64.68974999999996,66.92337815840438,62.45612184159555,64.50832249999968,63.64799999999991,37.80137002876594,10.486185981235623,12.152614645768104
2018-01-11T19:30:00Z,63.625,63.72,63.53,63.655,473983,487226.85,64.34428337250742,64.61799999999995,66.88749421678412,62.34850578321579,64.52119749999969,63.592999999999904,38.42346621499055,12.123090743140374,11.104710974760366
2018-01-11T20:30:00Z,63.65,63.88,63.57,63.84,387642,443502.75,64.31968418360462,64.48899999999995,66.62339827586739,62.3546017241325,64.53994749999968,63.62799999999991,42.25875459001327,19.96698737770186,14.192088034025703
2018-01-12T14:30:00Z,64.16,64.26,63.56,64.02,422097,437412.85,64.30506544294099,64.37749999999996,66.35984583259848,62.39515416740143,64.55794749999968,63.7199999999999,45.79626295576116,37.89886717398839,23.329648431609957
2018-01-12T15:30:00Z,64.03,64.12,63.88,63.915,358633,434874.95,64.2860378603585,64.25724999999994,66.03488178133877,62.47961821866111,64.57517749999968,63.8109999999999,44.0990285440544,54.858818630298934,37.574891060662814
2018-01-12T16:30:00Z,63.92,63.99,63.65,63.75,241776,433642.6,64.25988967204833,64.13374999999994,65.6764582517537,62.59104174824618,64.58367749999968,63.8359999999999,41.496460058446374,61.31314793483614,51.35694457970757
2018-01-12T17:30:00Z,63.74,63.819,63.58,63.77,292037,423599,64.23599261487524,64.01074999999994,65.22196540199556,62.79953459800433,64.59692749999968,63.8589999999999,41.943712928833726,56.47249190938506,57.548152824839796
2018-01-12T18:30:00Z,63.79,63.86,63.51,63.75,248233,399662.3,64.21228565805207,63.90449999999996,64.76496440950022,63.04403559049971,64.61592749999969,63.840999999999894,41.60121207473878,51.132686084142414,56.30610864278762
2018-01-12T19:30:00Z,63.75,63.77,63.58,63.7275,508287,384699.1,64.18863757717148,63.81037499999995,64.1702092500719,63.450540749927995,64.61461499999967,63.78249999999989,41.1936792679558,50.40453074433656,52.6699029126211
2018-01-12T20:30:00Z,63.73,63.88,63.64,63.67,466181,375722.5,64.1633381831631,63.77937499999996,64.06845922219159,63.49029077780833,64.59261499999967,63.73349999999989,40.11223665068463,47.168284789643984,49.56850053937407
2018-01-16T14:30:00Z,64.14,64.14,63.47,63.6928,701570,379761.2,64.14038510105759,63.77151499999995,64.06103881097464,63.48199118902527,64.57393499999968,63.7220599999999,40.776164842542045,41.68864303454495,46.420486189508246
2018-01-16T15:30:00Z,63.7,63.775,63.24,63.39,529916,389644.3,64.10378094978648,63.75501499999994,64.08865405215944,63.421375947840446,64.54593499999967,63.646059999999885,35.19561177581312,30.490280194263203,39.78240267281713
2018-01-16T16:30:00Z,63.39,63.39,63.075,63.1,398991,391164.5,64.05481602540665,63.71501499999995,64.1468944011336,63.28313559886631,64.51518499999968,63.51605999999989,30.84208336326911,16.954032874065938,29.710985367624442
2018-01-16T17:30:00Z,63.1,63.1,62.73,62.88,432811,399489.75,63.997507926606325,63.65901499999994,64.20415951031774,63.11387048968214,64.47480999999968,63.3465599999999,28.011365939895114,8.873169520972965,18.77249419643378
2018-01-16T18:30:00Z,62.88,63.12,62.555,63.025,647519,417528.15,63.95006851555236,63.61576499999994,64.21528520577456,63.016244794225315,64.43568499999968,63.21755999999989,32.4142567026512,13.159869538223276,12.995690644420469
2018-01-16T19:30:00Z,63.025,63.19,62.8,62.8,688422,426718.4,63.893967612354686,63.56126499999995,64.24361169862486,62.878918301375045,64.36418499999968,63.038999999999895,29.408548814145192,17.24646847986507,13.093169179686845
2018-01-16T20:30:00Z,62.79,63.15,62.765,62.95,632605,432939.3,63.84792041175202,63.512264999999935,64.22186270090667,62.802667299093194,64.29405999999967,62.950999999999894,33.81475969225869,21.70087976539583,17.369072594494465
2018-01-17T14:30:00Z,63.4,63.55,62.93,63.07,336603,430559.9,63.80997307459339,63.482514999999935,64.2135708919363,62.751459108063564,64.23243499999968,62.944999999999894,37.192301387687905,23.342923485388116,20.76342391021608
2018-01-17T15:30:00Z,63.08,64,63.04,63.83,518657,444797.7,63.81094999778395,63.49601499999993,64.24211291390716,62.749917086092694,64.19118499999969,63.13499999999989,53.40889433235634,45.36696978947922,30.136924346754128
2018-01-17T16:30:00Z,63.8168,64.015,63.765,63.95,317841,443074.8,63.81773292472132,63.52051499999993,64.29202142067,62.74900857932987,64.15225749999969,63.319999999999894,55.3683784088316,66.9821240799159,45.23067245159416
2018-01-17T17:30:00Z,63.95,64.45,63.87,64.33,333987,446889.55,63.84272156253979,63.55576499999993,64.40377542277614,62.707754577223724,64.12275749999968,63.625999999999884,60.96673587869716,87.37393494974039,66.57434293971157
2018-01-17T18:30:00Z,64.32,64.37,64.08,64.225,276427,437011.75,63.86136929119639,63.584264999999924,64.4806344869534,62.68789551304644,64.1011324999997,63.880999999999894,58.772990910800445,89.93560451572971,81.4305545151284
2018-01-17T19:30:00Z,64.23,64.27,63.97,63.97,211040,428181.65,63.86666835016242,63.59076499999992,64.4962965991975,62.68523340080234,64.03988249999968,64.0609999999999,53.71769983466212,85.48812664907625,87.59922203818185
2018-01-17T20:30:00Z,63.99,64,63.71,63.76,357815,424967.55,63.861465016008154,63.57776499999992,64.46556623740908,62.689963762590764,63.977632499999686,64.04699999999988,49.910349965849626,75.46174142480186,83.62849086320234
2018-01-18T14:30:00Z,63.84,64.055,62.92,63.13,896531,451862.45,63.825783795715076,63.53851499999992,64.43259665015567,62.64443334984416,63.89788249999968,63.88299999999989,40.610958029933045,56.20052770448542,72.38346525945425
2018-01-18T15:30:00Z,63.13,63.195,62.88,63.07,455168,462532.05,63.78891629348507,63.50451499999991,64.41540142384765,62.59362857615217,63.81913249999968,63.630999999999894,39.84943767094159,40.36939313984168,57.34388742304272
2018-01-18T16:30:00Z,63.07,63.11,62.815,62.97,211551,458507.75,63.74896915721751,63.46451499999991,64.3952990120826,62.53373098791723,63.73763249999968,63.37999999999988,38.55190714482331,26.473175021987714,41.014365288771344
2018-01-18T17:30:00Z,62.97,63.02,62.82,62.9,205723,456382.25,63.70755602759714,63.42201499999992,64.37415415849877,62.46987584150107,63.663257499999666,63.1659999999999,37.62828874096344,22.427440633245354,29.756669598357984
2018-01-18T18:30:00Z,62.91,62.94,62.7,62.75,225676,442251.7,63.66084597747045,63.37313999999992,64.35735061244242,62.38892938755742,63.591757499999666,62.9639999999999,35.65691753128745,14.320894584746751,21.073836746659676
2018-01-18T19:30:00Z,62.74,62.79,62.44,62.64,567635,447324.4,63.6110486127158,63.321639999999924,64.34532706626709,62.29795293373276,63.55050749999966,62.86599999999989,34.24022168961365,10.337732120900698,15.695355779630672
2018-01-18T20:30:00Z,62.65,63.09,62.63,62.88,698201,447155.95,63.57538770477844,63.28099999999993,64.30705360485612,62.25494639514373,63.526257499999666,62.827999999999896,39.855035215434846,11.5659796256812,12.07486877710929
2018-01-19T14:30:00Z,62.75,63.43,62.75,63,355793,438449.8,63.54732001186242,63.26149999999992,64.2933338044682,62.229666195531635,63.50825749999966,62.83399999999989,42.49870559938911,19.900497512437962,13.934736419673024
2018-01-19T15:30:00Z,63,63.72,62.99,63.495,1142511,475625.8,63.54476781616181,63.28124999999992,64.31508207052478,62.24741792947506,63.49813249999967,62.952999999999896,51.89229017436481,34.07960199004981,21.84869304272273
2018-01-19T16:30:00Z,63.49,63.66,63.47,63.6,606507,484310.6,63.547462069031965,63.31724999999991,64.34279607407534,62.29170392592449,63.48813249999965,63.12299999999989,53.623003476402964,46.019900497512445,33.333333333333144
2018-01-19T17:30:00Z,63.61,63.83,63.49,63.55,577036,480786.45,63.5475858705426,63.34349999999991,64.36464690424455,62.322353095755275,63.47963249999965,63.30499999999989,52.65162688707139,55.90398611433326,45.33449620063158
2018-01-19T18:30:00Z,63.55,63.6112,63.51,63.61,172197,454975.2,63.550630462223445,63.383999999999915,64.37964351052322,62.3883564894766,63.47263249999965,63.45099999999989,53.73470008361452,59.719607461151185,53.8811646909987
2018-01-19T19:30:00Z,63.61,63.68,63.5,63.64,438383,445264.1,63.55498995187108,63.41849999999992,64.39930630098,62.43769369901985,63.46538249999965,63.57899999999988,54.297619535451894,65.25026172337968,60.29128509962111
2018-01-19T20:30:00Z,63.66,63.82,63.54,63.71,561494,456508.65,63.562551417633465,63.45049999999992,64.42548153831001,62.47551846168983,63.46650749999965,63.621999999999886,55.653470580879286,72.29186756669873,65.7539122504096
2018-01-22T14:30:00Z,63.75,63.89,63.48,63.83,274321,444291.85,63.575597689944026,63.45049999999992,64.42548153831001,62.47551846168983,63.47325749999965,63.66799999999988,57.95620050449953,82.93441514536832,73.49218147848198
2018-01-22T15:30:00Z,63.82,63.82,63.6,63.65,148953,435847.45,63.579227070922364,63.43549999999992,64.38825862633045,62.48274137366938,63.47800749999965,63.68799999999989,53.47104046162565,85.98270524180622,80.40299598462416
2018-01-22T16:30:00Z,63.64,63.88,63.52,63.77,235955,430945.85,63.588533067462734,63.40749999999993,64.28326537956478,62.53173462043508,63.48163249999965,63.71999999999989,55.92016795506663,90.34482758620692,86.42064932446021
2018-01-22T17:30:00Z,63.7899,63.975,63.75,63.83,314072,432828.1,63.60031194222065,63.387749999999926,64.20472291879611,62.57077708120375,63.48600749999965,63.75799999999989,57.13507978228189,88.57538657381407,88.30097313394214
2018-01-22T18:30:00Z,63.81,63.99,63.76,63.77,242239,434388.05,63.60858940845379,63.37774999999992,64.17050768684072,62.58499231315913,63.48425749999965,63.76999999999989,55.48809595449091,89.36144515742558,89.42721977248192
2018-01-22T19:30:00Z,63.79,63.81,63.62,63.65,334659,433230.25,63.6106094373097,63.372249999999916,64.15579626541644,62.5887037345834,63.47500749999965,63.73399999999989,52.244394498403224,83.78673251374727,87.24118808166203
2018-01-22T20:30:00Z,63.68,63.95,63.6684,63.94,343313,405569.35,63.626677269636055,63.412749999999924,64.22522446116531,62.600275538834545,63.475632499999655,63.79199999999988,58.55050696112261,85.59139784946224,86.24652517354475
2018-01-23T14:30:00Z,64.02,64.24,63.66,64.19,394691,402545.5,63.65415642721479,63.46874999999992,64.33182517056537,62.605674829434484,63.48663249999966,63.875999999999884,63.076992324884635,88.98924731182787,86.12245922501218
2018-01-23T15:30:00Z,64.195,64.47,64.16,64.35,191015,401518.7,63.68810001613114,63.537749999999924,64.4495749558142,62.62592504418565,63.501132499999656,63.97999999999988,65.66155561386486,93.32258064516112,89.30107526881682
2018-01-23T16:30:00Z,64.37,64.5102,64.28,64.44,303227,406393.9,63.72477806412474,63.614749999999916,64.55771063017018,62.67178936982965,63.51838249999965,64.11399999999988,67.05838140549936,92.39526305571731,91.5690303375685
2018-01-23T17:30:00Z,64.435,64.48,64.4,64.41,83488,399284.5,63.75820352441134,63.69774999999993,64.61347089090626,62.7820291090936,63.535444999999655,64.26599999999988,66.09325937997565,90.4865074742767,92.06811705838477
2018-01-23T18:30:00Z,64.41,64.6,64.34,64.44,129274,377366.45,63.791461889074206,63.787749999999924,64.6199547524766,62.95554524752325,63.554694999999654,64.36599999999987,66.61077115109318,89.72460271237219,90.86879108078847
2018-01-23T19:30:00Z,64.424,64.53,64.4,64.477,182379,351575.35,63.824902772534,63.867599999999925,64.64043359143282,63.094766408567025,63.57429999999967,64.42339999999987,67.27419290376106,88.33529203760752,89.5154674080852
2018-01-23T20:30:00Z,64.475,64.8,64.385,64.51,539508,360761.1,63.85832214948356,63.943099999999916,64.65476028416033,63.23143971583951,63.60229999999966,64.45539999999988,67.88705166400726,84.25414862914924,87.43801445970935
2018-01-24T14:30:00Z,64.59,65.34,64.55,65.25,380439,322657.5,63.926208873899,64.03084999999992,64.91238213784287,63.14931786215696,63.65604999999967,64.61739999999988,77.88735524853738,87.3677017427022,86.65238080315271
2018-01-24T15:30:00Z,65.25,65.31,64.99,65.22,385836,311623.95,63.98932063614783,64.11184999999992,65.1101205595411,63.113579440458736,63.71454999999967,64.77939999999987,76.84261255161101,88.83061383061391,86.81748806748817
2018-01-24T16:30:00Z,65.22,65.22,64.9,65.065,449613,305252.8,64.04179280023818,64.1875999999999,65.23266256274718,63.14253743725263,63.765549999999664,64.90439999999987,71.50583619798613,90.82438878950485,89.00756812094005
2018-01-24T17:30:00Z,65.07,65.18,65,65.11,247032,308994.55,64.09390046851925,64.2625999999999,65.34569545288286,63.179504547116956,63.823299999999655,65.03099999999988,72.11141253756895,88.01537609677125,89.22345957229639
2018-01-24T18:30:00Z,65.1,65.3,65.02,65.06,197374,296944.1,64.14102727493295,64.3335999999999,65.43021978828313,63.236980211716684,63.87604999999966,65.14099999999988,70.32306088038911,84.78682170542622,87.8755288639005
2018-01-24T19:30:00Z,65.0601,65.07,64.83,64.965,276790,282708.9,64.18122106639964,64.3963499999999,65.48666303305812,63.306036966941676,63.92342499999965,65.08399999999986,66.92690255081826,82.67580287929124,85.15933356049595
2018-01-24T20:30:00Z,64.95,65.07,64.94,65.02,365761,287280.9,64.22213711194112,64.4558499999999,65.54592289208581,63.36577710791399,63.95317499999966,65.04399999999987,67.89363234919571,80.7839608711701,82.7488618186289
2018-01-25T14:30:00Z,65.4,65.45,64.7732,64.97,190193,289342.9,64.2586182284318,64.52184999999989,65.56771142010645,63.475988579893325,63.978674999999654,65.02499999999988,66.00478164745601,73.80721668512355,79.08899347852802
2018-01-25T15:30:00Z,64.97,65.2227,64.74,64.81,238686,289479.45,64.28551490021562,64.57384999999991,65.56710752454062,63.5805924754592,63.990674999999655,64.96499999999988,60.23023605674759,63.01407464198149,72.53508406609144
2018-01-25T16:30:00Z,64.8599,65.02,64.82,64.9,236574,285604.55,64.31548978313192,64.6273499999999,65.56847895506597,63.68622104493382,64.00754999999967,64.93299999999988,62.23182820557605,52.84676447467152,63.222685267258576
2018-01-25T17:30:00Z,64.93,64.96,64.72,64.785,493888,298187,64.33839272054013,64.6780999999999,65.53447746354048,63.82172253645932,64.02792499999967,64.89699999999989,58.20101086961597,45.279895279895186,53.713578132182455
2018-01-25T18:30:00Z,64.78,64.91,64.71,64.74,228498,292878.95,64.35798331953816,64.7325999999999,65.4473515372903,64.01784846270951,64.05242499999966,64.84099999999988,56.65463397151568,41.29129129129089,46.47265034861892
2018-01-25T19:30:00Z,64.75,64.75,64.39,64.5,348716,293149.1,64.36491096248753,64.76059999999991,65.38742641939639,64.13377358060343,64.08667499999966,64.74699999999989,49.15356350968345,28.07384849638308,38.215011689189446
2018-01-25T20:30:00Z,64.5,64.59,64.33,64.39,370375,291933.3,64.36613481797595,64.77059999999992,65.3663040876569,64.17489591234293,64.11967499999966,64.66299999999987,46.13836353723319,16.49619941873426,28.620446402135798
2018-01-26T14:30:00Z,64.6,64.95,64.4,64.78,357069,300236,64.38632336344054,64.7920999999999,65.35570550037913,64.22849449962068,64.16492499999967,64.63899999999988,56.35965728677076,18.77794545048062,21.11599778853238
2018-01-26T15:30:00Z,64.775,64.91,64.76,64.889,179704,294059.85,64.41084417498003,64.81454999999991,65.35558437049396,64.27351562950587,64.21464999999965,64.65979999999988,58.71762356192841,31.815476190476158,22.363207019896738
2018-01-26T16:30:00Z,64.88,64.955,64.68,64.95,123915,296081.2,64.43714445912734,64.84154999999991,65.3521764682273,64.33092353177253,64.26964999999964,64.70179999999989,60.01954619382723,48.482142857142826,33.02518816603293
2018-01-26T17:30:00Z,64.95,65.08,64.73,64.76,102590,294747,64.45289350990161,64.85754999999992,65.33587728340902,64.37922271659082,64.32264999999964,64.7537999999999,54.27771413718948,47.88690476190485,42.728174603174345
2018-01-26T18:30:00Z,64.765,64.98,64.72,64.87,92210,290238.55,64.4732401679552,64.87719999999992,65.32253115773777,64.43186884226206,64.37239999999966,64.84979999999989,56.85135927514036,47.321428571428925,47.89682539682527
2018-01-26T19:30:00Z,64.87,65.08,64.86,65.055,320837,279305,64.50161869634762,64.90444999999991,65.32242726021275,64.48647273978708,64.42377499999965,64.90479999999988,60.84335385778202,50.44642857142903,48.551587301587325
2018-01-26T20:30:00Z,65.06,65.4,65.04,65.26,413030,280934.55,64.53861290628188,64.90494999999991,65.32460008048874,64.48529991951109,64.46789999999964,64.97899999999989,64.73661583766416,65.32738095238135,54.3650793650795
2018-01-29T14:30:00Z,64.75,64.88,64.3848,64.68,398810,281583.25,64.54550983768277,64.87794999999991,65.2822511131028,64.47364888689702,64.49489999999965,64.92499999999988,49.68475722512333,60.1593791722301,58.64439623201323
2018-01-29T15:30:00Z,64.7,64.71,64.35,64.39,428800,280542.6,64.53792399194215,64.84419999999992,65.29088181074972,64.3975181892501,64.51589999999965,64.85099999999989,44.15648613561939,40.45115709835372,55.31263907432146
2018-01-29T16:30:00Z,64.38,64.65,64.36,64.61,214416,278911.8,64.54143989477424,64.81919999999991,65.25950062464116,64.37889937535866,64.54089999999965,64.7989999999999,48.809800053038195,21.49532710280398,40.70195445779567
2018-01-29T17:30:00Z,64.6,64.97,64.59,64.87,179225,278004.35,64.55746721698037,64.80969999999992,65.23680986882452,64.38259013117532,64.57164999999966,64.76199999999989,53.718151593621265,27.414330218068667,29.786938139741853
2018-01-29T18:30:00Z,64.88,64.9,64.701,64.77,162809,272305.3,64.5678346698106,64.79994999999992,65.22129806282948,64.37860193717037,64.59814999999966,64.66399999999989,51.66620191479244,39.25233644859804,29.38733125648996
2018-01-29T19:30:00Z,64.76,64.845,64.56,64.63,229885,265511.5,64.57086712494178,64.78044999999992,65.19530586659819,64.36559413340164,64.61814999999964,64.65399999999988,48.85270170889647,39.875389408099466,35.514018691588454
2018-01-29T20:30:00Z,64.62,64.69,64.55,64.6,414904,276747.05,64.57228824079829,64.76194999999991,65.1743369421491,64.34956305785073,64.64189999999965,64.69599999999988,48.24640766896163,30.98946743806518,36.705731098253956
2018-01-30T14:30:00Z,64.8,64.95,64.39,64.55,432778,286451.65,64.57120100953983,64.7489499999999,65.17074353961144,64.32715646038835,64.66139999999966,64.68399999999988,47.19511131038829,23.63150867823745,31.498788508133767
2018-01-30T15:30:00Z,64.56,64.73,64.4,64.52,254337,287339.8,64.56870339931838,64.7299499999999,65.15701696202775,64.30288303797205,64.67864999999966,64.61399999999988,46.53984023234446,19.68253968253963,24.76783859961382
2018-01-30T16:30:00Z,64.49,64.6,64.42,64.6,202291,272759.95,64.57023006276627,64.72069999999991,65.15060143062813,64.29079856937169,64.69939999999966,64.57999999999987,48.58971537434706,19.682539682539634,20.998862681105305
2018-01-30T17:30:00Z,64.6,64.62,64.5,64.53,148070,268738.55,64.56826762068012,64.7101999999999,65.14789057570549,64.27250942429431,64.72139999999966,64.55999999999987,46.89530252985654,19.047619047619133,19.470899470899198
2018-01-30T18:30:00Z,64.55,64.68,64.52,64.64,99703,256287.9,64.57176676113474,64.7171999999999,65.1455991597252,64.28880084027462,64.73889999999966,64.56799999999987,49.854578673197885,22.857142857143046,20.529100529100337
2018-01-30T19:30:00Z,64.63,64.95,64.57,64.85,240871,249812.7,64.58533911425012,64.7401999999999,65.14458229444134,64.33581770555847,64.75539999999965,64.62799999999987,55.009101990686624,30.793650793650897,24.232804232804096
2018-01-30T20:30:00Z,64.86,64.97,64.73,64.75,265482,245233.35,64.59337135257938,64.73869999999991,65.14270301985425,64.33469698014557,64.76539999999964,64.6739999999999,52.25457560133132,46.58474142345119,33.41184502474811
2018-01-31T14:30:00Z,64.54,65.23,64.27,64.8,410679,256782.1,64.60345079879502,64.7342499999999,65.1334651676162,64.33503483238361,64.77439999999964,64.71399999999988,53.508132528137516,55.781169994879555,44.38652073732695
2018-01-31T15:30:00Z,64.8,65.04,64.75,64.83,230851,262128.9,64.61450197934161,64.7282499999999,65.11780455337411,64.33869544662569,64.78489999999964,64.77399999999989,54.28369951658157,59.35259856630822,53.906169994879384
2018-01-31T16:30:00Z,64.83,65.17,64.76,65.095,150542,264526.5,64.6379409071786,64.7449999999999,65.16610568750981,64.32389431249,64.80127499999963,64.86499999999988,60.54486472699961,66.49305555555524,60.542274705580745
2018-01-31T17:30:00Z,65.0967,65.32,65.0576,65.23,141069,266969.45,64.66682183853574,64.76299999999989,65.23199253731616,64.29400746268362,64.82009999999964,64.94099999999989,63.30224202088575,78.5664682539684,68.13737412527702
2018-01-31T18:30:00Z,65.21,65.3,64.94,65.03,132299,257542.55,64.68453784641204,64.76174999999989,65.22774651292822,64.29575348707156,64.83309999999963,64.9969999999999,56.95210167174707,83.24900793650839,76.10284391534374
2018-01-31T19:30:00Z,65.035,65.12,64.94,65.05,157312,244756.65,64.70236526853829,64.7512499999999,65.17982758930461,64.32267241069519,64.82809999999964,65.04699999999988,57.41218267118351,79.36507936508006,80.39351851851869
2018-01-31T20:30:00Z,65.0599,65.18,65.02,65.109,252137,237423,64.7222011090974,64.7726999999999,65.22703472248587,64.31836527751393,64.82532499999964,65.10279999999989,58.810717451489765,75.5238095238099,79.37929894179919
2018-02-01T14:30:00Z,64.7,65.11,64.1,64.3571,428719,237418.95,64.70439129889752,64.7710549999999,65.23112241891735,64.31098758108246,64.80762749999964,64.9552199999999,40.53974514118662,58.42141556076021,71.1034348165498
2018-02-01T15:30:00Z,64.33,64.4,63.88,63.94,320283,242712.3,64.6671039184635,64.7375549999999,65.32074945295004,64.15436054704976,64.77837749999965,64.6972199999999,34.19354087966903,35.04839968774413,56.33120825743782
2018-02-01T16:30:00Z,63.93,64.285,63.93,64.02,364285,251965.3,64.6355378736604,64.6950549999999,65.35259547020127,64.03751452979853,64.75237749999964,64.49521999999989,36.254719133128894,11.654219793564073,35.041345014022546
2018-02-01T17:30:00Z,64.005,64.32,63.89,64.32,277827,257716.2,64.62014578226233,64.6725549999999,65.34882740809317,63.99628259190664,64.73625249999964,64.3492199999999,43.41257445276887,14.814814814814447,20.505811432040634
2018-02-01T18:30:00Z,64.3,64.31,63.93,64.04,499059,271174.9,64.59184598800563,64.6430549999999,65.3734838808277,63.9126261191721,64.71175249999965,64.1354199999999,39.00976699802562,17.129629629629473,14.532888079335748
2018-02-01T19:30:00Z,64.04,64.06,63.85,63.99,645719,282715.65,64.56248764712731,64.6125549999999,65.39660268346708,63.828507316532715,64.68725249999964,64.06199999999988,38.26349786809213,17.063492063492067,16.335978835978413
2018-02-01T20:30:00Z,63.98,64,63.55,63.79,798633,301008.4,64.5248053228772,64.57455499999989,65.43681452587177,63.71229547412801,64.66175249999965,64.03199999999988,35.350362493403736,11.398080889606518,15.19706752757577
2018-02-02T14:30:00Z,63.84,64.32,63.32,64.02,339640,305273.55,64.50018067298075,64.54955499999991,65.44504508366789,63.65406491633193,64.63975249999964,64.0319999999999,40.92084479300812,19.361043852569342,15.940872268555728
2018-02-02T15:30:00Z,64.02,64.3,63.86,64.13,234466,306882.3,64.4821230791768,64.5260549999999,65.43950441291426,63.61260558708555,64.62337749999965,63.99399999999988,43.43129977036114,29.686440677966104,20.14852180671374
2018-02-02T16:30:00Z,64.17,64.18,63.76,64.14,206926,309825.1,64.46543414848524,64.5065549999999,65.43535713713618,63.57775286286363,64.60837749999965,64.01399999999988,43.66565970683876,38.83333333333334,29.29360595462268
2018-02-02T17:30:00Z,64.15,64.2,63.86,64.0279,236805,316680.2,64.44409101929084,64.4759499999999,65.42525888232159,63.52664111767821,64.59657499999965,64.02157999999989,41.585761292683,39.08417508417518,35.86798303182463
2018-02-02T18:30:00Z,64.05,64.31,64.03,64.15,297162,319494.75,64.42974511591079,64.4409499999999,65.38411136161976,63.497788638380044,64.59057499999963,64.09357999999989,44.676797854089195,40.45872705550142,39.45874515766973
2018-02-02T19:30:00Z,64.15,64.25,63.66,63.84,298099,321125.6,64.40097706147611,64.39544999999991,65.36209272306144,63.42880727693838,64.56707499999963,64.05757999999989,39.02985864321487,36.11105680460533,38.55131964809373
2018-02-02T20:30:00Z,63.835,63.93,63.49,63.59,527701,326976.7,64.36141720481874,64.3349499999999,65.3433025941101,63.32659740588972,64.53459999999964,63.94957999999988,35.16923877842903,29.221481347990775,35.263755069365594
2018-02-05T14:30:00Z,63.46,63.81,63.12,63.42,373249,334096.6,64.31549441433977,64.26444999999991,65.32053037291045,63.208369627089375,64.49634999999964,63.805579999999885,32.79379204125486,22.159429376664622,29.16398917642
2018-02-05T15:30:00Z,63.4,63.755,63.295,63.43,429301,348034.55,64.27229956485978,64.1811999999999,65.224695186405,63.13770481359481,64.46309999999964,63.68599999999988,33.08012622817603,21.451544072005195,24.27748493221995
2018-02-05T16:30:00Z,63.43,63.81,63.28,63.31,296340,355798.1,64.2253581226715,64.0851999999999,65.07707690972836,63.09332309027145,64.42409999999964,63.51799999999988,31.35381108937635,21.70138888888921,21.77078744585276
2018-02-05T17:30:00Z,63.32,63.6,63.1506,63.27,244355,361400.9,64.17875528741922,63.99719999999989,64.949683387809,63.04471661219078,64.37947499999964,63.40399999999988,30.77724891538628,18.055555555555987,20.402829505483215
2018-02-05T18:30:00Z,63.27,63.37,62.92,63.02,262733,366671.95,64.12223063925244,63.8956999999999,64.80965951991952,62.981740480080276,64.32347499999966,63.289999999999885,27.387462701504475,11.825396825397213,17.194113756613888
2018-02-05T19:30:00Z,63.01,63.04,62.06,62.79,595788,383854.5,64.0572437788011,63.779749999999886,64.63510928945382,62.92439071054596,64.27622499999966,63.16399999999989,24.69290656429054,17.314580699536684,15.731844360163043
2018-02-05T20:30:00Z,62.8,62.81,61.53,61.53,739450,399391.05,63.93396359446933,63.63839499999989,64.90224743519705,62.374542564802724,64.20472499999966,62.78399999999988,15.623998254269893,13.147914032869844,14.095963852600995
2018-02-06T14:30:00Z,60.03,61.98,60,60.795,1003618,433557.8,63.78084341912937,63.48114499999989,65.24103097299695,61.72125902700283,64.10934999999967,62.28099999999988,12.695011684978056,16.915453531267776,15.792649421224516
2018-02-06T15:30:00Z,60.84,60.88,60.35,60.46,624101,446548.6,63.61885105722062,63.303144999999894,65.47980600207461,61.12648399792518,63.99909999999966,61.71899999999988,11.625289220650814,9.706109822119133,13.256492462085331
2018-02-06T16:30:00Z,60.45,61.03,60.29,61.03,540758,459695.15,63.492565639795224,63.1386449999999,65.47450692613128,60.80278307386851,63.905599999999666,61.32099999999988,23.445458659005965,17.67208043310135,14.764547928829167
2018-02-06T17:30:00Z,61.03,61.54,60.85,61,290448,449264.6,63.370977072000336,62.986644999999896,65.45972147636506,60.51356852363474,63.81484999999966,60.96299999999989,23.269055832064055,19.257540603248284,15.545243619489336
2018-02-06T18:30:00Z,60.99,61.02,60.57,60.6,314361,432696.7,63.235807458732026,62.81714499999989,65.45135396626523,60.182936033734556,63.71484999999966,60.77699999999989,21.000262435433967,20.405805013420707,19.111808683256527
2018-02-06T19:30:00Z,60.6,61.68,60.5925,61.42,559006,420715.35,63.14723148513534,62.6986449999999,65.36022373036792,60.03706626963187,63.63659999999966,60.90199999999989,34.9933225975832,24.483939576314672,21.38242839766097
2018-02-06T20:30:00Z,61.42,61.42,60.82,60.85,1619928,484729.75,63.035171412689714,62.540144999999896,65.24529087369132,59.83499912630848,63.544849999999656,60.97999999999988,30.89654276200872,24.186557955513805,23.025434181749475
2018-02-07T14:30:00Z,60.96,62.66,60.96,61.9474,1867871,566400,62.982109392558506,62.43101499999989,65.04538266984865,59.816647330151135,63.47853499999966,61.16347999999989,44.39404810267508,36.51829590003544,28.39626447728772
2018-02-07T15:30:00Z,61.96,62.52,61.87,62.2,936661,602886.75,62.943957714872724,62.334014999999894,64.828775500158,59.83925449984179,63.42028499999966,61.40347999999989,46.96203982204628,43.72178477690293,34.80887954415047
2018-02-07T16:30:00Z,62.2,62.32,61.95,62.06,698348,625963.9,62.90083782634235,62.235619999999905,64.6075962255223,59.86364377447751,63.35578499999965,61.69547999999988,45.70227484607312,55.3592884222806,45.199789699739405
2018-02-07T17:30:00Z,62.05,62.21,61.745,62.01,349975,628604.55,62.85738232261833,62.1286199999999,64.33263586528913,59.92460413471067,63.284784999999644,61.81347999999989,45.23556256911856,58.202973762799964,52.428015653994244
2018-02-07T18:30:00Z,61.98,62.48,61.87,62.48,391671,633283.15,62.83897342883207,62.06061999999989,64.12898148060528,59.99225851939451,63.22803499999965,62.13947999999989,50.36652277625957,66.14836216819661,59.90354145109214
2018-02-07T19:30:00Z,62.45,62.72,62.05,62.69,586367,636216.45,62.831706432303676,62.015619999999885,63.985757663833255,60.045482336166515,63.17528499999965,62.28799999999988,52.50759019423304,78.98413388297182,67.7784899379892
2018-02-07T20:30:00Z,62.695,62.91,62.01,62.06,1255010,680304.5,62.79406221609374,61.94761999999988,63.810113944811185,60.085126055188574,63.10603499999964,62.25999999999989,46.0848577607537,82.6996209139473,75.94403898837166
2018-02-08T14:30:00Z,61,62.5,60.75,61,2058997,761789.3,62.70654698604039,61.82611999999989,63.600927407707445,60.051312592292334,63.00365999999965,62.04799999999989,37.723769235933155,64.53971733821412,75.40782404504415
2018-02-08T15:30:00Z,60.99,61.24,59.3,59.3,1238419,808893.25,62.5403739623311,61.62561999999989,63.581385020254466,59.66985497974532,62.85540999999965,61.50599999999988,28.72327645405531,32.629871549364836,59.956403267175155
2018-02-08T16:30:00Z,59.31,60.08,59.275,59.61,815832,837467.1,62.39742889099788,61.442619999999884,63.43330040992458,59.45193959007519,62.71990999999965,60.93199999999988,31.913419712188826,12.10506420823844,36.424884365272206
2018-02-08T17:30:00Z,59.63,59.92,59.44,59.78,719733,860317.1,62.26974943290042,61.280619999999885,63.258767622007746,59.302472377992025,62.588159999999654,60.34999999999989,33.666757513550365,7.702888583218754,17.47927478027375
2018-02-08T18:30:00Z,59.785,59.9578,59.48,59.78,419556,851505.5,62.14829824105162,61.130119999999884,63.08388393007256,59.17635606992721,62.45493499999965,59.89399999999989,33.666757513550365,12.333791838606217,10.713914876687545
2018-02-08T19:30:00Z,59.75,59.91,59.6,59.75,838492,856457.6,62.03130808295154,61.041119999999886,63.074460830863046,59.007779169136725,62.33975749999964,59.64399999999989,33.490249609153835,13.617606602476007,11.218095674766735
2018-02-08T20:30:00Z,59.74,59.8,58.86,58.88,1017034,857128.4,61.877585737441706,60.94536999999989,63.18585557336358,58.7048844266362,62.213257499999656,59.55999999999989,28.778206326377585,9.151312400586512,11.700903613889318
2018-02-09T14:30:00Z,60.1,60.45,59.265,59.315,655258,858686.25,61.75258155512748,60.88811999999989,63.2314445217965,58.54479547820328,62.095632499999645,59.500999999999884,33.79403500643315,8.265265112277227,10.344728038446322
2018-02-09T15:30:00Z,59.31,59.345,58.41,59,666714,864984.05,61.61830928414565,60.78661999999989,63.26834001935145,58.30489998064834,61.96263249999966,59.34499999999989,32.034669721322246,8.279835390946554,8.565470967936506
2018-02-09T16:30:00Z,58.99,59.06,57.81,57.87,614724,881197.85,61.435464928821474,60.6301199999999,63.4145756908751,57.8456643091247,61.80838249999965,58.96299999999989,26.670528904838903,8.507383200193651,8.350827901138885
2018-02-09T17:30:00Z,57.87,58.26,57.65,58.16,638434,897401.5,61.27568615180579,60.50811999999989,63.49371451608066,57.522525483919125,61.66263249999965,58.64499999999988,29.914038542389406,7.994466396613561,8.26056166258433
2018-02-09T18:30:00Z,58.18,59.11,57.9,58.81,601498,899526.1,61.15540877854698,60.37761999999989,63.419999150344715,57.33524084965506,61.53813249999966,58.63099999999988,36.67504811360328,10.97517333929769,9.15900764536804
2018-02-09T19:30:00Z,58.81,59.14,58.5828,58.94,414205,839239.95,61.047340057642245,60.28211999999989,63.37861989091662,57.18562010908317,61.41113249999967,58.555999999999884,37.964006615062885,18.7579214195184,12.57585371847629
2018-02-09T20:30:00Z,58.925,59.42,58.92,59.22,724266,782059.7,60.95820151824506,60.145749999999886,63.176412097636906,57.115087902362866,61.288382499999656,58.59999999999989,40.76087521202779,26.316360262893166,18.683151673902827
2018-02-12T14:30:00Z,59.66,60.06,58.66,58.75,666724,768562.85,60.85048437101359,59.97324999999988,62.907789614668204,57.038710385331555,61.15363249999966,58.77599999999988,37.689236244802714,29.1788391243976,24.751040268936134
2018-02-12T15:30:00Z,58.74,58.97,58.54,58.57,397802,753535.55,60.73924123096415,59.798749999999885,62.629410479473066,56.9680895205267,61.01718499999968,58.857999999999876,36.5531512547386,31.95631513381278,29.150504840367592
2018-02-12T16:30:00Z,58.56,58.59,58.14,58.32,714790,771776.3,60.621229463600045,59.61424999999989,62.32273532394949,56.905764676050296,60.87143499999968,58.75999999999989,34.976199906920556,29.142127603130415,30.09242728711334
2018-02-12T17:30:00Z,58.325,58.915,58.21,58.71,419778,773181.65,60.52799875805858,59.425749999999894,61.816313270454074,57.035186729545714,60.74318499999968,58.713999999999885,39.370471954963,31.547619047619076,30.88202059485383
2018-02-12T18:30:00Z,58.72,58.76,58.4936,58.73,402722,763999.4,60.44029150156792,59.22774999999989,61.1049086906944,57.35059130930537,60.62168499999967,58.615999999999886,39.59591196627158,33.452380952380935,31.380709201043217
2018-02-12T19:30:00Z,58.71,58.715,58.12,58.175,595824,731040.1,60.329789477101194,59.03349999999989,60.44421648464449,57.62278351535529,60.490559999999675,58.500999999999884,35.63601723356288,31.726190476190425,32.24206349206322
2018-02-12T20:30:00Z,58.18,58.38,58.07,58.13,990435,677612,60.22248267334016,58.889999999999894,60.02911807993884,57.75088192006095,60.35805999999967,58.41299999999988,35.32752043508434,24.821428571428555,29.999999999999716
2018-02-13T14:30:00Z,57.68,58.06,57.37,57.58,1041444,667763.25,60.093581079518685,58.803999999999895,60.06002786595049,57.5479721340493,60.21480999999968,58.26499999999989,31.713874012510743,14.56651619755712,23.704711748391773
2018-02-13T15:30:00Z,57.5983,57.76,57.56,57.58,418114,647877.35,59.970967368322654,58.702499999999894,60.008679543572136,57.39632045642765,60.07255999999968,58.03899999999989,31.713874012510743,10.918746680828527,16.768897149937807
2018-02-13T16:30:00Z,57.58,57.77,57.37,57.38,375067,630644.05,59.844578716209355,58.58249999999989,59.91144883274248,57.2535511672573,59.931559999999685,57.76899999999989,30.402349764493323,5.3283767038414735,10.271213194075449
2018-02-13T17:30:00Z,57.38,57.7,57.22,57.69,419264,630629.45,59.739477315418654,58.477999999999895,59.74090696412913,57.21509303587066,59.804059999999694,57.67199999999989,34.8965015496772,8.242578145452702,8.163233843373975
2018-02-13T18:30:00Z,57.69,58.03,57.63,57.86,623601,619884.9,59.64779549515433,58.38349999999989,59.5289261216016,57.23807387839818,59.7123099999997,57.61799999999988,37.28802979776629,13.152084751383194,8.907679866892199
2018-02-13T19:30:00Z,57.86,58.275,57.86,58.015,817697,609918.05,59.56814693441509,58.34024999999989,59.472669864735536,57.207830135264246,59.6428099999997,57.704999999999885,39.47126364523199,22.35915492957746,14.584605942137529
2018-02-13T20:30:00Z,58.01,58.04,57.68,57.69,858173,620063.8,59.47653001078508,58.2589999999999,59.33161642726717,57.18638357273263,59.5735599999997,57.72699999999988,36.594513555161036,22.35915492957746,19.29013153684578
2018-02-14T14:30:00Z,57.35,57.64,57.06,57.59,862269,629841.55,59.38450415660044,58.1884999999999,59.24221770415296,57.13478229584684,59.487559999999704,57.76899999999988,35.73158525546235,24.096981540201103,22.93843046645175
2018-02-14T15:30:00Z,57.59,57.94,57.41,57.7225,836286,640919.65,59.303430783107736,58.181124999999895,59.24566536445044,57.11658463554935,59.40562249999971,57.77549999999989,37.823693797645745,26.670757529469956,24.37563133308258
2018-02-14T16:30:00Z,57.73,57.79,57.4,57.57,243313,621163.6,59.21887318393175,58.15162499999989,59.2490632386022,57.05418676139758,59.3298724999997,57.71749999999988,36.35676021923566,30.318746089762527,27.028828386477603
2018-02-14T17:30:00Z,57.58,57.76,57.47,57.635,751245,628650.95,59.141611077398494,58.09287499999988,59.16863202997921,57.01711797002055,59.235247499999694,57.64149999999988,37.46993557536389,32.34369219385852,29.777731937696746
2018-02-14T18:30:00Z,57.635,57.89,57.4,57.82,871946,651538,59.07714224435467,58.03687499999988,59.044881541422484,57.02886845857728,59.1594974999997,57.66749999999988,40.65166259424297,35.74608033944912,32.80283954102313
2018-02-14T19:30:00Z,57.83,58.8,57.78,58.705,833801,657014.75,59.058988964142245,58.01112499999988,58.91817857479597,57.10407142520379,59.0784374999997,57.89049999999988,52.97793953654884,58.09506981595977,42.06161411642221
2018-02-14T20:30:00Z,58.7,58.8,58.555,58.6,637747,655565.9,59.03659925857433,58.00362499999987,58.88832194673106,57.11892805326868,58.98843749999969,58.065999999999896,51.60840031785518,76.32247572085059,56.72120862541957
2018-02-15T14:30:00Z,59.32,59.73,58.19,58.635,876719,679511.75,59.01700905083899,58.00687499999988,58.900305012676824,57.113444987322936,58.9028124999997,58.27899999999988,52.05334005865307,80.67824701881277,71.6985975185408
2018-02-15T15:30:00Z,58.64,58.69,58.24,58.64,312254,659384.95,58.998618365432215,58.02287499999987,58.94902465721214,57.0967253427876,58.8185624999997,58.47999999999988,52.12106713435934,68.89018037797588,75.29696770587948
2018-02-15T16:30:00Z,58.63,58.81,58.52,58.75,192605,648026.3,58.98649064028918,58.024874999999874,58.95710414970271,57.09264585029704,58.7253124999997,58.66599999999988,53.671522809089616,60.48689138576782,70.01843959418522
2018-02-15T17:30:00Z,58.74,59.18,58.74,58.96,199958,637888.1,58.98519841393362,58.03637499999987,59.00795808319834,57.064791916801404,58.6320624999997,58.716999999999885,56.563413505718025,64.54431960049945,64.6404637880808
2018-02-15T18:30:00Z,58.945,60.4396,58.83,59.4,1348192,675506.5,59.00543263764417,58.09762499999988,59.236492282676764,56.958757717322996,58.56556249999969,58.87699999999988,61.92606612557135,67.89863067662053,64.30994722096234
2018-02-15T19:30:00Z,59.43,60.6097,59.41,60.31,1365696,694269.55,59.06907006995421,58.206624999999875,59.69934255116534,56.71390744883441,58.5483124999997,59.21199999999989,70.13756731025742,77.31901495625074,69.92065507778997
2018-02-15T20:30:00Z,60.31,60.5,60.27,60.449,874046,685899.65,59.136383725078396,58.350074999999876,60.10307569240062,56.59707430759913,58.5770374999997,59.57379999999988,71.16071286322989,85.4229510135856,76.88019888215202
2018-02-16T14:30:00Z,60.63,60.68,60.23,60.54,726537,701320.8,59.20485281165994,58.49807499999988,60.454077716653366,56.54207228334639,58.600287499999695,59.93179999999988,71.84092120802657,94.25386572230661,85.66527723071404
2018-02-16T15:30:00Z,60.53,60.75,60.31,60.41,376989,701416.9,59.263640479383845,58.64957499999988,60.70267283682014,56.596477163179614,58.6160374999997,60.22179999999988,69.32535260849068,93.68510348229101,91.12064007272748
2018-02-16T16:30:00Z,60.41,60.87,60.41,60.61,567705,708838.95,59.32931655356024,58.795574999999886,60.96685184267839,56.624298157321384,58.6367874999997,60.46379999999989,71.00734338890067,92.69655273222696,93.54517397894126
2018-02-16T17:30:00Z,60.62,60.82,59.93,59.95,571686,706243.2,59.359593794849985,58.90007499999989,61.08233104078662,56.717818959213155,58.641787499999694,60.39179999999989,59.42688788051796,85.28166085996536,90.5544390248275
2018-02-16T18:30:00Z,59.945,60.25,59.79,60.05,499911,690353.9,59.39327214632072,59.0018249999999,61.19923782592655,56.80441217407324,58.67103749999969,60.311999999999884,60.478596621102696,79.81900649425349,85.93240669548167
2018-02-16T19:30:00Z,60.06,60.27,59.99,60.02,514331,673161.8,59.423844236744095,59.11832499999989,61.27180897429561,56.964841025704175,58.688662499999694,60.20799999999989,59.976320055908865,71.74446565378729,78.9483776693351
2018-02-16T20:30:00Z,60.02,60.28,60,60.05,601932,660144.95,59.45438842031756,59.24132499999989,61.3109687924312,57.17168120756858,58.7149124999997,60.13599999999989,60.33111375733382,70.38311677856679,73.98219630886892
2018-02-20T14:30:00Z,60,60.3,59.6601,59.85,470740,641867.65,59.473686546155726,59.3476999999999,61.310069496309424,57.38533050369037,58.764412499999686,59.98399999999989,56.72119302634986,66.30109906740076,69.47622716658468
2018-02-20T15:30:00Z,59.84,60.19,59.78,60.04,297235,644563.75,59.501311592684715,59.4711999999999,61.275000831590845,57.66739916840895,58.81141249999969,60.00199999999988,59.21771919116213,65.1001887254932,67.26146819048665
2018-02-20T16:30:00Z,60.05,60.45,60.05,60.335,206182,617310.6,59.541979319870826,59.6061999999999,61.23583230209879,57.97656769790101,58.84953749999969,60.05899999999989,62.805249582463816,66.92673673661136,66.10934150983485
2018-02-20T17:30:00Z,60.34,60.6499,60.04,60.055,185247,582975.65,59.567004718901515,59.7179499999999,61.13496495759357,58.30093504240624,58.877412499999686,60.065999999999896,57.62385041188169,66.53749992655148,66.18814179621842
2018-02-20T18:30:00Z,60.06,60.46,60.045,60.23,302449,556408.05,59.59934595212583,59.7941999999999,61.147677240313534,58.44072275968626,58.90266249999969,60.10199999999988,59.85314438674304,63.69867742582283,65.72097136299497
2018-02-20T19:30:00Z,60.22,60.38,60.145,60.35,403142,544677.8,59.63596322275384,59.881699999999896,61.137819277795465,58.625580722204326,58.942662499999685,60.201999999999884,61.354463690252956,57.74488153146618,62.660352961279905
2018-02-20T20:30:00Z,60.35,60.83,60.35,60.5,638995,532791.6,59.67811135822926,59.9749499999999,61.11891686579846,58.83098313420134,58.99091249999968,60.29399999999989,63.206653617273396,60.868195077067924,60.77058467811872
2018-02-21T14:30:00Z,61.09,61.09,60.22,60.41,482432,541300.5,59.713813243193684,60.0634499999999,61.0426162729317,59.08428372706809,59.043162499999674,60.30899999999989,61.30802747482002,59.628142846190464,59.413739818241275
2018-02-21T15:30:00Z,60.4102,60.62,60.28,60.41,228555,543098,59.74777357279399,60.14644999999989,60.92760285959475,59.365297140405026,59.08566249999967,60.379999999999896,61.308027474820015,58.10247132755716,59.53293641693827
2018-02-21T16:30:00Z,60.4,60.42,60.04,60.12,234387,544819.45,59.765930959486965,60.204449999999895,60.76601120774807,59.64288879225172,59.12041249999967,60.357999999999905,55.12053174371086,45.68384735529261,54.4714871763465
2018-02-21T17:30:00Z,60.12,60.155,59.89,59.9,233254,489072.55,59.77247091268272,60.229449999999886,60.67885070099448,59.78004929900529,59.16353749999968,60.267999999999894,50.92186650733421,33.79490407254564,45.860407585131554
2018-02-21T18:30:00Z,59.9,60.28,59.78,60.12,255893,433582.4,59.78942355108844,60.21994999999988,60.67017015731676,59.769729842683006,59.21328749999967,60.191999999999894,54.64261680353774,27.034524558826774,35.5044253288881
2018-02-21T19:30:00Z,60.14,60.19,59.66,59.86,328044,406282.3,59.79286630469388,60.190499999999886,60.6538022771969,59.72719772280287,59.27028749999967,60.0819999999999,49.83416745965134,20.975499778213194,27.268309469861624
2018-02-21T20:30:00Z,59.87,59.92,59.39,59.42,476876,393799.25,59.774677704464914,60.13449999999989,60.67893456911855,59.590065430881225,59.31628749999967,59.8839999999999,42.94659330950235,15.97126939874068,21.32709791192664
2018-02-22T14:30:00Z,59.75,59.98,59.23,59.23,459439,397921.75,59.74810806034468,60.0754999999999,60.7319518261436,59.4190481738562,59.36253749999967,59.705999999999904,40.35300764133564,5.2502399561224,14.065669711025185
2018-02-22T15:30:00Z,59.235,59.4526,59.2,59.45,443590,391716,59.7335662037425,60.017499999999885,60.679757502829744,59.355242497170025,59.40653749999967,59.61599999999991,44.53018002115253,4.997406369955435,8.739638574939265
2018-02-22T16:30:00Z,59.45,59.59,59.2,59.25,264019,376332.65,59.70997760843799,59.98249999999989,60.72451415084448,59.2404858491553,59.44128749999968,59.44199999999991,41.67298148270291,5.291005291005264,5.179550539027459
2018-02-22T17:30:00Z,59.25,59.4638,59,59.27,198088,361241.5,59.68851528607516,59.94349999999988,60.74669424802208,59.14030575197768,59.472662499999686,59.3239999999999,42.073248519273086,9.597225386699087,6.628545682553021
2018-02-22T18:30:00Z,59.29,59.345,59.05,59.15,161365,343593.2,59.66224624773003,59.899999999999885,60.773103659396064,59.026896340603706,59.50916249999968,59.269999999999904,40.28684628278996,7.580398808468974,7.489543162057534
2018-02-22T19:30:00Z,59.14,59.19,58.81,58.87,332360,330114.6,59.623600089304176,59.84099999999988,60.818786275241855,58.863213724757905,59.54116249999968,59.1979999999999,36.402920648970714,7.575757575757545,8.25112725697496
2018-02-22T20:30:00Z,58.87,58.94,58.59,58.75,473642,330259.7,59.580985450801535,59.78599999999989,60.87320099339992,58.698799006599856,59.56684999999967,59.0579999999999,34.85215842937407,5.402870813397009,6.853009065874269
2018-02-23T14:30:00Z,59.39,59.58,58.76,58.77,724473,351621.6,59.541425184908775,59.72249999999989,60.88844382371082,58.55655617628896,59.59684999999968,58.9619999999999,35.346508272485025,5.966191340419926,6.3149399098579195
2018-02-23T15:30:00Z,58.77,59.41,58.64,59.34,727500,377687.5,59.53159956613274,59.672749999999894,60.81457080470089,58.530929195298896,59.63947499999968,58.97599999999991,47.55969783600965,18.75020054375622,10.039754232524144
2018-02-23T16:30:00Z,59.35,59.73,59.345,59.46,286092,382729.75,59.52810690437017,59.642999999999894,60.774390295189086,58.5116097048107,59.68047499999968,59.0379999999999,49.713375345469366,33.77663052403238,19.497674136069268
2018-02-23T17:30:00Z,59.47,59.69,59.29,59.61,388404,387027.5,59.53210168952285,59.61199999999989,60.71086486887553,58.513135131124244,59.70309999999969,59.1859999999999,52.34784229270077,50.93930869466805,34.488713254151975
2018-02-23T18:30:00Z,59.62,59.72,59.435,59.48,453720,389556.4,59.529560143692464,59.568499999999894,60.614679238966765,58.52232076103302,59.72509999999968,59.3319999999999,49.907542247122485,55.81977317554228,46.84523746474733
2018-02-23T19:30:00Z,59.47,59.825,59.46,59.82,250190,370116.15,59.54372794156112,59.53449999999989,60.498335566913426,58.57066443308635,59.75472499999968,59.5419999999999,55.72133101256032,68.15641273963074,58.305164869946786
2018-02-23T20:30:00Z,59.82,60.08,59.81,60.05,437562,367872.65,59.568424139533754,59.516499999999894,60.42618730893978,58.60681269106001,59.78997499999967,59.6839999999999,59.173284626487394,80.70026193810052,68.2254826177576
2018-02-26T14:30:00Z,60.02,60.2,58.74,60.07,789041,395896.95,59.59289125467845,59.4994999999999,60.352716854054584,58.64628314594521,59.82297499999968,59.805999999999905,59.46918301138645,92.80041721760364,80.5523639651114
2018-02-26T15:30:00Z,60.07,60.685,59.99,60.62,456001,406977.65,59.64299412030389,59.5244999999999,60.4729613856369,58.57603861436289,59.864474999999686,60.0079999999999,66.6314820393436,95.60313924046254,89.701272798722
2018-02-26T16:30:00Z,60.64,61,60.61,60.8745,513334,420981.65,59.70306757785004,59.5732249999999,60.680646531100365,58.46580346889944,59.90133749999969,60.2868999999999,69.33208718868838,94.53845722017049,94.31400455941197
2018-02-26T17:30:00Z,60.87,61.05,60.75,60.92,339592,425166.6,59.76243013502809,59.61322499999991,60.84730378498124,58.37914621501857,59.91658749999969,60.5068999999999,69.80263260733423,95.46845099215801,95.2033491509301
2018-02-26T18:30:00Z,60.925,61.13,60.88,60.92,313737,424451.25,59.81889695770965,59.6662249999999,61.02308425856075,58.309365741439045,59.92836249999969,60.68089999999991,69.80263260733423,93.7467539131235,94.58455404181707
2018-02-26T19:30:00Z,60.925,61.15,60.91,61.135,440027,422608.8,59.88309710611406,59.7519749999999,61.24562470710791,58.2583252928919,59.94323749999969,60.8938999999999,72.14481049684217,95.28726437301289,94.83415642609789
2018-02-26T20:30:00Z,61.135,61.14,61,61.12,697867,434530.2,59.94343383264508,59.8464749999999,61.43237390836157,58.26057609163823,59.96098749999969,60.993899999999904,71.72681670316062,96.65037561368699,95.2281312999409
2018-02-27T14:30:00Z,61.04,61.17,60.385,60.42,493531,437027.25,59.96668096275995,59.89497499999991,61.488717152149825,58.301232847849995,59.95623749999969,60.902999999999906,55.551523122627664,89.52485820059682,93.82083272909865
2018-02-27T15:30:00Z,60.41,60.82,60.34,60.45,404844,444068.5,59.990257501161906,59.95497499999991,61.537386465940365,58.37256353405946,59.96873749999969,60.8089999999999,56.00938923821516,79.84362749072031,88.67295376833447
2018-02-27T16:30:00Z,60.46,60.65,60.44,60.59,660367,467182.45,60.01951323281254,60.02097499999989,61.5936845242129,58.44826547578689,59.98223749999969,60.7429999999999,58.17466167822824,72.28592961282179,80.55147176804606
2018-02-27T17:30:00Z,60.59,60.73,60.5,60.72,207756,469502,60.053683319016805,60.099474999999906,61.64698071809677,58.55196928190304,59.99973749999968,60.65999999999991,60.13677887933131,75.99451303155008,76.04135671169716
2018-02-27T18:30:00Z,60.71,60.73,60.54,60.7043,246308,465199.4,60.08542071808915,60.19118999999991,61.651316119088186,58.73106388091163,60.01609499999969,60.57685999999991,59.77208800745938,79.48285322359399,75.92109862265505
2018-02-27T19:30:00Z,60.7,60.75,60.03,60.12,672920,475163.3,60.08710751232871,60.25968999999991,61.56307296890835,58.95630703109146,60.02284499999969,60.51685999999991,48.08480615096685,73.0356652949245,76.1710105166893
2018-02-27T20:30:00Z,60.115,60.41,59.93,59.94,542772,466078.25,60.07993153611755,60.3181899999999,61.44145454748904,59.194925452510766,60.02034499999969,60.414859999999905,45.15561220767755,62.33607681755822,71.61819844535866
2018-02-28T14:30:00Z,60.52,60.97,59.96,60.75,518269,455616.7,60.1126178026484,60.388689999999905,61.43164881205527,59.34573118794454,60.03071999999969,60.446859999999916,57.65613000270132,57.43395725474565,64.26856645574254
2018-02-28T15:30:00Z,60.76,60.88,60.33,60.46,333916,458007.9,60.12956327568994,60.43868999999991,61.39068111531493,59.486698884684884,60.04084499999969,60.394859999999916,52.99857822935008,52.751227930439335,57.507087334247494
2018-02-28T16:30:00Z,60.4576,60.67,60.21,60.67,253265,451250.95,60.155926042729455,60.491689999999906,61.36827800107976,59.61510199892005,60.051844999999695,60.387999999999906,55.784040238289485,56.18279569892474,55.45599362803633
2018-02-28T17:30:00Z,60.67,61.39,60.63,61.3135,641273,460628.6,60.212393065035336,60.583364999999915,61.398938604976266,59.767791395023565,60.075932499999695,60.626699999999914,63.016808775966105,65.72654293710411,58.22018885548914
2018-02-28T18:30:00Z,61.32,61.33,61.03,61.085,291054,462671.8,60.25495925698483,60.646614999999905,61.410120314416474,59.883109685583335,60.09055749999969,60.85569999999991,59.30698167738308,77.84909412284576,66.58614425295795
2018-02-28T19:30:00Z,61.085,61.085,60.815,60.84,471366,464362,60.28349782981484,60.6861149999999,61.40234752170008,59.96988247829972,60.10130749999969,60.873699999999914,55.53207900282455,78.7328767123288,74.10283792409264
2018-02-28T20:30:00Z,60.855,60.89,60.47,60.61,537512,451785.55,60.299424764945826,60.71311499999992,61.372896922405126,60.05333307759471,60.10630749999969,60.903699999999915,52.174656691222644,62.671232876712416,73.08440123729541
2018-03-01T14:30:00Z,60.78,61.9,60.48,61.88,563683,457169.65,60.37652599592408,60.77611499999991,61.6067931718189,59.945436828180924,60.15030749999969,61.14569999999992,64.82188100350044,69.29629372088186,70.23346776997411
2018-03-01T15:30:00Z,61.885,62.33,61.78,62.145,669166,464961.25,60.462793020513146,60.83963999999992,61.86273228793628,59.81654771206355,60.206432499999686,61.31199999999992,66.79506076025508,79.28392690200819,70.41715116653391
2018-03-01T16:30:00Z,62.15,62.4,61.7701,61.8253,470035,471483.4,60.529256775610065,60.88490499999991,61.99465079518798,59.77515920481184,60.24906499999969,61.46005999999992,62.25803843213172,89.33641058751279,79.3055437368007
2018-03-01T17:30:00Z,61.82,62,61.371,61.39,525715,482082.3,60.57124424997055,60.90840499999992,62.0398220716123,59.776987928387534,60.28731499999968,61.57005999999992,56.61882970147859,76.04459064327496,81.55497604426506
2018-03-01T18:30:00Z,61.38,61.82,61.2,61.78,564655,488313.7,60.630207945093936,60.94065499999992,62.131289641665504,59.75002035833434,60.346314999999684,61.80405999999992,60.10539297747514,70.2469635627531,78.54265493118002
2018-03-01T19:30:00Z,61.79,61.9638,61.41,61.87,585836,482712.15,60.69068560630887,60.97815499999992,62.23445486465512,59.721855135344725,60.41231499999968,61.80205999999991,60.88663228125608,70.85020242914986,72.38058554505905
2018-03-01T20:30:00Z,61.87,62.03,61.635,61.92,930960,504583.6,60.75065216209868,61.053154999999926,62.34578656000965,59.7605234399902,60.47406499999969,61.757059999999925,61.33958057961037,77.92305479967264,73.00674026385828
2018-03-02T14:30:00Z,61.58,62.3782,61.28,62.2,668954,517789.1,60.82135205663045,61.140654999999924,62.49363794517436,59.787672054825485,60.547814999999694,61.83199999999992,63.86331929612613,83.24598629419754,77.33974784100643
2018-03-02T15:30:00Z,62.2,62.44,61.8,62.44,437852,506663.35,60.90031049289238,61.23315499999993,62.67306928561967,59.7932407143802,60.627064999999696,62.04199999999993,65.9170919441809,90.3984829203784,83.85584133808261
2018-03-02T16:30:00Z,62.415,62.5,62.01,62.34,279181,510234.6,60.97053924933665,61.31415499999993,62.81063911616414,59.81767088383572,60.7068149999997,62.15399999999992,64.27786533829135,94.32860216988713,89.32435712815409
2018-03-02T17:30:00Z,62.35,62.43,61.86,61.98,1597127,577775.55,61.01978123717389,61.377939999999924,62.87375947227418,59.88212052772567,60.7845649999997,62.17599999999992,58.62568429592461,88.83415435139575,91.18707981388684
2018-03-02T18:30:00Z,61.99,62.19,61.84,62.14,289802,558619.65,61.074426054872724,61.47893999999992,62.891857681124094,60.06602231887575,60.8693149999997,62.21999999999993,60.296710551837634,82.92282430213469,88.6951936078056
2018-03-02T19:30:00Z,62.13,62.3,62.005,62.26,379114,550436.75,61.13225893024479,61.59493999999993,62.85623142295894,60.33364857704092,60.956564999999706,62.23199999999993,61.55095994041301,81.6091954022988,84.45539135194282
2018-03-02T20:30:00Z,62.26,62.67,62.2501,62.44,595854,554316,61.19605117754992,61.67943999999993,62.92937424372356,60.4295057562763,61.034064999999714,62.231999999999914,63.41778388062261,86.64702221622387,83.72634730688553
2018-03-05T14:30:00Z,62.01,62.8,62.01,62.38,284235,551831.95,61.25380477864505,61.775439999999925,62.927056990860265,60.623823009139585,61.107064999999714,62.23999999999992,62.33138805756384,83.80835226548501,84.02152329466897
2018-03-05T15:30:00Z,62.38,62.38,62.045,62.35,210603,549698.85,61.30727771627212,61.85943999999993,62.91756192758451,60.80131807241535,61.17556499999972,62.31399999999992,61.761682011770645,78.37423896499249,82.94320448223354
2018-03-05T16:30:00Z,62.34,62.8,62.3,62.71,392939,537282.15,61.37570319352714,61.929264999999944,63.01793403011276,60.840595969887126,61.25631499999971,62.42799999999992,65.80112746418999,80.00000000000021,80.72753041015899
2018-03-05T17:30:00Z,62.69,63.02,62.68,62.965,345105,539984.7,61.45322986701362,62.02326499999994,63.12863777744997,60.91789222254991,61.33493999999972,62.568999999999924,68.35147195115056,87.74267399267414,82.0389709858887
2018-03-05T18:30:00Z,62.95,63.12,62.82,62.98,587734,545803.1,61.52770645886661,62.13026499999993,63.16906148494565,61.09146851505421,61.40818999999972,62.67699999999993,68.50028105417273,94.58144210861609,87.44137203376323
2018-03-05T19:30:00Z,62.98,63.0986,62.91,63.02,439762,540915.6,61.60050126575117,62.25076499999993,63.097583562109634,61.40394643789023,61.48193999999971,62.80499999999993,68.9199540743621,94.64484790571755,92.32298800233569
2018-03-05T20:30:00Z,63.02,63.095,62.9,62.96,417503,533606.6,61.666818277177946,62.30476499999993,63.18711821563008,61.422411784369785,61.540439999999705,62.92699999999993,67.46791729231597,92.75362318840594,93.99330440091295
2018-03-06T14:30:00Z,63.3,63.3,62.65,63.27,519823,526139.45,61.74502226365707,62.36101499999993,63.33421677616673,61.387813223833135,61.60032749999969,63.03899999999993,70.8814038601798,94.6231884057974,94.0072198333067
2018-03-06T15:30:00Z,63.27,63.62,63.19,63.5501,337210,519498.2,61.8330748361616,62.44725499999993,63.51625399996838,61.37825600003148,61.6660799999997,63.15601999999992,73.57897040221054,95.12579384465096,94.16753514628452
2018-03-06T16:30:00Z,63.57,63.85,63.5466,63.75,252887,505856.8,61.92658338073908,62.56525499999994,63.662038543791105,61.46847145620877,61.7368299999997,63.31001999999993,75.33513359106782,96.36596977658542,95.37165067567769
2018-03-06T17:30:00Z,63.75,63.91,63.48,63.58,399093,497578.7,62.007237849971325,62.65525499999993,63.77469706725128,61.535812932748584,61.797954999999696,63.42201999999993,71.01229057746497,91.71862678141622,94.4034634675506
2018-03-06T18:30:00Z,63.56,63.64,63.36,63.575,357117,486142.75,62.08371405241175,62.74050499999994,63.86742175909371,61.613588240906175,61.8593299999997,63.54501999999992,70.88345892729139,87.16584826637109,91.75014827479065
2018-03-06T19:30:00Z,63.575,63.6,63.43,63.52,776454,478417.45,62.1537767815624,62.82050499999993,63.9301077135575,61.71090228644237,61.9368299999997,63.59501999999992,69.39211926584693,81.98211779591647,86.95553094790101
2018-03-06T20:30:00Z,63.52,63.6,63.42,63.56,486949,469317.2,62.22237303612033,62.88850499999994,64.00433987216063,61.77267012783925,62.014579999999704,63.59699999999992,69.8883101482873,81.15577658055933,83.43458088094872
2018-03-07T14:30:00Z,63.57,63.93,63.21,63.77,736272,484238.2,62.29786703435836,62.955004999999936,64.11369987007242,61.79631012992745,62.0940799999997,63.60099999999992,72.41649570349662,84.18818930615693,82.44202789421065
2018-03-07T15:30:00Z,63.76,64.1599,63.69,64.1599,549235,497740.9,62.388697910731125,63.045999999999935,64.28056940024894,61.811430599750935,62.18007749999971,63.71697999999992,76.3815085285442,91.0302945693147,85.45808681867675
2018-03-07T16:30:00Z,64.15,64.7,64.01,64.33,1082502,472009.65,62.48339557362229,63.16349999999993,64.4170535904112,61.909946409588656,62.27071999999971,63.86797999999992,77.87568132129277,91.15438528390591,88.79095638645894
2018-03-07T17:30:00Z,64.335,64.39,64.15,64.35,391215,477080.3,62.57444944807974,63.27399999999993,64.53677535770639,62.01122464229347,62.37646999999971,64.03397999999993,78.05149954504785,88.29268292682912,90.159120926683
2018-03-07T18:30:00Z,64.35,64.76,64.29,64.75,1048759,510562.55,62.68057386524658,63.39849999999994,64.72615831599205,62.07084168400783,62.49671999999971,64.27197999999991,81.25921880621587,88.13470504373265,89.19392441815565
2018-03-07T19:30:00Z,64.74,64.995,64.74,64.88,829256,522232.65,62.78786294499065,63.520499999999934,64.91991580812491,62.121084191874964,62.599969999999715,64.49397999999992,82.17119155486355,92.51628148209825,89.6478898175531
2018-03-07T20:30:00Z,64.885,64.92,64.44,64.56,865847,551313.25,62.874308654991104,63.629499999999936,64.99581058110054,62.26318941889932,62.70246999999971,64.57399999999993,72.78235872639475,92.02396952273142,90.89165201618721
2018-03-08T14:30:00Z,65,65.28,64.64,64.86,502587,565912.45,62.97117164743056,63.75499999999994,65.0888686607103,62.42113133928957,62.80721999999971,64.67999999999992,75.59739602399227,85.48338281252641,90.00787793911847
2018-03-08T15:30:00Z,64.86,65.07,64.68,64.72,294719,561001.45,63.0564803475559,63.855499999999935,65.16188608536146,62.549113914638404,62.89238249999971,64.75399999999993,71.86209991320372,78.100353171223,85.20256850216003
2018-03-08T16:30:00Z,64.73,64.813,64.4,64.47,203719,553932.15,63.1254325257239,63.93074999999995,65.196024023294,62.66547597670589,62.977007499999715,64.69799999999992,65.62629208608966,71.24024378028946,78.27465992134606
2018-03-08T17:30:00Z,64.465,64.705,64.35,64.41,197024,534396.65,63.18809435373737,64.00224999999993,65.20458953358789,62.79991046641197,63.06625749999971,64.60399999999991,64.18671834457852,63.92914653784205,71.08991449645127
2018-03-08T18:30:00Z,64.405,64.665,64.25,64.425,264272,525622.15,63.24843121453067,64.07249999999993,65.19884834932607,62.9461516506738,63.161632499999726,64.57699999999991,64.39698360986517,59.17874396135249,64.78271142649443
2018-03-08T19:30:00Z,64.42,64.81,64.3,64.8,268080,518151,63.324117496748684,64.16449999999995,65.21002599394748,63.11897400605241,63.23463249999973,64.56499999999991,69.25658083735193,64.49275362318821,62.53354804079402
2018-03-08T20:30:00Z,64.795,65.07,64.73,65.06,679973,526158.5,63.40879469202924,64.25399999999993,65.2842628810307,63.22373711896916,63.30750749999972,64.6329999999999,72.10002116643238,74.9597423510466,66.2104133118622
2018-03-09T14:30:00Z,65.3,65.78,65.12,65.47,877656,553180.8,63.50934129241806,64.34999499999994,65.45508214675692,63.24490785324295,63.39862499999972,64.8329999999999,75.8873430106284,83.78367966468646,74.41205854630685
2018-03-09T15:30:00Z,65.47,65.51,65.215,65.4,338049,557438.9,63.601568546446444,64.43249499999993,65.59115625417584,63.27383374582402,63.49887499999973,65.0309999999999,74.03939367917687,84.35683941249631,81.03342047607623
2018-03-09T16:30:00Z,65.405,65.735,65.31,65.655,405283,557748.4,63.70173593442467,64.53624499999994,65.74164692547109,63.33084307452879,63.595749999999725,65.2769999999999,76.30319034353897,85.34327530157287,84.49459812625166
2018-03-09T17:30:00Z,65.65,65.715,65.4,65.465,238748,551829.95,63.787748815672245,64.63074499999995,65.81606840815624,63.44542159184366,63.68562499999972,65.4099999999999,71.31329763610353,83.4247088319229,84.37494118199713
2018-03-09T18:30:00Z,65.465,65.51,65.35,65.375,256696,525842.05,63.86517570271263,64.72349499999994,65.83462664923347,63.61236335076642,63.77199999999972,65.47299999999989,69.0111079573006,81.7574882713822,83.50849080162575
2018-03-09T19:30:00Z,65.38,65.57,65.37,65.56,358059,519397.55,63.947850058677865,64.82349499999995,65.8549103101067,63.79207968989319,63.855999999999725,65.4909999999999,71.07797785362786,79.52069716775607,81.56763142368682
2018-03-09T20:30:00Z,65.57,65.6,65.18,65.26,632558,514211.85,64.0118573728887,64.89799499999995,65.82414483772754,63.97184516227235,63.92649999999971,65.46299999999988,63.66271643681714,75.05446623093694,78.77755055669151
2018-03-12T13:30:00Z,65.51,65.73,64.81,65,285383,501019.25,64.06005945225998,64.93999999999996,65.80244999856306,64.07755000143685,63.992999999999725,65.3319999999999,58.01386706244285,66.88453159041406,73.81989832970213
2018-03-12T14:30:00Z,65,65.175,64.465,64.705,463768,470082.55,64.09151996678388,64.95874999999997,65.78278807558569,64.13471192441425,64.06112499999972,65.17999999999988,52.33926042395697,48.25708061002183,63.39869281045739
2018-03-12T15:30:00Z,64.71,64.85,64.49,64.6,404560,470749.8,64.1163238708432,64.97124999999997,65.7649998031596,64.17750019684034,64.12262499999972,65.02499999999988,50.4477962819116,33.87799564270134,49.67320261437886
2018-03-12T16:30:00Z,64.6,64.705,64.4275,64.51,425287,439576.2,64.1355275844606,64.95924999999997,65.77302069867106,64.14547930132888,64.17887499999972,64.81499999999987,48.819252095980104,23.202614379084906,35.112563543935806
2018-03-12T17:30:00Z,64.51,64.62,64.47,64.565,259630,411094.9,64.15647745838936,64.94349999999996,65.77480078793606,64.11219921206386,64.23199999999972,64.67599999999987,49.88398035534357,19.258228817052327,25.446279612945972
2018-03-12T18:30:00Z,64.565,64.62,64.51,64.54,224843,379044.7,64.1751858750533,64.94249999999997,65.77568965428904,64.1093103457109,64.28599999999973,64.58399999999988,49.38111118158293,14.40559973913279,18.95548097842312
2018-03-12T19:30:00Z,64.53,64.65,64.499,64.555,506216,379226.15,64.19371339334339,64.92724999999997,65.77692331958237,64.07757668041758,64.34112499999972,64.55399999999989,49.708695234136066,11.883440742036484,15.18242309940698
2018-03-13T13:30:00Z,65.1,65.76,64.8,65.39,1265794,427779.9,64.25206883757053,64.96074999999998,65.82775216263127,64.09374783736868,64.40812499999973,64.71199999999989,63.76609942073137,29.99252074136034,18.76052040750965
2018-03-13T14:30:00Z,65.39,65.64,65.32,65.44,733581,454273,64.31001669915246,65.00924999999998,65.86951318647861,64.14898681352135,64.46999999999971,64.89799999999988,64.40765900123287,52.548207694504185,31.474723059300118
2018-03-13T15:30:00Z,65.44,65.45,65.1,65.345,570159,472929.75,64.3605036894377,65.05599999999997,65.88185470877923,64.23014529122071,64.52912499999971,65.05399999999989,62.155796710753144,72.35772357723552,51.6328173376998
2018-03-13T16:30:00Z,65.345,65.345,65.07,65.15,218365,470634.4,64.39901570458709,65.09224999999998,65.86614582633018,64.31835417366977,64.58237499999971,65.17599999999989,57.69666105733432,66.35397123201994,63.753300834586334
2018-03-13T17:30:00Z,65.155,65.29,65.085,65.155,320641,473262.45,64.43589298729016,65.10999999999997,65.87246967153759,64.34753032846235,64.63724999999972,65.29599999999989,57.78029917971356,59.224515322076364,65.97873671044373
2018-03-13T18:30:00Z,65.16,65.29,64.98,65.18,395386,459033.1,64.47219089034918,65.11599999999996,65.87868997634875,64.35331002365116,64.68499999999972,65.25399999999988,58.225033277364616,55.09693558474077,60.22514071294548
2018-03-13T19:30:00Z,65.17,65.22,64.91,64.98,426229,436461.75,64.49696206642972,65.09149999999997,65.83844778935178,64.34455221064816,64.7207474999997,65.16199999999989,53.380595713807296,50.84427767354625,55.05524286012092
2018-03-14T13:30:00Z,65.23,65.64,64.62,64.81,555464,447332.5,64.51223220953071,65.06199999999998,65.8044715482848,64.31952845171517,64.74724749999972,65.05499999999988,49.60275999234643,42.213883677298696,49.3850323118617
2018-03-14T14:30:00Z,64.8,64.9,64.5,64.87,307721,442454.4,64.52968429687067,65.02274999999997,65.71711643784873,64.32838356215122,64.77949749999972,64.99899999999988,50.9229164710118,34.459036898061676,42.505732749635335
2018-03-14T15:30:00Z,64.88,64.92,64.5,64.59,307267,445880.35,64.53262652629161,64.97899999999997,65.66662344347439,64.29137655652555,64.80487249999972,64.88599999999988,44.9989510735397,24.702939337086125,33.79195330414863
2018-03-14T16:30:00Z,64.59,64.81,64.565,64.7,196584,442874.75,64.5407910859847,64.94524999999997,65.61791243392543,64.27258756607452,64.83437249999972,64.78999999999988,47.578977019056275,21.077611491678834,26.74652924227534
2018-03-14T17:30:00Z,64.71,65.19,64.695,64.92,279335,438938.55,64.55928908179033,64.91324999999998,65.52392401288381,64.30257598711614,64.86837249999971,64.77799999999988,52.38928098557028,21.136926914333383,22.30582591436591
2018-03-14T18:30:00Z,64.92,64.9638,64.68,64.75,290205,421820.9,64.56859205341031,64.88774999999997,65.48071268855,64.29478731144994,64.8928724999997,64.76599999999989,48.672542650515105,23.706832074130315,21.973790160047304
2018-03-14T19:30:00Z,64.75,65.06,64.65,64.76,818496,448476.55,64.5779290264147,64.87574999999997,65.46885433316133,64.2826456668386,64.9078749999997,64.74399999999989,48.902187979017086,24.641986497656863,23.16191516203998
2018-03-15T13:30:00Z,64.71,65.52,64.6101,65.34,476154,449095.85,64.61510322024813,64.90749999999996,65.52799576954075,64.28700423045916,64.9331249999997,64.89399999999989,60.063003741716386,38.074656197282614,28.80782492302306
2018-03-15T14:30:00Z,65.33,65.485,65.16,65.38,283414,443038.55,64.6524152582848,64.94649999999996,65.58263756375361,64.31036243624631,64.95887499999972,65.02999999999989,60.70052845762461,57.17070453912564,39.9624490780215
2018-03-15T15:30:00Z,65.38,65.39,64.915,64.9949,179509,430749.65,64.6691218310514,64.97074499999997,65.57463388209432,64.36685611790561,64.96499749999973,65.0449799999999,52.08073356114006,64.7631578947368,53.33617287704815
2018-03-15T16:30:00Z,64.9956,65.02,64.86,64.905,178542,426695.25,64.68062808319523,64.98774499999996,65.56347450412214,64.41201549587778,64.96562249999971,65.0759799999999,50.28551145174088,52.04385964912271,57.99257402766151
2018-03-15T17:30:00Z,64.905,64.98,64.71,64.83,211795,426042.85,64.68791451816132,65.00224499999996,65.54584875451114,64.45864124548878,64.97237249999971,65.0899799999999,48.77499795390815,35.96198830409356,50.92300194931749
2018-03-15T18:30:00Z,64.82,64.96,64.7,64.93,446773,423070.7,64.6997235660559,65.02099499999996,65.52610592041302,64.5158840795869,64.97412249999971,65.00797999999989,50.89310373117983,34.06432748538028,40.69005847953198
2018-03-15T19:30:00Z,64.93,64.94,64.66,64.72,426946,381128.3,64.70071266039463,64.98749499999997,65.47895680107133,64.4960331989286,64.97412249999972,64.87597999999988,46.540943998883975,28.654970760234022,32.89376218323575
2018-03-16T13:30:00Z,64.44,65,64.44,64.62,1091594,399028.95,64.69677545744855,64.94649499999996,65.41646208599543,64.47652791400448,64.97787249999972,64.80099999999989,44.58567452886894,24.56140350877231,29.093567251462005
2018-03-16T14:30:00Z,64.62,64.88,64.48,64.79,464879,393764.95,64.7013229961096,64.91874499999997,65.3556954570394,64.48179454296054,64.98737249999972,64.77799999999988,48.543403865697144,22.79077322937019,25.335715832791973
2018-03-16T15:30:00Z,64.8,64.8,64.36,64.76,360847,400889.05,64.7041852889823,64.89924499999996,65.32790444748039,64.47058555251954,64.99574749999972,64.76399999999988,47.89333977165631,27.852277564921945,25.068151434354615
2018-03-16T16:30:00Z,64.76,64.797,64.5,64.692,269783,398346.15,64.7035908846417,64.87609499999996,65.29694319818405,64.45524680181587,64.99304749999972,64.71639999999988,46.377323118633555,31.836951894423482,27.49333422957167
2018-03-16T17:30:00Z,64.69,64.71,64.5,64.57,205237,388838.7,64.69707425612259,64.84559499999997,65.26231959239395,64.428870407606,64.98079749999972,64.68639999999989,43.704381757297575,27.068965517241264,28.919398325528693
2018-03-16T18:30:00Z,64.56,64.57,64.38,64.49,422247,388639.6,64.6869730728971,64.82109499999997,65.26033867486717,64.38185132513277,64.95629749999972,64.66039999999988,41.99516218919208,19.310344827585773,26.072087413083306
2018-03-16T19:30:00Z,64.49,64.85,64.48,64.76,887492,405241,64.69053536202408,64.81859499999997,65.25863125522172,64.37855874477823,64.94029749999973,64.65439999999987,49.214117294896475,21.264367816091873,22.5478927203061
2018-03-19T13:30:00Z,64.68,64.8602,63.88,63.9001,358426,407776.25,64.65197753948632,64.77009999999999,65.36375222479366,64.17644777520631,64.89642499999972,64.48241999999988,34.49135623272315,15.647330540337373,18.740681061338137
2018-03-19T14:30:00Z,63.9,64.11,63.39,63.5,419739,413399.85,64.59578351316992,64.71559999999997,65.52596137865282,63.90523862134712,64.84729999999972,64.24401999999989,29.995062986592643,13.745031689762774,16.885576682063803
2018-03-19T15:30:00Z,63.5,63.615,63.18,63.52,387684,422954.85,64.54330626862505,64.65659999999997,65.62024140841524,63.6929585915847,64.80092499999972,64.03401999999987,30.482908234892335,8.410199106054504,12.600853778718012
2018-03-19T16:30:00Z,63.52,63.59,63.07,63.18,332792,425627.7,64.47680352381407,64.56959999999997,65.71873983657804,63.42046016342189,64.74142499999974,63.77201999999987,27.033889530544783,9.89258091161679,10.682603902477815
2018-03-19T17:30:00Z,63.19,63.56,63.18,63.29,414427,431838.8,64.41891066899387,64.49659999999997,65.76946007243814,63.22373992756181,64.69217499999972,63.47801999999988,29.801257652869523,11.858902155140095,10.05389405760359
2018-03-19T18:30:00Z,63.29,63.33,63.05,63.09,413151,411571.55,64.35408575831124,64.41309999999997,65.81813116122261,63.00806883877733,64.64442499999973,63.315999999999875,27.741139947060688,6.38324254904574,9.378241871934001
2018-03-19T19:30:00Z,63.095,63.26,63.06,63.23,610267,418277.2,64.2992523066863,64.30759999999997,65.73508308711972,62.88011691288021,64.60754999999973,63.26199999999987,31.32020158340893,7.560338337540493,8.600827680575236
2018-03-20T13:30:00Z,63.32,64.11,62.76,63.06,256582,416935.6,64.23880097465282,64.19159999999997,65.62867228906966,62.754527710930276,64.56904999999973,63.16999999999987,29.41495237304717,8.477664892759407,7.473748593115005
2018-03-20T14:30:00Z,63.04,63.13,62.88,63.04,338813,424900.8,64.1803228783283,64.09385499999998,65.56461628515379,62.62309371484616,64.53229999999974,63.14199999999987,29.189981229915617,12.237925413328364,9.425309547875882
2018-03-20T15:30:00Z,63.05,63.16,62.94,62.95,219603,426953.85,64.12030712816595,63.996104999999964,65.49777344473483,62.494436555265096,64.49192499999974,63.07399999999988,28.146741802913965,12.176588153629117,10.96405948657209
2018-03-20T16:30:00Z,62.96,63.05,62.76,62.8,283817,430554.95,64.05590190240176,63.89460499999997,65.43111285156166,62.35809714843827,64.44842499999974,63.01599999999987,26.450023769055406,8.094467193600662,10.83632692018584
2018-03-20T17:30:00Z,62.8,62.97,62.72,62.82,249424,420687.5,63.99561400472362,63.78910499999997,65.31648249031218,62.261727509687766,64.40504999999975,62.93399999999987,27.081191129929607,5.207932828507141,8.492996058578766
2018-03-20T18:30:00Z,62.825,63.115,62.82,63,236548,411167.6,63.94704746790784,63.70310499999997,65.20461165596602,62.201598344033926,64.34529999999974,62.92199999999987,32.680448168193564,6.553310161144708,6.618570061083964
2018-03-20T19:30:00Z,62.99,63.03,62.69,62.77,513821,382278.95,63.889630518253796,63.61060499999998,65.10268239005298,62.11852760994698,64.27854999999974,62.86799999999987,29.55728033068155,7.147215387064089,6.302819458905106
2018-03-21T13:30:00Z,62.6,63.09,62.6,62.72,258865,371978.25,63.8325753710219,63.50710499999997,64.94372842940362,62.07048157059632,64.21292499999974,62.82199999999987,28.91045197105413,8.238735170344366,7.313086906184181
2018-03-21T14:30:00Z,62.72,62.97,62.65,62.93,191333,363502.55,63.78854730414279,63.41560499999997,64.7509172248786,62.080292775121336,64.15742499999973,62.847999999999864,35.31330480536255,11.162540232403481,8.849496929937105
2018-03-21T15:30:00Z,62.925,63.21,62.86,63.1025,159860,358006.4,63.75508158198948,63.33612999999997,64.54093859243814,62.1313214075618,64.10611249999974,62.90449999999986,40.086884306940924,21.026490066225055,13.475921822990761
2018-03-21T16:30:00Z,63.11,63.16,62.94,62.96,113647,353426.9,63.71629711457536,63.255629999999975,64.32775427656907,62.18350572343088,64.05061249999974,62.89649999999987,37.617281813081235,26.324503311258216,19.504511203295376
2018-03-21T17:30:00Z,62.95,63.2,62.82,62.91,272177,345923.4,63.676965548010706,63.176629999999975,64.09513129254694,62.25812870745301,63.99886249999973,62.92449999999987,36.76151011581783,25.88300220750539,24.411331861662678
2018-03-21T18:30:00Z,62.9,62.98,62.52,62.81,488240,325960.8,63.63467454566872,63.07912999999998,63.65453509591695,62.50372490408301,63.948862499999734,62.94249999999986,35.044378631023605,20.869951545947952,24.359152354903642
2018-03-21T19:30:00Z,62.805,62.91,62.58,62.58,567976,336438.3,63.583227006855616,63.01312499999998,63.49134271977378,62.53490728022618,63.89161249999974,62.87249999999987,31.410296311182194,14.18079331361831,20.311249022357007
2018-03-22T13:30:00Z,61.84,62.07,61.49,61.6,693214,350112.05,63.48648422603339,62.918124999999975,63.656072957183504,62.180177042816446,63.81686249999974,62.57199999999987,21.283021364061625,9.46930915118706,14.840018003584234
2018-03-22T14:30:00Z,61.59,61.71,61.48,61.52,343059,347880.8,63.39055816622688,62.818124999999974,63.72535550406709,61.91089449593286,63.73736249999973,62.283999999999864,20.69639199254,4.160357490397807,9.270153318400853
2018-03-22T15:30:00Z,61.53,61.83,61.31,61.75,494076,355945,63.31053093860606,62.74662499999998,63.74892519829744,61.74432480170252,63.65811249999973,62.051999999999865,26.932019433590256,10.62179410079178,8.083820247458677
2018-03-22T16:30:00Z,61.74,61.9,61.53,61.67,266154,348531.35,63.23050503916186,62.66562499999999,63.73853444981368,61.592715550186306,63.58111249999973,61.82399999999986,26.161477436799302,14.805800628739561,9.862650739976177
2018-03-22T17:30:00Z,61.6736,61.78,61.48,61.49,493079,352527.75,63.1456023543247,62.58562499999998,63.75435708542619,61.416892914573765,63.499362499999734,61.60599999999987,24.465395470084857,17.19298245614031,14.206859061890347
2018-03-22T18:30:00Z,61.48,61.565,61.38,61.44,474306,345729.7,63.062402239479596,62.496124999999985,63.72630433143889,61.26594566856108,63.40186249999973,61.57399999999986,23.999941293102864,11.754385964912197,14.584389683263817
2018-03-22T19:30:00Z,61.43,61.48,61.21,61.26,752727,370536.95,62.97448017901718,62.406124999999975,63.71873735233727,61.09351264766268,63.29886249999972,61.52199999999986,22.35134069068299,6.271929824561277,11.739766081871055
2018-03-23T13:30:00Z,61.42,61.765,60.97,61.19,319234,369558,62.88743236540658,62.31362499999998,63.6935375651659,60.933712434834064,63.20373999999973,61.40999999999987,21.726309829104522,6.387844611528679,8.138053467000512
2018-03-23T14:30:00Z,61.2,61.38,60.8217,60.87,528210,384988.35,62.7890210305087,62.209624999999974,63.691755455629774,60.727494544370174,63.102864999999724,61.249999999999865,19.097224091409473,4.781262523851296,5.813678986646878
2018-03-23T15:30:00Z,60.87,60.94,60.54,60.65,362453,388920.15,62.68467854121559,62.102124999999965,63.70439313845599,60.49985686154394,62.99836499999973,61.081999999999866,17.526926608036533,5.326375305806221,5.49849414706186
2018-03-23T16:30:00Z,60.65,61.11,60.59,61.01,633437,408120.8,62.60298690505873,62.01162499999997,63.645632554299965,60.37761744569997,62.900364999999724,60.99599999999987,27.964987574858483,7.942290092773637,6.016642640810179
2018-03-23T17:30:00Z,61,61.07,60.89,60.94,343521,413469.45,62.52186559261684,61.90862499999996,63.5401407637952,60.277109236204716,62.80586499999972,60.93199999999987,27.242978817102326,12.73265130038206,8.667105566320433
2018-03-23T18:30:00Z,60.93,60.955,60.16,60.26,699673,422762.05,62.41153068565992,61.78312499999997,63.51345508050796,60.05279491949198,62.69686499999973,60.74599999999987,21.449488021845227,12.566326397215077,11.080422596790052
2018-03-23T19:30:00Z,60.26,60.28,59.73,59.74,1035172,461577.4,62.28121211562773,61.63412499999996,63.522130081431264,59.74611991856866,62.570614999999734,60.51999999999987,18.252837053650964,6.8190522288883715,10.706009975494965
2018-03-26T13:30:00Z,60.7,60.93,60.36,60.36,478772,475949.35,62.18749445145077,61.50562499999997,63.37306567844422,59.63818432155571,62.460614999999734,60.46199999999986,31.383328107651607,11.031990709410188,10.139123111837673
2018-03-26T14:30:00Z,60.35,60.73,60.18,60.44,318081,483860.4,62.10225081967268,61.37249999999997,63.142685018580686,59.60231498141925,62.35431499999974,60.347999999999864,32.88140503830219,20.72616750036116,12.859070146219702
2018-03-26T15:30:00Z,60.43,60.96,60.38,60.94,317439,494050,62.04555565773743,61.27149999999997,62.89203417119476,59.65096582880518,62.26356499999973,60.347999999999864,41.48079398370465,39.17050691244243,23.642888374071052
2018-03-26T16:30:00Z,60.93,61.11,60.83,60.93,199391,490410.7,61.99113830857951,61.17249999999996,62.61240103827106,59.732598961728854,62.17456499999973,60.48199999999987,41.3666403696889,49.00528267955491,36.300652364119294
2018-03-26T17:30:00Z,60.94,61.22,60.78,61.18,265048,479251.1,61.951570586209776,61.090999999999966,62.32001423914132,59.86198576085861,62.085064999999744,60.76999999999987,45.41119654618732,61.850008427506474,50.008599339834404
2018-03-26T18:30:00Z,61.2,61.43,61.06,61.43,455136,473609.1,61.92612811858979,61.03349999999996,62.07119504191427,59.99580495808565,62.02331249999973,60.98399999999987,49.18599850523614,71.10924671900283,60.654845942021204
2018-03-26T19:30:00Z,61.43,61.63,61.32,61.38,414569,459676.85,61.89948772256102,61.022499999999965,62.04041699072695,60.00458300927298,61.970312499999736,61.17199999999987,48.46418305759097,78.62407862407868,70.52777792352913
2018-03-27T13:30:00Z,61.66,62.02,61.26,61.88,255013,455274.55,61.898537101948286,61.040499999999966,62.10465177489417,59.97634822510576,61.92931249999974,61.359999999999864,55.49741027106866,86.16854250042026,78.63395594783371
2018-03-27T14:30:00Z,61.87,61.9,61.55,61.6,100942,435617.85,61.8839743164874,61.03299999999997,62.0790038240879,59.98699617591205,61.88981249999974,61.49399999999987,51.277124529440535,85.5423108698218,83.44497733144004
2018-03-27T15:30:00Z,61.6,62.01,61.6,61.71,104764,427548.35,61.87548776446362,61.03499999999997,62.086009038975924,59.98399096102401,61.85031249999973,61.599999999999866,52.795814024278144,87.33624454148467,86.34903263724203
2018-03-27T16:30:00Z,61.71,61.74,61.5,61.53,121757,408982.25,61.85863470278247,61.03699999999996,62.09161082869936,59.98238917130057,61.81131249999974,61.61999999999987,50.046800363067625,82.24163027656472,85.04006189595685
2018-03-27T17:30:00Z,61.54,61.59,61.17,61.27,215423,396038.1,61.829920814841856,61.02849999999997,62.07267000531802,59.98432999468193,61.76231249999974,61.597999999999864,46.2969389986506,77.43813682678312,82.33867054827729
2018-03-27T18:30:00Z,61.26,61.3588,60.4601,60.5,415664,379184.95,61.76504662875201,60.99049999999996,62.05335417626661,59.927645823733315,61.69831249999974,61.32199999999987,37.36732037563893,59.82532751091707,73.16836487142142
2018-03-27T19:30:00Z,60.5,60.64,60.08,60.35,518181,389132.3,61.69601996393484,60.94849999999997,62.04243372742886,59.85456627257108,61.631062499999736,61.07199999999987,35.91410206016566,38.26362940620366,58.509031247967734
2018-03-28T13:30:00Z,60.55,61.3,60.36,61.15,450638,385253.7,61.6693848437429,60.96249999999996,62.059220110149546,59.86577988985038,61.58606249999974,60.959999999999866,47.615221896929754,34.23220636564175,44.107054427587286
2018-03-28T14:30:00Z,61.17,61.26,60.59,60.61,244787,379370.4,61.61770753429202,60.96049999999997,62.05963556943849,59.861364430561444,61.53131249999974,60.77599999999986,42.03598686196078,32.13058419243986,34.875473321428224
2018-03-28T15:30:00Z,60.63,61.56,60.45,61.28,312162,363306.65,61.601233996033876,60.973999999999975,62.081833922573466,59.866166077426485,61.492812499999744,60.777999999999864,49.88261347029122,48.10996563573878,38.15758539793993
2018-03-28T16:30:00Z,61.27,61.71,61.06,61.18,248573,358559.25,61.580685996227345,60.98599999999997,62.09729474038399,59.87470525961595,61.44731249999974,60.91399999999986,48.820342668189326,48.625429553264574,42.955326460480876
2018-03-28T17:30:00Z,61.2,61.47,60.9101,60.93,192437,333197.45,61.548945215923574,61.01949999999997,62.0804896323725,59.95851036762745,61.40131249999973,61.02999999999986,46.17306531351679,54.12371134020615,50.28636884306963
2018-03-28T18:30:00Z,60.91,61.19,60.67,60.93,295800,296228.85,61.518752766366326,61.07899999999997,61.965406227417155,60.19259377258279,61.35656249999973,60.985999999999855,46.17306531351679,48.10996563573878,50.28636884306963
2018-03-28T19:30:00Z,60.93,61.11,60.83,60.87,403471,292463.8,61.48710628995821,61.10449999999997,61.934234294820236,60.27476570517971,61.305062499999735,61.037999999999855,45.48653131439908,42.7835051546391,48.339060710194474
2018-03-29T13:30:00Z,60.95,61.29,60.705,60.72,183845,285752,61.44968647093586,61.11849999999997,61.91155170071243,60.32544829928751,61.24549999999973,60.92599999999985,43.73573949573974,39.232234745294896,43.375235178557396
2018-03-29T14:30:00Z,60.735,61.04,60.52,60.535,269473,283353.7,61.405067618695085,61.09824999999997,61.9283179189106,60.26818208108934,61.184874999999735,60.796999999999855,41.608581485747266,32.48580025995755,38.16718005329698
2018-03-29T15:30:00Z,60.52,60.7,60.41,60.48,259256,286346.95,61.35994236900264,61.07574999999997,61.946251435957855,60.20524856404209,61.12412499999973,60.706999999999844,40.970595414264444,26.944045612501753,32.887360205917865
2018-03-29T16:30:00Z,60.47,60.695,60.42,60.63,243422,285265.65,61.32433542417324,61.048249999999975,61.93836951444826,60.15813048555169,61.06962499999973,60.64699999999984,43.51437500488531,27.137948788063657,28.85593155350745
2018-03-29T17:30:00Z,60.63,60.9,60.49,60.78,277119,276364.8,61.29778247665259,61.01574999999997,61.8951433988851,60.13635660111484,61.02462499999973,60.62899999999985,46.019517981817934,33.59450070219534,29.22549836758672
2018-03-29T18:30:00Z,60.79,61.155,60.72,61.1,406586,275965.65,61.28813455096222,61.00174999999997,61.866291930736814,60.13720806926313,61.01212499999973,60.70499999999985,51.01107348623492,46.42126789366066,35.717905794639684
2018-03-29T19:30:00Z,61.09,61.15,60.82,61.04,456471,286038.55,61.27603042652504,60.959749999999964,61.725520690224656,60.19397930977527,61.00012499999973,60.805999999999855,50.07606554158652,51.96394758766951,43.99323872784163
2018-04-02T13:30:00Z,60.4,60.83,60.21,60.35,272914,294637.15,61.23085821059699,60.897249999999964,61.64768637305701,60.146813626942915,60.96512499999973,60.77999999999986,40.81165888743221,40.76013027342273,46.381781918250766
2018-04-02T14:30:00Z,60.33,60.36,59.9499,60.06,231272,300962.55,61.17374317593372,60.81474999999996,61.5523235556609,60.077176444339024,60.92487499999972,60.66599999999986,37.65824431750693,21.986343368537604,38.23680707654308
2018-04-02T15:30:00Z,60.0838,60.0875,59.53,59.67,265023,308125.85,61.10038985027842,60.72174999999995,61.53979202215774,59.90370797784216,60.87937499999973,60.44399999999986,33.86823185121925,7.336892694622127,23.36112211219395
2018-04-02T16:30:00Z,59.7,59.92,59.68,59.81,205805,307644.95,61.037444003923376,60.648749999999964,61.51709253034566,59.78040746965427,60.83862499999973,60.185999999999865,36.34486743621153,9.036778147084915,12.786671403414681
2018-04-02T17:30:00Z,59.81,59.92,59.29,59.49,231397,298431.6,60.96195893056126,60.59824999999995,61.602208539987245,59.594291460012656,60.79437499999974,59.87599999999986,33.27721874978016,10.285002679781917,8.886224507162787
2018-04-02T18:30:00Z,59.48,59.83,59.42,59.64,334786,289261.85,60.89747312907047,60.56274999999996,61.64636190008769,59.47913809991223,60.75562499999974,59.73399999999985,36.00394596721545,13.977663230240646,11.099814685702293
2018-04-02T19:30:00Z,59.64,59.77,59.405,59.62,378995,285679.7,60.83515736667679,60.48624999999996,61.608564015777254,59.36393598422267,60.72437499999974,59.64599999999986,35.79390690221068,14.666666666666709,12.976444192229557
2018-04-03T13:30:00Z,60.06,60.07,59.29,59.51,429150,294897.85,60.77051554391207,60.43124999999996,61.62918102890388,59.23331897109605,60.69587499999974,59.61399999999985,34.5983966062532,15.265415549597826,14.636581815501527
2018-04-03T14:30:00Z,59.52,60.18,59.41,59.81,307833,294681.4,60.72366112713587,60.35774999999997,61.51815714837829,59.19734285162164,60.665874999999744,59.61399999999985,40.44098113442915,18.726094727435203,16.21939231456638
2018-04-03T15:30:00Z,59.8,59.86,59.45,59.52,247905,294648,60.664945950202416,60.27474999999997,61.425460541363925,59.12403945863601,60.630374999999745,59.619999999999855,37.000018356623535,17.336907953530027,17.109472743520822
2018-04-03T16:30:00Z,59.515,59.78,59.46,59.61,233794,296715.85,60.61348517214376,60.208749999999974,61.35296097268284,59.06453902731711,60.61412499999974,59.61399999999985,38.74202623077026,19.124218051832106,18.39574024426558
2018-04-03T17:30:00Z,59.62,59.66,59.42,59.49,270185,295435.1,60.55868101740504,60.13674999999997,61.27154634737136,59.00195365262858,60.60787499999974,59.58799999999985,37.26255756736649,13.404825737265528,16.62198391420902
2018-04-03T18:30:00Z,59.49,59.99,59.35,59.87,497766,300149.85,60.525086821434066,60.086749999999974,61.1750802577825,58.99841974221745,60.595624999999735,59.659999999999854,44.49142929808688,19.68827774414562,17.405773844414217
2018-04-03T19:30:00Z,59.865,59.88,59.55,59.59,727990,327357.1,60.4794728301446,60.03024999999997,61.09835334238258,58.96214665761735,60.57437499999973,59.61599999999985,40.76423429140973,20.462391923085633,17.85183180149873
2018-04-04T13:30:00Z,59.05,59.83,58.91,59.56,604497,344108.3,60.434620496966815,59.98149999999997,61.04197677957226,58.92102322042768,60.53987499999973,59.62399999999985,40.37397328881325,31.830300462113758,23.993656709781472
2018-04-04T14:30:00Z,59.57,60.09,59.57,59.94,1050559,383673.45,60.41049266784648,59.95449999999996,60.99003802441675,58.91896197558317,60.51512499999973,59.68999999999985,47.26132282970842,48.470155964046974,33.587616116415255
2018-04-04T15:30:00Z,59.93,60.02,59.62,59.73,399057,391455.2,60.37729790356129,59.90949999999996,60.90099331818959,58.918006681810326,60.47887499999972,59.73799999999985,44.221357005925654,63.49895918182642,47.93313853599552
2018-04-04T16:30:00Z,59.74,59.83,59.61,59.72,367264,395962.45,60.34523459119245,59.85649999999996,60.76614333670603,58.94685666329389,60.43612499999972,59.707999999999856,44.075968497662195,69.8162729658792,60.595129370584
2018-04-04T17:30:00Z,59.71,59.86,59.58,59.695,598113,405538.8,60.31351583064648,59.78624999999996,60.49594623784696,59.07655376215296,60.39399999999972,59.72899999999985,43.689247925282935,63.38582677165355,65.56701963978618
2018-04-04T18:30:00Z,59.695,60,59.66,59.89,996964,432563.45,60.29285652183446,59.72874999999997,60.1509096262222,59.30659037377774,60.34424999999972,59.794999999999845,47.55454232614832,67.58530183727044,66.92913385826752
2018-04-04T19:30:00Z,59.895,59.93,59.72,59.74,919492,464892.35,60.265887911013266,59.69824999999996,60.01023197066143,59.38626802933849,60.29774999999972,59.754999999999846,44.995922610105275,68.1102362204726,66.36045494313198
2018-04-05T13:30:00Z,60.13,60.4475,59.5,60.1,1167606,511709.05,60.25779581779311,59.70024999999996,60.02184718595438,59.378652814045545,60.25749999999972,59.82899999999985,51.71109299263528,73.30601967437018,69.66718591070419
2018-04-05T14:30:00Z,60.09,60.2,60.03,60.14,486345,522775.15,60.25204968033979,59.723749999999974,60.09752633687557,59.34997366312438,60.222749999999714,59.912999999999855,52.40636256550208,74.25090156413397,71.88905248632538
2018-04-05T15:30:00Z,60.13,60.24,60.06,60.1,566679,540818.85,60.24463262276224,59.73824999999997,60.14530374339246,59.331196256607484,60.19349999999971,59.99399999999984,51.606174266989065,78.26558265582678,75.27416796477677
2018-04-05T16:30:00Z,60.1,60.23,60.06,60.15,597677,559132.85,60.24001639726164,59.77124999999997,60.19894001626574,59.343559983734195,60.18474999999971,60.04599999999984,52.58084227468487,79.34959349593511,77.28869257196509
2018-04-05T17:30:00Z,60.15,60.16,60.06,60.1,542906,569538.85,60.23318632910254,59.79424999999996,60.24031361655384,59.348186383446084,60.178499999999715,60.117999999999846,51.464596041222286,78.4823848238484,78.6991869918699
2018-04-05T18:30:00Z,60.11,60.19,60.06,60.1,557526,578465.4,60.226689434999976,59.81824999999996,60.27573524567739,59.36076475432254,60.15224999999972,60.117999999999846,51.46459604122227,78.4823848238484,78.77145438121043
2018-04-05T19:30:00Z,60.1,60.12,59.78,59.81,866465,600331.15,60.20636312109754,59.83324999999998,60.268454262393725,59.39804573760623,60.132249999999715,60.051999999999836,45.03375222508928,71.11111111111136,76.02529358626919
2018-04-06T13:30:00Z,59.5,60.3,59.35,60.09,466619,608270.45,60.2006868712879,59.847249999999974,60.29635438653918,59.39814561346077,60.102499999999715,60.04999999999984,51.354220781722084,67.78697581964458,72.46015725153457
2018-04-06T14:30:00Z,60.09,60.15,59.84,59.94,554213,623585.85,60.18797043854215,59.86824999999997,60.29278827861779,59.443711721382144,60.07149999999971,60.007999999999846,48.15936094091163,59.9070318721412,66.26837293429884
2018-04-06T15:30:00Z,59.96,60.15,59.83,59.83,428601,633326.2,60.17050846593034,59.87924999999998,60.287542480957136,59.47095751904282,60.04399999999971,59.95399999999984,45.9040185528245,54.973424449506446,60.889144047097204
2018-04-06T16:30:00Z,59.83,60.02,59.78,59.87,168148,628224.35,60.15584951637276,59.898249999999976,60.26563637700046,59.53086362299949,60.0174999999997,59.907999999999845,46.8782367524686,48.29157175398612,54.39067602521106
2018-04-06T17:30:00Z,59.87,59.9,59.42,59.44,252684,615970.25,60.12093002776921,59.87674999999997,60.29503548864416,59.458464511355785,59.98174999999971,59.83399999999985,38.79076578082867,33.105542900531255,45.45684636800774
2018-04-06T18:30:00Z,59.44,59.73,59.37,59.62,512630,605202.25,60.096494416658516,59.87824999999998,60.292608238732605,59.463891761267355,59.9542499999997,59.73999999999984,43.20768797410974,26.72741078208018,36.041508478865644
2018-04-06T19:30:00Z,59.61,59.84,59.58,59.64,499371,599945.95,60.07422639633371,59.882249999999964,60.285641559173904,59.47885844082602,59.93187499999969,59.679999999999836,43.6938719495185,19.741837509491035,26.524930397367285
2018-04-09T13:30:00Z,59.77,60.15,59.75,60,419308,568383.4,60.07060559651255,59.885249999999964,60.291199196345076,59.47930080365485,59.91987499999969,59.71399999999984,51.707797328954165,39.81536985972897,28.76153938376653
2018-04-09T14:30:00Z,60.01,60.185,59.94,60.15,452837,571072.4,60.07447849424364,59.906249999999964,60.321254518062645,59.491245481937284,59.90787499999969,59.76999999999985,54.606832980242785,59.68508971745998,39.74743236222646
2018-04-09T15:30:00Z,60.13,60.4099,60.02,60.235,623380,583878.2,60.08230881159761,59.93199999999996,60.361248179979974,59.502751820019945,59.894249999999694,59.928999999999846,56.211015448826124,78.71000739891052,59.403488992032955
2018-04-09T16:30:00Z,60.2325,60.36,60.14,60.2,571104,582527.75,60.08804984517822,59.957249999999966,60.387174121228924,59.52732587877101,59.8717499999997,60.044999999999845,55.34372321686667,82.63507149797319,73.6767228714477
2018-04-09T17:30:00Z,60.2,60.35,60.05,60.07,470867,556222.9,60.08716936492562,59.96624999999996,60.39769959151363,59.53480040848629,59.8474999999997,60.13099999999984,52.12662985597709,77.20854168632259,79.51787352773523
2018-04-09T18:30:00Z,60.07,60.14,59.89,59.97,595771,540036.85,60.081453786148764,59.97774999999996,60.396539625013,59.55896037498692,59.8379999999997,60.124999999999844,49.73182032070825,68.87442211529385,76.239345099863
2018-04-09T19:30:00Z,59.97,60,59.69,59.73,397757,501544.4,60.06430969901955,59.95924999999996,60.3873887041811,59.531111295818825,59.82974999999969,60.04099999999984,44.45331015771909,54.0931534421484,66.72537241458808
2018-04-10T13:30:00Z,60.38,61.2,60.2,60.53,2006734,577563.85,60.08702629906738,59.978749999999955,60.46905475218818,59.48844524781173,59.85124999999969,60.09999999999984,59.778316913109244,52.578833862561304,58.51546980666765
2018-04-10T14:30:00Z,60.53,61.38,60.3,61.1,4831734,790816.6,60.136439650332385,60.02874999999997,60.72077510793754,59.33672489206239,59.883499999999685,60.27999999999984,66.80545868093675,61.77002293090019,56.14733674520309
2018-04-10T15:30:00Z,61.1,61.29,60.95,61.13,1787512,850308.35,60.18490600885276,60.077749999999966,60.91971481518762,59.235785184812315,59.92449999999968,60.491999999999834,67.1309479959464,79.00660631269876,64.45182103538656
2018-04-10T16:30:00Z,61.13,64.56,61.07,62.86,5846864,1115506.25,60.31539839866482,60.21574999999997,61.69250751225778,58.738992487742166,60.004999999999676,61.06999999999984,79.57108026983356,80.29218071492245,73.68960331950693
2018-04-10T17:30:00Z,62.85,63.66,62.661,63.54,1817644,1178512.15,60.47269603775434,60.38774999999997,62.45412962388687,58.321370376113066,60.10299999999968,61.83199999999984,82.39202583011016,78.38457040424079,79.22778581062046
2018-04-10T18:30:00Z,63.53,64.09,63.255,63.6,1449834,1207680.6,60.62524745054681,60.57724999999996,63.05176707410129,58.10273292589862,60.20524999999968,62.445999999999835,82.62007278498403,76.10480457475369,78.26051856463877
2018-04-10T19:30:00Z,63.59,63.59,62.88,63.13,1142214,1241460.35,60.74743050173965,60.72924999999996,63.428628215444014,58.0298717845559,60.28824999999968,62.85199999999984,74.48240650025159,77.23542089450723,77.24159862450037
2018-04-11T13:30:00Z,62.72,63.61,62.71,63.24,1346195,1281059.45,60.86901925775235,60.894249999999964,63.77763910832612,58.01086089167381,60.38124999999968,63.273999999999845,75.10054202924195,74.75157302722181,76.03059949882739
2018-04-11T14:30:00Z,63.25,63.43,62.89,63.4,782500,1298754.4,60.99248173298394,61.072749999999964,64.10848957216568,58.03701042783424,60.47599999999967,63.381999999999834,76.01081463476874,73.23750855578368,75.07483415917072
2018-04-11T15:30:00Z,63.41,63.505,63.33,63.4,452034,1312948.7,61.109921648448136,61.249249999999975,64.39329242178891,58.10520757821104,60.57374999999968,63.353999999999836,76.01081463476874,75.08555783709782,74.35821314003425
2018-04-11T16:30:00Z,63.41,63.48,63.33,63.35,194823,1310055.65,61.21919376315798,61.44474999999998,64.60070861031286,58.28879138968709,60.66074999999968,63.30399999999984,75.01687516313322,75.83846680355914,74.72051106548003
2018-04-11T17:30:00Z,63.35,63.36,63.03,63.045,380146,1303431.45,61.308257482028324,61.61599999999997,64.72871360712963,58.503286392870315,60.74712499999968,63.28699999999984,69.08259920138336,73.40862422997942,74.77754962354527
2018-04-11T18:30:00Z,63.04,63.16,62.92,63.01,640453,1310485.55,61.391269312173286,61.784499999999966,64.81487109938884,58.75412890061109,60.83337499999967,63.240999999999836,68.41378532101923,70.73921971252564,73.32877024868787
2018-04-11T19:30:00Z,63.02,63.13,62.83,62.92,446199,1311830.1,61.46584154084776,61.930499999999974,64.88327310337374,58.97772689662621,60.90787499999967,63.14499999999985,66.62750622705371,66.48299204390604,70.21027866213684
2018-04-12T13:30:00Z,63.09,63.48,62.96,63.36,444938,1311435.15,61.558239514464944,62.09099999999997,64.98763356329474,59.19436643670522,60.99862499999966,63.136999999999844,70.66070983995834,67.46293053866653,68.22838076503255
2018-04-12T14:30:00Z,63.37,63.43,62.99,63.02,283391,1294435.7,61.62954490400324,62.23024999999997,65.02248651398135,59.43801348601859,61.081124999999666,63.07099999999984,64.20368622967035,63.85234241267232,65.93275499841478
2018-04-12T15:30:00Z,63.03,63.06,62.93,62.995,208904,1276325.7,61.69615246966162,62.36999999999997,65.0178387413149,59.722161258685034,61.16362499999967,63.060999999999844,63.74244420909304,61.443099753436194,64.2527909015915
2018-04-12T16:30:00Z,62.99,63.09,62.97,63,230442,1264304.45,61.759754788214714,62.516499999999965,64.95506125615309,60.07793874384685,61.24137499999968,63.058999999999834,63.79846001992782,45.40706549329167,56.900835886466545
2018-04-12T17:30:00Z,63,63.05,62.93,63.02,268793,1247955.55,61.82123016439936,62.66899999999996,64.81546826205602,60.52253173794391,61.32337499999968,63.07899999999984,64.03779330964997,33.7814147914035,46.87719334604359
2018-04-12T18:30:00Z,63.02,63.04,62.9933,63.04,243022,1240218.8,61.88068235150183,62.834499999999956,64.50714730293497,61.16185269706495,61.39687499999968,63.01499999999984,64.29202284086558,27.61777263922266,35.60208430797242
2018-04-12T19:30:00Z,63.03,63.15,63,63.02,391544,1159459.3,61.936258822160276,62.95899999999996,64.25533560469891,61.66266439530101,61.468874999999684,63.01499999999984,63.806256284943636,31.19162640901779,30.86360461321446
2018-04-13T13:30:00Z,63.13,63.2,62.49,62.55,295422,932643.7,61.96619741620124,63.03149999999995,64.03237012145249,62.030629878547416,61.53012499999968,62.92599999999984,53.563991503242086,25.674147053457276,28.161182033899053
2018-04-13T14:30:00Z,62.55,62.63,62.21,62.5,279816,857258.9,61.992236566630446,63.09999999999995,63.662432218154144,62.53756778184576,61.588874999999675,62.82599999999984,52.59672036434222,20.91653229584253,25.927435252772344
2018-04-13T15:30:00Z,62.5,62.54,62.29,62.49,248750,577353.2,62.01651770972165,63.08149999999996,63.6962039938132,62.466796006186726,61.648624999999676,62.71999999999984,52.392939807837266,16.784132179190397,21.124937176163215
2018-04-13T16:30:00Z,62.5,62.52,62.17,62.275,140491,493495.55,62.02912660193035,63.01824999999995,63.688997903472846,62.34750209652706,61.70299999999967,62.56699999999985,48.07983336506196,17.485444554627637,18.395369676553333
2018-04-13T17:30:00Z,62.275,62.29,61.97,62.01,226732,432340.45,62.02819359695814,62.93874999999995,63.68724766199547,62.19025233800443,61.757999999999676,62.36499999999985,43.34358630774643,10.903839297525705,15.05780534378106
2018-04-13T18:30:00Z,62,62.11,61.81,61.86,302121,390335.8,62.01998903125286,62.87524999999995,63.75248699763153,61.998013002368374,61.802249999999674,62.22699999999985,40.8883086633309,4.552761924712169,10.980681925621653
2018-04-13T19:30:00Z,61.85,62.1,61.785,61.95,464160,346234.05,62.01657493216736,62.81074999999996,63.75812149524725,61.863378504752674,61.852499999999665,62.11699999999985,42.9755506433855,5.125843957633616,6.8608150599569795
2018-04-16T13:30:00Z,62.35,62.78,61.81,62.52,440139,329116,62.04113225254944,62.76674999999996,63.681754234968864,61.851745765031055,61.91974999999967,62.12299999999984,54.04342251634336,19.136458771404815,9.605021551250013
2018-04-16T14:30:00Z,62.51,62.56,62.35,62.52,161373,314582.95,62.0644916548641,62.72274999999996,63.59536947606429,61.85013052393563,61.98599999999967,62.17199999999984,54.04342251634336,35.452942411897816,19.90508171364523
2018-04-16T15:30:00Z,62.52,62.65,62.44,62.49,164981,313090.85,62.08524815950487,62.679749999999956,63.508130800121826,61.851369199878086,62.062249999999665,62.267999999999844,53.410651376876295,48.81587850537576,34.46842656289261
2018-04-16T16:30:00Z,62.5,62.82,62.48,62.8,189599,303563.5,62.12011410294366,62.66749999999995,63.48102627493862,61.85397372506127,62.14174999999966,62.45599999999985,58.78126161645905,57.83274440518259,47.36718844081853
2018-04-16T17:30:00Z,62.798,63.035,62.798,62.89,243047,283693.2,62.15766951255616,62.661499999999954,63.466559625130124,61.856440374869784,62.22299999999966,62.64399999999985,60.21516553444698,66.54888103651346,57.73250131569042
2018-04-16T18:30:00Z,62.89,62.95,62.69,62.77,147999,268783.2,62.187539292431474,62.653999999999954,63.452051376801464,61.855948623198444,62.29224999999967,62.693999999999846,57.35042422059345,73.14487632508826,65.84216725559459
2018-04-16T19:30:00Z,62.77,62.9,62.73,62.74,202192,256645.9,62.21448859523969,62.62299999999995,63.35432345786127,61.891676542138626,62.356999999999665,62.73799999999985,56.625131296136864,71.73144876325092,70.47506870828403
2018-04-17T13:30:00Z,63,63.14,62.57,62.83,214816,253217.15,62.24451354181337,62.61349999999995,63.32870696306373,61.898293036936174,62.42187499999967,62.80599999999985,58.32779630642083,71.40808157198182,72.09480222010681
2018-04-17T14:30:00Z,62.84,63.55,62.78,63.55,324983,259021.1,62.30819580806637,62.64124999999994,63.450409285937845,61.83209071406204,62.50562499999967,62.95599999999985,68.85936695517077,81.5376457651502,74.8923920334608
2018-04-17T15:30:00Z,63.55,63.63,63.4,63.575,217045,258351.25,62.36999113450216,62.669999999999945,63.564466321345336,61.775533678654554,62.59324999999967,63.09299999999985,69.1508957331853,91.38024713580465,81.44199149097871
2018-04-17T16:30:00Z,63.575,63.58,63.32,63.45,200796,254951.4,62.42267449379474,62.69149999999995,63.63775630778233,61.745243692217564,62.680249999999674,63.22899999999985,65.832348296243,95.75429087624208,89.55739459239878
2018-04-17T17:30:00Z,63.45,63.45,63.14,63.15,146316,250116.1,62.45815378678036,62.696999999999946,63.652528126231324,61.74147187376857,62.76574999999967,63.31099999999985,58.567852970244374,87.08220415537484,91.40558072247366
2018-04-17T18:30:00Z,63.16,63.21,63.025,63.11,205464,240812.1,62.48995116303497,62.70149999999995,63.663893370724615,61.73910662927529,62.83024999999967,63.36699999999985,57.65432590178419,78.6811201445347,87.17253839205034
2018-04-17T19:30:00Z,63.11,63.26,62.96,63.01,340984,243090.2,62.51531939898449,62.72449999999994,63.69327706414789,61.75572293585199,62.877999999999666,63.25899999999986,55.33076795996734,70.57784130954845,78.7803885364858
2018-04-18T13:30:00Z,63.08,63.08,62.59,62.98,256321,241915.45,62.53798674537549,62.74849999999994,63.717623831106806,61.77937616889308,62.92424999999967,63.13999999999985,54.61959372926073,62.322844697082225,70.52726871705492
2018-04-18T14:30:00Z,62.97,63.36,62.74,63.09,759059,267430.9,62.564914221210834,62.77849999999995,63.750899609221904,61.806100390778,62.929999999999666,63.067999999999856,56.811555569521516,56.59155489118709,63.16408029927238
2018-04-18T15:30:00Z,63.08,63.1,62.865,62.95,139086,267360.65,62.58369889334689,62.81224999999995,63.75892034917958,61.865579650820315,62.91524999999966,63.02799999999985,53.28394210720005,48.236721318962395,55.71704030241037
2018-04-18T16:30:00Z,62.95,63.24,62.87,63.24,150000,263524.05,62.615713581476314,62.87374999999995,63.76196661210342,61.98553338789648,62.90624999999967,63.05399999999986,58.967576394765885,52.89965370889964,52.57597663968284
2018-04-18T17:30:00Z,63.24,63.25,62.91,63,160211,256428.55,62.63445926042869,62.93074999999995,63.68810246088966,62.17339753911023,62.902999999999665,63.051999999999865,53.19908765588814,48.214383374350604,49.78358613407068
2018-04-18T18:30:00Z,63,63.03,62.92,62.9401,128788,239659.95,62.649368564798024,62.98025499999996,63.58969994576012,62.3708100542398,62.895502499999665,63.044019999999854,51.836132318726705,46.22955974842761,49.114532277225756
2018-04-18T19:30:00Z,62.95,62.99,62.85,62.89,241469,229726.45,62.661106683588365,62.998754999999946,63.572615960438974,62.42489403956092,62.88275249999966,63.004019999999855,50.66690908089296,35.22327044025149,43.22240452100971
2018-04-19T13:30:00Z,62.79,63.45,62.65,63.34,313231,237319.35,62.694223430730396,63.03975499999996,63.587514766604876,62.49199523339504,62.881252499999675,63.08201999999985,59.50278281073469,45.73971940009673,42.39751652959175
2018-04-19T14:30:00Z,63.34,63.43,63.12,63.22,220746,240107.6,62.71987106825574,63.07625499999995,63.56693137187788,62.585578628122015,62.878002499999674,63.07801999999985,56.5919373333365,54.29366231253008,45.0855507176259
2018-04-19T15:30:00Z,63.21,63.27,62.92,62.937,205908,240923.05,62.73046272346278,63.083104999999954,63.56184359037485,62.60436640962506,62.87530249999967,63.06541999999986,50.33781838821646,55.91427091427064,51.982550875632285
2018-04-19T16:30:00Z,62.93,63.29,62.91,63.22,346202,246080.8,62.75434259061094,63.099604999999954,63.573305092791344,62.625904907208565,62.88055249999968,63.12139999999986,55.61967640942455,56.29441402697171,55.50078241792394
2018-04-19T17:30:00Z,63.22,63.51,63.2,63.33,267000,252030.85,62.78242343984943,63.127604999999946,63.586019940765304,62.66919005923459,62.89080249999968,63.20939999999986,57.51126073667427,62.91370053756267,58.37412849293481
2018-04-19T18:30:00Z,63.34,63.4,63.19,63.4,300004,256921.45,62.81254912571043,63.160604999999954,63.59716030911184,62.724049690888066,62.89180249999968,63.22139999999986,58.71711634173786,80.57802494101763,66.5953798351838
2018-04-19T19:30:00Z,63.395,63.61,63.22,63.26,477860,270073.65,62.834375997627,63.18210499999994,63.593015547346056,62.77119445265383,62.89780249999967,63.22939999999985,55.33465128985297,78.05484512645621,73.84885686834531
2018-04-20T13:30:00Z,63.27,63.5,63.13,63.46,255477,266598.35,62.864894241645196,63.17760499999995,63.57401672777801,62.78119327222189,62.90942749999967,63.333999999999854,58.97085118475852,79.36825092355775,79.33370699701034
2018-04-20T14:30:00Z,63.45,63.52,63.02,63.09,366667,274079.45,62.87587501034543,63.15335499999994,63.50654103868441,62.80016896131547,62.911677499999676,63.30799999999986,50.74099229481535,65.29820261437916,74.24043288813084
2018-04-20T15:30:00Z,63.08,63.3256,62.9761,63.3,171423,272610.8,62.89656403423102,63.14585499999995,63.47934664595275,62.81236335404714,62.91867749999968,63.30199999999985,54.6126099059653,65.97222222222233,70.21289192005288
2018-04-20T16:30:00Z,63.3,63.41,63.04,63.36,203417,275465.85,62.91917066670756,63.15635499999994,63.50268411792451,62.81002588207537,62.926677499999684,63.293999999999855,55.68432851320402,62.50000000000006,64.59014161220033
2018-04-20T17:30:00Z,63.36,63.57,63.21,63.35,187160,274550.65,62.940186731746216,63.16835499999994,63.5239359020753,62.81277409792458,62.934927499999695,63.311999999999856,55.44932451363575,71.52777777777776,66.66666666666652
2018-04-20T18:30:00Z,63.34,63.42,63.15,63.28,259099,270456.4,62.956762988734205,63.18185499999994,63.53283425568409,62.8308757443158,62.95317749999968,63.275999999999854,53.73962563524377,70.83333333333344,68.28703703703688
2018-04-20T19:30:00Z,63.27,63.37,62.93,63.1,757362,295508.45,62.963750160015465,63.187854999999935,63.52878519508798,62.84692480491189,62.9681774999997,63.27799999999985,49.51203172816421,61.80555555555574,68.05555555555544
2018-04-23T13:30:00Z,63.15,63.36,62.49,62.61,306334,272872.2,62.94649405464886,63.163854999999934,63.586699602570114,62.741010397429754,62.97117749999969,63.13999999999985,40.23323190688344,41.071428571428605,57.90343915343906
2018-04-23T14:30:00Z,62.62,62.79,62.35,62.69,178284,274832.1,62.933982149544036,63.150854999999936,63.61332929974132,62.68838070025855,62.98155249999968,63.005999999999844,42.1397458455434,28.191137566137446,43.689373897707064
2018-04-23T15:30:00Z,62.72,62.79,62.46,62.51,113870,273025.6,62.91330009346872,63.11435499999995,63.65203812035686,62.57667187964303,62.99405249999968,62.83799999999985,39.116280687359755,16.79894179894151,28.687169312168987
2018-04-23T16:30:00Z,62.51,62.59,62.36,62.405,106873,270358.7,62.88850496695805,63.08460499999994,63.70394689097611,62.465263109023766,63.00767749999968,62.662999999999855,37.42924005336004,14.682539682539456,19.890873015872597
2018-04-23T17:30:00Z,62.39,62.61,62.31,62.34,150134,271426,62.861748627106444,63.05459999999994,63.752234689517,62.35696531048287,63.01742749999969,62.510999999999854,36.383131375274125,6.457061457061346,12.646180979513895
2018-04-23T18:30:00Z,62.34,62.4,62.15,62.33,257694,272237.25,62.83580966968662,63.02659999999994,63.790241643718424,62.26295835628145,63.01267749999969,62.454999999999856,36.215432250818715,6.3338462653530785,9.157815801651084
2018-04-23T19:30:00Z,62.33,62.49,62.19,62.29,470612,280106.3,62.80918480775068,62.97409999999993,63.78711633441467,62.16108366558519,63.00692749999969,62.37499999999985,35.510365018030186,8.16520478685246,6.985370836422086
2018-04-24T13:30:00Z,62.82,62.98,62.39,62.735,398204,288979.2,62.80556603664089,62.949849999999934,63.761011950552025,62.13868804944784,63.013052499999695,62.41999999999986,47.70757143363404,21.12836838381885,11.875806478674585
2018-04-24T14:30:00Z,62.74,62.82,62.35,62.48,340997,295733.65,62.789684766560846,62.92699999999994,63.76366839310224,62.09033160689764,63.00505249999969,62.43499999999985,42.72126040529461,24.76525821596235,18.01961046221101
2018-04-24T15:30:00Z,62.5,62.7,62.33,62.63,188057,287826.4,62.781895265753,62.89749999999994,63.7323682530914,62.06263174690847,62.9985524999997,62.49299999999986,46.278214466685405,32.74647887323942,26.213368491006662
2018-04-24T16:30:00Z,62.63,62.76,62.42,62.54,189238,283938.3,62.77009549669188,62.85799999999993,63.68196237779402,62.034037622205844,62.992802499999684,62.534999999999854,44.49291293761294,28.169014084507022,28.560250391236053
2018-04-24T17:30:00Z,62.56,62.61,62.22,62.27,213724,279624.3,62.74570059441423,62.80149999999994,63.624021124358016,61.978978875641864,62.98105249999969,62.53099999999985,39.562082533101865,23.572141510480346,28.162544822742053
2018-04-24T18:30:00Z,62.27,62.47,62.1,62.45,259671,268714.85,62.731276175174514,62.760999999999946,63.56886508775369,61.9531349122462,62.9715524999997,62.473999999999855,44.01642190062633,21.49088758271426,24.410681059233667
2018-04-24T19:30:00Z,62.47,62.69,62.22,62.6,479005,279891.25,62.724872459312344,62.71799999999994,63.46144737541911,61.97455262458077,62.947802499999696,62.497999999999855,47.489566400840616,25.56347123276272,23.5421667753189
2018-04-25T13:30:00Z,62.48,63.59,62.32,63.27,873532,305234.5,62.75146404666296,62.726999999999954,63.4922803407964,61.96171965920351,62.9401774999997,62.62599999999985,59.55825996859958,48.58836157784531,31.88090679777389
2018-04-25T14:30:00Z,63.25,64,63.24,63.8,840746,338700.65,62.80261214194769,62.75199999999994,63.61672770281637,61.88727229718351,62.9489274999997,62.87799999999985,66.18002401055008,69.22657127531721,47.792801361974874
2018-04-25T15:30:00Z,63.8,63.96,63.45,63.9,565642,356811.9,62.85614325697463,62.778999999999954,63.74568816068529,61.81231183931462,62.967677499999695,63.20399999999985,67.26898459458612,87.57800541622498,68.46431275646229
2018-04-25T16:30:00Z,63.895,64.32,63.835,64.015,488040,371855.9,62.912672854195385,62.812249999999935,63.894097840512146,61.730402159487724,62.9903024999997,63.51699999999985,68.52414415043046,90.15726252568352,82.32061307240836
2018-04-25T17:30:00Z,64.01,64.1001,63.77,64.02,349251,376363.5,62.966688812527316,62.84924999999995,64.03790165208945,61.66059834791045,63.01555249999971,63.80099999999984,68.58055917184052,89.16152995100367,88.96559929763718
2018-04-25T18:30:00Z,64.02,64.02,63.74,63.835,430801,360035.45,63.009045455818665,62.885999999999946,64.14665697158811,61.62534302841178,63.036927499999706,63.91399999999985,64.00919340585979,83.63363363363379,87.65080870344013
2018-04-25T19:30:00Z,63.83,64.01,63.73,63.93,791367,384287.1,63.05397006772995,62.951999999999956,64.28413512828521,61.61986487171469,63.0579274999997,63.93999999999985,65.28872801885464,82.3573573573575,85.05084031399811
2018-04-26T13:30:00Z,63.87,64.375,63.75,63.95,519047,401325.25,63.09767884491385,63.014999999999944,64.40933855286893,61.620661447130956,63.0829274999997,63.94999999999984,65.56627438590996,80.63475563475579,82.20858220858214
2018-04-26T14:30:00Z,63.96,64.09,63.8,63.97,321729,411718.2,63.14023109638147,63.08799999999995,64.5212703862192,61.65472961378071,63.1011774999997,63.940999999999846,65.86024914910627,81.98297198297202,81.65836165836156
2018-04-26T15:30:00Z,63.97,63.98,63.7,63.8925,375265,425137.8,63.17692714046042,63.16237499999994,64.60052787348616,61.72422212651372,63.1234899999997,63.91549999999984,63.59454958707647,80.7692307692307,81.12898612898596
2018-04-26T16:30:00Z,63.88,63.88,63.52,63.55,261276,430694.9,63.19512581653552,63.222874999999945,64.61873788277862,61.82701211722127,63.13873749999969,63.85849999999984,54.647270522889315,74.90842490842475,79.22020922020896
2018-04-26T17:30:00Z,63.55,63.68,63.44,63.57,290022,432311.3,63.21341236207037,63.28487499999994,64.62566252512049,61.944087474879396,63.1557374999997,63.78649999999984,55.045013992083966,69.04761904761892,74.90842490842458
2018-04-26T18:30:00Z,63.58,64.08,63.57,64.08,492837,433422.55,63.255684929774254,63.374374999999944,64.6759738965556,62.07277610344428,63.1742374999997,63.812499999999844,63.770454756796916,71.55418440801259,71.83674278801854
2018-04-26T19:30:00Z,64.075,64.3,64.0301,64.09,721455,449585.1,63.29638322588283,63.44212499999994,64.74460846919249,62.139641530807395,63.1959874999997,63.836499999999845,63.9183351454203,79.01922544969607,73.20700963510897
2018-04-27T13:30:00Z,64.35,65.5,64.115,65.04,1625998,513835.15,63.38143770266903,63.57012499999994,64.96884984339063,62.171400156609245,63.24856249999971,64.06599999999983,74.54728060802233,84.0294364776063,78.2009487784381
2018-04-27T14:30:00Z,65.05,65.68,64.96,65.39,1450916,576978.1,63.47941635131932,63.70812499999995,65.24626582174245,62.16998417825745,63.302812499999696,64.43399999999984,77.21083267082467,84.27699199633348,82.44188464121173
2018-04-27T15:30:00Z,65.38,65.42,64.81,64.88,1321245,633578.45,63.5477375049135,63.82512499999994,65.34593931723849,62.30431068276139,63.341562499999704,64.69599999999984,66.32005928448831,76.99510113780009,81.76717653724641
2018-04-27T16:30:00Z,64.87,64.87,63.99,64.4,1017589,673771.7,63.58931128516162,63.931624999999954,65.29174289471162,62.57150710528829,63.3665624999997,64.75999999999983,58.02446715407889,64.73214285714268,75.3347453304252
2018-04-27T17:30:00Z,64.4,64.76,64.27,64.61,695841,695580.2,63.63910097856837,64.03962499999996,65.24638126682086,62.832868733179055,63.4003124999997,64.86399999999983,60.36057339468158,53.12499999999984,64.95074799831399
2018-04-27T18:30:00Z,64.61,64.62,64.43,64.48,843721,713816,63.68012044302845,64.13362499999995,65.15597459163125,63.111275408368655,63.4258124999997,64.75199999999984,58.201155386301835,47.17261904761904,55.0099206349203
2018-04-27T19:30:00Z,64.485,64.83,64.46,64.51,1154330,727855.9,63.72060237263682,64.19562499999995,65.14903188455345,63.24221811544645,63.46131249999969,64.57599999999982,58.56950991915393,48.80952380952379,49.70238095238067
2018-04-30T13:30:00Z,62.79,62.99,60.715,61.52,6993923,1035514.75,63.613255915435026,64.08162499999995,65.58411982112783,62.57913017887206,63.41681249999969,63.90399999999984,30.099229778127338,36.803307677552404,44.26181684489819
2018-04-30T14:30:00Z,61.515,61.66,60.55,60.68,2984152,1156440.25,63.47017026102356,63.92062499999995,66.03283230221099,61.80841769778891,63.349812499999686,63.15999999999983,26.240184951563762,22.1718215548382,35.928217680637914
2018-04-30T15:30:00Z,60.69,60.75,59.72,59.9875,2763163,1270196.4,63.30028390682729,63.719249999999946,66.4379491834362,61.00055081656369,63.265749999999684,62.23549999999983,23.558558231169314,7.745287518404777,22.24013891693158
2018-04-30T16:30:00Z,60.01,60.15,59.52,59.83,1902856,1347876.65,63.13100176503084,63.509749999999954,66.70708126998277,60.31241873001714,63.17949999999969,61.30549999999984,22.983265831330726,4.0182785421510685,11.3117958717978
2018-04-30T17:30:00Z,59.82,60.1,59.29,60.01,2586841,1455678.65,62.97875777649275,63.31849999999995,66.85475699009778,59.78224300990212,63.102249999999685,60.40549999999983,25.230463356278122,6.9294427332757,6.231002931276966
2018-04-30T18:30:00Z,60.03,60.41,59.99,60.385,2369327,1534576.65,62.85223300690774,63.14124999999994,66.886345626285,59.39615437371487,63.046624999999686,60.178499999999836,29.82440722950612,11.145407800337276,7.364376358587799
2018-04-30T19:30:00Z,60.38,61.03,60.38,60.51,2753509,1646299.75,62.73797773827809,62.969249999999946,66.86299951043567,59.07550048956423,62.99212499999969,60.144499999999844,31.338790740227267,15.832029212310815,11.302293248641048
2018-05-01T13:30:00Z,60.77,61.19,59.91,60.04,1840582,1722242.4,62.606369068118184,62.77274999999995,66.8375547001075,58.707945299892394,62.9303749999997,60.15499999999984,28.82040426104531,15.988523735002525,14.321986915883322
2018-05-01T14:30:00Z,60.04,60.07,59.46,59.76,1210306,1763994.45,62.467521796502666,62.56612499999996,66.79890495973234,58.33334504026757,62.86424999999971,60.14099999999985,27.407371014625866,12.83221047024086,14.884254472517851
2018-05-01T15:30:00Z,59.77,59.805,58.72,58.85,1463018,1824081.55,62.29105731862449,62.33112499999995,66.83266264701746,57.82958735298244,62.7769999999997,59.90899999999984,23.393088607661483,7.1727069268486465,11.997813710697129
2018-05-01T16:30:00Z,58.85,59.11,58.31,58.415,1245055,1871833.2,62.10198135186232,62.07337499999994,66.84394579263262,57.30280420736727,62.6791249999997,59.51499999999984,21.752912419769885,3.79715367550691,7.934023690865256
2018-05-01T17:30:00Z,58.415,59.15,58.17,58.955,1323205,1913351.6,61.94847006640562,61.81712499999994,66.67873308658223,56.955516913417654,62.595749999999704,59.20399999999984,28.45868811850589,5.1703457909502415,5.380068797768383
2018-05-01T18:30:00Z,58.95,59.42,58.94,59.02,1787902,1966673.95,61.80561786804437,61.56362499999993,66.45338712995334,56.67386287004653,62.5028749999997,58.999999999999844,29.244726826507843,8.71999299913403,5.895830821863512
2018-05-01T19:30:00Z,59.02,59.56,58.87,59.48,2071955,1988971.8,61.692173093993425,61.28562499999994,65.98157002603268,56.58967997396719,62.4278749999997,58.943999999999846,34.71175354156064,17.2426575953546,10.377665461812741
2018-05-02T13:30:00Z,59.81,60.2,58.17,58.53,2485088,2040680.4,61.537920747944966,60.94262499999994,65.38456361816162,56.50068638183826,62.3253749999997,58.879999999999846,29.621395246059734,16.752124081898465,14.238258225462149
2018-05-02T14:30:00Z,58.49,58.96,58.24,58.35,1190024,2034119.35,61.382412418776916,60.61612499999993,64.80517813734755,56.42707186265231,62.220624999999686,58.86699999999985,28.760785760011714,14.48462479453162,16.159802157261343
2018-05-02T15:30:00Z,58.34,58.65,57.92,58.28,923911,2029435.45,61.23107522761707,60.31012499999993,64.23460919381768,56.38564080618219,62.12087499999969,58.73199999999984,28.415038234385264,9.094875153002347,13.44387467647726
2018-05-02T16:30:00Z,58.27,58.47,57.82,57.91,1301040,2059695.4,61.06907155797721,59.975124999999935,63.497483753381076,56.45276624661879,62.00737499999968,58.50999999999984,26.59513263311915,6.546687452663062,10.042062466732125
2018-05-02T17:30:00Z,57.95,57.97,56.63,56.79,1513713,2093195,60.860336360027105,59.59062499999993,62.7188632721782,56.46238672782167,61.862124999999686,57.971999999999845,22.001520744317503,5.729523129050475,7.123695244905078
2018-05-02T18:30:00Z,56.8,56.8466,55.55,56.7499,3377074,2204332.2,60.65982726929408,59.20261999999993,61.643434780851294,56.76180521914857,61.69912249999968,57.615979999999844,21.855963731823635,9.151405923420091,7.142538835044327
2018-05-02T19:30:00Z,56.745,57.23,56.22,57.04,2529213,1981096.7,60.48325032932851,58.97861999999992,61.348895898376426,56.608344101623416,61.530122499999685,57.353979999999844,25.686303814192243,17.067344780390627,10.649424610953515
2018-05-03T13:30:00Z,56.64,57.08,55.75,55.76,1716024,1917690.3,60.252847874239315,58.732619999999926,61.353518318214874,56.11172168178498,61.32662249999969,56.84997999999983,20.833881334029385,17.403130481201824,14.540627061670632
2018-05-03T14:30:00Z,55.77,55.85,55.09,55.28,2007353,1879899.8,60.01026992915447,58.49724499999993,61.44964650418578,55.54484349581408,61.1082474999997,56.323979999999835,19.357109347368052,11.550922785726847,15.340466015772883
2018-05-03T15:30:00Z,55.28,56.09,55.26,55.51,1300198,1849766.9,59.790744566756686,58.28124499999992,61.43711730443912,55.12537269556072,60.89549749999969,56.06797999999983,22.2027419753921,5.484502241020041,11.479518502649354
2018-05-03T16:30:00Z,55.514,56.05,55.51,55.91,1005749,1770712.3,59.60143995374416,58.07624499999993,61.2884516872973,54.86403831270256,60.6973724999997,55.89999999999983,27.025554576870576,9.328114807566719,8.787846611437653
2018-05-03T17:30:00Z,55.91,56.19,55.67,55.71,752546,1689873.25,59.41161361453713,57.842494999999914,61.02894580017317,54.65604419982666,60.4918724999997,55.63399999999983,26.152572749739264,12.133072407044864,8.981896485210324
2018-05-03T18:30:00Z,55.72,55.96,55.58,55.96,787332,1591564.4,59.24324221870605,57.61499499999992,60.653429564364394,54.57656043563545,60.2921224999997,55.67399999999983,29.229909584828377,15.068493150684807,12.176560121765247
2018-05-03T19:30:00Z,55.96,56,55.68,55.92,1306253,1564847.95,59.081132842183806,57.408994999999926,60.317742558988165,54.50024744101169,60.09087249999969,55.801999999999836,29.021525489607455,15.133724722765727,14.111763426831581
2018-05-04T13:30:00Z,55.87,56.9,55.83,56.85,1391665,1573915.9,58.9722970937846,57.26349499999992,59.971479775053574,54.55551022494627,59.91480999999969,56.06999999999984,39.772326525131156,26.248712645654265,18.816976839701383
2018-05-04T14:30:00Z,56.85,57.03,56.66,56.8011,841407,1542835.35,58.86638504042925,57.16104999999993,59.774584739394214,54.54751526060565,59.74608749999969,56.24821999999983,39.434108473001466,36.59510145514142,25.99251294118692
2018-05-04T15:30:00Z,56.79,57.01,56.77,56.96,639953,1512580.25,58.77339064821319,57.088299999999926,59.638397975376975,54.538202024622876,59.5808374999997,56.49821999999983,41.184390805051606,49.622695568088545,37.48883655629452
2018-05-04T16:30:00Z,56.97,57.26,56.93,57.25,346204,1463730.2,58.69907890927596,57.00304999999993,59.40767991622801,54.59842008377185,59.41008749999969,56.756219999999836,44.345497010294345,59.46335017618501,48.56038239980477
2018-05-04T17:30:00Z,57.25,57.58,57.16,57.54,650843,1406877.25,58.64253847467713,56.929049999999926,59.16609864364185,54.692001356358,59.2463374999997,57.08021999999984,47.39055051656261,76.23967269472364,61.775239479665515
2018-05-04T18:30:00Z,57.54,57.74,57.34,57.395,658422,1336200.6,58.58168293932703,56.824799999999925,58.749083524852985,54.900516475146866,59.0552124999997,57.18921999999984,46.03432750074095,86.7915687908868,74.16486388726493
2018-05-04T19:30:00Z,57.39,57.4,57.16,57.26,806352,1252263.8,58.517210600823276,56.76129999999993,58.53417238232721,54.98842761767264,58.85196249999969,57.280999999999835,44.75026714286846,89.08716627516348,84.0394692535911
2018-05-07T13:30:00Z,57.32,58,56.91,56.98,859938,1235759.5,58.442224717856284,56.692799999999934,58.314243765296226,55.07135623470364,58.654462499999696,57.28499999999984,42.12568848237702,77.93879271218297,84.6058425927442
2018-05-07T14:30:00Z,56.95,57.145,56.66,56.74,757081,1227418,58.35918936576574,56.615799999999936,58.06561677601588,55.16598322398399,58.4629624999997,57.18299999999984,39.962215801025906,66.94994820040775,77.99196906258452
2018-05-07T15:30:00Z,56.73,56.75,56.34,56.416,568754,1190803.7,58.264399640606435,56.54109999999993,57.864973711507886,55.21722628849197,58.2581124999997,56.95819999999984,37.18570792672155,51.78286477235596,65.55720189498201
2018-05-07T16:30:00Z,56.42,56.5049,56.03,56.06,596463,1144941.2,58.156867950820754,56.504599999999925,57.839221221179415,55.169978778820436,58.047612499999694,56.69119999999983,34.36081208512209,36.744950484207465,51.8259211523235
2018-05-07T17:30:00Z,56.07,56.62,56.06,56.58,686879,1010431.45,58.07994756297584,56.49610499999992,57.826528901591466,55.16568109840838,57.849362499999685,56.55519999999983,41.367356648461914,32.51418898735435,40.347334747972376
2018-05-07T18:30:00Z,56.57,56.805,56.45,56.75,1016554,934798.5,58.01507207209897,56.481604999999924,57.79420354408026,55.169006455919586,57.73011249999969,56.50919999999983,43.491032942280356,35.759238149520286,35.00612587369382
2018-05-07T19:30:00Z,56.73,56.78,56.39,56.53,629470,880470.8,57.94262953199658,56.52010499999992,57.79026703608933,55.24994296391051,57.62636249999967,56.467199999999835,41.401160392488514,39.900356073629396,36.057927736834465
2018-05-08T13:30:00Z,56.7,56.94,56.12,56.13,574052,808805.75,57.85420857921626,56.56260499999992,57.71540632630255,55.40980367369729,57.52992499999967,56.40999999999983,37.840736899280394,27.8182987677604,34.492630996969815
2018-05-08T14:30:00Z,56.1379,56.4,55.98,56.16,479022,767746.95,57.771564258278886,56.59510499999992,57.66072622629352,55.52948377370632,57.43817499999968,56.429999999999836,38.26951714137237,15.415032579072559,27.711229140153904
2018-05-08T15:30:00Z,56.17,56.23,56,56.03,274206,731169.8,57.6866099042165,56.60110499999992,57.652484835228805,55.54972516477103,57.33867499999968,56.31999999999984,37.07600026203189,5.487426915280406,16.240252754037574
2018-05-08T16:30:00Z,56.01,56.15,55.745,55.82,495001,718292.55,57.595555762547406,56.60660499999991,57.640282869516554,55.572927130483265,57.224549999999695,56.13399999999983,35.1679772912732,4.9040269880647225,8.602162160805683
2018-05-08T17:30:00Z,55.82,55.9,55.7,55.84,433714,700611.65,57.50991889608168,56.6006049999999,57.65049212628191,55.55071787371789,57.10779999999969,55.99599999999983,35.50837718197219,3.9627154656081487,4.7847231229842135
2018-05-08T18:30:00Z,55.84,55.92,55.58,55.58,423106,656454.3,57.415776510906966,56.583604999999906,57.6866867095441,55.480523290455714,56.99629999999969,55.88599999999983,33.07699138030915,3.137632957357255,4.001458470343163
2018-05-08T19:30:00Z,55.585,55.625,55.43,55.58,682681,621005.1,57.326226437204184,56.5201049999999,57.69820159957668,55.342008400423126,56.89179999999969,55.76999999999983,33.07699138030915,3.9745107990751243,3.6916197406799633
2018-05-09T13:30:00Z,55.9,56.16,55.58,55.71,751817,616525.6,57.247386123194225,56.46554999999991,57.68680713509907,55.24429286490074,56.813299999999685,55.70599999999983,35.632792697934036,7.387702162577047,4.833281973002929
2018-05-09T14:30:00Z,55.7,55.86,55.57,55.81,585638,613809.85,57.17726972694085,56.40804999999991,57.63902400054842,55.177075999451404,56.748174999999684,55.70399999999984,37.606718355483146,15.776223133879542,9.046145365177026
2018-05-09T15:30:00Z,55.8,55.8285,55.65,55.76,444714,618735.35,57.10813461830959,56.33354999999991,57.531595821339344,55.135504178660476,56.66829999999969,55.68799999999983,36.99581375246499,21.11546605397127,14.759797116809075
2018-05-09T16:30:00Z,55.76,56.18,55.72,56.16,637272,618056.8,57.061884149123756,56.264549999999915,57.328123876148446,55.20097612385138,56.59679999999969,55.803999999999824,44.73089784865956,31.78807947019863,22.8932562193496
2018-05-09T17:30:00Z,56.155,56.29,55.87,56.2,647249,617498.15,57.01984101989821,56.20479999999992,57.13332519622427,55.27627480377557,56.514799999999696,55.92799999999984,45.45210219384028,40.397350993377465,31.100298839182244
2018-05-09T18:30:00Z,56.21,56.41,56.0379,56.39,648938,609627.45,56.98911706770805,56.16129999999991,56.96052489952825,55.36207510047157,56.46129999999969,56.06399999999984,48.865362422061395,54.30463576158945,42.163355408388306
2018-05-09T19:30:00Z,56.4,56.43,56.27,56.31,537458,593503.45,56.955989405868635,56.12779999999991,56.83818006730639,55.41741993269343,56.41029999999969,56.16399999999984,47.51713638027045,57.61589403973528,50.77262693156718
2018-05-10T13:30:00Z,56.17,57.05,56.17,56.3699,1210451,616171.95,56.92739967875309,56.10929499999992,56.77264619953474,55.445943800465095,56.362547499999685,56.28597999999984,48.659342627731895,59.95760771809352,57.29271250647253
2018-05-10T14:30:00Z,56.365,56.98,56.365,56.95,617527,618610.6,56.92850213344806,56.13599499999991,56.88414381001698,55.38784618998284,56.338547499999684,56.44397999999984,58.1568939568645,70.0412749025702,62.53825888679945
2018-05-10T15:30:00Z,56.95,57.09,56.89,56.97,410624,609318.65,56.93052641962133,56.18149499999991,57.01179823492509,55.35119176507474,56.34304749999969,56.597979999999836,58.4423328823299,81.53892111656508,70.51260124574272
2018-05-10T16:30:00Z,56.96,57.289,56.925,57.145,535045,601726.95,56.94098854549346,56.209744999999906,57.126324697533114,55.2931653024667,56.3529249999997,56.74897999999985,60.95235129131594,92.95071492579474,81.51030364830979
2018-05-10T17:30:00Z,57.15,57.17,56.95,56.99,373140,569556.25,56.94337934815232,56.221744999999906,57.1719696165675,55.27152038343231,56.351674999999695,56.884979999999835,57.63211756588479,89.64702273321357,88.04555292519092
2018-05-10T18:30:00Z,57,57.1,56.93,57.02,552323,565698.9,56.947116940925376,56.24624499999991,57.2507169020106,55.24177309798922,56.38317499999969,57.01499999999984,58.107765872606215,87.23327954097188,89.94367239999319
2018-05-10T19:30:00Z,57.01,57.16,56.53,56.83,1163807,595186.65,56.94140391941682,56.28124499999991,57.31541868073592,55.24707131926391,56.42192499999969,56.990999999999836,53.97484022980069,80.91478933202649,85.93169720207042
2018-05-11T13:30:00Z,57.05,57.34,56.675,56.68,356465,589058.8,56.92865250871356,56.30724499999991,57.35398863715779,55.26050136284203,56.451174999999694,56.93299999999984,50.897054344711165,73.84671616225835,80.66492834508536
2018-05-11T14:30:00Z,56.67,56.77,56.47,56.55,344554,592576.2,56.91018165462997,56.333244999999906,57.37697929661577,55.28951070338404,56.46717499999969,56.81399999999984,48.32513755437836,63.08824386532441,72.61658311986953
2018-05-11T15:30:00Z,56.56,56.57,56.24,56.26,378896,586770.95,56.87846547635534,56.3552449999999,57.373004383122435,55.33748561687736,56.480924999999694,56.667999999999836,43.09373939496721,49.7665452033116,62.233835076964574
2018-05-11T16:30:00Z,56.26,56.41,56.255,56.32,196999,574935.2,56.851223257996544,56.37924499999991,57.36953946223154,55.38895053776828,56.4899249999997,56.527999999999835,44.43400751677156,39.06667203370484,50.6404870341134
2018-05-11T17:30:00Z,56.3201,56.58,56.25,56.46,293404,568450.1,56.83213919663086,56.42324499999991,57.34329113032677,55.50319886967305,56.503424999999694,56.45399999999984,47.538791566029474,32.12081443180647,40.31801055627409
2018-05-11T18:30:00Z,56.46,56.5794,56.395,56.5,248673,546749.7,56.81593728460009,56.4692449999999,57.3041023063308,55.634387693669005,56.4946749999997,56.417999999999836,48.42548624820271,30.41141272240475,33.86629972930514
2018-05-11T19:30:00Z,56.505,56.66,56.38,56.39,539004,536109.05,56.79515985608301,56.503244999999914,57.26372385041384,55.74276614958599,56.4843974999997,56.38599999999984,46.117066075276774,26.475137357557898,29.669121503922828
2018-05-14T13:30:00Z,56.39,56.66,56.26,56.34,468175,530235.9,56.772956936274085,56.52974499999991,57.22597135825224,55.83351864174759,56.468897499999706,56.40199999999984,45.06547515489123,18.69981869981859,25.195456259926868
2018-05-14T14:30:00Z,56.35,56.449,56.15,56.17,400446,528022.5,56.7435444027973,56.550244999999904,57.17509055046059,55.92539944953922,56.4418974999997,56.37199999999983,41.59277966188856,9.858333387745189,18.344429815040346
2018-05-14T15:30:00Z,56.155,56.34,56.12,56.3,193849,505851.35,56.721908090465725,56.55724499999991,57.16741074955258,55.94707925044724,56.41089749999969,56.33999999999984,45.078135586713316,8.508559906824177,12.355570664795772
2018-05-14T16:30:00Z,56.29,56.64,56.25,56.58,340850,490531.4,56.71498574458935,56.576244999999915,57.163983889239375,55.988506110760454,56.390522499999705,56.35599999999984,51.75580646336979,18.046562887450033,12.137818727339587
2018-05-14T17:30:00Z,56.58,56.65,56.37,56.45,570805,486624.75,56.70205961070694,56.579244999999915,57.16375430011898,55.99473569988085,56.37027249999969,56.36799999999984,48.78975694458152,26.502732240437144,17.685951678236908
2018-05-14T18:30:00Z,56.44,56.51,56.35,56.43,665826,493043.15,56.68878841018465,56.585244999999915,57.160973548818504,56.00951645118133,56.356522499999684,56.38599999999984,48.33085999907565,30.05464480874321,24.867979978876587
2018-05-14T19:30:00Z,56.43,56.48,56.35,56.47,417290,453385.1,56.678115804809785,56.59024999999991,57.16011379953913,56.02038620046069,56.3497724999997,56.44599999999984,49.35680085214278,27.04918032786892,27.86885245901621
2018-05-15T13:30:00Z,56.06,56.92,56,56.9,709562,457986.85,56.68893942408736,56.587749999999915,57.151686831591775,56.023813168408054,56.3618724999997,56.56599999999984,58.82234967140635,50.64148253741967,35.91510255801039
2018-05-15T14:30:00Z,56.89,57.03,56.5,56.66,393160,457113.65,56.68752774486359,56.572249999999904,57.10972999965473,56.03477000034508,56.37687249999969,56.58199999999984,52.88140974188983,63.53076048319914,47.07380778282903
2018-05-15T15:30:00Z,56.67,56.695,56.37,56.58,198000,440261.4,56.682282489016586,56.543999999999905,57.01314390119463,56.07485609880518,56.37687249999969,56.607999999999834,51.03123684074808,72.73814549036125,62.30346283699314
2018-05-15T16:30:00Z,56.56,56.65,56.39,56.45,205690,431888.9,56.67095163589383,56.5169999999999,56.94027768666472,56.093722313335086,56.36937249999969,56.61199999999983,48.08698542803251,54.692556634304026,63.65382086928793
2018-05-15T17:30:00Z,56.46,56.525,56.29,56.38,171017,412823.6,56.6567588731673,56.4849999999999,56.8430782037901,56.1269217962097,56.3656224999997,56.59399999999984,46.53025435104794,45.631067961165066,57.687256695276574
2018-05-15T18:30:00Z,56.39,56.52,56.38,56.445,158346,362550.55,56.64642917203719,56.4657499999999,56.78707965942824,56.144420340571564,56.3734974999997,56.50299999999984,48.20696231310733,41.26213592233019,47.195253505932875
2018-05-15T19:30:00Z,56.44,56.54,56.33,56.36,421148,365784.7,56.632457017303665,56.4497499999999,56.758432280065705,56.1410677199341,56.378497499999696,56.442999999999834,46.16812848466393,38.34951456310678,41.7475728155338
2018-05-16T13:30:00Z,56.88,56.9,56.26,56.44,378430,367478.5,56.62306887011812,56.44424999999991,56.74949211705268,56.13900788294714,56.3887474999997,56.414999999999836,48.38090813702188,40.29126213592215,39.96763754045283
2018-05-16T14:30:00Z,56.43,56.53,56.3,56.4,257431,361405.25,56.61218746181967,56.4512499999999,56.745492672003664,56.15700732799614,56.4032474999997,56.40499999999984,47.33324973375544,38.834951456310456,39.15857605177958
2018-05-16T15:30:00Z,56.4,56.69,56.36,56.645,128609,357985.75,56.61378807343822,56.4674999999999,56.76680753419676,56.168192465803045,56.42337249999971,56.457999999999835,53.91572479833144,48.05825242718435,42.394822006472104
2018-05-16T16:30:00Z,56.65,56.75,56.6,56.75,129947,349812.9,56.62043255766075,56.4819999999999,56.805564522206176,56.158435477793624,56.45262249999971,56.518999999999835,56.42909892816237,58.09061488673134,48.32793959007517
2018-05-16T17:30:00Z,56.75,56.86,56.66,56.78,210328,347895.65,56.628216335335836,56.4959999999999,56.84472051850966,56.147279481490145,56.48262249999971,56.60299999999984,57.14820024648456,70.38834951456312,58.84573894282605
2018-05-16T18:30:00Z,56.77,56.795,56.49,56.5201,270864,334488.65,56.622942367758476,56.50250499999989,56.84791157482676,56.157098425173025,56.5028749999997,56.61901999999983,49.522711765508284,66.346278317152,64.94174757281527
2018-05-16T19:30:00Z,56.525,56.57,56.43,56.55,352433,328701.55,56.61938420347757,56.51300499999989,56.85069462366727,56.17531537633251,56.52137499999969,56.64901999999984,50.34361097703148,59.87378640776681,65.5361380798271
2018-05-17T13:30:00Z,56.52,56.6906,56.42,56.49,225270,319942.75,56.61307277891769,56.52900499999989,56.828313606511614,56.22969639348817,56.539624999999695,56.61801999999983,48.63437544837189,44.587777917874945,56.9359475475977
2018-05-17T14:30:00Z,56.4801,56.62,56.4,56.55,262610,323380.8,56.60999605799488,56.5415049999999,56.821790821846804,56.261219178153,56.5493749999997,56.57801999999983,50.446212297453016,42.8602293741856,49.1072645666089
2018-05-17T15:30:00Z,56.54,56.65,56.47,56.635,148243,313750.45,56.611215762482935,56.54425499999989,56.82706550534148,56.261444494658306,56.5602499999997,56.54901999999983,52.976742831144115,44.592126623376636,44.01337797181217
2018-05-17T16:30:00Z,56.635,56.68,56.45,56.65,168255,293622.95,56.61310767650816,56.5542549999999,56.83717085662307,56.27133914337673,56.56674999999969,56.57499999999983,53.42871321782066,54.947916666666565,47.46675755474271
2018-05-17T17:30:00Z,56.655,56.68,56.48,56.53,238032,272233.25,56.60905364350776,56.55925499999991,56.836691807083646,56.28181819291617,56.5722499999997,56.570999999999835,49.3427427000249,53.90625000000011,51.14876443001422
2018-05-17T18:30:00Z,56.535,56.7699,56.52,56.64,276055,265171.5,56.610563221873235,56.5677549999999,56.84414755041936,56.29136244958044,56.579002499999696,56.60099999999983,52.898646654993556,54.166666666666906,54.34027777777764
2018-05-17T19:30:00Z,56.63,56.73,56.61,56.68,339191,246652.95,56.613950381781855,56.55675499999991,56.79413924952889,56.31937075047093,56.57225249999969,56.626999999999825,54.15878000779407,55.72916666666696,54.600694444444436
2018-05-18T13:30:00Z,56.75,57.5,56.51,57.38,837487,268869.3,56.65131865584128,56.59275499999991,57.02238488946573,56.1631251105341,56.58250249999969,56.775999999999826,69.52458885569212,71.6666666666669,60.52083333333337
2018-05-18T14:30:00Z,57.37,57.44,56.89,57.02,766823,297310.45,56.6693031116539,56.6147549999999,57.082858580339575,56.14665141966023,56.579377499999694,56.84999999999983,58.638513094012886,71.1732456140353,66.18969298245617
2018-05-18T15:30:00Z,57.03,57.125,56.95,57.04,423606,308206.25,56.687385886695175,56.64425499999991,57.14061956554102,56.147890434458795,56.58062749999969,56.95199999999983,59.02238977272409,68.69218500797462,70.51069909622538
2018-05-18T16:30:00Z,57.05,57.07,56.92,56.975,246724,311991.6,56.70141584344175,56.67400499999991,57.17475428050224,56.173255719497575,56.57950249999969,57.01899999999982,57.16545232534791,56.116427432217016,65.32728601807541
2018-05-18T17:30:00Z,56.97,57.01,56.85,56.94,290710,318609.8,56.713054094981175,56.69875499999991,57.20071276906375,56.19679723093608,56.5822524999997,57.07099999999982,56.14121253415936,53.18181818181815,59.3301435406697
2018-05-18T18:30:00Z,56.96,57.04,56.89,56.915,336787,314391.75,56.72290511473819,56.72650499999992,57.21156452409974,56.24144547590009,56.5881274999997,56.977999999999824,55.37797153544878,49.39393939393937,52.89739500265796
2018-05-18T19:30:00Z,56.915,57.06,56.85,56.93,657885,328364.5,56.733007304263154,56.75100499999991,57.2250796375029,56.27693036249691,56.59762749999969,56.95999999999982,55.76653928799384,48.03030303030295,50.20202020201993
2018-05-21T13:30:00Z,57.19,57.32,56.56,56.8997,281391,329562.5,56.74113865527471,56.77598999999991,57.22546847515221,56.326511524847604,56.613619999999685,56.93193999999983,54.72978171740065,46.80909090909099,48.07777777777755
2018-05-21T14:30:00Z,56.91,57.19,56.89,57.03,283205,337292.3,56.755229452578384,56.79523999999992,57.25352068868066,56.336959311319184,56.631369999999684,56.942939999999815,58.3184540774759,49.615728715728785,48.151707551707354
2018-05-21T15:30:00Z,57.03,57.23,56.83,57.1,203995,340994.7,56.772047528062366,56.81273999999992,57.28914590846326,56.33633409153658,56.6473699999997,56.97493999999982,60.146254092045005,54.190043290043356,50.20495430495416
2018-05-21T16:30:00Z,57.1,57.19,57.02,57.13,136203,337288.45,56.789508624254445,56.830239999999925,57.3258749358304,56.33460506416945,56.66311999999969,57.01793999999982,60.936859734454174,60.28944911297861,54.698407039583365
2018-05-21T17:30:00Z,57.13,57.22,57.1,57.17,154327,331461.6,56.80806917916886,56.862734999999915,57.35799280874218,56.36747719125765,56.68261999999969,57.06593999999982,62.018750538688494,64.09897292250251,59.526155108507936
2018-05-21T18:30:00Z,57.16,57.28,57.11,57.2,214759,324577.9,56.82718775579477,56.89523499999992,57.389445680902256,56.40102431909759,56.70411999999968,57.12599999999983,62.849793462121454,66.6963755199052,63.69493251846188
2018-05-21T19:30:00Z,57.195,57.21,57.05,57.21,362094,331419.1,56.84586152380478,56.93123499999994,57.40666377185758,56.45580622814229,56.730119999999694,57.16199999999983,63.13931510682605,69.02356902356922,66.60630582199208
2018-05-22T13:30:00Z,57.36,57.6,57.01,57.11,590373,347807.25,56.858746327521615,56.959234999999936,57.40669435805349,56.51177564194638,56.75036999999969,57.16399999999983,58.25049446630854,64.42955192955198,66.71649882434191
2018-05-22T14:30:00Z,57.105,57.35,56.95,57.28,372261,359008.15,56.879295287154704,56.99148499999993,57.43376545074673,56.54920454925313,56.7678699999997,57.193999999999825,63.43391355805613,64.27415177415169,65.90909090909075
2018-05-22T15:30:00Z,57.27,57.28,56.98,57.02,205392,360865,56.886158931683745,57.009984999999936,57.42360707038571,56.596362929614166,56.78211999999969,57.16399999999983,52.66449982771572,55.44871794871785,61.384140550806954
2018-05-22T16:30:00Z,57.015,57.22,56.91,57.149,337100,365818.4,56.898980447211365,57.04093499999995,57.39454427746078,56.687325722539114,56.80009499999969,57.15379999999983,56.60134114560687,56.6987179487179,58.807195890528924
2018-05-22T17:30:00Z,57.15,57.31,57.13,57.25,151211,359576.2,56.91610335222544,57.07143499999994,57.384341345591444,56.75852865440843,56.819594999999694,57.16179999999982,59.44527044794888,55.7371794871794,55.96153846153816
2018-05-22T18:30:00Z,57.24,57.39,57.16,57.31,197934,352513.35,56.93531782284859,57.102934999999945,57.376210979746396,56.829659020253494,56.82984499999969,57.201799999999835,61.077054720164725,65.03205128205117,59.155982905982604
2018-05-22T19:30:00Z,57.315,57.33,57.11,57.19,456705,333474.25,56.947741343685244,57.09343499999994,57.33936552089685,56.84750447910304,56.843094999999686,57.18379999999983,56.20604558900573,66.34615384615364,62.37179487179452
2018-05-23T13:30:00Z,56.94,57.28,56.83,56.95,521633,321214.75,56.947851522042065,57.08993499999993,57.34186554819134,56.83800445180852,56.85234499999969,57.169799999999825,47.9666569587053,49.425574425574446,60.267926517926206
2018-05-23T14:30:00Z,56.96,56.99,56.75,56.75,344705,317269.7,56.93820022828392,57.07543499999995,57.367394690893875,56.783475309106024,56.85984499999969,57.089999999999826,42.38994461957947,25.387112887112888,47.05294705294677
2018-05-23T15:30:00Z,56.76,56.79,56.5,56.5,245384,317202.7,56.91682460739202,57.05168499999994,57.43534091499358,56.6680290850063,56.86284499999969,56.93999999999983,36.653429940349675,5.1948051948053235,26.669164169164002
2018-05-23T16:30:00Z,56.51,56.62,56.51,56.54,117825,308558.45,56.89844291922656,57.031684999999946,57.473795236377164,56.58957476362273,56.86521999999968,56.78599999999983,38.096882279672634,1.212121212121138,10.598013098012895
2018-05-23T17:30:00Z,56.54,56.84,56.459,56.75,191940,301316.1,56.89120180121551,57.023434999999935,57.479872751628534,56.56699724837134,56.87496999999969,56.69799999999983,45.1617915491375,9.71343584840502,5.373454085110272
2018-05-23T18:30:00Z,56.73,56.75,56.62,56.75,253300,281086.85,56.88431390847329,57.014434999999935,57.484773964060174,56.544096035939695,56.882719999999686,56.65799999999983,45.1617915491375,18.214750484688903,9.7134358484048
2018-05-23T19:30:00Z,56.747,57.05,56.715,57.04,501314,292083,56.8919083519624,57.02144999999994,57.48891100373456,56.55398899626532,56.898719999999685,56.71599999999982,53.63639413758342,33.97604440549196,20.634743579528408
2018-05-24T13:30:00Z,57.16,57.37,56.86,57.1,588398,307342.65,56.9020591640618,57.02494999999993,57.49366120107513,56.55623879892474,56.910094999999686,56.83599999999983,55.17968891211933,48.4249624938769,33.5385857946857
2018-05-24T14:30:00Z,57.1,57.21,56.99,57.17,271716,310728.7,56.91512944874171,57.02844999999993,57.500384942566285,56.55651505743357,56.920594999999686,56.96199999999983,56.978910121278105,65.38014624642226,49.26038438193015
2018-05-24T15:30:00Z,57.16,57.2,57.06,57.0902,233111,315574.1,56.92366947563236,57.02645999999994,57.496998926772584,56.5559210732273,56.928349999999696,57.03003999999983,54.30269738648088,71.00608664518442,61.60373179516097
2018-05-24T16:30:00Z,57.11,57.21,57.07,57.17,135379,314626.7,56.935685598772245,57.02645999999994,57.496998926772584,56.5559210732273,56.94459749999968,57.11403999999983,56.5028460168727,73.51235230934485,69.96619506698362
2018-05-24T17:30:00Z,57.175,57.22,57.13,57.16,123687,310073.1,56.94662776468579,57.02445999999994,57.4923640944549,56.55655590554498,56.95984749999968,57.13803999999983,56.138091322849014,73.15431435732172,72.55758443728344
2018-05-24T18:30:00Z,57.16,57.2,56.86,57.13,388331,311384.95,56.95557275177429,57.02045999999994,57.48329146133968,56.557628538660204,56.97584749999969,57.14403999999983,54.991180769272326,75.1067334322948,73.92446669965356
2018-05-24T19:30:00Z,57.13,57.17,56.95,56.97,404186,302075.6,56.95627651998042,57.01345999999995,57.47489550102129,56.55202449897862,56.986347499999695,57.10403999999983,49.21604702442188,68.34763716567555,72.20289498509715
2018-05-25T13:30:00Z,57.1,57.215,56.76,56.86,295808,298252.95,56.95158010437162,56.99245999999995,57.44152569853766,56.54339430146224,56.99197249999969,57.057999999999836,45.6653533244651,57.921697768020486,67.12535612199673
2018-05-25T14:30:00Z,56.86,56.979,56.67,56.7032,184070,297186.85,56.93946400171935,56.976619999999954,57.44270900266249,56.51053099733742,56.993302499999686,56.964639999999825,41.11217187578101,42.30515916575182,56.19149803314906
2018-05-25T15:30:00Z,56.698,56.77,56.6,56.77,116115,286137.6,56.93119746505011,56.95766999999995,57.42500065425186,56.49033934574804,56.99930249999968,56.88663999999983,43.68815480831252,34.98719356019027,45.07135016465397
2018-05-25T16:30:00Z,56.7602,56.88,56.75,56.87,131822,285168.15,56.928212222852544,56.93866999999996,57.38744586878148,56.48989413121844,57.00505249999968,56.83463999999983,47.397777655227436,35.35309184046829,37.548481522136576
2018-05-25T17:30:00Z,56.85,56.87,56.675,56.73,110298,280786.35,56.91854333393291,56.90966999999996,57.33295149073407,56.48638850926586,57.006302499999684,56.78663999999983,43.11548813746548,32.04556146378293,34.128615621480286
2018-05-25T18:30:00Z,56.74,57,56.65,56.695,325599,274231.05,56.90763878105813,56.88491999999995,57.29749318187456,56.472346818125345,56.989177499999684,56.753639999999834,42.09163300048005,24.778679059688574,30.72577745464638
2018-05-25T19:30:00Z,56.7,56.71,56.58,56.58,522384,274268.6,56.89165640149432,56.86641999999996,57.29838734876304,56.43445265123688,56.978177499999674,56.728999999999836,38.82894686679352,9.740259740259491,22.188166754576784
2018-05-29T13:30:00Z,56.36,56.81,55.98,56.78,442840,279175.35,56.88620974776289,56.867919999999955,57.29846587490895,56.43737412509096,56.97167749999968,56.73099999999984,46.58373408818192,25.617930456640135,20.045623085529183
2018-05-29T14:30:00Z,56.79,57.15,56.72,56.89,317600,282786.15,56.886394638115924,56.88741999999996,57.28349225401019,56.491347745989735,56.96955249999968,56.73499999999983,50.31452370015823,45.96774193548396,27.108644044127644
2018-05-29T15:30:00Z,56.88,56.88,56.2,56.3,173403,285565.05,56.85779002162246,56.87541999999996,57.323939286540515,56.42690071345941,56.95355249999968,56.648999999999845,35.85103782607213,54.56989247311836,42.0518549550806
2018-05-29T16:30:00Z,56.3,56.73,56.3,56.59,193167,285626.4,56.84472709373844,56.86741999999996,57.330086651487406,56.404753348512514,56.94542749999969,56.62799999999984,44.32303552191148,49.462365591398,49.999999999999886
2018-05-29T17:30:00Z,56.58,56.65,56.48,56.58,141816,280052.2,56.83181357697071,56.85891999999997,57.33592732740288,56.38191267259706,56.93667749999969,56.62799999999984,44.10672002044143,41.19433198380571,48.40886334944047
2018-05-29T18:30:00Z,56.57,56.59,56.46,56.56,229096,266441.3,56.81855437809409,56.83491999999997,57.32127854099175,56.34856145900819,56.92818499999969,56.58399999999983,43.64790646156937,48.24670236385018,46.30113331301774
2018-05-29T19:30:00Z,56.56,56.785,56.545,56.61,599128,266977.8,56.80838099379682,56.810419999999965,57.29021990662461,56.33062009337532,56.917684999999686,56.527999999999835,45.18312582703644,48.85290148448038,46.09797861071187
2018-05-30T13:30:00Z,56.66,56.89,56.47,56.5598,320638,269423.9,56.796255091660385,56.77990999999996,57.24163181191976,56.31818818808016,56.90417999999969,56.57995999999984,43.89027885923481,49.17708801919341,48.758897289174435
2018-05-30T14:30:00Z,56.56,56.58,56.2,56.25,508533,283195,56.76960850182329,56.73789999999997,57.23088338308262,56.244916616917315,56.882179999999686,56.51195999999984,36.8774381896497,41.21487479382231,46.414954765831816
2018-05-30T15:30:00Z,56.25,56.56,56.25,56.405,326498,292750.95,56.75182272124655,56.69964999999996,57.170821694819054,56.22847830518087,56.863054999999676,56.47695999999985,41.88099431363722,36.31908831908859,42.23701704403455
2018-05-30T16:30:00Z,56.415,56.5301,56.23,56.37,259224,299527.8,56.73319722264915,56.660149999999966,57.10186389608498,56.218436103914954,56.84230499999968,56.43895999999985,41.088966547305645,30.911680911681042,36.148548008197096
2018-05-30T17:30:00Z,56.38,57.06,56.37,56.99,516108,305916.65,56.745724187397975,56.65314999999997,57.06850956230234,56.2377904376976,56.836804999999686,56.51495999999984,56.70761007914153,51.994301994302155,39.741690408357044
2018-05-30T18:30:00Z,56.99,57.02,56.54,56.55,406864,306050.55,56.73617666606149,56.63214999999997,57.0230576182365,56.241242381763435,56.82280499999969,56.51299999999984,47.15320666859026,56.125356125356156,46.3437796771129
2018-05-30T19:30:00Z,56.55,56.5799,56.3,56.33,1217947,352157.5,56.71636317015605,56.60564999999997,57.00298558360117,56.208314416398764,56.79905499999968,56.52899999999984,43.23115131144321,54.985754985755044,54.36847103513756
2018-05-31T13:30:00Z,56.23,56.26,55.46,55.61,709219,378414.95,56.66239423502649,56.55098999999997,57.13604152558876,55.96593847441118,56.76380499999967,56.369999999999834,33.43076316085691,29.169406092482948,46.76017240119782
2018-05-31T14:30:00Z,55.605,55.7111,55.23,55.44,500468,397632.6,56.60276524795203,56.48448999999996,57.23406519142451,55.734914808575404,56.721079999999674,56.183999999999834,31.60873653245956,16.75522646518859,33.636795847808635
2018-05-31T15:30:00Z,55.44,55.86,55.34,55.66,324553,407269.15,56.55677669927144,56.42398999999996,57.23235571401691,55.61562428598301,56.681329999999676,55.917999999999836,36.43679642808236,14.616139080199511,20.180257212623456
2018-05-31T16:30:00Z,55.66,55.94,55.61,55.7,268615,415185,56.51498271394112,56.37248999999997,57.22627569184243,55.51870430815751,56.64107999999968,55.74799999999984,37.30343450608901,20.21857923497269,17.19664826012004
2018-05-31T17:30:00Z,55.7,55.85,55.53,55.74,287009,413255.5,56.47717867911473,56.32473999999998,57.20737012501962,55.44210987498033,56.60482999999967,55.62999999999984,38.210690847476805,25.683060109289688,20.172592808153738
2018-05-31T18:30:00Z,55.735,55.74,55.54,55.685,254882,399880.4,56.43853581671889,56.27998999999996,57.19642199835006,55.363558001649864,56.57320499999967,55.64499999999985,37.40910333718597,26.138433515482873,24.013357619914856
2018-05-31T19:30:00Z,55.69,55.9,55.67,55.7,764278,415952.3,56.402509679317966,56.22598999999997,57.145478601123926,55.30650139887601,56.54695499999967,55.696999999999846,37.7923892225471,26.138433515482873,25.986642380084916
2018-06-01T13:30:00Z,56,56.82,55.9,56.53,761029,438123.75,56.40872871935124,56.20798999999996,57.08802741261294,55.32795258738698,56.54770499999968,55.870999999999846,54.42358093158148,40.52823315118409,30.935033394049714
2018-06-01T14:30:00Z,56.51,56.989,56.51,56.83,300208,444464,56.42927853791947,56.23448999999997,57.155002339730395,55.31397766026955,56.554954999999666,56.096999999999845,58.71946910606072,61.38433515482694,42.68366727383108
2018-06-01T15:30:00Z,56.8107,56.88,56.621,56.72,295202,449565.75,56.44346007265511,56.24098999999997,57.17321341077448,55.308766589225456,56.55420499999967,56.29299999999985,56.6123921934551,79.96357012750441,60.62537947783826
2018-06-01T16:30:00Z,56.725,56.87,56.69,56.845,162218,450585.85,56.46304738618412,56.25423999999997,57.21252925570294,55.295950744296995,56.55657999999968,56.52499999999984,58.437554022690655,85.70127504553714,75.68306010928927
2018-06-01T17:30:00Z,56.85,56.945,56.79,56.94,324977,455379.9,56.48631336734587,56.27323999999997,57.26934733236602,55.27713266763393,56.55407999999967,56.77299999999984,59.820910285721574,88.40095246817451,84.68859921373847
2018-06-01T18:30:00Z,56.93,57.05,56.75,56.835,356495,443248.25,56.50332247137778,56.28448999999997,57.30044126241179,55.26853873758815,56.54745499999967,56.83399999999985,57.541287977135276,90.65630185467155,88.25284312279418
2018-06-01T19:30:00Z,56.84,56.93,56.745,56.89,518197,453126.2,56.52218478984715,56.300999999999966,57.344664697112016,55.25733530288792,56.54045499999968,56.84599999999985,58.43479482125197,91.6421102175292,90.23312151345819
2018-06-04T13:30:00Z,56.8,57.0264,56.615,56.78,457201,450559.6,56.53476114156192,56.32749999999997,57.391358543225465,55.26364145677448,56.53269999999968,56.85799999999985,55.9010341600658,88.18681318681335,90.16174175300448
2018-06-04T14:30:00Z,56.77,57.225,56.74,57.225,180197,443244.55,56.56843132977841,56.36849999999997,57.50206561344962,55.234934386550314,56.53407499999969,56.93399999999984,62.90795013732741,92.1245421245422,90.6511551762947
2018-06-04T15:30:00Z,57.23,57.27,57.09,57.2499,149778,437772.25,56.60167370393556,56.412494999999964,57.6094083226328,55.215581677367126,56.536322499999685,56.99597999999985,63.25972510005843,94.66988758368059,91.66041429834515
2018-06-04T16:30:00Z,57.25,57.43,57.21,57.427,181812,421057.45,56.64193352325578,56.43434499999997,57.68727496048997,55.18141503950997,56.54374749999969,57.11437999999985,65.74786948465123,99.56231094978808,95.45224688600341
2018-06-04T17:30:00Z,57.43,57.4433,57.25,57.27,208066,411117.55,56.67257091236525,56.47034499999997,57.77481352238475,55.1658764776152,56.55124749999968,57.19037999999985,61.75512121583638,96.52723152633064,96.91981001993288
2018-06-04T18:30:00Z,57.27,57.395,56.98,57.02,245005,362470.45,56.68951867273768,56.504844999999975,57.82899072683447,55.18069927316548,56.55524749999968,57.23837999999985,55.9305449507699,88.95537251420262,95.01497166344022
2018-06-04T19:30:00Z,57.01,57.22,56.97,57.11,335179,343768.45,56.710029956994376,56.57984499999998,57.86201304900545,55.29767695099451,56.56541749999968,57.21537999999985,57.48514695761343,81.80914450654983,89.09724951569414
2018-06-05T13:30:00Z,56.91,57.59,56.88,57.51,265383,332014.2,56.74905288592148,56.68334499999999,57.913911636101446,55.45277836389853,56.58391749999968,57.26739999999985,63.62655731791944,82.37508812753799,84.37986838276326
2018-06-05T14:30:00Z,57.52,57.5639,57.02,57.16,314358,331504.45,56.769099086608236,56.758344999999984,57.9106415095362,55.60604849046377,56.59116749999968,57.21399999999985,56.00340489431246,75.63114991007559,79.93846084805425
2018-06-05T15:30:00Z,57.15,57.15,57,57.11,167991,326473.25,56.785728399456616,56.82884499999999,57.881755093924006,55.77593490607597,56.60066749999968,57.181999999999846,54.989808564291465,66.41975308641922,74.80866370801071
2018-06-05T16:30:00Z,57.1,57.26,57.07,57.24,154892,319867.4,56.80788798972703,56.90384499999999,57.8434261119241,55.96426388807588,56.61429249999968,57.22599999999985,57.160761321955704,56.92307692307653,66.32465997319022
2018-06-05T17:30:00Z,57.24,57.3,57.19,57.27,117621,313004.35,56.83043003900864,56.98309499999999,57.749507216685046,56.21668278331494,56.63154249999968,57.25799999999985,57.66818299002829,60.683760683760504,61.342196897751855
2018-06-05T18:30:00Z,57.28,57.31,57.15,57.16,143737,281977.3,56.84650662247163,57.05609499999999,57.54911042154821,56.56307957845178,56.64104249999967,57.18799999999985,55.091460408446835,62.39316239316211,59.99999999999948
2018-06-05T19:30:00Z,57.16,57.17,57.04,57.16,258056,256828.65,56.86179898235106,57.087594999999986,57.51875537142693,56.656434628573045,56.647792499999674,57.18799999999985,55.091460408446835,59.6581196581192,60.91168091168037
2018-06-06T13:30:00Z,57.34,57.45,56.94,57.13,364140,260025.25,56.87488195882174,57.10259499999999,57.51742974527682,56.68776025472315,56.66854249999968,57.19199999999985,54.32371226979339,52.55907491201561,58.203452321098744
2018-06-06T14:30:00Z,57.14,57.3,56.9,57.3,235847,257057.5,56.89561942424507,57.13159499999999,57.515316026118484,56.7478739738815,56.686292499999674,57.20399999999985,57.903770081733505,53.644906138691844,55.28736690294198
2018-06-06T15:30:00Z,57.29,57.53,57.27,57.43,312057,264549.45,56.92168676940385,57.16084499999998,57.541897943682734,56.77979205631723,56.70754249999967,57.23599999999984,60.456216167532425,60.834023750344706,55.679334933683826
2018-06-06T16:30:00Z,57.42,57.6,57.28,57.53,375329,267067.05,56.95136058553049,57.19034499999999,57.58936996899735,56.791320031002634,56.73179249999968,57.30999999999985,62.34746605208056,75.63249869587847,63.370476194971445
2018-06-06T17:30:00Z,57.53,57.6,57.47,57.4816,181551,258319.85,56.97722592282168,57.222674999999995,57.605757094963295,56.839592905036696,56.75358249999967,57.374319999999855,60.83102384956993,83.76604068857561,73.41085437826602
2018-06-06T18:30:00Z,57.48,57.565,57.38,57.56,274647,246142.35,57.005653926586476,57.256175,57.63417763422535,56.878172365774645,56.778587499999674,57.46031999999984,62.42528032108792,89.42592592592582,82.94148843679307
2018-06-06T19:30:00Z,57.56,57.63,57.45,57.63,346313,240597.95,57.03610983260665,57.29867499999999,57.64256668569029,56.95478331430969,56.813087499999675,57.52631999999985,63.840441006293354,92.66666666666659,88.61954442705577
2018-06-07T13:30:00Z,57.5,58.0801,57.5,57.9,545686,258872.4,57.07825081638193,57.332424999999986,57.762469173879204,56.90238082612077,56.85046249999967,57.62031999999984,68.73212876614541,93.06100864019675,91.71786707759615
2018-06-07T14:30:00Z,57.91,58.2,57.9,58.08,293441,266055.55,57.12711663021696,57.37392999999999,57.91101372939957,56.836846270600404,56.89321249999968,57.73031999999985,71.50016268772299,91.83593741512539,92.52120424066267
2018-06-07T15:30:00Z,58.08,58.18,57.87,58.07,411354,277532.65,57.17311094093809,57.40607999999999,58.02305961585839,56.78910038414159,56.920212499999685,57.84799999999984,71.12346049304534,88.502604081792,91.13318337903782
2018-06-07T16:30:00Z,58.06,58.11,57.88,57.88,245859,279422.3,57.20759333406306,57.43657999999999,58.08323239996757,56.789927600032414,56.95346249999968,57.91199999999984,64.20228458856954,85.38461538461519,88.57438562717728
2018-06-07T17:30:00Z,57.89,57.98,57.77,57.83,148664,274605.25,57.23795463484048,57.47707999999999,58.11570853552431,56.83845146447566,56.99096249999968,57.95199999999984,62.47921174937088,78.9743589743588,84.28719281358842
2018-06-07T18:30:00Z,57.81,57.85,57.66,57.75,160834,265888,57.262932457531186,57.50908,58.134937752513544,56.88322224748645,57.04446249999968,57.92199999999984,59.71761492658696,70.76923076923062,78.37606837606796
2018-06-07T19:30:00Z,57.75,57.84,57.68,57.82,311610,268199.35,57.29010648399308,57.52457999999999,58.164947868014075,56.88421213198591,57.10396249999968,57.86999999999985,61.32830035252796,69.23076923076903,72.99145299145258
2018-06-08T13:30:00Z,57.34,57.66,57.03,57.04,325799,268771.4,57.277906167700735,57.518579999999986,58.17455777888331,56.86260222111666,57.13846249999968,57.66399999999985,41.44312905108182,48.974358974358864,62.9914529914526
2018-06-08T14:30:00Z,57.03,57.52,56.98,57.2,315223,276133,57.27410586683728,57.52307999999998,58.168941414229764,56.877218585770194,57.175962499999684,57.52799999999985,45.35705469914892,33.190416141235865,50.46518144878768
2018-06-08T15:30:00Z,57.2,57.38,57.16,57.37,180459,277411.35,57.278783629430585,57.52957999999999,58.166469163342846,56.89269083665713,57.21671249999969,57.435999999999844,49.23924154922727,20.2564102564103,34.14039512400144
2018-06-08T16:30:00Z,57.38,57.44,57.34,57.4,152514,279156,57.2846966231169,57.536079999999984,58.16484119980966,56.90731880019031,57.25958749999968,57.365999999999836,49.915484617803614,28.142076502732266,27.196300966792574
2018-06-08T17:30:00Z,57.4,57.63,57.38,57.56,225063,283222.3,57.29812605613559,57.55607999999999,58.16070206905272,56.95145793094726,57.306087499999684,57.31399999999984,53.47540843868299,37.9781420765027,28.792209611881518
2018-06-08T18:30:00Z,57.56,57.87,57.535,57.87,272801,283959.55,57.326022346080194,57.591579999999986,58.1822238236256,57.000936176374374,57.33958749999969,57.47999999999985,59.4842108777424,51.639344262294976,39.253187613843075
2018-06-08T19:30:00Z,57.875,57.97,57.79,57.8,577079,294606.5,57.34914320724701,57.62507999999998,58.18225832548314,57.067901674516825,57.36383749999968,57.59999999999984,57.6728790525741,62.56830601092877,50.728597449908584
2018-06-11T13:30:00Z,57.6,58,57.41,57.85,504268,308027.55,57.37357524591789,57.65257999999998,58.19701097486126,57.1081490251387,57.39208749999968,57.69599999999984,58.64163923013078,70.49180327868827,61.56648451730376
2018-06-11T14:30:00Z,57.85,58.07,57.67,57.84,298295,307339.45,57.396327672946285,57.673079999999985,58.21330307094872,57.13285692905125,57.416962499999684,57.78399999999984,58.35397710227186,70.06375227686699,67.70795385549444
2018-06-11T15:30:00Z,57.83,58,57.77,57.895,245693,300857.65,57.420653152314756,57.69132999999998,58.235631420528534,57.147028579471424,57.44083749999968,57.85099999999984,59.52984577238469,74.65053113464565,71.73536223006673
2018-06-11T16:30:00Z,57.895,58.06,57.815,58.03,152735,299416.85,57.45037738878721,57.718749999999986,58.27318552373986,57.16431447626011,57.470712499999685,57.882999999999846,62.3405492418543,82.99013107448624,75.90147149533271
2018-06-11T17:30:00Z,58.03,58.03,57.885,57.9001,113513,291360.15,57.47231507713905,57.73575499999998,58.290533624216174,57.18097637578379,57.495964999999686,57.903019999999856,58.155226189693046,87.23885686449637,81.62650635787584
2018-06-11T18:30:00Z,57.905,58.135,57.88,58.1,330655,290577.25,57.50293385386397,57.75925499999998,58.333596694365475,57.18491330563449,57.52896499999967,57.953019999999846,62.34481562774365,92.57093874525079,87.59997556141089
2018-06-11T19:30:00Z,58.11,58.18,57.97,57.98,342990,280442.45,57.52620537318768,57.76325499999998,58.342554768590766,57.18395523140919,57.54783999999968,57.981019999999845,58.55476001905173,88.23862477990922,89.34947346321856
2018-06-12T13:30:00Z,57.91,58.23,57.82,58.09,215607,276550.75,57.55370755010535,57.76375499999998,58.34416365076972,57.18334634923024,57.56884249999969,58.02001999999984,60.90117623860668,89.70101010101023,90.17019120872317
2018-06-12T14:30:00Z,58.1,58.22,57.96,57.96,232181,267592.1,57.57352669400265,57.758254999999984,58.32895494032418,57.18755505967579,57.582167499999684,58.00601999999984,56.80786989195061,82.29989615784024,86.74651034625299
2018-06-12T15:30:00Z,57.97,58.2,57.9401,58.16,282779,269438.1,57.60213514795374,57.77225499999999,58.36742712794699,57.177082872052985,57.60441749999969,58.05799999999984,61.1357048501168,85.23372886695388,85.74487837526789
2018-06-12T16:30:00Z,58.1501,58.19,57.97,58.09,165695,270289.65,57.62593343341941,57.785254999999985,58.39605721175398,57.17445278824599,57.631167499999684,58.05599999999985,58.910788777551325,83.47686612185589,83.67016371554978
2018-06-12T17:30:00Z,58.0801,58.13,57.85,57.87,166966,270596.25,57.63783911959408,57.79125499999999,58.40291103232633,57.179598967673655,57.65016749999968,58.03399999999984,52.45015915701513,77.2539347336634,81.98817657415749
2018-06-12T18:30:00Z,57.88,58.0201,57.76,58,149882,262509.85,57.65550550400412,57.80025499999999,58.41859854680976,57.181911453190224,57.662417499999684,58.01599999999985,55.552120678688006,70.52606408417056,77.08562164656304
2018-06-12T19:30:00Z,58,58.13,57.94,58.1,269872,259713.5,57.67718816234538,57.85325499999999,58.37621257178241,57.33029742821757,57.68591749999969,58.04399999999985,57.83100320785661,70.73170731707344,72.83723537830222
2018-06-13T13:30:00Z,59,59.09,58.38,58.95,1387892,313346.95,57.73927654467,57.94075499999998,58.571691701964774,57.30981829803519,57.73191749999968,58.20199999999985,71.30044643780607,82.079468682011,74.4457466944181
2018-06-13T14:30:00Z,58.955,59,58.69,58.97,444965,326572.25,57.7993118351739,58.02075499999999,58.741308899361634,57.30020110063834,57.77516749999968,58.37799999999985,71.53086970402242,88.42154338095325,80.41090646001233
2018-06-13T15:30:00Z,58.98,59.06,58.91,59,439959,340944.5,57.857881989555665,58.10075499999998,58.880700332629495,57.32080966737046,57.81841749999967,58.60399999999985,71.89537589645786,91.45045712873707,87.31715639723353
2018-06-13T16:30:00Z,58.995,59.03,58.8,58.91,199478,339665.25,57.90920481933344,58.16825499999999,58.98224641388792,57.354263586112054,57.86216749999967,58.785999999999845,69.03953185616425,90.22556390977404,90.03252147315455
2018-06-13T17:30:00Z,58.92,59.01,58.67,58.76,535855,352817.95,57.95070702326839,58.21275499999998,59.05352978666351,57.37198021333645,57.90216749999968,58.91799999999985,64.4448526405505,84.96240601503719,88.87947568451587
2018-06-13T18:30:00Z,58.75,58.91,58.475,58.645,360932,342010.6,57.98457497335286,58.25500499999998,59.093489228763445,57.41652077123652,57.94004249999968,58.85699999999984,61.08820329567015,76.06516290726786,83.75104427735947
2018-06-13T19:30:00Z,58.65,58.76,58.6,58.69,668329,350213.65,58.01898595026248,58.29700499999999,59.134285193173476,57.45972480682651,57.97479249999967,58.80099999999984,61.92393928983094,70.55137844611504,77.1929824561398
2018-06-14T13:30:00Z,58.81,59.21,58.6001,59,439394,357268.6,58.066840294152115,58.355004999999984,59.21793709575607,57.4920729042439,58.014042499999675,58.80099999999984,67.15709077177678,73.9944689309479,73.53700342811003
2018-06-14T14:30:00Z,58.99,59.2,58.95,59.14,322921,361130,58.11918954809592,58.417254999999976,59.31729614455404,57.51721385544591,58.054292499999676,58.846999999999845,69.214890135935,83.5381557341628,76.02800103707501
2018-06-14T15:30:00Z,59.14,59.695,59.14,59.56,310233,369004.9,58.18947298477416,58.49375499999998,59.50263804668408,57.484871953315874,58.10625249999968,59.00699999999985,74.39751195198788,91.23763699545572,82.92342055352191
2018-06-14T16:30:00Z,59.565,59.567,59.3464,59.5415,185020,372580.25,58.25542552210225,58.57582499999999,59.64351958530212,57.50813041469785,58.15578999999967,59.18629999999985,73.80809862672659,93.42095102319637,89.3989145842714
2018-06-14T17:30:00Z,59.55,59.59,59.45,59.49,281941,370144.55,58.31564866736556,58.64532499999998,59.7600052355336,57.53064476446636,58.20228999999968,59.346299999999836,72.0957530947487,91.4987080103359,92.05243200966243
2018-06-14T18:30:00Z,59.49,59.54,59.36,59.4902,233861,364688.1,58.37294385432334,58.72083499999999,59.84952285281161,57.59214714718836,58.24204499999966,59.44433999999984,72.09846031136442,89.93445084917953,91.61803662757036
2018-06-14T19:30:00Z,59.49,59.61,59.475,59.53,587979,383306.7,58.429385617527075,58.79283499999998,59.935008064420735,57.65066193557923,58.27829499999967,59.52233999999985,72.66676532919473,88.39621352263202,89.94312412738225
2018-06-15T13:30:00Z,59.63,59.7,59.37,59.49,984330,420914.15,58.481122904476976,58.86933499999998,59.982724100490856,57.7559458995091,58.31379499999967,59.50833999999984,71.09936248559647,86.2133662235056,88.18134353177216
2018-06-15T14:30:00Z,59.48,59.64,59.41,59.58,203115,416930.95,58.534726665234196,58.94033499999998,60.04480274922974,57.83586725077023,58.35629499999967,59.51603999999984,72.53483290932141,86.83789865756171,87.14915946789955
2018-06-15T15:30:00Z,59.59,59.72,59.55,59.64,173180,417305.2,58.5886424376618,59.01783499999998,60.08980342728245,57.945866572717506,58.40154499999968,59.54603999999985,73.4805153609999,88.87850722618349,87.30992403575003
2018-06-15T16:30:00Z,59.64,59.95,59.635,59.94,156585,416786.15,58.654562318751466,59.12133499999997,60.12773448782446,58.114935512175485,58.45629499999967,59.63599999999984,77.62830451543095,94.36680423990413,90.02773670788287
2018-06-15T17:30:00Z,59.92,60.03,59.77,59.92,194429,419013.5,58.716290986129444,59.21733499999998,60.14041172979594,58.29425827020401,58.508794999999665,59.71399999999984,76.76628805815571,95.2741253677123,92.83981227793306
2018-06-15T18:30:00Z,59.91,59.96,59.82,59.86,166091,413824.45,58.772081669732884,59.30533499999998,60.11404434772036,58.4966256522796,58.579294999999675,59.78799999999984,74.10761915726881,93.45332234208992,94.3647506499019
2018-06-15T19:30:00Z,59.855,60.08,59.82,60,725142,380686.95,58.83198012486787,59.35783499999999,60.20296523202795,58.512704767972025,58.64929499999967,59.871999999999844,76.18055921558137,91.8773874892618,93.53494506635444
2018-06-18T13:30:00Z,59.59,59.87,59.2301,59.605,539246,385401,58.86968841145968,59.38958499999999,60.22165937713647,58.55751062286351,58.70516999999967,59.86499999999984,61.274902085654574,80.22357307387314,88.51809430174139
2018-06-18T14:30:00Z,59.6,59.98,59.57,59.9,364574,381631.75,58.91994751333969,59.434584999999984,60.274821376912406,58.59434862308756,58.76766999999967,59.856999999999836,66.54037773036242,77.80329831317289,83.30141962543571
2018-06-18T15:30:00Z,59.9,60.01,59.82,59.86,388396,391077.65,58.965803732201174,59.482084999999984,60.305571410991426,58.65859858900854,58.82516999999967,59.844999999999835,65.24494574251696,70.97675577251584,76.3345423865204
2018-06-18T16:30:00Z,59.86,60.09,59.82,60.06,346636,381616.7,59.01917915989868,59.54708499999998,60.33686070808978,58.75730929191018,58.87991999999967,59.884999999999835,68.54261200798157,83.82562926092662,77.53522778220487
2018-06-18T17:30:00Z,60.06,60.22,60.04,60.1448,308094,378974.8,59.07408749356215,59.62207499999998,60.3361848259297,58.90796517407026,58.93853999999967,59.91395999999984,69.84891008195177,87.67636567029234,80.82625023457803
2018-06-18T18:30:00Z,60.14,60.38,60.12,60.295,492582,370187.45,59.13364420119327,59.70232499999999,60.33557490602896,59.069075093971016,58.99966499999967,60.05195999999984,72.06188028041156,93.84084938906356,88.44761477342728
2018-06-18T19:30:00Z,60.3,60.47,60.24,60.35,869598,391697.65,59.19297863040335,59.76982499999998,60.3764755942379,59.163174405762064,59.06241499999968,60.141959999999834,72.84775924725571,91.77770869240679,91.09830791725399
2018-06-19T13:30:00Z,59.79,60.1,59.43,59.9299,948134,422958.3,59.22892601428612,59.80931999999999,60.34557965575055,59.27306034424944,59.113287499999686,60.15593999999983,59.15925837663706,79.78996283535636,88.46950697227533
2018-06-19T14:30:00Z,59.9261,60.34,59.88,60.27,414275,428160.4,59.27971011115021,59.844819999999984,60.403878618025985,59.285761381973984,59.169287499999676,60.19793999999983,64.90815530936237,76.87716751350939,82.81494634709061
2018-06-19T15:30:00Z,60.275,60.66,60.275,60.615,238186,430818.7,59.34484620328922,59.89849499999999,60.53194378079106,59.26504621920892,59.237159999999676,60.29197999999984,69.58521395022765,79.0542097244839,78.57378002444965
2018-06-19T16:30:00Z,60.62,60.88,60.61,60.75,313875,432415.4,59.41339029093365,59.96149499999998,60.66649136728987,59.256498632710084,59.30340999999968,60.38297999999984,71.20261960269715,90.9477760922312,82.29305111007459
2018-06-19T17:30:00Z,60.74,60.78,60.6001,60.7559,170596,429252.15,59.47887856942469,60.02477999999998,60.77497462700877,59.27458537299119,59.37280749999967,60.464159999999836,71.27451556133033,93.81733112939789,87.93977231537076
2018-06-19T18:30:00Z,60.755,60.83,60.58,60.675,228014,411253.9,59.53722595628202,60.082029999999975,60.84706430536903,59.31699569463092,59.43743249999967,60.61317999999983,68.7402968555964,90.72469038527557,91.82993253563465
2018-06-19T19:30:00Z,60.67,60.72,60.45,60.54,347018,379388.3,59.58614176329265,60.13452999999997,60.87351571596293,59.39554428403701,59.50193249999967,60.66717999999984,64.61180330395476,86.48200901064679,90.34134350843986
2018-06-20T13:30:00Z,60.65,60.73,60.07,60.37,587666,398615.85,59.62437875044911,60.17402999999997,60.873635180363976,59.47442481963597,59.55718249999967,60.61817999999984,59.745644332186664,77.26509373957151,84.8239310451644
2018-06-20T14:30:00Z,60.4,60.49,60.22,60.36,323338,406123.75,59.66026271384184,60.210029999999975,60.868925111830336,59.551134888169614,59.61393249999967,60.540179999999836,59.46195085782652,69.45273590248915,77.73327955090227
2018-06-20T15:30:00Z,60.36,60.37,60.1265,60.21,182477,407418.35,59.687079166825164,60.22352999999998,60.870701173951126,59.57635882604884,59.67243249999967,60.430999999999834,55.22589387688808,60.91954022988486,69.21245662398162
2018-06-20T16:30:00Z,60.205,60.44,60.2,60.33,134619,404427.85,59.71844115868735,60.24402999999999,60.87726819246158,59.6107918075384,59.73068249999967,60.36199999999983,57.81503095882307,59.99999999999983,63.45742537745773
2018-06-20T17:30:00Z,60.34,60.59,60.21,60.535,284763,410361.45,59.758273297287964,60.277779999999986,60.897353448744575,59.6582065512554,59.79155749999967,60.360999999999834,61.87139002679798,64.02298850574688,61.647509578543655
2018-06-20T18:30:00Z,60.54,60.56,60.35,60.405,315576,389883.15,59.789820941322695,60.29803,60.906335555115305,59.68972444488469,59.82793249999967,60.36799999999984,58.05879357960511,68.50574712643653,64.17624521072753
2018-06-20T19:30:00Z,60.4,60.405,60.18,60.33,436560,384748.85,59.81617113930695,60.33427999999999,60.85286046472112,59.81569953527887,59.86193249999967,60.36199999999984,55.91795064209543,68.50574712643653,67.0114942528731
2018-06-21T13:30:00Z,60.24,60.6969,60.01,60.06,300635,381551.9,59.82806523007247,60.342279999999995,60.83825961489211,59.84630038510788,59.88843249999967,60.33199999999984,48.92395240617073,49.10344827586192,62.038314176244775
2018-06-21T14:30:00Z,60.09,60.18,59.8745,59.9252,327416,378502.9,59.83280351153235,60.34553999999999,60.829508608063314,59.86157139193667,59.913812499999665,60.25103999999983,45.841183932353466,28.370411015277867,48.65986880585856
2018-06-21T15:30:00Z,59.93,59.96,59.54,59.61,230438,372693,59.82193504755516,60.32303999999999,60.89233589282807,59.75374410717191,59.93506249999966,60.06603999999984,39.56355448632591,9.422049375202457,28.96530288878053
2018-06-21T16:30:00Z,59.59,59.7,59.46,59.68,175090,366042.8,59.81501138669881,60.29979999999999,60.93089714940754,59.66870285059244,59.96093749999966,59.921039999999834,41.480188898072896,8.774847428730434,15.522435939736695
2018-06-21T17:30:00Z,59.68,59.84,59.67,59.78,156179,349222.65,59.813303514176916,60.27404999999999,60.94462077328958,59.6034792267104,59.988187499999654,59.81103999999984,44.202523890845534,14.879979663725129,11.025625489219117
2018-06-21T18:30:00Z,59.79,59.96,59.6925,59.87,281988,319842.15,59.81606919641219,60.25004999999999,60.94204621530137,59.55805378469861,60.00993749999966,59.773039999999845,46.60980787526422,23.89984098702981,15.8515560264949
2018-06-21T19:30:00Z,59.87,60.04,59.81,60.04,431394,294005.15,59.826992650245735,60.255554999999994,60.938974737708406,59.57213526229158,60.03243749999965,59.79599999999984,50.917371301700626,33.77014004636274,24.183320232372335
2018-06-22T13:30:00Z,60.32,60.68,60.07,60.43,499849,298283.85,59.85640764291667,60.26355499999998,60.95119663478661,59.57591336521335,60.05418749999965,59.959999999999845,59.07492670650173,52.12487233662845,36.59828445667344
2018-06-22T14:30:00Z,60.425,60.75,60.35,60.73,337981,303273.6,59.89902190423781,60.26930499999999,60.97039717503019,59.568212824969784,60.08389999999965,60.169999999999845,64.0276329059901,74.18025494868563,53.358422443892046
2018-06-22T15:30:00Z,60.71,60.74,60.59,60.71,168565,296008.1,59.938581811348165,60.26730499999998,60.96310893638855,59.57150106361141,60.11439999999966,60.35599999999984,63.47611846788392,91.25689943789195,72.52067557440178
2018-06-22T16:30:00Z,60.71,60.74,60.61,60.62,173578,296157.2,59.971821722989716,60.26050999999999,60.93954767759257,59.58147232240741,60.14264499999966,60.505999999999844,60.93259183804519,95.09043927648561,86.84253122102082
2018-06-22T17:30:00Z,60.61,60.89,60.61,60.8,295790,299546,60.01222066333168,60.26675999999999,60.96302533561993,59.57049466438005,60.17439499999966,60.657999999999845,64.03645851225303,93.50933304421659,93.28555725286448
2018-06-22T18:30:00Z,60.8,61.16,60.76,60.955,474357,305912.95,60.05820989926672,60.28750999999998,61.037753965382365,59.5372660346176,60.211019999999664,60.76299999999984,66.50432186693979,90.52331693234548,93.04102975101567
2018-06-22T19:30:00Z,60.9499,60.96,60.75,60.78,348454,293952.35,60.093419172473226,60.30800999999999,61.08796728574749,59.52805271425249,60.241019999999665,60.77299999999984,61.38282879228003,86.43150966680373,90.15471988112171
2018-06-25T13:30:00Z,60.53,60.9,60.22,60.3,433181,299444.5,60.103496286011115,60.305009999999996,61.08460579756956,59.52541420243043,60.25751999999966,60.69099999999984,50.00737671011425,71.66666666666669,82.87383108860507
2018-06-25T14:30:00Z,60.285,60.63,60.11,60.18,215604,301100.85,60.10722817449838,60.303509999999996,61.083946241846085,59.523073758153906,60.263519999999666,60.60299999999985,47.63089122370911,56.470588235294116,71.52292152292128
2018-06-25T15:30:00Z,60.18,60.27,59.8,59.9,335907,311165.25,60.09711948305944,60.28200999999998,61.08179462575843,59.48222537424153,60.26301999999966,60.422999999999845,42.54976767258623,39.215686274509714,55.78431372548994
2018-06-25T16:30:00Z,59.9,60.03,59.71,59.79,453205,319587.35,60.082138044861416,60.244759999999985,61.063123719623825,59.426396280376146,60.26126999999966,60.18999999999985,40.712314914666955,25.42966179760484,40.371978769135985
2018-06-25T17:30:00Z,59.77,59.7902,59.47,59.61,253204,316468.75,60.05910692072184,60.205009999999994,61.06457245124498,59.34544754875501,60.251519999999665,59.95599999999985,37.83321497599116,14.073355961661,26.23956801125828
2018-06-25T18:30:00Z,59.62,59.63,59.49,59.53,252181,307249.8,60.03329682702809,60.165009999999995,61.070797396462616,59.259222603537374,60.24964499999966,59.80199999999985,36.59456196864208,6.629336933931634,15.377451564398918
2018-06-25T19:30:00Z,59.54,59.77,59.53,59.72,1024192,343427.65,60.01801405497794,60.14801,61.073588828403985,59.222431171596014,60.24514499999966,59.70999999999985,41.49377982366719,8.875739644970436,9.859477513520781
2018-06-26T13:30:00Z,59.71,59.71,59.02,59.14,359772,345045.45,59.97518410107658,60.10875,61.13042448337983,59.087075516620175,60.227144999999666,59.55799999999986,33.088743474219,7.983557300595375,7.829544626498908
2018-06-26T14:30:00Z,59.14,59.19,58.88,58.91,250676,346057.35,59.92322390102406,60.07375,61.20360341969314,58.943896580306856,60.198394999999664,59.38199999999985,30.45429519490598,7.23872183916059,8.032672928241894
2018-06-26T15:30:00Z,58.91,59.02,58.85,58.99,279910,351298.35,59.877700783900934,60.039249999999996,61.25403506329008,58.82446493670991,60.16952499999968,59.257999999999846,32.46831538187435,4.327957389934608,6.516745509896617
2018-06-26T16:30:00Z,58.98,59.3,58.8201,59.3,235614,355270.1,59.84952025785699,60.01525,61.26794898618589,58.76255101381411,60.14464999999967,59.21199999999984,39.74962727880108,9.295273004641938,6.953984077912139
2018-06-26T17:30:00Z,59.29,59.5976,59.29,59.52,207049,351523.15,59.83344609893714,59.99775000000001,61.26773612196676,58.72776387803326,60.12389999999967,59.17199999999984,44.3365150502178,18.827188073737137,10.81680615610432
2018-06-26T18:30:00Z,59.51,59.76,59.49,59.59,255260,342716.45,59.82157067947679,59.97525,61.25733219314928,58.693167806850724,60.115402499999675,59.261999999999844,45.75167253244412,28.799758301459548,18.974073126612634
2018-06-26T19:30:00Z,59.59,59.74,59.575,59.71,331437,334295.85,59.816128207307194,59.93925,61.2086052497192,58.669894750280804,60.10140249999968,59.42199999999984,48.18370102314035,36.22518742540871,27.950711266868225
2018-06-27T13:30:00Z,59.58,60.08,59.2025,59.91,276976,331245.6,59.82070731914587,59.898250000000004,61.11465977881195,58.68184022118806,60.08377749999968,59.60599999999984,52.04266545297395,46.32760807128469,37.11751793271741
2018-06-27T14:30:00Z,59.9,60.3,59.82,60.17,242735,334954.1,59.83774598650461,59.87125000000001,61.037319787786764,58.70518021221326,60.06927749999968,59.77999999999984,56.570752108901225,64.74004338242968,49.097612959707455
2018-06-27T15:30:00Z,60.17,60.47,60.12,60.33,180923,335321.35,59.86175837740682,59.85675000000001,60.99202210394058,58.72147789605945,60.05862999999969,59.94199999999985,59.128244232993424,80.98301884884934,64.01689010085433
2018-06-27T16:30:00Z,60.325,60.34,59.8,59.82,168979,328980.8,59.859721383386976,59.80775000000001,60.857304548360595,58.75819545163943,60.03725499999969,59.98799999999984,49.185543872100105,81.11131095927549,75.6114577301846
2018-06-27T17:30:00Z,59.82,59.86,59.56,59.71,221348,316330.35,59.852417901270535,59.745500000000014,60.65365141908348,58.83734858091655,60.016504999999675,59.98799999999984,47.336641406161505,68.68497080631154,76.92643353814522
2018-06-27T18:30:00Z,59.715,59.81,59.18,59.47,392357,318525.5,59.83376336950124,59.68000000000002,60.460205101227885,58.89979489877216,59.99400499999969,59.89999999999984,43.49498150812532,51.31018041497473,67.03548739352034
2018-06-27T19:30:00Z,59.47,59.59,59.31,59.36,516410,322686.95,59.81065296123289,59.63300000000002,60.37021367322063,58.8957863267794,59.96900499999968,59.73799999999984,41.81977151247695,42.016687880073626,54.00394636711973
2018-06-28T13:30:00Z,59.94,60.2,58.96,59.13,710812,347447.35,59.777450377758115,59.580500000000015,60.303838786450896,58.85716121354913,59.94200499999969,59.49799999999984,38.48234672174608,30.29880598824185,41.20855809442984
2018-06-28T14:30:00Z,59.14,59.42,58.68,59.36,620976,361700.8,59.757086944696745,59.55350000000002,60.267370436412065,58.83962956358798,59.91775499999968,59.405999999999835,43.35097848486049,29.831659567878663,34.04905114539781
2018-06-28T15:30:00Z,59.38,59.42,59.26,59.355,296417,353861.4,59.737472947394465,59.531750000000024,60.2419702123161,58.82152978768395,59.88825499999969,59.33499999999983,43.27080532554042,31.493760188389064,30.54140858150296
2018-06-28T16:30:00Z,59.36,59.575,59.34,59.485,305088,356455.6,59.725157193863026,59.52550000000001,60.235055494649,58.81594450535101,59.865254999999685,59.33799999999984,46.06378998854109,40.22346368715074,33.84962781447259
2018-06-28T17:30:00Z,59.49,59.66,59.37,59.61,338104,360751.75,59.71953976977215,59.52950000000002,60.240013194797505,58.818986805202535,59.84725499999969,59.38799999999983,48.680156604416375,44.87895716945987,38.865393681666326
2018-06-28T18:30:00Z,59.615,60.07,59.52,59.91,694578,344271.05,59.72883051271009,59.53900000000002,60.26437300748188,58.81362699251817,59.84350499999969,59.54399999999983,54.39759910999795,55.214152700186126,46.77219118559868
2018-06-28T19:30:00Z,59.915,59.93,59.78,59.86,571934,354879.15,59.73522902428521,59.575000000000024,60.28896778637492,58.86103221362513,59.84187499999969,59.643999999999835,53.33117231897257,62.19739292364981,54.0968342644317
2018-06-29T13:30:00Z,59.88,59.99,59.62,59.94,194400,352065.35,59.74521785236886,59.62650000000002,60.28781762412821,58.965182375871834,59.850124999999686,59.76099999999984,54.85611972785188,68.34264432029782,61.91806331471102
2018-06-29T14:30:00Z,59.94,60.04,59.47,59.55,227018,349420.75,59.73569503030209,59.65450000000003,60.24977220662577,59.05922779337428,59.846874999999685,59.773999999999845,46.82359560451918,61.638733705772694,64.05959031657322
2018-06-29T15:30:00Z,59.55,59.88,59.47,59.74,170289,346154.5,59.735905028823936,59.67650000000002,60.24985939862066,59.10314060137938,59.845874999999694,59.79999999999984,50.61739714402735,60.94994503152262,63.64377435253081
2018-06-29T16:30:00Z,59.74,60.005,59.67,59.95,108894,341246.75,59.74634868595447,59.69800000000002,60.27847738972519,59.117522610274854,59.84787499999968,59.80799999999984,54.48269164949172,65.33713507366711,62.64193793698723
2018-06-29T17:30:00Z,59.95,60.01,59.83,59.935,201112,338539.35,59.755551189078645,59.715250000000026,60.30233155309472,59.128168446905335,59.84524999999968,59.822999999999844,54.1566171854945,76.6579475797928,67.64834256166061
2018-06-29T18:30:00Z,59.935,60.01,59.76,59.86,345260,339230.5,59.760646253026025,59.72275000000002,60.3131945359115,59.13230546408854,59.83099999999969,59.80699999999983,52.46582803263543,81.2499999999999,74.41502755115303
2018-06-29T19:30:00Z,59.86,59.96,59.73,59.75,648823,357822.85,59.76012692361012,59.714750000000016,60.29913407746204,59.13036592253799,59.80649999999969,59.846999999999845,50.00020967602651,76.86403508771913,78.25732755583704
2018-07-02T13:30:00Z,59.46,59.96,59.32,59.42,188118,355092,59.74353536636085,59.677250000000015,60.2356447976031,59.11885520239693,59.77424999999969,59.78299999999983,43.409396391605746,67.08790862047192,75.06731456939674
2018-07-02T14:30:00Z,59.42,59.48,59.11,59.38,277277,359909.7,59.72580193385544,59.629750000000016,60.114760051432896,59.144739948567135,59.74324999999968,59.66899999999983,42.67509821968463,50.58571563801595,64.84588644873541
2018-07-02T15:30:00Z,59.39,59.42,59.25,59.28,236350,363278.25,59.70405549805762,59.602750000000015,60.102294542551746,59.10320545744828,59.70524999999967,59.53799999999984,40.81623950550839,33.023581135092066,50.23240179785973
2018-07-02T16:30:00Z,59.29,59.39,59.075,59.11,251660,364793.85,59.6750771810792,59.572750000000006,60.11330966368169,59.03219033631832,59.659124999999676,59.38799999999984,37.80172694456554,16.450307091010586,33.353201288039294
2018-07-02T17:30:00Z,59.1051,59.54,59.04,59.51,169642,353658.1,59.6670246356607,59.574750000000016,60.114068783273574,59.03543121672646,59.627374999999674,59.33999999999984,47.60687516170872,22.28566307806545,23.91985043472246
2018-07-02T18:30:00Z,59.51,59.795,59.49,59.79,188602,337267.7,59.67302343392116,59.59625000000002,60.133891841741764,59.058608158258274,59.61462499999967,59.41399999999984,53.171876977351424,41.38288530028762,26.70628515645431
2018-07-02T19:30:00Z,59.79,59.91,59.63,59.9,360335,319743.85,59.68409546153476,59.63475000000002,60.14279010667448,59.126709893325554,59.60762499999968,59.51799999999984,55.185725124279195,68.87702265372154,44.181857010691296
2018-07-03T13:30:00Z,59.68,59.855,58.91,59.5972,1038685,340629.3,59.67985665853306,59.646610000000024,60.13928291338841,59.153937086611634,59.60005499999968,59.58143999999984,48.94575041540933,73.93805309734513,61.399320350451184
2018-07-03T14:30:00Z,59.59,59.63,58.99,59.49,488943,350255.6,59.67059535811681,59.65336000000002,60.13340417462079,59.17331582537925,59.59255499999968,59.65743999999984,46.92289665046041,66.51381067310284,69.77629547472293
2018-07-03T15:30:00Z,59.5,59.58,59.21,59.52,561213,363061.85,59.663249243086725,59.65511000000002,60.132936453422985,59.17728354657706,59.590304999999674,59.65943999999983,47.575864691201886,56.33199249128486,65.5946187539107
2018-07-03T16:30:00Z,59.51,59.53,59.02,59.14,689619,380637.6,59.63772488976542,59.63161000000004,60.159596552460506,59.10362344753957,59.580554999999684,59.52943999999983,40.73920062662825,43.03030303030339,55.29203539823013
2018-07-05T13:30:00Z,59.45,59.6598,59.23,59.5,589795,375398.45,59.63100660245979,59.61111000000003,60.12594282683074,59.09627717316933,59.57505499999968,59.44943999999983,48.316478813450495,43.33333333333363,47.56520961830705
2018-07-05T14:30:00Z,59.51,59.75,59.39,59.65,363960,364999.75,59.63193310965688,59.60061000000003,60.10312873555191,59.09809126444815,59.58780499999968,59.45999999999983,51.12089468379098,48.34054834054843,44.9013949013949
2018-07-05T15:30:00Z,59.66,59.74,59.53,59.705,348715,372715.5,59.6354973482102,59.58886000000003,60.069604391107454,59.10811560889261,59.60767999999969,59.50299999999984,52.14622231970775,66.60894660894654,52.76094276094262
2018-07-05T16:30:00Z,59.71,59.88,59.66,59.81,220848,372407,59.64400967268775,59.60186000000003,60.09167397446675,59.11204602553331,59.62817999999969,59.56099999999983,54.124693319114535,78.73015873015878,64.55988455988434
2018-07-05T17:30:00Z,59.82,60.04,59.69,59.741,253562,376570.65,59.648740908166396,59.60191000000003,60.09178057023397,59.11203942976609,59.6392049999997,59.68119999999983,52.586082594236125,79.75136957437853,75.03015830449438
2018-07-05T18:30:00Z,59.75,60.015,59.69,59.98,387358,390493.85,59.66489988825584,59.60341000000003,60.09769863590287,59.10912136409719,59.65070499999969,59.77719999999984,57.13179635863202,86.07669616519183,81.51940815657613
2018-07-05T19:30:00Z,59.97,60.12,59.87,60.07,618219,411349.2,59.68466086931653,59.61016000000003,60.12561112822087,59.09470887177919,59.66270499999969,59.861199999999826,58.73613286157109,88.03261903020548,84.6202282565917
2018-07-06T13:30:00Z,60.07,60.54,59.9,60.54,434093,415790.85,59.726384729349874,59.644160000000035,60.29339211995541,58.994927880044656,59.68345499999968,60.028199999999835,65.91100832187016,96.8526780272556,90.32066440755074
2018-07-06T14:30:00Z,60.54,60.92,60.41,60.885,254409,396070.15,59.78290254743037,59.700910000000036,60.54608244133002,58.85573755867005,59.70782999999968,60.24319999999982,70.03038515954276,98.04215835423429,94.30915180389822
2018-07-06T15:30:00Z,60.88,61.16,60.85,61.02,353930,404360.75,59.84324876462889,59.78091000000003,60.79132281444285,58.770497185557204,59.72907999999968,60.49899999999983,71.48258657556136,97.3454947484798,97.41344370998966
2018-07-06T16:30:00Z,61.011,61.09,60.9201,61.07,161674,398580.6,59.90309028830553,59.86541000000003,61.00232595801322,58.72849404198684,59.74757999999969,60.71699999999983,72.02329504995011,95.96300626921716,97.11688645731017
2018-07-06T17:30:00Z,61.07,61.29,60.97,61.04,242497,398887.95,59.958549298632086,59.953410000000034,61.16543031979042,58.74138968020965,59.77807999999969,60.91099999999982,71.15158201720845,92.87236549365305,95.39362217044977
2018-07-06T18:30:00Z,61.03,61.32,61.01,61.31,198196,396214.75,60.02447372308906,60.06341000000003,61.34652825471643,58.780291745283634,59.81807999999969,61.06499999999983,74.18042546831431,94.80151203149518,94.54562793145492
2018-07-06T19:30:00Z,61.3,61.37,61.11,61.15,583906,416927.95,60.079377443913984,60.14541000000004,61.48495451048891,58.80586548951117,59.860079999999684,61.117999999999824,69.52221278520688,92.75720923349924,93.47702891954894
2018-07-09T13:30:00Z,61,61.61,60.6515,61.44,317450,423370.35,60.14574927591818,60.22791000000003,61.66911917829049,58.78670082170957,59.91207999999968,61.20199999999981,72.85004762611588,93.87572863395695,93.81148329965022
2018-07-09T14:30:00Z,61.45,61.54,61.2,61.395,213029,416005.05,60.20668833562949,60.302660000000024,61.821096190819354,58.784223809180695,59.96870499999968,61.266999999999825,71.54461494319077,90.57514334967605,92.40269373904385
2018-07-09T15:30:00Z,61.4,61.535,61.26,61.35,186577,373399.65,60.26245963633049,60.390300000000025,61.93780600644823,58.84279399355182,60.01845499999969,61.328999999999816,70.19009576078571,89.5574901824902,91.33612072204085
2018-07-09T16:30:00Z,61.36,61.45,61.22,61.225,174512,357678.1,60.30941282480217,60.47705000000002,62.0073798304588,58.94672016954124,60.06520499999969,61.31199999999982,66.42790389217444,85.42601495726502,88.51954949647687
2018-07-09T17:30:00Z,61.23,61.38,61.17,61.33,160637,337649.3,60.35919756505572,60.56755000000002,62.07468774751778,59.06041225248226,60.11132999999969,61.34799999999982,67.98044929158272,84.01041666666667,86.33130726880707
2018-07-09T18:30:00Z,61.32,61.35,61.23,61.25,244067,315371.7,60.40265134237008,60.673050000000025,62.05598564202706,59.29011435797299,60.15232999999969,61.30999999999982,65.49525107347219,81.55830938697316,83.66491367030139
2018-07-09T19:30:00Z,61.25,61.37,61.21,61.34,310890,301426.45,60.44837566713251,60.765050000000016,62.06597666587967,59.464123334120366,60.188079999999694,61.29899999999982,66.9586798796168,82.97917927001414,82.8493017745511
2018-07-10T13:30:00Z,61.41,61.51,60.98,61.03,230927,294774.8,60.47674758580897,60.834050000000026,62.03352429734447,59.63457570265558,60.2173299999997,61.23499999999982,57.856439525427945,71.72917927001424,78.75555597566695
2018-07-10T14:30:00Z,61.03,61.33,61.02,61.13,119241,283301.1,60.50861355723293,60.905300000000025,61.99203770523948,59.81856229476057,60.247079999999684,61.21599999999982,59.75688743188025,61.932981907037,72.21378014902157
2018-07-10T15:30:00Z,61.13,61.22,61.0001,61.0948,202651,282391.25,60.53720801785571,60.969540000000016,61.93480543582275,60.00427456417728,60.28569999999969,61.16895999999982,58.75255190082601,49.27925578160336,60.9804723195513
2018-07-10T16:30:00Z,61.1,61.14,61.0001,61.11,91580,274292.15,60.56514909015543,61.037990000000015,61.82226000936933,60.2537199906307,60.319949999999686,61.14095999999982,59.0724357884461,48.00208659363599,53.07144142742522
2018-07-10T17:30:00Z,61.11,61.25,61.07,61.07,128352,261341.85,60.58977596380638,61.09249000000001,61.70855396388251,60.476426036117516,60.3479499999997,61.08695999999982,57.802038602289734,45.915492957746494,47.73227844432839
2018-07-10T18:30:00Z,61.075,61.2,61.04,61.15,161180,238489.9,60.61710396557192,61.146490000000014,61.545783285188016,60.74719671481201,60.37832499999969,61.11095999999982,59.670121879971184,47.83515910276473,47.25091288471551
2018-07-10T19:30:00Z,61.16,61.26,61.15,61.17,220589,227814.7,60.644074503836706,61.17799000000001,61.46436501217549,60.891614987824525,60.411074999999684,61.118959999999824,60.14514061150343,49.92175273865422,47.890801599721584
2018-07-11T13:30:00Z,60.29,60.96,60.24,60.72,269854,228586.95,60.64777818657638,61.16974000000001,61.4961151485603,60.84336485143972,60.43532499999969,61.043999999999826,46.791061966219296,47.67545443601779,48.47745542581202
2018-07-11T14:30:00Z,60.71,60.765,60.28,60.28,235175,222649.2,60.62983778723119,61.13274000000001,61.63760411795365,60.627875882046375,60.4568249999997,60.87799999999983,37.92445298514412,31.36894000743763,42.98871572736965
2018-07-11T15:30:00Z,60.27,60.27,59.83,59.921,333067,231218.85,60.59526033419552,61.07529000000002,61.806426971840374,60.34415302815966,60.47034999999969,60.648199999999825,32.51124503236301,15.142848892848795,31.39574777876784
2018-07-11T16:30:00Z,59.9299,60.09,59.87,59.92,178858,228036.9,60.56232080569818,61.01929000000001,61.907381882405126,60.1311981175949,60.486349999999696,60.40219999999982,32.49733034971361,4.620870870870893,17.044219923718877
2018-07-11T17:30:00Z,59.91,60.13,59.805,60.11,300559,233155.05,60.54025637615192,60.95929000000001,61.91989730353011,59.99868269646991,60.511349999999695,60.19019999999982,37.93283530057442,9.554124191221005,9.772614651646665
2018-07-11T18:30:00Z,60.115,60.27,60.1,60.2,277038,217811.65,60.523658504144514,60.91179000000001,61.922617181864,59.90096281813602,60.528599999999685,60.08619999999983,40.381739732317506,15.470953777405477,9.881982946498892
2018-07-11T19:30:00Z,60.21,60.25,60.08,60.19,392871,221582.7,60.5073824795521,60.84929000000001,61.876198755243095,59.822381244756926,60.53859999999969,60.06819999999982,40.19198545907823,21.2121212121212,15.41239972691566
2018-07-12T13:30:00Z,60.28,61.08,60.01,61.07,390344,230448.45,60.53482723664712,60.83304000000002,61.83487234205932,59.831207657940716,60.56784999999968,60.29799999999982,58.619584152271166,42.899540086213825,26.527538358579935
2018-07-12T14:30:00Z,61.065,61.3,61.0378,61.205,426435,242441.35,60.567518590957015,60.82579000000002,61.814566573140276,59.83701342685976,60.608044999999684,60.55499999999982,60.62395129064135,66.39231659441806,43.5013259642508
2018-07-12T15:30:00Z,61.21,61.26,61.09,61.15,235428,245487.15,60.595932318227405,60.822040000000015,61.80528542286879,59.83879457713124,60.64954499999969,60.76299999999982,59.36239270059894,88.85428660197017,66.0487144275338
2018-07-12T16:30:00Z,61.15,61.23,61.07,61.185,232234,249067,60.62466732709436,60.814790000000016,61.784998550567835,59.8445814494322,60.69116999999968,60.95999999999982,59.93378131387683,91.97324414715729,82.40661578118161
2018-07-12T17:30:00Z,61.19,61.31,60.97,61.18,550816,264404.45,60.65175672577268,60.81129000000002,61.77568087075242,59.846899129247625,60.74216999999968,61.157999999999824,59.80441436438399,91.21212457916202,90.6798851094296
2018-07-12T18:30:00Z,61.17,61.32,61.08,61.32,357686,266744.25,60.684353958661816,60.81029000000002,61.77252493575668,59.84805506424337,60.787669999999686,61.20799999999982,62.26074962599139,94.55660618451317,92.5806583036106
2018-07-12T19:30:00Z,61.31,61.62,61.31,61.59,863705,298383.15,60.72853181433685,60.83829000000003,61.85548964195239,59.82109035804767,60.83616999999968,61.28499999999982,66.51115075661804,96.56974456128792,94.1128251083208
2018-07-13T13:30:00Z,61.24,61.5499,60.97,61.25,306974,307769.8,60.75396928680822,60.84429000000002,61.869684164011716,59.81889583598833,60.874794999999686,61.30499999999982,57.69859772077868,92.65381083562913,94.59338719380985
2018-07-13T14:30:00Z,61.25,61.25,61.095,61.225,262846,310779.55,60.77694639476879,60.850800000000014,61.88409600792634,59.81750399207369,60.91016999999969,61.31299999999983,57.099516798352894,85.39944903581284,91.5410014775764
2018-07-13T15:30:00Z,61.225,61.245,61.13,61.19,306349,321518,60.797095351121534,60.854800000000026,61.89268777812938,59.81691222187067,60.94639499999969,61.31499999999983,56.21944220666558,78.05325987144175,85.36883991429436
2018-07-13T16:30:00Z,61.19,61.54,61.17,61.49,416307,335915.75,60.830895577896094,60.87580000000001,61.94672513276854,59.80487486723148,60.984144999999685,61.34899999999983,61.67244872477462,82.4609733700644,81.97122742577277
2018-07-13T17:30:00Z,61.49,61.63,61.31,61.62,218647,338789.1,60.869388476535306,60.89930000000002,62.01303302006943,59.78556697993061,61.022894999999686,61.354999999999826,63.77785389596652,89.50957385300813,83.34126903150452
2018-07-13T18:30:00Z,61.61,61.81,61.585,61.67,244027,339961,60.90844269719212,60.92430000000002,62.08276503615427,59.76583496384576,61.05114499999969,61.43899999999983,64.58367645959989,94.81413461211434,88.92822727839541
2018-07-13T19:30:00Z,61.67,61.74,61.6025,61.68,370366,344986.6,60.946079638792504,60.972300000000004,62.171755726568584,59.772844273431424,61.07101999999969,61.52999999999982,64.7525678101353,94.79423868312739,93.03931571608307
2018-07-16T13:30:00Z,61.51,62.04,61.51,61.85,237751,345115.4,60.99017331494897,61.0508,62.264167479371906,59.8374325206281,61.09176999999969,61.66199999999983,67.58274588540581,89.0809968847352,92.89645672665876
2018-07-16T14:30:00Z,61.855,62.09,61.58,61.68,368726,346898.35,61.02382339714658,61.13875,62.2635649847852,60.013935015214805,61.10701999999969,61.69999999999983,62.20390598025332,79.47120852494677,87.78214803093624
2018-07-16T15:30:00Z,61.69,61.82,61.545,61.74,127633,344337.1,61.05875884118821,61.22975000000001,62.23340071114984,60.22609928885018,61.12451999999969,61.72399999999983,63.31370329971008,71.46194926568757,80.00471822512296
2018-07-16T16:30:00Z,61.76,61.775,61.68,61.75,80987,333358.5,61.09247792210586,61.31175000000002,62.197065056910034,60.42643494309,61.1355199999997,61.739999999999824,63.50603516039444,67.26190476190462,72.73168751751275
2018-07-16T17:30:00Z,61.74,61.795,61.72,61.75,83631,323688.15,61.12455216980801,61.389250000000004,62.131525386898765,60.64697461310124,61.15051999999969,61.75399999999983,63.50603516039443,69.34523809523795,69.35636404094315
2018-07-16T18:30:00Z,61.75,61.77,61.65,61.765,109422,309515.7,61.15579352737835,61.468,61.984492013490986,60.95150798650902,61.158644999999694,61.73699999999982,63.83586208223268,70.08928571428552,68.89880952380913
2018-07-16T19:30:00Z,61.77,61.77,61.61,61.62,306356,305316.3,61.178437745555016,61.49550000000001,61.98199665979757,61.00900334020245,61.16426999999968,61.72499999999982,58.34627575345476,66.22023809523785,68.55158730158688
2018-07-17T13:30:00Z,61.44,61.99,61.12,61.9,171559,292572.5,61.21363590430843,61.53024999999999,62.02793941118288,61.0325605888171,61.178019999999684,61.75699999999982,64.6653122253443,69.97412658530716,68.76121679827662
2018-07-17T14:30:00Z,61.88,61.92,61.74,61.79,149275,288264.85,61.24175122604949,61.56224999999999,62.03992640720672,61.08457359279326,61.192144999999684,61.764999999999816,60.76524903492238,69.33746728241071,68.51061065431834
2018-07-17T15:30:00Z,61.79,61.815,61.65,61.78,84406,280873.45,61.26800726380317,61.592000000000006,62.04549090398552,61.138509096014495,61.203394999999695,61.77099999999982,60.40855919364819,72.67264155830674,70.66141180867463
2018-07-17T16:30:00Z,61.7832,61.79,61.49,61.544,205309,263598.1,61.281470324105456,61.6102,62.02352921503397,61.19687078496603,61.21074499999969,61.72679999999982,52.566325737520984,60.274914089346844,67.42834097668786
2018-07-17T17:30:00Z,61.55,61.5875,61.31,61.33,95121,250469.85,61.283837625368605,61.610699999999994,62.0226456760316,61.19875432396839,61.21049499999968,61.66879999999982,46.65208738300507,44.46735395188987,59.13830319984758
2018-07-17T18:30:00Z,61.33,61.36,61.1,61.14,149460,214757.6,61.27682115583843,61.58819999999999,62.04852623214557,61.12787376785442,61.21324499999969,61.516799999999805,42.12088744986255,23.13374292755717,42.62533698959772
2018-07-17T19:30:00Z,61.145,61.24,61.115,61.21,223742,210596,61.27356158726094,61.5862,62.052692700907926,61.11970729909207,61.21524499999968,61.40079999999981,44.26857650174825,12.266999895865766,26.62269892510403
2018-07-18T13:30:00Z,61.42,61.49,60.84,60.87,233629,209135.15,61.25387565617504,61.56845,62.109606714823094,61.0272932851769,61.20962499999969,61.2187999999998,37.072899591345205,5.850505050504798,13.75041595797567
2018-07-18T14:30:00Z,60.875,60.88,60.61,60.65,119093,199772.35,61.22441830709333,61.54145,62.19719369230513,60.88570630769487,61.198124999999685,61.03999999999981,33.300986759850346,5.469887278582687,7.862464074984175
2018-07-18T15:30:00Z,60.655,60.74,60.49,60.68,124960,185205,61.19786131650341,61.50095,62.25681281162423,60.74508718837578,61.18837499999969,60.90999999999981,34.2828857972717,5.988405797101183,5.769599375395981
2018-07-18T16:30:00Z,60.68,60.83,60.65,60.82,89250,178735.15,61.179429057161784,61.46094999999999,62.27016726996036,60.65173273003962,61.18012499999969,60.84599999999981,38.809979545439205,12.521739130434637,7.993344068705928
2018-07-18T17:30:00Z,60.82,61.01,60.7,60.74,126979,172882.75,61.1579934933978,61.41444999999999,62.27549412779161,60.553405872208366,61.16937499999968,60.7519999999998,37.23164220611715,17.11111111111099,11.87375201288203
2018-07-18T18:30:00Z,60.74,60.8,60.68,60.7,266646,167696.75,61.13565234737839,61.365449999999996,62.27086558966192,60.46003441033807,61.16887499999969,60.717999999999805,36.433802574633994,17.555555555555504,15.729468599033469
2018-07-18T19:30:00Z,60.71,60.715,60.5,60.51,345887,173103.55,61.105132720677005,61.29844999999999,62.247777440878096,60.34912255912188,61.17462499999967,60.689999999999806,32.83454663413819,10.666666666666563,15.111111111110779
2018-07-19T13:30:00Z,60.26,60.3848,59.69,59.9,349505,172142.5,61.04634575869276,61.20944999999999,62.31920447284745,60.09969552715253,61.17409999999968,60.5339999999998,24.474869110032373,8.250124564025812,12.157448928749053
2018-07-19T14:30:00Z,59.92,60.075,59.81,59.955,163049,173913.3,60.99310938021994,61.12019999999999,62.32772848413783,59.91267151586215,61.17497499999968,60.3609999999998,26.2969248023536,7.740320642457174,8.885703957716276
2018-07-19T15:30:00Z,59.96,59.97,59.42,59.655,225849,181156.4,60.92783575191653,61.01545,62.343707275530946,59.68719272446906,61.163599999999676,60.1439999999998,23.032843510883225,10.601080136128145,8.863841780870134
2018-07-19T16:30:00Z,59.655,59.655,59.23,59.32,258595,189904.6,60.84940473962792,60.89395,62.367793882505985,59.42010611749401,61.14159999999968,59.8679999999998,20.041331150704067,8.734601147688466,9.025333975424353
2018-07-19T17:30:00Z,59.3121,59.54,59.27,59.33,312166,200041.8,60.77528743525583,60.7722,62.33756444318913,59.206835556810866,61.12009999999968,59.6319999999998,20.37379096705196,6.052664656277751,8.462781980031211
2018-07-19T18:30:00Z,59.325,59.63,59.3,59.475,289509,199199.45,60.711858779877495,60.66495,62.276516998296884,59.05338300170311,61.080224999999686,59.5469999999998,25.22849137637401,6.361030039696407,7.049431947887299
2018-07-19T19:30:00Z,59.47,59.48,59.31,59.42,599697,220606.35,60.64884127842006,60.540949999999995,62.13486172591301,58.94703827408698,61.03559999999968,59.439999999999806,24.61544482541524,7.890855457227246,6.768183384400225
2018-07-20T13:30:00Z,59.4,59.61,59.0702,59.13,426091,234447.15,60.574751459960545,60.40794999999999,62.00667742830169,58.80922257169829,60.98509999999968,59.334999999999795,21.630787386738007,7.443526550345472,7.231804015756132
2018-07-20T14:30:00Z,59.13,59.525,59.119,59.515,320171,246235.4,60.52305626679174,60.29469999999999,61.807179699039,58.78222030096099,60.94334999999968,59.373999999999796,33.20924186156034,11.473356892007027,8.935912966526338
2018-07-20T15:30:00Z,59.53,59.54,59.13,59.28,189175,245428.7,60.46241937572873,60.181499999999986,61.64098997941323,58.722010020586744,60.895849999999676,59.36399999999979,30.269543338593166,12.27617967488063,10.397687705744135
2018-07-20T16:30:00Z,59.26,59.3,59.15,59.235,78081,244576.7,60.40254525983952,60.07674999999999,61.49152303833805,58.66197696166193,60.84372499999969,59.31599999999979,29.726889797874932,14.080489397532398,12.610008654806443
2018-07-20T17:30:00Z,59.239,59.335,59.195,59.2,115163,242861.85,60.343884515457106,59.97974999999999,61.35509895572301,58.60440104427697,60.78397499999968,59.2719999999998,29.287111766809517,8.938342287618612,11.76500378667697
2018-07-20T18:30:00Z,59.21,59.27,59.08,59.27,133002,238324.85,60.291499904947,59.88274999999999,61.16804947872438,58.5974505212756,60.73447499999968,59.2999999999998,31.470720888189263,9.38228413635778,10.800371940502687
2018-07-20T19:30:00Z,59.27,59.3,59.135,59.25,260355,239661.15,60.240695031534955,59.801749999999984,61.03093377389688,58.57256622610309,60.68509999999968,59.2469999999998,31.174515688595108,11.10943178569959,9.810019403225086
2018-07-23T13:30:00Z,59.13,59.23,58.5,58.53,475390,257476,60.1572464934113,59.69574999999999,60.97852540902788,58.4129745909721,60.61859999999969,59.096999999999795,22.840156040835666,9.243099867338493,9.911605263131714
2018-07-23T14:30:00Z,58.52,58.7,58.39,58.53,287882,265622.1,60.07786861568392,59.58824999999998,60.88336881694779,58.293131183052175,60.54459999999968,58.955999999999804,22.840156040835666,8.14756185161007,9.50003116821581
2018-07-23T15:30:00Z,58.53,58.68,58.46,58.52,189145,270616.85,60.001875024674945,59.473249999999986,60.71792776954806,58.22857223045191,60.46709999999969,58.8199999999998,22.742220066092372,7.014067080110075,8.13490959968597
2018-07-23T16:30:00Z,58.525,58.68,58.46,58.605,200013,274268.55,59.93373477956885,59.36649999999999,60.52126447815427,58.2117355218457,60.39047499999968,58.686999999999806,25.660108713252455,12.158716337662426,9.106781756460615
2018-07-23T17:30:00Z,58.605,58.615,58.37,58.38,212206,271546.55,59.85794283910208,59.250499999999974,60.308162044329144,58.192837955670804,60.30797499999968,58.512999999999806,23.16594588012417,9.469680104322515,9.547487840698098
2018-07-23T18:30:00Z,58.39,58.66,58.38,58.55,255518,267028.1,59.79414074938978,59.152499999999975,60.08045743437445,58.2245425656255,60.225474999999676,58.516999999999804,28.797312281512603,10.88282983444271,10.837075425475641
2018-07-23T19:30:00Z,58.545,58.55,58.32,58.36,459717,272538.7,59.72418266405369,59.07549999999998,59.99813156244086,58.15286843755909,60.14247499999967,58.4829999999998,26.462854184310302,6.136851673235829,8.82978720400011
2018-07-24T13:30:00Z,58.48,58.79,57.89,58.25,472538,288013.15,59.65227131458766,58.99024999999997,59.8867792800646,58.093720719935334,60.05522499999968,58.4289999999998,25.18970031247497,13.145028681412697,10.054903396363505
2018-07-24T14:30:00Z,58.24,58.57,58.2,58.41,313913,292416.35,59.591672713876065,58.927999999999976,59.80391323771621,58.05208676228374,59.97172499999967,58.3899999999998,30.432492411987752,18.811369509043793,12.697749954563866
2018-07-24T15:30:00Z,58.41,58.64,58.315,58.59,245380,291755.6,59.542810630272356,58.89149999999997,59.75983806780902,58.02316193219092,59.89272499999968,58.4319999999998,35.87692688830147,33.92541330257588,21.96060383101055
2018-07-24T16:30:00Z,58.585,58.67,58.53,58.63,244952,288394.9,59.498283282454196,58.85649999999998,59.70757637730184,58.005423622698125,59.81434999999967,58.447999999999794,37.05581907019017,43.723043584635285,32.15327546541808
2018-07-24T17:30:00Z,58.64,59.1,58.63,58.975,396387,293738.8,59.47275726867594,58.831499999999984,59.63656583581937,58.0264341641806,59.74822499999967,58.5709999999998,46.23679226633686,58.86811128289461,45.50552272336836
2018-07-24T18:30:00Z,58.98,59.0122,58.74,58.81,186303,273069.1,59.4404276458137,58.80099999999997,59.55944314223918,58.042556857760765,59.67097499999967,58.68299999999981,43.00598144677004,64.46988474154803,55.687013203025735
2018-07-24T19:30:00Z,58.81,58.84,58.699,58.79,292785,266403.8,59.40869946796913,58.78399999999998,59.52727383917941,58.04072616082055,59.595974999999655,58.75899999999981,42.617258591191636,69.78758688825394,64.37519430423195
2018-07-25T13:30:00Z,58.78,58.96,58.51,58.82,202406,260515.55,59.37998242075112,58.74924999999998,59.41333790834395,58.08516209165602,59.52197499999966,58.8049999999998,43.44305520266285,69.75730339568794,68.00492500849639
2018-07-25T14:30:00Z,58.82,59.27,58.8042,59.22,285811,265347.35,59.37217840022667,58.746249999999975,59.401199425537236,58.091300574462714,59.46387499999965,58.922999999999796,53.12858328279012,80.1334982769705,73.22612952030389
2018-07-25T15:30:00Z,59.24,59.315,58.88,58.9,163404,269613.5,59.34914530753269,58.72949999999997,59.34981363036163,58.109186369638316,59.40312499999966,58.9079999999998,46.29777420915697,81.37116956962997,77.08732374742924
2018-07-25T16:30:00Z,58.89,58.91,58.74,58.8,104511,269080.9,59.322357731555485,58.70949999999998,59.292517152412785,58.12648284758717,59.34462499999967,58.9059999999998,44.37759239030886,77.03788456648851,79.51418413769608
2018-07-25T17:30:00Z,58.8,59.11,58.8,58.835,193223,272091.95,59.29858418367473,58.68774999999997,59.215324402348614,58.16017559765133,59.28524999999966,58.91499999999981,45.233738842782756,67.01754385964911,75.14219933192228
2018-07-25T18:30:00Z,58.83,58.865,58.62,58.64,168166,267482.5,59.2664581259345,58.65724999999996,59.11751595574305,58.19698404425687,59.22949999999965,58.878999999999806,41.409463669220955,60.93567251461991,68.33036698025226
2018-07-25T19:30:00Z,58.64,59,58.59,58.83,391106,263268.3,59.24516748564501,58.67224999999996,59.13449966199785,58.210000338002075,59.18399999999966,58.800999999999796,46.183702455004294,61.63742690058485,63.196881091617705
2018-07-26T13:30:00Z,59.1,59.54,58.89,59.48,636275,280687.95,59.25662273024769,58.71974999999996,59.295158333289876,58.14434166671005,59.15399999999967,58.9169999999998,58.60944502270043,71.3729597625905,64.64868639259817
2018-07-26T14:30:00Z,59.49,59.745,59.34,59.745,273397,284900.55,59.28044601169903,58.78099999999996,59.50095555419702,58.06104444580291,59.12712499999966,59.1059999999998,62.41915788521962,87.16243344680099,73.3909400366585
2018-07-26T15:30:00Z,59.75,59.8,59.425,59.47,158132,282806.5,59.289692547713706,58.824249999999964,59.598590203021246,58.04990979697868,59.09537499999967,59.2329999999998,56.59734118741523,89.9803309036214,82.83857470433736
2018-07-26T16:30:00Z,59.47,59.5,59.3,59.4066,106584,277525.4,59.29539535026426,58.87557999999997,59.661339738349795,58.08982026165015,59.063039999999674,59.3863199999998,55.31638100894361,81.3074935400517,86.1500859634911
2018-07-26T17:30:00Z,59.41,59.66,59.3,59.66,202682,274883.6,59.313180942934295,58.931079999999966,59.771889042777694,58.09027095722224,59.041789999999665,59.552319999999796,59.28297437137176,77.68992248062015,82.99258230809748
2018-07-26T18:30:00Z,59.655,59.655,59.4301,59.49,259322,264863.85,59.321806262791156,58.98757999999996,59.81911032802093,58.156049671978984,59.031539999999666,59.55431999999979,55.710003151195714,78.20671834625331,79.06804478897479
2018-07-26T19:30:00Z,59.49,59.58,59.36,59.36,352345,258854.2,59.323669371923295,59.043079999999954,59.81642091216087,58.269739087839035,59.01666499999967,59.47731999999979,53.07565014814927,77.00258397932829,77.63307493540033
2018-07-27T13:30:00Z,59.47,60.67,59.47,60.55,432038,264760.45,59.38349037817094,59.15007999999996,60.11250593814819,58.18765406185173,59.03903999999966,59.69331999999979,67.99493000865714,78.69707811568283,77.96879348042121
2018-07-27T14:30:00Z,60.575,60.59,59.945,60,316752,268329.05,59.41356401826016,59.22057999999995,60.21462102854385,58.226538971456044,59.05603999999967,59.8119999999998,58.70476621748424,75.97023454581586,77.2232988802754
2018-07-27T15:30:00Z,60,60.22,59.74,59.845,277050,269933.95,59.434609675906,59.28132999999995,60.272076403690356,58.29058359630954,59.06891499999966,59.8489999999998,56.36739084198819,74.11858974358955,76.26196746836247
2018-07-27T16:30:00Z,59.845,59.87,59.29,59.4,207693,260499.25,59.43292139903254,59.30257999999994,60.28432390063313,58.32083609936675,59.067039999999665,59.83099999999979,50.18898401195959,55.68910256410239,68.59264228450233
2018-07-27T17:30:00Z,59.39,59.51,59.32,59.44,133014,257834.8,59.43326669664071,59.33407999999995,60.2906895997983,58.3774704002016,59.06753999999967,59.846999999999795,50.711951697696804,46.714743589743364,58.840811965811504
2018-07-27T18:30:00Z,59.43,59.85,59.4,59.75,197075,253049.3,59.448717101682625,59.38207999999996,60.320844723677745,58.443315276322174,59.08303999999968,59.6869999999998,54.68293125157285,45.19230769230749,49.19871794871748
2018-07-27T19:30:00Z,59.7434,59.82,59.59,59.59,263668,256112.4,59.455608950381034,59.42057999999996,60.3265654118168,58.514594588183115,59.08491499999967,59.60499999999979,52.33910562257318,45.320152693748106,45.74240132526606
2018-07-30T13:30:00Z,59.5,60.735,59.5,60.18,516111,267627.4,59.490945099142934,59.46857999999996,60.42716794402079,58.50999205597913,59.107414999999676,59.6719999999998,59.27157337078923,52.22892298919669,47.580461125083836
2018-07-30T14:30:00Z,60.16,60.24,59.745,60.05,226840,270799.2,59.51821606991645,59.526079999999965,60.479295110255045,58.572864889744885,59.12778999999968,59.80199999999979,57.29409581042192,51.17089796923394,49.57332455072598
2018-07-30T15:30:00Z,60.05,60.12,59.79,59.85,108351,270991.2,59.53440065187174,59.57857999999997,60.480323004640645,58.67683699535929,59.14403999999968,59.8839999999998,54.29299728928154,50.980392156862735,51.46007103843086
2018-07-30T16:30:00Z,59.86,59.89,59.66,59.68,116018,267130.95,59.54150305909751,59.62082999999997,60.45597978082827,58.78568021917167,59.154289999999676,59.8699999999998,51.80884671418067,39.44636678200691,47.1992189693676
2018-07-30T17:30:00Z,59.68,59.82,59.54,59.7108,219481,269696.7,59.549761446458604,59.67436999999997,60.378090436266106,58.97064956373383,59.16580999999968,59.89415999999981,52.235257341156604,31.621683967704758,40.68281430219121
2018-07-30T18:30:00Z,59.71,59.77,59.57,59.59,153414,257812.1,59.551724302728914,59.71236999999998,60.302520804805575,59.12221919519438,59.19230999999968,59.7761599999998,50.35338452783624,25.623990772779777,32.23068050749689
2018-07-30T19:30:00Z,59.58,59.89,59.57,59.83,374495,244723.1,59.56529872698604,59.729869999999984,60.312125246785314,59.147614753214654,59.22480999999967,59.732159999999794,53.90639278706301,29.084198385236494,28.77662437524008
2018-07-31T13:30:00Z,59.87,60.12,59.56,59.67,257426,243924.55,59.570406106157456,59.72611999999998,60.30890299770357,59.14333700229639,59.25355999999967,59.69615999999981,51.27200159026121,28.14302191464832,27.6170703575546
2018-07-31T14:30:00Z,59.68,59.73,59.482,59.63,163032,244169.55,59.57331312536929,59.734119999999976,60.30692742174984,59.16131257825011,59.27918499999968,59.6861599999998,50.606164309068745,29.06574394463677,28.764321414840264
2018-07-31T15:30:00Z,59.63,60.11,59.58,60.105,211761,249428.4,59.59924907047323,59.769039999999976,60.342875552759985,59.195204447239966,59.322309999999675,59.764999999999795,57.640970529028216,35.40945790080744,30.872741253363913
2018-07-31T16:30:00Z,60.1,60.1972,59.99,59.99,264017,252495.15,59.618310091425755,59.78553999999998,60.364836954600236,59.20624304539973,59.35830999999966,59.8449999999998,55.57718370227138,42.42687305643526,35.634024967292895
2018-07-31T17:30:00Z,59.98,59.99,59.76,59.795,118503,245454.2,59.626929111356205,59.80078999999997,60.36399851521897,59.237581484780975,59.394184999999666,59.837999999999795,52.166461230204185,44.44640746195777,40.760912806399894
2018-07-31T18:30:00Z,59.79,59.875,59.77,59.83,196628,237668.35,59.63683500836322,59.824289999999976,60.349938467714686,59.29864153228527,59.43368499999966,59.8699999999998,52.72722386881671,34.90372742576323,40.592335981385155
2018-07-31T19:30:00Z,59.83,60.06,59.795,60.01,550594,243596.15,59.655038178686965,59.797289999999975,60.21556855743353,59.37901144256642,59.47368499999967,59.9459999999998,55.609438644338155,33.16674189186899,37.505625593196406
2018-08-01T13:30:00Z,59.95,60.165,59.5101,59.87,692849,262401,59.66552412119004,59.79078999999997,60.20021280299355,59.3813671970064,59.505684999999666,59.898999999999795,52.90751654623185,40.36651526222707,36.1456615266195
2018-08-01T14:30:00Z,59.85,59.91,59.44,59.67,463481,271722.55,59.66574245674175,59.782039999999974,60.19392721952629,59.37015278047366,59.53168499999966,59.834999999999795,49.22774467723085,41.233755948324195,38.25567103413982
2018-08-01T15:30:00Z,59.67,59.95,59.5,59.6,408243,281750.05,59.66253550763239,59.79203999999997,60.175038539957995,59.40904146004195,59.54730999999966,59.7959999999998,47.97018771987426,34.23096061451236,38.61041060835428
2018-08-01T16:30:00Z,59.59,59.75,59.44,59.6,260396,288119.15,59.65948499506496,59.80003999999998,60.159235380826445,59.44084461917352,59.567059999999664,59.749999999999794,47.970187719874254,24.212009156541978,33.22557523979258
2018-08-01T17:30:00Z,59.6,60.16,59.59,59.875,460540,301292.4,59.66999792213496,59.806289999999976,60.166134510324184,59.44644548967577,59.59418499999966,59.7229999999998,53.39465923689999,33.23648529670737,30.559818355920314
2018-08-01T18:30:00Z,59.86,59.875,59.41,59.43,309183,303568.15,59.65829070642106,59.79828999999999,60.18325055850604,59.413329441493936,59.609434999999664,59.6349999999998,45.18521867120422,27.03987519272995,28.162789881992847
2018-08-01T19:30:00Z,59.425,59.49,59.1449,59.34,732517,314388.45,59.64276433049808,59.75628999999999,60.14872352507254,59.363856474927445,59.612434999999664,59.568999999999804,43.721107415621134,26.176495022306238,28.81761850391426
2018-08-02T13:30:00Z,61.11,61.76,60,60.98,1733075,389700.2,59.707995338766466,59.802789999999995,60.456697632315624,59.148882367684365,59.66443499999966,59.8449999999998,65.59682283105295,30.41807178231656,27.878147332450656
2018-08-02T14:30:00Z,60.98,61.38,60.945,61.25,762375,422401.4,59.783215078338834,59.872789999999995,60.781873489896384,58.963706510103606,59.72568499999967,60.1749999999998,67.81489776654634,56.4038142168889,37.6661270071703
2018-08-02T15:30:00Z,61.26,61.73,61.21,61.63,774215,455311.25,59.87330214768816,59.97029,61.15288527802269,58.78769472197731,59.79555999999966,60.5259999999998,70.68003618500349,81.89999107746043,56.2406256922217
2018-08-02T16:30:00Z,61.62,62.17,61.62,61.92,365178,462596.1,59.97314106731312,60.08075,61.52869086550516,58.63280913449484,59.87755999999966,61.023999999999795,72.67892047722545,89.0875196285117,75.79710830762008
2018-08-02T17:30:00Z,61.93,62.1,61.85,61.91,366910,473270.9,60.067621990858825,60.196749999999994,61.82885684392963,58.56464315607036,59.95455999999966,61.5379999999998,72.49538447480936,92.72330799240143,87.90360623279093
2018-08-02T18:30:00Z,61.905,61.92,61.42,61.88,596200,484356.15,60.156030674231566,60.299249999999994,62.077314326733095,58.52118567326689,60.01455999999966,61.71799999999979,71.90870592274369,91.18486441219568,90.99856401103602
2018-08-02T19:30:00Z,61.88,62.24,61.8725,62.18,719879,507478.8,60.25476088524466,60.42474999999998,62.35523303541066,58.4942669645893,60.075434999999665,61.90399999999979,74.16064294356275,93.29341160754201,92.40052800404612
2018-08-03T13:30:00Z,62.16,62.26,61.49,61.77,508138,524734.1,60.328674988403456,60.53174999999999,62.510785813219535,58.55271418678044,60.132934999999655,61.93199999999979,66.33412178800656,90.91505330420568,91.79777644131421
2018-08-03T14:30:00Z,61.77,61.79,61.47,61.5,324337,530362.9,60.38581279384719,60.60149999999999,62.61351416496178,58.5894858350382,60.18526999999966,61.847999999999786,61.71508719363555,85.97810974922686,90.06219155365794
2018-08-03T15:30:00Z,61.505,61.838,61.24,61.59,364043,535364.2,60.444553633171715,60.681499999999986,62.716995271427855,58.646004728572116,60.23351999999966,61.783999999999786,62.6487347767522,79.45491316490653,85.4493587394461
2018-08-03T16:30:00Z,61.6,61.63,61.43,61.489,214170,540147.55,60.49550223643163,60.766199999999984,62.788025768953815,58.74437423104615,60.28349499999966,61.7057999999998,60.85517290317269,76.44805410206203,80.62702567206489
2018-08-03T17:30:00Z,61.49,61.57,61.3,61.46,187274,539679.85,60.54255090782521,60.84769999999999,62.84324204165308,58.8521579583469,60.33599499999966,61.56179999999979,60.32118035392598,76.02003145966427,77.3076662422107
2018-08-03T18:30:00Z,61.4599,61.57,61.36,61.559,265038,525402.05,60.59213379037032,60.92514999999999,62.90480535131801,58.945494648681965,60.36121999999966,61.519599999999784,61.56120230155825,75.6883139118059,76.05213315784381
2018-08-03T19:30:00Z,61.555,61.58,61.48,61.55,362390,508879.1,60.63885897132786,61.00914999999999,62.94466815026406,59.073631849735925,60.39996999999967,61.52959999999979,61.3734250464785,73.46647394284324,75.05827310477089
2018-08-06T13:30:00Z,61.59,64.4,61.58,64.36,2539232,612666.65,60.820378045897236,61.24364999999998,63.570287941323556,58.917012058676406,60.512844999999665,62.083599999999784,80.9309400284125,81.64101265669365,76.93193350378068
2018-08-06T14:30:00Z,64.35,64.64,63.93,64.02,1370107,660759.85,60.97645716560957,61.46464999999997,63.958479767648825,58.970820232351116,60.62834499999967,62.589799999999784,75.9219290263751,83.11684221495771,79.4081096048313
2018-08-06T15:30:00Z,64.03,65.22,63.95,64.96,1224162,708948.15,61.17077632826276,61.732649999999964,64.50393152846556,58.961368471534364,60.76634499999966,63.28979999999979,79.66854718455711,91.41126417727666,85.38970634964244
2018-08-06T16:30:00Z,64.96,65.83,64.92,65.8299,1170954,744468.85,61.398050653713355,62.03039499999996,65.1915200810297,58.869269918970225,60.91834249999967,64.14397999999979,82.39816503017458,91.79645209496937,88.77485282906768
2018-08-06T17:30:00Z,65.8299,65.8495,65.235,65.77,961722,777095.8,61.611316475483434,62.34739499999996,65.66933329833041,59.025456701669505,61.07284249999967,64.98797999999978,81.58591303105882,97.24681968098845,93.48484531774459
2018-08-06T18:30:00Z,65.76,66.23,64.06,65.68,3721417,926540.8,61.809788842533024,62.66439499999997,65.98789982742397,59.34089017257597,61.21034249999967,65.25197999999978,80.30500998190149,95.75035942379071,94.93121039991594
2018-08-06T19:30:00Z,65.685,66.4,65.5,66.39,1976996,938736.85,62.033213777043606,62.93489499999997,66.53511618180458,59.334673818195355,61.36884249999967,65.72597999999978,82.62283444741544,95.68648615699904,96.22788842059249
2018-08-07T13:30:00Z,66.31,66.34,65.19,65.23,957769,948506.55,62.18915456840733,63.133894999999974,66.7792915103827,59.488498489617236,61.503342499999675,65.77997999999978,68.44930137504925,88.70324628585333,93.38003062221412
2018-08-07T14:30:00Z,65.24,65.82,65.13,65.59,687442,944167.9,62.35504946750942,63.331894999999975,67.05832090667127,59.605469093328686,61.65109249999968,65.73199999999979,70.16012122690982,87.14470284237721,90.51147842840963
2018-08-07T15:30:00Z,65.59,65.625,65.37,65.5338,388499,945333.95,62.51011046909432,63.512584999999966,67.29764010674768,59.727529893252246,61.796667499999685,65.68475999999978,69.52630558648458,81.54786441708461,85.79860451510483
2018-08-07T16:30:00Z,65.53,65.85,65.51,65.52,393767,946676.8,62.656934348650694,63.693084999999975,67.49947547144536,59.886694528554585,61.944917499999676,65.65275999999979,69.36060922402747,83.35436996504018,84.01564574150045
2018-08-07T17:30:00Z,65.53,65.89,65.53,65.77,279901,930861.85,62.808791209692124,63.887584999999966,67.70105417663115,60.074115823368786,62.09341749999968,65.52875999999978,70.72190423873784,84.42026143790834,83.10749860667748
2018-08-07T18:30:00Z,65.775,65.89,65.53,65.615,462609,917998.35,62.94567944336568,64.05933499999998,67.85909527153093,60.25957472846902,62.24204249999967,65.60575999999978,68.68436314264531,84.76327116212319,84.17930085502367
2018-08-07T19:30:00Z,65.61,65.64,65.29,65.31,662363,925709.6,63.0610121534454,64.23633499999997,67.92109873206066,60.55157126793929,62.384042499999666,65.5497599999998,64.7322792528212,82.97686918777886,84.05346726260323
2018-08-08T13:30:00Z,65.31,65.46,64.6,65.035,441551,931570.3,63.15730424352123,64.41308499999998,67.88908684423245,60.93708315576752,62.507292499999664,65.44999999999979,61.307000764536944,68.72248322286657,78.82087452425598
2018-08-08T14:30:00Z,65.03,65.65,64.46,65.52,444786,935607.45,63.27255769505678,64.60958499999998,67.8621578586925,61.357012141307465,62.64554249999967,65.44999999999979,64.84054735300677,62.068122291502085,71.25582490071561
2018-08-08T15:30:00Z,65.53,65.53,65.09,65.35,417820,945789.95,63.3738963440784,64.80263499999998,67.73387871506472,61.87139128493524,62.78441749999966,65.36599999999979,62.67982931151676,54.64889329550949,61.81316626995915
2018-08-08T16:30:00Z,65.35,65.48,65.18,65.46,209663,946909.4,63.4756574980258,65.00263499999997,67.50942053472617,62.495849465273764,62.92516749999967,65.33499999999978,63.5267720979163,59.67963253677497,58.79888270792861
2018-08-08T17:30:00Z,65.47,65.48,65.29,65.45,174263,942370.65,63.571966888366,65.19718499999998,67.14676895384973,63.247601046150216,63.06116749999967,65.36299999999979,63.385942026566894,58.1196581196578,57.48272798398052
2018-08-08T18:30:00Z,65.45,65.455,65.26,65.44,268133,937657.8,63.66309045478717,65.39168499999997,66.39216325219279,64.39120674780715,63.20041749999967,65.44399999999979,63.2349755049513,56.58207771609812,58.127122790843394
2018-08-08T19:30:00Z,65.435,65.55,65.43,65.5,444230,832907.7,63.75269579845609,65.44868499999998,66.3304062559003,64.56696374409967,63.34616749999966,65.4399999999998,63.792194404420265,55.07877408513507,56.593503306963434
2018-08-09T13:30:00Z,65.52,65.74,65.38,65.51,193363,774070.5,63.83841795462896,65.52318499999997,66.11289265054155,64.93347734945839,63.49391749999967,65.4719999999998,63.890425002531174,59.75372876008992,57.13819352044081
2018-08-09T14:30:00Z,65.5,65.6,65.21,65.385,186912,722208,63.913860981232425,65.54443499999996,66.07953537667147,65.00933462332846,63.63854249999967,65.4569999999998,61.63931316981544,64.47701234935309,59.76983839819246
2018-08-09T15:30:00Z,65.39,65.42,65.19,65.22,234935,675407.05,63.97757507970889,65.51393999999996,66.05000547511817,64.97787452488176,63.77216749999967,65.4109999999998,58.69927708382401,63.75291375291408,62.66121828745213
2018-08-09T16:30:00Z,65.22,65.555,65.08,65.12,264199,640530.9,64.03330312460115,65.48143999999996,66.03013444467048,64.93274555532945,63.91441749999967,65.3469999999998,56.927070108298366,54.662004662005025,60.96397692142383
2018-08-09T17:30:00Z,65.11,65.3,65.1,65.15,133855,461152.8,64.08777614291328,65.45493999999997,66.01381554393981,64.89606445606012,64.05966749999968,65.27699999999979,57.34314969741058,49.18414918414959,55.866355866356
2018-08-09T18:30:00Z,65.16,65.18,65.01,65.01,208805,372743.25,64.13276267252728,65.38593999999996,65.78346327430586,64.98841672569407,64.16041749999967,65.17699999999981,54.688195369129524,45.791448135198785,49.8792006604509
2018-08-09T19:30:00Z,65.015,65.02,64.84,64.97,331406,341425.1,64.17360351776985,65.37293999999996,65.80547498542334,64.94040501457657,64.25341749999967,65.0939999999998,53.920051710231526,43.68808275058334,46.221226689976994
2018-08-10T13:30:00Z,64.64,64.83,64.06,64.63,431961,328651.05,64.19586676080546,65.32493999999996,65.85299252921709,64.79688747078282,64.32841749999966,64.9759999999998,47.777160783871,38.91369047619079,42.797740453990734
2018-08-10T14:30:00Z,64.635,64.95,64.58,64.87,212023,319827.25,64.22875130905885,65.29174999999995,65.84591852131734,64.73758147868256,64.40216749999966,64.9259999999998,51.939414673101545,40.66220238095252,41.08799186924198
2018-08-10T15:30:00Z,64.86,64.94,64.78,64.88,208519,310564.85,64.26051953788524,65.25974999999997,65.83114719111151,64.68835280888842,64.47641749999967,64.8719999999998,52.11068422518569,43.65079365079361,41.075562169312064
2018-08-10T16:30:00Z,64.89,65.17,64.89,65.14,155959,304367.75,64.30342102384206,65.22824999999996,65.7510527830969,64.70544721690302,64.55791749999966,64.8979999999998,56.455600783488414,53.76984126984138,46.02761243386226
2018-08-10T17:30:00Z,65.15,65.2,64.71,64.83,248394,293657,64.32910780316683,65.18899999999996,65.70761932089975,64.67038067910018,64.62416749999967,64.86999999999979,50.56492396984895,52.97619047619045,50.13227513227491
2018-08-10T18:30:00Z,64.82,65,64.585,64.91,275713,274324.5,64.35744400789041,65.16899999999997,65.69815593165731,64.63984406834263,64.70266749999966,64.92599999999979,51.9580542374872,53.57142857142858,53.43915343915322
2018-08-10T19:30:00Z,64.92,65.055,64.86,64.98,322337,268363.8,64.38781259287137,65.16624999999996,65.69872417778635,64.63377582221358,64.78966749999967,64.9479999999998,53.200815041843974,50.396825396825456,52.31481481481459
2018-08-13T13:30:00Z,64.94,65.3,64.525,65.05,254120,258830.5,64.42011441760935,65.14274999999996,65.6516652680055,64.63383473199443,64.87616749999967,64.98199999999979,54.469216595030865,56.54761904761912,53.505291005290815
2018-08-13T14:30:00Z,65.05,65.5,65.05,65.43,354527,255665.85,64.46937712894548,65.14674999999997,65.66331824331988,64.63018175668006,64.97469249999966,65.03999999999981,60.69676378395288,70.22880501141383,59.057749818619236
2018-08-13T15:30:00Z,65.42,65.49,65.16,65.21,252952,257830.3,64.50550507387497,65.13424999999998,65.63163591656735,64.63686408343261,65.06844249999966,65.1159999999998,55.927401496066636,77.61586239847084,68.13076215250102
2018-08-13T16:30:00Z,65.21,65.43,65.15,65.415,181643,258199.3,64.54987068002741,65.13249999999996,65.62565818963705,64.63934181036288,65.16484249999966,65.2169999999998,59.1486006654293,87.55303171064027,78.46589970684141
2018-08-13T17:30:00Z,65.42,65.72,65.37,65.67,234494,256517.35,64.60451113466021,65.14399999999998,65.67460908397643,64.61339091602352,65.26784249999966,65.3549999999998,62.79161396238324,89.33608365084261,84.83499258665101
2018-08-13T18:30:00Z,65.67,65.8,65.6001,65.75,321631,250387.4,64.66038864028654,65.15649999999998,65.73010352160821,64.58289647839175,65.30259249999968,65.4949999999998,63.87988588006202,96.07053693702035,90.98655076616751
2018-08-13T19:30:00Z,65.755,65.76,65.56,65.71,635431,272490.8,64.7115891944189,65.16649999999997,65.77057036014394,64.562429639856,65.34484249999967,65.55099999999979,62.88944391636873,96.31399159857824,93.90687072881349
2018-08-14T13:30:00Z,65.78,66.24,65.66,65.75,191317,272711.05,64.76224338005701,65.18474999999998,65.83445358625734,64.53504641374262,65.36459249999967,65.65899999999979,63.49891810996298,87.79419813902574,93.3929088915412
2018-08-14T14:30:00Z,65.75,66.15,65.71,66.1,271111,274519.85,64.82749980054204,65.22874999999996,65.99141555580071,64.46608444419921,65.37134499999968,65.7959999999998,68.3906842874085,86.03096410978178,90.04638461579502
2018-08-14T15:30:00Z,66.1,66.44,66.03,66.35,268739,274746.85,64.90176810295462,65.29024999999997,66.19335838220287,64.38714161779707,65.38584499999969,65.93199999999979,71.34475401059449,86.18852240635151,86.6712282183861
2018-08-14T16:30:00Z,66.36,66.41,66.08,66.32,272845,281696.35,64.97095014671294,65.34874999999997,66.35376679090542,64.34373320909451,65.40184499999968,66.04599999999978,70.49338092463913,93.62355908420788,88.61434853344683
2018-08-14T17:30:00Z,66.315,66.4,66.27,66.37,253739,283943.05,65.03919648101963,65.41674999999996,66.50173974649576,64.33176025350417,65.40134499999968,66.17799999999978,71.11211920829999,95.12619669277626,91.64609272777834
2018-08-14T18:30:00Z,66.36,66.39,66.19,66.19,594568,297101.15,65.09533323804307,65.47774999999997,66.59219369530373,64.36330630469621,65.42534499999968,66.26599999999978,65.76557293051226,92.34116623150562,93.69697400282969
2018-08-14T19:30:00Z,66.185,66.19,65.94,65.97,490236,300014.9,65.13799990935804,65.54474999999996,66.60717870349349,64.48232129650644,65.43484499999968,66.23999999999978,59.84340318570918,86.24891209747614,91.23875834058578
2018-08-15T13:30:00Z,65.52,65.9,65.04,65.55,230909,300959.2,65.15809747475521,65.57874999999997,66.59515481600708,64.56234518399286,65.43524999999968,66.07999999999979,50.49491866490777,66.27688673380561,81.62232168759556
2018-08-15T14:30:00Z,65.53,65.78,65.39,65.395,160609,298563.7,65.16965369549885,65.60449999999996,66.57379304135031,64.6352069586496,65.43212499999969,65.89499999999978,47.54316500006556,45.74754444858848,66.09111442662318
2018-08-15T15:30:00Z,65.41,65.67,65.4,65.495,258709,303701.2,65.18552424693793,65.62224999999997,66.56962255079819,64.67487744920174,65.42524999999969,65.71999999999977,49.59054031081341,31.428571428571114,47.81766753698816
2018-08-15T16:30:00Z,65.495,65.54,65.37,65.435,199749,301268.95,65.19769379586779,65.65249999999997,66.5330310897419,64.77196891025805,65.42074999999969,65.56899999999978,48.37067067599932,28.690476190475977,35.288864022544956
2018-08-15T17:30:00Z,65.43,65.5,65.13,65.14,308930,302929.8,65.19487946436205,65.66399999999996,66.51080340103925,64.81719659896066,65.41649999999969,65.40299999999978,42.79652248149029,22.61904761904748,27.579365079364624
2018-08-15T18:30:00Z,65.15,65.37,65.11,65.36,316391,302632.5,65.20293412463707,65.68299999999996,66.48333992778397,64.88266007221596,65.42462499999968,65.36499999999978,47.64228814783115,19.404761904761617,23.57142857142813
2018-08-15T19:30:00Z,65.36,65.47,65.26,65.43,431992,311526.1,65.21401050880111,65.70199999999997,66.45815077861509,64.94584922138485,65.42237499999968,65.37199999999977,49.119197935234666,19.285714285714107,20.436507936507507
2018-08-16T13:30:00Z,65.68,66.12,65.55,66.07,287400,308169.75,65.25576609373763,65.73399999999997,66.49554842262417,64.97245157737576,65.44037499999969,65.48699999999977,60.179094365319564,41.42857142857121,26.70634920634875
2018-08-16T14:30:00Z,66.06,66.06,65.75,65.75,251560,308100.15,65.27987506477483,65.76099999999997,66.48361746450122,65.03838253549871,65.44762499999969,65.54999999999977,53.87348751085555,50.71428571428557,37.142857142856734
2018-08-16T15:30:00Z,65.7575,65.898,65.59,65.87,283452,313190.6,65.30866164698094,65.78374999999997,66.48982276537328,65.07767723462666,65.45812499999968,65.69599999999977,55.74610342352905,61.62321863051778,51.255358591124626
2018-08-16T16:30:00Z,65.87,66.05,65.84,66.01,148830,308907.4,65.34287327395748,65.80074999999997,66.5114065626257,65.09009343737424,65.47237499999969,65.82599999999977,57.89381264173353,60.873918910629975,57.73714108514421
2018-08-16T17:30:00Z,66.02,66.19,66.01,66.01,195132,302582.45,65.37541604108151,65.81374999999997,66.5297100198332,65.09778998016674,65.48512499999967,65.94199999999977,57.89381264173353,67.9197742898188,63.4723039436553
2018-08-16T18:30:00Z,66,66.21,65.91,66.19,241734,282897.6,65.41515184395558,65.83774999999997,66.57018071344623,65.10531928655371,65.50212499999968,65.96599999999977,60.73526556590403,80.4886598514051,69.76078435061773
2018-08-16T19:30:00Z,66.18,66.1857,65.78,65.98,504887,298576.1,65.44270541254312,65.84924999999997,66.58302976941533,65.1154702305846,65.51699999999968,66.01199999999976,55.98822725810245,83.49477682811056,77.30107032311126
2018-08-17T13:30:00Z,65.87,65.95,65.5501,65.6,591549,314598,65.45037831924833,65.82424999999998,66.55622182322394,65.09227817677602,65.52649999999969,65.95799999999977,48.5877818418675,74.39264439264463,79.45869369071987
2018-08-17T14:30:00Z,65.61,65.86,65.55,65.83,179498,310135.95,65.4688964500167,65.79824999999997,66.48948277555631,65.10701722444362,65.54424999999968,65.92199999999977,52.66593790980011,63.44729344729367,73.77823822268273
2018-08-17T15:30:00Z,65.81,65.88,65.74,65.8,181249,305556.15,65.48504784269882,65.77224999999997,66.42082902371243,65.12367097628751,65.56049999999968,65.87999999999977,52.085583701838196,57.57575757575761,65.13856513856508
2018-08-17T16:30:00Z,65.8,65.87,65.745,65.85,133884,299563.4,65.50285038695742,65.74624999999997,66.33590985957683,65.15659014042312,65.58149999999968,65.81199999999976,53.01488604547902,65.15151515151523,62.05818872485528
2018-08-17T17:30:00Z,65.845,66.02,65.8233,65.959,221053,280887.65,65.52510158759364,65.73469999999998,66.2975808399648,65.17181916003516,65.60622499999968,65.80779999999977,55.06111533588404,69.0606060606063,63.92929292929282
2018-08-17T18:30:00Z,65.95,66.06,65.9,65.9246,274631,270107.4,65.54458931502809,65.73242999999997,66.29185239176265,65.17300760823728,65.6385899999997,65.87271999999976,54.25800637302721,71.47081339712942,68.56097820308342
2018-08-17T19:30:00Z,65.93,66.01,65.82,65.9,397108,278417.35,65.56192642161209,65.74992999999996,66.30732412662954,65.19253587337039,65.6643399999997,65.88671999999977,53.65530321129905,66.72333864965525,69.0849193691301
2018-08-20T13:30:00Z,65.74,66.09,65.495,65.78,390183,289896.05,65.5725641571432,65.76917999999996,66.30227637252669,65.23608362747323,65.68683999999969,65.88271999999976,50.69693540880877,54.282779209095594,64.15897708529319
2018-08-20T14:30:00Z,65.79,66.035,65.77,65.94,177530,285837.1,65.59048785679475,65.79142999999996,66.31393593528297,65.26892406471696,65.70683999999969,65.90071999999977,54.313921319698075,51.709401709402265,57.57183985605081
2018-08-20T15:30:00Z,65.935,65.96,65.8,65.83,302104,290954.85,65.6021713759755,65.81117999999996,66.30750777718151,65.31485222281842,65.73183999999969,65.87491999999976,51.515774359329356,49.65034965034963,51.880843522948936
2018-08-20T16:30:00Z,65.84,66,65.705,65.95,215586,286287.65,65.61913862592792,65.85167999999996,66.24351917926336,65.45984082073656,65.7578399999997,65.87999999999975,54.28279426712147,57.575757575757756,52.978502978502995
2018-08-20T17:30:00Z,65.95,66.2,65.91,66.16,157630,278349.6,65.64552210758997,65.89167999999997,66.23490054484382,65.5484594551561,65.7873399999997,65.93199999999976,58.72244233536327,67.83216783216811,58.35275835275828
2018-08-20T18:30:00Z,66.16,66.22,66.095,66.18,206380,267069,65.67159419990266,65.92917999999996,66.2227295569779,65.63563044302202,65.8155899999997,66.01199999999976,59.12951695119472,83.70870508801612,69.7055434986471
2018-08-20T19:30:00Z,66.18,66.24,65.81,65.81,458258,275611.9,65.67834570234643,65.91617999999997,66.20664525162071,65.62571474837922,65.82508999999969,65.98599999999976,49.41959717469394,76.59054360743838,76.0438055092073
2018-08-21T13:30:00Z,65.77,66.19,65.77,66.18,164906,271279.2,65.70281664369539,65.93767999999997,66.23920628806826,65.63615371193168,65.8493399999997,66.05599999999977,57.02038359409122,76.23698218005184,78.84541029183521
2018-08-21T14:30:00Z,66.17,66.32,66.0817,66.26,156290,264921.1,65.72999631961268,65.95717999999997,66.28772352572658,65.62663647427335,65.8704649999997,66.11799999999977,58.47341631925056,75.65182021557963,76.15978200102306
2018-08-21T15:30:00Z,66.27,66.38,66.25,66.295,182749,266617.05,65.75755747475353,65.97142999999997,66.33297287768065,65.6098871223193,65.8860899999997,66.14499999999975,59.12450275851687,91.68968722603238,81.19282987388772
2018-08-21T16:30:00Z,66.28,66.5,66.2701,66.44,251713,269446.1,65.79084735403384,65.99292999999996,66.40823505945215,65.57762494054776,65.9033399999997,66.19699999999976,61.796869391702025,92.38420123317728,86.57523622492954
2018-08-21T17:30:00Z,66.435,66.6377,66.22,66.295,194502,267084.5,65.81544016603219,65.99817999999996,66.42578961448555,65.57057038551437,65.9179649999997,66.29399999999976,57.73210770559223,84.81165243195919,89.62851363038938
2018-08-21T18:30:00Z,66.29,66.44,66.23,66.345,156484,249664.35,65.841272353055,66.01642999999997,66.46976040091779,65.56309959908215,65.93283999999969,66.32699999999974,58.739932941418616,79.47490167957802,85.55691844823794
2018-08-21T19:30:00Z,66.34,66.59,66.31,66.54,337535,236963.65,65.87535662851573,66.06342999999997,66.52906373202215,65.59779626797778,65.94383999999968,66.38299999999974,62.49574985835743,78.61497622589818,80.9671767791449
2018-08-22T13:30:00Z,66.28,66.41,65.58,65.58,287317,242354.6,65.86094898810033,66.05092999999997,66.55295865695237,65.54890134304756,65.92458999999968,66.23999999999975,42.15253812800952,55.278434118024904,71.12277067450015
2018-08-22T14:30:00Z,65.58,66.215,65.555,65.82,265944,246589.35,65.85895147648569,66.05192999999997,66.55203132213009,65.55182867786985,65.91208999999968,66.11599999999974,46.81369330497975,38.64197393457291,57.51179475949845
2018-08-22T15:30:00Z,65.8228,65.8228,65.64,65.64,76381,243714.2,65.84827091665711,66.04142999999998,66.56625611634281,65.51660388365714,65.89383999999968,65.98499999999974,43.95317054285101,10.775530310026916,34.898646120874695
2018-08-22T16:30:00Z,65.64,65.83,65.6,65.81,84014,236862.25,65.84640404267384,66.03397999999997,66.5674342814513,65.50052571854864,65.88433999999968,65.87799999999973,47.23260714087701,18.626273821618245,22.681259355405803
2018-08-22T17:30:00Z,65.81,65.82,65.521,65.56,118244,229042.9,65.83243311376292,66.01574999999998,66.58652381684081,65.44497618315916,65.87408999999967,65.68199999999973,43.2269096513516,11.63180236935491,13.677868833666464
2018-08-22T18:30:00Z,65.56,65.77,65.56,65.6953,165278,217451.4,65.82574369357935,66.00551499999997,66.59136630971543,65.41966369028452,65.87772249999968,65.70505999999975,45.90095225248692,14.217717631767007,14.825264607579827
2018-08-22T19:30:00Z,65.7,65.84,65.625,65.82,318515,213868,65.82546351340476,66.00751499999998,66.59053945668785,65.42449054331212,65.88834749999968,65.70505999999975,48.31711336082937,15.29208083340793,13.713866944843057
2018-08-23T13:30:00Z,65.5,65.9,65.31,65.82,189584,214470.7,65.82519700055575,66.00151499999997,66.58964273875765,65.41338726124229,65.89647249999969,65.74105999999975,48.31711336082937,26.9320337906474,18.813944085273885
2018-08-23T14:30:00Z,65.815,65.86,65.49,65.515,152662,206998.6,65.81006543955303,65.98576499999997,66.60734192773934,65.3641880722606,65.89847249999968,65.68205999999974,42.88416053100608,26.875949021986575,23.033354548680407
2018-08-23T15:30:00Z,65.5,65.56,65.28,65.43,133278,202883.2,65.79152566201385,65.95976499999998,66.62697785741278,65.29255214258717,65.9057224999997,65.65605999999973,41.48418237640924,21.633540990348347,25.14717460099388
2018-08-23T16:30:00Z,65.425,65.67,65.4,65.67,82410,199122.2,65.78559758094,65.93526499999997,66.60723667879275,65.2632933212072,65.91347249999968,65.65099999999973,46.76829119891352,18.40446025135307,22.30465008789577
2018-08-23T17:30:00Z,65.66,65.67,65.41,65.435,124733,195039.85,65.76849525991854,65.89801499999996,66.59376614595989,65.20226385404003,65.91359749999968,65.57399999999973,42.70208960035804,17.20173560997228,19.079912283891005
2018-08-23T18:30:00Z,65.435,65.46,65.27,65.3,177742,181014.05,65.74564183260544,65.87251499999996,66.61510756467061,65.12992243532932,65.89434749999968,65.46999999999973,40.522454764547,14.27661268595403,16.6276028490929
2018-08-23T19:30:00Z,65.31,65.31,65.18,65.22,294489,187493.2,65.7200007676003,65.82451499999996,66.60456209928498,65.04446790071495,65.8810974999997,65.41099999999973,39.24410429307432,5.785606953918104,12.421318416614577
2018-08-24T13:30:00Z,65.38,65.62,65.17,65.52,126859,186021.65,65.7102446325954,65.78751499999996,66.551461278941,65.02356872105891,65.87234749999969,65.42899999999973,46.109735287813535,13.005860919852845,11.0226935199081
2018-08-24T14:30:00Z,65.52,65.7,65.36,65.53,139310,183849.7,65.70145221149319,65.74926499999995,66.48378270374003,65.01474729625987,65.86034749999969,65.40099999999974,46.32745994095073,28.686641326660506,15.826036400143591
2018-08-24T15:30:00Z,65.52,65.9099,65.52,65.7,247489,183638.5,65.70138137190816,65.71226499999997,66.37491324537245,65.0496167546275,65.85259749999969,65.45399999999974,50.02397599548198,51.47973099563044,31.05741108071437
2018-08-24T16:30:00Z,65.7,65.72,65.44,65.545,135409,180683.85,65.69375301230288,65.67476499999997,66.28399172060853,65.0655382793914,65.8364724999997,65.50299999999974,46.85537655931477,57.209631561960215,45.79200129475016
2018-08-24T17:30:00Z,65.56,65.93,65.54,65.7325,248198,185269.55,65.69564310926371,65.64413999999996,66.17161446346002,65.11666553653991,65.83028499999969,65.60549999999975,50.90643028120252,65.44232802915555,58.04389686224851
2018-08-24T18:30:00Z,65.73,65.77,65.6146,65.63,178075,177296.55,65.6924410063728,65.59863999999997,65.92951047253744,65.2677695274625,65.83103499999969,65.62749999999974,48.720059787926694,61.740666116568235,61.46420856922777
2018-08-24T19:30:00Z,65.63,65.72,65.38,65.4,358755,180868.45,65.67817559142779,65.58963999999999,65.93165366872057,65.2476263312794,65.8202849999997,65.60149999999973,44.139035383293304,54.934210526315326,60.70573489067947
2018-08-27T13:30:00Z,65.2,65.86,65.2,65.86,265931,180867.8,65.68704507477277,65.59163999999998,65.9394375123478,65.24384248765217,65.8217849999997,65.63349999999974,53.546775960352214,60.526315789473074,59.06706414411865
2018-08-27T14:30:00Z,65.86,65.94,65.77,65.88,154618,184779.65,65.69645751014971,65.60363999999997,65.97316627728166,65.23411372271828,65.8225349999997,65.70049999999974,53.91022069215753,71.08680792891288,62.182444748233536
2018-08-27T15:30:00Z,65.9,65.92,65.665,65.69,128452,187001.55,65.6961425096546,65.59763999999997,65.95733485623813,65.2379451437618,65.81580999999969,65.69199999999974,49.91482021818469,83.50991114148962,71.70767828662497
2018-08-27T16:30:00Z,65.695,65.75,65.655,65.67,79298,185054.25,65.69486726528122,65.60313999999997,65.96372733977397,65.24255266022597,65.80944499999968,65.69999999999973,49.49896096632919,74.89177489177484,76.49616465405889
2018-08-27T17:30:00Z,65.6681,65.75,65.6,65.74,85922,181086.45,65.69706886209677,65.60537499999997,65.96876279218489,65.24198720781504,65.8054449999997,65.76799999999973,51.03655453953169,68.83116883116872,75.74428495481084
2018-08-27T18:30:00Z,65.745,65.79,65.705,65.775,89440,169632.7,65.70087038101887,65.60312499999998,65.96169464107807,65.24455535892189,65.8053199999997,65.75099999999973,51.826333626811945,72.51082251082278,72.07792207792188
2018-08-27T19:30:00Z,65.78,65.84,65.67,65.8,236936,172000.3,65.70570597218868,65.60212499999997,65.95837377192977,65.24587622807017,65.8018199999997,65.73499999999973,52.416731221964284,78.13852813852823,73.16017316017302
2018-08-28T13:30:00Z,65.85,66.08,65.7344,65.86,138579,171296.15,65.7132325101307,65.61937499999998,65.99019124492466,65.2485587550753,65.80256999999969,65.76899999999974,53.87770269258541,78.46320346320373,76.37085137085136
2018-08-28T14:30:00Z,65.86,66.09,65.835,65.905,118184,170541.45,65.72258702183164,65.64312499999997,66.02311472026493,65.26313527973501,65.80144499999969,65.81599999999973,54.99380926456225,78.67722165474962,78.4263177521603
2018-08-28T15:30:00Z,65.9,65.93,65.73,65.74,91159,170978.9,65.72343643540083,65.64662499999999,66.02882349227185,65.26442650772812,65.7909449999997,65.81599999999973,50.19724033321641,71.62921348314568,76.25654620036612
2018-08-28T16:30:00Z,65.73,65.77,65.52,65.6,105588,170021.65,65.71741514586908,65.65487499999998,66.02538976016585,65.2843602398341,65.77644499999968,65.78099999999974,46.491940671546,61.61048689138505,70.63897400975988
2018-08-28T17:30:00Z,65.6,65.71,65.5,65.69,169172,169593.15,65.71607782168034,65.67437499999997,66.0072709109135,65.34147908908643,65.77344499999968,65.75899999999972,49.0933983105026,53.558052434456094,62.26591760299538
2018-08-28T18:30:00Z,65.69,65.7,65.4115,65.5,184463,164091.85,65.70553744013496,65.68837499999998,65.96191784399574,65.41483215600422,65.75644499999969,65.68699999999971,44.207045472605074,44.56928838951246,53.2459425717843
2018-08-28T19:30:00Z,65.5,65.67,65.49,65.59,420722,178785,65.69990146744546,65.69187499999998,65.9584124035616,65.42533759643837,65.73969499999968,65.62399999999973,46.90295711767065,44.1947565543068,47.440699126091545
2018-08-29T13:30:00Z,65.74,66.24,65.51,66.18,459080,194773.5,65.72332090805787,65.72437499999998,66.05487414901472,65.39387585098524,65.7368199999997,65.71199999999973,60.40874092266951,56.76202875554656,48.5086912331217
2018-08-29T14:30:00Z,66.18,66.49,66.17,66.38,376422,201220.15,65.75535403449408,65.75837499999997,66.19478729073565,65.3219627092643,65.73531999999969,65.86799999999972,63.77268149892677,75.45962338256886,58.80546956414051
2018-08-29T15:30:00Z,66.39,66.48,66.075,66.075,338919,211395.65,65.77094652061632,65.78487499999997,66.23051071166255,65.3392392883374,65.72981999999969,65.94499999999974,55.963454552244514,81.35975864464578,71.1938035942535
2018-08-29T16:30:00Z,66.0775,66.26,66.07,66.24,163668,207169.15,65.79382717814723,65.81024999999997,66.29696834771987,65.32353165228007,65.72719499999968,66.09299999999972,58.8958833345277,76.04697882862007,77.622120285278
2018-08-29T17:30:00Z,66.235,66.235,65.83,66.02,172688,206899.8,65.8048599987254,65.82974999999996,66.31726897399925,65.34223102600068,65.71419499999969,66.17899999999972,53.755877556620895,64.92041415546282,74.10905054290932
2018-08-29T18:30:00Z,66.03,66.03,65.88,65.945,170778,197500.95,65.81169609634856,65.85699999999997,66.30468739093925,65.40931260906069,65.72331999999969,66.13199999999972,52.086974666933266,60.90248802348907,67.28996033585709
2018-08-29T19:30:00Z,65.94,66.01,65.9,65.97,293321,198870.45,65.81941823799009,65.86249999999997,66.31289427172955,65.41210572827039,65.7270699999997,66.04999999999971,52.615065734603554,52.557564518621255,59.460155565857484
2018-08-30T13:30:00Z,65.57,65.93,65.33,65.67,191974,200738.25,65.81212954345399,65.85199999999998,66.31000000000712,65.39399999999283,65.7278199999997,65.96899999999971,46.0551354884666,43.52069445110539,52.326915664405
2018-08-30T14:30:00Z,65.68,66.07,65.64,66.025,188908,203761.05,65.82251346816355,65.86874999999998,66.32632922811423,65.41117077188572,65.7331949999997,65.92599999999972,53.451033722799494,47.003008115784866,47.693755695170275
2018-08-30T15:30:00Z,66.025,66.35,66.025,66.315,215769,210584.6,65.84653720142387,65.90099999999998,66.38797638546761,65.41402361453235,65.75206999999969,65.9849999999997,58.46116865337248,58.04597701149472,49.5232265261281
2018-08-30T16:30:00Z,66.315,66.36,65.85,66.01,177242,215150.6,65.85451099647636,65.91449999999998,66.39783114942679,65.43116885057316,65.7599374999997,65.99799999999972,52.1087832580809,67.81609195402358,57.62169236043416
2018-08-30T17:30:00Z,66.01,66.1,65.735,65.82,154138,218385.5,65.85282753323361,65.91674999999998,66.39787654260734,65.43562345739262,65.7599374999997,65.9679999999997,48.56831407071837,61.92528735632205,62.59578544061322
2018-08-30T18:30:00Z,65.82,66.07,65.7358,66.07,245456,218811.5,65.86342131210026,65.93024999999997,66.41266553665214,65.4478344633478,65.76618749999969,66.04799999999972,53.085121485517746,54.88505747126444,61.5421455938698
2018-08-30T19:30:00Z,66.07,66.15,65.98,66,416620,232713.55,65.87008368711976,65.93724999999998,66.41944783284603,65.45505216715392,65.7783124999997,66.04299999999971,51.71561153429987,54.597701149425205,57.136015325670336
2018-08-31T13:30:00Z,66.13,66.38,65.7,66.315,175727,235590.7,65.89178692189441,65.95774999999998,66.46683226250533,65.44866773749462,65.80043749999969,66.04299999999971,57.08141727690627,68.82183908045987,59.43486590038294
2018-08-31T14:30:00Z,66.33,66.35,66.06,66.09,162672,239166.35,65.9014558525337,65.97524999999999,66.4772009438124,65.47329905618757,65.8109374999997,66.05899999999971,52.58614317889202,69.58645677161441,64.33533233383292
2018-08-31T15:30:00Z,66.1,66.23,66.0298,66.08,85185,238146.2,65.91016532314181,65.99924999999999,66.47220110740393,65.52629889259605,65.8270624999997,66.11099999999972,52.38867323837506,74.14310701791977,70.85046762333111
2018-08-31T16:30:00Z,66.075,66.14,65.915,65.99,141491,236762.15,65.9140596976227,66.01424999999998,66.46555117438949,65.56294882561046,65.84431249999969,66.09499999999971,50.54888250290337,66.79089026915119,70.17348468622822
2018-08-31T17:30:00Z,66,66.02,65.87,65.9201,100236,232550.8,65.91435434651916,66.03525499999998,66.42357206362543,65.64693793637453,65.8618149999997,66.0790199999997,49.10647124133449,63.49523809523837,68.14307846076954
2018-08-31T18:30:00Z,65.92,66.07,65.8411,65.88,177178,220373.6,65.91267852473774,66.04975499999998,66.38904773776818,65.71046226223177,65.8708149999997,65.99201999999971,48.2557669026582,57.146031746031916,62.4773867034736
2018-08-31T19:30:00Z,65.88,66.17,65.88,66.05,541722,224505.7,65.91937713328713,66.04325499999997,66.37725772739438,65.70925227260557,65.8838149999997,65.98401999999972,52.04833060407718,59.0507936507939,59.89735449735449
2018-09-04T13:30:00Z,65.74,66.295,65.63,66.03,346269,222998.05,65.92477337068776,66.02575499999998,66.32187747787705,65.7296325221229,65.89206499999969,65.9740199999997,51.56944788119699,58.09523809523833,58.09735449735448
2018-09-04T14:30:00Z,66.03,66.16,65.61,65.77,198363,215970.25,65.9172234501664,66.01050499999997,66.32571188747205,65.69529811252788,65.8976899999997,65.9300199999997,45.684780231606844,47.56132756132772,54.90245310245308
2018-09-04T15:30:00Z,65.76,65.9,65.54,65.59,224427,219008.2,65.9012613306461,65.97800499999997,66.32435984969945,65.63165015030049,65.89412749999971,65.8639999999997,42.10279169049663,26.688311688311742,44.11495911495903
2018-09-04T16:30:00Z,65.585,65.93,65.53,65.89,150054,217876.5,65.90071199744385,65.97150499999996,66.31933964737065,65.62367035262928,65.9006274999997,65.8659999999997,49.245467183839295,23.02818096935732,32.42594007299869
2018-09-04T17:30:00Z,65.89,66.03,65.8,65.97,241924,221433.8,65.90409190000756,65.97275499999998,66.32037928267229,65.62513071732766,65.9148774999997,65.84999999999971,50.98211316929526,33.35667600373484,27.691056220467733
2018-09-04T18:30:00Z,65.96,66.18,65.8,65.8,219209,217728.2,65.89901424634866,65.96425499999997,66.31995288010881,65.60855711989112,65.91337749999971,65.80399999999972,47.27993788417852,41.960784313725505,32.78188042893898
2018-09-04T19:30:00Z,65.8,65.86,65.75,65.77,281155,222187.25,65.892720868478,65.96925499999998,66.31079677183868,65.62771322816127,65.9106274999997,65.80399999999972,46.63633120972247,37.25490196078412,37.524120759414586
2018-09-05T13:30:00Z,65.63,65.92,65.43,65.7,519757,238729.7,65.88331985050345,65.95300499999998,66.31282812586956,65.5931818741304,65.91087749999971,65.82599999999971,45.093841262427034,29.78260869565194,36.33276499005362
2018-09-05T14:30:00Z,65.7,65.79,65.48,65.62,214750,238678.75,65.87047497974719,65.91825499999996,66.2655485673462,65.57096143265372,65.9096274999997,65.77199999999971,43.32998522621065,26.51614604122605,31.184552232553802
2018-09-05T15:30:00Z,65.61,65.85,65.56,65.77,231002,241366.75,65.86557376122293,65.90625499999996,66.2566109645814,65.55589903541852,65.91037749999971,65.73199999999972,47.478290535493436,30.20650079584446,28.835085177573916
2018-09-05T16:30:00Z,65.77,66.03,65.75,65.84,248588,246089.25,65.86432626067547,65.90725499999996,66.25673355716438,65.55777644283555,65.91200249999972,65.73999999999971,49.341911755996115,36.22350674373754,30.982051193602448
2018-09-05T17:30:00Z,65.83,65.9,65.585,65.685,217044,244668.65,65.8555786382035,65.88800499999996,66.24189097303899,65.53411902696094,65.9091274999997,65.7229999999997,45.49264242917654,38.72832369942147,35.052777079667585
2018-09-05T18:30:00Z,65.68,65.775,65.635,65.71,159936,231834.45,65.84847724121796,65.87350499999997,66.23158719993867,65.51542280006126,65.9053774999997,65.72499999999971,46.22136975840504,36.41618497109767,37.122671804751995
2018-09-05T19:30:00Z,65.7,65.725,65.51,65.72,379959,242046.05,65.84221005871953,65.84375499999996,66.14444055322303,65.54306944677688,65.9007524999997,65.7449999999997,46.52931278145871,31.79190751445007,35.64547206165617
2018-09-06T13:30:00Z,65.5,65.96,65.37,65.64,265188,247171.85,65.83234615341614,65.82125499999998,66.11205166763563,65.53045833236433,65.8982524999997,65.71899999999971,44.34180949283756,33.07642903018538,33.76150717191081
2018-09-06T14:30:00Z,65.63,65.63,65.385,65.58,271179,256471.55,65.82003658495681,65.79625499999997,66.07965172176394,65.51285827823601,65.8977524999997,65.6669999999997,42.71964223928793,30.928423606650252,31.932253383761672
2018-09-06T15:30:00Z,65.59,65.745,65.57,65.575,200926,259443.3,65.80808358081258,65.77550499999998,66.05988991856364,65.49112008143632,65.8948774999997,65.64499999999971,42.57984784365381,28.189300411522066,30.73138434945233
2018-09-06T16:30:00Z,65.57,65.71,65.41,65.68,214999,265181.45,65.80183560126075,65.76349999999998,66.04267915396831,65.48432084603165,65.8993774999997,65.63899999999971,46.53646307461705,29.835390946501743,29.651038321557788
2018-09-06T17:30:00Z,65.67,65.68,65.49,65.51,171130,264879.05,65.78759971827242,65.74499999999998,66.039465617699,65.45053438230096,65.89737749999969,65.59699999999971,41.545054526203714,26.954732510288036,28.32647462277038
2018-09-06T18:30:00Z,65.52,65.66,65.47,65.61,236896,249637.75,65.77893631738108,65.72299999999997,65.9872233903596,65.45877660964034,65.88312749999969,65.59099999999971,45.264150379925674,30.639730639730505,29.14328469883986
2018-09-06T19:30:00Z,65.62,65.66,65.45,65.51,341441,249396.35,65.76581747263079,65.69699999999997,65.93644519208348,65.45755480791647,65.86137749999969,65.57699999999971,42.36164138231182,24.95323606434705,27.51589973812163
2018-09-07T13:30:00Z,65.33,65.64,65.15,65.24,220593,250507.85,65.74016783981953,65.67049999999998,65.9790919636238,65.36190803637615,65.8405024999997,65.50999999999972,35.70446350846841,22.601010101009578,26.064658935028806
2018-09-07T14:30:00Z,65.26,65.31,64.74,64.79,259026,252237.8,65.69381818909663,65.63049999999997,66.1230332476248,65.13796675237514,65.8042524999997,65.33199999999971,27.84916077136127,11.771787643880627,19.775344603078846
2018-09-07T15:30:00Z,64.78,64.81,64.07,64.1,505638,270017,65.6160709603602,65.54099999999997,66.35682228458029,64.72517771541965,65.7562524999997,65.0499999999997,20.42780340264339,5.211284654806162,13.194694133231886
2018-09-07T16:30:00Z,64.11,64.65,64.1,64.58,264103,271125.95,65.56553091351337,65.47149999999996,66.36264589154652,64.5803541084534,65.72212749999969,64.8439999999997,33.66994989991818,10.796902740424727,9.259991679703603
2018-09-07T17:30:00Z,64.58,64.775,64.49,64.625,202852,270308.1,65.51965135675663,65.41274999999996,66.36252089343985,64.46297910656007,65.6885024999997,64.6669999999997,34.76599157147311,19.29327286470166,11.767153419977282
2018-09-07T18:30:00Z,64.625,64.64,64.1,64.48,308128,271656.75,65.46893665642703,65.34824999999996,66.36506008552207,64.33143991447785,65.65875249999971,64.5149999999997,32.880620178161934,26.01410934744307,18.701428317522918
2018-09-07T19:30:00Z,64.48,64.49,64.26,64.42,413434,266340.6,65.4177690146501,65.28424999999996,66.36364925422731,64.2048507457726,65.6186274999997,64.4409999999997,32.10476664569788,23.192239858906976,22.833207357017002
2018-09-10T13:30:00Z,64.98,65.45,64.59,65.45,254911,268348.65,65.4193412578379,65.27574999999997,66.34708689846708,64.20441310153286,65.59700249999972,64.7109999999997,52.7265988396897,40.86656663771126,30.024305281353534
2018-09-10T14:30:00Z,65.46,65.75,65.37,65.53,387235,276160.3,65.42473924526044,65.26374999999999,66.31791258234209,64.20958741765789,65.58500249999972,64.9009999999997,53.897840937256795,62.603780041591186,42.22086217940291
2018-09-10T15:30:00Z,65.525,65.53,65.24,65.31,154905,271476.15,65.41914220890627,65.23724999999997,66.25826163069698,64.21623836930297,65.5722524999997,65.0379999999997,50.21343769054036,81.03411513859288,61.50148727263154
2018-09-10T16:30:00Z,65.33,65.75,65.31,65.74,172998,269273.85,65.43479380847181,65.23999999999998,66.26610428320592,64.21389571679404,65.5640024999997,65.28999999999971,56.47603766484385,86.70634920634923,76.78141479551086
2018-09-10T17:30:00Z,65.74,65.8,65.4901,65.52,134576,268005.85,65.43895020805856,65.23049999999998,66.24244318023212,64.21855681976784,65.5520024999997,65.50999999999969,52.815516109094794,85.67643820533992,84.47230085009379
2018-09-10T18:30:00Z,65.5299,65.58,65.365,65.53,193920,258703.9,65.443391661324,65.22099999999998,66.2178380008907,64.22416199910926,65.53237749999971,65.5259999999997,52.96474888552934,89.20428479677032,87.19569073615293
2018-09-10T19:30:00Z,65.52,65.635,65.49,65.57,262858,258587.4,65.44956767784478,65.21749999999996,66.2089055678816,64.22609443211832,65.5193774999997,65.5339999999997,53.5969513708371,84.97109826589598,86.61727375600185
2018-09-11T13:30:00Z,65.56,66,65.24,65.96,176051,253831,65.4744668155109,65.23649999999996,66.26869232705009,64.20430767294984,65.5163774999997,65.66399999999969,59.335909939075776,89.67524234528328,87.9502084693163
2018-09-11T14:30:00Z,65.95,66,65.6,65.74,120567,249813.05,65.48741965377866,65.24474999999998,66.29018519646758,64.19931480353239,65.5101274999997,65.66399999999969,55.18937962542795,90.38705362045359,88.34446474387738
2018-09-11T15:30:00Z,65.7301,65.965,65.72,65.8,167504,247438.3,65.50266747554555,65.25074999999997,66.3074253285769,64.19407467142304,65.5071249999997,65.71999999999969,56.09061421752111,91.30988091991615,90.45739229521746
2018-09-11T16:30:00Z,65.8,65.95,65.725,65.88,94704,243617,65.52107394015309,65.26924999999997,66.35596189835174,64.1825381016482,65.5071249999997,65.7899999999997,57.32307590291419,89.89546404872266,90.53079952969726
2018-09-11T17:30:00Z,65.88,66,65.85,65.99,79765,235760.45,65.54394838209684,65.28824999999998,66.41082416236908,64.16567583763087,65.5056249999997,65.87399999999968,59.026062187421935,94.21052631578927,91.80529042814248
2018-09-11T18:30:00Z,65.98,66.02,65.82,65.97,109741,224175.45,65.56473138784821,65.31124999999997,66.46934272082274,64.15315727917721,65.5041249999997,65.87599999999968,58.56844353654428,96.77232854864423,93.62610630438517
2018-09-11T19:30:00Z,65.96,66.02,65.88,65.91,258789,226085.25,65.58157375917268,65.34474999999998,66.53107826402254,64.15842173597741,65.5076249999997,65.90999999999968,57.13729239995772,96.31348914243648,95.76544800228977
2018-09-12T13:30:00Z,66,66.6,65.62,66.53,481989,237233.4,65.62783845384719,65.43174999999997,66.695281855565,64.16821814443493,65.5311249999997,66.05599999999968,66.30087939881369,94.77324146441816,95.95301971849942
2018-09-12T14:30:00Z,66.52,67.11,66.46,67.05,681176,246010.3,65.69721218780586,65.57924999999997,66.87482815280508,64.28367184719487,65.5601249999997,66.2899999999997,71.75499037487239,94.65069244481025,95.24580768388807
2018-09-12T15:30:00Z,67.06,67.79,66.9636,67.705,598872,262748.75,65.79515305669338,65.73549999999997,67.24709816089562,64.22390183910433,65.6034999999997,66.63299999999968,76.83975823902485,96.10368389780159,95.17587260234312
2018-09-12T16:30:00Z,67.705,68.23,67.66,68.16,795532,292382.75,65.91051144417175,65.91224999999997,67.66979509188882,64.15470490811113,65.6624999999997,67.07099999999969,79.58864037132298,97.03899113106253,95.93112249122457
2018-09-12T17:30:00Z,68.15,68.32,67.74,67.85,531629,303557.8,66.00512064201703,66.08074999999997,67.90176695489758,64.25973304510235,65.71449999999969,67.45899999999969,73.21283252320875,93.02192976106005,95.38820159664117
2018-09-12T18:30:00Z,67.86,67.97,67.43,67.48,497259,307749.05,66.07706597655279,66.23374999999997,67.98372964274586,64.48377035725409,65.75899999999969,67.64899999999969,66.37792675351174,85.04213178126228,91.70101755779473
2018-09-12T19:30:00Z,67.48,67.985,67.42,67.92,573838,323695.4,66.16696519720875,66.35724999999998,68.21392841858051,64.50057158141945,65.8164999999997,67.82299999999968,69.96845710851356,81.49350649350673,86.51918934527613
2018-09-13T13:30:00Z,68,68.0954,67.37,67.82,358084,322237.85,66.24760104124735,66.47174999999997,68.3916126904093,64.55188730959064,65.86774999999969,67.84599999999969,68.18623098582121,80.45263559969464,82.329424624821
2018-09-13T14:30:00Z,67.84,68.38,67.81,68.31,381914,333588.3,66.34820586850358,66.62174999999998,68.62219313841203,64.62130686158793,65.9294999999997,67.87599999999968,71.95574359398684,88.69813406258437,83.54809205192835
2018-09-13T15:30:00Z,68.32,68.71,68.31,68.52,595873,354732.05,66.45414704564975,66.76074999999997,68.87963242949526,64.64186757050469,66.00037499999969,68.00999999999969,73.40985817263166,90.97751595361667,86.70942853863168
2018-09-13T16:30:00Z,68.51,68.52,68.41,68.45,222408,359123.65,66.55150572634976,66.90724999999998,69.06748951218869,64.74701048781127,66.0688749999997,68.2039999999997,72.0684428385295,94.30022043994204,91.32529015204749
2018-09-13T17:30:00Z,68.44,68.455,68.15,68.22,281144,363484.85,66.63289569091806,67.04174999999998,69.17706560899688,64.90643439100307,66.1313749999997,68.2639999999997,67.69162661890047,89.8597626752968,91.7124996896183
2018-09-13T18:30:00Z,68.23,68.525,68.21,68.45,202554,360469.65,66.72153492550743,67.18574999999997,69.29289326755963,65.0786067324403,66.20162499999971,68.38999999999969,69.67497507544952,89.10463861920194,91.08820724481338
2018-09-13T19:30:00Z,68.45,68.57,68.32,68.47,428692,373101.7,66.80682590475097,67.31124999999999,69.41039714825217,65.2121028517478,66.2738749999997,68.42199999999968,69.84830855387418,89.32038834951474,89.42826321467095
2018-09-14T13:30:00Z,68.58,68.65,68.07,68.13,194031,376774.9,66.871370982568,67.43074999999997,69.42814899620022,65.43335100379973,66.33774999999972,68.34399999999968,63.23150267742896,86.01366414958665,88.14623037276756
2018-09-14T14:30:00Z,68.14,68.48,68.14,68.289,188662,377832.8,66.94052361756468,67.55519999999999,69.43751268391227,65.6728873160877,66.4029749999997,68.31179999999969,64.90579320918852,80.78283269282137,85.37229506397404
2018-09-14T15:30:00Z,68.29,68.31,67.96,68.01,239707,385082.95,66.99269319719568,67.66169999999997,69.38734238474423,65.9360576152557,66.4654749999997,68.26979999999969,59.76321772877876,65.95889413319243,77.58513032519993
2018-09-14T16:30:00Z,67.99,68.32,67.9,68.24,309168,396553.1,67.05353743147882,67.77419999999998,69.33470845560588,66.21369154439408,66.5312249999997,68.22779999999969,62.407493880739736,62.85994443722772,69.86722375441362
2018-09-14T17:30:00Z,68.245,68.29,67.905,67.97,213961,401764.1,67.09824292262618,67.87419999999999,69.1977658804966,66.55063411950337,66.59272499999969,68.1277999999997,57.620313483378006,52.487562189054806,60.43546691982476
2018-09-14T18:30:00Z,67.98,68.42,67.93,68.4,338874,405768.35,67.16174326786393,67.99869999999999,68.98536227251995,67.01203772748002,66.67172499999968,68.1817999999997,62.547642730550216,62.18905472636832,59.17885378421672
2018-09-14T19:30:00Z,68.405,68.48,68.23,68.24,451084,404223.1,67.21434115723642,68.08419999999998,68.80841726023236,67.3599827397676,66.75797499999969,68.1719999999997,59.76328816836286,62.18905472636832,58.95522388059692
2018-09-17T13:30:00Z,68.03,68.18,67.5,67.75,308585,385593.55,67.24047085688342,68.11919999999998,68.6919256236781,67.54647437632185,66.84922499999969,68.1199999999997,52.11234481252095,54.15073393363782,59.509614462124595
2018-09-17T14:30:00Z,67.755,67.93,67.41,67.53,298413,370570.6,67.25459422971838,68.11044999999997,68.7128015501941,67.50809844980584,66.9229749999997,67.9779999999997,49.07461800177842,31.6057664632971,49.31518504110085
2018-09-17T15:30:00Z,67.54,67.54,67.43,67.52,163133,338950.65,67.26754085265894,68.07844999999998,68.73264155453217,67.42425844546779,66.99534999999969,67.8879999999997,48.93498452323879,12.920964665832841,32.8924883542557
2018-09-17T16:30:00Z,67.52,67.61,67.43,67.47,169503,320844.35,67.27741690862679,68.05944999999997,68.75954070127969,67.35935929872025,67.07009999999968,67.7019999999997,48.1965646088603,7.646815550041512,17.391182226390256
2018-09-17T17:30:00Z,67.46,67.78,67.415,67.66,410304,316496.6,67.29607949844987,68.06844999999997,68.74266257035488,67.39423742964506,67.15109999999967,67.5859999999997,51.209484809775596,11.290322580645144,10.619367598839604
2018-09-17T18:30:00Z,67.66,67.69,67.325,67.4,307944,303201.9,67.30114879120842,68.04244999999997,68.7751274119752,67.30977258802474,67.19984999999969,67.5159999999997,47.16679975551647,10.220125786163608,9.719087972283193
2018-09-17T19:30:00Z,67.4,67.51,67.32,67.42,368143,303704.85,67.30694641114947,68.02244999999996,68.79885723207977,67.24604276792016,67.24709999999968,67.49399999999972,47.51007052422474,11.1134882245177,10.874645530441923
2018-09-18T13:30:00Z,67.43,67.88,67.08,67.4,308176,300017.95,67.31148561060559,67.97694999999996,68.78656656975951,67.1673334302404,67.29934999999969,67.46999999999971,47.17995034850297,12.01210573603863,11.115239915573085
2018-09-18T14:30:00Z,67.41,67.68,67.27,67.65,476263,294037.45,67.32799850764921,67.93344999999997,68.71467249713183,67.1522275028681,67.34709999999968,67.50599999999972,51.69795436625656,23.696741854637068,15.607445271730903
2018-09-18T15:30:00Z,67.66,68.045,67.6,68,553445,310589.3,67.36077906825169,67.91094999999997,68.65647303118115,67.16542696881879,67.40909999999968,67.57399999999971,57.215511860627686,43.09523809523833,26.26802856197111
2018-09-18T16:30:00Z,68,68.22,67.95,68.19,282698,310667,67.40122886980039,67.90944999999996,68.65259668136738,67.16630331863254,67.47559999999967,67.73199999999972,59.89383353271593,61.90476190476188,42.898913951545524
2018-09-18T17:30:00Z,68.19,68.45,68.141,68.39,432770,322177.8,67.44946160785891,67.90644999999996,68.64128181070487,67.17161818929506,67.54609999999968,67.92599999999973,62.551336715459556,79.5238095238093,61.50793650793628
2018-09-18T18:30:00Z,68.39,68.47,68.24,68.43,565142,329000.3,67.49729274893896,67.90444999999997,68.63332926985368,67.17557073014626,67.60784999999967,68.13199999999972,63.07827446202755,89.76190476190466,77.06349206349172
2018-09-18T19:30:00Z,68.43,68.58,68.28,68.5,828031,360700.3,67.54620529777121,67.92294999999997,68.69149238010732,67.15440761989262,67.67684999999967,68.30199999999971,64.03208257909891,94.88888888888896,88.05820105820074
2018-09-19T13:30:00Z,68.61,68.87,67.91,68.18,170008,359767.6,67.57712211251408,67.91749999999998,68.67707553937618,67.15792446062378,67.73634999999967,68.33799999999971,56.80737361309751,84.18258402057306,89.61112589045531
2018-09-19T14:30:00Z,68.18,68.3,67.75,67.94,282774,361920.95,67.59482347287924,67.91399999999997,68.67248269592712,67.15551730407283,67.78784999999968,68.28799999999971,52.062809923877595,68.05462445685917,82.3753657887735
2018-09-19T15:30:00Z,67.93,68.01,67.8,67.86,153331,354129.1,67.60775891322659,67.89499999999997,68.6387607142225,67.15123928577744,67.83459999999967,68.18199999999972,50.54731972977052,51.02420856610801,67.75380568117984
2018-09-19T16:30:00Z,67.86,67.875,67.74,67.81,79824,347422.25,67.61762433209358,67.88699999999997,68.63080373756831,67.14319626243163,67.88059999999967,68.05799999999972,49.57600109663248,44.13407821229044,54.404303745085635
2018-09-19T17:30:00Z,67.79,67.92,67.72,67.905,243367,342646.9,67.63164265735732,67.86224999999997,68.5681003736765,67.15639962632345,67.93047499999969,67.93899999999971,51.483614268569156,43.482309124767234,46.21353196772166
2018-09-19T18:30:00Z,67.91,67.97,67.865,67.97,213637,330774.55,67.6481478935838,67.84874999999997,68.53524745084823,67.1622525491517,67.96647499999969,67.89699999999972,52.79936996298327,45.53072625698323,44.3823711980134
2018-09-19T19:30:00Z,67.96,68.36,67.96,68.36,625750,346632.8,67.6828723865797,67.87924999999997,68.59889070897937,67.15960929102057,67.99922499999968,67.98099999999972,59.83730975884024,55.77281191806321,48.26194909993766
2018-09-20T13:30:00Z,68.78,68.8786,68.39,68.66,164476,339935.95,67.73053714820996,67.93574999999996,68.71204424191436,67.15945575808556,68.02309999999969,68.1409999999997,64.25281976132597,69.21319786964406,56.83891201489661
2018-09-20T14:30:00Z,68.633,68.72,68.34,68.7,143385,338948.55,67.77782801902899,67.99474999999997,68.81386827596808,67.17563172403186,68.03659999999968,68.3189999999997,64.80836690402644,81.3168400923848,68.76761662669713
2018-09-20T15:30:00Z,68.7,68.84,68.61,68.81,111524,336049.6,67.82817787175928,68.06174999999998,68.91664926308356,67.2068507369164,68.06059999999968,68.49999999999972,66.3568046270218,88.84040044149936,79.79014613450917
2018-09-20T16:30:00Z,68.81,68.92,68.67,68.915,102921,320680.45,67.881193585332,68.12449999999997,69.0346807512922,67.21431924870774,68.09647499999969,68.68899999999971,67.8126679319686,93.23133044274296,87.79619032554213
2018-09-20T17:30:00Z,68.915,68.995,68.85,68.93,127239,311645.2,67.93235487385239,68.20099999999998,69.1119368803708,67.29006311962915,68.12172499999969,68.80299999999973,68.0255373438178,96.18811835108646,92.75328307844269
2018-09-20T18:30:00Z,68.93,68.98,68.76,68.965,258581,306167.1,67.9827278068352,68.27824999999997,69.17305877846675,67.38344122153319,68.15034999999969,68.86399999999972,68.5482163159934,97.37745098039234,95.59896659140702
2018-09-20T19:30:00Z,68.96,69.15,68.78,69.14,432233,312369.95,68.0391801089408,68.36524999999997,69.23970111356705,67.4907988864329,68.1710999999997,68.95199999999973,71.09266941713578,97.28323963618074,96.94960298921961
2018-09-21T13:30:00Z,69.34,69.61,68.89,69.4,640571,320585.35,68.10556156704125,68.45274999999997,69.3724590572691,67.53304094273084,68.19309999999969,69.06999999999974,74.40561195483845,95.27888233770585,96.64652431809274
2018-09-21T14:30:00Z,69.39,69.6,69.33,69.47,241231,304974.65,68.1721195393807,68.52624999999998,69.52134735705386,67.5311526429461,68.2185999999997,69.18099999999973,75.22873264107928,93.59406026072692,95.38539407820429
2018-09-21T15:30:00Z,69.47,69.77,69.43,69.64,230313,302355.4,68.24372346428896,68.59874999999997,69.6917590347403,67.50574096525963,68.2540999999997,69.32299999999972,77.15062335112128,91.71333935561596,93.52876065134934
2018-09-21T16:30:00Z,69.65,69.65,69.455,69.53,134451,287439.45,68.30646866115292,68.65574999999997,69.8160959613492,67.49540403865073,68.2810999999997,69.43599999999974,73.193484141118,91.51460403492938,92.27400121709053
2018-09-21T17:30:00Z,69.53,69.575,69.29,69.29,308296,274597.15,68.35444579963327,68.69874999999998,69.88587625698196,67.51162374301799,68.3015999999997,69.46599999999974,65.32122389788984,85.58478970616511,89.60424436556991
2018-09-21T18:30:00Z,69.295,69.33,69.11,69.23,216760,244033.6,68.39715576062677,68.73524999999997,69.94044075254712,67.53005924745281,68.32909999999968,69.43199999999975,63.48295578731025,77.75385946316112,84.9510844014183
2018-09-21T19:30:00Z,69.22,69.28,68.97,69.07,314572,251261.8,68.4299774308401,68.77974999999996,69.96520972096206,67.59429027903786,68.34862499999969,69.35199999999973,58.736028963179926,65.33928217053482,76.22597711328679
2018-09-24T13:30:00Z,68.7,69.34,68.5,69.16,356072,254926.7,68.4655882878723,68.84074999999997,69.97137493782084,67.7101250621791,68.37737499999969,69.25599999999973,60.52413891262222,59.51911808265394,67.53741990544972
2018-09-24T14:30:00Z,69.18,69.34,68.99,69.1,289161,261718.2,68.49653520065901,68.90274999999995,69.94390548792086,67.86159451207905,68.39887499999969,69.16999999999973,58.69797505429137,51.878567626598816,58.912322626595625
2018-09-24T15:30:00Z,69.11,69.12,68.62,68.76,285057,271979.85,68.50938714209028,68.95024999999995,69.86689319668781,68.0336068033121,68.4186249999997,69.06399999999974,49.57056888483135,41.686397591909405,51.02802776705383
2018-09-24T16:30:00Z,68.76,68.83,68.53,68.55,146848,267153.9,68.51136825711026,68.98249999999996,69.78848076901855,68.17651923098137,68.42237499999969,68.92799999999974,44.92404501494008,23.884514435695525,39.14982655140101
2018-09-24T17:30:00Z,68.55,68.71,68.53,68.64,167340,264839.05,68.51764297627561,69.01599999999995,69.69684212563219,68.33515787436771,68.43237499999968,68.84199999999973,47.207963417806354,11.811023622047356,25.793978549883864
2018-09-24T18:30:00Z,68.65,68.94,68.65,68.92,190739,243088.5,68.53727014816461,69.04399999999995,69.65734003622002,68.43065996377989,68.46162499999969,68.79399999999973,53.647985631060756,16.01049868766408,17.23534558180209
2018-09-24T19:30:00Z,68.925,68.975,68.82,68.92,380854,253907.4,68.55593989703463,69.05699999999995,69.64784177242082,68.46615822757907,68.49637499999969,68.75799999999973,53.647985631060756,25.721784776903075,17.847769028871273
2018-09-25T13:30:00Z,69.51,69.51,68.56,69.01,295469,261511.6,68.57808917035001,69.07249999999995,69.64090566502195,68.50409433497795,68.53362499999969,68.80799999999974,55.6641584265985,35.43307086614207,25.721784776902847
2018-09-25T14:30:00Z,69.01,69.21,68.71,69.19,162805,264075.65,68.60793847911343,69.09149999999995,69.6488338317615,68.53416616823841,68.5766249999997,68.93599999999972,59.46199433202151,42.51968503937033,34.558180227471595
2018-09-25T15:30:00Z,69.2,69.42,69.06,69.23,180910,267975.1,68.63828294354693,69.10724999999995,69.66153760587893,68.55296239412097,68.6158749999997,69.05399999999972,60.27632874530687,52.65548328198124,43.53607972916432
2018-09-25T16:30:00Z,69.23,69.34,69.05,69.249,174746,270350.45,68.66807401947146,69.12319999999995,69.67451863747284,68.57188136252707,68.6620999999997,69.11979999999973,60.68037222253789,62.4944627118777,52.556543677742866
2018-09-25T17:30:00Z,69.24,69.49,69.15,69.46,111749,263008.85,68.706704555107,69.14794999999995,69.71291317581526,68.58298682418464,68.7130999999997,69.22779999999972,64.94465944621011,76.06739480823659,63.73911360069828
2018-09-25T18:30:00Z,69.46,69.545,69.43,69.52,217140,252254.2,68.74637750363836,69.16694999999996,69.75466676003863,68.57923323996128,68.7660999999997,69.32979999999972,66.07148172078007,87.44385968584542,75.335239068653
2018-09-25T19:30:00Z,69.52,69.54,69.4,69.45,732474,256849.35,68.78070055224137,69.16944999999996,69.76152008878178,68.57737991121813,68.8110999999997,69.38179999999971,63.50668954351213,94.52208378732558,86.01111276046898
2018-09-26T13:30:00Z,69.47,69.49,69.05,69.21,261581,257866.85,68.8016419887174,69.15644999999995,69.73276049793859,68.58013950206131,68.84134999999971,69.37779999999972,55.54538879858312,85.17060676770257,89.04551674695763
2018-09-26T14:30:00Z,69.22,69.27,68.98,69.04,147110,253706.7,68.81326920877997,69.12644999999995,69.65981834367359,68.5930816563263,68.8625999999997,69.33599999999971,50.69728794359268,69.3834900731452,83.02539354272422
2018-09-26T15:30:00Z,69.05,69.05,68.69,68.87,148563,254412.3,68.81603656444923,69.09344999999995,69.60404630828515,68.58285369171475,68.8745999999997,69.21799999999972,46.341392947279296,50.246305418719224,68.26680075318878
2018-09-26T16:30:00Z,68.88,69.04,68.87,68.985,142147,246104.85,68.8242786832566,69.07819999999995,69.58258501170548,68.57381498829443,68.8884749999997,69.11099999999972,49.50220513223658,42.85714285714305,54.16231278300227
2018-09-26T17:30:00Z,68.99,69.32,68.99,69.02,263898,248461.75,68.83382606456115,69.06769999999996,69.56773203900207,68.56766796099785,68.90147499999969,69.02499999999972,50.45869770605458,41.67521025564068,44.92621951050075
2018-09-26T18:30:00Z,69.03,69.22,68.96,69.135,255164,245491.35,68.84851747604597,69.07094999999995,69.57184379117086,68.57005620882904,68.9253499999997,69.00999999999974,53.57053813035171,49.96790944629191,44.83342085302498
2018-09-26T19:30:00Z,69.13,69.14,68.74,68.79,523077,253841.6,68.84566296501934,69.05244999999995,69.5659927830614,68.5389072169385,68.94659999999969,68.95999999999972,44.53321368202116,42.808798646362135,44.817306116098
2018-09-27T13:30:00Z,69.08,69.75,68.87,69.66,359310,257349.05,68.88538672282328,69.08044999999996,69.65834392628022,68.50255607371969,68.99159999999969,69.11799999999974,61.96060291047073,57.74510742904588,50.17393850723307
2018-09-27T14:30:00Z,69.67,70.04,69.62,69.8999,404913,263341.85,68.93487517536849,69.13744499999996,69.79678534453276,68.47810465546715,69.0438474999997,69.30097999999973,65.20689910099185,68.16063666386428,56.23818091309053
2018-09-27T15:30:00Z,69.89,69.91,69.59,69.73,276942,269846.55,68.97366175217978,69.19644499999995,69.84606923748724,68.54682076251267,69.08947249999969,69.44297999999972,61.22206448054448,86.05623107384095,70.65399172225013
2018-09-27T16:30:00Z,69.735,69.94,69.71,69.92,309733,276966.2,69.01982459353687,69.26044499999996,69.93007759323801,68.59081240676191,69.1382224999997,69.59997999999972,63.88037033811243,85.92345679012328,80.04677484260927
2018-09-27T17:30:00Z,69.91,70.18,69.87,70.165,424287,288643.6,69.0756868084863,69.32269499999995,70.07990761870934,68.56548238129056,69.1833474999997,69.87497999999972,67.01993173917887,89.04714557958393,87.00894448118248
2018-09-27T18:30:00Z,70.17,70.26,70.02,70.18,301816,284691.7,69.1295557446577,69.38569499999996,70.20548562567024,68.56590437432968,69.2213474999997,69.97897999999972,67.20786568598126,95.00295276681368,89.99118504550673
2018-09-27T19:30:00Z,70.19,70.63,70.1053,70.49,864307,313133.6,69.19591887906464,69.45969499999995,70.39019015309546,68.52919984690445,69.26609749999969,70.09699999999972,70.89867468046165,95.56041744798979,93.20350526479557
2018-09-28T13:30:00Z,70.45,70.88,70.16,70.48,682209,339103.8,69.2585569825249,69.52419499999996,70.54538920774394,68.50300079225599,69.30784749999968,70.24699999999972,70.6225417386838,89.80770785690578,93.45702602390286
2018-09-28T14:30:00Z,70.49,70.86,70.44,70.695,489333,354524.95,69.32862737362125,69.59744499999996,70.72802984419539,68.46686015580454,69.3523474999997,70.40199999999972,73.05261759935382,88.69039212917203,91.35283914468897
2018-09-28T15:30:00Z,70.69,70.7,70.11,70.12,369372,364256.25,69.36723091637143,69.64099499999995,70.78159380849402,68.50039619150587,69.38209749999969,70.39299999999972,58.997008447977485,79.25788418042953,85.91866138883556
2018-09-28T16:30:00Z,70.12,70.325,70.06,70.125,208451,369091.35,69.40419526191428,69.67424499999996,70.83046458205709,68.51802541794282,69.41109749999968,70.3819999999997,59.07075377054869,73.58603963072038,80.51143864677375
2018-09-28T17:30:00Z,70.13,70.215,69.98,70.2,199308,368199.75,69.44301500523554,69.70824499999995,70.88414681645283,68.53234318354707,69.4375974999997,70.3239999999997,60.22630917175389,65.80996884735235,72.88463088616719
2018-09-28T18:30:00Z,70.2,70.3,70.09,70.17,272890,345220.55,69.47847768790697,69.74424499999995,70.93035904255012,68.55813095744978,69.4568474999997,70.2619999999997,59.502643518586346,66.58878504672926,68.66159784160044
2018-09-28T19:30:00Z,70.17,70.3,70.08,70.18,431720,353727.5,69.51269828849688,69.79274499999994,70.96677671249425,68.61871328750563,69.47459749999969,70.15899999999971,59.676572749798176,66.74028610839916,66.3796800008267
2018-10-01T13:30:00Z,70.71,70.77,70.41,70.595,327423,362743.15,69.56549349393606,69.87049499999993,71.04078035919584,68.70020964080403,69.49847249999968,70.2539999999997,66.17008405712377,69.96784533465426,67.76563882992734
2018-10-01T14:30:00Z,70.6,70.94,70.47,70.47,563521,383491.05,69.60961576252454,69.95049499999995,71.05306065425502,68.84792934574487,69.52197249999969,70.32299999999971,62.88522038240939,69.42209709420183,68.71007617908487
2018-10-01T15:30:00Z,70.48,70.55,70.09,70.09,271239,389945.65,69.63304913996237,70.00574499999995,71.01613946848222,68.99535053151767,69.54197249999969,70.30099999999972,54.09375864650031,57.99549029082046,65.79514423989197
2018-10-01T16:30:00Z,70.1,70.34,69.97,70.33,205789,387040.2,69.66704674289103,70.07124499999995,70.98252190738874,69.15996809261115,69.56947249999968,70.33299999999971,58.07985345099261,46.35671611129413,57.92476783210525
2018-10-01T17:30:00Z,70.33,70.41,70.13,70.185,212242,384894.1,69.69231275543294,70.12374499999996,70.9279077334922,69.31958226650771,69.59734749999969,70.3339999999997,54.97404257573042,32.01663720076863,45.45628120096086
2018-10-01T18:30:00Z,70.1844,70.295,70.09,70.1,202558,368868.15,69.71219993809474,70.18924499999994,70.7125559228193,69.66593407718058,69.62084749999968,70.2349999999997,53.178798020472236,26.185888171628477,34.85308049456353
2018-10-01T19:30:00Z,70.09,70.3,70.015,70.26,302543,366029.8,69.73892189233402,70.21924499999996,70.68317982509203,69.75531017490789,69.6498474999997,70.1929999999997,56.08587114387119,21.821305841924598,26.674610404773677
2018-10-02T13:30:00Z,70.16,70.34,69.86,70.07,166929,354130.6,69.75507204392748,70.22774999999996,70.67384948445724,69.78165051554268,69.68259749999969,70.1889999999997,51.96013042297747,20.914471172203022,22.973888395251816
2018-10-02T14:30:00Z,70.0665,70.2255,69.76,70.06,288388,354702.9,69.76994657837004,70.24424999999995,70.6366690999913,69.85183090000861,69.72034749999969,70.13499999999969,51.744384414883626,24.921693491499553,22.552490168542175
2018-10-02T15:30:00Z,70.08,70.58,70.06,70.2972,333665,355899.5,69.79566625747394,70.26310999999995,70.62656987348207,69.89965012651784,69.7617774999997,70.1574399999997,56.37180669281055,30.13119899560562,25.322454553102514
2018-10-02T16:30:00Z,70.31,70.42,69.9,70.18,231967,346283.5,69.81441424491423,70.26385999999995,70.62656810528011,69.90115189471979,69.79327749999969,70.17343999999972,53.63504170047013,35.514124293785464,30.189005593629997
2018-10-02T17:30:00Z,70.18,70.27,69.98,70.01,158843,339134.85,69.823955013455,70.25535999999995,70.63318356945129,69.87753643054862,69.8205274999997,70.1234399999997,49.85424206022879,34.10169491525446,33.24900606821496
2018-10-02T18:30:00Z,70.02,70.07,69.57,69.67,355322,313685.6,69.81644501279867,70.21435999999996,70.65429718828324,69.77442281171668,69.83702749999969,70.04343999999972,43.2827424062192,21.35964369664765,30.32515430189564
2018-10-02T19:30:00Z,69.68,69.85,69.665,69.72,287828,293966.55,69.811740378028,70.17635999999996,70.64809527494607,69.70462472505385,69.85027749999969,69.97543999999972,44.44253560758313,13.14487195348299,22.868736855128148
2018-10-03T13:30:00Z,69.82,69.98,69.42,69.54,380945,288547.15,69.79848474983152,70.11860999999996,70.60480670878238,69.63241329121755,69.8580274999997,69.82399999999973,41.178025362182716,8.714304008196105,14.406273219442028
2018-10-03T14:30:00Z,69.56,69.69,69.39,69.56,320793,286118.2,69.78685134740071,70.09060999999997,70.63435615366575,69.54686384633419,69.8658024999997,69.69999999999973,41.6905331291856,11.043118745769824,10.967431569149419
2018-10-03T15:30:00Z,69.55,69.55,69.26,69.37,175909,284491.1,69.76651713533239,70.05285999999998,70.68021862918783,69.42550137081213,69.86355249999971,69.57199999999973,38.27842200517452,10.171261487051126,9.976228080338798
2018-10-03T16:30:00Z,69.38,69.53,69.0401,69.31,257732,287412.3,69.7442480067796,70.00835999999997,70.70957038898965,69.30714961101029,69.85830249999971,69.49999999999973,37.241850414420945,13.382053256395944,11.53214449640541
2018-10-03T17:30:00Z,69.31,69.52,69.15,69.34,389133,293224.45,69.72452859181475,69.96685999999997,70.72112953380498,69.21259046619495,69.8555524999997,69.42399999999972,38.14380191767948,15.11191202891993,12.888408924122112
2018-10-03T18:30:00Z,69.36,69.38,68.804,68.89,296022,286439.55,69.6838198800189,69.90235999999997,70.78276972826605,69.0219502717339,69.84755249999971,69.29399999999973,30.956836265340485,13.94824836525624,14.147404550190481
2018-10-03T19:30:00Z,68.91,69.01,68.75,68.97,442107,292173.75,69.64899939806676,69.82110999999998,70.73029867108318,68.91192132891678,69.8458024999997,69.17599999999973,33.36072312354628,12.113163623041968,13.724441339072492
2018-10-04T13:30:00Z,68.53,68.99,68.28,68.43,408308,284413.1,69.58953601279521,69.71910999999997,70.76210271312193,68.67611728687801,69.83480249999971,68.98799999999974,26.622682703028445,7.79531313209151,11.285575040129686
2018-10-04T14:30:00Z,68.415,68.65,68.26,68.56,242707,282986.5,69.53931474387836,69.64260999999998,70.78524735262906,68.4999726473709,69.8241774999997,68.83799999999974,30.27382112068031,10.4915438455636,10.133340200232139
2018-10-04T15:30:00Z,68.565,68.74,68.44,68.48,353938,290393.95,69.48764085393307,69.55010999999998,70.75311728161552,68.34710271838443,69.81067749999971,68.66599999999974,29.307381333074133,9.879319599459576,9.388725525704674
2018-10-04T16:30:00Z,68.47,68.75,68.4,68.58,225552,291059.45,69.44336569032659,69.46985999999997,70.70641646439005,68.23330353560989,69.7968024999997,68.60399999999973,32.220129848862726,13.012205892631224,11.127689779217912
2018-10-04T17:30:00Z,68.57,68.73,68.3729,68.5,216260,291744.55,69.39734785177407,69.38985999999997,70.65957740541751,68.12014259458243,69.78955249999971,68.50999999999974,31.115589405420963,13.12175056780741,12.004425353299183
2018-10-04T18:30:00Z,68.49,68.9137,68.48,68.75,229711,288102.95,69.3657699077851,69.31435999999998,70.54717658393206,68.0815434160679,69.76680249999971,68.57399999999974,38.24069700449856,19.222812870420018,15.118923110285996
2018-10-04T19:30:00Z,68.74,68.99,68.68,68.95,365645,298038.75,69.34548844886875,69.25835999999997,70.44984898845975,68.06687101154019,69.74305499999971,68.65199999999975,43.29398744767609,27.288106557025802,19.87755666508419
2018-10-05T13:30:00Z,68.95,69.73,68.67,69.26,330846,300161.65,69.34131828063126,69.21835999999998,70.35181542904002,68.08490457095994,69.73130499999971,68.80799999999974,50.10822419440167,45.54395401571471,30.68495781438662
2018-10-05T14:30:00Z,69.24,69.24,68.51,68.51,251354,296046.1,69.30076616938095,69.12899999999998,70.18746870526132,68.07053129473863,69.6960549999997,68.79399999999973,38.16047424668418,41.71676422506986,38.1829415992699
2018-10-05T15:30:00Z,68.52,68.66,68.2779,68.37,265715,297733.5,69.25536294160626,69.03849999999997,70.02940413260882,68.04759586739112,69.6511799999997,68.76799999999973,36.415017498871904,30.839002267573708,39.36657350278587
2018-10-05T16:30:00Z,68.37,68.38,68.12,68.26,307466,305164.65,69.20680865177181,68.95099999999996,69.89106170011443,68.0109382998855,69.6031799999997,68.66999999999973,35.05816138181636,11.06181603076014,27.872527507801014
2018-10-05T17:30:00Z,68.26,68.72,68.26,68.72,342145,304505.8,69.18306188827074,68.90349999999998,69.7877912416251,68.01920875837486,69.5589299999997,68.62399999999973,44.38979354318776,17.815242038844417,19.90535344572587
2018-10-05T18:30:00Z,68.74,68.83,68.62,68.76,339278,307078.3,69.16242472298924,68.85549999999998,69.65770882569238,68.05329117430757,69.5159299999997,68.52399999999973,45.12815570324467,28.571428571428488,19.149495547010794
2018-10-05T19:30:00Z,68.76,68.79,68.53,68.57,359307,305996.4,69.13352595601415,68.80699999999997,69.55313939717723,68.06086060282271,69.46280499999969,68.53599999999972,42.258020430776526,34.98964803312597,27.125439547799402
2018-10-08T13:30:00Z,68.59,69.24,68.42,68.91,325877,306250.6,69.12262225084274,68.77449999999997,69.43874317837553,68.11025682162442,69.4325549999997,68.64399999999972,48.562440400802615,38.923395445134204,34.16149068322933
2018-10-08T14:30:00Z,68.9,68.91,68.64,68.67,68379,300874.1,69.10054311665529,68.73949999999998,69.34578293726587,68.13321706273409,69.39617999999969,68.72599999999971,44.840725462479035,37.060041407867054,36.99102829537552
2018-10-08T15:30:00Z,68.66,68.66,68.17,68.25,208473,298411.15,69.05905320852577,68.68649999999997,69.26888389402644,68.10411610597349,69.34742999999968,68.63199999999972,39.18162073544339,30.434782608695347,35.472739820565316
2018-10-08T16:30:00Z,68.25,68.32,68.03,68.07,144967,286202.85,69.0108067105489,68.62299999999996,69.18303928436056,68.06296071563936,69.29492999999968,68.49399999999972,37.02497987159884,14.862988673730063,27.452604230097265
2018-10-08T17:30:00Z,68.09,68.45,68.05,68.35,242866,283545.05,68.9785722368636,68.59599999999996,69.15401075260867,68.03798924739125,69.24917999999968,68.44999999999973,42.34151704232892,9.750334916574937,18.349368732999896
2018-10-08T18:30:00Z,68.36,68.95,68.345,68.84,220932,272486.3,68.97181261555318,68.58949999999996,69.13276696938713,68.04623303061278,69.2053049999997,68.43599999999972,50.25602245334453,22.94117647058796,15.851500020297436
2018-10-08T19:30:00Z,68.84,69.04,68.75,68.81,536454,278893.6,68.9639193172335,68.60849999999996,69.15469685098284,68.06230314901708,69.1638049999997,68.46399999999971,49.80526215542528,37.45098039215674,23.380830593106328
2018-10-09T13:30:00Z,68.77,69.35,68.77,69.06,733296,303423.05,68.96860617980748,68.63349999999996,69.21326805709617,68.05373194290374,69.1380549999997,68.62599999999972,53.54461976623289,57.186571598336485,39.192909487026846
2018-10-09T14:30:00Z,69.05,69.12,68.51,68.7463,602191,315835.7,68.95776197591444,68.64681499999996,69.2240966999759,68.06953330002402,69.09846249999968,68.76125999999972,48.647317590193424,59.392602495544025,51.34338482867887
2018-10-09T15:30:00Z,68.74,68.775,68.49,68.585,228298,315973,68.93957846489423,68.64706499999997,69.22423506256575,68.06989493743419,69.05846249999969,68.80825999999972,46.30228943937273,58.11363636363661,58.230936819172165
2018-10-09T16:30:00Z,68.585,68.59,68.32,68.35,161596,313239.8,68.91081853977744,68.63956499999996,69.2279731756101,68.05115682438982,69.01471249999969,68.7102599999997,43.04657752723422,40.18434343434339,52.563527431174464
2018-10-09T17:30:00Z,68.36,68.62,68.24,68.56,228773,313192.9,68.8937054402761,68.63006499999997,69.21716816054413,68.04296183945581,68.9722124999997,68.66025999999972,46.656213911181325,35.479797979797844,44.5925925925924
2018-10-09T18:30:00Z,68.57,68.75,68.48,68.53,345285,312174.9,68.87596371148214,68.60906499999996,69.17867630705605,68.03945369294387,68.93371249999969,68.55425999999972,46.20568189806242,34.09090909090913,36.585016835016575
2018-10-09T19:30:00Z,68.52,68.57,68.39,68.45,361240,313694.6,68.85518499384887,68.56856499999996,69.0566357951982,68.08049420480172,68.89346249999969,68.4949999999997,44.95891461850883,36.61616161616188,35.39562289562274
2018-10-10T13:30:00Z,68.54,69.05,67.9706,68.53,573884,329821.1,68.83932231122209,68.56956499999997,69.05723351561475,68.08189648438518,68.8492824999997,68.48399999999971,46.51316713124862,36.750277898603436,35.81911620189127
2018-10-10T14:30:00Z,68.52,68.84,68.24,68.34,1021417,367606.2,68.81496512530882,68.56806499999996,69.05835711815533,68.0777728818446,68.8032824999997,68.48199999999972,43.380074873631344,33.05060171088895,35.47234707521788
2018-10-10T15:30:00Z,68.35,68.47,67.87,68.1,518252,378145.5,68.78008877773277,68.56006499999997,69.07481398846399,68.04531601153595,68.7555324999997,68.38999999999972,39.73879324415381,27.624721285008235,32.47520029816666
2018-10-10T16:30:00Z,68.1,68.22,67.65,68.14,337660,377921.25,68.74886493491654,68.53106499999997,69.07122942045324,67.9909005795467,68.7172824999997,68.3119999999997,40.63321212259629,23.71460975598306,28.12997758395987
2018-10-10T17:30:00Z,68.14,68.4479,67.45,67.71,584528,390183.75,68.69818859662793,68.47856499999997,69.11503958796062,67.84209041203933,68.6670324999997,68.1639999999997,34.675037587119746,19.349426826206653,23.56291928906577
2018-10-10T18:30:00Z,67.7,67.92,67.27,67.49,518623,398149.55,68.63925256752412,68.42456499999996,69.19086518995798,67.65826481004194,68.61578249999971,67.9559999999997,32.08297431804036,17.69488767166768,20.252974751285585
2018-10-10T19:30:00Z,67.48,67.5,66.55,66.6,988916,431301.5,68.53977683252295,68.30906499999996,69.38262591635625,67.23550408364368,68.5417824999997,67.60799999999969,24.20128799962208,8.682282629650876,15.24219904250819
2018-10-11T13:30:00Z,66.75,67.71,66.5,66.78,763251,466045.1,68.45393406020476,68.21456499999996,69.46290997681065,66.96622002318928,68.47703249999971,67.3439999999997,28.05106921473123,7.683220087800213,11.353463463039377
2018-10-11T14:30:00Z,66.8,67.07,66.5414,66.99,639397,487591.3,68.38252264263379,68.15156499999996,69.50882324408272,66.7943067559172,68.4190324999997,67.11399999999969,32.36690543197524,10.562807820329079,8.976103512593177
2018-10-11T15:30:00Z,67.01,67.26,66.555,67.085,353878,498036.85,68.31922885518824,68.10231499999996,69.53710742440597,66.66752257559395,68.36265749999971,66.9889999999997,34.28725036820205,17.614628548620356,11.95355215224967
2018-10-11T16:30:00Z,67.08,67.56,67.05,67.49,341638,502975.45,68.27877866713028,68.05931499999997,69.51325779843633,66.60537220156361,68.32765749999972,66.9889999999997,41.86551730845638,26.993464052287408,18.39030014041207
2018-10-11T17:30:00Z,67.48,67.69,66.89,66.96,479140,515885.85,68.214448000441,67.96531499999996,69.44801879413026,66.48261120586966,68.27740749999973,67.06099999999971,36.01250867392804,26.601307189542297,23.736466596816474
2018-10-11T18:30:00Z,66.97,67.01,66.04,66.7,708981,524512.2,68.14057248822436,67.85981499999995,69.38670576267157,66.33292423732834,68.23415749999972,67.0449999999997,33.5355949464731,26.26321846568072,26.619329902503264
2018-10-11T19:30:00Z,66.71,66.81,66.01,66.22,600147,517854.75,68.04688602538415,67.71781499999996,69.29909588622218,66.13653411377774,68.17565749999972,66.8909999999997,29.501434140781868,15.62467357403984,22.82973307642074
2018-10-12T13:30:00Z,67.27,67.4,66.86,67.06,341227,504806.55,67.99874524365809,67.63349999999997,69.16549249346072,66.10150750653922,68.14015749999972,66.88599999999971,42.530354769810245,21.979092844692786,21.2889949614709
2018-10-12T14:30:00Z,67.08,67.2,66.89,67.16,445050,515644.15,67.95783084152843,67.56224999999998,69.04227187484494,66.08222812515501,68.10465749999972,66.81999999999971,43.86050907232567,30.25277857158322,22.618848330105067
2018-10-12T15:30:00Z,67.16,67.34,66.96,67.15,248724,520000.55,67.91842445901486,67.50224999999998,68.94653001094746,66.0579699890525,68.07090749999972,66.8579999999997,43.75145529969749,43.537332685240216,31.92306803383853
2018-10-12T16:30:00Z,67.155,67.5,66.84,67.345,409974,529060.6,67.89045253418486,67.44149999999998,68.80251469500489,66.08048530499507,68.03578249999973,66.98699999999971,46.542672081193246,49.423256343396396,41.071122533406395
2018-10-12T17:30:00Z,67.34,67.66,67.15,67.645,400213,531807,67.87847923983438,67.39724999999999,68.66840882171067,66.1260911782893,68.00315749999973,67.27199999999971,50.60380410259009,62.37463193045067,51.77840698636222
2018-10-12T18:30:00Z,67.67,68.48,67.42,68.29,603072,543898.6,67.89855342325708,67.38924999999998,68.6355777057112,66.14292229428875,67.97890749999974,67.51799999999972,57.99281900812427,77.55667700707716,63.11818842697452
2018-10-12T19:30:00Z,68.28,68.6,68.17,68.38,661169,548262.85,67.92203862212259,67.38174999999998,68.60206256242596,66.16143743757401,67.97565749999971,67.7619999999997,58.91630437778234,89.80519268477377,76.57883387410031
2018-10-15T13:30:00Z,68.12,68.34,67.6,67.61,426215,518502.75,67.90681722592149,67.34525,68.49006647001228,66.2004335299877,67.95665749999972,67.85399999999971,48.9926750551175,81.86318186318191,83.07501718501074
2018-10-15T14:30:00Z,67.6,68.63,67.575,68.57,252482,505214.25,67.93916760514483,67.36874999999999,68.59123466248461,66.14626533751537,67.96440749999972,68.0989999999997,58.40048428958578,83.66392564865846,85.11076673220451
2018-10-15T15:30:00Z,68.57,68.66,67.85,67.96,362783,506470.4,67.94018381952802,67.35974999999999,68.5618709381789,66.15762906182108,67.94540749999972,68.16199999999971,51.85569459291289,77.69029703352034,81.07246818178669
2018-10-15T16:30:00Z,67.98,68.29,67.935,68.21,193906,486939.3,67.95334558442909,67.38474999999998,68.63480789866486,66.1346921013351,67.93165749999972,68.1459999999997,54.12478707761389,84.77123241634244,82.04181836617353
2018-10-15T17:30:00Z,68.2,68.58,68.15,68.15,142331,468124.7,67.96293848274962,67.41775,68.71127029362063,66.12422970637937,67.92115749999972,68.09999999999971,53.47339724798394,79.11949685534589,80.52700876840268
2018-10-15T18:30:00Z,68.13,68.6,67.93,67.97,263346,431846.2,67.96328294700574,67.48625,68.74389810261376,66.22860189738624,67.89765749999972,68.1719999999997,51.47205120753214,79.24528301886797,81.04533743018523
2018-10-15T19:30:00Z,67.98,68.0201,67.62,67.62,503975,418882.4,67.9465374373957,67.52825,68.7441623118091,66.3123376881909,67.87140749999972,67.9819999999997,47.731227548367464,65.8580413297396,74.74094040131762
2018-10-16T13:30:00Z,67.68,68.45,67.56,68.24,332152,403520.15,67.960852684352,67.59075,68.81802044697021,66.36347955302979,67.87115749999971,68.0379999999997,54.09563625738716,64.58082797705441,69.89471744188712
2018-10-16T14:30:00Z,68.22,68.95,68.05,68.89,264157,399034.1,68.00617694365191,67.681,69.00767479059722,66.35432520940277,67.89165749999971,68.17399999999971,59.643610275946365,72.31220596149502,67.58369175609614
2018-10-16T15:30:00Z,68.885,68.885,68.56,68.86,172192,390561.8,68.04782684883962,67.7495,69.16795303059547,66.33104696940453,67.9044074999997,68.3159999999997,59.28745789092437,89.93802406124667,75.6103526665985
2018-10-16T16:30:00Z,68.86,68.91,68.72,68.91,114390,372324.3,68.0898840757255,67.847,69.30256655636506,66.39143344363492,67.90615749999971,68.5039999999997,59.7191793893435,96.88959101281354,86.37994034518488
2018-10-16T17:30:00Z,68.91,69.08,68.77,68.91,206943,347222.4,68.12988973056815,67.95750000000001,69.3832296377637,66.53177036223632,67.9086574999997,68.7619999999997,59.71917938934351,94.42380369291784,93.75047292232581
2018-10-16T18:30:00Z,68.92,68.97,68.64,68.67,308936,332661.85,68.15623657297947,68.08,69.29261288134693,66.86738711865307,67.89890749999971,68.8479999999997,56.39035497827356,86.85437657060982,92.72259042544687
2018-10-16T19:30:00Z,68.67,69.13,68.65,68.94,502037,340702.35,68.19446893527315,68.174,69.34657238582547,67.00142761417455,67.90374999999972,68.8579999999997,59.14912575709048,83.56114703534222,88.27977576628977
2018-10-17T13:30:00Z,69.4,69.42,68.58,69.06,318694,334384.55,68.2366899628208,68.26899999999999,69.40486354814867,67.13313645185131,67.91562499999972,68.89799999999971,60.34968037742063,80.52318875059034,83.6462374521806
2018-10-17T14:30:00Z,69.08,69.13,68.72,69.11,201639,332030.3,68.2792904524393,68.36699999999999,69.43601543487937,67.29798456512061,67.93462499999973,68.93799999999972,60.86575320069123,83.95886126521013,82.68106568371404
2018-10-17T15:30:00Z,69.12,69.54,68.99,69.45,206726,321867.9,68.33639823524713,68.47225,69.5325163580471,67.4119836419529,67.95687499999971,69.04599999999971,64.27121591480841,86.47768002606703,83.65324334728898
2018-10-17T16:30:00Z,69.47,69.655,69.29,69.46,228406,313277.55,68.39120807743019,68.56300000000002,69.63513991624124,67.49086008375879,67.98012499999973,69.2039999999997,64.36942411638188,89.82666763096336,86.75440297408
2018-10-17T17:30:00Z,69.47,69.56,69.09,69.18,204656,293356.75,68.4296857321897,68.60750000000002,69.70422011014546,67.51077988985458,67.99837499999973,69.2519999999997,59.442568836502204,87.82454617776803,88.04296461159929
2018-10-17T18:30:00Z,69.16,69.35,69.04,69.16,202878,270442.2,68.46531081842434,68.64650000000002,69.76337555260051,67.52962444739953,68.01412499999972,69.27199999999971,59.09463641905324,81.4638027048527,86.37167217119452
2018-10-17T19:30:00Z,69.19,69.27,69.04,69.07,410706,269666.75,68.49480785167194,68.71950000000001,69.74277855444929,67.69622144555073,68.03237499999973,69.26399999999971,57.464608749838476,75.25855210819397,81.51563366360472
2018-10-18T13:30:00Z,69.23,69.69,69.12,69.39,304375,272261.4,68.53847576134648,68.76050000000002,69.82154618183826,67.69945381816179,68.06462499999972,69.25199999999971,61.527959267874984,76.71866814133519,77.8136743181271
2018-10-18T14:30:00Z,69.38,69.52,68.96,68.98,299543,269099.4,68.56001352908567,68.81150000000002,69.80994428987883,67.81305571012122,68.08562499999972,69.15599999999971,54.36238619799709,63.65061032704232,71.87594352552365
2018-10-18T15:30:00Z,68.98,69.05,68.61,68.85,210898,269949,68.57415921059368,68.84350000000003,69.8030472890835,67.88395271091657,68.11412499999973,69.08999999999972,52.28323971565581,47.73326099680518,62.700846488394056
2018-10-18T16:30:00Z,68.85,69.19,68.81,68.86,190542,272359.55,68.58810266373546,68.87900000000003,69.78429332262205,67.97370667737802,68.14837499999973,69.02999999999972,52.43394381016775,28.90589704748999,46.763256123778994
2018-10-18T17:30:00Z,68.87,68.94,68.33,68.68,310092,274696.85,68.59258546062641,68.91450000000003,69.72516577575912,68.10383422424094,68.20037499999974,68.95199999999971,49.40899971741924,25.094947889065676,33.91136864445345
2018-10-18T18:30:00Z,68.67,68.97,68.66,68.86,250587,262027.45,68.60563007230317,68.97650000000003,69.53080226410098,68.42219773589908,68.25237499999973,68.8459999999997,52.368277916906905,29.977035859389087,27.992626931981416
2018-10-18T19:30:00Z,68.83,69.01,68.71,68.77,499066,270373.15,68.61364811755668,69.00300000000003,69.4551990711963,68.55080092880375,68.29687499999974,68.8039999999997,50.76920745895721,32.352941176470786,29.14164164164168
2018-10-19T13:30:00Z,69.53,69.95,69.21,69.8835,802097,297270.15,68.67559211182221,69.05267500000004,69.64184036514317,68.4635096348569,68.36683749999973,69.0106999999997,65.00630603199903,55.73953038005314,39.356502471970835
2018-10-19T14:30:00Z,69.885,70.14,69.69,69.94,498408,313580.95,68.73727054539187,69.10667500000004,69.80345059334697,68.40989940665311,68.42808749999975,69.2266999999997,65.55069342470155,72.399426382653,53.4972993130588
2018-10-19T15:30:00Z,69.96,70.02,69.57,69.68,577708,336746.85,68.78325734805567,69.14517500000004,69.87836755825764,68.41198244174244,68.49608749999973,69.4266999999997,60.858768914623674,86.47699111020165,71.53864929096909
2018-10-19T16:30:00Z,69.67,69.84,69.36,69.81,260652,339432.3,68.8333423554676,69.19017500000004,69.96915402891162,68.41119597108846,68.57383749999974,69.6166999999997,62.31134552383282,81.76795580110509,80.2147910979864
2018-10-19T17:30:00Z,69.79,69.9,69.25,69.455,437060,345838.5,68.86366711861551,69.22942500000003,69.97812796345487,68.4807220365452,68.65471249999973,69.75369999999968,56.1799975383219,72.83609576427268,80.3603475585263
2018-10-19T18:30:00Z,69.44,69.8,69.33,69.765,468151,344144.2,68.90763457624402,69.27067500000004,70.0416254701878,68.49972452981228,68.72233749999972,69.72999999999969,59.891449370763816,74.40147329650095,76.3351749539594
2018-10-19T19:30:00Z,69.765,69.94,69.71,69.75,588304,357624.7,68.94872557252481,69.30517500000003,70.09680453929693,68.51354546070314,68.78708749999973,69.6919999999997,59.62827841954352,73.29650092081029,73.5113566605278
2018-10-22T13:30:00Z,69.85,70.21,69.44,69.5,375638,366324.65,68.9756170080114,69.32467500000004,70.11532601497294,68.53402398502715,68.84583749999973,69.65599999999968,55.26924599159924,73.32294972767534,73.67364131499535
2018-10-22T14:30:00Z,69.5,70.13,69.42,69.95,282074,370092.05,69.02314788566937,69.34967500000003,70.18495580756546,68.51439419243461,68.91096249999973,69.68399999999968,60.82120322268545,75.6190979977276,74.07951621540423
2018-10-22T15:30:00Z,69.91,69.94,69.48,69.605,151280,366235.75,69.05153091563672,69.35692500000003,70.19840442784636,68.51544557215371,68.95996249999973,69.71399999999969,55.16771899026968,72.07446808510677,73.67217193683639
2018-10-22T16:30:00Z,69.6,69.84,69.52,69.7,200377,366021.8,69.08316355389834,69.38292500000003,70.23302101074641,68.53282898925364,68.99521249999972,69.70099999999968,56.370349198250246,75.62056737588698,74.43804448624029
2018-10-22T17:30:00Z,69.7,69.855,69.52,69.5843,339972,372876.5,69.10760923419599,69.40414000000003,70.25209883720333,68.55618116279672,69.02531999999972,69.66785999999968,54.454465214290806,66.77458247540648,71.48987264546658
2018-10-22T18:30:00Z,69.59,70.02,69.53,69.805,435180,374100.2,69.14162829594252,69.44089000000004,70.29144263187165,68.59033736812843,69.08019499999973,69.72885999999968,57.42686851821599,68.50153283001653,70.29889422710316
2018-10-22T19:30:00Z,69.805,69.9,69.5,69.51,333868,375574.85,69.15959764735996,69.44689000000002,70.29761501996396,68.5961649800361,69.10369499999973,69.64085999999968,52.495282912176165,54.210752688172796,63.16228933119843
2018-10-23T13:30:00Z,69.08,69.5,67.867,68.06,629457,392070.55,69.10595873773265,69.40089000000003,70.4286859814986,68.37309401850146,69.10619499999973,69.3318599999997,36.08986316963247,37.07910086783391,53.263795462007586
2018-10-23T14:30:00Z,68.04,68.62,67.79,68.56,264876,394769.45,69.07932660418471,69.38639000000003,70.45233878844512,68.32044121155495,69.11494499999972,69.10385999999968,42.73553592484615,23.351828140560897,38.21389389885571
2018-10-23T15:30:00Z,68.57,68.91,68.51,68.895,434970,406990.85,69.07033506251717,69.38814000000004,70.45073592959174,68.32554407040833,69.13356999999972,68.96599999999968,46.73216408452304,28.57221381549159,29.667714274628636
2018-10-23T16:30:00Z,68.89,69.21,68.67,69.11,223701,402671.3,69.07226993751634,69.40964000000002,70.43064001449206,68.388639985508,69.16206999999972,68.82699999999969,49.183439697800246,44.00826446280987,31.97743547295396
2018-10-23T17:30:00Z,69.14,69.7,68.75,69.49,349169,407600.4,69.09264701373506,69.44114000000002,70.43075747639853,68.45152252360151,69.20881999999972,68.82299999999967,53.276015937461075,56.81818181818173,43.13288669882757
2018-10-23T18:30:00Z,69.47,69.77,69.3,69.51,280085,396651.35,69.11300569599189,69.47814000000002,70.41874050477854,68.53753949522151,69.24056999999972,69.11299999999967,53.488332807339766,65.28925619834719,55.37190082644611
2018-10-23T19:30:00Z,69.51,69.64,69.15,69.28,355538,374323.4,69.12115175960204,69.44796500000002,70.3732086074313,68.52272139256876,69.25031999999972,69.25699999999968,50.6385707556422,67.63085399449047,63.2460973370063
2018-10-24T13:30:00Z,69.05,69.37,68.61,68.6399,465341,372670.05,69.0976760640117,69.38296000000001,70.34282835222305,68.42309164777697,69.2448174999997,69.20597999999968,43.66593503623415,56.321713639895535,63.080607944244235
2018-10-24T14:30:00Z,68.6,68.68,67.03,67.14,762099,381889.6,69.00217967064528,69.25596000000003,70.61439977179379,67.89752022820628,69.2005674999997,68.81197999999968,32.40591839757239,33.8565635067611,52.60304371371553
2018-10-24T15:30:00Z,67.14,67.58,66.92,67.21,638623,400788.15,68.91475627207721,69.12596000000002,70.7239452983036,67.52797470169644,69.1580674999997,68.35597999999968,33.27075271045712,16.45142709869203,35.543234748449386
2018-10-24T16:30:00Z,67.21,67.26,66.49,67.06,433503,400610.3,68.82428035636613,69.00621000000004,70.83054040965263,67.18187959034745,69.11781749999969,67.86597999999967,32.316578835951276,9.727025752477788,20.011672119310145
2018-10-24T17:30:00Z,67.08,67.45,66.09,66.29,858482,420126.85,68.70065692434827,68.83246000000003,70.96970872057311,66.69521127942694,69.0515674999997,67.26797999999967,27.8941383690929,10.197068671906733,12.125173841025356
2018-10-24T18:30:00Z,66.3,66.76,65.895,65.91,633553,422389.3,68.5645273182825,68.64046000000002,71.08180279723115,66.19911720276889,68.9728174999997,66.72199999999968,26.002941863374247,7.203633047083007,9.042575823822348
2018-10-24T19:30:00Z,65.91,66.07,65.59,65.74,1110402,459127.5,68.42674549787847,68.45246000000002,71.16420307293247,65.74071692706757,68.88856749999971,66.44199999999968,25.180439746641383,3.017369035263471,6.80602358475091
2018-10-25T13:30:00Z,66.34,67,65.55,66.19,830097,486528.65,68.31763596139659,68.26446000000001,71.05505031991342,65.47386968008661,68.8070674999997,66.23799999999969,31.368915277442582,6.376308452956169,5.5324368451007215
2018-10-25T14:30:00Z,66.23,66.405,65.4567,65.72,1318690,544899.15,68.19092201206017,68.07021000000002,70.99799208266889,65.14242791733115,68.7135674999997,65.96999999999969,28.698955914525257,8.286256121423934,5.893311203214364
2018-10-25T15:30:00Z,65.705,65.72,65.1,65.2801,543781,562069.35,68.04893069439869,67.84921500000002,70.9155242533363,64.78290574666373,68.61606999999971,65.7680199999997,26.43136105019991,8.375594222370424,7.679386265583349
2018-10-25T16:30:00Z,65.28,65.62,65.13,65.39,391484,564644.95,67.91922675808657,67.63950000000001,70.77538497939544,64.50361502060458,68.5218199999997,65.66401999999968,27.9627479208835,5.390251998975526,7.350700780923134
2018-10-25T17:30:00Z,65.39,65.61,65.35,65.52,843372,585054.55,67.8021913064726,67.42525,70.52536940963644,64.32513059036357,68.4330699999997,65.6200199999997,29.823607407127895,6.353319057815977,6.706388426387147
2018-10-25T18:30:00Z,65.52,66.625,65.49,66.51,1182634,627492.85,67.73915758420564,67.27525,70.24493691178154,64.30556308821846,68.3610699999997,65.68401999999969,42.09162398523295,15.420231615554778,9.054600890781932
2018-10-25T19:30:00Z,66.55,66.57,66.16,66.3,824709,637255.45,67.66895477522,67.18724999999999,70.16300542577144,64.21149457422854,68.2940699999997,65.8000199999997,40.475250766167626,22.717963078694982,14.830504584021753
2018-10-26T13:30:00Z,64.55,65.56,64.2755,64.705,703843,659203.8,67.52437161545318,66.99449999999999,70.08673779874884,63.902262201251126,68.1904449999997,65.68499999999969,30.800669164535705,22.970567947393533,20.36958754721427
2018-10-26T14:30:00Z,64.69,65.32,64.49,65.07,907740,682842.3,67.40464617079692,66.80324999999999,69.87472983128796,63.731770168712025,68.0956949999997,65.6209999999997,34.65016621917398,20.632468941654604,22.106999989247544
2018-10-26T15:30:00Z,65.1,65.31,64.8,65,952485,719281.5,67.28734635758731,66.59774999999999,69.57284501596322,63.62265498403675,68.0036949999997,65.51699999999968,34.256583516662246,18.872284686486026,20.825107191844562
2018-10-26T16:30:00Z,65,65.15,64.86,64.9,1284871,766066.6,67.170890437705,66.36824999999999,69.11487672272918,63.6216232772708,67.90469499999969,65.19499999999968,33.66823099030424,22.17928426296201,20.56134596370072
2018-10-26T17:30:00Z,64.9,65.04,64.48,64.955,386544,771389.55,67.06279822123159,66.14049999999999,68.54087801273208,63.7401219872679,67.8093199999997,64.92599999999969,34.336216209280636,22.478412370754963,21.176660440067508
2018-10-26T18:30:00Z,64.97,65.08,64.52,64.95,687842,788004.75,66.95973489336663,65.92399999999999,67.89541867801111,63.95258132198887,67.6859824999997,64.97499999999968,34.30239713296413,23.123193832667482,22.593630155461327
2018-10-26T19:30:00Z,64.94,65.46,64.64,65.11,925956,811035.5,66.8695039229585,65.74750499999999,67.30287836415015,64.19213163584983,67.5652324999997,64.98299999999969,36.45913369182311,26.7755551477337,24.125720450385227
2018-10-29T13:30:00Z,66.14,66.66,65.59,66.24,739197,809890.4,66.8387964145215,65.70250499999999,67.14187573122659,64.26313426877338,67.4792324999997,65.23099999999968,49.154453375104325,45.92418463675775,31.940977872386156
2018-10-29T14:30:00Z,66.24,66.28,65.7299,65.94,524806,804199.55,66.79495268698386,65.639005,66.90882059366096,64.36918940633903,67.3824824999997,65.43899999999968,46.49828883099565,60.940236119204656,44.54665863456521
2018-10-29T15:30:00Z,65.94,66.12,65.46,65.55,468947,805971.75,66.73422328761879,65.56350499999999,66.65316993102591,64.47384006897407,67.28485749999969,65.55799999999968,43.22800579857375,68.5468651708954,58.470428642285775
2018-10-29T16:30:00Z,65.53,65.92,65.44,65.72,294545,777774.9,66.68474898090568,65.53500499999998,66.57589875150093,64.49411124849904,67.18373249999969,65.71199999999968,45.04245450751194,61.277696232613515,63.58826584090436
2018-10-29T17:30:00Z,65.71,65.84,65.23,65.5,325677,762381.1,66.62695634769076,65.51450499999999,66.5411011337875,64.48790886621246,67.07748249999969,65.7899999999997,43.12172963045593,55.12686097714421,61.65047412688423
2018-10-29T18:30:00Z,65.48,65.59,64.18,64.32,607776,737249.8,66.51442189170585,65.44350499999999,66.58759173705441,64.29941826294557,66.9479824999997,65.4059999999997,34.59944153225058,39.19212792294315,51.86556171090013
2018-10-29T19:30:00Z,64.31,64.98,63.48,64.89,683038,729896.85,66.43518179942751,65.37850499999999,66.49289140601216,64.26411859398782,66.82148249999969,65.19599999999969,40.696468643374494,33.77908957649445,42.699359492193786
2018-10-30T13:30:00Z,64.53,65.14,63.91,64.6,736284,700776.55,66.3456607360408,65.32250499999999,66.47454809897765,64.17046190102234,66.69635749999969,65.00599999999969,38.71874430079417,28.40163657266503,33.79095135736739
2018-10-30T14:30:00Z,64.57,64.79,64.355,64.68,741613,710668.15,66.2644089928193,65.29249999999999,66.47816647924368,64.1068335207563,66.57085749999969,64.79799999999969,39.59088821747318,39.09853249475904,33.75975288130602
2018-10-30T15:30:00Z,64.69,65.49,64.69,65.32,485612,715374.55,66.21834026146226,65.28899999999999,66.4739075913354,64.10409240866457,66.46424999999968,64.76199999999969,46.18881817474121,43.60587002096441,37.03534636279601
2018-10-30T16:30:00Z,65.32,65.46,64.75,64.79,491147,697763.3,66.14866512675678,65.25249999999998,66.45158506787675,64.05341493212322,66.33887499999969,64.8559999999997,42.08908739239646,45.597484276729745,42.76729559748426
2018-10-30T17:30:00Z,64.76,64.8,64.23,64.29,467149,661989.05,66.05799853520767,65.1415,66.2629013554473,64.02009864455269,66.20837499999968,64.73599999999969,38.60756113799558,41.509433962264325,43.57092941998601
2018-10-30T18:30:00Z,64.29,64.68,64.11,64.35,658715,653689.35,65.97468153349023,65.044,66.08149024091826,64.00650975908174,66.11562499999968,64.6859999999997,39.25688764977767,31.341719077568325,39.482879105520645
2018-10-30T19:30:00Z,64.355,64.82,63.61,64.14,1307521,683873.25,65.88518487331997,65.01575,66.11740908973721,63.914090910262786,66.00512499999968,64.5779999999997,37.75187715696049,24.52830188679258,32.45981830887492
2018-10-31T13:30:00Z,67.37,69.6,67.25,68.55,2027784,739875.45,66.01517585510923,65.18974999999999,67.0845177298296,63.29498227017037,65.99649999999967,65.22399999999969,66.65904971051023,43.65211493402396,33.174045299461476
2018-10-31T14:30:00Z,68.56,69.4,68.47,69.04,1182995,751400.95,66.16272825242098,65.39174999999999,67.91852912568694,62.86497087431302,65.99474999999968,66.0739999999997,68.41419655618702,64.8158424795496,44.33208643345523
2018-10-31T15:30:00Z,69.045,69.06,68.23,68.51,1050098,739662.3,66.2772293132785,65.57225,68.42717990281662,62.71732009718338,65.97024999999968,66.9179999999997,64.46144092517534,85.29411764705897,64.58735835354402
2018-10-31T16:30:00Z,68.515,69.26,68.47,69.125,476811,744175.65,66.4161449565332,65.78075,69.00951799259406,62.55198200740593,65.96062499999968,67.87299999999969,66.8545453257264,88.4259259259261,79.51196201751141
2018-10-31T17:30:00Z,69.11,69.17,68.59,68.74,632388,741402.95,66.52950373914133,65.97025,69.41912006858774,62.521379931412234,65.94712499999967,68.7929999999997,63.951314266247635,86.79193899782145,86.83732752360201
2018-10-31T18:30:00Z,68.74,69.33,68.53,68.94,1233243,756767.3,66.64708892259786,66.16175000000001,69.81741584222252,62.50608415777751,65.95462749999967,68.8709999999997,64.80632050955532,89.13398692810465,88.11728395061725
2018-10-31T19:30:00Z,68.93,68.96,68.41,68.55,1204904,780052.65,66.73991385320284,66.27725000000001,70.07857276319648,62.47592723680354,65.98987749999968,68.77299999999968,61.7315930295367,85.87806111129301,87.26799567907288
2018-11-01T13:30:00Z,68.96,69.6,68.66,69.04,581734,782899.05,66.85211317743685,66.43225,70.41443090372584,62.450069096274156,66.03562749999968,68.87899999999968,64.04006357001279,87.4458520191606,87.48596668618593
2018-11-01T14:30:00Z,69.09,69.305,68.795,68.9,451807,782042.05,66.95201009561066,66.59975,70.69948471702763,62.50001528297237,66.08162749999967,68.83399999999969,62.87307845385054,87.14524207011702,86.82305173352337
2018-11-01T15:30:00Z,68.89,69.02,68.625,68.94,493473,791988.45,67.04898521289795,66.76075,70.96130981388194,62.560190186118064,66.14787749999968,68.87399999999968,63.08008823022394,89.31552587646092,87.96887332191268
2018-11-01T16:30:00Z,68.95,69.1199,68.88,69.06,312464,791327.8,67.1470834951956,66.93875,71.21161540274797,62.66588459725204,66.22662749999967,68.89799999999968,63.73339145011752,89.42682248191443,88.62919680949729
2018-11-01T17:30:00Z,69.06,69.21,68.74,68.75,525289,787203.45,67.22527454421045,67.16024999999999,71.32506509193452,62.99543490806546,66.30187749999966,68.93799999999969,60.7430822262271,88.59209794101291,89.11148209979592
2018-11-01T18:30:00Z,68.75,69.02,68.615,68.81,507074,778405.25,67.30257822498068,67.35624999999999,71.44349219370515,63.26900780629482,66.36737749999966,68.89199999999968,61.12328291150811,87.86867000556497,88.62919680949727
2018-11-01T19:30:00Z,68.81,69.11,68.75,68.86,693749,776278.5,67.37855001888406,67.56924999999998,71.50078185794116,63.6377181420588,66.44587749999967,68.88399999999969,61.458272501146205,80.37722445210115,85.61266413289286
2018-11-02T13:30:00Z,69.39,69.45,68.47,68.52,239937,751194.7,67.43423050576776,67.76124999999999,71.4788727283043,64.04362727169568,66.52687499999966,68.79999999999968,57.81038699166494,58.82995792110244,75.6919507929227
2018-11-02T14:30:00Z,68.51,68.61,68,68.1,302038,742016,67.466707066462,67.90025,71.44629635474446,64.35420364525554,66.59462499999965,68.60799999999969,53.57965224020734,31.976173836516875,57.06111873657333
2018-11-02T15:30:00Z,68.11,68.26,67.99,68.1,292266,732071.95,67.49759940468337,68.06575,71.3119990277247,64.81950097227529,66.65912499999965,68.47799999999968,53.57965224020734,11.41672711610802,34.07428629124229
2018-11-02T16:30:00Z,68.11,68.21,67.55,68.1,188515,718140.25,67.52698479957687,68.25625,71.00251086707004,65.50998913292995,66.69887499999965,68.33599999999969,53.579652240207345,13.303855476442829,18.898918809689082
2018-11-02T17:30:00Z,68.08,68.45,67.91,68.38,200448,695226.9,67.56859529715848,68.45774999999999,70.53881817524129,66.37668182475869,66.75087499999965,68.2399999999997,56.245847710951786,24.71645710245919,16.479013231669857
2018-11-02T18:30:00Z,68.365,68.42,68.07,68.33,226341,641167.9,67.60573698998002,68.66724999999998,69.32295934872747,68.0115406512725,66.84149999999966,68.20199999999969,55.631378572953246,35.121951219512205,24.38075459947125
2018-11-02T19:30:00Z,68.3,68.61,68.17,68.47,327679,556162.65,67.6478961612005,68.66324999999998,69.3227367322469,68.00376326775306,66.92649999999966,68.27599999999968,57.046364910341914,41.138211382113916,33.658873234694944
2018-11-05T14:30:00Z,68.96,69.6,68.57,69.035,355597,514792.75,67.71555976309317,68.66299999999998,69.32191881139137,68.0040811886086,67.02737499999967,68.4629999999997,62.27523603722356,51.78861788617899,42.68292682926821
2018-11-05T15:30:00Z,69.05,69.67,69.03,69.51,362468,480411.25,67.80309343318619,68.71299999999998,69.46331593346004,67.96268406653992,67.14262499999967,68.74499999999969,66.02028571423848,69.92330111980381,54.28337679603209
2018-11-05T16:30:00Z,69.51,69.56,69.25,69.36,287611,470951.25,67.87904009498199,68.72474999999999,69.50717875075193,67.94232124924804,67.25274999999966,68.94099999999969,63.864176761870525,83.42307102316313,68.37833000971516
2018-11-05T17:30:00Z,69.37,69.52,69.21,69.37,156835,447173.6,67.95176984644628,68.75625,69.58778397404808,67.92471602595191,67.36324999999968,69.1489999999997,63.94870612244829,87.8930817610064,80.41315130132429
2018-11-05T18:30:00Z,69.38,69.54,69.28,69.49,169418,393982.35,68.02680546369281,68.78374999999998,69.67220300944983,67.89529699055014,67.47274999999966,69.3529999999997,65.00655176095378,87.57861635220121,86.29825637879009
2018-11-05T19:30:00Z,69.49,69.52,69.08,69.17,160235,341748.9,68.08257105082974,68.81474999999998,69.71164171587637,67.91785828412358,67.54599999999968,69.3799999999997,59.95440501454205,84.59119496855345,86.68763102725353
2018-11-05T20:30:00Z,69.16,69.16,68.87,68.9,335588,329441.6,68.1224456337161,68.80774999999998,69.69967194165153,67.91582805834844,67.61999999999968,69.2579999999997,55.99979439122113,77.20125786163526,83.12368972746314
2018-11-06T14:30:00Z,68.85,69.281,68.6,68.7,327338,323218.15,68.15061901743726,68.79774999999998,69.68979526230723,67.90570473769273,67.69874999999968,69.1259999999997,53.20049579841036,64.77987421383666,75.52410901467496
2018-11-06T15:30:00Z,68.7,68.79,68.32,68.49,361571,316623.05,68.16717418731838,68.77524999999999,69.6744800873524,67.87601991264756,67.76799999999967,68.9499999999997,50.35424686707044,54.08805031446551,65.35639412997898
2018-11-06T16:30:00Z,68.49,68.61,68.4,68.54,377375,319868.6,68.18536081232725,68.74924999999999,69.64410347962725,67.85439652037273,67.84399999999968,68.75999999999969,51.02607396171034,48.42767295597496,55.765199161425556
2018-11-06T17:30:00Z,68.55,68.83,68.545,68.66,226103,304909.3,68.20851394343323,68.74474999999998,69.64044791224694,67.84905208775302,67.95249999999967,68.6579999999997,52.68110421938612,44.55045740423102,49.02206022489034
2018-11-06T18:30:00Z,68.67,68.76,68.555,68.74,372442,298177.7,68.23444009253404,68.74124999999998,69.63644760388539,67.84605239611457,68.04874999999969,68.62599999999969,53.801980802992844,43.7289165237279,45.56901562797779
2018-11-06T19:30:00Z,68.72,68.79,68.27,68.39,507529,288866.7,68.24202838070312,68.71775,69.62385416067866,67.81164583932133,68.14349999999969,68.5639999999997,48.40024324977103,33.0517676767676,40.44371386824201
2018-11-06T20:30:00Z,68.4,68.78,68.3,68.78,557993,304769.5,68.2682708987176,68.73074999999999,69.63258299451766,67.82891700548231,68.24599999999968,68.62199999999969,53.94854208662285,30.990079365079406,35.923587855191464
2018-11-07T14:30:00Z,69.24,70.05,69.05,69.94,705600,324947.6,68.34981865975577,68.82274999999998,69.81891000221066,67.82658999778931,68.36149999999967,68.90199999999969,65.74626494855318,48.3051542714465,37.44900043776433
2018-11-07T15:30:00Z,69.94,70.38,69.79,70.22,403140,330491.3,68.44104701781646,68.92875,70.03932586413501,67.81817413586498,68.49724999999968,69.21399999999969,67.88495600361956,74.22195258634916,51.172395407624855
2018-11-07T16:30:00Z,70.22,70.78,70.1,70.58,330397,337585.4,68.54538618767907,69.05274999999999,70.30966477436054,67.79583522563944,68.65449999999967,69.5819999999997,70.44040789037386,92.75638628014529,71.76116437931348
2018-11-07T17:30:00Z,70.58,70.61,70.22,70.325,214960,338311,68.63219661754839,69.14999999999999,70.48237006871342,67.81762993128656,68.80387499999968,69.96899999999968,66.40942223917742,88.7738146938314,85.25071785344178
2018-11-07T18:30:00Z,70.33,70.59,70.3,70.48,185431,336265.5,68.72233336791189,69.2575,70.65330980079614,67.86169019920385,68.96237499999968,70.3089999999997,67.62228533722042,87.31739707835334,89.61586601744318
2018-11-07T19:30:00Z,70.4936,70.54,70.25,70.465,397369,339750,68.80734149630644,69.35725,70.79810556181013,67.91639443818985,69.01024999999967,70.41399999999969,67.36877410992314,85.79017264276241,87.29379480498221
2018-11-07T20:30:00Z,70.465,70.605,70.27,70.36,556688,349804.55,68.883080935511,69.42349999999999,70.91977570988843,67.92722429011155,69.04324999999967,70.4419999999997,65.51718214432213,86.25498007968137,86.4541832669322
2018-11-08T14:30:00Z,70.07,70.75,69.75,70.35,191354,341248.85,68.95463796304705,69.46549999999999,71.01532870021128,67.9156712997887,69.08924999999968,70.39599999999969,65.33301391163099,84.5285524568393,85.52456839309421
2018-11-08T15:30:00Z,70.3488,70.38,70.07,70.09,165479,335142.25,69.01002147704476,69.502,71.07439117270475,67.92960882729524,69.11337499999968,70.34899999999968,60.56599985369725,79.54847277556439,83.44400177069487
2018-11-08T16:30:00Z,70.095,70.28,69.77,70.26,465274,350564.2,69.07099603914014,69.5465,71.15146760091898,67.94153239908101,69.15137499999966,70.30499999999968,62.49301931604635,78.2204515272245,80.76582558654258
2018-11-08T17:30:00Z,70.265,70.415,70.14,70.16,152227,349704.65,69.12411818357234,69.58,71.20667452183861,67.95332547816139,69.18187499999968,70.24399999999967,60.61654674457453,75.69721115537858,77.82204515272234
2018-11-08T18:30:00Z,70.15,70.28,69.78,69.78,190061,351195.95,69.15611241852002,69.61049999999999,71.22813067478482,67.99286932521515,69.21262499999968,70.12799999999967,53.98313310285025,71.58034528552464,75.16600265604244
2018-11-08T19:30:00Z,69.79,69.85,69.515,69.76,445219,356677.5,69.18557034932392,69.65349999999998,71.2386943098594,68.06830569014056,69.23062499999966,70.00999999999968,53.650358937835605,64.77637835753768,70.6846449328135
2018-11-08T20:30:00Z,69.75,69.93,69.68,69.74,478495,364235.35,69.2126156981374,69.70549999999999,71.22920896171401,68.18179103828597,69.25162499999968,69.93999999999969,53.29654474244078,52.97157445177342,63.10943269827843
2018-11-09T14:30:00Z,69.42,69.7,68.74,69.1,265416,359427.6,69.20712224944776,69.73599999999998,71.1836898839214,68.28831011607855,69.25562499999967,69.70799999999967,43.42700015584753,38.80080654301624,52.18291978410897
2018-11-09T15:30:00Z,69.12,69.35,68.4802,68.59,374736,359295.65,69.17701872508445,69.73849999999999,71.17806972738462,68.29893027261535,69.24387499999968,69.39399999999968,37.4720231809475,20.768593363188568,37.51365811932593
2018-11-09T16:30:00Z,68.58,68.69,68.1,68.18,255706,360775.8,69.12838366532424,69.71449999999999,71.2387076630189,68.19029233698107,69.22962499999967,69.07399999999969,33.495487175536894,8.480084983503625,22.68316162990266
2018-11-09T17:30:00Z,68.185,68.33,68.06,68.26,220948,353201.1,69.08602348652794,69.69049999999999,71.28865174498804,68.09234825501193,69.21587499999967,68.77399999999969,34.94613403208753,5.0760467882999585,11.441575044997231
2018-11-09T18:30:00Z,68.26,68.3139,68.03,68.035,166302,336139.75,69.03475404816072,69.67274999999998,71.33488860733993,68.01061139266002,69.19524999999967,68.43299999999968,32.780414374570455,3.5458785639529307,5.700670111918686
2018-11-09T19:30:00Z,68.02,68.85,67.98,68.78,203784,318429.3,69.02232702142118,69.67274999999998,71.33488860734103,68.01061139265893,69.20174999999968,68.36899999999967,44.94639913629082,12.16654473110758,6.92949002778667
2018-11-09T20:30:00Z,68.79,68.87,68.66,68.7,256800,295989.3,69.00660375208356,69.61075,71.32022148265227,67.90127851734772,69.21674999999968,68.39099999999968,44.02495553023353,18.352489912932636,11.354971069330896
2018-11-12T14:30:00Z,68.69,69.16,68.23,68.66,142269,282945.75,68.98969625198193,69.53275,71.2661007290801,67.79939927091989,69.23074999999969,68.48699999999968,43.544271631659676,27.59990807937781,19.372980907805854
2018-11-12T15:30:00Z,68.63,68.65,68,68,159708,274411.3,68.94141838603159,69.40374999999999,71.18937559065617,67.6181244093438,69.22824999999968,68.43499999999968,36.46886337102986,18.246737682760056,21.399711891690014
2018-11-12T16:30:00Z,68,68.1899,67.78,67.91,575723,292449.45,68.89110529403004,69.28299999999999,71.12871232861617,67.4372876713838,69.21649999999968,68.40999999999967,35.61893053750373,11.227006534215798,19.024550765451067
2018-11-12T17:30:00Z,67.91,68.34,67.86,68.29,232348,294795.3,68.86178308456516,69.1735,70.98163190890267,67.36536809109734,69.21549999999968,68.31199999999968,41.78775609932855,8.718313857966834,12.730686024980743
2018-11-12T18:30:00Z,68.29,68.4615,68.05,68.39,163585,283106.1,68.83876927556199,69.06975,70.80625935787818,67.33324064212182,69.21349999999968,68.24999999999969,43.32670380437291,17.901893120338915,12.615737837507032
2018-11-12T19:30:00Z,68.39,68.51,68.1,68.34,198242,265183.8,68.81443906699799,68.96875,70.62652524109737,67.31097475890263,69.19612499999968,68.18599999999967,42.718595167201066,24.93953488372101,17.186580620675432
2018-11-12T20:30:00Z,68.33,68.33,67.82,67.9,466029,278917.55,68.769832283242,68.84625000000001,70.43843992271293,67.2540600772871,69.15587499999967,68.16599999999967,37.7035472293669,20.22286821705435,21.021432073704606
2018-11-13T14:30:00Z,68.54,68.99,68.4,68.61,400888,290688,68.76203558649848,68.77225000000001,70.26051904489307,67.28398095510695,69.13712499999967,68.30599999999967,48.25912986862845,28.387584555374673,24.516662552049855
2018-11-13T15:30:00Z,68.59,69.41,68.57,69.08,500312,292439.9,68.77754604569368,68.71325,70.04639768498853,67.38010231501147,69.12987499999966,68.46399999999967,53.83549574322292,46.290281088403646,31.63357795361074
2018-11-13T16:30:00Z,69.08,69.08,68.69,68.82,365885,303122.8,68.77961697029399,68.64625,69.80512391462364,67.48737608537635,69.11312499999967,68.54999999999968,50.58746154343679,65.47484141560183,46.717569019793224
2018-11-13T17:30:00Z,68.82,68.82,68.26,68.41,168295,302034.5,68.76158687418209,68.57775000000001,69.61616453667901,67.53933546332101,69.09412499999966,68.56399999999968,45.886055168266395,60.7361963190183,57.500439607674444
2018-11-13T18:30:00Z,68.38,68.83,68.36,68.71,493587,304452.9,68.75907044129515,68.52525,69.41476377167251,67.63573622832749,69.08937499999966,68.72599999999969,49.57856917705184,53.16973415132903,59.793590628649575
2018-11-13T19:30:00Z,68.72,69.13,68.4,68.52,434164,302236.35,68.74740846854904,68.46425,69.15795941321957,67.77054058678044,69.08487499999966,68.70799999999967,47.37377535658555,47.03476482617569,53.64689843217419
2018-11-13T20:30:00Z,68.5,68.74,68.35,68.41,682994,323115.25,68.73094951886372,68.42975,69.05921385916498,67.80028614083501,69.08287499999967,68.57399999999967,46.095695089009496,47.034764826175696,49.079754601226654
2018-11-14T14:30:00Z,68.66,69.22,67.65,67.765,501471,329452,68.68383003013867,68.38850000000001,69.07600345452869,67.70099654547133,69.06349999999966,68.36299999999967,39.38585560783108,30.194390221230552,41.42130662452716
2018-11-14T15:30:00Z,67.76,68.12,67.7,67.92,221275,327730.45,68.64657002866849,68.37550000000002,69.08767202976652,67.66332797023351,69.04499999999967,68.26499999999967,41.586362243561126,20.175102249488607,32.468085765631464
2018-11-14T16:30:00Z,67.92,68.36,67.55,68.29,162266,324796.35,68.62917636873344,68.37700000000001,69.0883184940579,67.66568150594212,69.03374999999967,68.18099999999967,46.5725419266908,20.553315412186457,23.640935960968392
2018-11-14T17:30:00Z,68.27,68.32,67.82,68.05,353196,334141.05,68.60092386294157,68.37775000000002,69.08765474711996,67.66784525288008,69.02524999999967,68.08699999999968,43.95179839446853,27.335858585858748,22.688092082511123
2018-11-14T18:30:00Z,68.0579,68.38,67.91,68.1729,392852,343594.45,68.58004465011516,68.347395,69.03754769171815,67.65724230828187,69.01007249999967,68.03957999999967,45.638775300086465,33.385304659498445,27.09149288584773
2018-11-14T19:30:00Z,68.16,68.69,68.1,68.57,439270,352717.95,68.5795546671827,68.34089500000002,69.02000197086704,67.66178802913299,68.97582249999968,68.20057999999968,50.79239503121509,38.40322580645162,33.04146301726946
2018-11-14T20:30:00Z,68.56,68.62,68.11,68.12,530670,372138,68.55713736634452,68.313895,68.9829716756406,67.6448183243594,68.92332249999968,68.24057999999968,45.525277062031975,39.65770609319011,37.14874551971324
2018-11-15T14:30:00Z,67.86,68.36,67.75,67.95,430951,385700.15,68.52752090944966,68.311395,68.98549921886429,67.63729078113572,68.85757249999969,68.17257999999967,43.68237731448272,35.66308243727621,37.9080047789725
2018-11-15T15:30:00Z,67.9455,68,67.55,67.88,315228,372675.4,68.49593452362285,68.309895,68.98768865436377,67.63210134563623,68.79644749999969,68.13857999999968,42.91207286125755,23.9703388921085,33.097042474191454
2018-11-15T16:30:00Z,67.9,67.96,67.59,67.72,222508,372183.4,68.45808405905588,68.281395,69.00642692887489,67.55636307112512,68.7274474999997,68.04799999999969,41.126866639991874,17.148498701521827,25.59397334363536
2018-11-15T17:30:00Z,67.71,68.12,67.61,68.07,170465,372527.4,68.43915312934584,68.265395,68.99424742531833,67.53654257468166,68.6675724999997,67.94799999999968,46.381653002183256,20.3592814371257,20.492706343585187
2018-11-15T18:30:00Z,68.1,68.29,67.65,67.7,262963,375763.45,68.40309687913384,68.233395,69.00147766345086,67.46531233654915,68.6010724999997,67.86399999999969,42.10333757328052,16.766467065868362,18.091415734838474
2018-11-15T19:30:00Z,67.72,68.08,67.67,67.79,343268,369625.4,68.37318971429805,68.22789499999999,69.00694529227584,67.44884470772413,68.53707249999971,67.83199999999968,43.469292804104484,18.16367265469086,18.429807052561486
2018-11-15T20:30:00Z,67.81,68.12,67.68,68.07,419329,370547.45,68.35839997213716,68.20089499999999,68.96233355819105,67.43945644180893,68.48657249999971,67.86999999999969,47.61050385143939,18.16367265469086,17.697937458416536
2018-11-16T14:30:00Z,67.23,68.66,67,68.51,726504,381857.05,68.36579509544755,68.172395,68.83653635384928,67.5082536461507,68.4428224999997,68.0279999999997,53.388951064888076,44.95269815398816,27.093347821123142
2018-11-16T15:30:00Z,68.51,69.41,68.48,69.09,589103,393017.95,68.40112216396231,68.18589499999999,68.91037831788904,67.46141168211093,68.41607249999971,68.23199999999969,59.69912593207082,69.06960955939303,44.061993456023856
2018-11-16T16:30:00Z,69.11,69.19,68.9,69,322304,400718.4,68.43033571693977,68.215395,69.01783120175921,67.4129587982408,68.3965724999997,68.49199999999969,58.37842616876882,86.35288533150039,66.79173101496038
2018-11-16T17:30:00Z,69,69.7,68.96,69.41,852183,418648.2,68.47812421855247,68.250395,69.18607296698022,67.31471703301978,68.38782249999971,68.81599999999968,62.45346729123499,86.3229342759081,80.58180972226701
2018-11-16T18:30:00Z,69.41,69.44,69.11,69.22,307162,412298.1,68.5143132810621,68.285395,69.30719862981333,67.26359137018666,68.37482249999971,69.04599999999968,59.54404820998439,84.82301111623377,85.83294357454726
2018-11-16T19:30:00Z,69.22,69.52,69.17,69.41,345380,395417.4,68.55800531613224,68.335395,69.46849899253179,67.20229100746822,68.38257249999971,69.22599999999969,61.476718141237974,86.91358024691344,86.01984187968496
2018-11-16T20:30:00Z,69.41,69.475,69.04,69.14,458649,393276.3,68.58639530071116,68.404145,69.55715244051899,67.25113755948101,68.3963224999997,69.23599999999968,57.28842567081576,83.58024691358015,85.10561275890898
2018-11-19T14:30:00Z,68.53,69.6,68.4,68.72,567908,410607.95,68.5929126031155,68.44414499999999,69.5826087710087,67.30568122899129,68.4098224999997,69.1799999999997,51.41991510574677,77.40740740740732,82.63374485596681
2018-11-19T15:30:00Z,68.72,69.22,68.45,68.7,180637,411526.5,68.59813637857327,68.46464499999999,69.60602967568737,67.32326032431261,68.4208224999997,69.03799999999968,51.15120607033894,68.64197530864197,76.543209876543
2018-11-19T16:30:00Z,68.69,68.77,68.25,68.62,146698,401201.6,68.59920289669165,68.493145,69.62006599008281,67.36622400991719,68.4354474999997,68.9179999999997,50.025089209200644,62.22222222222228,69.42386831275704
2018-11-19T17:30:00Z,68.62,68.66,68.15,68.25,158873,389502.65,68.58216860904815,68.49699999999999,69.62003339220101,67.37396660779896,68.4221974999997,68.6859999999997,45.081705305509,56.41975308641983,62.42798353909455
2018-11-19T18:30:00Z,68.225,68.46,67.92,68.16,174560,376267.15,68.56157501836287,68.47649999999999,69.60838824536482,67.34461175463515,68.4086974999997,68.4899999999997,43.94417429566582,49.75308641975309,56.13168724279825
2018-11-19T19:30:00Z,68.17,68.5503,68.14,68.39,167103,358088.8,68.553205505272,68.49,69.61094602902877,67.36905397097122,68.4019474999997,68.42399999999971,47.584127012896225,46.91358024691354,51.02880658436201
2018-11-19T20:30:00Z,68.39,68.41,67.98,68,466663,359874.4,68.52621987086849,68.49249999999999,69.60883104409028,67.3761689559097,68.4019474999997,68.2839999999997,42.53991782232808,43.827160493827115,46.831275720164435
2018-11-20T14:30:00Z,67.74,67.78,66.29,66.48,944008,391313.4,68.42640426741148,68.42249999999999,69.82306952701545,67.02193047298452,68.3661974999997,67.8559999999997,29.440753955706384,31.36345534194996,40.70139869423006
2018-11-20T15:30:00Z,66.485,66.88,66.28,66.86,750084,417692.2,68.34999430314751,68.3795,69.91044056056897,66.84855943943101,68.33044749999969,67.5779999999997,34.84252148570866,19.85598295728459,31.682199597687077
2018-11-20T16:30:00Z,66.87,67.68,66.81,67.57,673100,442823.95,68.31194580055495,68.3545,69.92076274934726,66.78823725065274,68.3099474999997,67.45999999999971,43.539807433860204,20.083403360143517,23.767613886459216
2018-11-20T17:30:00Z,67.565,67.61,66.9,67.08,364207,447886.15,68.25185088345471,68.3235,69.96317405297398,66.68382594702601,68.2784474999997,67.19799999999971,39.610201953198974,26.258249371755955,22.065878563061215
2018-11-20T18:30:00Z,67.06,67.21,66.68,66.72,287844,445114.95,68.17712645011545,68.27,70.04042367810514,66.49957632189485,68.2489474999997,66.9419999999997,36.97019374277978,25.02289861199176,23.788183781296937
2018-11-20T19:30:00Z,66.7,66.88,66.2104,66.63,422883,445292.65,68.101656867183,68.19800000000001,70.10681743495557,66.28918256504444,68.19944749999969,66.9719999999997,36.31848929027584,16.576146455067295,22.61909814627153
2018-11-20T20:30:00Z,66.63,66.72,66.485,66.541,665056,442220.25,68.02552726390577,68.09955,70.13289094288132,66.06620905711867,68.13597249999968,66.9081999999997,35.64924983406037,11.795139017244175,17.79806136143427
2018-11-21T14:30:00Z,66.79,67.51,66.63,66.93,706131,448071.65,67.9720869095689,67.99155,70.03242985682465,65.95067014317536,68.08872249999969,66.7801999999997,40.78528168296263,15.347519725617305,14.57293506597612
2018-11-21T15:30:00Z,66.93,67.17,66.76,67.07,368830,450397.95,67.92808267007773,67.89505,69.91851193193699,65.871588068063,68.05522249999969,66.77819999999969,42.56207119824787,22.415629934649644,16.519429559170238
2018-11-21T16:30:00Z,67.08,67.4,67.08,67.2,336160,424596.8,67.89256644226906,67.78455,69.70370642666235,65.86539357333764,68.01747249999968,66.87419999999969,44.23533872846273,32.6306529907919,23.46460088368615
2018-11-21T17:30:00Z,67.19,67.38,67.12,67.22,220589,420268.15,67.85975832313399,67.68455,69.49970877817753,65.86939122182247,67.98497249999969,66.9921999999997,44.50319751733853,39.04298261312145,31.363088512854194
2018-11-21T18:30:00Z,67.21,67.25,66.9,66.99,217146,413856.45,67.81733108785916,67.56355,69.21802326662969,65.90907673337033,67.94947249999967,67.08199999999968,42.0044376026118,38.95441286180814,36.876016155240364
2018-11-21T19:30:00Z,67,67.29,66.99,67.15,296446,405746.3,67.78477835186602,67.46405000000001,68.95899032990785,65.96910967009218,67.93409749999968,67.12599999999968,44.34548676087051,39.72722126625771,39.24153891372897
2018-11-21T20:30:00Z,67.14,67.16,66.76,66.77,508896,402795.7,67.73527696884817,67.36655,68.77285031998603,65.96024968001397,67.90534749999968,67.06599999999969,40.19554512226078,37.22897209108421,38.636868739716554
2018-11-23T14:30:00Z,66.39,67.07,66.08,66.91,236406,405584.15,67.69501955573362,67.27705,68.55443380684461,65.99966619315539,67.87084749999967,67.00799999999968,42.33657210900269,43.41475104175159,40.12364813303103
2018-11-23T15:30:00Z,66.91,67.46,66.86,67.25,289021,412700.3,67.67331128472223,67.20855,68.32764954427364,66.08945045572636,67.85084749999967,67.01399999999968,47.27346185060138,53.55079850492657,44.731507212587324
2018-11-23T16:30:00Z,67.25,67.42,67.05,67.31,211976,415355.45,67.65558878302846,67.16155,68.17578990751528,66.14731009248473,67.82927499999968,67.07799999999968,48.11763159322383,68.46405228758158,55.14320061141978
2018-11-23T17:30:00Z,67.3,67.36,67,67.2307,311947,422224.8,67.63486250092951,67.115085,68.0215189298053,66.20865107019469,67.79579249999969,67.09413999999968,47.04555517774583,77.99522944375875,66.67002674542216
2018-11-26T14:30:00Z,67.76,67.89,67.18,67.315,1217283,474733.8,67.61925945210369,67.061335,67.76345875625117,66.35921124374883,67.77566749999968,67.20313999999969,48.36267210308376,76.3642441767238,74.27450863602122
2018-11-26T15:30:00Z,67.32,67.64,67.19,67.56,420193,472410.3,67.61636874712302,67.039335,67.64312033362337,66.43554966637662,67.76591749999969,67.33313999999969,52.09217986106774,76.82284382284375,77.06077248110863
2018-11-26T16:30:00Z,67.55,67.83,67.375,67.83,126207,431520.25,67.62678978384872,67.10683499999999,67.74620252271312,66.46746747728686,67.76466749999969,67.44913999999967,55.87451180736106,82.22836095764272,78.47181631906994
2018-11-26T17:30:00Z,67.815,67.83,67.64,67.68,119908,400011.45,67.62938540414878,67.147835,67.82280533200984,66.47286466799017,67.76366749999968,67.52313999999967,53.35431222835943,88.95027624309408,82.66716034119338
2018-11-26T18:30:00Z,67.66,67.69,67.49,67.53,145193,373616.1,67.62453733565371,67.145835,67.81600983472016,66.47566016527985,67.75016749999969,67.58299999999967,50.8827233947146,88.39779005524876,86.52547575199503
2018-11-26T19:30:00Z,67.53,67.63,67.44,67.47,135208,362166.15,67.61699892903646,67.165335,67.8492670500596,66.4814029499404,67.74441749999968,67.61399999999966,49.88722464952719,81.76795580110513,86.37200736648252
2018-11-26T20:30:00Z,67.48,67.59,67.4,67.46,298616,362704.75,67.60934044469322,67.20233499999998,67.86565082908069,66.53901917091926,67.7361674999997,67.59399999999967,49.71265419087008,77.71639042357266,82.62737875997537
2018-11-27T14:30:00Z,67.24,67.69,66.94,67.6,483386,365729.9,67.60888481324477,67.25083499999998,67.88067062070103,66.62099937929894,67.72441749999969,67.54799999999966,52.23279032268549,79.00552486187824,79.49662369551854
2018-11-27T15:30:00Z,67.62,68.12,67.56,67.8,299939,347474.05,67.61820750528162,67.31378499999998,67.89721056775356,66.7303594322464,67.7066674999997,67.57199999999965,55.652001719539534,81.51157332177779,79.4111628690761
2018-11-27T16:30:00Z,67.78,67.8,67.15,67.19,205089,322421.95,67.59731933429227,67.326785,67.8865311505874,66.7670388494126,67.6591674999997,67.50399999999965,45.05814863731986,74.23446358285464,78.25052058883675
2018-11-27T17:30:00Z,67.19,67.52,67.15,67.49,191309,313545.9,67.5920842448146,67.347785,67.89886745580318,66.79670254419682,67.6214174999997,67.50799999999964,50.09009498962485,62.90849673202583,72.88484454555262
2018-11-27T18:30:00Z,67.5,67.71,67.43,67.62,168471,305161.45,67.59344598896999,67.368785,67.92769464662861,66.8098753533714,67.5766674999997,67.53999999999965,52.13583292831484,54.012961116649926,63.71864047717668
2018-11-27T19:30:00Z,67.62,67.63,67.3672,67.45,159198,302091.9,67.58644862365438,67.38028499999999,67.93593126616608,66.8246387338339,67.5324174999997,67.50999999999965,49.29060131940562,50.282485875706215,55.734647908127194
2018-11-27T20:30:00Z,67.45,67.54,67.35,67.48,276822,305075.7,67.58125600786636,67.404785,67.93191488256471,66.8776551174353,67.4841674999997,67.44599999999964,49.811131280265975,48.87005649717542,51.055167829843725
2018-11-28T14:30:00Z,67.75,68,67.51,67.91,371566,308831.7,67.59729230016556,67.442785,67.99970085818563,66.88586914181437,67.45341749999969,67.58999999999965,56.675801690332385,57.06214689265537,52.0715630885122
2018-11-28T15:30:00Z,67.9,68.25,67.819,68.04,213240,294048.9,67.61888779771846,67.506285,68.03052873443475,66.98204126556526,67.4364174999997,67.69999999999965,58.52286024718102,70.64518911459018,58.859130834806855
2018-11-28T16:30:00Z,68.03,68.69,67.64,68.48,387908,301624,67.66089327100049,67.584785,68.19198802460896,66.97758197539103,67.43091749999971,67.87199999999964,64.10141240945957,84.72428515978795,70.81054038901104
2018-11-28T17:30:00Z,68.48,68.51,68.13,68.265,448777,309611.8,67.6903618919273,67.635535,68.2901459937177,66.98092400628231,67.4220424999997,68.03499999999966,59.864472312995595,82.56125045438061,79.31024157625278
2018-11-28T18:30:00Z,68.275,68.63,68.24,68.56,227100,310368,67.7327832630528,67.698035,68.44811703091257,66.94795296908744,67.4297924999997,68.25099999999964,63.4356452235168,85.42857142857173,84.2380356809133
2018-11-28T19:30:00Z,68.56,68.87,68.37,68.85,306326,310086.95,67.78728164046485,67.779,68.6497043126117,66.90829568738829,67.4470424999997,68.43899999999965,66.58342606614349,89.08314828522083,85.6909900560576
2018-11-28T20:30:00Z,68.84,68.98,68.79,68.8601,403819,269413.75,67.83961424336901,67.856255,68.81799763807864,66.89451236192137,67.4587949999997,68.60301999999965,66.69097757806028,95.21923605366146,89.9103185891512
2018-11-29T14:30:00Z,68.4,68.78,68.27,68.61,209029,258855.55,67.8771940363754,67.908755,68.91374097099587,66.90376902900412,67.4740449999997,68.62901999999963,61.419438373452145,90.95590011819421,91.75276148569203
2018-11-29T15:30:00Z,68.6,68.86,68.08,68.39,434945,274292.45,67.90220896143026,67.93675499999999,68.9623961077485,66.91111389225148,67.5217949999997,68.65401999999963,57.14075633241776,80.55451087538827,88.9098823490812
2018-11-29T16:30:00Z,68.39,68.42,68.165,68.37,149822,275788.15,67.92502803648244,67.971255,69.00640441042349,66.93610558957651,67.5595449999997,68.61601999999964,56.75368568206207,71.40255009107456,80.97098702821889
2018-11-29T17:30:00Z,68.375,68.86,68.375,68.7,139677,275512.35,67.96283154689793,68.029755,69.09047077809485,66.96903922190513,67.58779499999972,68.58601999999965,61.39991982542121,72.41610513258907,74.7910553663505
2018-11-29T18:30:00Z,68.69,68.92,68.6,68.9,143054,275904.65,68.00854708119559,68.101255,69.19371511456028,67.00879488543971,67.63329499999972,68.59399999999964,63.929262941794754,81.52692569870493,75.11519364078937
2018-11-29T19:30:00Z,68.89,68.94,68.75,68.85,659221,293934.9,68.0495935650397,68.170755,69.26803815484202,67.07347184515798,67.68654499999971,68.64199999999964,62.8209842860316,89.97955010224939,81.30752697784766
2018-11-29T20:30:00Z,68.865,68.935,68.66,68.66,620970,300814.1,68.0793694886963,68.22375500000001,69.30796632713857,67.13954367286145,67.73729499999972,68.69599999999964,58.65943155457624,88.44928564472796,86.65192048189397
2018-11-30T14:30:00Z,68.88,69.21,68.6,68.785,730481,322341.2,68.1137904892477,68.273005,69.36520346268817,67.18080653731182,67.79339499999972,68.77899999999963,60.512744301294696,81.061922900013,86.49691954899664
2018-11-30T15:30:00Z,68.77,68.96,68.37,68.41,588393,341506.4,68.12823973367465,68.334005,69.3072403476403,67.3607696523597,67.83039499999973,68.72099999999963,52.857103205533335,66.73527160333335,78.74882671602462
2018-11-30T16:30:00Z,68.39,68.4,68.15,68.17,145744,339228.15,68.13027681983687,68.36800500000001,69.26548685602599,67.47052314397403,67.85789499999973,68.57499999999963,48.61779823412154,43.313041354301866,63.70341195254927
2018-11-30T17:30:00Z,68.17,68.24,68.08,68.23,71569,334383.05,68.13514136521067,68.398505,69.23136721063494,67.56564278936506,67.88364499999973,68.45099999999964,49.70385051568419,23.42784134678648,44.4920514348071
2018-11-30T18:30:00Z,68.2294,68.49,68.22,68.34,155693,334207.8,68.14513446934674,68.443005,69.15468658743842,67.73132341256158,67.91164499999972,68.38699999999963,51.71870216867134,14.749262536873658,27.1633817459872
2018-11-30T19:30:00Z,68.36,68.43,68.24,68.335,185691,329651.25,68.15439620254934,68.485755,69.04792732402781,67.92358267597218,67.94526999999974,68.29699999999964,51.61748197703327,19.616519174041585,19.26454101923377
2018-11-30T20:30:00Z,68.33,68.48,68.29,68.45,419789,332062.4,68.16881589998596,68.512755,69.00982505733585,68.01568494266415,67.97776999999972,68.30499999999964,53.854460351513914,26.106194690265767,20.1573254670602
2018-12-03T14:30:00Z,68.5,69.02,66.97,67.73,818606,362330.7,68.1474102463281,68.49725500000001,69.06642919292837,67.92808080707165,68.00176999999972,68.21699999999964,41.05574016907008,29.746101980615453,25.156271948307467
2018-12-03T15:30:00Z,67.73,68.13,67.5,67.7702,341649,360017.75,68.12900974650722,68.461765,69.11336560550677,67.81016439449323,68.02327499999973,68.12503999999964,41.886169364370055,34.13171618204843,29.994670950976413
2018-12-03T16:30:00Z,67.775,68.12,67.555,68,173351,346246.45,68.12271658814102,68.44851500000001,69.12585035939969,67.77117964060034,68.04202499999973,68.05703999999965,46.524135363929624,38.54464285714312,34.14082033993553
2018-12-03T17:30:00Z,68.02,68.43,68.02,68.33,202278,345005.35,68.13282797408536,68.437015,69.11419855642879,67.75983144357122,68.06752499999973,68.05603999999964,52.39917903346542,47.473214285714484,40.04985777496854
2018-12-03T18:30:00Z,68.33,68.33,67.99,68.04,311239,345251,68.12829978022754,68.39651500000001,69.06690997991574,67.72612002008428,68.08775749999973,67.97403999999963,47.46417037008031,51.4880952380955,45.83531746031756
2018-12-03T19:30:00Z,68.03,68.12,67.81,67.895,292643,339692.2,68.11691930314326,68.34826000000001,69.01716694240234,67.67935305759768,68.10225749999972,68.00703999999965,45.1733028762903,49.92559523809544,49.62896825396834
2018-12-03T20:30:00Z,67.9,67.93,67.77,67.8,700597,364270.6,68.10145982494116,68.30776,69.00582284645024,67.60969715354976,68.10825749999972,68.01299999999965,43.68561171277407,42.038690476190645,47.817460317460394
2018-12-04T14:30:00Z,67.46,68.54,67.28,68.06,571848,371115.75,68.09943739445623,68.29126000000001,68.99633237755538,67.58618762244464,68.11400749999973,68.02499999999965,48.66816710785875,43.83964866434389,45.26797812620986
2018-12-04T15:30:00Z,68.05,68.28,67.99,68.18,518094,389529.35,68.10336727765349,68.28176,68.98745243838376,67.57606756161626,68.12650749999973,67.99499999999964,50.83049324533979,49.74956445993058,45.209301200154904
2018-12-04T16:30:00Z,68.19,68.255,67.35,67.37,479589,406524.95,68.06759326410942,68.21526000000001,68.99730164696315,67.43321835303688,68.12250749999973,67.86099999999963,38.9144141139381,43.90243902439061,45.83055071622156
2018-12-04T17:30:00Z,67.34,67.34,65.93,66.04,497362,424240.35,67.96868627561628,68.07226,69.24800256433865,66.89651743566135,68.08675749999972,67.48999999999964,27.51040892962891,27.365485305338776,40.33916292988653
2018-12-04T18:30:00Z,66,66.61,65.47,66.48,638291,423193.85,67.8960674329033,67.95376000000002,69.26230272287408,66.64521727712595,68.06225749999973,67.22599999999964,34.36337912820551,17.174256632488568,29.480726987405856
2018-12-04T19:30:00Z,66.5,66.81,66.32,66.33,214668,402878.75,67.81967389959094,67.83726,69.28140659144975,66.39311340855025,68.03050749999971,66.87999999999964,33.21071010771415,18.74530896273008,21.09501696685234
2018-12-04T20:30:00Z,66.34,66.59,66.19,66.59,547141,393711.75,67.75968980692797,67.72751000000001,69.2002178486898,66.25480215131022,68.00025749999972,66.56199999999964,37.14627050592414,28.07511737089216,21.33156098870347
2018-12-06T14:30:00Z,65.68,66.23,65.02,65.63,1019916,415287.9,67.65580249927294,67.58851,69.28507580408751,65.89194419591249,67.96125749999972,66.21399999999963,30.094877716398912,24.368064447289857,23.729496926970565
2018-12-06T15:30:00Z,65.63,66.055,65.35,65.94,582260,437113.7,67.57210481638157,67.47700999999999,69.29483767269059,65.6591823273094,67.92250749999971,66.19399999999965,34.423812080058056,25.005068288519045,25.816083368900223
2018-12-06T16:30:00Z,65.96,66.77,65.89,66.77,348228,450946.65,67.53297775216784,67.40401,69.21225646760178,65.59576353239822,67.90125749999972,66.25199999999964,44.358843236779585,31.06060606060601,26.8112462654715
2018-12-06T17:30:00Z,66.77,67.115,66.7,66.92,474060,466865,67.50307639840355,67.33300999999999,69.099710021963,65.56630997803697,67.8880074999997,66.36999999999964,45.95250619101894,43.27651515151513,33.11406316687992
2018-12-06T18:30:00Z,66.92,67.24,66.74,66.87,476071,481384,67.47219462287167,67.25976,68.97494091687024,65.54457908312976,67.87275749999971,66.42599999999963,45.4848459130249,52.08333333333335,42.14015151515136
2018-12-06T19:30:00Z,66.85,67.16,66.52,66.895,288387,474813.9,67.44403878760964,67.18200999999999,68.81324911417094,65.55077088582904,67.84738249999971,66.67899999999965,45.78195764530141,53.26704545454547,49.542297979797844
2018-12-06T20:30:00Z,66.88,67.55,66.87,67.38,451953,456481.25,67.44091494431161,67.16450999999999,68.77928473586861,65.54973526413137,67.8308824999997,66.96699999999963,51.32438968289035,57.623106060606,54.324494949494806
2018-12-07T14:30:00Z,66.68,68.47,66.68,67.25,560083,467402.95,67.43160202019885,67.1385,68.73000274897632,65.54699725102367,67.8001324999997,67.06299999999963,49.85330788766033,61.65006038647336,57.51340396720814
2018-12-07T15:30:00Z,67.26,67.26,66.525,66.65,212698,469370.3,67.39347509238428,67.071,68.62468787084052,65.51731212915948,67.7597574999997,67.00899999999965,43.63664946184626,59.643170838823075,59.638779095300684
2018-12-07T16:30:00Z,66.65,66.74,66.17,66.57,323448,475428.8,67.35330557568261,66.98299999999999,68.43770065649362,65.52829934350636,67.7100074999997,66.94899999999964,42.86905756455255,52.27053140096627,57.85458754208744
2018-12-07T17:30:00Z,66.58,66.61,66.02,66.22,151822,467457.95,67.29802237686883,66.892,68.29770765097021,65.48629234902978,67.64425749999971,66.81399999999962,39.58805973983505,42.31884057971023,51.410847606499736
2018-12-07T18:30:00Z,66.21,66.25,65.77,66.08,188746,462263.1,67.23860665116791,66.80125,68.17009577290389,65.4324042270961,67.5747549999997,66.55399999999962,38.32453549170136,36.81159420289857,43.80032206119156
2018-12-07T19:30:00Z,66.12,66.12,65.68,65.92,349567,444711.6,67.17428437550119,66.70725,68.04673301594167,65.36776698405833,67.5075049999997,66.28799999999963,36.87596578880959,30.53140096618368,36.55394524959736
2018-12-07T20:30:00Z,65.91,66.2,65.37,65.68,594279,445833.15,67.10139245474504,66.58824999999999,67.84627732482242,65.33022267517755,67.4397549999997,66.09399999999962,34.75397762342226,25.314009661835936,30.8856682769726
2018-12-10T14:30:00Z,65.67,65.96,64.865,65.22,647084,452282.65,67.00961721305016,66.44024999999999,67.60759945496095,65.27290054503904,67.36100499999971,65.82399999999961,31.064269801380107,18.35494180787574,24.733450811964985
2018-12-10T15:30:00Z,65.21,65.31,64.41,64.71,418396,449223,66.89744076363309,66.30724999999998,67.617904321324,64.99659567867596,67.2612549999997,65.52199999999962,27.56953711463703,12.122343821154741,18.597098430288675
2018-12-10T16:30:00Z,64.7071,64.88,64.34,64.45,262295,437469.65,66.77805340930952,66.22774999999999,67.76662125842371,64.68887874157626,67.15000499999971,65.19599999999961,25.965768018808845,6.633344979171272,12.370210202733787
2018-12-10T17:30:00Z,64.45,65.22,64.39,64.745,269963,419053.25,66.67888007227003,66.14099999999999,67.80383071898538,64.4781692810146,67.04737999999972,64.96099999999961,30.878878111101642,6.6196320725835704,8.458440290969731
2018-12-10T18:30:00Z,64.73,65.33,64.67,65.3,221759,419407.8,66.61161762972027,66.0895,67.78912025170192,64.38987974829809,66.96337999999972,64.88499999999962,39.071119980548104,11.904761904761896,8.38591298550545
2018-12-10T19:30:00Z,65.2915,65.64,65.22,65.43,192285,401665,66.55397774534367,66.0315,67.73799963375346,64.32500036624653,66.87950499999971,64.92699999999961,40.839829277845645,19.814366424535947,12.77958680062701
2018-12-10T20:30:00Z,65.43,65.89,65.43,65.73,449121,373125.25,66.51378370898544,66.0365,67.73884573456694,64.33415426543307,66.81250499999972,65.1309999999996,44.820648378048844,27.764326069410853,19.82781813290277
2018-12-11T14:30:00Z,66.62,67.34,66.09,66.47,386751,363349.8,66.51164791830323,66.06299999999999,67.77498539713532,64.35101460286465,66.77000499999971,65.5349999999996,53.18812011717882,43.68280871670705,30.420500403551156
2018-12-11T15:30:00Z,66.46,66.565,65.86,65.87,265469,359211.85,66.48034801984942,66.018,67.70034182020072,64.33565817979928,66.71100499999972,65.75999999999961,46.968946329990416,51.88539144471347,41.11084207694366
2018-12-11T16:30:00Z,65.85,65.94,65.675,65.83,343944,352706.05,66.44862372619822,65.9635,67.5952907341312,64.3317092658688,66.64825499999971,65.8659999999996,46.577932888430674,57.22222222222214,50.930140794547434
2018-12-11T17:30:00Z,65.82,66.19,65.82,66,173346,337569.8,66.42673964199344,65.91999999999999,67.49831872573417,64.34168127426581,66.58987999999971,65.97999999999959,48.538740108475054,51.99999999999994,53.70253788897839
2018-12-11T18:30:00Z,65.99,65.99,65.44,65.8,163154,331308.15,66.39616697653034,65.86524999999999,67.37913729765381,64.35136270234617,66.52362999999971,65.9939999999996,46.38184993003768,51.222222222222086,53.48148148148126
2018-12-11T19:30:00Z,65.8,66.105,65.69,65.96,194167,318418.85,66.3748905386508,65.79424999999998,67.14131820540452,64.44718179459544,66.47937999999972,65.89199999999958,48.35886501279328,52.66666666666648,51.962962962962706
2018-12-11T20:30:00Z,65.94,66.055,65.44,65.54,391342,309981.8,66.33416417091173,65.70874999999998,66.88111459772742,64.53638540227254,66.42362499999972,65.8259999999996,43.79401121077325,47.555555555555436,50.48148148148121
2018-12-12T14:30:00Z,66.77,66.97,66.06,66.379,517709,325232.35,66.33635128452579,65.69519999999997,66.8293785750088,64.56102142499114,66.38309999999971,65.93579999999959,53.281241103873455,53.98888888888886,51.403703703703464
2018-12-12T15:30:00Z,66.37,66.68,66.17,66.67,421607,330140.3,66.35262683162209,65.70019999999997,66.85052736210729,64.54987263789265,66.34159999999972,66.06979999999959,56.05207755944897,61.87777777777783,54.47407407407392
2018-12-12T16:30:00Z,66.67,66.83,66.5,66.755,338846,339491.5,66.37225479105516,65.72694999999997,66.94714383296609,64.50675616703386,66.30947499999972,66.26079999999959,56.85697547719808,75.2676082862523,63.711424984306205
2018-12-12T17:30:00Z,66.755,67.075,66.7,66.92,277167,343912.55,66.39897406954027,65.76894999999998,67.08863245802078,64.44926754197917,66.28509999999972,66.4527999999996,58.447884326731526,80.70194037114614,72.61577547839197
2018-12-12T18:30:00Z,66.93,67.025,66.47,66.55,225611,337714.75,66.40634118809929,65.80044999999997,67.16244757342452,64.43845242657542,66.25384999999972,66.6547999999996,53.668654855826176,75.72500116779179,77.23151660839662
2018-12-12T19:30:00Z,66.53,66.67,66.3001,66.435,346375,325319.55,66.40773917892372,65.83819999999997,67.22635209541583,64.45004790458411,66.21322499999971,66.6659999999996,52.23889253110266,66.54110434169073,74.32268196020942
2018-12-12T20:30:00Z,66.44,66.61,66.08,66.1,427009,314315.8,66.39272751165915,65.88219999999998,67.2447328766683,64.51966712333167,66.16122499999972,66.5519999999996,48.20977536733287,50.03016406966227,64.09875652638146
2018-12-13T14:30:00Z,66.21,66.85,65.9307,65.98,587325,322762.25,66.37259446230992,65.94569999999996,67.19768611814214,64.69371388185778,66.12647499999972,66.3969999999996,46.81681449398328,40.12738869605445,52.23288570246902
2018-12-13T15:30:00Z,65.995,66.17,65.47,66.15,723606,345827.8,66.36173619585578,66.03069999999997,67.07926723199319,64.98213276800675,66.1292249999997,66.2429999999996,49.06222692620269,37.06314716454761,42.40689997675465
2018-12-13T16:30:00Z,66.13,66.48,65.855,65.88,110837,337871.5,66.33823686922867,66.08744999999996,66.9595441405704,65.21535585942952,66.11422499999972,66.10899999999961,45.757868934136454,34.45463812436307,37.21505799498825
2018-12-13T17:30:00Z,65.88,66.2,65.87,66.045,110289,332298,66.32393263170532,66.12469999999996,66.91927085273568,65.33012914726424,66.10709999999972,66.0309999999996,48.060084254955676,35.779816513761595,35.7658672675573
2018-12-13T18:30:00Z,66.045,66.38,65.93,66.03,155709,330469.2,66.30959445454896,66.15469999999996,66.88477865330623,65.4246213466937,66.09309999999972,66.0169999999996,47.86120712583328,33.33333333333338,34.52259599048589
2018-12-13T19:30:00Z,66.03,66.45,65.98,66.28,218182,318922.25,66.30815082261974,66.18219999999997,66.88722187201274,65.47717812798719,66.10934999999972,66.0769999999996,51.46599626952141,41.48827726809392,36.86714237172951
2018-12-13T20:30:00Z,66.275,66.56,66.21,66.33,507502,324959.8,66.30921663615048,66.17519999999998,66.87137744865065,65.4790225513493,66.11909999999972,66.1129999999996,52.17812769140314,47.01477607247995,40.61212889130229
2018-12-14T14:30:00Z,65.83,66.69,65.48,66.58,435264,333449.55,66.3224255807285,66.21069999999997,66.91338431034683,65.50801568965312,66.11434999999972,66.25299999999962,55.6797620934277,58.03919327026582,48.847415536946436
2018-12-14T15:30:00Z,66.53,66.59,66.22,66.36,191988,325851.75,66.32425847922956,66.23719999999997,66.9201552254787,65.55424477452125,66.10034999999972,66.3159999999996,52.06672950041967,59.39771547248171,54.81722827174237
2018-12-14T16:30:00Z,66.37,66.47,65.62,65.95,182519,326310.4,66.30600196804762,66.23469999999998,66.9214654912759,65.54793450872405,66.07734999999971,66.29999999999961,46.06726122546242,51.50571131879542,56.314206687180864
2018-12-14T17:30:00Z,65.97,66.04,65.82,65.83,84074,322356.4,66.28278235985017,66.23619999999997,66.91928230837402,65.55311769162591,66.05072499999972,66.20999999999961,44.452778342540526,36.1697936178809,49.02440680305256
2018-12-14T18:30:00Z,65.82,66.38,65.49,65.72,405806,332938.35,66.25532956180871,66.22419999999997,66.93417228115658,65.51422771884336,66.0092249999997,66.08799999999961,42.9662783495178,23.724536495663248,37.13334714411307
2018-12-14T19:30:00Z,65.72,65.765,65.39,65.495,310358,328889.15,66.2182403148912,66.22194999999998,66.9408108975354,65.50308910246456,65.9653499999997,65.87099999999961,40.0184589131254,16.152949417610973,25.349093177051586
2018-12-14T20:30:00Z,65.49,65.71,65.405,65.66,562165,331111.95,66.19100908001846,66.18599999999998,66.94086157671887,65.43113842328108,65.9405999999997,65.73099999999961,43.10137040359643,14.600291178611704,18.159259030628522
2018-12-17T14:30:00Z,65.73,65.86,65.03,65.47,338715,326967.35,66.15583790538341,66.12599999999998,66.90772629481434,65.34427370518561,65.9130999999997,65.63499999999961,40.518787802159466,17.396985201078333,16.050075265766882
2018-12-17T15:30:00Z,65.46,65.94,65.05,65.71,253555,322702.8,66.1340897148769,66.07374999999998,66.81917521422552,65.32832478577443,65.90034999999969,65.6109999999996,45.00164749765905,28.654343401001096,20.21720659356359
2018-12-17T16:30:00Z,65.705,65.79,65.45,65.56,151904,316439.65,66.10608533854143,66.00574999999998,66.67412321161356,65.3373767883864,65.8873499999997,65.57899999999961,42.82905379487183,33.13253012048187,26.394619574186976
2018-12-17T17:30:00Z,65.56,65.57,65.03,65.25,188126,314565.4,66.06432507812478,65.94074999999997,66.6370349632213,65.24446503677864,65.87059999999971,65.5299999999996,38.673588211420736,28.714859437750956,30.167244319744515
2018-12-17T18:30:00Z,65.23,65.3,64.9,64.94,351813,314837.3,66.0094799523626,65.86599999999997,66.6495215376784,65.08247846232155,65.8520999999997,65.38599999999961,35.014950473547785,15.805119921024806,25.884169826419086
2018-12-17T19:30:00Z,64.93,65.43,64.3,64.42,639524,325463.05,65.93194434493027,65.78199999999997,66.77845070124388,64.78554929875605,65.8320999999997,65.17599999999962,29.904413210434356,6.836189807264341,17.11872305534658
2018-12-17T20:30:00Z,64.42,64.9,64.28,64.84,554277,323810.65,65.87867876712879,65.72499999999997,66.7971706953695,64.65282930463043,65.83534999999969,65.00199999999961,37.800800945316126,10.164023965473998,10.935111231254263
2018-12-18T14:30:00Z,64.81,65.28,64.445,65.25,460828,310671.75,65.84801151019568,65.67999999999996,66.75259032254081,64.60740967745912,65.85534999999969,64.93999999999961,44.38697980183274,23.41625900541865,13.472157592718878
2018-12-18T15:30:00Z,65.27,65.63,65.045,65.08,326141,321436.95,65.81054753408857,65.63999999999996,66.73911327897335,64.54088672102657,65.86372499999969,64.90599999999961,42.38301396540121,33.91917895982014,22.49982064357081
2018-12-18T16:30:00Z,65.075,65.5001,65.07,65.23,357553,333800.15,65.78222814218181,65.59924999999996,66.69570918757279,64.50279081242712,65.86197499999969,64.96399999999961,44.75312899863062,41.253039198244736,32.86282572116105
2018-12-18T17:30:00Z,65.24,65.35,65,65.065,342270,343128.2,65.7472414035388,65.55099999999996,66.65231103690647,64.44968896309345,65.85284999999969,65.09299999999962,42.673643108941654,39.71624266144821,38.29615360650424
2018-12-18T18:30:00Z,65.06,65.08,64.64,64.73,193916,341914.9,65.69761987165886,65.47349999999996,66.57684989917661,64.37015010082331,65.8278499999997,65.07099999999961,38.73800325230855,36.57582711799597,39.181702992562855
2018-12-18T19:30:00Z,64.73,64.74,63.95,64.19,439969,338538.25,65.62407743889501,65.36649999999996,66.53026157352477,64.20273842647515,65.7708499999997,64.85899999999961,33.39197370050323,25.51656254114329,33.93621077352904
2018-12-18T20:30:00Z,64.205,65,64.205,64.79,516650,342607.55,65.58339073455868,65.27699999999996,66.32306596351,64.23093403648991,65.7438499999997,64.80099999999962,42.832300221703726,27.12659683961991,29.739662166252938
2018-12-19T14:30:00Z,64.64,66.04,64.63,65.98,314987,348757.5,65.60273752799483,65.25799999999997,66.2363015894934,64.27969841050654,65.74759999999971,64.95099999999962,56.116657439259576,50.46684779559681,34.370002392119886
2018-12-19T15:30:00Z,66,66.19,65.77,66.14,309046,355083.85,65.6289454534585,65.26749999999997,66.2757286447063,64.25927135529363,65.7510999999997,65.16599999999963,57.545140006722036,79.03603300737008,52.20982588086215
2018-12-19T16:30:00Z,66.13,66.51,65.91,66.355,406040,371182.15,65.66436274841175,65.29374999999997,66.38325390086781,64.20424609913213,65.7649749999997,65.49099999999962,59.45505954845653,96.28078541524268,75.2612220727364
2018-12-19T17:30:00Z,66.355,66.57,66.11,66.155,290178,365400.75,65.68829627287947,65.31549999999997,66.45442010255576,64.17657989744419,65.7698499999997,65.88399999999962,56.891116719178115,91.95782499545633,89.09154780602292
2018-12-19T18:30:00Z,66.16,66.55,65.1648,65.88,421858,370975.75,65.69764767420243,65.33474999999997,66.49791153220609,64.17158846779385,65.7783499999997,66.10199999999962,53.47629370223904,83.92324666030544,90.72061902366802
2018-12-19T19:30:00Z,65.86,66.215,64.48,64.66,748241,380279.55,65.64703071448524,65.28474999999997,66.47338146096702,64.09611853903293,65.7353749999997,65.83799999999962,41.55850934097252,61.64122137404587,79.17409767660241
2018-12-19T20:30:00Z,64.62,65.05,64.55,64.89,638333,395260.45,65.61010238694938,65.25574999999996,66.45315667695203,64.0583433230479,65.6908749999997,65.58799999999962,44.088328001320065,45.5470737913486,63.70384727523319
2018-12-20T14:30:00Z,65,65.31,64.18,64.9,583508,411758.1,65.57546324612258,65.21524999999997,66.40321664515791,64.02728335484203,65.64449999999971,65.29699999999963,44.201424215690835,33.07888040712478,46.75572519083963
2018-12-20T15:30:00Z,64.88,65.15,64.35,64.41,537653,431045.55,65.51861138045807,65.15774999999996,66.38410832855209,63.93139167144785,65.5817499999997,64.94799999999961,39.93840696633375,29.89821882951662,36.174724342663204
2018-12-20T16:30:00Z,64.39,64.53,63.94,64.335,638756,453577.05,65.46087423994791,65.11199999999997,66.38842626109245,63.83557373890749,65.5263749999997,64.63899999999963,39.313419207761925,22.945268433324653,28.640789223321892
2018-12-20T17:30:00Z,64.32,64.39,63.94,64.295,358899,453931.35,65.40400232580411,65.07974999999996,66.40364000676492,63.755859993235006,65.47287499999969,64.56599999999962,38.963216910597765,15.358120724852213,22.733869329231037
2018-12-20T18:30:00Z,64.27,64.49,63.41,63.93,584753,451192.8,65.33209977332587,65.05524999999996,66.44363566328549,63.666864336714426,65.41862499999971,64.37399999999963,35.82699946112642,14.99093548956388,17.76477488258012
2018-12-20T19:30:00Z,63.93,64.74,63.825,64.43,555454,451251.65,65.28809490633436,65.03474999999996,66.44714327030871,63.6223567296912,65.3798749999997,64.27999999999963,42.638372258864166,20.744092024835414,17.031049413083707
2018-12-20T20:30:00Z,64.43,64.63,64.07,64.27,842159,470318.2,65.23843174017172,64.98574999999997,66.43245409898095,63.53904590101897,65.33287499999969,64.25199999999964,41.13379081496038,25.316455696202738,20.350494403533883
2018-12-21T14:30:00Z,64.58,65.37,64,64.89,1055097,506766,65.22143506991944,64.97624999999996,66.42284902876052,63.529650971239406,65.3081249999997,64.36299999999963,48.68953772201927,35.44303797468377,27.167861898573847
2018-12-21T15:30:00Z,64.9,65.01,64.11,64.33,426790,510227.85,65.1779504323624,64.93124999999996,66.39930951855149,63.46319048144844,65.2652499999997,64.36999999999962,43.28531835458991,34.38818565400857,31.715893108298232
2018-12-21T16:30:00Z,64.35,64.38,63.14,63.26,478968,517062.75,65.08439187468618,64.84099999999997,66.47735448482615,63.20464551517379,65.19599999999971,64.23599999999962,35.237429463144736,26.48263645422013,32.10462002763736
2018-12-21T17:30:00Z,63.25,63.53,62.88,63.13,487122,531723.05,64.9890556856771,64.76099999999995,66.55963726193426,62.96236273806565,65.1172499999997,63.975999999999615,34.400572405825415,13.14148514183433,24.670769083354216
2018-12-21T18:30:00Z,63.12,63.38,62.4,62.55,455484,532498.8,64.87007735954651,64.67899999999995,66.70894975307849,62.64905024692141,65.0227499999997,63.63199999999961,30.877230946945147,4.74745978113839,14.790527125730824
2018-12-21T19:30:00Z,62.55,62.59,62.0839,62.09,443698,528851.2,64.73446382981254,64.54399999999995,66.86475763491521,62.223242365084694,64.9104999999997,63.07199999999962,28.39340550359313,3.6431558172943954,7.177366913422246
2018-12-21T20:30:00Z,62.09,62.22,61.7,61.93,1290136,577608.65,64.59766071616315,64.34149999999995,66.82667021550228,61.85632978449763,64.7997499999997,62.59199999999961,27.56287780784065,3.4615027746058975,3.9507061243461017
2018-12-24T14:30:00Z,61.51,61.72,59.96,60.446,549815,589647.1,64.39514068122836,64.05679999999995,66.92732577762652,61.186274222373385,64.66214999999968,62.02919999999962,21.3306943531464,5.14534149858435,4.083333363494756
2018-12-24T15:30:00Z,60.45,61.68,60.45,60.66,400659,589378.05,64.2129386967782,63.77204999999996,66.79973779599455,60.74436220400536,64.5328999999997,61.53519999999961,23.999379646076946,9.396465320553792,6.0011031979145555
2018-12-24T16:30:00Z,60.65,61.1,60.32,60.7301,234358,586587.05,64.04304412620365,63.50080499999994,66.59718995828979,60.4044200417101,64.4081524999997,61.17121999999962,24.898114968885423,12.052372150338869,8.864726323158878
2018-12-24T17:30:00Z,60.73,61.07,60.62,60.86,671649,599076.6,63.887773681022985,63.249804999999945,66.34790962217134,60.15170037782854,64.2922774999997,60.92521999999961,26.62957131632318,14.603203943314847,12.017347138069043
2018-12-24T18:30:00Z,60.77,60.8,59.58,60.73,460300,584679.55,63.733735940485275,63.053304999999945,66.26515130857686,59.84145869142302,64.16902749999969,60.6852199999996,25.98393998446886,16.91081357472517,14.522129889459505
2018-12-26T14:30:00Z,60.92,61.48,60.43,60.45,311083,568317.05,63.57355369948599,62.83130499999995,66.11757498128871,59.5450350187112,64.04352749999968,60.68601999999961,24.600489758461265,17.17453233260656,16.22951661688207
2018-12-26T15:30:00Z,60.45,60.79,59.96,60.72,196027,548943,63.434355958047654,62.62230499999995,65.88734226623762,59.357267733762264,63.91877749999968,60.69801999999961,28.55093029344826,18.192285549798555,17.42587715237664
2018-12-26T16:30:00Z,60.75,61.65,60.49,61.39,827157,563418.2,63.33463127716728,62.47130499999995,65.6703374771588,59.272272522841114,63.81452749999968,60.82999999999961,37.32616951299515,22.68278641335643,19.349868098587056
2018-12-26T17:30:00Z,61.41,61.85,61.2,61.39,591244,561042.6,63.23977121486644,62.32405499999995,65.43632922151649,59.21178077848341,63.718027499999685,60.935999999999616,37.32616951299515,30.243595279217107,23.706222414123904
2018-12-26T18:30:00Z,61.39,61.87,61.27,61.4401,587180,572456.65,63.15198237511685,62.181309999999954,65.17865828466992,59.18396171532999,63.63052999999968,61.07801999999962,37.986679911669256,39.37760196905775,30.76799455387697
2018-12-26T19:30:00Z,61.45,62.23,61.38,62.2,704197,578428.85,63.10554421047701,62.09480999999996,64.98317532654916,59.20644467345076,63.575029999999686,61.42801999999962,47.09419947491671,51.24894699829753,40.29004808219067
2018-12-26T20:30:00Z,62.19,63.03,62.11,63,646761,582994.2,63.10039571240496,62.02330999999996,64.74276887624843,59.303851123751485,63.52902999999968,61.88401999999962,54.64597676240835,71.72298081472262,54.116509927359175
2018-12-27T14:30:00Z,62.35,62.62,61.095,61.23,593633,570567.9,63.009156897165695,61.87130999999996,64.40496063487674,59.33765936512317,63.42852999999968,61.85201999999962,40.77736466594161,71.9679633867277,64.97996373324916
2018-12-27T15:30:00Z,61.25,61.86,61.11,61.825,463162,540971.15,62.95139314608444,61.71805999999996,63.840175536347985,59.59594446365193,63.34715499999969,61.93901999999963,45.7606700964336,70.6763285024155,71.45575756795516
2018-12-27T16:30:00Z,61.82,61.95,61.07,61.15,438275,541545.4,62.86352030969008,61.55905999999995,63.32040683399148,59.79771316600843,63.24515499999969,61.88099999999962,41.494912963732496,52.801932367149796,65.1487414187642
2018-12-27T17:30:00Z,61.12,61.65,61.07,61.37,387420,536968,62.79066566043691,61.46455999999996,63.04415837604603,59.8849616239539,63.1527799999997,61.71499999999962,43.34852385324623,54.15458937198071,59.21095008051521
2018-12-27T18:30:00Z,61.35,61.53,60.89,61.27,331241,529173.95,62.71648684773267,61.37155999999995,62.754805339631666,59.98831466036824,63.0662799999997,61.368999999999616,42.68649421427477,48.792270531401016,51.91626409017706
2018-12-27T19:30:00Z,61.27,62.42,61.13,62.32,289344,520866.95,62.69714602589205,61.360059999999955,62.707280171171256,60.01283982882865,63.019529999999705,61.58699999999963,51.1266292575551,60.096618357487976,54.347826086956445
2018-12-27T20:30:00Z,62.33,62.66,62.11,62.65,547818,526072.95,62.69484621975098,61.38805999999995,62.81567785839549,59.96044214160442,62.96602999999969,61.751999999999626,53.44695947865316,72.00931564619432,60.29940151169432
2018-12-28T14:30:00Z,62.7,63.45,62.6867,62.82,625194,492825.85,62.70095128220215,61.43255999999995,62.97577819248306,59.88934180751684,62.8870299999997,62.08599999999963,54.64164731530712,82.99695458699131,71.70096286355775
2018-12-28T15:30:00Z,62.82,63.16,62.61,63.07,490076,489838.9,62.71895365868009,61.563759999999945,63.192947052984316,59.934572947015575,62.81027999999971,62.425999999999625,56.41313365665182,85.5775786893545,80.19461630751326
2018-12-28T16:30:00Z,63.07,63.61,63.07,63.5196,420676,490839.75,62.75800957776887,61.70673999999995,63.48836367676601,59.92511632323389,62.7393949999997,62.87591999999963,59.47820237064383,88.59568560638843,85.72340629424463
2018-12-28T17:30:00Z,63.51,63.71,63.0596,63.235,343601,496301.9,62.78127740324356,61.83198499999994,63.67257954337874,59.99139045662114,62.6663949999997,63.058919999999624,56.757380030720114,88.99822037306392,87.7238282229355
2018-12-28T18:30:00Z,63.22,63.51,63.06,63.32,484546,486946.75,62.807556554304846,61.954984999999944,63.84738005207392,60.062589947925964,62.6023949999997,63.19291999999963,57.38439757963511,88.66757057432902,88.753825517927
2018-12-28T19:30:00Z,63.34,63.75,63.1,63.2,554897,491676.6,62.82670013702168,62.078484999999944,63.95732635922007,60.19964364077982,62.565894999999706,63.26891999999964,56.14663197446013,83.36515730132756,87.0103160829067
2018-12-28T20:30:00Z,63.19,63.31,62.88,63.24,406439,496444.4,62.846861105947454,62.217984999999956,64.00449964956421,60.43147035043571,62.524644999999694,63.30291999999963,56.48357865745008,83.03575856767355,85.02282881444326
2018-12-31T14:30:00Z,63.32,63.49,62.91,63.02,202777,496781.9,62.855306905657336,62.33298499999995,64.01185020992872,60.654119790071185,62.4776449999997,63.20299999999963,54.024911886031546,79.13752913752926,81.84614833551
2018-12-31T15:30:00Z,63.02,63.04,62.41,62.545,296571,470252.6,62.84016998343015,62.39073499999995,64.01443265446387,60.767037345536025,62.43101999999969,63.064999999999635,49.059490474372865,71.5034965034966,77.89226140289968
2018-12-31T16:30:00Z,62.53,63.12,62.5,63.09,198899,450635.35,62.85235681350673,62.47573499999995,64.0584523699398,60.89301763006009,62.399894999999695,63.01899999999963,54.254625168068664,69.75524475524487,73.46542346542346
2018-12-31T17:30:00Z,63.09,63.565,63.075,63.5645,162825,429417.6,62.887095505530795,62.58195499999995,64.157530258092,61.00637974190791,62.3816324999997,63.09189999999963,58.24711999870244,76.10139860139873,72.45337995337995
2018-12-31T18:30:00Z,63.57,63.625,63.27,63.29,165485,402482,62.90674938330978,62.63645499999994,64.2307084346565,61.042201565343376,62.3656324999997,63.10189999999964,55.24334134924914,84.29327034288876,76.71663789984399
2018-12-31T19:30:00Z,63.28,63.54,63.24,63.29,173550,378821.45,62.92544453534345,62.65095499999994,64.26334274304213,61.03856725695775,62.3371324999997,63.15589999999963,55.24334134924914,82.63598453926143,81.0102178278495
2018-12-31T20:30:00Z,63.29,63.65,63.19,63.65,492982,373788.9,62.96078870435109,62.77195499999995,64.3006883953007,61.2432216046992,62.3216324999997,63.37689999999964,58.498601624231554,82.31042701221132,83.07989396478705
2019-01-02T14:30:00Z,62.87,63.77,62.5492,63.47,412109,371236.25,62.985628279748596,62.85420499999994,64.34687849206401,61.36153150793589,62.28613249999969,63.45289999999964,56.29392801667278,80.80990313853967,81.91877156333734
2019-01-02T15:30:00Z,63.45,64.125,63.31,64,268116,362728.3,63.03510982707793,62.99670499999995,64.34894590084018,61.64446409915971,62.27788249999969,63.53999999999962,60.959474504324625,87.72995338860487,83.61676117978516
2019-01-02T16:30:00Z,64,64.365,63.78,64.32,333946,360054.6,63.09778739648876,63.14420499999994,64.39421242154125,61.89419757845862,62.30438249999969,63.745999999999626,63.49338408270818,89.45025215054962,85.9967028925646
2019-01-02T17:30:00Z,64.31,64.85,64.3,64.78,351458,361065.45,63.179846547879556,63.31970499999994,64.44751426308957,62.19189573691031,62.345632499999695,64.04399999999961,66.82656187548892,95.84690917401491,91.009038237723
2019-01-02T18:30:00Z,64.79,65.0925,64.59,64.845,449680,369082.25,63.261073545543965,63.44595499999995,64.6598826889122,62.23202731108769,62.403007499999696,64.28299999999963,67.28115728442073,95.20096313749882,93.49937482068765
2019-01-02T19:30:00Z,64.845,64.985,64.55,64.665,403921,361887.4,63.329557762834504,63.54670499999995,64.8130080655844,62.28040193441551,62.46738249999969,64.52199999999962,64.63950054117973,90.65601780412426,93.90129670521253
2019-01-02T20:30:00Z,64.66,65.33,64.57,65.28,722279,366741.65,63.424701286598676,63.669704999999944,65.0973778385413,62.24203216145858,62.551132499999696,64.77799999999962,69.10309925227244,91.0415257014219,92.2995022143482
2019-01-03T14:30:00Z,64.55,66.06,64.11,65.37,669286,375702.15,63.5195939067646,63.78470499999995,65.36319197615913,62.20621802384078,62.6742324999997,64.98799999999963,69.7057681439376,87.8156451207941,89.83772954211328
2019-01-03T15:30:00Z,65.35,65.66,64.87,65.52,383015,373819.1,63.61717469180047,63.884724999999946,65.62822686335136,62.141223136648534,62.79573249999969,65.13599999999963,70.73050537152207,88.0716741059977,88.97628164273776
2019-01-03T16:30:00Z,65.52,66.24,65.47,65.68,373755,375326.8,63.71780031659069,64.00697499999994,65.88851491387682,62.12543508612306,62.919479999999695,65.30299999999963,71.82528208839251,83.58482961101011,86.49071627926718
2019-01-03T17:30:00Z,65.67,65.92,65.43,65.64,206886,361443.8,63.81156615480578,64.12297499999994,66.10422098359533,62.141729016404554,63.0389799999997,65.49799999999962,71.10920326047015,84.46732009827872,85.37460793842871
2019-01-03T18:30:00Z,65.64,65.86,65.445,65.63,194803,343439.1,63.90027024481525,64.24447499999994,66.28166300004185,62.20728699995803,63.161479999999685,65.56799999999961,70.91884582555275,84.01430584155214,84.0221518502802
2019-01-03T19:30:00Z,65.64,65.71,65.04,65.18,261319,336183.1,63.96269608653158,64.34147499999995,66.36279792014598,62.32015207985392,63.279729999999674,65.52999999999962,62.77502644743016,79.49857302843124,82.6600663227539
2019-01-03T20:30:00Z,65.17,65.475,64.96,65.01,562705,354179.5,64.01378408231052,64.44097499999995,66.38680933197962,62.49514066802029,63.38697999999969,65.42799999999963,59.97317807898159,73.80874968389891,79.10720951796064
2019-01-04T14:30:00Z,65.88,66.6,65.55,66.58,353548,357028.35,64.13896534658805,64.64272499999996,66.59710478589264,62.68834521410728,63.51672999999969,65.60799999999963,72.27883133536267,79.11530947071903,77.47421072768292
2019-01-04T15:30:00Z,66.575,66.72,66.12,66.25,323022,363234.5,64.24194264675448,64.80072499999994,66.73830595250587,62.86314404749402,63.638229999999695,65.72999999999963,67.57614565080345,83.35986484859423,78.76130800107057
2019-01-04T16:30:00Z,66.21,66.36,66.015,66.15,542758,382231.15,64.33501861520548,64.92999999999994,66.86541468425187,62.994585315748,63.75597749999969,65.83399999999963,66.17115229135368,87.18887408228166,83.22134946719815
2019-01-04T17:30:00Z,66.155,66.87,66.0899,66.79,350346,391474.2,64.45477380470766,65.10499999999993,67.04853543832336,63.16146456167652,63.87072749999968,66.15599999999964,70.41121811015303,86.42532475258986,85.65802122782178
2019-01-04T18:30:00Z,66.8,67.42,66.8,67.31,439034,404748.4,64.59405313130728,65.30599999999994,67.28824266930582,63.323757330694065,63.97847749999968,66.61599999999962,73.33554645682668,90.64636865857119,88.08685583114743
2019-01-04T19:30:00Z,67.32,67.44,67.065,67.3,475076,403853.1,64.72605053953619,65.48849999999995,67.49917177829141,63.47782822170847,64.13022749999968,66.75999999999962,73.18574815015022,96.52466074375972,91.19878471830678
2019-01-04T20:30:00Z,67.29,67.56,67.205,67.51,692339,417864.6,64.86185295224175,65.69049999999993,67.66078145198152,63.720218548018345,64.27235249999967,67.01199999999963,74.3697416903878,97.00775253119934,94.72626064450994
2019-01-07T14:30:00Z,67.37,68.07,67.01,68,501242,429520.9,65.01493329603483,65.89049999999993,67.94408442729295,63.83691557270692,64.44360249999968,67.38199999999964,76.92951678061722,97.38634014449246,96.9729178064837
2019-01-07T15:30:00Z,68,68.13,67.84,67.95,268897,426268.45,65.1581072815941,66.07199999999993,68.17923847725433,63.96476152274554,64.60810249999966,67.61399999999963,76.09437542573394,96.89499706639867,97.09636324736334
2019-01-07T16:30:00Z,67.97,68.34,67.89,68.24,255039,421447.5,65.30844351176025,66.24499999999993,68.46466889423324,64.02533110576663,64.78235249999967,67.79999999999963,77.61242749325568,96.39189555995257,96.89107759028109
2019-01-07T17:30:00Z,68.225,68.48,68.18,68.38,245829,411254.95,65.45827553557682,66.42174999999993,68.72861210034829,64.11488789965158,64.93385249999967,68.01599999999964,78.32791489545703,96.1740925296494,96.48699505200005
2019-01-07T18:30:00Z,68.36,68.57,68.17,68.5,256974,403907.6,65.60665233871941,66.61349999999993,68.941832235749,64.28516776425086,65.08010249999967,68.21399999999963,78.94893679452487,97.42048428522962,96.66215745827704
2019-01-07T19:30:00Z,68.5,68.51,68.2,68.42,284222,382004.75,65.7438888100014,66.77049999999993,69.14106512250288,64.39993487749697,65.22010249999967,68.29799999999963,77.35745449655155,97.02163602786884,96.87207094758246
2019-01-07T20:30:00Z,68.42,68.61,68.2915,68.44,498846,373482.75,65.87540642902572,66.92399999999992,69.30947605312399,64.53852394687586,65.35435249999966,68.39599999999963,77.47967802412579,96.11675387298673,96.85295806202824
2019-01-08T14:30:00Z,68.67,68.68,67.63,67.97,695071,389085.55,65.97758172517081,67.04649999999994,69.3821050607966,64.71089493920327,65.46561249999966,68.34199999999964,68.16734516737668,87.88255625293665,93.67364871793058
2019-01-08T15:30:00Z,67.97,68.07,67.525,67.88,689525,404874.05,66.07038261662589,67.15649999999992,69.43073195827253,64.88226804172731,65.58173749999966,68.24199999999965,66.51863858990956,79.26134389549007,87.75355134047099
2019-01-08T16:30:00Z,67.88,68.03,67.675,67.82,632004,426129.95,66.15572980605877,67.26549999999993,69.4455685769081,65.08543142309176,65.69423749999967,68.10599999999963,65.38329524330221,70.04541200668827,79.06310405170484
2019-01-08T17:30:00Z,67.82,67.83,67.37,67.43,508124,441796,66.21788932771445,67.35549999999992,69.40262945365706,65.30837054634279,65.79998749999967,67.90799999999963,58.405249807190295,56.76284178327756,68.68986589515181
2019-01-08T18:30:00Z,67.435,67.76,67.39,67.55,443802,450920.15,66.28287033611862,67.47399999999993,69.26161740873809,65.68638259126178,65.90773749999967,67.72999999999963,59.82598629400863,44.21420547240956,57.00748642079163
2019-01-08T19:30:00Z,67.55,68,67.5,67.93,471133,446341.55,66.36321812460064,67.61999999999993,69.01199137929277,66.2280086207071,66.03048749999968,67.72199999999962,64.01734864837931,40.311929332823716,47.096325529503446
2019-01-08T20:30:00Z,67.93,68.21,67.73,67.73,979720,477650.15,66.42989041120548,67.67749999999994,68.98536658341763,66.36963341658225,66.16011249999967,67.69199999999964,60.443076408202316,43.51297405189606,42.67970295237628
2019-01-09T14:30:00Z,68.65,68.67,67.4,67.9,860000,504499.05,66.5016030740735,67.75999999999993,68.8938606616439,66.62613933835597,66.28036249999968,67.70799999999963,62.3664714572971,46.2205360271823,43.348479803967194
2019-01-09T15:30:00Z,67.88,67.91,67.39,67.72,310106,492866.45,66.56103707046016,67.83849999999993,68.70041124834908,66.97658875165077,66.38424999999968,67.76599999999964,59.090272660858375,36.76311499139111,42.165541690156324
2019-01-09T16:30:00Z,67.71,67.905,67.38,67.41,438279,497263.1,66.60244989629138,67.86949999999993,68.61508634645787,67.12391365354199,66.48724999999968,67.73799999999963,53.84422672132089,23.409669211195606,35.46444007658951
2019-01-09T17:30:00Z,67.415,67.52,67.15,67.305,220867,486354.75,66.63672063305765,67.86924999999994,68.61558956750332,67.12291043249655,66.58762499999969,67.61299999999963,52.155239634403095,13.300570440219886,24.4911182142687
2019-01-09T18:30:00Z,67.3,67.715,67.23,67.3,443657,484783.8,66.669075724128,67.86924999999992,68.61558956750574,67.12291043249411,66.67887499999968,67.52699999999963,52.07147658747053,7.662691879126211,14.790977176847065
2019-01-09T19:30:00Z,67.28,68.1,67.23,67.975,337352,467034.45,66.73277934734128,67.89249999999991,68.62139299628515,67.16360700371467,66.79149999999967,67.54199999999963,61.1440502359364,24.618736383441874,15.193999567595819
2019-01-09T20:30:00Z,67.975,68.03,67.12,67.72,1218500,502897.35,66.78093645234902,67.87849999999992,68.60934950573474,67.1476504942651,66.88449999999968,67.54199999999962,56.771938358927784,34.06234288587174,22.114590382813105
2019-01-10T14:30:00Z,67.44,68.14,67.22,68.09,555417,517223.35,66.84479321077103,67.88549999999991,68.62161751781684,67.14938248218297,66.97874999999968,67.67799999999963,61.1165240850883,51.654584083426236,36.77855445091311
2019-01-10T15:30:00Z,68.09,68.6,68.09,68.56,303840,519663.4,66.92846183463585,67.90149999999991,68.68041013604473,67.1225898639551,67.07324999999969,67.92899999999962,65.816350834505,64.64846980976004,50.121798926352504
2019-01-10T16:30:00Z,68.59,68.86,68.34,68.42,245904,519667.15,67.0012197939219,67.90349999999992,68.68750318878726,67.11949681121258,67.16262499999968,68.15299999999962,63.359692883194555,76.73217154863435,64.34507514727338
2019-01-10T17:30:00Z,68.43,68.63,68.045,68.15,159781,514807.5,67.05725785275499,67.88599999999992,68.63059787807096,67.14140212192889,67.24974999999968,68.18799999999962,58.80123688970675,75.60375726115451,72.32813287318281
2019-01-10T18:30:00Z,68.16,68.34,67.9,68.23,208060,510999.4,67.11446478676694,67.87649999999992,68.59809614745828,67.15490385254157,67.32349999999967,68.28999999999962,59.72581242522125,65.90038314176263,72.74543731718366
2019-01-10T19:30:00Z,68.23,68.25,67.86,68.09,247319,498423.05,67.16205187033928,67.85899999999992,68.5409721402148,67.17702785978504,67.39149999999968,68.28999999999962,57.302258477341915,59.57854406130287,67.02756148807318
2019-01-10T20:30:00Z,68.09,68.2,67.74,67.95,766863,502012.65,67.20048836446908,67.85799999999992,68.53937654790192,67.17662345209791,67.45224999999968,68.16799999999962,54.903029924157806,55.747126436781734,60.408684546615575
2019-01-11T14:30:00Z,67.83,68.16,67.4,68.025,389706,487021.7,67.24070844425108,67.86524999999992,68.55048335443264,67.18001664556719,67.51087499999969,68.08899999999963,55.96668107387771,51.819923371647654,55.71519795657725
2019-01-11T15:30:00Z,68.03,68.56,67.97,68.465,585597,484701.35,67.30042998355592,67.89749999999992,68.63024483964719,67.16475516035266,67.58149999999968,68.15199999999962,61.67730990394371,59.00383141762469,55.523627075351186
2019-01-11T16:30:00Z,68.47,68.89,68.445,68.793,314389,475014.6,67.373238277041,67.96564999999993,68.7625252160964,67.16877478390344,67.66057499999968,68.26459999999962,65.29099667860712,74.61003961296213,61.81126480074465
2019-01-11T17:30:00Z,68.79,69.03,68.66,68.815,481036,476876.3,67.44356811718534,68.02889999999994,68.88255915916272,67.17524084083715,67.75144999999966,68.40959999999961,65.52580966643504,86.85402669446488,73.48929924168372
2019-01-11T18:30:00Z,68.815,68.99,68.305,68.36,497511,478195.2,67.48827211146897,68.05039999999994,68.91460724367533,67.18619275632454,67.83519999999967,68.49159999999962,56.945331399907076,82.72823182575603,81.39743271106083
2019-01-11T19:30:00Z,68.36,68.735,68.22,68.645,457002,452059.3,67.54469786212903,68.09614999999994,68.98421560006625,67.20808439993363,67.88682499999967,68.61559999999962,60.439759947104214,77.83595113438027,82.47273655153354
2019-01-11T20:30:00Z,68.645,69.06,68.645,69,718492,444983.9,67.61568821031786,68.15114999999994,69.11668327752842,67.18561672247147,67.95557499999968,68.72259999999963,64.32395308491553,80.50117611351375,80.3551196912165
2019-01-14T14:30:00Z,68.41,68.52,67.52,67.54,508221,454889.65,67.61199610249747,68.14214999999993,69.12675820127922,67.15754179872064,67.99032499999967,68.47199999999962,44.829377244181956,61.67193243723805,73.33635322837718
2019-01-14T15:30:00Z,67.5353,67.8,67.46,67.59,232084,444579.9,67.61092312188784,68.15114999999994,69.1118239873747,67.19047601262518,68.01032499999967,68.22699999999963,45.43922777229225,38.87288283569057,60.34866379548061
2019-01-14T16:30:00Z,67.59,67.71,67.42,67.67,220120,444542.55,67.61380492082014,68.16939999999994,69.07751307667218,67.2612869233277,68.01932499999967,68.08899999999963,46.45900802360174,12.048192771084283,37.531002681337455
2019-01-14T17:30:00Z,67.68,68.12,67.65,68.07,130664,428892.9,67.63605833931672,68.20789999999994,69.02615739227988,67.38964260771999,68.03857499999967,67.97399999999962,51.35477760653511,22.690763052208542,24.537279552994278
2019-01-14T18:30:00Z,68.09,68.15,67.85,67.86,169861,420518.35,67.64698232276469,68.20214999999993,69.02844977007415,67.37585022992572,68.04732499999967,67.74599999999963,48.830319824978986,28.112449799196423,20.950468540829565
2019-01-14T19:30:00Z,67.86,68.23,67.82,68.165,173868,368286.75,67.67225147775177,68.22439999999995,69.02100112981171,67.42779887018818,68.05144999999968,67.87099999999963,52.48370183640892,38.05220883534111,29.618473895581843
2019-01-14T20:30:00Z,68.16,68.22,67.8201,67.89,237476,352389.7,67.68287335688584,68.21439999999994,69.02243796941733,67.40636203058256,68.04994999999968,67.93099999999961,49.08107745629489,34.43775100401595,33.53413654618431
2019-01-15T14:30:00Z,67.81,68.56,67.4583,68.17,443994,359397.4,67.7066356321597,68.19489999999993,68.98730820290041,67.40249179709946,68.04819999999968,68.03099999999964,52.46058488176681,40.444705651875786,37.64488849707743
2019-01-15T15:30:00Z,68.1823,68.25,67.88,67.9,364338,365319.1,67.71606804034704,68.16889999999994,68.96417728499242,67.37362271500746,68.03619999999968,67.99699999999963,49.077979825906404,34.8393574297189,36.573938028536695
2019-01-15T16:30:00Z,67.905,68.11,67.78,67.98,349371,374798.6,67.7289427700862,68.16039999999995,68.9599262097104,67.3608737902895,68.02319999999968,68.02099999999963,50.10455318076637,36.38211382113836,37.2220589675775
2019-01-15T17:30:00Z,67.9745,67.99,67.74,67.91,201274,374459.3,67.737774830082,68.14439999999993,68.9504951308797,67.33830486912017,68.01044999999968,67.96999999999963,49.17047863926215,31.097560975609806,34.106344075488835
2019-01-15T18:30:00Z,67.9,68.11,67.67,67.68,264480,375317.35,67.73495654568777,68.12389999999995,68.95495352415796,67.29284647584194,67.99144999999967,67.92799999999963,46.127632543897576,26.626016260162675,31.36856368563676
2019-01-15T19:30:00Z,67.65,67.665,66.8702,66.97,1008820,387415.2,67.69764159223958,68.07489999999994,69.0451034632063,67.10469653679358,67.96644999999967,67.68799999999963,38.257119930295524,16.763067050708923,24.82888142882695
2019-01-15T20:30:00Z,66.965,67.15,66.7,67.13,1643818,450120.8,67.6699517584718,68.03014999999995,69.08435762187398,66.97594237812592,67.94769999999967,67.53399999999962,40.71213402398484,14.50981064717712,19.299631319349384
2019-01-16T14:30:00Z,67.51,67.61,67.04,67.2,309136,436297.75,67.64702728244879,67.96689999999994,69.06022628250678,66.8735737174931,67.93219999999967,67.37799999999963,41.80240606843514,18.185831278351074,16.486236325412186
2019-01-16T15:30:00Z,67.21,67.21,66.75,66.9,312719,436214.25,67.61058692720738,67.87224999999994,68.9905946472453,66.75390535275457,67.91894999999967,67.17599999999963,38.532022019432745,20.250896057347628,17.648845994291754
2019-01-16T16:30:00Z,66.9,66.9567,66.38,66.47,258466,425085.75,67.55494854051433,67.75499999999994,68.94294360136333,66.56705639863655,67.89194999999967,66.93399999999964,34.38020826239081,13.920949656374475,17.45255899735754
2019-01-16T17:30:00Z,66.48,66.94,66.39,66.91,274867,413953.55,67.52348763609899,67.68249999999993,68.89071562646245,66.47428437353742,67.86644999999967,66.92199999999964,41.344740150252775,13.064351714840152,15.745399142853898
2019-01-16T18:30:00Z,66.9,67.215,66.84,67.155,256786,403942.75,67.50551262946001,67.60799999999993,68.75165816572313,66.46434183427674,67.85207499999966,66.92699999999964,44.854407701455756,21.330275229357923,16.105192200190665
2019-01-16T19:30:00Z,67.16,67.28,66.51,67.04,390813,387558.8,67.48280469631563,67.50999999999995,68.48289773358722,66.53710226641267,67.83057499999967,66.89499999999963,43.53754824910658,30.04587155963324,21.480166167943583
2019-01-16T20:30:00Z,67.03,67.03,66.59,66.69,579386,391117.05,67.44413129649536,67.46749999999994,68.50364912055142,66.43135087944847,67.80482499999967,66.85299999999964,39.715876851525145,26.68195718654458,26.019367991845062
2019-01-17T14:30:00Z,66.72,66.75,66.17,66.53,291186,394072.15,67.39953952593461,67.41449999999995,68.52587257480026,66.30312742519963,67.78282499999966,66.86499999999963,38.07068450564097,20.601035050576524,25.776287932251265
2019-01-17T15:30:00Z,66.55,66.55,65.885,66.17,248176,395474.95,67.33956198808414,67.33949999999994,68.56805565605225,66.11094434394764,67.75444999999965,66.71699999999963,34.59796082155495,14.778954852658607,20.68731569659305
2019-01-17T16:30:00Z,66.19,66.19,65.87,66.14,241652,401024.35,67.2810467691532,67.24299999999994,68.52874258699858,65.9572574130013,67.72544999999965,66.51399999999963,34.31703430778258,14.05675083343617,16.47891357889025
2019-01-17T17:30:00Z,66.13,66.255,65.96,66.11,202663,402664.45,67.22392253651158,67.15549999999995,68.49829894251465,65.81270105748524,67.67882499999966,66.32799999999963,34.01955583062335,11.858948635633908,13.564884773909377
2019-01-17T18:30:00Z,66.1,66.12,65.64,65.75,153644,401653.25,67.15202387619394,67.03474999999995,68.42617184473812,65.64332815526177,67.62957499999966,66.13999999999963,30.592460834711787,9.399985302762985,11.771894923944169
2019-01-17T19:30:00Z,65.755,66.2,65.7,65.9611,492992,414429.05,67.09393002857472,66.93830499999996,68.34653173952437,65.53007826047555,67.57635249999967,66.02621999999963,34.74381333039662,10.815292288501519,10.691408742299286
2019-01-17T20:30:00Z,65.98,66.25,65.95,66.25,563599,420409.3,67.05276271010766,66.84230499999995,68.16047676039776,65.52413323960215,67.51860249999966,66.04221999999963,40.03020705542227,17.56535271876506,12.593543436676336
2019-01-18T14:30:00Z,67.11,68.05,66.37,67.635,828497,443617.25,67.0811645291268,66.82905499999995,68.10921275196175,65.54889724803816,67.49897749999965,66.34121999999964,57.71531826728478,43.34801412613843,23.90955304446815
2019-01-18T15:30:00Z,67.635,67.81,67.22,67.44,503351,451316.25,67.09866869843768,66.80205499999997,68.00438762864479,65.59972237135514,67.48122749999966,66.60721999999963,55.24508256578105,62.811115557708774,41.241494134203904
2019-01-18T16:30:00Z,67.43,67.43,67.165,67.36,186011,450553.1,67.11141656680657,66.77455499999996,67.89675411330623,65.6523558866937,67.45947749999965,66.92921999999963,54.21979606815227,76.2793914246198,60.81284036948882
2019-01-18T17:30:00Z,67.37,67.41,67.14,67.18,186677,446662.95,67.11476210013308,66.74955499999996,67.81056482554563,65.68854517445429,67.43672749999965,67.17299999999963,51.88648282917687,69.98616874135563,69.69222524122789
2019-01-18T18:30:00Z,67.19,67.22,67.03,67.06,199609,406202.4,67.11209077817537,66.75405499999997,67.81952056486116,65.68858943513877,67.41447749999966,67.33499999999964,50.33142058165193,64.73029045643176,70.33195020746888
2019-01-18T19:30:00Z,67.05,67.17,66.94,67.045,357526,341887.8,67.10881805728877,66.74980499999995,67.80990286808023,65.68970713191968,67.38997749999966,67.21699999999963,50.12917511295306,60.37344398340273,65.02996772706318
2019-01-18T20:30:00Z,67.05,67.07,66.84,66.95,497263,351294.15,67.101070834982,66.73730499999995,67.78165311720731,65.69295688279259,67.35210249999966,67.11899999999963,48.79194912306179,57.19225449515924,60.76532964499773
2019-01-22T14:30:00Z,66.75,67.16,66.525,67.05,291866,350251.5,67.09857957473898,66.74480499999996,67.79585194943155,65.69375805056836,67.30852749999966,67.05699999999963,50.29500579634796,57.053941908713796,58.206546795758406
2019-01-22T15:30:00Z,67.06,67.18,66.78,67.145,225920,348624.2,67.10084398572732,66.77855499999995,67.83547083861228,65.72163916138763,67.26677749999966,67.04999999999963,51.74409740751122,58.43706777316739,57.56108805901329
2019-01-22T16:30:00Z,67.145,67.19,66.38,66.43,179193,343840.5,67.06811988886258,66.75455499999994,67.82020487210545,65.68890512789443,67.21852749999965,66.92399999999962,41.85401223646469,51.24481327800837,55.57860765329633
2019-01-22T17:30:00Z,66.39,66.55,66.21,66.2841,210618,341532.1,67.02987501623514,66.71100999999994,67.77882052795759,65.6431994720423,67.15950499999965,66.77181999999962,40.166909361073685,40.65145228215771,50.11111111111097
2019-01-22T18:30:00Z,66.3004,66.53,66.24,66.32,223145,333148.7,66.99524696666269,66.67500999999994,67.7445735575398,65.60544644246009,67.09250499999965,66.64581999999962,40.79925637300048,28.62973426326472,40.17533327447675
2019-01-22T19:30:00Z,66.33,66.43,66.2,66.38,216557,315007.25,66.96523491950842,66.65950999999994,67.7367130651716,65.58230693482828,67.06350499999965,66.51181999999962,41.90435014991137,24.528436759477387,31.26987443496642
2019-01-22T20:30:00Z,66.375,66.85,66.27,66.84,399092,320402.55,66.9591258990446,66.67500999999994,67.75323363339736,65.59678636660253,67.04475499999965,66.45081999999961,49.662449150524225,27.151254598062966,26.769808540268173
2019-01-23T14:30:00Z,66.8,67.53,66.57,67.28,173674,316677.45,66.97477829421315,66.73050999999994,67.81330303822152,65.64771696177836,67.03500499999966,66.62081999999961,55.74953060562994,40.717176804133274,30.798956053891022
2019-01-23T15:30:00Z,67.29,67.295,66.9,66.99,133844,311287.05,66.97552081644666,66.77300999999994,67.82607332365079,65.7199466763491,67.00800499999966,66.76199999999962,51.342705762262995,53.691278725603546,40.519903375933076
2019-01-23T16:30:00Z,67.02,67.08,66.68,66.83,144975,308402.65,66.96842224003463,66.80900999999993,67.81722202314988,65.80079797684998,66.98225499999965,66.8639999999996,49.039477016895546,57.949220878282404,50.785892136006225
2019-01-23T17:30:00Z,66.83,67.23,66.82,67.1,110871,306264,66.97484066735001,66.87650999999994,67.76583619640891,65.98718380359097,66.95562999999966,67.00799999999961,52.880831635985366,58.14536340852087,56.595287670802094
2019-01-23T18:30:00Z,67.0801,67.471,67.03,67.42,212493,292239.05,66.99655575674757,66.94945499999993,67.76253456186286,66.136375438137,66.94387999999967,67.1239999999996,57.016304484376704,68.92230576441078,61.672296683737834
2019-01-23T19:30:00Z,67.41,67.555,67.23,67.55,247944,276456.3,67.02355303690622,67.01445499999993,67.8008911219597,66.22801887804016,66.92837999999966,67.1779999999996,58.60574995527177,86.34316418352114,71.13694445215074
2019-01-23T20:30:00Z,67.555,67.85,67.43,67.83,415364,255799.65,67.0628919131547,67.02420499999994,67.84524643252114,66.20316356747874,66.92662999999966,67.34599999999959,61.87571390248909,96.71606613537074,83.9938453611007
2019-01-24T14:30:00Z,67.72,68.33,67.22,68.23,422867,251775.45,67.11982401495203,67.06370499999994,68.02499541080881,66.10241458919107,66.93287999999966,67.6259999999996,66.00694751283493,97.90801313903019,93.65574781930718
2019-01-24T15:30:00Z,68.25,68.36,68.08,68.27,248909,254920.35,67.17593016056412,67.10920499999995,68.19974139733345,66.01866860266644,66.94187999999966,67.8599999999996,66.39906309807665,96.64212548015378,97.08873491818473
2019-01-24T16:30:00Z,68.27,68.38,68.13,68.24,269763,259074.65,67.22783600639026,67.16220499999994,68.35918900737394,65.96522099262594,66.95587999999967,68.0239999999996,65.78614237273416,94.90549310131946,96.48521057350096
2019-01-24T17:30:00Z,68.24,68.325,67.79,67.905,214679,259828.15,67.26086839632245,67.20445499999994,68.44295819899004,65.96595180100984,66.97925499999967,68.0949999999996,59.21307333224707,89.20744138634048,93.58501998927106
2019-01-24T18:30:00Z,67.9,68.3,67.8899,68.22,236863,253795,67.30765530381892,67.26320499999994,68.5751749211145,65.95123507888539,67.00650499999968,68.17299999999959,62.96062675587061,88.14984709480133,90.75426052748692
2019-01-24T19:30:00Z,68.215,68.58,68.18,68.465,291475,243505.6,67.36411114265702,67.33895499999994,68.74165083086059,65.93625916913929,67.03812999999967,68.2199999999996,65.60748679513216,88.63106821822437,88.66278556645523
2019-01-24T20:30:00Z,68.46,68.66,68.44,68.65,515771,254700.85,67.42683742838108,67.41895499999994,68.92528311628608,65.9126268837138,67.08187999999967,68.29599999999961,67.49630602613158,95.73457552694664,90.83849694665726
2019-01-25T14:30:00Z,68.93,69.27,68.58,68.759,304159,258612.8,67.49182096846005,67.49965499999993,69.10810403118361,65.89120596881625,67.13910499999966,68.3997999999996,68.59082298044203,91.60448213079819,91.99004195865622
2019-01-25T15:30:00Z,68.76,68.94,68.7,68.85,544793,276892.8,67.55807360414492,67.62065499999994,69.25295345491364,65.98835654508625,67.18760499999966,68.58879999999961,69.51380362436865,87.85852838484432,91.73252868086286
2019-01-25T16:30:00Z,68.85,68.96,68.72,68.84,421358,287429.8,67.62060659906469,67.74844999999995,69.34192312183589,66.154976878164,67.22972999999965,68.7127999999996,69.27290035246833,82.16767788196371,87.21022946586855
2019-01-25T17:30:00Z,68.83,68.9,68.68,68.85,504568,301500.95,67.68057700886641,67.87494999999993,69.39473162576905,66.3551683742308,67.27497999999966,68.78979999999962,69.38715136912313,82.49425445854023,84.17348690844922
2019-01-25T18:30:00Z,68.84,68.88,68.2,68.31,352399,308293.05,67.71128056940951,67.97144999999993,69.33650157046198,66.60639842953789,67.31547999999967,68.7217999999996,57.050987874523855,72.28990376638478,78.98394536896272
2019-01-25T19:30:00Z,68.32,68.51,68.31,68.37,410962,308886.55,67.74341322456027,68.04794999999993,69.3190477106496,66.77685228935026,67.36147999999966,68.64399999999961,57.94564012563925,63.506097560975796,72.76341859530008
2019-01-25T20:30:00Z,68.38,68.57,68.33,68.54,628664,331636.05,67.78227111604514,68.11094999999993,69.3479975294114,66.87390247058846,67.42072999999966,68.58199999999961,60.45887161742271,57.886178861788984,64.56072672971632
2019-01-28T14:30:00Z,67.87,68.49,67.59,68.47,467592,348323.45,67.81581886648196,68.18494999999993,69.31758418190594,67.05231581809392,67.47897999999967,68.50799999999961,58.89803980068741,57.622919086334,59.67173183636607
2019-01-28T15:30:00Z,68.45,68.48,67.6,67.61,323772,357263.3,67.80577892177553,68.22394999999995,69.21173124603152,67.23616875396837,67.51647999999966,68.25999999999961,43.90228601096491,39.32055749128928,51.60988514647056
2019-01-28T16:30:00Z,67.6,67.61,67.06,67.12,192484,361343.95,67.77232629144501,68.22494999999995,69.20820794683397,67.24169205316593,67.55072999999966,68.02199999999962,37.970374629859435,18.762120232708433,38.56853227011038
2019-01-28T17:30:00Z,67.12,67.455,67.12,67.32,130578,357248.2,67.75026159430135,68.21994999999994,69.22039699510744,67.21950300489245,67.58470249999966,67.81199999999961,41.44788705570514,5.22337139984184,21.102016374612994
2019-01-28T18:30:00Z,67.31,67.42,67.26,67.34,161873,352944.65,67.73024883360372,68.20944999999995,69.24170432428866,67.17719567571123,67.61195249999966,67.57199999999962,41.799271584371176,9.049773755656064,11.011755129401921
2019-01-28T19:30:00Z,67.34,67.68,67.34,67.525,193985,341875.7,67.72023669537916,68.19419999999994,69.25698720354521,67.13141279645467,67.60920249999967,67.38299999999961,45.08232980622451,15.158371040723972,9.810505398740432
2019-01-28T20:30:00Z,67.53,67.64,67.48,67.62,283113,334888,67.71534710048262,68.16369999999993,69.25524955912317,67.0721504408767,67.61370249999966,67.38499999999962,46.743667727517135,19.68325791855221,14.63046757164389
2019-01-29T14:30:00Z,67.66,67.94,67.02,67.195,198831,332384.1,67.68996431509322,68.10994999999994,69.27842772337304,66.94147227662684,67.60957749999966,67.39999999999961,40.79759228329891,18.466903018146297,17.769510659140632
2019-01-29T15:30:00Z,67.2,67.22,66.63,67.17,222931,330042.5,67.66460020216185,68.05644999999996,69.29225329745972,66.82064670254019,67.60932749999967,67.36999999999962,40.47146113841398,19.178650245924853,19.109603727540925
2019-01-29T16:30:00Z,67.2,67.8,67.2,67.75,199807,329298.9,67.66876604595883,68.04869999999995,69.29013644219435,66.80726355780556,67.62657749999967,67.45199999999961,50.381474959121746,27.178597090131802,21.608050118067457
2019-01-29T17:30:00Z,67.75,67.79,67.43,67.69,162873,325599.4,67.66980184859499,68.02219999999996,69.27048676193071,66.7739132380692,67.64270249999967,67.48499999999962,49.46409956937939,39.875427941601906,28.744225092552657
2019-01-29T18:30:00Z,67.68,67.91,67.5,67.53,207268,321389.05,67.6629822462245,67.97544999999995,69.22393523820503,66.72696476179487,67.65720249999967,67.46699999999962,47.00608902312033,47.614023578963106,38.22268287023208
2019-01-29T19:30:00Z,67.52,67.685,67.29,67.62,255755,308388.25,67.66088555128673,67.92394999999995,69.14147691551945,66.70642308448045,67.67145249999967,67.55199999999962,48.55471459138504,48.17793050782776,45.22246067613073
2019-01-29T20:30:00Z,67.615,67.82,67.58,67.78,424501,314405.35,67.66669601219957,67.87499999999994,69.03149038042547,66.71850961957442,67.68732749999967,67.67399999999962,51.28046297170215,53.0835458005399,49.62516662911006
2019-01-30T14:30:00Z,67.74,67.99,67.09,67.45,207709,297551.15,67.6561254750191,67.80499999999994,68.88382806787071,66.72617193212916,67.71282749999968,67.61399999999962,45.88098742896644,52.39440304954143,51.21862645263618
2019-01-30T15:30:00Z,67.47,68.03,67.43,68.03,145655,283766,67.67436325672548,67.76449999999994,68.74081398639042,66.78818601360946,67.75647499999968,67.68199999999962,54.874345615595416,68.71742710452408,58.06512531820161
2019-01-30T16:30:00Z,68.03,68.41,67.91,68.37,234887,270281.95,67.70829675639742,67.74049999999994,68.62850281532353,66.85249718467635,67.80772499999968,67.84999999999961,59.15889468310879,80.6923777710297,67.26806930836487
2019-01-30T17:30:00Z,68.35,68.38,67.93,68,182976,261810.8,67.72252618291462,67.72499999999994,68.58301515139381,66.86698484860607,67.84822499999967,67.92599999999962,53.235257414944115,91.57303370786542,80.32761286113954
2019-01-30T18:30:00Z,68.005,68.57,67.91,68.37,333908,257958.1,67.75411027155293,67.72499999999994,68.58301515139381,66.86698484860607,67.88647499999968,68.04399999999961,57.78720448114808,88.13660759102713,86.80067302330723
2019-01-30T19:30:00Z,68.37,68.69,68.31,68.38,270032,240026.5,67.78464147781864,67.71699999999996,68.54699638554241,66.8870036144575,67.91397499999968,68.22999999999962,57.906459610836826,83.86949003166545,87.85971044351913
2019-01-30T20:30:00Z,68.37,68.42,68.19,68.32,383453,235819.55,67.81075652768115,67.70949999999995,68.51447763945058,66.90452236054932,67.94722499999969,68.28799999999963,56.86835867472625,85.56033763720693,85.85547841996633
2019-01-31T14:30:00Z,68.41,68.78,68.03,68.705,266727,232967.3,67.8543781604772,67.76424999999995,68.67651243483849,66.85198756516141,67.99409999999969,68.3549999999996,61.62261030614969,87.83397305637077,85.75460024174754
2019-01-31T15:30:00Z,68.72,69.6,68.65,69.48,510271,248856.65,67.93367678679539,67.88224999999996,69.01462571062521,66.7498742893747,68.05359999999969,68.65099999999961,69.02432876535342,91.25652878813644,88.21694649390453
2019-01-31T16:30:00Z,69.47,69.835,69.3,69.335,1265441,305599.8,68.00203401670781,67.98299999999996,69.24812608067654,66.71787391932338,68.10147499999968,68.84399999999961,66.44234753283968,91.17193838841,90.08748007763889
2019-01-31T17:30:00Z,69.34,69.82,69.24,69.725,430110,319011.65,68.08608113784402,68.10224999999996,69.54026416891938,66.66423583108053,68.15584999999967,69.11299999999962,69.7228963513624,90.99896709458476,91.14247809037688
2019-01-31T18:30:00Z,69.725,69.94,69.48,69.83,385006,328562.7,68.17115035063212,68.21749999999994,69.81284792444103,66.62215207555886,68.20584999999969,69.41499999999961,70.5574228476014,91.30604288499028,91.15898278932816
2019-01-31T19:30:00Z,69.83,70.12,69.62,69.64,474501,338132.1,68.24280155304031,68.31849999999994,70.0030269365671,66.63397306343279,68.24109999999968,69.6019999999996,66.9607958925815,92.09716024809268,91.46739007588906
2019-01-31T20:30:00Z,69.65,69.81,69.55,69.61,952650,375823.05,68.30949416020907,68.43924999999996,70.13053730557822,66.7479626944217,68.27459999999967,69.62799999999962,66.38538575950454,87.8223611834867,90.40852143885638
2019-02-01T14:30:00Z,69.46,69.78,69.17,69.62,432828,386317.9,68.37342127434522,68.56174999999995,70.222190528901,66.9013094710989,68.30909999999967,69.6849999999996,66.4887596425444,82.91312402615719,87.61088181924534
2019-02-01T15:30:00Z,69.61,69.63,69.29,69.415,273542,390004.65,68.42422999266984,68.64499999999995,70.30124877358824,66.98875122641167,68.34684999999968,69.62299999999962,62.26166498560861,77.56016791606665,82.76521770857
2019-02-01T16:30:00Z,69.43,69.4899,69.29,69.34,367061,400214.05,68.46890170034447,68.72749999999995,70.34926909577591,67.10573090422399,68.37484999999967,69.52499999999961,60.74019971625054,71.4060230898194,77.2931050106809
2019-02-01T17:30:00Z,69.34,69.34,69.08,69.25,325504,406125.85,68.50700405642523,68.81349999999995,70.35244476834583,67.27455523165406,68.39447499999967,69.44699999999962,58.880766033434824,64.47963800904988,71.14860967164513
2019-02-01T18:30:00Z,69.25,69.45,69.17,69.44,314941,409085.15,68.55251605367278,68.90449999999996,70.3635541456751,67.44544585432482,68.41422499999967,69.41299999999961,61.55638618940265,64.26782711612428,66.71782940499766
2019-02-01T19:30:00Z,69.44,69.65,69.34,69.565,309633,403341.75,68.60190551446922,68.99374999999995,70.38347254425798,67.60402745574191,68.43437499999968,69.40199999999962,63.25060959965645,67.18085835732877,65.30944116083413
2019-02-01T20:30:00Z,69.56,69.7,69.53,69.63,432653,414588.95,68.65205646498292,69.10274999999996,70.32264128614486,67.88285871385506,68.45387499999967,69.44499999999961,64.13571835347518,72.48803827751168,67.97890791698805
2019-02-04T14:30:00Z,69.41,69.63,68.88,68.94,242380,419425.2,68.66610249108132,69.14824999999996,70.268514589289,68.02798541071093,68.45637499999967,69.3649999999996,50.2891736178748,56.575963718820496,65.41495345122011
2019-02-04T15:30:00Z,68.93,69.21,68.93,69.08,192878,417324.75,68.6862926134676,69.18374999999996,70.24664639665035,68.12085360334957,68.46212499999967,69.3309999999996,52.528601613627536,37.47064911265713,55.511550369662906
2019-02-04T16:30:00Z,69.08,69.32,69.01,69.06,153844,415868.15,68.70452224207894,69.23674999999996,70.15398647442564,68.31951352557428,68.48087499999967,69.25499999999961,52.167051043399006,16.791017482261765,36.945876771246276
2019-02-04T17:30:00Z,69.05,69.15,69.015,69.03,75246,402935.05,68.72039920587997,69.26974999999996,70.10357537141242,68.4359246285875,68.49737499999966,69.1479999999996,51.59340585927492,14.247311827957333,22.836326140958562
2019-02-04T18:30:00Z,69.02,69.29,69.02,69.27,112520,395059.45,68.74720900071509,69.31424999999996,70.04158262680288,68.58691737319704,68.51562499999967,69.0759999999996,55.78246298833987,19.354838709677665,16.79772267329874
2019-02-04T19:30:00Z,69.26,69.29,69.09,69.24,152563,383514.95,68.77124758604606,69.36024999999997,69.92941144459114,68.79108855540879,68.53487499999969,69.1359999999996,55.14010951487095,27.419354838709662,20.340501792114704
2019-02-04T20:30:00Z,69.25,69.43,69.17,69.43,305020,385429.6,68.80338185014138,69.39649999999996,69.88001938948673,68.91298061051319,68.58037499999969,69.20599999999959,58.40685417058639,43.75746714456407,30.177220230983618
2019-02-05T14:30:00Z,69.63,69.7,68.92,68.955,354388,377635.45,68.81077785745155,69.37024999999996,69.8885402179444,68.85195978205552,68.62624999999969,69.18499999999959,48.83284757729404,36.322376664627164,35.83306621596679
2019-02-05T15:30:00Z,68.955,69.02,68.6,68.685,354141,332070.45,68.80464235221001,69.33774999999996,69.9361351184755,68.73936488152441,68.66037499999968,69.1159999999996,44.37968118654126,25.99490843393346,35.35825074770805
2019-02-05T16:30:00Z,68.69,68.76,68.58,68.63,224243,321777.1,68.79612321307782,69.28299999999996,69.92818524472462,68.6378147552753,68.6926249999997,68.9879999999996,43.509274294746646,7.112633301657947,23.14330613340601
2019-02-05T17:30:00Z,68.63,68.63,67.95,67.955,539878,329520.7,68.75509281243988,69.18924999999996,70.01021452421111,68.36828547578881,68.70337499999968,68.7309999999996,34.55263503730434,4.159090909090989,12.422210881560616
2019-02-05T18:30:00Z,67.955,68.05,67.13,67.475,1055034,358547.35,68.69264926061355,69.08099999999996,70.16460786265796,67.99739213734196,68.69974999999968,68.3399999999996,29.84730103406264,6.05804150453939,5.776588571762592
2019-02-05T19:30:00Z,67.48,67.5623,67.325,67.39,444296,333129.65,68.62910539424216,68.96999999999994,70.25095667374875,67.68904332625114,68.7046249999997,68.0269999999996,29.09178781603785,7.942190105614209,6.05310750641468
2019-02-05T20:30:00Z,67.395,67.43,66.8,66.84,1157069,369341.7,68.54183196037668,68.83099999999996,70.37581260999995,67.28618738999997,68.69637499999969,67.65799999999959,24.72978630407181,8.3067221253188,7.435651245157284
2019-02-06T14:30:00Z,66.8,67.2972,66.54,66.69,477695,379549.35,68.45149869401685,68.69474999999996,70.4726011608166,66.91689883918332,68.66987499999968,67.2699999999996,23.68667016247504,5.414292435125172,7.22106822201921
2019-02-06T15:30:00Z,66.695,67,66.685,66.87,277804,375086.5,68.37435241625992,68.57124999999995,70.49021293607261,66.65228706392729,68.6493749999997,67.0529999999996,27.6314959374304,5.52306125418304,6.414691938208821
2019-02-06T16:30:00Z,66.875,67,66.625,66.73,336985,375660.55,68.29414010327163,68.44524999999996,70.49581449545414,66.39468550454578,68.62937499999968,66.9039999999996,26.48475935210604,7.06751054852312,6.001621412610262
2019-02-06T17:30:00Z,66.72,66.77,66.65,66.75,317919,375809.45,68.21881619579497,68.31074999999996,70.4342665998923,66.18723340010762,68.60762499999967,66.7759999999996,26.95116009900201,7.700421940928206,6.763664581211273
2019-02-06T18:30:00Z,66.75,67.08,66.69,67.065,325522,376603.9,68.16253247892692,68.18574999999996,70.29349114872296,66.07800885127695,68.58974999999967,66.8209999999996,34.04814838650388,9.757383966244591,8.17510548523179
2019-02-06T19:30:00Z,67.065,67.185,66.87,67.135,428886,376415.55,68.11240894336952,68.06099999999996,70.10647451707786,66.01552548292207,68.58187499999968,66.90999999999961,35.54672153905756,14.029535864978788,10.495780590717013
2019-02-06T20:30:00Z,67.14,67.17,66.79,66.8892,735058,401049.45,68.05274021442466,67.95845999999997,70.02292192544472,65.89399807455523,68.55335499999968,66.91383999999961,32.73404881002925,15.49789029535856,13.094936708860464
2019-02-07T14:30:00Z,68,68.3,65.56,68.155,957200,439265.55,68.05772849664784,67.91220999999996,69.91460905903298,65.90981094096693,68.54797999999968,67.1988399999996,53.24926144192156,34.959915611814374,21.49578059071706
2019-02-07T15:30:00Z,68.13,68.18,67.7,67.74,674402,465293.45,68.04222954559185,67.84620999999996,69.77872775454108,65.91369224545883,68.54147999999968,67.39683999999961,48.07264011246711,51.39187763713073,33.949894514767706
2019-02-07T16:30:00Z,67.715,67.91,67.33,67.38,402183,481640.3,68.00992566531907,67.76370999999997,69.62666423229052,65.90075576770943,68.51672999999968,67.4598399999996,44.07026695216215,67.46946254071655,51.273751929887034
2019-02-07T17:30:00Z,67.4,67.88,67.12,67.85,378818,494955.2,68.00212441335229,67.69270999999998,69.42422429436964,65.96119570563032,68.50347999999968,67.60283999999959,49.93120080560809,70.32834331930529,63.06322783238401
2019-02-07T18:30:00Z,67.835,67.87,67.52,67.74,319351,503294.6,67.9893378566034,67.61770999999997,69.19798458108039,66.03743541891956,68.48897999999967,67.7729999999996,48.6463467052385,74.14069125117882,70.64616570373337
2019-02-07T19:30:00Z,67.75,68.04,67.5,67.83,1172086,546647.9,67.9815652782325,67.53770999999998,68.88819219225877,66.18722780774118,68.46710499999968,67.70799999999959,49.784893025673554,81.9951338199513,75.48805613014495
2019-02-07T20:30:00Z,67.83,68.46,67.78,68.28,979047,577880.85,67.99612306953823,67.50395999999998,68.73996267055063,66.26795732944933,68.43710499999968,67.81599999999959,55.1402772202668,85.40062085745456,80.51214864286138
2019-02-08T14:30:00Z,67.64,68.3,66.95,67.34,661112,593229.4,67.96411706614612,67.43670999999998,68.54847338831821,66.32494661168174,68.38722999999968,67.80799999999958,44.471036470853676,79.3397097071904,82.24515479486523
2019-02-08T15:30:00Z,67.32,68.35,67.3,68.14,573917,610713.1,67.97269672145606,67.41220999999997,68.43580757307711,66.38861242692283,68.34760499999967,67.86599999999959,52.83531235799638,81.37931034482784,82.03988030315742
2019-02-08T16:30:00Z,68.145,68.47,67.84,67.96,334740,600456.2,67.9720773691899,67.41245999999997,68.4365900315954,66.38832996840453,68.30085499999969,67.9099999999996,50.97480431995713,77.60635146344364,79.44179050515378
2019-02-08T17:30:00Z,67.965,68.14,67.755,67.795,417699,568589.45,67.96343944874161,67.42845999999997,68.46591045260591,66.39100954739403,68.25472999999968,67.9029999999996,49.262351814162464,82.7479559189478,80.57787257573959
2019-02-08T18:30:00Z,67.795,68.21,67.79,68.2,373626,565055.95,67.97497898782738,67.46895999999997,68.55914411363179,66.37877588636815,68.21947999999968,67.88699999999959,53.40044704359463,83.33333333333337,81.22921357190809
2019-02-08T19:30:00Z,68.2,68.2733,68.08,68.08,264395,520422.25,67.98010196403092,67.53095999999996,68.61201561448775,66.44990438551218,68.18097999999969,68.0349999999996,52.045980600735064,84.70790378006882,83.59639767744981
2019-02-08T20:30:00Z,68.095,68.41,68.07,68.4,587326,525903.8,68.00058479505381,67.61645999999996,68.68839451368123,66.54452548631869,68.15560499999968,68.0869999999996,55.301845425032404,91.63802978235982,86.5597556319205
2019-02-11T14:30:00Z,68.17,69.18,68.17,68.79,415749,532801.05,68.03909285383168,67.71245999999995,68.84214062815238,66.58277937184752,68.14185499999968,68.25299999999962,58.95911814978541,88.90121687495837,88.41571681246216
2019-02-11T15:30:00Z,68.81,68.83,68.5,68.6,208094,526356.5,68.066454178035,67.80595999999996,68.90400792318987,66.70791207681005,68.12560499999968,68.41399999999962,56.532295434934746,84.69891462355974,88.41272042695914
2019-02-11T16:30:00Z,68.59,68.59,68.33,68.54,291915,525056.3,68.08955397422842,67.89545999999994,68.92425584059484,66.86666415940505,68.10310499999967,68.4819999999996,55.75187455693357,75.93423019431975,83.1781205642791
2019-02-11T17:30:00Z,68.53,68.54,68.22,68.27,254679,521514.15,68.09835621938801,67.95570999999995,68.92215912521273,66.98926087478718,68.07072999999968,68.51999999999961,52.255926217407165,68.16143497757821,76.26485993181906
2019-02-11T18:30:00Z,68.26,68.29,68,68.11,113919,505765.8,68.09892420868616,68.00445999999995,68.89584418295472,67.11307581704519,68.03272999999967,68.4619999999996,50.245253097199075,60.83707025411044,68.31091180866929
2019-02-11T19:30:00Z,68.12,68.34,68.0832,68.32,281519,483088.85,68.1097083936283,68.07599999999994,68.8144077464589,67.33759225354098,68.01722999999967,68.36799999999961,52.81165497199901,57.54857997010427,62.18236173393078
2019-02-11T20:30:00Z,68.32,68.49,68.31,68.44,271608,448809.25,68.12582017930497,68.09024999999994,68.84502463525831,67.33547536474157,68.00122999999967,68.3359999999996,54.26343339247693,60.08968609865436,59.49177877428951
2019-02-12T14:30:00Z,69,69.1934,68.5,69.175,238605,427019.4,68.1769996827535,68.16199999999994,69.03371899143676,67.29028100856311,68.00410499999967,68.46299999999961,61.97917836718135,75.7597747695043,64.46601361275413
2019-02-12T15:30:00Z,69.19,69.57,69.16,69.41,373970,425608.75,68.23714603969236,68.26349999999994,69.21632789633375,67.31067210366612,68.01360499999967,68.6909999999996,64.06645302357364,85.67630657759771,73.84192248191862
2019-02-12T16:30:00Z,69.41,69.67,69.25,69.27,327109,423023.3,68.28752915970738,68.33449999999993,69.36218137086817,67.3068186291317,68.01360499999967,68.92299999999962,61.88673395953048,89.77501592516846,83.73703242408997
2019-02-12T17:30:00Z,69.275,69.465,69.12,69.285,187828,416447.15,68.336186273868,68.41174999999994,69.48051692970387,67.34298307029601,68.01472999999967,69.11599999999962,62.03577035581856,83.27270704632308,86.24134318302957
2019-02-12T18:30:00Z,69.29,69.54,69.29,69.5,209537,368319.7,68.39295767514272,68.49524999999993,69.62818633979704,67.36231366020282,68.01647999999966,69.3279999999996,64.19684307347167,82.81796913921708,85.28856403690268
2019-02-12T19:30:00Z,69.505,69.56,69.37,69.535,236016,331168.15,68.44866705684308,68.55799999999994,69.77239038205668,67.34360961794319,68.03097999999967,69.39999999999961,64.55061047953893,87.08593451395062,84.39220356649675
2019-02-12T20:30:00Z,69.54,69.62,69.49,69.59,470499,321637.5,68.50434183455805,68.67049999999993,69.82826465658297,67.51273534341689,68.05360499999966,69.43599999999961,65.13362929009423,92.31536926147697,87.40642430488138
2019-02-13T14:30:00Z,69.61,69.96,69.6,69.8,473061,316594.7,68.56754467189668,68.75349999999995,69.98302470492774,67.52397529507215,68.08285499999967,69.5419999999996,67.34215575878173,92.9874943989572,90.79626605812808
2019-02-13T15:30:00Z,69.795,69.85,69.52,69.52,689374,334326.4,68.61400590741391,68.83149999999993,70.04762951614252,67.61537048385735,68.12197999999967,69.58899999999961,61.727798159391774,88.19911198012151,91.16732521351838
2019-02-13T16:30:00Z,69.515,69.66,69.0401,69.2,771735,352028.2,68.64259098510104,68.90174999999994,70.02936817563842,67.77413182436145,68.16510499999967,69.52899999999961,55.98334694480196,76.87074829931993,86.0191182261327
2019-02-13T17:30:00Z,69.2,69.2415,68.86,69.15,727633,369728.55,68.6673426443644,68.94924999999994,70.03383874695902,67.86466125304085,68.20910499999967,69.45199999999961,55.12020290380638,65.81632653061254,76.96206227001782
2019-02-13T18:30:00Z,69.14,69.2,69.01,69.1,123287,362673.15,68.68844788122468,69.00024999999994,70.00988099696427,67.9906190030356,68.26560499999968,69.35399999999962,54.21994249059605,58.02509409560946,66.9040563085138
2019-02-13T19:30:00Z,69.11,69.1415,69.005,69.075,247390,345676.35,68.70730408214054,69.03399999999993,70.00552251648156,68.06247748351831,68.32522999999968,69.2089999999996,53.74726124339219,53.071476284848764,58.970965637023404
2019-02-13T20:30:00Z,69.08,69.105,68.92,69.05,697716,359774.7,68.72402095618246,69.04699999999994,70.01205129398721,68.08194870601267,68.37972999999968,69.11499999999961,53.24735102878444,46.070730781167676,52.38910038720845
2019-02-14T14:30:00Z,69.1,69.73,69.01,69.6,153566,357048.3,68.76675164124673,69.09699999999992,70.0678367525153,68.12616324748454,68.45147999999968,69.19499999999961,61.689624951492775,50.4358655043587,49.85935752345819
2019-02-14T15:30:00Z,69.59,69.735,69.32,69.33,106718,347788.45,68.79422717094201,69.13649999999993,70.07729275083979,68.19570724916007,68.51597999999967,69.23099999999961,56.313701804259175,49.223744292237434,48.576780192587755
2019-02-14T16:30:00Z,69.33,70.05,69.25,70,211059,345607.45,68.85304535772532,69.22299999999993,70.14718829252156,68.2988117074783,68.58935499999967,69.4109999999996,64.5657212211174,68.59943977591045,56.08634985750202
2019-02-14T17:30:00Z,70.01,70.01,69.85,69.95,150837,347453.35,68.9065553402753,69.31499999999993,70.13854113438892,68.49145886561094,68.65972999999967,69.5859999999996,63.60021853088324,76.70741023682228,64.84353143498987
2019-02-14T18:30:00Z,69.97,70.04,69.88,69.985,141817,340468.25,68.95916239684723,69.39824999999993,70.13464170964227,68.6618582903576,68.73712499999968,69.7729999999996,64.00597422976506,93.97759103641488,79.76148034971568
2019-02-14T19:30:00Z,69.985,70.28,69.91,70.235,435519,348663.8,69.02139837748884,69.48799999999994,70.17095973528983,68.80504026471006,68.78912499999967,69.89999999999961,66.84862823959887,94.32181323233537,88.33560483519067
2019-02-14T20:30:00Z,70.24,70.52,70.21,70.51,545327,363999.9,69.09401309078207,69.55474999999994,70.35344565544483,68.75605434455505,68.85837499999967,70.13599999999961,69.6847931793803,96.92213046766328,95.07384491213766
2019-02-15T14:30:00Z,70.65,71.05,70.43,70.67,1145773,402590.05,69.17089050098782,69.61774999999994,70.54866608108503,68.68683391891486,68.94062499999967,70.26999999999961,71.22714991868042,92.95899270114114,94.73431213371309
2019-02-15T15:30:00Z,70.68,71.46,70.4831,71.44,571944,414831.8,69.28157876923233,69.72624999999995,70.93432646695808,68.51817353304182,69.03037499999968,70.56799999999961,77.23093265264019,93.75892047289999,94.5466812139013
2019-02-15T16:30:00Z,71.44,71.62,71.11,71.265,407773,425829.05,69.37833102439173,69.82524999999995,71.1871805231977,68.46331947680221,69.11849999999967,70.8239999999996,73.47832352595134,89.6722840722246,92.13006574875506
2019-02-15T17:30:00Z,71.25,71.47,71.24,71.2666,311040,430904.2,69.47044170612871,69.91357999999994,71.40287058495203,68.42428941504785,69.20441499999967,71.0303199999996,73.4910059396633,91.09318716710015,91.5081305707414
2019-02-15T18:30:00Z,71.26,71.72,71.25,71.59,592427,448724.75,69.57383479363463,70.01632999999994,71.66228517448802,68.37037482551186,69.28716499999967,71.2463199999996,75.99016988398819,89.80197837589135,90.18914987173851
2019-02-15T19:30:00Z,71.6,71.87,71.5,71.72,740272,462213.4,69.67852577931099,70.12282999999994,71.91390405665713,68.33175594334274,69.39666499999967,71.4563199999996,76.93163937505054,92.39450273518064,91.09655609272387
2019-02-15T20:30:00Z,71.715,72.07,71.71,72.06,939156,485518.15,69.79469525349094,70.23582999999994,72.20726398480082,68.26439601519905,69.49466499999967,71.5803199999996,79.22598029616289,96.64853323627013,92.94833811578053
2019-02-19T14:30:00Z,72.01,72.44,71.76,72.38,415988,471848.85,69.92080768014992,70.37882999999992,72.52865939705393,68.22900060294592,69.60516499999967,71.8033199999996,81.12839741755973,97.56919303624021,95.53740966923014
2019-02-19T15:30:00Z,72.37,72.71,72.17,72.33,422591,454391.65,70.03832925672798,70.53532999999993,72.7730257515333,68.29763424846657,69.71853999999966,72.01599999999961,79.89721736595415,95.60322197063174,96.60698274771384
2019-02-19T16:30:00Z,72.32,72.65,72.32,72.5543,433005,439660.25,70.16105953688759,70.70554499999993,73.01266654468138,68.39842345531848,69.82739749999966,72.2088599999996,81.27037886506157,93.89746911782,95.68996137489712
2019-02-19T17:30:00Z,72.555,72.8597,72.48,72.61,669218,466956.8,70.28052004728332,70.88104499999994,73.20686606833806,68.55522393166183,69.94064749999966,72.38685999999961,81.60638190857719,91.73108227917385,93.74392445587502
2019-02-19T18:30:00Z,72.6,72.7599,72.53,72.655,248399,467007.25,70.39634833765975,71.06004499999993,73.3531440388406,68.76694596115927,70.04702249999966,72.50585999999961,81.88906324426434,93.07873900504963,92.90243013401432
2019-02-19T19:30:00Z,72.655,72.83,72.64,72.76,319940,448118.45,70.51164841874952,71.24554499999992,73.45700954232053,69.03408045767931,70.14627249999965,72.58185999999962,82.56246841338084,93.63919428111421,92.81633852177906
2019-02-19T20:30:00Z,72.75,72.75,72.46,72.51,412497,461065,70.60912898368856,71.39104499999993,73.53209615350725,69.24999384649261,70.24402249999966,72.61785999999962,75.37617387273893,91.63496590691348,92.78429973102561
2019-02-20T14:30:00Z,72.46,72.63,72.17,72.6,335641,472511.15,70.70624464302082,71.55454499999993,73.53441978945855,69.57467021054131,70.34552249999965,72.62699999999963,76.17998060539541,90.30573708690265,91.85996575830995
2019-02-20T15:30:00Z,72.62,72.97,72.62,72.87,340663,478991.35,70.81179368482469,71.69804499999994,73.62166074175632,69.77442925824356,70.46052249999966,72.67899999999963,78.4524589743088,89.76785243018294,90.56951847466617
2019-02-20T16:30:00Z,72.9,73.08,72.6,72.61,305586,486728.8,70.89951106605275,71.83104499999993,73.61562944516727,70.04646055483259,70.57302249999965,72.66999999999963,71.38950634831048,86.05093413705559,88.70817455138022
2019-02-20T17:30:00Z,72.62,73.04,72.56,72.985,268245,493050.2,71.00124223356238,71.98104499999992,73.61795906064599,70.34413093935386,70.68964749999965,72.71499999999962,74.89948849673155,87.96297360750278,87.92725339158024
2019-02-20T18:30:00Z,72.99,73.05,72.52,72.73,665114,504529.95,71.08557188070567,72.10579499999993,73.56171034161167,70.64987965838819,70.79689749999964,72.75899999999963,68.72517069337333,82.37112205811756,85.46167660089179
2019-02-20T19:30:00Z,72.735,72.99,72.735,72.84,183091,486418.15,71.17115374018344,72.22229499999993,73.51221730073527,70.93237269926459,70.88852249999965,72.80699999999963,69.87868054500476,85.04619875334669,85.12676480632216
2019-02-20T20:30:00Z,72.84,72.95,72.64,72.77,1032541,480756.55,71.2491462406623,72.32729499999992,73.4217682714617,71.23282172853814,70.97252249999966,72.78699999999964,68.15593909059295,78.94833486859744,82.12188522668704
2019-02-21T14:30:00Z,72.57,73.49,72.39,73.345,510778,477698.25,71.35138300941048,72.42254499999993,73.52312107730815,71.32196892269171,71.07439749999965,72.93399999999963,73.85731941889313,82.67068495170699,82.22173952455017
2019-02-21T15:30:00Z,73.355,73.59,73.16,73.225,486468,481633,71.44277896017094,72.52054499999993,73.53723395043822,71.50385604956163,71.17289749999964,72.98199999999963,71.00032122829228,79.94202589272992,80.52034857101125
2019-02-21T16:30:00Z,73.215,73.5,73.14,73.395,459985,489080.25,71.53800925479675,72.62696499999991,73.53625827125444,71.71767172874539,71.27027249999963,73.11499999999963,72.61638875417248,83.19284393228028,81.9351849255722
2019-02-21T17:30:00Z,73.38,73.475,73.209,73.245,205021,469709.95,71.62127709602618,72.70971499999993,73.5225853298438,71.89684467015606,71.36302249999963,73.19599999999961,68.96448890180376,78.75586854460063,80.63024612320342
2019-02-21T18:30:00Z,73.245,73.76,73.165,73.4,495452,457468.95,71.70804406695173,72.79371499999992,73.52304736123659,72.06438263876325,71.45827249999965,73.32199999999962,70.60931160749885,79.776773850651,80.5751621091771
2019-02-21T19:30:00Z,73.38,73.39,73.14,73.2,570514,439036.85,71.78082240514921,72.85071499999992,73.51725506117117,72.18417493882868,71.54327249999965,73.29299999999962,65.76597727035167,72.61419671066234,77.0489463686378
2019-02-21T20:30:00Z,73.21,73.42,73.04,73.41,603883,448431.6,71.86029448294681,72.90221499999993,73.57445905772154,72.22997094227831,71.64052249999965,73.32999999999961,68.23015248469439,73.37526205450719,75.25541087193999
2019-02-22T14:30:00Z,73.83,74.06,73.21,73.32,526066,453605.35,71.93149963012014,72.95171499999994,73.59322410604611,72.31020589395376,71.74352249999964,73.31499999999963,66.03631536120761,66.15197278399144,70.71381051638679
2019-02-22T15:30:00Z,73.34,73.42,73.24,73.32,252000,444555.1,71.99923135548013,72.98999999999992,73.62341139872906,72.35658860127079,71.84777249999964,73.32999999999961,66.03631536120761,63.12155563087614,67.54959682312473
2019-02-22T16:30:00Z,73.32,73.401,73.22,73.245,180340,420111.2,72.06000055765183,73.02174999999993,73.6392471660207,72.40425283397916,71.95139749999963,73.29899999999962,64.04606099800979,54.191616766466815,61.15504839377794
2019-02-22T17:30:00Z,73.24,73.4,73.14,73.27,144276,414905.05,72.1190249206932,73.05249999999992,73.65494916801696,72.45005083198289,72.05627249999964,73.31299999999962,64.43088507741311,53.19361277445091,56.835595057264435
2019-02-22T18:30:00Z,73.27,73.43,73.24,73.25,165882,407202.15,72.17419443675695,73.07699999999993,73.66964998105247,72.48435001894738,72.16127249999963,73.28099999999964,63.84217951778629,51.79640718562869,53.06054557551528
2019-02-22T19:30:00Z,73.255,73.27,72.97,73.07,275669,400360.75,72.21789226911027,73.10499999999993,73.63773820966505,72.57226179033482,72.24802249999964,73.23099999999963,58.64835724171212,48.303393213572576,51.0978043912172
2019-02-22T20:30:00Z,73.07,73.22,73.025,73.2,352286,401193,72.26579996330001,73.13499999999992,73.61563499669747,72.65436500330237,72.34477249999964,73.20699999999962,61.10918893070249,46.90618762475035,49.00199600798368
2019-02-25T14:30:00Z,73.37,73.53,72.95,73.165,252380,396778.85,72.3096633797244,73.14974999999994,73.61480349158663,72.68469650841325,72.42389749999964,73.19099999999963,60.07267418643702,36.196975418532304,43.80218541895155
2019-02-25T15:30:00Z,73.14,73.345,73.07,73.22,175104,390254.75,72.35407004412808,73.18024999999993,73.57429917210806,72.7862008278918,72.50564749999964,73.18099999999964,61.186783807047085,30.73222923522329,37.945130759501794
2019-02-25T16:30:00Z,73.22,73.275,72.89,72.97,155014,384593.2,72.38411540782914,73.17949999999993,73.57508690579593,72.78391309420394,72.58027249999964,73.12499999999964,53.83363419605659,16.84376684376681,27.924323832507284
2019-02-25T17:30:00Z,72.96,73.07,72.88,73.02,128925,357783.75,72.41513416842284,73.19399999999993,73.54088038289903,72.84711961710083,72.64989749999964,73.11499999999964,54.99845176176737,14.342112647197245,20.639369575395598
2019-02-25T18:30:00Z,73.02,73.24,72.96,73.15,129970,355127.7,72.45098128215831,73.20949999999993,73.51721577801231,72.90178422198755,72.71589749999964,73.10499999999965,57.96787179582825,13.861123183157295,15.015667558040263
2019-02-25T19:30:00Z,73.155,73.17,72.955,72.9734,211985,314099.9,72.47646512205303,73.21966999999994,73.47811124368502,72.96122875631485,72.77348249999963,73.06667999999965,52.86468079519669,14.220338983051171,14.141191604468382
2019-02-25T20:30:00Z,72.975,73.195,72.62,73.06,612559,319188.95,72.50493023805045,73.20541999999993,73.4660672835826,72.94477271641726,72.81398249999964,73.03467999999965,54.95868433309805,20.45072190834932,16.177394691519073
2019-02-26T14:30:00Z,71.44,72.9,71.2538,72.83,447553,317243.2,72.52078729960897,73.18566999999993,73.4930591937586,72.87828080624126,72.85310749999965,73.00667999999965,48.76266177680801,35.90593346373648,23.525664785045468
2019-02-26T15:30:00Z,72.83,72.965,72.42,72.63,211771,304832.5,72.52611474840853,73.14741999999993,73.52375214910269,72.77108785089716,72.88719249999966,72.92867999999966,44.10613108789652,53.42098754584466,36.59254763930996
2019-02-26T16:30:00Z,72.6201,72.885,72.44,72.44,215645,305363.7,72.52191402897397,73.10716999999993,73.59021231330806,72.62412768669179,72.90844249999965,72.78667999999965,40.180588878940014,60.60685938552549,49.977926798368685
2019-02-26T17:30:00Z,72.43,72.54,72.23,72.31,159140,288548.1,72.51157675926792,73.05266999999994,73.62833917273674,72.47700082726313,72.92319249999964,72.65399999999966,37.70769698626073,52.991828486073246,55.67322513914761
2019-02-26T18:30:00Z,72.29,72.39,72.18,72.32,189759,269510.35,72.50223155149875,73.00866999999994,73.66187045655026,72.35546954344962,72.92969249999965,72.50599999999966,38.023674363012,48.45209852678435,54.016928799460835
2019-02-26T19:30:00Z,72.32,72.7,72.31,72.56,382246,258428.5,72.50504952459637,72.96616999999995,73.61999997517279,72.31234002482711,72.93419249999964,72.45199999999966,45.20724935351867,50.209413349734945,50.55111345419732
2019-02-26T20:30:00Z,72.555,72.62,72.46,72.53,429345,253592.45,72.50626662095753,72.92666999999993,73.58565585451001,72.26768414548985,72.93919249999965,72.43199999999965,44.51271523032679,53.431157191810904,50.69755635610988
2019-02-27T14:30:00Z,72.13,72.53,71.87,71.87,428588,262421.85,72.47522922481326,72.85416999999994,73.63237688537158,72.0759631146283,72.92208499999964,72.31799999999966,32.63412618709991,47.639526696093014,50.42669907921277
2019-02-27T15:30:00Z,71.88,72.09,71.77,72.01,417822,274295.95,72.45253511628579,72.79241999999994,73.6304705273802,71.95436947261967,72.90708499999964,72.25799999999965,36.50483255766645,40.98229410548345,47.35099266446227
2019-02-27T16:30:00Z,72.02,72.095,71.94,72.01,181616,276162.95,72.43094803744258,72.72941999999993,73.60307460362932,71.85576539637054,72.89095999999964,72.19599999999966,36.50483255766645,34.98415151051304,41.201990770696305
2019-02-27T17:30:00Z,72.02,72.19,71.99,72.07,259363,280837,72.41334081610391,72.67041999999995,73.55479243649621,71.78604756350369,72.87370999999963,72.09799999999966,38.267840744983125,38.859888292215324,38.27544463607041
2019-02-27T18:30:00Z,72.07,72.19,72.005,72.08,251077,279607.4,72.3970802884891,72.62091999999996,73.5209755129701,71.72086448702981,72.86295999999963,72.00799999999965,38.5739662842084,40.57584979742335,38.13996320005038
2019-02-27T19:30:00Z,72.08,72.36,72.07,72.26,260256,275005.9,72.39039344514816,72.57391999999996,73.44584307368578,71.70199692631414,72.85445999999965,72.08599999999964,43.960841199208076,45.16292163852847,41.532886576055525
2019-02-27T20:30:00Z,72.26,72.26,72.04,72.1425,364347,280604.25,72.3783010819702,72.52279499999995,73.36963873643195,71.67595126356794,72.83627249999964,72.11249999999966,41.408028144424684,48.77651151746673,44.838427651139334
2019-02-28T14:30:00Z,72.08,72.3,71.96,72.22,211011,282399.6,72.37057907797166,72.47279499999995,73.26542499813132,71.68016500186857,72.82652249999964,72.15449999999966,43.72908364234711,47.141712010281815,47.02704838875882
2019-02-28T15:30:00Z,72.21,72.34,71.98,72.09,376319,293464.85,72.35689229368036,72.42879499999995,73.20363830927654,71.65395169072336,72.80414749999963,72.15849999999966,40.80878410786716,39.430256811903895,45.11616011321729
2019-02-28T16:30:00Z,72.09,72.63,72.06,72.61,194587,296747.95,72.36923901106181,72.40829499999995,73.13998040639692,71.67660959360299,72.80114749999964,72.26449999999966,54.03247805733288,52.22634532678618,46.266104716323774
2019-02-28T17:30:00Z,72.63,72.7,72.42,72.47,102456,295372.25,72.37415418125391,72.37429499999995,73.02350665572982,71.72508334427008,72.79189749999964,72.30649999999966,50.7454599482735,64.763649806323,52.140083981670834
2019-02-28T18:30:00Z,72.46,72.56,72.43,72.52,76986,288622.3,72.38126861143665,72.35162499999994,72.94482031988734,71.75842968011254,72.78564749999963,72.38199999999964,51.87155662915757,82.0788530465946,66.35628272656773
2019-02-28T19:30:00Z,72.525,72.525,72.05,72.08,252460,270617.35,72.36657258161047,72.30262499999995,72.80925473415913,71.79599526584077,72.75402249999965,72.35399999999964,42.63407459478244,63.08243727598539,69.97498004296747
2019-02-28T20:30:00Z,72.07,72.29,71.92,72.22,804974,288488.4,72.35942269958069,72.27212499999995,72.71787514025372,71.82637485974617,72.72889749999965,72.37999999999964,45.93331606192816,54.12186379928295,66.42771804062079
2019-03-01T14:30:00Z,72.39,72.6,71.7774,71.96,321501,293974.9,72.33993866545481,72.23862499999996,72.67229963325423,71.80495036674569,72.69302249999963,72.24999999999963,41.19489652490508,34.05017921146939,50.418160095579054
2019-03-01T15:30:00Z,71.96,72.08,71.93,72.055,319611,299173.2,72.32603921835945,72.21937499999994,72.64975237805172,71.78899762194817,72.66327249999964,72.16699999999965,43.48880021124285,32.96869451845228,40.38024584306802
2019-03-01T16:30:00Z,72.05,72.15,71.97,72.14,90913,295761.85,72.31696413453705,72.21087499999996,72.64047154040696,71.78127845959295,72.63177249999964,72.09099999999964,45.53595216460835,29.94031982235033,32.31973118409047
2019-03-01T17:30:00Z,72.145,72.22,72.12,72.16,73566,289952.2,72.30930734748645,72.20287499999996,72.62999698202461,71.77575301797532,72.60577249999963,72.10699999999964,46.03134859324451,36.953537105282194,33.28751714869474
2019-03-01T18:30:00Z,72.17,72.17,71.98,72.16,147723,278226.05,72.3020240622432,72.18287499999995,72.57745476067551,71.7882952393244,72.57452249999963,72.09499999999964,46.03134859324451,40.74716381241383,35.880340246681925
2019-03-01T19:30:00Z,72.17,72.29,72.15,72.24,111506,262334.1,72.29899849823134,72.16837499999994,72.53087422418955,71.80587577581034,72.54752249999963,72.15099999999964,48.21641397295783,44.36014162872982,40.68694751547509
2019-03-01T20:30:00Z,72.24,72.46,72.16,72.33,242279,253018.65,72.3005107666103,72.19137499999995,72.5330015322372,71.84974846776271,72.52277249999963,72.20599999999963,50.63774978394843,50.502203916467415,45.203169785870166
2019-03-04T14:30:00Z,72.24,72.34,71.76,72.05,220540,243154.55,72.28829072921468,72.19337499999995,72.53117773464932,71.85557226535057,72.49289749999964,72.18799999999962,43.779218648527056,46.96263873450393,47.2749947599002
2019-03-04T15:30:00Z,72.0475,72.095,71.82,71.8302,315099,249828.7,72.2659448399847,72.18438499999993,72.54968124298699,71.81908875701288,72.45690249999964,72.12203999999963,39.281436490101775,32.738365058353054,43.40106923644128
2019-03-04T16:30:00Z,71.835,71.88,71.38,71.52,589830,266352.05,72.22955728681471,72.15688499999995,72.62173018405058,71.69203981594931,72.41365249999964,71.99403999999964,33.97620785806566,16.308403180743344,32.003135657866586
2019-03-04T17:30:00Z,71.5219,71.55,71.28,71.43,210789,264337.65,72.19055449233595,72.12438499999995,72.68683157091414,71.56193842908576,72.37265249999965,71.83203999999964,32.6004994348237,9.812594025360145,19.619787421485327
2019-03-04T18:30:00Z,71.44,71.58,71.43,71.55,110410,256845.35,72.15930793173419,72.08888499999995,72.70012184863596,71.47764815136394,72.33140249999964,71.67603999999965,36.30379576058544,14.14141414141424,13.420803782505722
2019-03-04T19:30:00Z,71.56,71.64,71.5,71.52,176213,247438.65,72.12812217896666,72.05775999999994,72.7164606434139,71.399059356586,72.29027749999963,71.57003999999965,35.77458209869688,16.666666666666675,13.540224944480167
2019-03-04T20:30:00Z,71.515,71.68,71.51,71.65,272154,250495.8,72.10479914584634,72.02925999999994,72.70647991822102,71.35204008177885,72.25102749999965,71.53399999999965,39.865400631556554,22.22222222222223,17.67676767676753
2019-03-05T14:30:00Z,71.75,71.98,71.32,71.45,256704,244515.05,72.07285772409774,71.99725999999995,72.71899497741597,71.27552502258393,72.21302749999964,71.51999999999964,36.060000482101906,20.206300291046205,19.698396393311516
2019-03-05T15:30:00Z,71.46,71.93,71.37,71.84,177236,243647.5,72.06149881072712,71.95875999999994,72.62571461437456,71.29180538562532,72.18352749999964,71.60199999999963,46.73699782293779,29.96490326998843,24.1311419277521
2019-03-05T16:30:00Z,71.84,71.95,71.445,71.465,182226,247636,72.03240130776481,71.90850999999995,72.56517942035443,71.25184057964547,72.14140249999964,71.58499999999964,39.84694055163634,25.847457627118995,25.33955372938436
2019-03-05T17:30:00Z,71.47,71.5729,71.28,71.52,102832,248928.3,72.00740612202019,71.85850999999994,72.4722026980453,71.24481730195458,72.10506749999963,71.58499999999964,41.215738026204036,27.824858757062316,27.879073218056394
2019-03-05T18:30:00Z,71.52,71.65,71.465,71.53,57091,239159.85,71.984118018507,71.83100999999994,72.45178848515835,71.21023151484152,72.06681749999963,71.56099999999964,41.47649372340994,19.067796610169538,24.2467043314501
2019-03-05T19:30:00Z,71.54,71.56,71.45,71.49,116682,204745.25,71.96001470053105,71.79450999999993,72.40527333193573,71.18374666806413,72.03331749999964,71.56899999999965,40.6988168312656,19.77401129943484,22.222222222222047
2019-03-05T20:30:00Z,71.49,71.6,71.4,71.42,254252,201382.8,71.93367252001734,71.76750999999993,72.39415982856477,71.1408601714351,72.00306749999964,71.48499999999964,39.30975916984022,17.396866005756237,18.746224638453356
2019-03-06T14:30:00Z,71.41,71.6,70.75,70.8,542164,212510.45,71.87837142147991,71.70475999999994,72.44477674145587,70.964743258544,71.96206749999965,71.35199999999965,29.655447666996523,11.573876486087125,16.24825126375922
2019-03-06T15:30:00Z,70.795,70.82,70.44,70.505,771212,246525.4,71.81137769360284,71.62300999999994,72.50101374010222,70.74500625989765,71.91694249999964,71.14899999999963,26.34061340821816,7.048599503183108,12.006447331675306
2019-03-06T16:30:00Z,70.51,70.53,70.14,70.15,434605,264577.35,71.73033487928075,71.52250999999993,72.57454118187566,70.47047881812419,71.86269249999964,70.87299999999964,23.007716556025187,2.8272432002026044,7.149906396490764
2019-03-06T17:30:00Z,70.155,70.25,69.99,70.025,318742,273128.3,71.64714781199876,71.41575999999993,72.61092354430549,70.22059645569438,71.79931749999965,70.57999999999964,21.95434215399061,2.1743504838328986,4.016731062406023
2019-03-06T18:30:00Z,70.025,70.5,70,70.34,288423,281974.15,71.58338450409639,71.32075999999994,72.5405523994011,70.10096760059878,71.74456749999965,70.36399999999963,30.579767664571747,6.630070643070817,3.8772214423685916
2019-03-06T19:30:00Z,70.35,70.66,70.35,70.53,378242,288772.3,71.53199989414047,71.23075999999995,72.40414855356204,70.05737144643786,71.71106749999964,70.30999999999963,35.22958800931778,15.494137353434198,8.09951949344579
2019-03-06T20:30:00Z,70.535,71.08,70.53,70.78,685926,312041.6,71.49531697247508,71.16725999999996,72.29292326120407,70.04159673879585,71.68031749999963,70.36499999999964,40.84418565120698,28.140703517588168,16.754970504697546
2019-03-07T14:30:00Z,70.62,71.11,70.52,70.92,341317,313352.5,71.46725272991532,71.12174999999995,72.20948284864832,70.03401715135158,71.65306749999964,70.51899999999964,43.7830656200816,38.09438348203619,27.24307478435267
2019-03-07T15:30:00Z,70.92,70.95,70.66,70.74,124065,290064.25,71.43177698699262,71.08274999999995,72.16649570358076,69.99900429641913,71.61981749999964,70.66199999999962,40.96514921515067,41.80425939219914,36.013115463940984
2019-03-07T16:30:00Z,70.7571,71.2,70.7571,71.03,185058,288777.7,71.41217810957835,71.06274999999995,72.13482497407071,69.99067502592919,71.59356749999964,70.79999999999964,46.89529187072175,49.45496270797475,43.117868527403175
2019-03-07T17:30:00Z,71.04,71.18,70.97,71.01,121028,289308.6,71.39255966520868,71.03574999999996,72.08432176674805,69.98717823325188,71.56231749999964,70.89599999999963,46.54801606493112,54.1205638882059,48.45992866279308
2019-03-07T18:30:00Z,70.99,70.99,70.72,70.74,139793,287487.6,71.36072748641801,70.99674999999995,72.02825993694988,69.96524006305002,71.52725499999963,70.88799999999962,42.02365215580218,56.89341215794863,53.48964625137625
2019-03-07T19:30:00Z,70.75,71.03,70.67,70.88,157550,281757.4,71.33727736512932,70.95824999999996,71.94590517769227,69.97059482230766,71.49375499999962,70.87999999999963,45.00836100038175,54.43637905659917,55.15011836758439
2019-03-07T20:30:00Z,70.89,71.38,70.86,71.34,475649,292704.65,71.33741017658643,70.95274999999995,71.93056631712082,69.97493368287908,71.47500499999964,70.99999999999963,53.48227521048996,61.90476190476212,57.7448510397698
2019-03-08T14:30:00Z,70.93,71.25,70.68,70.99,371877,302436.7,71.32046333870417,70.91024999999996,71.80004477972304,70.02045522027689,71.43450499999963,70.99199999999963,47.486412796617586,70.35762694192492,62.232922634428554
2019-03-08T15:30:00Z,71.01,71.06,70.6,70.73,344608,310555.8,71.29166024901129,70.87349999999995,71.72864969451513,70.01835030548477,71.39100499999964,70.93599999999962,43.57801123917573,69.67692926404257,67.31310603690969
2019-03-08T16:30:00Z,70.74,70.85,70.575,70.79,432128,327020.6,71.2671890173522,70.83699999999996,71.63934281951195,70.03465718048797,71.34775499999964,70.94599999999963,44.7089707941244,60.91127098321389,66.98194239639362
2019-03-08T17:30:00Z,70.8,70.85,70.18,70.31,210796,334705.85,71.22049687016428,70.77599999999995,71.54305019394364,70.00894980605626,71.30350499999962,70.83199999999962,38.12506061743615,44.41837834080618,58.33552619602071
2019-03-08T18:30:00Z,70.31,70.44,70.25,70.33,447274,351235.45,71.17705799844896,70.71799999999995,71.43405446722478,70.00194553277511,71.25625499999963,70.62999999999963,38.53123929719689,30.839241650158286,45.38963032472594
2019-03-08T19:30:00Z,70.325,70.54,70.295,70.44,291899,353117.8,71.14110394974414,70.66899999999995,71.31709412898809,70.02090587101182,71.21825499999963,70.51999999999963,40.831822284799976,18.876811594202604,31.378143861722183
2019-03-08T20:30:00Z,70.44,70.7,70.405,70.65,365194,344269.3,71.11714765951271,70.66149999999996,71.30682240006294,70.01617759993698,71.18312999999962,70.50399999999964,45.059368705092616,24.444444444444162,24.72016589626818
2019-03-11T13:30:00Z,70.83,70.94,70.41,70.69,421936,326805.5,71.09631118831697,70.67074999999996,71.31212566996761,70.0293743300323,71.14687999999963,70.48399999999963,45.852966116449736,34.44444444444424,25.921900161030166
2019-03-11T14:30:00Z,70.69,70.95,70.63,70.94,262634,318206.95,71.08868625230151,70.71024999999996,71.31472063619707,70.10577936380285,71.11637999999962,70.60999999999963,50.65086249938111,48.33333333333326,35.740740740740385
2019-03-11T15:30:00Z,70.95,71.18,70.9,71.17,138750,309207.35,71.09265277657948,70.76749999999996,71.31580192414856,70.21919807585135,71.09162999999963,70.77799999999962,54.633611281777554,62.777777777777736,48.51851851851824
2019-03-11T16:30:00Z,71.17,71.38,71.17,71.3139,144717,302022.05,71.10344532406342,70.81619499999996,71.37682815092857,70.25556184907136,71.06847749999962,70.95277999999962,56.97330483181368,80.10833333333362,63.7398148148147
2019-03-11T17:30:00Z,71.31,71.405,71.26,71.29,128388,289529.35,71.11254555215788,70.85419499999996,71.43475528964825,70.27363471035167,71.04247749999962,71.08077999999963,56.45255378490217,89.20130385487575,77.36247165532886
2019-03-11T18:30:00Z,71.3,71.341,71.2,71.27,188498,264657.95,71.12022625693066,70.87869499999995,71.48542972780439,70.27196027219551,71.02297749999963,71.19677999999962,55.991346214715385,91.3611678004537,86.89026832955419
2019-03-11T19:30:00Z,71.28,71.58,71.24,71.44,393062,267245.2,71.13582497610477,70.90469499999995,71.55898428611702,70.25040571388287,71.01322249999961,71.29677999999963,59.05354087461853,89.86394557823122,90.1421390778534
2019-03-12T13:30:00Z,71.47,71.99,71.25,71.62,272774,274680.65,71.15944326995331,70.94869499999996,71.66790138896236,70.22948861103755,71.01572249999963,71.38677999999963,62.06349769306372,86.17920096215278,89.13477144694572
2019-03-12T14:30:00Z,71.62,71.82,71.36,71.505,201415,275498.5,71.17629969580925,70.97244499999995,71.7311112836375,70.2137787163624,71.01759749999961,71.42499999999964,59.075623900973824,80.92081031307556,85.65465228448636
2019-03-12T15:30:00Z,71.51,72.11,71.5,72.07,340378,286466,71.21989483259904,71.02544499999995,71.92265280754933,70.12823719245057,71.03059749999962,71.58099999999963,67.38363168987729,83.56329735970762,83.55443621164515
2019-03-12T16:30:00Z,72.065,72.13,71.89,72.02,273508,293151.75,71.25892435296007,71.08944499999996,72.07439678050613,70.10449321949378,71.04309749999962,71.73099999999963,66.10468249945674,88.42693906653716,84.30368224643993
2019-03-12T17:30:00Z,72.015,72.07,71.94,71.97,149379,292743.2,71.29361096988885,71.14394499999995,72.1949212080688,70.09296879193109,71.05109749999961,71.83699999999962,64.7805597201743,94.45235042035422,88.81419561553281
2019-03-12T18:30:00Z,71.97,72.04,71.58,71.68,161977,277059.6,71.31245921526012,71.16094499999994,72.23480647613769,70.08708352386219,71.05684749999962,71.84899999999963,57.57684399759333,86.4475445331427,89.77561134001117
2019-03-12T19:30:00Z,71.68,71.82,71.58,71.7,638979,290414.7,71.33136364378402,71.19644499999995,72.29207682225054,70.10081317774937,71.05334749999962,71.88799999999965,57.924347678297444,80.06456580973858,86.98815358774499
2019-03-13T13:30:00Z,72.12,72.12,71.68,71.75,260635,286216.05,71.35178492945309,71.24744499999994,72.346433412101,70.14845658789888,71.06047249999962,71.82399999999964,58.83224822416235,74.52657004830964,80.34622679706347
2019-03-13T14:30:00Z,71.77,72.04,71.71,72,223340,275776.65,71.38340517679684,71.30794499999995,72.43246763202146,70.18342236797844,71.07247249999962,71.81999999999965,63.1175540540904,79.69918699187026,78.09677428330598
2019-03-13T15:30:00Z,72,72.26,71.94,72.23,251302,277801.95,71.42470248524577,71.40394499999994,72.49872597806635,70.30916402193353,71.08997249999962,71.87199999999964,66.5657271896344,87.11508913254288,80.44694872424073
2019-03-13T16:30:00Z,72.22,72.27,72.15,72.24,107399,260808.2,71.46447309572159,71.49944499999995,72.53442828968448,70.46446171031542,71.10872249999962,71.98399999999965,66.71144784079675,94.62495413773485,87.14641008738248
2019-03-13T17:30:00Z,72.25,72.48,72.17,72.37,118699,252148.2,71.50864513983272,71.59594499999994,72.57626630953756,70.61562369046233,71.13247249999962,72.11799999999965,68.62583359062307,95.28340603475374,92.34114976834364
2019-03-13T18:30:00Z,72.36,72.43,72.16,72.19,251706,246473.8,71.5418819622799,71.67294499999994,72.58340189076027,70.76248810923961,71.16722249999962,72.20599999999965,63.20576164289659,88.40513830268304,92.77116615839036
2019-03-13T19:30:00Z,72.18,72.36,72.17,72.27,281622,239458.1,71.57739991533941,71.75194499999995,72.57779396314442,70.92609603685548,71.21134749999962,72.25999999999965,64.54600827028388,83.64866083136612,89.11240172293411
2019-03-14T13:30:00Z,72.25,72.44,71.96,72.065,150253,233839.05,71.60118528532286,71.80819499999994,72.55459972260648,71.0617902773934,71.25922249999962,72.22699999999966,58.65045153607583,74.1620536885088,82.07195094085246
2019-03-14T14:30:00Z,72.05,72.295,72.01,72.085,118687,232835.9,71.62478600311198,71.85394499999994,72.54864881453503,71.15924118546485,71.31072249999963,72.19599999999966,59.043493711305935,68.52237846357995,75.4443643278181
2019-03-14T15:30:00Z,72.1,72.34,72.05,72.29,135811,232390.6,71.65723546637481,71.90274999999994,72.57564282209609,71.2298571779038,71.35947249999961,72.17999999999965,62.932755969557405,67.17639833711235,69.95361016306686
2019-03-14T16:30:00Z,72.3,72.31,72.19,72.24,64723,229207.35,71.68566300460043,71.95024999999995,72.57588148100278,71.32461851899713,71.40222249999961,72.18999999999966,61.40123736773215,70.63869992441379,68.77915890836852
2019-03-14T17:30:00Z,72.25,72.28,71.94,72.02,117356,225650.25,71.70197212632723,71.98774999999993,72.53016566168034,71.44533433831953,71.43322249999962,72.13999999999966,55.052859529651506,67.03703703703671,68.28404509952075
2019-03-14T18:30:00Z,72.01,72.31,71.94,72.27,172432,214618.75,71.72968080309175,72.02924999999993,72.52245659974429,71.53604340025558,71.46697249999961,72.18099999999966,60.101188153866936,66.29629629629561,67.99067775258185
2019-03-14T19:30:00Z,72.27,72.4,72.19,72.35,271054,214532.75,71.75994027611166,72.06574999999994,72.54009454779907,71.5914054522008,71.50722249999961,72.23399999999965,61.58797073187008,69.76851851851768,67.70061728394982
2019-03-15T13:30:00Z,72.76,73.2,72.1,72.944,674406,238182.3,71.81769928703305,72.13769999999994,72.68145733560584,71.59394266439404,71.55507249999962,72.36479999999965,70.40601212876909,81.07848620432452,72.38110033971242
2019-03-15T14:30:00Z,72.96,72.96,72.73,72.96,115202,226923.5,71.87342127303144,72.18219999999994,72.8318690234478,71.53253097655208,71.60382249999961,72.50879999999965,70.6017812182188,82.50705763289598,77.78468745191255
2019-03-15T15:30:00Z,72.96,73.03,72.8,72.99,172596,221877.9,71.92788852800551,72.23069999999994,72.96412159773527,71.49727840226461,71.66007249999963,72.70279999999966,70.98929298807104,82.36816874400732,81.98457086040911
2019-03-15T16:30:00Z,72.99,73.2434,72.99,73.22,143840,221600.95,71.99091835590768,72.29319999999994,73.13250461694494,71.45389538305494,71.71857249999962,72.89279999999965,73.8366888587233,87.49680323257097,84.12400986982458
2019-03-15T17:30:00Z,73.22,73.35,73.18,73.27,109002,218952.2,72.05331258244877,72.37269999999994,73.26420212564582,71.48119787435405,71.76682249999962,73.07679999999965,74.42437129049077,91.95475662669482,87.27324286775753
2019-03-15T18:30:00Z,73.2572,73.405,73.2572,73.395,157290,194867.75,72.11876074915858,72.45744999999994,73.39796060069766,71.51693939930222,71.8269474999996,73.16699999999965,75.88285185218427,97.28278089669868,92.24478025198799
2019-03-15T19:30:00Z,73.38,73.5,73.29,73.43,346412,199156.6,72.18272363944352,72.54144999999994,73.51377185516077,71.56912814483911,71.89444749999961,73.26099999999965,76.29054979939227,96.38548926363909,95.20767559567736
2019-03-18T13:30:00Z,73.28,73.91,72.9507,73.61,343913,205185.25,72.25234687654384,72.62194999999994,73.66560463158294,71.57829536841695,71.96494749999962,73.38499999999965,78.32035296244413,93.20060008674211,95.62295674902646
2019-03-18T14:30:00Z,73.62,73.7,73.43,73.43,237170,204478.65,72.30979337037097,72.68194999999994,73.7657760884573,71.59812391154259,72.04294749999961,73.42699999999965,71.70899376013789,85.30630396112666,91.63079777050245
2019-03-18T15:30:00Z,73.42,73.43,73.26,73.38,236743,210945.85,72.36199857181629,72.73894999999995,73.84351950438791,71.63438049561198,72.11919749999961,73.44899999999964,69.94278822578477,77.8341793570222,85.44702780163016
2019-03-18T16:30:00Z,73.37,73.6,73.3,73.5,154574,212739.6,72.41751083660574,72.79544999999993,73.93383455279019,71.65706544720967,72.19569749999962,73.46999999999964,71.74169885141556,75.97292724196298,79.70447018670377
2019-03-18T17:30:00Z,73.49,73.665,73.48,73.615,162501,208279.35,72.47592494213717,72.86669999999995,74.02282786490964,71.71057213509026,72.2698224999996,73.50699999999964,73.38561124547093,79.10321489001693,77.6367738296672
2019-03-18T18:30:00Z,73.62,73.74,73.54,73.71,217016,205049.05,72.53612372544755,72.93869999999995,74.11637416547046,71.76102583452945,72.34532249999961,73.52699999999963,74.6952316556549,84.38782473754567,79.82132228984169
2019-03-18T19:30:00Z,73.7,73.85,73.66,73.67,686474,231860.1,72.5914347632306,73.01894999999993,74.16587885133768,71.87202114866218,72.41357249999962,73.57499999999963,73.06496300736138,86.90532948182222,83.46545636979478
2019-03-19T13:30:00Z,74,74.06,73.185,73.185,446592,248255.35,72.62038916502422,73.07394999999994,74.13903581345576,72.00886418654412,72.46394749999962,73.53599999999963,56.860245649980286,69.96704468353208,80.4200663009665
2019-03-19T14:30:00Z,73.18,73.32,72.61,72.725,832638,283096.7,72.62549213258401,73.09569999999994,74.11253491286675,72.07886508713312,72.49922499999963,73.38099999999963,46.35848131256757,42.96063076342025,66.61100164292468
2019-03-19T15:30:00Z,72.72,73,72.66,72.82,373039,298512.5,72.63498032123846,73.12469999999995,74.07303899003578,72.17636100996411,72.53747499999962,73.22199999999962,48.47499947022473,18.87477313974563,43.93414952889915
2019-03-19T16:30:00Z,72.81,72.87,72.62,72.73,308117,308050.55,72.63961542751952,73.16019999999995,73.98566413611954,72.33473586388035,72.57397499999962,73.02599999999963,46.59913118591703,10.229885057471108,24.021762986878826
2019-03-19T17:30:00Z,72.72,72.865,72.6,72.79,214586,310158.25,72.64695126032345,73.18619999999996,73.92620367567548,72.44619632432443,72.60772499999963,72.84999999999962,48.042658071785965,11.924106439930936,13.676254879049052
2019-03-19T18:30:00Z,72.79,72.89,72.71,72.72,318527,312531.9,72.6505146134784,73.20469999999995,73.87541517056329,72.5339848294366,72.63522499999962,72.75699999999964,46.46457452505841,9.836246260431887,10.663412585944469
2019-03-19T19:30:00Z,72.71,72.78,72.41,72.58,607728,309198,72.64707487623556,73.18649999999995,73.90273390035499,72.47026609964492,72.66209999999963,72.72799999999962,43.3944774613645,10.511969005120072,10.757440568494124
2019-03-20T13:30:00Z,72.8,72.93,72.3958,72.54,259107,316393.25,72.64185171154115,73.16549999999995,73.93006458198163,72.40093541801828,72.67384999999963,72.67199999999963,42.529827352794456,9.062344108217841,9.803519791256425
2019-03-20T14:30:00Z,72.52,72.6,72.3,72.38,231626,319344.75,72.62907845731964,73.13499999999996,73.97051181919396,72.29948818080597,72.68284999999963,72.60199999999963,39.167952936680585,7.837769595971969,9.13736090310312
2019-03-20T15:30:00Z,72.38,72.49,72.21,72.34,339923,329148.9,72.6149770691577,73.09099999999995,73.9939374286288,72.1880625713711,72.69209999999964,72.51199999999963,38.35175075228458,6.745768503971019,7.881960736053434
2019-03-20T16:30:00Z,72.34,72.41,72.2,72.31,213203,334358.95,72.60010013895489,73.04299999999996,74.00303333276288,72.08296666723705,72.70784999999964,72.42999999999962,37.716932809558344,5.8288200223685465,6.80411937410367
2019-03-20T17:30:00Z,72.3,72.92,72.3,72.76,293385,341163.7,72.6079001321766,73.01124999999996,73.96459608092697,72.05790391907296,72.73434999999964,72.46599999999962,50.85709598374551,14.349510801123921,8.974699775820987
2019-03-20T18:30:00Z,72.755,72.77,72.32,72.35,398244,343755.3,72.59531963792408,72.95724999999996,73.93171639245195,71.98278360754797,72.74934999999964,72.42799999999963,42.13485141945414,14.695340501792018,11.624557108427988
2019-03-20T19:30:00Z,72.345,72.37,72.01,72.05,665235,359821.4,72.56871867997656,72.87924999999996,73.8815736752747,71.87692632472522,72.75059999999965,72.36199999999963,37.11848730388574,13.374420840982387,14.139757381299267
2019-03-21T13:30:00Z,72.08,72.295,71.99,72.145,166628,356294.3,72.54804947607526,72.81499999999996,73.83249692874918,71.79750307125073,72.74847499999964,72.32299999999962,39.571916017553484,7.223290326524189,11.764350556432689
2019-03-21T14:30:00Z,72.17,72.72,72.1,72.5659,116162,350265.25,72.54892023333989,72.77429499999997,73.76284827317673,71.7857417268232,72.75662249999964,72.37417999999961,49.055781240635035,23.54171894357964,14.713143370361896
2019-03-21T15:30:00Z,72.57,72.74,72.41,72.42,131349,349104,72.54263144146965,72.72029499999995,73.66122486663139,71.77936513336851,72.75787249999965,72.30617999999961,46.340774649469566,38.139539389869384,22.96818288665756
2019-03-21T16:30:00Z,72.43,72.43,72.19,72.3,173932,349675.55,72.53079576139797,72.65454499999996,73.51668590142711,71.7924040985728,72.76062249999964,72.29617999999962,44.17521571070415,45.24773541183911,35.64299791509587
2019-03-21T17:30:00Z,72.3,72.33,72.16,72.28,221882,349918.85,72.51856182181758,72.58304499999996,73.30974829152677,71.85634170847314,72.76087249999965,72.34217999999962,43.807771580716036,36.52482269503556,39.97069916558117
2019-03-21T18:30:00Z,72.27,72.38,72.16,72.25,308217,331006,72.50546124514355,72.51204499999997,73.05409964107176,71.96999035892819,72.76549749999965,72.36317999999962,43.226949436931875,30.496453900709337,37.423004002527826
2019-03-21T19:30:00Z,72.26,72.33,72.11,72.27,389241,328138.45,72.49397533074631,72.46629499999997,72.92082162617567,72.01176837382428,72.77012249999964,72.30399999999962,43.762269125782645,29.43262411347527,32.15130023640655
2019-03-22T13:30:00Z,71.93,72.335,71.93,72.06,312699,302141.5,72.47280580241723,72.43304499999996,72.90400325070782,71.96208674929211,72.76437249999967,72.23199999999962,39.545831499231205,23.526040547317013,27.818372853833697
2019-03-22T14:30:00Z,72.07,72.28,72.03,72.12,492613,308120.2,72.45559576327493,72.39804499999997,72.85252742420072,71.94356257579922,72.76137249999965,72.19599999999961,41.28643922290795,20.703488788594935,24.554051149795566
2019-03-22T15:30:00Z,72.11,72.125,71.89,71.97,542210,319824.85,72.43190816506639,72.36004499999997,72.82413976823808,71.89595023176186,72.76012249999965,72.1339999999996,38.31626125693535,13.36340753816461,19.19764562469201
2019-03-22T16:30:00Z,71.98,72.12,71.85,72.01,193423,318766.7,72.41132727896559,72.32104499999998,72.76470477268761,71.87738522731236,72.75362249999966,72.08599999999961,39.56484619282066,13.970726837073128,16.01254105461072
2019-03-22T17:30:00Z,72.01,72.445,72.01,72.43,226824,314181.55,72.41223814340628,72.30654499999997,72.7146310373816,71.89845896261835,72.75562249999966,72.11799999999961,50.82123324786296,28.587913193390378,18.640682522875863
2019-03-22T18:30:00Z,72.42,72.47,72.07,72.07,332103,300400.3,72.39554359982549,72.28104499999998,72.68125543702115,71.8808345629788,72.73377249999967,72.1199999999996,43.36548129590803,34.23861680416818,25.599085611543718
2019-03-22T19:30:00Z,72.06,72.06,71.81,71.9,516042,313247.05,72.37137074129741,72.24904499999997,72.66341188322042,71.83467811677951,72.70727249999966,72.07599999999961,40.35474987449561,32.47999957976847,31.768843192442166
2019-03-25T13:30:00Z,71.85,72.08,71.64,71.79,190973,311214.4,72.34301119294145,72.21954499999997,72.674444476702,71.76464552329793,72.67727249999966,72.03999999999961,38.492522674617994,16.010961371599606,27.57652591851191
2019-03-25T14:30:00Z,71.78,72.28,71.72,72.2737,167243,302580.4,72.33963015913943,72.21622999999997,72.66852884855906,71.76393115144087,72.65361499999966,72.09273999999961,49.523110906836706,26.97429130009836,25.155084083821965
2019-03-25T15:30:00Z,72.27,72.27,71.66,71.91,101878,297014.15,72.31867259040092,72.19622999999997,72.66524071246353,71.72721928753641,72.61961499999965,71.98873999999961,43.243364184826085,34.59185834246107,25.8590370047195
2019-03-25T16:30:00Z,71.92,72.13,71.87,72.05,101969,287443.35,72.30556661038136,72.16072999999997,72.55524155673874,71.76621844326121,72.58598999999965,71.9847399999996,46.077828546048984,46.51226725082149,36.02613896446013
2019-03-25T17:30:00Z,72.04,72.16,71.92,72.05,201856,277623.95,72.29309994646032,72.14572999999999,72.53306314910623,71.75839685089375,72.55148999999965,72.0147399999996,46.077828546048984,43.7751004016061,41.62640866496271
2019-03-25T18:30:00Z,72.055,72.41,72.04,72.32,141048,251414.6,72.29441214419396,72.15922999999998,72.55107069262624,71.76738930737372,72.51923999999966,72.1207399999996,51.49582338946637,60.24096385542126,50.176110502616105
2019-03-25T19:30:00Z,72.32,72.38,72.03,72.32,439487,265057.55,72.29566033228205,72.16797999999997,72.56592695425154,71.7700330457484,72.49148999999964,72.12999999999958,51.49582338946637,71.08433734939703,58.366800535474624
2019-03-26T13:30:00Z,72.58,73.03,72.465,72.66,247000,271599.45,72.313432999,72.17268499999997,72.59104118927054,71.7543288107294,72.47348999999964,72.27999999999959,57.70264102089932,79.07890555025803,70.13473558502527
2019-03-26T14:30:00Z,72.69,72.75,72.49,72.63,159737,273018.85,72.3288752917317,72.18318499999998,72.63504267791838,71.73132732208158,72.45173999999965,72.39599999999959,57.00943298087532,75.51067579671157,75.22463956545538
2019-03-26T15:30:00Z,72.62,72.65,72.52,72.55,151976,271921.05,72.33966186286675,72.19568499999997,72.6728975952878,71.71847240471214,72.42511499999964,72.4959999999996,55.108190680860616,70.0239808153474,74.87118738743882
2019-03-26T16:30:00Z,72.56,72.65,72.51,72.55,133700,267511.95,72.34992225980008,72.20918499999996,72.70987340719948,71.70849659280044,72.39611499999964,72.5419999999996,55.10819068086061,67.38609112709803,70.97358257971882
2019-03-26T17:30:00Z,72.55,72.63,72.37,72.55,230587,263630.45,72.35968214956593,72.22418499999998,72.74637910288867,71.70199089711129,72.36811499999963,72.5879999999996,55.10819068086061,65.46762589928032,67.62589928057508
2019-03-26T18:30:00Z,72.56,72.955,72.5,72.84,498895,269113.15,72.38311228861149,72.25268499999997,72.83993579914878,71.66543420085117,72.35948999999964,72.6239999999996,60.99727483579014,72.4220623501198,68.42525979216587
2019-03-26T19:30:00Z,72.81,73.36,72.785,73.36,790044,292980.4,72.43076534770361,72.31768499999998,73.06986004684329,71.56550995315668,72.37536499999963,72.76999999999961,68.88049071999397,83.93285371702638,73.94084732214199
2019-03-27T13:30:00Z,73.39,73.71,73.17,73.71,364854,286592.45,72.49316703805954,72.397185,73.356548664669,71.43782133533098,72.39761499999963,73.00199999999961,72.85710939493771,95.44364508393294,83.93285371702619
2019-03-27T14:30:00Z,73.7,73.79,73.28,73.33,394038,279183.85,72.5339881581542,72.46518499999999,73.48470155263185,71.44566844736813,72.41261499999965,73.1579999999996,63.3864944900269,92.80125195618147,90.72591691904675
2019-03-27T15:30:00Z,73.33,73.36,73.05,73.25,325009,285763.15,72.56891556507351,72.527185,73.57874871232639,71.47562128767362,72.42411499999965,73.2979999999996,61.57189885419069,83.42625195618136,90.55704966543175
2019-03-27T16:30:00Z,73.24,73.6,73.2,73.4775,171747,283009.3,72.61323675702114,72.57955999999999,73.70807425050397,71.451045749496,72.44305249999964,73.4254999999996,64.6693918837893,77.8558419740067,84.69444862878966
2019-03-27T17:30:00Z,73.48,73.5,72.28,72.33,1152453,324026.8,72.59942032984938,72.59255999999998,73.7031428080769,71.48197719192305,72.43680249999963,73.21949999999961,44.976703443143,57.40307486631002,72.89505626549918
2019-03-27T18:30:00Z,72.32,72.56,71.96,72.28,607669,328608.15,72.58383885034453,72.61155999999998,73.68653025707255,71.53658974292742,72.43030249999963,72.93349999999961,44.34307590848015,39.27352113224829,58.17747932418816
2019-03-27T19:30:00Z,72.29,72.55,72.11,72.22,1166170,377368,72.56609061374236,72.63305999999999,73.6574543252442,71.60866567475577,72.42630249999964,72.7114999999996,43.55020487348164,16.24648120549771,37.64102573468515
2019-03-28T13:30:00Z,72.04,72.2548,70.81,70.865,535485,395780.1,72.48311058380371,72.562625,73.83891598856239,71.2863340114376,72.38942749999964,72.2344999999996,30.351535863301905,11.17987555164372,22.233292629796384
2019-03-28T14:30:00Z,70.87,70.885,69.64,69.64,808297,431101.05,72.34442226264255,72.449125,74.23813399591981,70.66011600408018,72.32267749999963,71.46699999999962,23.436257415427264,5.351095952372222,10.925817569837692
2019-03-28T15:30:00Z,69.635,69.8096,68.92,68.95,587531,455379.15,72.17884068885512,72.29412499999998,74.64388417648928,69.94436582351068,72.22742749999964,70.7909999999996,20.590524746010203,0.8205513369990612,5.783840947004811
2019-03-28T16:30:00Z,68.95,69.83,68.94,69.665,666273,478600,72.05621431378901,72.17487499999999,74.78926330082508,69.56048669917489,72.16030249999963,70.2679999999996,30.06666949862756,5.304585900068504,3.8254110631464058
2019-03-28T17:30:00Z,69.68,69.69,69.46,69.515,362708,489683,71.93225263994565,72.03462499999998,74.89244246924112,69.17680753075884,72.09692749999962,69.7269999999996,29.27733549870942,9.377138945927493,5.167425394331496
2019-03-28T18:30:00Z,69.51,69.6,69.16,69.195,425073,488962.3,71.79872812092391,71.87837499999999,74.9873733415067,68.76937665849329,72.02317749999963,69.3929999999996,27.61194570151187,11.054072553045836,8.578599133013755
2019-03-28T19:30:00Z,69.2,69.37,69,69.14,910341,522129.35,71.66903406624469,71.70237499999999,75.00684450167391,68.39790549832607,71.93752999999964,69.2929999999996,27.324252214507567,7.46064339493492,9.297284964635894
2019-03-29T13:30:00Z,69.33,69.485,68.17,68.73,677460,548015.5,71.52566655081812,71.50737499999998,75.02338462562662,67.99136537437334,71.84527999999963,69.2489999999996,25.215137458762925,6.709561286205241,8.408092411395142
2019-03-29T14:30:00Z,68.73,68.78,68.16,68.76,657781,573305.75,71.39075598736358,71.31787499999999,74.99359033004028,67.6421596699597,71.75677999999964,69.0679999999996,25.667257917917667,8.503759458287329,7.55798804647564
2019-03-29T15:30:00Z,68.76,68.935,68.19,68.34,513868,592314.15,71.24193862212633,71.10737499999998,74.9549149526844,67.25983504731555,71.65827999999964,68.8329999999996,23.523140875593242,8.100882701835314,7.771401148775772
2019-03-29T16:30:00Z,68.35,68.99,68.3397,68.91,500971,605833.35,71.12818551860796,70.92537499999999,74.82672421373297,67.024025786267,71.57477999999963,68.7759999999996,31.84425933267231,9.461059704780906,8.688567288300993
2019-03-29T17:30:00Z,68.92,69.22,68.875,68.98,460109,603894.05,71.02339598111489,70.73237499999999,74.61763801394018,66.8471119860598,71.49252999999963,68.7439999999996,32.81110471955296,11.996710328666817,9.852884245094156
2019-03-29T18:30:00Z,68.985,69.24,68.94,69.08,399906,584387.15,70.92859617715807,70.51837499999998,74.27034390812003,66.76640609187993,71.41802999999962,68.8139999999996,34.24613969373307,17.879342424785417,13.112370819410856
2019-03-29T19:30:00Z,69.08,69.165,68.98,69.13,644903,598389.6,70.8408597782723,70.28937499999998,73.7844758122091,66.79427418779086,71.34327999999962,68.88799999999961,34.99374916074051,21.09388803099684,16.989980261482838
2019-04-01T13:30:00Z,69.54,69.97,69.32,69.745,585691,607972.25,70.78740320372243,70.11012499999998,73.31908062255121,66.90116937744875,71.28765499999963,69.1689999999996,43.50261505256284,34.27014602376858,24.41445882651676
2019-04-01T14:30:00Z,69.75,69.96,69.66,69.77,379877,610715.65,70.7377737791506,69.93612499999999,72.8045158707665,67.06773412923349,71.23165499999962,69.3409999999996,43.824509148902266,56.934664832210615,37.43289962899183
2019-04-01T15:30:00Z,69.77,69.91,69.6,69.66,253353,614795.95,70.68519944846032,69.74525,72.10933856644397,67.38116143355603,71.16240499999962,69.47699999999959,42.672463363981194,76.66278067818945,55.95586384472269
2019-04-01T16:30:00Z,69.65,69.71,69.58,69.63,148232,564584.9,70.63372630463299,69.61025,71.65536240522266,67.56513759477733,71.10140499999963,69.58699999999958,42.34551934620096,84.34622467771628,72.64789006270526
2019-04-01T17:30:00Z,69.63,69.645,69.45,69.5,239399,546171.4,70.57842258245577,69.47124999999998,71.10896754280238,67.83353245719759,71.04140499999963,69.66099999999959,40.88373591043855,79.37384898710862,80.12761811433792
2019-04-01T18:30:00Z,69.49,69.54,69.27,69.46,280682,501897,70.52386538331159,69.33324999999999,70.37959733716727,68.28690266283272,70.98315499999964,69.60399999999959,40.421367771255845,75.69060773480653,79.80356046654363
2019-04-01T19:30:00Z,69.45,70.04,69.4325,70,773439,513794.7,70.49831097436956,69.28999999999998,70.1308448132713,68.44915518672866,70.92631249999964,69.6499999999996,48.834088846548084,81.24289800556392,78.76911824249284
2019-04-02T13:30:00Z,69.81,70.16,69.22,70.08,853785,516069.1,70.47790556098568,69.31199999999998,70.20944303440318,68.41455696559679,70.88056249999963,69.7339999999996,49.96137009221431,88.56518161514033,81.83289578517007
2019-04-02T14:30:00Z,70.06,70.08,69.53,69.8097,359804,504682.75,70.44531016776686,69.35498499999997,70.26126609166475,68.44870390833519,70.82455499999962,69.7699399999996,46.25340196522672,92.0302048457358,87.27942815547982
2019-04-02T15:30:00Z,69.815,69.855,69.56,69.59,171894,479963.8,70.40358772055872,69.35123499999997,70.25296318360299,68.44950681639696,70.76305499999962,69.7879399999996,43.431907204399394,82.3015847873948,87.63232374942345
2019-04-02T16:30:00Z,69.61,69.875,69.5,69.87,151960,469426.4,70.37755905126318,69.36898499999998,70.29651564483191,68.44145435516805,70.70180499999962,69.86993999999959,47.80210612264981,76.11222032565696,83.48133665292899
2019-04-02T17:30:00Z,69.865,69.91,69.6,69.83,522285,474287,70.35084885364058,69.40073499999997,70.34558083774839,68.45588916225155,70.63955499999962,69.8359399999996,47.240629105076344,73.02306884580884,77.14562465295334
2019-04-02T18:30:00Z,69.81,69.88,69.61,69.74,261202,441830.05,70.32105134858494,69.43073499999998,70.37865760079609,68.48281239920388,70.56655499999962,69.7679399999996,45.93331500962345,71.59650198264484,73.57726371803669
2019-04-02T19:30:00Z,69.74,69.865,69.69,69.71,538825,434898.3,70.29124396572715,69.47973499999998,70.37770222495963,68.58176777504032,70.49355499999962,69.74799999999959,45.48149812005054,63.1617529692052,69.26044126588609
2019-04-03T13:30:00Z,69.82,70.02,69.31,69.54,268770,415447.75,70.2545979186185,69.51873499999998,70.35383009464692,68.68363990535303,70.41830499999962,69.73799999999959,42.905978667641925,50.19233080899153,61.65019525361367
2019-04-03T14:30:00Z,69.53,69.76,69.37,69.67,524605,415984.6,70.22608094697857,69.58523499999998,70.22272052697457,68.9477494730254,70.34630499999963,69.6979999999996,45.44990593828418,44.68085106383011,52.678311614008756
2019-04-03T15:30:00Z,69.66,69.73,69.46,69.53,221401,402006.1,70.19212577883327,69.61623499999999,70.17477373374709,69.05769626625289,70.27080499999963,69.63799999999958,43.21666943043762,38.2978723404261,44.390351404415725
2019-04-03T16:30:00Z,69.5028,69.57,69.315,69.315,120305,385015.9,70.14933915547554,69.63298499999999,70.13101389182982,69.13495610817016,70.18267999999964,69.55299999999959,39.96866591776608,30.319148936170464,37.765957446808706
2019-04-03T17:30:00Z,69.325,69.34,68.76,68.78,318436,380942.4,70.08254212350113,69.61798499999999,70.19373753112751,69.04223246887247,70.06817999999963,69.36699999999959,33.26833480343994,14.83789260385007,27.818304626815358
2019-04-03T18:30:00Z,68.79,69.08,68.696,69.055,241802,360787.35,70.03241811747668,69.61423499999998,70.20347118108924,69.02499881891072,69.95180499999964,69.26999999999958,38.93505988070593,12.018937443597489,19.05865966120582
2019-04-03T19:30:00Z,69.04,69.185,68.88,68.95,484240,355714.8,69.97961723369733,69.574485,70.22694247531335,68.92202752468664,69.84230499999964,69.12599999999959,37.62141903935854,14.433385376008594,13.763405141151862
2019-04-04T13:30:00Z,69.08,69.85,69,69.715,451965,359319.2,69.96670907595599,69.57173499999999,70.22133039491995,68.92213960508003,69.75392999999964,69.16299999999958,50.678090986626344,38.499584109837606,21.650635643147705
2019-04-04T14:30:00Z,69.71,69.91,69.57,69.655,231455,358224.3,69.95150375517765,69.571485,70.22094816068997,68.92202183931002,69.65836749999964,69.23099999999958,49.79768964749703,54.46963952506652,35.80086967030405
2019-04-04T15:30:00Z,69.65,69.85,69.52,69.65,273040,364464.7,69.93679625492508,69.572485,70.22236692549937,68.92260307450063,69.59136749999965,69.40499999999959,49.7201727265813,72.70452415463205,55.22458259651187
2019-04-04T16:30:00Z,69.645,69.97,69.61,69.94,222791,363634.3,69.93695253517264,69.59448499999999,70.26259663520604,68.92637336479395,69.53286749999964,69.58199999999958,54.175669419225954,79.48136958711018,68.88517775560273
2019-04-04T17:30:00Z,69.94,70.1,69.915,70.01,262857,362743.05,69.94051582613983,69.62198499999998,70.31065143384451,68.93331856615545,69.47761749999964,69.79399999999958,55.20746279915708,86.53394272729675,79.57327882301281
2019-04-04T18:30:00Z,70.02,70.13,69.78,69.98,507271,349434.65,69.9424418834013,69.62098499999999,70.30750764135783,68.93446235864215,69.45549249999964,69.8469999999996,54.639640635605566,92.36239882373748,86.12590371271462
2019-04-04T19:30:00Z,69.99,70.05,69.895,70.05,433598,328425.3,69.94768862079636,69.61948499999998,70.30210946271868,68.93686053728129,69.46574249999964,69.92599999999959,55.78244206225161,92.51689732861333,90.471079626549
2019-04-05T13:30:00Z,70.48,70.75,70.14,70.4,249110,322890.6,69.96975259051361,69.64899999999999,70.40866834868966,68.88933165131031,69.50199249999963,70.0759999999996,61.06440972592103,88.9736754309609,91.28432386110372
2019-04-05T14:30:00Z,70.4,70.6,70.34,70.45,454390,337015.4,69.99317929341538,69.692,70.5270592793333,68.85694072066669,69.52161749999964,70.1779999999996,61.767037922290285,87.59187660728914,89.69414978895425
2019-04-05T15:30:00Z,70.44,70.44,70.08,70.325,202478,339541.3,70.00936566934634,69.71475,70.59170766716458,68.8377923328354,69.54186749999964,70.2409999999996,58.905123936425724,82.5543654657581,86.37330583466918
2019-04-05T16:30:00Z,70.325,70.595,70.32,70.5,268106,326832.35,70.03329905132944,69.74825,70.68911808320772,68.80738191679228,69.57449249999965,70.3449999999996,61.58845522307688,84.17721518987355,84.77448575430674
2019-04-05T17:30:00Z,70.5012,70.61,70.325,70.3755,638807,345712.6,70.04999178053288,69.780025,70.75975406841611,68.80029593158388,69.60537999999964,70.4100999999996,58.65417532436134,82.96819214540746,83.23325760034618
2019-04-05T18:30:00Z,70.38,70.46,70.315,70.405,220939,329818.3,70.06730925465322,69.81477499999998,70.8307360462551,68.79881395374487,69.64725499999965,70.4110999999996,59.15079416637978,83.71557085257767,83.62032606261937
2019-04-05T19:30:00Z,70.405,70.485,70.05,70.35,551055,343932.55,70.08109904710916,69.85527499999998,70.88862331857888,68.82192668142108,69.68700499999963,70.39109999999961,57.75786816219472,80.1536475438188,82.2791368472678
2019-04-08T13:30:00Z,70.14,70.2395,69.77,70.01,248094,330107,70.07763080090872,69.87227499999999,70.90405760670728,68.84049239329269,69.72875499999962,70.3280999999996,49.93021127262573,66.17701921862626,76.68207920500738
2019-04-08T14:30:00Z,70.02,70.58,70.0121,70.5136,229026,330488.25,70.0988975911083,69.921455,70.97678896320812,68.86612103679187,69.76884499999963,70.33081999999959,58.83022383089192,65.92024777390637,70.75030484545029
2019-04-08T15:30:00Z,70.51,70.72,70.435,70.66,190730,334009.5,70.12626844032253,69.98870499999998,71.0522705757444,68.92513942425556,69.81084499999963,70.38771999999959,61.0004949666432,70.90771644558556,67.66832781270587
2019-04-08T16:30:00Z,70.66,71.01,70.65,70.97,126329,324404.15,70.16742607737997,70.09820499999998,71.08997369980148,69.10643630019848,69.85809499999962,70.50071999999959,65.18554272485174,89.88664817038632,75.57153746329256
2019-04-08T17:30:00Z,70.97,71.08,70.81,70.98,287128,326670.45,70.2070638297029,70.19445499999999,71.13488365433871,69.25402634566127,69.90434499999962,70.6267199999996,65.3148455296911,93.74862297334067,84.84766252977067
2019-04-08T18:30:00Z,70.985,71.05,70.765,70.83,199166,312416.75,70.2374509599613,70.288455,71.07592683688789,69.50098316311211,69.93146999999963,70.7907199999996,61.61799556364865,90.01887876549291,91.2180499697398
2019-04-08T19:30:00Z,70.82,71.24,70.79,71.235,492335,314435.25,70.28611188874368,70.36445499999999,71.20732346773383,69.52158653226616,69.96809499999964,70.93499999999959,67.04209847333172,90.98076889789023,91.58275687890777
2019-04-09T13:30:00Z,70.96,71.635,70.27,71.38,328195,319272.25,70.33947228441471,70.450705,71.33742482829652,69.56398517170348,70.01109499999963,71.07899999999958,68.74510374910975,88.9676574093062,89.98910169089628
2019-04-09T14:30:00Z,71.385,71.53,71.28,71.41,210779,316159.2,70.39169314858961,70.53870500000001,71.43932685954755,69.63808314045247,70.05559499999963,71.16699999999959,69.10085046824011,91.30753284334271,90.41865305017954
2019-04-09T15:30:00Z,71.4,71.63,71.36,71.49,308707,320455,70.44526909256085,70.616205,71.5629877807389,69.6694222192611,70.10534499999963,71.2689999999996,70.07888465549865,88.82931188561172,89.70150071275339
2019-04-09T16:30:00Z,71.49,71.62,71.33,71.34,199154,317269.85,70.48891450267983,70.68270499999998,71.63663768835302,69.72877231164695,70.15234499999963,71.3709999999996,65.86896047124418,88.11438784629104,89.41707752508167
2019-04-09T17:30:00Z,71.35,71.55,71.308,71.4,158529,299832.75,70.53335769767106,70.753705,71.69920335213997,69.80820664786002,70.18734499999962,71.4039999999996,66.7299255585742,87.93565683646098,88.2931188561211
2019-04-09T18:30:00Z,71.4,71.59,71.36,71.51,247482,290526.95,70.58099878558954,70.82670499999999,71.7690464529273,69.88436354707268,70.22309499999963,71.4299999999996,68.30829182861619,88.29311885612158,88.11438784629104
2019-04-09T19:30:00Z,71.5,71.66,71.35,71.42,435833,299863.1,70.62192567409737,70.87770499999999,71.83247605837067,69.92293394162931,70.26335249999963,71.43199999999959,65.56749333319735,89.3328794133085,88.52055170196354
2019-04-10T13:30:00Z,71.55,72.03,71.19,71.9,277365,291011.85,70.68427076316578,70.950205,71.98122094260061,69.91918905739938,70.32110249999964,71.5139999999996,72.01645534585609,91.38561112844378,89.6705364659578
2019-04-10T14:30:00Z,71.9,71.99,71.62,71.73,318273,296801.6,70.73528194545038,71.020455,72.06290088056227,69.97800911943773,70.36760249999963,71.5919999999996,67.21492926902593,87.93793056950324,89.55214037041834
2019-04-10T15:30:00Z,71.73,72,71.7,71.89,302507,298521.65,70.79160965542842,71.089955,72.16903768167694,70.01087231832307,70.41910249999964,71.6899999999996,69.29022471689382,89.51921965079221,89.61425378291291
2019-04-10T16:30:00Z,71.88,72.13,71.76,72.01,160992,274630.9,70.85104333077338,71.17168,72.26936433641052,70.07399566358947,70.47585249999963,71.7899999999996,70.78395170918971,89.51612903225832,88.99109308418441
2019-04-10T17:30:00Z,71.995,72.11,71.89,71.98,238516,275509.75,70.90611438780883,71.25043,72.34277667226313,70.15808332773686,70.53260249999964,71.90199999999959,69.86898827733208,92.50977517106583,90.51504128470528
2019-04-10T18:30:00Z,71.99,72.27,71.94,72.22,233851,259649.55,70.97020636889133,71.34393,72.43209846692096,70.25576153307904,70.59960249999963,71.96599999999958,72.88825245688795,94.3279569892477,92.11795373085711
2019-04-10T19:30:00Z,72.22,72.335,72.11,72.16,269442,260716.95,71.02824508260395,71.45142999999999,72.4080938973043,70.49476610269568,70.66185249999964,72.0519999999996,70.97351854858863,93.65363586659403,93.49712267563568
2019-04-11T13:30:00Z,72.15,72.23,71.84,71.91,261637,262347.5,71.07125751759888,71.52125,72.39409520391861,70.64840479608138,70.72135249999964,72.0559999999996,63.48963282121922,83.96917326622766,90.65025537402296
2019-04-11T14:30:00Z,71.92,72.1,71.84,72.07,116997,258660.85,71.11997666308186,71.59175,72.40036161876262,70.78313838123739,70.79022749999963,72.06799999999959,65.96330875502355,77.08780499839644,84.9035380437392
2019-04-11T15:30:00Z,72.08,72.3,72.01,72.29,123590,258523.9,71.17705097219982,71.65775000000001,72.46807385500966,70.84742614499035,70.87797749999963,72.12999999999958,69.06672407902752,78.60262008733662,79.88653278398674
2019-04-11T16:30:00Z,72.29,72.48,72.2,72.445,125342,250434.6,71.23890214428764,71.73100000000001,72.54785127165064,70.91414872834937,70.96272749999963,72.17499999999959,71.06824892552537,90.07086196585543,81.92042901719599
2019-04-11T17:30:00Z,72.45,72.78,72.3,72.605,268837,253918.15,71.30554106407848,71.81975,72.61104940604267,71.02845059395733,71.05410249999963,72.26399999999958,73.00965537475173,94.11680046429466,87.59676083916206
2019-04-11T18:30:00Z,72.6,72.85,72.585,72.805,482116,253407.2,71.37868540241612,71.89824999999999,72.7510470157134,71.04545298428658,71.13135249999964,72.4429999999996,75.24573129771571,94.52322967458548,92.90363070157834
2019-04-11T19:30:00Z,72.8,73.01,72.715,73.01,514081,262701.5,71.45826172424948,71.97975,72.92535813765885,71.03414186234114,71.21522749999964,72.63099999999959,77.31984553350448,95.42762243944365,94.68921752610775
2019-04-12T13:30:00Z,73.19,73.59,72.87,73.47,336625,268993.8,71.55639529867634,72.08275,73.1922475214033,70.9732524785967,71.31072749999964,72.86699999999959,81.13877122758119,97.06592868937697,95.67226026780185
2019-04-12T14:30:00Z,73.48,73.61,73.28,73.5,419114,274514.15,71.65120528410675,72.18325,73.41695691414243,70.94954308585757,71.39972749999964,73.07799999999959,81.35921985087661,96.04982237931976,96.18112450271327
2019-04-12T15:30:00Z,73.5,73.54,73.18,73.33,194562,274284.55,71.73309770927227,72.28275,73.54893511679938,71.0165648832006,71.48272749999964,73.22299999999959,75.94252010149606,91.00477733427469,94.70684280099029
2019-04-12T16:30:00Z,73.32,73.405,73.205,73.27,163152,274515.7,71.8080685527224,72.37625,73.64405864092627,71.10844135907372,71.56497749999964,73.31599999999959,74.06818725578445,86.63222100439236,91.22894023932874
2019-04-12T17:30:00Z,73.27,73.415,73.25,73.336,113783,267830.75,71.88260179405302,72.46754999999999,73.73567546304085,71.19942453695913,71.64712749999966,73.38119999999958,74.80482910522679,83.39186644271378,87.00962159379343
2019-04-12T18:30:00Z,73.35,73.63,73.33,73.55,547895,273433.85,71.96393829190409,72.57405,73.83009163545915,71.31800836454084,71.72587749999965,73.39719999999959,77.07846887310279,86.94715357341995,85.65708034017518
2019-04-12T19:30:00Z,73.55,73.88,73.54,73.72,493146,284222.9,72.04959983864048,72.66505,73.97512182627808,71.3549781737219,71.80762749999965,73.44119999999958,78.7212169465663,90.73578767112697,87.02493589575336
2019-04-15T13:30:00Z,73.71,73.86,73.38,73.725,156864,276152.45,72.13132667577996,72.7648,74.07869612984034,71.45090387015965,71.89262749999965,73.52019999999959,78.76941118783166,93.36318326213173,90.3487081688927
2019-04-15T14:30:00Z,73.73,73.73,73.19,73.625,367591,279406.65,72.20418878915655,72.85154999999999,74.151993997262,71.55110600273798,71.97075249999965,73.59119999999959,75.10558169882982,90.30748663101615,91.46881918809142
2019-04-15T15:30:00Z,73.63,73.65,73.41,73.57,238883,283301.2,72.27081372627086,72.92954999999998,74.20564223413444,71.65345776586551,72.05061499999965,73.63799999999958,73.09188440539924,86.7710720651897,90.14724731944564
2019-04-15T16:30:00Z,73.57,73.67,73.5,73.625,67556,274753.2,72.33687159328204,73.01179999999998,74.24377087628685,71.77982912371311,72.13111499999965,73.65299999999958,73.84702489302092,83.92400496830886,87.00085455483803
2019-04-15T17:30:00Z,73.62,73.8,73.62,73.7,100244,268072.85,72.40336566190243,73.08579999999998,74.29624728923591,71.87535271076405,72.21486499999966,73.64899999999957,74.88218971395662,83.83625488055893,84.84377730468562
2019-04-15T18:30:00Z,73.7,73.765,73.54,73.68,294594,269330.45,72.46564050766328,73.1618,74.31993308389244,72.00366691610756,72.30661499999965,73.63999999999959,74.04057829015771,84.26458787326995,84.00828257404571
2019-04-15T19:30:00Z,73.7,73.82,73.52,73.79,461598,279328.5,72.53024340972848,73.2558,74.29091093125741,72.22068906874257,72.38852499999965,73.67299999999959,75.66084306391048,86.67403767901027,84.9249601442795
2019-04-16T13:30:00Z,74,74.27,73.5203,74.12,363250,291641.15,72.60779251169295,73.35829999999999,74.3057036309902,72.41089636900978,72.47502499999965,73.78299999999959,79.74520927671784,86.72008634891216,85.88623730039724
2019-04-16T14:30:00Z,74.13,74.13,73.825,73.87,302744,300598.85,72.66936360868354,73.4373,74.27199997005616,72.60260002994383,72.54752499999965,73.83199999999958,70.14216244328233,80.21013110485433,84.53475171092538
2019-04-16T15:30:00Z,73.87,73.93,73.8,73.88,155151,302089.3,72.72841904240629,73.50904999999999,74.22904763194785,72.78905236805213,72.62002499999966,73.86799999999958,70.296247469819,71.14339109751988,79.35786951709524
2019-04-16T16:30:00Z,73.875,73.915,73.81,73.84,180033,297649.1,72.78264250375233,73.57079999999999,74.17212240936749,72.9694775906325,72.69527499999965,73.8999999999996,68.76751981335455,62.458942122551036,71.27082144164153
2019-04-16T17:30:00Z,73.84,73.87,73.65,73.65,272604,287173.5,72.82495262552051,73.61305,74.1013255267322,73.1247744732678,72.75564999999965,73.87199999999959,61.88337119079734,55.55555555555603,63.052629591875444
2019-04-16T18:30:00Z,73.66,73.91,73.63,73.815,288721,275905.5,72.87324761939756,73.65329999999999,74.06239123678766,73.24420876321231,72.81652499999964,73.8109999999996,65.14645934298551,53.54938271604993,57.187960131385466
2019-04-16T19:30:00Z,73.8125,74.11,73.8,74.11,488239,283486.2,72.93357700381719,73.6853,74.13055817230939,73.2400418276906,72.88402499999964,73.85899999999958,70.07843947646427,61.882716049383156,56.99588477366283
2019-04-17T13:30:00Z,72.72,74.31,71.37,71.595,2831970,404129,72.8682805646066,73.59004999999999,74.60443069284186,72.57566930715812,72.88664999999965,73.40199999999957,30.479525559779674,50.23620559334855,55.222768119593674
2019-04-17T14:30:00Z,71.6,72.03,71.3,71.75,844943,436648.05,72.81373029316237,73.51104999999998,74.80241973404759,72.21968026595238,72.89689999999965,72.98399999999957,32.99257020751148,35.92947084087736,49.349464161202825
2019-04-17T15:30:00Z,71.76,72.53,71.68,72.495,686851,462833,72.79818247398372,73.47229999999999,74.83482707863465,72.10977292136533,72.92427499999965,72.75299999999957,43.554147296524164,20.768074671729213,35.64458370198485
2019-04-17T16:30:00Z,72.49,72.73,72.37,72.53,283167,471302.2,72.78510040208207,73.43199999999999,74.85462222673964,72.00937777326034,72.94977499999963,72.49599999999957,44.0007123877443,31.838316722037792,29.511954078214597
2019-04-17T17:30:00Z,72.535,72.635,72.35,72.44,422279,465021.4,72.76826623612685,73.37649999999998,74.86161312700985,71.89138687299011,72.97527499999964,72.16199999999958,43.057391190344674,39.47951273532679,30.695301376364412
2019-04-17T18:30:00Z,72.44,72.57,72.29,72.41,302781,455503.15,72.75078983436457,73.31099999999998,74.8445012226985,71.77749877730146,72.98802499999964,72.32499999999958,42.72855356318304,38.538205980066465,36.6186784791435
2019-04-17T19:30:00Z,72.41,72.83,72.35,72.44,754684,485394.15,72.73562935463947,73.24674999999999,74.81281601074525,71.68068398925473,73.00577499999964,72.46299999999958,43.19574977018124,37.54152823920264,38.51974898486511
2019-04-18T13:30:00Z,73.08,73.25,72.57,73,540675,494048.35,72.74852548368145,73.21549999999998,74.77505730898874,71.65594269101122,73.03352499999964,72.56399999999958,51.19860322880325,43.74307862679956,39.940937615356034
2019-04-18T14:30:00Z,73,73.11,72.91,73.08,212143,492711.35,72.76469497228236,73.19099999999997,74.7428878825552,71.63911211744475,73.06027499999965,72.67399999999957,52.23391306639957,51.16279069767443,44.14913252122536
2019-04-18T15:30:00Z,73.09,73.53,73.09,73.43,169397,497803.4,72.79714887607346,73.18124999999998,74.72453505144605,71.6379649485539,73.09652499999966,72.87199999999957,56.57447453993251,62.126245847176165,52.34403839054986
2019-04-18T16:30:00Z,73.43,73.53,73.04,73.08,140809,499831.65,72.81094649187476,73.15024999999997,74.67541056532409,71.62508943467586,73.11802499999965,73.00599999999956,51.5315323789314,63.01218161683284,58.767072720560954
2019-04-18T17:30:00Z,73.0766,73.61,73.07,73.5,315094,500856.65,72.84455885812477,73.14124999999999,74.65588815811378,71.62661184188619,73.15152499999964,73.21799999999956,56.538079423664136,67.66334440753053,64.267257290513
2019-04-18T18:30:00Z,73.5,73.61,73.4701,73.51,169318,486242.65,72.87701940163087,73.12724999999998,74.6226980098007,71.63180199019925,73.19152499999964,73.31999999999957,56.65288806366138,68.54928017718721,66.40826873385001
2019-04-18T19:30:00Z,73.5,73.78,73.47,73.76,486695,492414.9,72.92009162594157,73.10924999999997,74.56459626464587,71.65390373535408,73.23377499999965,73.45599999999956,59.531031820171556,76.07973421926921,70.7641196013288
2019-04-22T13:30:00Z,73.76,73.76,73.01,73.48,304694,492512.4,72.94740422955417,73.08974999999998,74.51391809050536,71.6655819094946,73.26352499999965,73.46599999999957,55.116951704216184,81.01757582252723,75.21553007299435
2019-04-22T14:30:00Z,73.485,73.59,73.28,73.38,262678,497888.75,72.96850646225884,73.06474999999998,74.44956217138632,71.67993782861363,73.28689999999965,73.52599999999957,53.58869388833969,83.52772716988773,80.20834573722787
2019-04-22T15:30:00Z,73.37,73.66,73.32,73.41,226801,500227.15,72.99004273239255,73.04324999999997,74.39213574387118,71.69436425612876,73.30702499999964,73.50799999999956,54.000761062536526,81.34113066457714,81.96214455233051
2019-04-22T16:30:00Z,73.42,73.55,73.36,73.47,93844,491289.15,73.01345528203194,73.03424999999999,74.3691517754179,71.69934822458207,73.32364999999965,73.49999999999956,54.86390434928547,78.43826568658756,81.10237450701727
2019-04-22T17:30:00Z,73.47,73.5,73.31,73.31,110741,482390.15,73.02792087803039,73.00899999999999,74.30233135739289,71.71566864260708,73.33114999999965,73.40999999999956,52.05861124120756,74.27293064876939,78.01744233331117
2019-04-22T18:30:00Z,73.3,73.68,73.24,73.65,182826,467119.5,73.0582662010533,72.98599999999998,74.21495321311177,71.75704678688818,73.33564999999965,73.44399999999955,57.0807351779197,79.52003254016684,77.41040962517441
2019-04-22T19:30:00Z,73.66,73.86,73.63,73.71,192573,335149.65,73.09005809368485,73.09174999999998,74.17961614526682,72.00388385473313,73.34089999999965,73.50999999999956,57.91850553030423,82.57918659042433,78.79071659312
2019-04-23T13:30:00Z,73.56,74,73.177,73.39,197645,302784.75,73.10468940618803,73.17374999999998,74.07612949334563,72.27137050665434,73.34239999999964,73.50599999999956,52.07969289828142,74.43929372668448,78.84617095242503
2019-04-23T14:30:00Z,73.39,73.81,73.05,73.54,302254,283554.9,73.12592406930081,73.22599999999998,74.08510185659746,72.36689814340251,73.34914999999964,73.51999999999957,54.40026707351351,61.981381268772026,72.99995386196008
2019-04-23T15:30:00Z,73.57,73.79,73.5,73.569,172863,278039.7,73.14753752933491,73.27794999999999,74.08659540437041,72.46930459562957,73.35497499999964,73.57179999999957,54.85543614684959,51.345565749235725,62.58874691489721
2019-04-23T16:30:00Z,73.56,73.64,73.445,73.48,149211,264386.3,73.16375521083077,73.32994999999998,74.04466965833383,72.61523034166613,73.35322499999964,73.53779999999958,53.10353119493759,52.491582491582705,55.272843169863286
2019-04-23T17:30:00Z,73.48,73.81,73.465,73.79,208584,259676.45,73.1943037371317,73.39894999999999,74.00297631566289,72.79492368433708,73.35497499999964,73.55379999999958,58.12057557358652,60.90909090909116,54.915413049969665
2019-04-23T18:30:00Z,73.79,73.85,73.67,73.81,348467,239365.6,73.22433770117406,73.46744999999999,73.91011713229075,73.02478286770922,73.35709999999963,73.63779999999959,58.4295662261095,69.02356902356932,60.80808080808087
2019-04-23T19:30:00Z,73.81,73.87,73.71,73.75,304389,227551.3,73.24997976453143,73.50494999999998,73.90817969882299,73.10172030117697,73.36022499999964,73.67979999999957,57.06921065048668,78.11447811447832,69.34904601571274
2019-04-24T13:30:00Z,73.39,73.87,73.28,73.65,278451,230866.7,73.26949294674941,73.53344999999999,73.89043261863834,73.17646738136163,73.36222499999964,73.69599999999957,54.78005321731526,72.90448343079949,73.3475101896155
2019-04-24T14:30:00Z,73.68,73.82,73.33,73.355,164619,230627.8,73.27366402251774,73.52969999999998,73.89247932688654,73.16692067311341,73.35547499999963,73.67099999999958,48.58831819559915,56.67021088073762,69.22972414200494
2019-04-24T15:30:00Z,73.36,73.405,72.815,72.98,199903,233582.5,73.25933894824858,73.52469999999997,73.91392594983174,73.1354740501682,73.33747499999963,73.50899999999957,42.07752326949247,36.39573617588338,55.32347682913996
2019-04-24T16:30:00Z,72.975,73.01,72.72,72.975,143213,224988.45,73.24546875565109,73.49844999999998,73.95567269193498,73.04122730806498,73.31984999999963,73.34199999999957,41.9967177700142,21.983729596935657,38.34989221785202
2019-04-24T17:30:00Z,72.97,73.3,72.96,73.225,116605,222352.8,73.24447027976566,73.48419999999997,73.95660728192854,73.0117927180714,73.30572499999963,73.23699999999957,47.43250807387066,24.433016877637073,27.604160883485168
2019-04-24T18:30:00Z,73.22,73.55,73.215,73.45,329541,214495.1,73.2544961197771,73.46869999999998,73.92392350555835,73.01347649444162,73.28897499999962,73.19699999999958,51.8097125495028,38.802083333333194,28.406276602635106
2019-04-24T19:30:00Z,73.44,73.55,73.3,73.35,267170,212618.9,73.25915484564163,73.46219999999997,73.92029588518105,73.00410411481889,73.27597499999963,73.19599999999957,49.82398261594567,48.56770833333318,37.26760284810095
2019-04-25T13:30:00Z,72.7,73.37,72.51,72.99,244011,211685.55,73.24602534097619,73.44269999999997,73.9442715701866,72.94112842981335,73.25372499999963,73.19799999999957,43.37830265170244,47.18137254901935,44.85038807189505
2019-04-25T14:30:00Z,72.99,73.35,72.92,73.275,239272,212309.1,73.24743873897735,73.43594999999998,73.94270693386295,72.929193066137,73.23959999999963,73.25799999999957,49.00303279310879,46.920955882352615,47.556678921568185
2019-04-25T15:30:00Z,73.28,73.355,73.13,73.14,163286,215781.2,73.24219782488089,73.41944999999998,73.94194305259921,72.89695694740075,73.22684999999963,73.24099999999957,46.63957949527134,45.955882352940876,46.68607026143741
2019-04-25T16:30:00Z,73.135,73.585,73.05,73.47,149347,217711.5,73.25331012610621,73.42744999999998,73.94789038084947,72.90700961915049,73.21822499999963,73.24499999999958,52.651277875199625,57.72058823529392,50.19914215686227
2019-04-25T17:30:00Z,73.5,73.55,73.11,73.13,348322,225986.3,73.24729499800347,73.40144999999998,73.92675352179774,72.87614647820223,73.19372499999963,73.20099999999958,46.800925302254775,54.16666666666621,52.6143790849668
2019-04-25T18:30:00Z,73.13,73.1425,72.845,73.035,369347,234825,73.23693914444232,73.36769999999999,73.89609761544946,72.8393023845505,73.22972499999963,73.20999999999957,45.28675846222603,51.593137254901414,54.49346405228698
2019-04-25T19:30:00Z,73.04,73.08,72.55,72.71,1049073,277396.4,73.21123479593294,73.33369999999998,73.93452812851287,72.73287187148709,73.25372499999963,73.09699999999955,40.463632560937796,32.96568627450912,46.24183006535872
2019-04-26T13:30:00Z,74.73,74.73,72.61,72.9,549107,289739.05,73.19605261076548,73.30169999999998,73.9229935216238,72.68040647837617,73.26384999999964,73.04899999999957,44.204815977171585,23.62546369899267,36.0614290761342
2019-04-26T14:30:00Z,72.9,73.25,72.76,73.13,264048,294298.3,73.19283053219155,73.27974999999998,73.89268127674751,72.66681872325245,73.27884999999964,72.98099999999957,48.429434327605534,20.06712594947851,25.552758640993236
2019-04-26T15:30:00Z,73.11,73.23,72.6,72.65,277538,300714.65,73.16635099403587,73.23824999999998,73.90164486734048,72.57485513265948,73.28409999999964,72.88499999999956,41.38658435625915,17.267267267267172,20.319952305245923
2019-04-26T16:30:00Z,72.66,72.92,72.595,72.67,191639,299867.4,73.14213875042437,73.18224999999998,73.83894227954377,72.52555772045619,73.29059999999963,72.81199999999957,41.766585355818975,13.813813813813658,17.049402343519585
2019-04-26T17:30:00Z,72.68,73.08,72.68,72.86,437528,304320.45,73.12837588455001,73.13474999999998,73.73821893044416,72.5312810695558,73.30109999999964,72.84199999999956,45.38882764962231,9.759759759759662,13.613613613613303
2019-04-26T18:30:00Z,72.86,73.09,72.84,72.93,547430,316472.5,73.11869901213294,73.09374999999999,73.63238600883146,72.55511399116851,73.29934999999963,72.84799999999957,46.70413686526091,13.963963963963883,12.512512512512208
2019-04-26T19:30:00Z,72.925,73.01,72.87,72.96,613971,333248.5,73.11095759690694,73.05924999999999,73.53576101771503,72.58273898228495,73.29634999999963,72.81399999999955,47.290068188748286,18.31831831831812,14.014014014013691
2019-04-29T13:30:00Z,72.95,73.24,72.5,73.205,299861,340010.6,73.11554503120416,73.05174999999998,73.51391095682067,72.5895890431793,73.29072499999964,72.92499999999956,51.93726640308391,23.601179654991153,18.627820645757524
2019-04-29T14:30:00Z,73.2,73.61,73.08,73.485,364051,348218,73.13356722480395,73.07699999999998,73.57454798764772,72.57945201235225,73.30084999999964,73.08799999999955,56.642093591652454,32.0183412111661,24.645946394824932
2019-04-29T15:30:00Z,73.49,73.72,73.46,73.71,165272,349320.95,73.16168589676474,73.11375,73.67961990554639,72.5478800944536,73.30609999999963,73.25799999999956,60.02818190376839,43.348281016442265,32.98926729419964
2019-04-29T16:30:00Z,73.715,73.82,73.62,73.62,104699,348725.65,73.1840426822884,73.1335,73.73966086974171,72.52733913025828,73.30884999999964,73.39599999999955,58.0744726799623,49.55156950672636,41.639397244778046
2019-04-29T17:30:00Z,73.63,73.77,73.48,73.715,196563,342076.75,73.20994303924995,73.14675,73.79042907376471,72.50307092623528,73.30772499999964,73.54699999999954,59.570265371517195,52.98953662182357,48.629795714997194
2019-04-29T18:30:00Z,73.725,73.76,73.56,73.615,340202,345728.35,73.2297019153841,73.16,73.83023130336186,72.48976869663814,73.31109999999964,73.62899999999955,57.254658754621815,51.56950672645737,51.37020428500224
2019-04-29T19:30:00Z,73.62,73.7,73.56,73.6,456169,356336.25,73.24776523658487,73.1905,73.88218562223203,72.49881437776797,73.31659999999964,73.65199999999956,56.89738305248929,51.27055306427486,51.943198804185066
2019-04-30T13:30:00Z,73.47,73.5,72.55,72.74,508995,369822.4,73.2229962006539,73.16375000000001,73.88119599099635,72.44630400900367,73.29984999999964,73.45799999999954,41.07262742864742,39.169724147302325,47.33659464601132
2019-04-30T14:30:00Z,72.75,73.22,72.75,73.16,231458,373231,73.21992321525614,73.16475,73.88211653811383,72.44738346188616,73.29209999999964,73.36599999999954,48.59244328918671,39.16972414730244,43.203333786293
2019-04-30T15:30:00Z,73.15,73.57,73.12,73.49,220930,376810.15,73.23309769256072,73.16574999999999,73.88486942680375,72.44663057319623,73.29659999999964,73.32099999999954,53.60241046031648,47.727272727272656,42.02224034062561
2019-04-30T16:30:00Z,73.47,73.74,73.37,73.53,325713,375679.7,73.247580731948,73.18575,73.92182930958664,72.44967069041336,73.29359999999963,73.30399999999955,54.18524332928428,67.67676767676787,51.524588183780786
2019-04-30T17:30:00Z,73.54,73.72,73.4,73.5,193629,366893.8,73.25989386697493,73.20899999999999,73.95388656855238,72.4641134314476,73.28834999999964,73.28399999999957,53.641002090338176,76.26262626262658,63.888888888888836
2019-04-30T18:30:00Z,73.5,73.63,73.25,73.25,259496,327414.95,73.25941123931761,73.23599999999999,73.94485541544714,72.52714458455284,73.28484999999964,73.38599999999956,49.205643179118034,70.20202020202062,71.38047138047149
2019-04-30T19:30:00Z,73.25,73.295,72.95,72.95,603761,330147.65,73.24431800813139,73.23849999999999,73.94293665436166,72.53406334563832,73.27009999999964,73.34399999999957,44.45533581578915,55.55555555555594,67.3400673400675
2019-05-01T13:30:00Z,73.14,73.57,73.04,73.32,312263,332558.4,73.24800981261278,73.24799999999999,73.95145149086797,72.54454850913201,73.26387499999963,73.30999999999956,50.768086874338024,50.51300405631136,58.75685993796244
2019-05-01T14:30:00Z,73.31,73.51,73.12,73.5,247021,331032.55,73.26030201687557,73.2905,73.94532745819399,72.635672541806,73.26437499999965,73.30399999999955,53.53477271955282,56.50799331901721,54.192184310294635
2019-05-01T15:30:00Z,73.51,73.6,73.23,73.33,148733,328887.25,73.26370191849139,73.3235,73.91320416312315,72.73379583687684,73.25287499999965,73.26999999999956,50.640293415530095,65.61679790026271,57.54593175853023
2019-05-01T16:30:00Z,73.34,73.76,73.3,73.57,155022,314761.95,73.27864328832108,73.35899999999998,73.91747649906375,72.80052350093621,73.24687499999963,73.33399999999956,54.3895554511783,73.27567660599821,65.13348927509251
2019-05-01T17:30:00Z,73.575,73.75,73.45,73.64,245099,299645.4,73.29627044498834,73.39449999999998,73.92913913063956,72.8598608693604,73.24412499999964,73.47199999999955,55.452398251591006,78.36884161326462,72.42043870650832
2019-05-01T18:30:00Z,73.63,74.11,73.5,73.98,524488,295171.25,73.32962310620842,73.4455,73.99888865185781,72.89211134814218,73.25237499999965,73.60399999999956,60.29238420563826,88.45195622393828,80.03215814773351
2019-05-01T19:30:00Z,73.98,74.105,73.53,73.59,677325,314044.45,73.34232441810069,73.46475,74.0100616081657,72.91943839183429,73.25824999999965,73.62199999999955,53.1579668979966,82.80532598714429,83.20870794144886
2019-05-02T13:30:00Z,73.76,73.95,73.21,73.235,499776,320830.7,73.33708908063237,73.45224999999999,74.00651956438402,72.89798043561596,73.26462499999964,73.60299999999955,47.632740832506684,64.66503267973879,78.64077163027359
2019-05-02T14:30:00Z,73.22,73.295,72.94,72.96,180006,321567.4,73.31869449133323,73.41475,73.99506435447125,72.83443564552874,73.26424999999963,73.48099999999954,43.83205037665619,34.67927769398358,60.71654545362202
2019-05-02T15:30:00Z,72.945,73.1,72.66,72.94,213054,326985.15,73.30022158931698,73.38074999999999,73.98803308884999,72.77346691115,73.25712499999963,73.34099999999954,43.55982722229515,18.89383708095667,39.41271581822614
2019-05-02T16:30:00Z,72.94,73.43,72.94,73.41,134030,323858.5,73.30557663374054,73.3655,73.95345322943375,72.77754677056625,73.25612499999963,73.22699999999955,51.22593275934315,24.247961489340685,25.9403587547601
2019-05-02T17:30:00Z,73.39,73.44,73.16,73.3,125048,313100.8,73.30530460282637,73.34975,73.92690227626652,72.77259772373348,73.25487499999964,73.16899999999954,49.530280634445006,38.390804597701134,27.177534389332624
2019-05-02T18:30:00Z,73.31,73.52,73.31,73.51,156650,298124.85,73.31528974415191,73.34525,73.91589415356927,72.77460584643072,73.26787499999963,73.22399999999955,52.74612903513148,51.49425287356335,38.044339653534855
2019-05-02T19:30:00Z,73.49,73.62,73.38,73.62,303509,287850.55,73.33015365907133,73.38925,73.89888001284983,72.87961998715018,73.27649999999964,73.35599999999954,54.385676483801696,56.32183908046007,48.73563218390799
2019-05-03T13:30:00Z,73.71,73.98,73.4,73.69,320129,292284.1,73.34770713911664,73.41575,73.93003858630199,72.90146141369802,73.29024999999965,73.50599999999955,55.44510596012451,65.28735632183937,57.70114942528739
2019-05-03T14:30:00Z,73.71,74,73.52,73.74,301776,296326.4,73.3668433762329,73.42825,73.96097201944394,72.89552798055607,73.29699999999964,73.57199999999955,56.22715190135738,70.57471264367821,64.06130268199234
2019-05-03T15:30:00Z,73.77,73.93,73.7603,73.91,181409,289111.2,73.3933388212947,73.44725,74.01882217392479,72.8756778260752,73.31649999999965,73.69399999999955,58.87049727257572,77.2413793103447,71.03448275862056
2019-05-03T16:30:00Z,73.92,74.33,73.91,74.33,283769,293618.2,73.43902961049984,73.48875000000001,74.17802407465929,72.79947592534073,73.34887499999965,73.85799999999955,64.56399229322642,86.89655172413781,78.23754789272003
2019-05-03T17:30:00Z,74.32,74.5,74.29,74.37,107292,286008,73.48444280023156,73.54475,74.32351488750191,72.76598511249807,73.39037499999964,74.00799999999956,65.06006233079644,93.04722638680664,85.72838580709617
2019-05-03T18:30:00Z,74.38,74.44,74.17,74.32,130486,262344.25,73.52520168802515,73.61325,74.4114747490601,72.81502525093988,73.42587499999965,74.13399999999955,63.85669193846531,94.38405797101449,91.44261202731946
2019-05-03T19:30:00Z,74.31,74.78,74.3,74.75,499982,271730.2,73.58494794714588,73.68475,74.61100846825394,72.75849153174605,73.46637499999964,74.33599999999954,69.14268008191311,93.91235985780692,93.78121473854247
2019-05-06T13:30:00Z,73.88,74.425,73.34,73.8,222352,270496.75,73.59543829118755,73.69975,74.62326759594113,72.77623240405886,73.49512499999965,74.31399999999954,51.29404328011419,80.85862729012838,89.71834837298304
2019-05-06T14:30:00Z,73.85,74.19,73.8,73.96,109986,268559.4,73.6132217891784,73.73125,74.64509831892649,72.81740168107352,73.52737499999964,74.23999999999955,53.47250328341142,71.2264150943395,81.99913408075805
2019-05-06T15:30:00Z,73.96,73.99,73.67,73.87,165991,269107.85,73.62574755555994,73.74625,74.658866430932,72.83363356906801,73.55262499999964,74.13999999999956,52.06193211157448,55.21260596117035,69.09921611521254
2019-05-06T16:30:00Z,73.88,74.07,73.84,74.01,185742,266140,73.64449157723995,73.76475,74.68298458331758,72.84651541668244,73.57962499999964,74.07799999999955,54.090713449633654,54.7777895934401,60.40560354964978
2019-05-06T17:30:00Z,74.04,74.22,74.02,74.175,67583,243294.75,73.67037003688678,73.7745,74.70571909344741,72.8432809065526,73.60999999999964,73.96299999999955,56.4310197527859,53.952050492768365,54.64748201579274
2019-05-06T18:30:00Z,74.19,74.42,74.1703,74.28,100793,214468.15,73.70010808386792,73.809,74.76121111104902,72.85678888895097,73.63687499999965,74.05899999999954,57.90172779986222,58.86348366507099,55.86444125042629
2019-05-06T19:30:00Z,74.2834,74.51,74.22,74.49,320457,205502.2,73.73863939684998,73.87174999999999,74.8297754432994,72.91372455670059,73.66199999999964,74.16499999999954,60.75502989409179,67.99414210128471,60.26989208637449
2019-05-07T13:30:00Z,73.75,74.36,73.72,74.36,413289,217166.35,73.76894967017436,73.94175,74.82471814778751,73.05878185221249,73.67824999999964,74.26299999999955,58.12850583100528,71.99074074074053,66.28278883569855
2019-05-07T14:30:00Z,74.33,74.45,74.01,74.025,466257,229826.5,73.78143993016586,73.99600000000001,74.75001989363827,73.24198010636175,73.68837499999964,74.26599999999954,51.90168024905739,66.08796296296285,68.6909486016625
2019-05-07T15:30:00Z,74.025,74.26,73.89,74.23,130976,229673.8,73.80332090918216,74.037,74.74699577463781,73.3270042253622,73.70124999999965,74.27699999999955,55.0732637409056,60.069444444444535,66.04938271604911
2019-05-07T16:30:00Z,74.24,74.4,73.93,73.97,114803,229161.55,73.81145159653913,74.07050000000001,74.69649440892294,73.44450559107707,73.71012499999964,74.21499999999955,50.52297140931434,51.04166666666672,59.06635802469117
2019-05-07T17:30:00Z,73.9759,74.18,73.89,73.98,143143,228486.2,73.81967346987868,74.09400000000001,74.66711953378216,73.52088046621786,73.71962499999964,74.11299999999953,50.69171594134704,50.00000000000002,53.70370370370356
2019-05-07T18:30:00Z,73.99,74.33,73.78,73.795,237028,225162.15,73.81846988598215,74.10275,74.65148012493178,73.55401987506822,73.74599999999964,73.99999999999953,47.46642404208387,39.93055555555551,46.99074074074054
2019-05-07T19:30:00Z,73.79,74.03,73.54,74.02,332014,225756.4,73.82830062325132,74.11925000000001,74.63627296854398,73.60222703145604,73.76749999999963,73.99899999999954,51.507543521920994,44.7204415954414,44.88366571699877
2019-05-08T13:30:00Z,73.96,73.96,72.83,72.96,484830,234909.1,73.78594449528785,74.08025,74.78822934292002,73.37227065708,73.75424999999963,73.74499999999952,37.04840848471013,32.484991859991524,39.045329670329274
2019-05-08T14:30:00Z,72.96,73.09,72.7,72.95,251275,238402.4,73.74516671502991,74.03225,74.89347862818293,73.17102137181708,73.73974999999963,73.54099999999953,36.9430467280355,26.55663601796166,34.587356491131324
2019-05-08T15:30:00Z,72.97,73.11,72.69,72.82,164327,232430.3,73.70003663136991,73.95675000000001,74.95429335745344,72.95920664254659,73.72274999999964,73.30899999999953,35.5284966927362,9.564369025694814,22.86866563454913
2019-05-08T16:30:00Z,72.815,72.96,72.65,72.67,121177,233124.55,73.6497909420348,73.87175,74.99566403141026,72.74783596858975,73.70824999999964,73.08399999999952,33.91485126574821,7.343426885397865,14.488143976351244
2019-05-08T17:30:00Z,72.68,72.81,72.58,72.79,136556,233428.05,73.60784992047212,73.79525000000001,74.99259069921622,72.5979093007838,73.70424999999963,72.83799999999951,36.4033652495708,6.36631832520181,7.758038078764625
2019-05-08T18:30:00Z,72.8,72.91,72.65,72.895,223759,219616.9,73.57307675361982,73.70250000000001,74.87680617813052,72.52819382186951,73.69362499999964,72.82499999999952,38.58267929009263,9.425780452021483,7.7118418875401815
2019-05-08T19:30:00Z,72.9,72.96,72.48,72.62,659807,241489.65,73.52658520466275,73.64350000000002,74.90743472932579,72.37956527067425,73.67162499999964,72.75899999999952,35.18222414275749,11.436223841210657,9.076107539477778
2019-05-09T13:30:00Z,72.25,73.19,72.25,73.16,430592,257519.95,73.50870299955726,73.60350000000003,74.87544771904817,72.33155228095188,73.66737499999964,72.82699999999952,45.364904748833254,21.597159623907903,14.153054639046475
2019-05-09T14:30:00Z,73.15,73.48,73.07,73.35,289842,263712.5,73.50096138982276,73.57750000000001,74.84785231333576,72.30714768666427,73.66187499999964,72.96299999999952,48.434437564012384,33.21100868202728,22.081464049048407
2019-05-09T15:30:00Z,73.36,73.48,73.12,73.39,191230,263986.9,73.4955486390997,73.54650000000001,74.80330985037597,72.28969014962405,73.65562499999963,73.08299999999952,49.083003931172435,48.5165609584212,34.44157642145192
2019-05-09T16:30:00Z,73.4,73.72,73.4,73.515,159869,268601.2,73.49649748597288,73.51350000000001,74.7367787907929,72.29022120920712,73.64399999999964,73.20699999999952,51.150704623986485,55.00111806797841,45.57622923614209
2019-05-09T17:30:00Z,73.54,73.86,73.5,73.795,188344,272978.75,73.5110585842181,73.48925,74.66925116525817,72.30924883474182,73.64912499999963,73.44199999999952,55.509119807988185,62.70646988670251,55.40804963770051
2019-05-09T18:30:00Z,73.795,74.06,73.73,74.03,367478,275329.8,73.5363727996221,73.46625000000002,74.58359898308454,72.34890101691549,73.66899999999964,73.61599999999952,58.829239205256584,77.8128984275394,65.1734954607399
2019-05-09T19:30:00Z,74.03,74.4,73.87,74.28,808479,295089.3,73.57264729720151,73.46225000000001,74.56727703586962,72.3572229641304,73.70199999999964,73.80199999999952,62.07189381329275,89.01333074715767,76.51089968713298
2019-05-10T13:30:00Z,74,74.45,73.68,73.79,399506,291751.75,73.58324986806973,73.4505,74.53616983931774,72.36483016068227,73.72324999999964,73.88199999999952,53.223647765400216,87.58704869587564,84.80442595685737
2019-05-10T14:30:00Z,73.775,73.9,73.56,73.78,320520,301228.95,73.59284743548096,73.42800000000001,74.46571094241263,72.3902890575874,73.73249999999965,73.93499999999952,53.05742253374362,77.98801973220579,84.8627997250795
2019-05-10T15:30:00Z,73.81,74.26,73.54,74.19,269934,308985.5,73.62197682887214,73.43900000000001,74.50377039778868,72.37422960221133,73.75474999999963,74.01399999999953,58.74626750487487,75.9090909090909,80.49471977905723
2019-05-10T16:30:00Z,74.21,74.66,74.19,74.54,263093,314983,73.66675844697593,73.46700000000001,74.6135182074461,72.32048179255392,73.78049999999963,74.11599999999953,62.881641566486316,84.24933987174657,79.38215017101423
2019-05-10T17:30:00Z,74.53,74.955,74.46,74.665,326779,319470.55,73.71545315687955,73.51050000000001,74.76447727252385,72.25652272747617,73.80662499999963,74.19299999999953,64.25960456696225,90.82722594131481,83.66188557405056
2019-05-10T18:30:00Z,74.665,75.23,74.665,75.2,341211,319930.4,73.78787007605615,73.5695,75.01085318364723,72.12814681635278,73.84437499999962,74.47499999999954,69.48162588373484,94.43104941091018,89.83587174132366
2019-05-10T19:30:00Z,75.205,75.32,74.9,75.24,609143,326146.05,73.8587056821022,73.68350000000001,75.26758680317866,72.09941319682136,73.88187499999961,74.76699999999953,69.83648190066643,95.22217938419367,93.49348491213935
2019-05-13T13:30:00Z,74.38,74.5,73.25,73.35,388821,333023.35,73.83389077078014,73.7035,75.25989680030881,72.1471031996912,73.86787499999961,74.59899999999953,43.87631715579664,69.6106232809554,86.42128402535286
2019-05-13T14:30:00Z,73.35,73.61,73.26,73.51,235415,336577.75,73.81809122098599,73.73800000000001,75.24431470815435,72.23168529184568,73.84737499999963,74.39299999999953,45.71598703802664,42.52195132651168,69.11825133055338
2019-05-13T15:30:00Z,73.53,73.7,73.32,73.615,210606,341049.2,73.80818433215741,73.78525,75.21176840156663,72.35873159843338,73.82849999999962,74.18299999999954,46.94504865777213,15.934855804421032,42.68914347062915
2019-05-13T16:30:00Z,73.63,73.89,73.57,73.825,124693,340456.05,73.80900460863754,73.837,75.1884636510129,72.48553634898711,73.81612499999963,73.90799999999953,49.41201796480315,21.0459669155322,26.500924682154757
2019-05-13T17:30:00Z,73.82,74.02,73.63,73.75,150286,336782.4,73.80612633504546,73.87975,75.16161768038415,72.59788231961585,73.79112499999962,73.60999999999953,48.543859940482704,23.188405797101506,20.056409505684698
2019-05-13T18:30:00Z,73.73,74.03,73.56,73.6,214845,314534.3,73.79607139187252,73.92875000000001,75.08280318335318,72.77469681664684,73.78612499999961,73.65999999999954,46.773817463307545,22.94685990338169,22.393744205338248
2019-05-13T19:30:00Z,73.6,74.74,73.25,73.37,1182387,352124.05,73.77528742153727,73.93925,75.06869355769108,72.80980644230893,73.77137499999961,73.63199999999952,44.11749100150343,15.619967793880889,20.58507783145448
2019-05-14T13:30:00Z,73.47,73.87,73.04,73.44,286664,351965.15,73.75893193755984,73.94375,75.06445011600529,72.8230498839947,73.76062499999962,73.59699999999954,45.13866533008409,13.416391219594814,17.32773963895225
2019-05-14T14:30:00Z,73.45,73.58,73.31,73.51,145676,349687.45,73.74678891621545,73.94975000000001,75.05976114859448,72.83973885140554,73.74812499999962,73.53399999999954,46.19745930146578,14.65166539537252,14.562674802949191
2019-05-14T15:30:00Z,73.51,73.76,73.49,73.58,83845,345886.25,73.73865287152202,73.953,75.05827100749495,72.84772899250505,73.73324999999963,73.49999999999953,47.29292476874419,20.61403508771918,16.22736390089529
2019-05-14T16:30:00Z,73.575,73.7,73.575,73.6,73918,340164.95,73.73188931681364,73.94325,75.05732932841767,72.82917067158235,73.71624999999963,73.49999999999953,47.62107230605553,22.95321637426885,19.406305619119973
2019-05-14T17:30:00Z,73.6,73.8,73.46,73.73,198486,331715.35,73.73179715501784,73.92824999999999,75.04532777258933,72.81117222741065,73.69724999999963,73.57199999999953,49.80847461653422,26.169590643274702,23.245614035087367
2019-05-14T18:30:00Z,73.73,73.845,73.62,73.78,163340,299458.4,73.73414851330966,73.90324999999999,75.0100529409155,72.79644705908447,73.68274999999963,73.63999999999953,50.661900509142875,29.093567251461895,26.072124756334933
2019-05-14T19:30:00Z,73.78,73.79,73.54,73.57,322454,295605.8,73.72614126875797,73.89225,75.00767581555439,72.77682418444562,73.67137499999963,73.65199999999955,47.04386837064073,31.29858961128296,28.853915835339638
2019-05-15T13:30:00Z,73.37,74.18,73.05,74.07,314320,295295.8,73.74291486540392,73.90675,75.02350097940683,72.78999902059317,73.66737499999962,73.74999999999955,55.24011945943412,41.406948744409746,33.93303520238465
2019-05-15T14:30:00Z,74.05,74.2,73.8,74.1868,180348,290816.5,73.76456779879885,73.90659,75.02317951079073,72.79000048920926,73.67279499999964,73.86735999999954,56.91759598826983,53.074509803921416,41.92668271987116
2019-05-15T15:30:00Z,74.19,74.64,74.18,74.51,475192,301421.45,73.8009303451989,73.90509,75.01834747947271,72.7918325205273,73.68604499999962,74.02335999999954,61.24572630207286,71.50588235294138,55.32911363375731
2019-05-15T16:30:00Z,74.51,74.52,74.09,74.23,489397,309552.35,73.82186057226238,73.88333999999999,74.95248481040247,72.81419518959751,73.69691999999964,74.11335999999955,55.997192313678376,74.6431372549024,66.40784313725486
2019-05-15T17:30:00Z,74.225,74.56,74.225,74.45,228059,303894.75,73.8525015199569,73.84583999999998,74.7704737791901,72.92120622080986,73.70766999999964,74.28935999999956,58.97221082751345,79.80392156862787,75.31764705882368
2019-05-15T18:30:00Z,74.47,74.7,74.4,74.615,337068,290291,73.88969656776388,73.81458999999998,74.57657843535625,73.05260156464371,73.74904499999964,74.39835999999954,61.09664040191884,81.86274509803945,78.76993464052303
2019-05-15T19:30:00Z,74.61,74.78,74.445,74.63,376134,289656.65,73.92580893031199,73.87858999999999,74.68732499714633,73.06985500285364,73.79104499999964,74.48699999999954,61.29286221314152,88.98918187964841,83.55194951543837
2019-05-16T13:30:00Z,74.48,75.44,74.25,75.44,421249,298948.35,73.99967190932117,73.97509,75.01298778668647,72.93719221331352,73.85654499999963,74.67299999999955,70.07144430545428,94.67545638945222,88.50912778904649
2019-05-16T14:30:00Z,75.43,76.66,75.43,76.66,428452,309840.65,74.1294440113055,74.12733999999999,75.67663885613071,72.57804114386927,73.95629499999963,75.15899999999954,78.12030045119761,97.12643678160909,93.59702501690303
2019-05-16T15:30:00Z,76.645,77.13,76.5,76.68,733035,340257.75,74.25386137660766,74.27009,76.16844439673534,72.37173560326465,74.05354499999962,75.60499999999954,78.2236925838888,96.32352941176481,96.0418075276085
2019-05-16T16:30:00Z,76.69,76.75,76.25,76.255,226376,344062.25,74.35147789482193,74.39533999999999,76.46291683910584,72.32776316089414,74.13754499999962,75.93299999999954,70.59002739571821,89.17483660130729,94.20826759822687
2019-05-16T17:30:00Z,76.25,76.32,75.79,76.18,260508,346345.4,74.44067409507451,74.52433999999998,76.69661970243531,72.35206029756465,74.22654499999962,76.24299999999953,69.30469786397627,81.41339869281066,88.97058823529404
2019-05-16T18:30:00Z,76.19,76.27,75.59,75.67,544025,314427.3,74.50064121238795,74.63933999999998,76.79848480885761,72.48019519114234,74.28929499999963,76.28899999999953,61.15077336976386,73.1617647058825,81.24999999999994
2019-05-16T19:30:00Z,75.675,75.75,75.21,75.37,894594,344823.8,74.54304895812513,74.73583999999998,76.84385964545271,72.62782035454725,74.33979499999963,76.03099999999954,56.90924299301906,65.93137254901984,73.50217864923746
2019-05-17T13:30:00Z,74.85,76.32,74.85,76.14,583267,366703.35,74.62094900894829,74.86733999999998,76.98119291484855,72.75348708515142,74.40854499999963,75.92299999999955,63.84164106974103,63.78290054760661,67.62534593416945
2019-05-17T14:30:00Z,76.13,76.13,75.81,75.975,380565,381539.35,74.68700027680447,74.98709,77.06674073404315,72.90743926595684,74.47004499999964,75.86699999999954,61.55630631710903,63.046531438559384,64.2536015117284
2019-05-17T15:30:00Z,75.98,76.02,75.56,75.9667,187794,387233.15,74.74942465354572,75.10542499999998,77.12434993756351,73.08650006243646,74.52433749999963,75.82433999999955,61.437166811610126,64.67013394973928,63.833188645301554
2019-05-17T16:30:00Z,75.96,75.96,75.515,75.515,188633,386740.5,74.78676979239715,75.19467499999999,77.1180541107083,73.27129588929168,74.56146249999964,75.79333999999956,55.1781378327136,56.04877593079092,61.25514710636298
2019-05-17T17:30:00Z,75.525,75.9125,75.38,75.74,240708,390608.9,74.83326882691436,75.29267499999997,77.11481275646044,73.47053724353951,74.59796249999964,75.86733999999954,57.500737132580426,52.62528665203849,57.78139884418935
2019-05-17T18:30:00Z,75.75,75.83,75.18,75.475,383003,393636.35,74.86457278657707,75.38792499999998,77.03018636881748,73.74566363118248,74.64008749999964,75.73433999999955,53.95455873963988,46.225676515586166,51.633246366138316
2019-05-17T19:30:00Z,75.47,75.49,75.23,75.38,468390,401339.85,74.88971557747576,75.45342499999998,76.98067373662161,73.92617626337835,74.68008749999964,75.61533999999956,52.699804742175914,44.502314814814724,47.784425994146254
2019-05-20T13:30:00Z,79.87,80.93,78.22,79.69,6092778,696961.35,75.12387579320864,75.72858499999998,78.03042825467979,73.42674174532017,74.81758749999963,76.35999999999956,77.85816688392512,53.79203216374259,48.17334116471428
2019-05-20T14:30:00Z,79.69,80.29,79.15,79.31,1751052,760754.35,75.32807697402774,75.96858499999998,78.67716380984076,73.26000619015919,74.93683749999965,77.11899999999955,74.11518571836544,64.0655458089668,54.11996426250783
2019-05-20T15:30:00Z,79.31,79.8619,79.21,79.54,661075,769338.25,75.53353663383126,76.23408499999996,79.23423560107308,73.23393439892685,75.05871249999964,77.87899999999955,74.90166502729284,76.69956140350875,64.85237979207251
2019-05-20T16:30:00Z,79.54,79.68,78.89,79.645,838836,799877.1,75.73409582242486,76.49383499999996,79.7220387960951,73.26563120390482,75.16983749999966,78.71299999999955,75.27106244273043,76.45285087719294,72.40598602988929
2019-05-20T17:30:00Z,79.63,79.95,79.44,79.73,581850,812116.2,75.92901797742853,76.74958499999997,80.14785163008048,73.35131836991945,75.28208749999965,79.58299999999956,75.58434173493728,78.75548245614033,77.30263157894713
2019-05-20T18:30:00Z,79.73,79.73,75.72,78.38,2857574,936188.2,76.04857807609055,76.93708499999997,80.25984192597603,73.6143280740239,75.40783749999966,79.32099999999956,62.12325914155097,72.39583333333326,75.8680555555553
2019-05-20T19:30:00Z,78.37,78.57,77.78,78.26,1098775,970064.5,76.15645231628126,77.07808499999996,80.37398513640022,73.7821848635997,75.52658749999965,79.11099999999956,61.08191810975639,64.80263157894736,71.98464912280677
2019-05-21T13:30:00Z,78.2,78.29,76.78,77.58,642920,980787.9,76.22589366670657,77.12408499999997,80.42104093375433,73.8271290662456,75.62571249999965,78.71899999999955,55.4134431141036,51.96128909229591,63.05325133485863
2019-05-21T14:30:00Z,77.59,77.73,77.06,77.46,996396,993955.95,76.28609397564772,77.16308499999997,80.45655731795179,73.86961268204814,75.71658749999965,78.28199999999956,54.453085293640726,45.825610221205096,54.19651029748257
2019-05-21T15:30:00Z,77.46,77.72,77.23,77.38,456351,1005454.7,76.33945524512832,77.21933499999997,80.48717685803324,73.95149314196671,75.80733749999965,77.81199999999954,53.783873718378594,39.88405797101431,45.89031909483822
2019-05-21T16:30:00Z,77.385,78.12,77.27,78.03,414178,1013138.2,76.42192084292694,77.31183499999997,80.56144382401473,74.06222617598522,75.91808749999966,77.74199999999955,58.271174366664766,42.49275362318824,42.73414060513566
2019-05-21T17:30:00Z,78.03,78.175,77.42,77.47,458824,1008878.15,76.47304665546709,77.40183499999998,80.56307467916206,74.2405953208379,76.02058749999966,77.58399999999955,53.455639719242015,42.55072463768102,41.642512077294306
2019-05-21T18:30:00Z,77.48,77.59,77.32,77.42,447238,986510.35,76.51923950154186,77.50433499999997,80.52523000133883,74.48343999866111,76.12008749999964,77.55199999999955,53.034221218466016,42.604118993134925,42.54919908466784
2019-05-21T19:30:00Z,77.41,77.45,76.94,77.22,893649,1002029.45,76.55342294049103,77.55833499999997,80.51773187928387,74.59893812071607,76.21283749999965,77.50399999999955,51.292344976425774,35.67930884542569,40.27805082541366
2019-05-22T13:30:00Z,76.49,77.13,76.25,76.54,552965,1010649.45,76.5527681629061,77.58658499999997,80.49533884471023,74.67783115528971,76.28683749999965,77.33599999999956,45.78606804768323,28.38498226692072,35.55613670182689
2019-05-22T14:30:00Z,76.51,76.6,76.25,76.55,156459,1009082.7,76.55263313056922,77.61574999999996,80.47014008371646,74.76135991628347,76.36058749999964,77.03999999999955,45.878082160584775,22.118547859388894,28.72761299057821
2019-05-22T15:30:00Z,76.56,76.84,76.32,76.47,259460,1012624.05,76.5486022461512,77.66349999999997,80.40545933595183,74.92154066404811,76.42908749999964,76.83999999999955,45.21690320400351,18.431784361296945,22.978438162535298
2019-05-22T16:30:00Z,76.46,76.7,76.15,76.28,448191,1022998.2,76.53549969755846,77.69049999999996,80.36599415996837,75.01500584003155,76.49158749999965,76.61199999999955,43.60943452143161,16.863672182821123,19.138001467835434
2019-05-22T17:30:00Z,76.26,76.96,76.23,76.62,195944,1013645.25,76.53962166353122,77.74774999999997,80.27612195642088,75.21937804357906,76.56783749999964,76.49199999999955,47.22502895010961,17.8043858045981,17.699947449571834
2019-05-22T18:30:00Z,76.63,76.76,76.4,76.475,226369,1001544.2,76.5364693872614,77.80249999999997,80.16542297801246,75.43957702198747,76.62796249999965,76.47899999999956,45.87415415968713,16.37080434200297,17.012954109807172
2019-05-22T19:30:00Z,76.5,76.705,76.14,76.3,505366,722173.6,76.52493429519987,77.63299999999995,79.91498466253135,75.35101533746855,76.68079249999964,76.42899999999955,44.22973717883893,14.438500935181926,16.204563693927444
2019-05-23T13:30:00Z,76.26,77,75.25,76.84,576507,663446.35,76.54030335397061,77.50949999999996,79.67969561330843,75.3393043866915,76.73904249999966,76.50299999999956,50.16596219719951,25.076862296735328,18.62872252463985
2019-05-23T14:30:00Z,76.82,76.96,76.165,76.19,376024,649193.8,76.52321538548425,77.34199999999996,79.37206256061779,75.31193743938212,76.78804249999965,76.48499999999954,44.0833942369975,31.312528986947587,23.60929740628806
2019-05-23T15:30:00Z,76.19,76.27,75.6,75.715,290495,621776.75,76.48379024472892,77.14549999999996,78.99897484472388,75.29202515527604,76.81966749999967,76.30399999999955,40.24334468776808,34.131054131054235,30.17348180491216
2019-05-23T16:30:00Z,75.7,75.87,75.55,75.69,173714,601369.95,76.44506876937629,76.94349999999994,78.479703437059,75.40729656294089,76.84654249999966,76.14699999999955,40.04562588573428,21.02564102564105,28.823074714547403
2019-05-23T17:30:00Z,75.68,76,75.5615,75.84,168178,466900.15,76.41555321965062,76.81649999999996,78.2746635710783,75.35833642892162,76.87679249999965,76.05499999999954,41.89037746217897,18.717948717948794,24.624881291547798
2019-05-23T18:30:00Z,75.85,76.3,75.73,76.17,316301,427776.45,76.403575013814,76.71199999999996,78.03465414981522,75.3893458501847,76.89504249999965,75.92099999999954,45.838707098963795,27.3581973581974,22.36726236726219
2019-05-23T19:30:00Z,76.16,76.395,75.95,76.01,549344,423097.65,76.38437623265234,76.63349999999996,77.92680622824851,75.3401937717514,76.87879249999965,75.88499999999954,44.26817193874653,35.81912964891706,27.29842524168753
2019-05-24T13:30:00Z,76.5,76.66,76.057,76.3627,148276,380691.65,76.38331885544979,76.57863499999996,77.81905686578553,75.3382131342144,76.87085999999965,76.01453999999953,48.460235813977874,48.60885695864442,37.262061321919404
2019-05-24T14:30:00Z,76.38,76.46,75.63,75.74,150668,365407.5,76.35193744786687,76.49663499999996,77.73112880926867,75.26214119073124,76.85798499999966,76.02453999999953,42.39683681377243,44.00279635258371,42.81026098671484
2019-05-24T15:30:00Z,75.75,76.14,75.75,76.09,91518,349274.5,76.33916001138556,76.39963499999996,77.4239238875291,75.37534611247082,76.85573499999965,76.07453999999953,46.45234205639116,46.527619047619105,46.37975745294886
2019-05-24T16:30:00Z,76.11,76.23,76.02,76.02,99075,331287.05,76.32359123034236,76.32713499999996,77.23698719960305,75.41728280039686,76.86448499999965,76.04453999999953,45.7584614849504,39.99999999999991,43.51013846673402
2019-05-24T17:30:00Z,76.04,76.13,75.86,75.95,89070,313378.65,76.30536726788664,76.25363499999995,77.02551413893757,75.48175586106233,76.87898499999964,76.03253999999953,45.034021313762274,44.00000000000006,43.50920634920613
2019-05-24T18:30:00Z,75.97,77.25,75.96,76.88,419178,289655.1,76.33339813286777,76.23663499999995,76.93401277791013,75.53925722208977,76.89748499999965,76.13599999999953,55.18530848479916,55.16666666666659,46.38888888888863
2019-05-24T19:30:00Z,76.88,77.45,76.465,77.26,1061420,315077.85,76.37859822394739,76.27263499999995,77.09251357950107,75.45275642049883,76.92960999999964,76.43999999999951,58.55352556694847,70.95454545454548,56.70707070707049
2019-05-28T13:30:00Z,77.55,77.98,76.79,76.8896,311484,322829.1,76.40352513985239,76.28961499999996,77.14506254200386,75.43416745799605,76.95268249999964,76.59991999999951,54.27173488874351,75.99706946003242,67.37276052708127
2019-05-28T14:30:00Z,76.88,76.97,76.58,76.8,182934,319002.8,76.42286537693276,76.30611499999995,77.18718952416059,75.42504047583931,76.98480749999963,76.75591999999952,53.25718752714352,65.97717919940145,70.97626470465956
2019-05-28T15:30:00Z,76.79,77.13,76.7,77.02,169837,305085.1,76.45199389513117,76.34311499999995,77.27724897171933,75.40898102828058,77.01680749999964,76.96991999999952,55.45889184128642,55.687242798353815,65.88716381926234
2019-05-28T16:30:00Z,77.03,77.22,76.83,76.91,149154,302745.6,76.47433565634428,76.35761499999995,77.31714818708504,75.39808181291487,77.05268249999963,76.97591999999953,54.08708668587987,55.89728581099097,59.18723593624852
2019-05-28T17:30:00Z,76.8978,76.975,76.79,76.79,107626,296808.45,76.48973391701041,76.37336499999996,77.35027195417315,75.39645804582678,77.08793249999964,76.88191999999954,52.55970558909144,55.20441011417531,55.59631290783981
2019-05-28T18:30:00Z,76.79,76.9,76.36,76.39,191862,281133.25,76.48486884788795,76.37786499999996,77.35420769450494,75.40152230549498,77.00543249999963,76.78199999999954,47.722035882214634,45.81994290464911,52.30721294327157
2019-05-28T19:30:00Z,76.38,76.42,75.89,75.89,372715,270943.65,76.45585085530806,76.33036499999996,77.3045871292472,75.35614287075272,76.91993249999963,76.59999999999954,42.46103298051194,30.921985815603048,43.98211294480893
2019-05-29T13:30:00Z,75.82,76.2,75.29,75.93,507640,277524.45,76.43019959407351,76.31736499999997,77.30557080706168,75.32915919293825,76.82968249999963,76.38199999999954,43.002386445950066,22.398692293495873,33.046873671249124
2019-05-29T14:30:00Z,75.915,76.255,75.77,76.055,253668,275683.1,76.41189717485041,76.33436499999996,77.2917536760936,75.37697632390632,76.73993249999964,76.21099999999954,44.751718832624306,21.098104352869953,24.806260820656068
2019-05-29T15:30:00Z,76.05,76.65,75.89,76.53,469838,290489.3,76.41765828827234,76.37636499999996,77.28968336569335,75.46304663430658,76.65993249999964,76.15899999999954,50.91652273266915,32.77571251548948,25.42416972061821
2019-05-29T16:30:00Z,76.49,76.54,76.01,76.17,258504,295005.6,76.40557739616149,76.39286499999996,77.27832604212252,75.5074039578774,76.60468249999964,76.11499999999954,46.66642782789055,35.7496902106567,29.87450235967182
2019-05-29T17:30:00Z,76.17,76.36,76.135,76.1825,112323,284806.7,76.3946955719585,76.39348999999996,77.27833835967297,75.50864164032694,76.55274499999965,76.17349999999954,46.832378615656054,37.3296158612143,35.2850061957866
2019-05-29T18:30:00Z,76.16,76.18,75.72,75.855,402754,277477.2,76.36836895869223,76.38573999999996,77.28646068346217,75.48501931653774,76.50961999999964,76.15849999999953,43.05261887592453,28.96530359355633,34.01486988847555
2019-05-29T19:30:00Z,75.85,76.2,75.75,76.13,413311,290728.95,76.35674120460968,76.37410499999996,77.28170109844862,75.4665089015513,76.47636999999965,76.17349999999954,46.926130002820805,28.469640644361704,31.58818669971056
2019-05-30T13:30:00Z,76.1,76.37,75.71,75.8,261605,296275.8,76.32958309706774,76.37710499999994,77.27665831021932,75.47755168978057,76.43686999999964,76.02749999999955,43.13453372432421,26.21845124589866,27.884465161272008
2019-05-30T14:30:00Z,75.8,75.83,75.02,75.36,442689,313834.35,76.2822863606254,76.34060499999995,77.33774181002914,75.34346818997076,76.37011999999964,75.86549999999954,38.65034258110904,24.368727240040894,26.352273043433527
2019-05-30T15:30:00Z,75.36,75.93,75.36,75.83,275351,322648.15,76.26022361132661,76.33110499999995,77.3437780952895,75.31843190471041,76.32911999999963,75.79499999999953,45.203379954823596,26.232532579682807,25.60657035520723
2019-05-30T16:30:00Z,75.845,76.16,75.8,75.98,128428,324616.05,76.24655416687165,76.33260499999996,77.34310217363198,75.32210782636794,76.29311999999965,75.81999999999952,47.14383780622709,33.792528869255456,28.131262896326163
2019-05-30T17:30:00Z,76,76.57,75.715,75.97,815940,344454.15,76.23306371970718,76.28710499999995,77.27664618556045,75.29756381443946,76.26186999999965,75.78799999999953,47.024283271987386,45.48498534894589,35.170015599294494
2019-05-30T18:30:00Z,75.995,76.02,75.62,75.89,599505,321358.4,76.2163289041117,76.21860499999995,77.11451587610179,75.32269412389812,76.24561999999965,75.80599999999953,46.01885385839582,51.00366911916337,43.42706111245468
2019-05-30T19:30:00Z,75.905,76.25,75.89,76.03,632893,337428.85,76.20723968927699,76.17562499999995,77.01962422246167,75.33162577753824,76.23261999999966,75.93999999999953,48.109775154520854,55.28977940216678,50.59281129009179
2019-05-31T13:30:00Z,74.81,75.13,73.6,74.65,1123207,384442.5,76.13127677760494,76.06812499999995,77.09459817915285,75.04165182084705,76.18711999999965,75.70399999999954,34.09189229685731,49.9212176070268,52.07155537611876
2019-05-31T14:30:00Z,74.66,75.25,74.62,74.93,508520,401376.65,76.07267791040469,75.96362499999995,77.00661046851013,74.92063953148977,76.15336999999965,75.49399999999955,38.036882999165535,46.665325689765176,50.62544089965269
2019-05-31T15:30:00Z,74.95,74.97,74.34,74.46,352472,411542.55,75.994010695263,75.84112499999995,76.98167144251124,74.70057855748865,76.09936999999965,75.19199999999954,34.3230873986285,35.66300528049181,44.08318285909437
2019-05-31T16:30:00Z,74.46,74.4801,73.9,74.25,283457,420334.1,75.90893700281114,75.71412499999994,76.96416227445735,74.46408772554253,76.04374499999966,74.86399999999954,32.782923710559785,31.48276940626685,37.93703345884105
2019-05-31T17:30:00Z,74.25,74.29,73.53,73.6,208503,421166.15,75.79630592950328,75.57462499999994,77.08700580109766,74.06224419890222,75.97624499999966,74.37799999999955,28.517426947282587,17.71479414023276,28.28685627566358
2019-05-31T18:30:00Z,73.61,73.76,73.3081,73.49,441323,424596.55,75.68380320123482,75.45462499999994,77.20931462712369,73.69993537287618,75.89249499999966,74.14599999999953,27.856858116050432,9.921552651905577,19.706372066134836
2019-05-31T19:30:00Z,73.48,73.73,73.28,73.41,520915,425260.3,75.5728859719063,75.32862499999995,77.2796077491619,73.377642250838,75.82299499999965,73.84199999999953,27.360479089509198,3.94350128378318,10.526616025306941
2019-06-03T13:30:00Z,73.62,74.64,73.52,74.29,248575,425005.65,75.51030616839869,75.24037499999994,77.21151824378808,73.26923175621181,75.78736999999965,73.80799999999954,40.02115177256839,13.40898680609976,9.091346913929277
2019-06-03T14:30:00Z,74.29,74.55,74.2,74.5,179008,410464.15,75.46102294067192,75.13887499999994,77.04182039793764,73.23592960206224,75.75761999999966,73.85799999999954,42.59257284915777,23.910840932117612,13.754443007333288
2019-06-03T15:30:00Z,74.52,74.53,73.57,73.675,186065,406842.2,75.37389987039525,75.01412499999994,76.9570334351908,73.07121656480908,75.70349499999966,73.87299999999952,36.05317281817102,26.59574468085116,21.30519080635595
2019-06-03T16:30:00Z,73.68,74.06,73.37,74,168365,409644.3,75.30688036452231,74.90499999999994,76.81809435209833,72.99190564790156,75.64924499999965,73.97499999999953,39.963672407703065,23.65754812563326,24.721377912867112
2019-06-03T17:30:00Z,73.98,74.36,73.7,74.285,117658,395389.5,75.25703254186269,74.82649999999992,76.70577140137988,72.94722859861997,75.60611999999965,74.14999999999954,43.241530173098056,22.57632044866084,24.276537751714855
2019-06-03T18:30:00Z,74.36,74.4,73.95,74.18,139987,381723.3,75.20449436908889,74.72899999999993,76.5282793001765,72.92972069982336,75.55155249999964,74.12799999999955,42.32467913173994,28.675304207219167,24.969724260504194
2019-06-03T19:30:00Z,74.16,74.47,74.05,74.19,419398,389612.95,75.15500683888943,74.64849999999993,76.39211148196601,72.90488851803384,75.51280249999965,74.06599999999955,42.44983168416349,36.778102514143136,29.343242390007486
2019-06-04T13:30:00Z,74.63,75.6,74.52,75.51,349513,384954.15,75.1723235784558,74.65599999999993,76.41302760366416,72.89897239633571,75.49830249999965,74.43299999999954,56.017094115976136,57.538871119739525,40.99742594703371
2019-06-04T14:30:00Z,75.51,75.63,75.12,75.14,244058,383389.5,75.17074681853113,74.62149999999993,76.310754569342,72.93224543065786,75.47630249999965,74.66099999999953,52.29555266348045,73.82083974213367,56.04593779200522
2019-06-04T15:30:00Z,75.13,75.225,74.93,75.2,216482,387792.2,75.17217380299303,74.58249999999994,76.17790747147522,72.98709252852466,75.45755249999965,74.84399999999954,52.84267650777846,85.65725116165356,72.33898734117535
2019-06-04T16:30:00Z,75.2,75.66,75.02,75.57,293537,361672.05,75.19157995894459,74.56249999999993,76.09668545164666,73.0283145483532,75.42480249999964,75.12199999999953,56.18025705879277,85.68985040824855,81.7226471040117
2019-06-04T17:30:00Z,75.59,75.6,74.95,74.97,357280,349560.8,75.18077118045949,74.51649999999992,75.93988364471726,73.09311635528259,75.36755249999965,75.27799999999954,50.000249715308115,82.9763394719591,84.77448034728684
2019-06-04T18:30:00Z,74.98,75.24,74.96,75.185,245285,330180.4,75.1809774643395,74.47424999999994,75.75882103736517,73.18967896263472,75.32493749999965,75.21299999999954,52.03630602767931,82.42296918767512,83.69638635596068
2019-06-04T19:30:00Z,75.18,75.74,75.135,75.71,382402,293140.15,75.2067834416888,74.52724999999994,75.91941548945955,73.13508451054032,75.29768749999965,75.32699999999952,56.675678553920235,83.26153246108579,82.88694704023978
2019-06-05T13:30:00Z,75.94,76.55,75.81,76.33,311038,283266.05,75.26157449331373,74.59724999999995,76.18975266876842,73.00474733123147,75.28043749999966,75.55299999999953,61.42147699096153,90.61931834273405,85.43460666383142
2019-06-05T14:30:00Z,76.31,76.36,76,76.3,171031,274194,75.31222939607892,74.68924999999993,76.44376211168327,72.93473788831659,75.26518749999966,75.69899999999953,61.072866803248964,94.65143433378448,89.51076171253455
2019-06-05T15:30:00Z,76.3,76.34,75.81,75.86,250815,272561.9,75.33894991334336,74.76974999999993,76.58301632077084,72.95648367922902,75.24193749999966,75.87699999999953,56.04830271743243,87.84067085953882,91.03714117868556
2019-06-05T16:30:00Z,75.86,76.04,75.67,75.91,113233,267798.4,75.36680601513149,74.88524999999993,76.67994906949394,73.09055093050591,75.22993749999966,76.02199999999952,56.48640654182295,82.66137040714995,88.38449186682419
2019-06-05T17:30:00Z,75.9,76.04,75.78,75.84,73652,249414.85,75.38988864853971,75.00274999999993,76.72283277418248,73.28266722581739,75.22868749999967,76.04799999999952,55.650072362527816,76.17935137796117,82.22713088154975
2019-06-05T18:30:00Z,75.84,76.08,75.78,75.99,68134,226775.8,75.41916237300119,75.13174999999993,76.7378890817886,73.52561091821126,75.23018749999967,75.97999999999954,57.11533613220735,75.94538911381018,78.26203696630688
2019-06-05T19:30:00Z,75.985,76.34,75.83,76.3,206548,224674.45,75.46213006212308,75.23224999999994,76.8664270864992,73.59807291350067,75.23631249999967,75.97999999999954,60.05274849122967,79.32567891878242,77.15013980351769
2019-06-06T13:30:00Z,76.14,76.445,75.82,75.83,112111,221329.6,75.48007493714147,75.29874999999993,76.91648568608763,73.68101431391223,75.21881249999967,75.97399999999953,54.01220942018517,73.61342820653158,76.29483207970783
2019-06-06T14:30:00Z,75.8597,76.205,75.8,76.205,104994,217276.05,75.51543713532969,75.42524999999992,76.90511646358566,73.94538353641418,75.21968749999967,76.03299999999953,57.67070036783189,73.98132944109949,75.64014552213762
2019-06-06T15:30:00Z,76.205,76.27,74.61,75.25,379874,227851.5,75.50248898238678,75.48774999999992,76.81976154275984,74.15573845724,75.19637499999968,75.91499999999954,47.34166518645577,55.74964999363619,67.78146921375553
2019-06-06T16:30:00Z,75.27,76.16,75.15,76.005,434251,243681.15,75.52700171495327,75.57374999999993,76.80210611694775,74.34539388305211,75.20012499999967,75.91799999999954,54.308955131042445,61.20020364006615,63.6437276916004
2019-06-06T17:30:00Z,76.005,76.17,75.84,76.04,203146,246839.1,75.55202602154091,75.66674999999992,76.72940363597388,74.60409636402596,75.19787499999967,75.86599999999953,54.60878462383277,59.53608247422694,58.828645369309555
2019-06-06T18:30:00Z,76.04,76.43,76.02,76.2,228181,237278.25,75.583634508295,75.76724999999992,76.60959479285529,74.92490520714455,75.20787499999967,75.93999999999953,56.029291516531345,75.85910652920982,65.5317975478341
2019-06-06T19:30:00Z,76.195,76.25,75.82,75.93,309839,235294.55,75.60053038593915,75.78824999999992,76.62481604643472,74.95168395356512,75.22212499999966,75.88499999999954,53.0142544407306,74.57044673539558,69.98854524627724
2019-06-07T13:30:00Z,76.55,76.78,76.31,76.67,268917,236537.5,75.65269963540554,75.86474999999993,76.72955330135741,74.99994669864245,75.24312499999967,76.16899999999954,59.45412121271149,81.64362519201255,77.35772615220579
2019-06-07T14:30:00Z,76.67,77.14,76.66,76.9275,266283,239027.55,75.71488501904429,75.95112499999993,76.87608510050953,75.02616489949034,75.26681249999966,76.35349999999954,61.4348975823703,84.85763440109106,80.35723544283286
2019-06-07T15:30:00Z,76.92,77,76.75,76.86,153186,232010,75.77074428640798,76.01562499999993,77.00308116993442,75.02816883006544,75.28906249999967,76.51749999999954,60.59916640977755,91.82149080466043,86.10758346592115
2019-06-07T16:30:00Z,76.86,77.07,76.81,76.92,151563,221724.15,75.82680554072954,76.11312499999994,77.05225075703781,75.17399924296207,75.31481249999968,76.66149999999953,61.1056554831464,90.6126482213438,89.09725780903155
2019-06-07T17:30:00Z,76.95,77.01,76.78,76.8,129789,215949.35,75.87427844118176,76.19387499999993,77.07589041230169,75.31185958769818,75.33406249999967,76.83549999999954,59.459390271415636,88.93280632411064,90.4556484500381
2019-06-07T18:30:00Z,76.79,77.11,76.745,77.105,180440,205851.25,75.9343136391729,76.26362499999993,77.20047807681622,75.32677192318364,75.39543749999967,76.92249999999953,62.243661511273935,92.16073781291175,90.56873078612186
2019-06-07T19:30:00Z,77.105,77.14,76.93,77.04,408582,210728.45,75.98824955921324,76.29912499999993,77.29527919867786,75.302970801322,75.44818749999966,76.94499999999952,61.277782986516236,93.74176548089599,91.61176987263924
2019-06-10T13:30:00Z,77.01,77.37,76.8312,77.14,103567,207355.25,76.0444325075443,76.34112499999995,77.40257739532066,75.27967260467923,75.51518749999967,77.00099999999954,62.24836986119194,95.4435660957401,93.78202312984907
2019-06-10T14:30:00Z,77.21,77.38,77.18,77.3,164675,203048.25,76.10567970229823,76.41312499999994,77.5282649856234,75.29798501437648,75.59143749999967,77.07699999999952,63.811342370146086,94.94200361803571,94.70911173155706
2019-06-10T15:30:00Z,77.305,77.34,77.11,77.16,111151,202944.15,76.1571099607227,76.47562499999994,77.61090015939455,75.34034984060533,75.68043749999967,77.14899999999952,61.4153507079537,92.97103639068314,94.45220203481944
2019-06-10T16:30:00Z,77.15,77.155,76.925,76.99,86582,203590.65,76.19773874312648,76.53312499999994,77.65014656985973,75.41610343014015,75.76793749999966,77.12599999999952,58.54091564579812,87.41548083512764,91.77617361461529
2019-06-10T17:30:00Z,76.98,77.01,76.54,76.59,118277,206097.8,76.21687343858372,76.56312499999993,77.65206356004067,75.47418643995918,75.84743749999967,77.03599999999952,52.33426312055252,71.49783450231902,83.96145057604305
2019-06-10T18:30:00Z,76.55,76.67,76.38,76.605,176575,204599.15,76.23580644157964,76.57837499999992,77.66066917791346,75.49608082208638,75.90531249999967,76.92899999999952,52.537482277247776,58.226495726496154,72.37993702131406
2019-06-10T19:30:00Z,76.61,76.72,76.48,76.71,234272,210707.2,76.25893783467332,76.62237499999993,77.64954036523548,75.59520963476439,75.96056249999967,76.81099999999952,54.01541059321392,45.68755491652712,58.47062838178056
2019-06-11T13:30:00Z,77.13,77.46,75.31,75.42,746329,242773.95,76.21801403785999,76.58312499999994,77.72470600349247,75.4415439965074,76.00418749999966,76.46299999999954,38.25478485618929,30.93998982012462,44.9513468210491
2019-06-11T14:30:00Z,75.42,75.93,74.63,74.77,583418,252951.15,76.14737920674487,76.55912499999994,77.82519892656815,75.29305107343173,76.02343749999967,76.01899999999952,33.02579930772126,15.815484368763842,30.814343035138332
2019-06-11T15:30:00Z,74.77,75.7191,74.76,75.6701,374907,249983.95,76.12409729422073,76.54237999999994,77.84563891304694,75.23912108695293,76.05806499999967,75.83501999999953,44.366288742243924,15.605308570959146,20.786927586615665
2019-06-11T16:30:00Z,75.68,75.71,75.26,75.28,202340,249943.65,76.08292181645386,76.50437999999994,77.90471971393775,75.10404028606213,76.08556499999966,75.57001999999952,41.116811082078264,21.55594817432296,17.65891370468178
2019-06-11T17:30:00Z,75.26,76.37,75.25,75.82,215164,249292.8,76.0700963619927,76.48537999999994,77.91179265923958,75.05896734076029,76.12631499999966,75.39201999999952,46.91310346275136,33.92343934040067,23.69489869522739
2019-06-11T18:30:00Z,75.8232,75.85,75.1,75.2,174091,242505.4,76.02765263701744,76.44887999999995,77.96482031361016,74.93293968638973,76.11856499999966,75.34801999999952,41.82268498969301,28.38633686690241,27.95524146054181
2019-06-11T19:30:00Z,75.21,75.52,75.19,75.47,266328,242375.95,76.00045006935805,76.38887999999994,77.95908299147364,74.81867700852625,76.12681499999965,75.48801999999952,44.63985649850958,30.62426383981169,30.978013349038054
2019-06-12T13:30:00Z,75.74,76.26,75.06,75.36,253453,241734.45,75.9692086025601,76.31050499999995,77.92130088462638,74.69970911537352,76.13081499999967,75.42599999999952,43.71117729182007,25.20612485276818,28.07224185316056
2019-06-12T14:30:00Z,75.39,75.51,75.16,75.22,161921,242171.2,75.9326618414596,76.22850499999994,77.885375140335,74.57163485966488,76.12206499999967,75.41399999999953,42.49933772501395,25.44169611307437,27.09069493521788
2019-06-12T15:30:00Z,75.24,75.345,74.74,74.94,229926,246089.35,75.88423931260792,76.12950499999994,77.84485645726375,74.41415354273613,76.12131499999967,75.23799999999953,40.10458159661011,19.199057714958922,23.28229289360029
2019-06-12T16:30:00Z,74.93,75.37,74.84,75.32,329948,256097.3,75.85671544370021,76.05550499999994,77.77645635954975,74.33455364045012,76.12468999999967,75.26199999999953,44.66194121591276,18.727915194346366,21.122889674126352
2019-06-12T17:30:00Z,75.32,75.41,74.66,74.66,252615,259706.05,75.79833908059288,75.93325499999993,77.68570820106993,74.18080179892993,76.09843999999967,75.09999999999953,39.09758806166639,12.13191990577154,16.686297605025405
2019-06-12T18:30:00Z,74.665,75.415,74.65,75.38,400892,259321.55,75.77793229617372,75.85025499999992,77.54134268014876,74.15916731985108,76.07468999999966,75.10399999999953,46.87365940631454,17.314487632508854,16.05810757754205
2019-06-12T19:30:00Z,75.38,75.56,75.26,75.35,577658,283026.1,75.7570575500189,75.76075499999993,77.35609167980782,74.16541832019205,76.05093999999966,75.12999999999951,46.60663746030537,17.667844522968227,15.704750687082672
2019-06-13T13:30:00Z,75.17,75.28,74.39,75.02,971871,323385.9,75.7211035231887,75.64675499999993,77.10586557906421,74.18764442093564,76.02993999999966,75.14599999999953,43.66030195003465,27.920548238569364,20.967626798015278
2019-06-13T14:30:00Z,75.03,75.055,74.27,74.64,761816,355919.15,75.66836676595999,75.52075499999992,76.86620240586328,74.17530759413657,75.99818999999965,75.00999999999952,40.48637001434644,24.95964185010118,23.51601153721272
2019-06-13T15:30:00Z,74.64,74.74,74.41,74.6,313126,367246.35,75.61625131396194,75.40125499999994,76.62229124104078,74.18021875895909,75.96718999999965,74.99799999999952,40.15545497652321,21.71717171717164,24.865787268613857
2019-06-13T16:30:00Z,74.6,74.68,74.27,74.4,435913,383128.15,75.55692198157355,75.29175499999994,76.45830884870702,74.12520115129286,75.92743999999966,74.80199999999954,38.4626700601236,13.174603174603341,19.950472247291852
2019-06-13T17:30:00Z,74.41,74.639,74.37,74.57,280307,388314.75,75.50877944588704,75.19000499999993,76.22860944921938,74.15140055078048,75.88418999999966,74.64599999999953,40.74908931332274,12.326712929728055,15.739495940500808
2019-06-13T18:30:00Z,74.56,74.58,74.01,74.115,266434,389922.85,75.44079020462426,75.06025499999993,75.94366268727599,74.17684731272387,75.84131499999967,74.46499999999953,36.80725956759028,8.644173247188268,11.381829783839684
2019-06-13T19:30:00Z,74.12,74.49,74.075,74.42,428163,374014.55,75.39099556049625,75.01025499999993,75.91938158191175,74.10112841808811,75.79668999999967,74.42099999999952,40.93207744540336,12.654755257770084,11.208547144895263
2019-06-14T13:30:00Z,74.67,75.15,74.36,74.76,622907,375989,75.36021528925254,75.00975499999993,75.9194204120834,74.10008958791646,75.78443999999966,74.45299999999952,45.22436464621164,23.758661887694,15.019196797550578
2019-06-14T14:30:00Z,74.75,74.9,74.5,74.585,223014,368394.35,75.322399909289,74.95549999999993,75.82990779962121,74.08109220037865,75.74893999999966,74.48999999999953,43.473294884192775,34.56869772998783,23.660704958483766
2019-06-14T15:30:00Z,74.57,74.64,74.28,74.375,298512,373202.95,75.27618527956758,74.91024999999993,75.80620465847281,74.01429534152706,75.70731499999967,74.45099999999952,41.40165344553679,36.34408602150511,31.557148546395442
2019-06-14T16:30:00Z,74.37,74.61,74.34,74.53,129757,368932.6,75.23978599763745,74.84574999999992,75.65165492618318,74.03984507381666,75.66556499999967,74.53399999999951,43.54024623899192,31.397849462365233,34.103544404619186
2019-06-14T17:30:00Z,74.54,74.69,74.4,74.55,424753,381465.7,75.20613790019172,74.81324999999994,75.61178162118728,74.0147183788126,75.63106499999967,74.55999999999952,43.82513006515774,30.645161290322296,32.79569892473068
2019-06-14T18:30:00Z,74.55,78,74.465,75.195,1383324,437315.5,75.20559458798725,74.79949999999994,75.56093220317766,74.03806779682222,75.59418999999967,74.64699999999951,52.201526828684635,32.69544829816449,31.5794863502838
2019-06-14T19:30:00Z,75.2,75.28,74.89,74.9,651411,457213.4,75.1906875349147,74.77649999999993,75.49542350082622,74.05757649917363,75.54350249999968,74.70999999999951,48.62990421798914,28.947907402915693,30.762838997133954
2019-06-17T13:30:00Z,75.08,75.25,74.615,75.21,216520,459943.35,75.19162960638228,74.77599999999993,75.49370188800276,74.05829811199709,75.50225249999967,74.87699999999953,52.321619618590546,27.360066833750917,29.66780751161016
2019-06-17T14:30:00Z,75.23,75.35,74.8,74.84,252890,461091.55,75.17447694265631,74.77099999999993,75.48544803872413,74.05655196127573,75.45025249999966,74.93899999999954,47.897233872787204,24.394319131161186,26.90076445594239
2019-06-17T15:30:00Z,74.86,74.99,74.54,74.88,251152,457151.75,75.16011221374625,74.74899999999994,75.420264478452,74.07773552154788,75.40225249999966,75.00499999999953,48.405183711072176,24.22723475355041,25.32720690615396
2019-06-17T16:30:00Z,74.88,75.3,74.865,75.11,117854,450413.7,75.15766771551472,74.77149999999993,75.45928703101578,74.08371296898409,75.35237749999966,74.98799999999953,51.342574318912035,23.391812865496988,24.00445558340265
2019-06-17T17:30:00Z,75.105,75.33,75.025,75.14,148083,437773.25,75.15680587573351,74.75949999999993,75.41186416212993,74.10713583786993,75.30487749999966,75.03599999999953,51.728606552190186,25.89807852965737,24.50570871623471
2019-06-17T18:30:00Z,75.15,75.43,75.04,75.26,345492,426164.95,75.16183973545382,74.75499999999994,75.39207142458908,74.1179285754108,75.25787749999965,75.04599999999954,53.32380444302661,28.693602371108227,25.99449792208732
2019-06-17T19:30:00Z,75.26,75.36,75.13,75.27,322793,393711.05,75.1671158459195,74.76749999999994,75.43400956484363,74.10099043515625,75.20712749999966,75.13199999999954,53.46182301677513,28.374929344455566,27.655536748406846
2019-06-18T13:30:00Z,75.94,76.41,75.55,76.34,545082,382874.35,75.22432970709416,74.85249999999994,75.80467382868466,73.90032617131521,75.18662749999967,75.42399999999955,65.28893043979957,37.39344337145861,31.487325029007255
2019-06-18T14:30:00Z,76.3116,76.42,75.94,76.11,416881,388062.1,75.2675331360164,74.92799999999993,76.01765315584271,73.83834684415714,75.16462749999967,75.62399999999954,61.66139817124849,43.72759856630824,36.49865709407393
2019-06-18T15:30:00Z,76.1,76.16,75.86,76.16,198793,376206.1,75.31106810499121,75.01599999999993,76.2009793247279,73.83102067527197,75.15387749999967,75.82799999999955,62.15368943727186,51.432222809800805,44.18442158252234
2019-06-18T16:30:00Z,76.15,77.125,75.99,76.03,632407,393811.1,75.34613795352823,75.08899999999994,76.33347418616316,73.84452581383673,75.13950249999968,75.98199999999954,59.996588593441004,48.06603404038618,47.741951805498196
2019-06-18T17:30:00Z,76.03,76.18,75.76,76.065,574824,409230.6,75.38120439481953,75.18649999999994,76.41591896846867,73.9570810315312,75.12337749999968,76.14099999999954,60.3951191464365,46.75540758603565,48.75122147874067
2019-06-18T18:30:00Z,76.065,76.19,75.9,76.1,415259,408585.4,75.41626759507224,75.27049999999994,76.50849798062285,74.03250201937703,75.14037749999969,76.09299999999953,60.8155197847422,50.29586975921489,48.372437128545364
2019-06-18T19:30:00Z,76.1,76.56,76.045,76.51,772588,416069.45,75.46962039531262,75.35799999999993,76.68358062751194,74.03241937248792,75.18387749999968,76.17299999999955,65.44306214906501,60.606242995120105,52.552506780123345
2019-06-19T13:30:00Z,76.34,77.6,76.34,77.52,361922,423014.85,75.56963891261444,75.50474999999993,77.08157109005153,73.92792890994833,75.23012499999967,76.44499999999955,73.68691573713477,77.9808936254493,62.96100212659456
2019-06-19T14:30:00Z,77.52,77.95,77.11,77.88,486377,432408.1,75.68233945346252,75.67999999999992,77.47905808689983,73.88094191310002,75.29512499999969,76.81499999999956,75.89431226401383,90.51391082559076,76.36701581538651
2019-06-19T15:30:00Z,77.89,78.115,77.65,77.8,229590,437399.75,75.78563996792776,75.84349999999992,77.7836188108055,73.90338118919433,75.3446249999997,77.16199999999955,74.4006328428835,95.21350909965709,87.9027711835655
2019-06-19T16:30:00Z,77.79,77.84,77.63,77.74,190124,425668.3,75.8809746036386,76.00299999999993,78.01471916530014,73.99128083469972,75.40812499999969,77.48999999999955,73.2364494604416,92.03966135128047,92.58902709217591
2019-06-19T17:30:00Z,77.74,78.35,77.64,78,233385,368171.35,75.98434169614404,76.14324999999994,78.29623925915469,73.99026074084519,75.4713749999997,77.78799999999956,75.05777172592542,89.1992506169024,92.15080702261311
2019-06-19T18:30:00Z,78,78.465,77.84,78.375,325167,351859.15,76.10095917438092,76.31699999999992,78.5977047156616,74.03629528433824,75.54674999999969,77.95899999999956,77.44219081881059,91.53046962278403,90.92312719698877
2019-06-19T19:30:00Z,78.38,78.5,78.16,78.26,619870,372026.65,76.20627823904526,76.46949999999993,78.83984786477397,74.09915213522588,75.62274999999968,78.03499999999957,75.0720355960637,92.86391265937011,91.19787763301865
2019-06-20T13:30:00Z,79.11,79.26,77.15,77.34,885295,403646.9,76.26158173957964,76.59449999999993,78.86970306786797,74.31929693213188,75.68274999999969,77.94299999999956,59.40756902582625,78.10287108261852,87.49908445492402
2019-06-20T14:30:00Z,77.36,77.89,77.3,77.63,267402,404459.4,76.32833384984404,76.73199999999993,78.90627551153,74.55772448846986,75.74049999999968,77.92099999999957,62.09264024243294,63.478611783696486,78.14846517522817
2019-06-20T15:30:00Z,77.65,77.69,77.38,77.65,123006,404717,76.39280536936384,76.85899999999992,78.93392795056629,74.78407204943356,75.81524999999968,77.85099999999956,62.2779603724849,50.857142857142755,64.14620857448571
2019-06-20T16:30:00Z,77.71,77.805,77.42,77.665,157762,405200.95,76.45486364402902,76.98524999999992,78.9296020128928,75.04089798710704,75.87237499999968,77.70899999999956,62.426324424967156,53.95238095238088,56.096045197739834
2019-06-20T17:30:00Z,77.73,77.8,77.44,77.45,118376,393845.15,76.50340688090566,77.09474999999993,78.87813014737073,75.31136985262914,75.92487499999967,77.54699999999954,58.85329814597864,51.51984126984126,52.10978835978809
2019-06-20T18:30:00Z,77.46,77.82,77.44,77.79,361976,395804.3,76.56616752086148,77.22074999999992,78.81689308570455,75.6246069142953,75.99412499999968,77.63699999999956,62.507848491978685,51.61211706040634,52.361446427542624
2019-06-20T19:30:00Z,77.77,78.09,77.71,77.9,340023,385551.35,76.63123251984385,77.29874999999993,78.86733813907263,75.73016186092723,76.07562499999968,77.69099999999955,63.633235846906246,51.277479095631385,51.46981247529279
2019-06-21T13:30:00Z,77.7,77.75,76.32,76.64,735814,401498,76.63166020180269,77.32524999999993,78.82918641821819,75.82131358178167,76.12662499999968,77.48899999999955,46.43830104073093,39.528612882479564,47.47273634617222
2019-06-21T14:30:00Z,76.65,76.93,76.49,76.58,268263,404971.5,76.62914019195865,77.34624999999991,78.795242322287,75.89725767771283,76.18112499999967,77.27199999999957,45.80358224539706,24.384182896903184,38.39675829167117
2019-06-21T15:30:00Z,76.58,76.7,76.03,76.16,290048,387853.55,76.60625530454604,77.35274999999993,78.77905457828669,75.92644542171317,76.22087499999967,77.01399999999956,41.52502218460933,7.917552986106791,23.943449588496303
2019-06-21T16:30:00Z,76.155,76.33,75.99,76.205,251770,371700.85,76.58668187505599,77.35974999999992,78.76187508359448,75.95762491640536,76.27312499999967,76.69699999999955,42.148556407878466,6.48107625474142,12.927604045916924
2019-06-21T17:30:00Z,76.21,76.24,75.74,75.81,160968,358986.3,76.54879495432155,77.34524999999992,78.80403879555938,75.88646120444047,76.30787499999967,76.27899999999956,38.28903127520919,4.196109237631568,6.198246159493052
2019-06-21T18:30:00Z,75.81,75.82,75.2,75.51,528392,346776.5,76.4981220297205,77.29524999999992,78.92379682156967,75.66670317843018,76.32662499999967,76.05299999999956,35.6211417217764,5.399675963777628,5.358953818716664
2019-06-21T19:30:00Z,75.5188,75.85,75.495,75.69,770379,367199.35,76.45870144290487,77.20374999999993,78.97121676066128,75.43628323933858,76.35424999999967,75.87499999999956,38.39476222879989,7.23102328705781,5.608936162822128
2019-06-24T13:30:00Z,76.02,76.55,75.61,75.68,139328,349846.9,76.4207160066656,77.09374999999991,78.95074724018431,75.23675275981552,76.38687499999966,75.77899999999957,38.29605023325722,12.104476679109794,8.24505864331487
2019-06-24T14:30:00Z,75.68,75.9,75.52,75.745,161023,346418.55,76.38775425024289,76.99099999999993,78.90679644013765,75.0752035598622,76.41724999999967,75.68699999999956,39.38689393584048,15.845364514974364,11.726954827047114
2019-06-24T15:30:00Z,75.745,75.86,75.63,75.66,212272,347525.95,76.35225404291397,76.88699999999992,78.854008896791,74.91999110320883,76.44499999999967,75.65699999999956,38.43011522555815,17.128027681660885,15.025956291914804
2019-06-24T16:30:00Z,75.66,75.69,75.38,75.43,94469,340580.15,76.30726604082061,76.75849999999993,78.75346641576895,74.7635335842309,76.45087499999967,75.64099999999955,35.88959902104658,14.244521337946933,15.739304511527186
2019-06-24T17:30:00Z,75.42,75.59,75.38,75.59,131409,330892.25,76.2722774534635,76.61924999999992,78.53047807379178,74.70802192620806,76.46812499999967,75.62099999999955,38.91485894217824,12.456747404844267,14.609765474817152
2019-06-24T18:30:00Z,75.58,75.7,75.56,75.625,129458,306371.65,76.24070294353845,76.48749999999993,78.28823734899036,74.68676265100949,76.47849999999967,75.60999999999954,39.58644448985837,12.053056516724354,12.91810841983831
2019-06-24T19:30:00Z,75.62,75.8,75.5,75.54,320579,278135.85,76.20652231214633,76.39749999999992,78.19873707491564,74.5962629250842,76.49599999999967,75.56899999999955,38.47998326295073,13.844675124951962,12.784826348839985
2019-06-25T13:30:00Z,75.47,75.5,75.21,75.47,205809,275056.2,76.17059439448066,76.28949999999993,78.0405108509204,74.53848914907947,76.51074999999966,75.53099999999955,37.54918823808431,14.54871736748642,13.482149669720703
2019-06-25T14:30:00Z,75.48,75.5,74.8,74.9,248988,281355.3,76.10861418011575,76.15199999999992,77.88588696288282,74.41811303711701,76.50549999999967,75.42499999999954,30.978123015491292,11.401142548085154,13.264845013507637
2019-06-25T15:30:00Z,74.91,75.1833,74.7,75.06,160301,281482.25,76.05746226889059,76.02174999999991,77.67073840203852,74.3727615979613,76.50349999999966,75.31899999999955,34.446004163848045,13.443184590127158,13.131014835232703
2019-06-25T16:30:00Z,75.07,75.12,74.72,74.9,159091,283518,76.00100069479836,75.89424999999991,77.47470017322836,74.31379982677147,76.49449999999966,75.17399999999955,32.67786749740594,11.844476055002588,12.229601064404756
2019-06-25T17:30:00Z,74.9,74.98,74.65,74.65,125372,271687.8,75.93509822188138,75.73724999999992,77.14795363650816,74.32654636349167,76.47899999999967,74.99599999999955,30.079765833704712,10.090090090090163,11.792583578406427
2019-06-25T18:30:00Z,74.64,74.8,74.5,74.745,232923,266332.8,75.87704465008228,75.57949999999991,76.65279352931086,74.50620647068897,76.43912499999968,74.85099999999954,32.28303815467457,7.587343441002122,9.840636528698083
2019-06-25T19:30:00Z,74.74,74.81,74.45,74.6,733821,266233.15,75.81474978910266,75.47749999999992,76.51542822490632,74.43957177509353,76.40137499999966,74.79099999999956,30.693256944025848,6.364692218350708,8.014041916480789
2019-06-26T13:30:00Z,74.28,74.4,73.49,73.5,330514,269345.7,75.70183516524399,75.32349999999991,76.55696301122597,74.09003698877385,76.33487499999967,74.47899999999954,21.88747409114309,6.503004804796144,6.818346821382783
2019-06-26T14:30:00Z,73.52,73.84,73.005,73.36,692115,289449.05,75.58759930352477,75.18349999999991,76.62369130675708,73.74330869324274,76.26812499999967,74.17099999999955,21.05935995474809,6.664040215500475,6.510579079548902
2019-06-26T15:30:00Z,73.36,73.48,72.9,72.965,322298,292975.45,75.4596676301821,75.02149999999992,76.67825315000694,73.3647468499929,76.19062499999967,73.83399999999955,18.887989028610434,5.030214271329808,6.065753097208602
2019-06-26T16:30:00Z,72.96,73.3,72.765,73.2,417714,305812.75,75.34943994090492,74.89099999999992,76.6843030976528,73.09769690234704,76.11812499999967,73.52499999999955,23.914278145590302,9.669496413055736,7.121250299961798
2019-06-26T17:30:00Z,73.2,73.45,73.19,73.2,192409,289013.6,75.24458921208029,74.77549999999991,76.68804777719696,72.86295222280286,76.03537499999968,73.24499999999955,23.914278145590302,10.302315893124316,8.334008859169746
2019-06-26T18:30:00Z,73.19,73.19,72.94,73.01,235615,262275.4,75.13558486027149,74.64149999999992,76.65201013428236,72.63098986571748,75.92262499999967,73.14699999999954,22.60103332022763,12.246018671059971,10.739276992413133
2019-06-26T19:30:00Z,73,73.38,72.98,73,688788,289748.4,75.03140998903874,74.50749999999991,76.57958469905604,72.43541530094377,75.80062499999967,73.07499999999955,22.530904242703258,10.332531194564408,10.960288586249357
2019-06-27T13:30:00Z,73.45,73.72,73.12,73.41,195587,291476.6,74.95231681884172,74.3907499999999,76.4336970747107,72.3478029252891,75.69087499999966,73.16399999999955,31.865687693977037,13.415996795460638,11.998182220361466
2019-06-27T14:30:00Z,73.41,73.5,73.3,73.31,157979,288761.95,74.87220380328847,74.2732499999999,76.28068935152736,72.26581064847245,75.58012499999967,73.18599999999954,30.888073694036464,18.237331773220223,13.995286587748216
2019-06-27T15:30:00Z,73.31,73.64,73.255,73.48,231416,295609.3,74.80429142264025,74.17574999999991,76.13789748427804,72.21360251572177,75.46712499999967,73.24199999999954,34.56342038776823,25.493535915741194,19.048954828140477
2019-06-27T16:30:00Z,73.4861,73.555,73.32,73.32,120369,295057.3,74.73188696299925,74.06224999999992,75.94504971055184,72.179450289448,75.34074999999967,73.30399999999953,32.795683033131695,25.984620056199436,23.23849591505341
2019-06-27T17:30:00Z,73.35,73.37,72.94,73,231362,300152.5,74.64740467212124,73.93099999999991,75.72355850673185,72.13844149326798,75.20924999999967,73.30399999999955,29.54145766973788,22.302936711318363,24.593697561086127
2019-06-27T18:30:00Z,73.005,73.22,72.92,73.19,246934,296470.25,74.57631176128606,73.81349999999992,75.47183681743265,72.1551631825672,75.10549999999967,73.25999999999954,33.74520464817196,19.110090679794723,22.465882482437298
2019-06-27T19:30:00Z,73.19,73.38,73.07,73.29,414354,306897.5,74.51356484610137,73.70449999999991,75.19062549943014,72.21837450056968,74.99699999999967,73.25599999999953,35.912447999537704,21.461310124642058,20.958112505251506
2019-06-28T13:30:00Z,73.35,73.44,72.9,73.4,280463,308471.25,74.45924460970619,73.62949999999992,75.01469637598811,72.24430362401174,74.89074999999967,73.23999999999953,38.30317796660605,37.32075175766657,25.964050854034245
2019-06-28T14:30:00Z,73.4,73.45,73.195,73.43,172064,309059.4,74.40903755557419,73.54799999999992,74.76902170335053,72.3269782966493,74.78487499999967,73.26199999999953,38.97183041592892,53.60445567946141,37.46217252058981
2019-06-28T15:30:00Z,73.425,73.6,73.36,73.545,152505,308730.1,74.36688938213155,73.48024999999993,74.53236917102967,72.42813082897018,74.68724999999966,73.37099999999954,41.58532082256024,70.12622265514068,53.683810030756014
2019-06-28T16:30:00Z,73.55,73.65,73.45,73.59,98969,307409.95,74.32899233910074,73.42724999999993,74.33525041301925,72.5192495869806,74.58224999999968,73.45099999999954,42.620807123303656,78.48508066232544,67.40525299897564
2019-06-28T17:30:00Z,73.6,73.91,73.58,73.885,133558,302441.7,74.30733417621778,73.38424999999992,74.09957003330899,72.66892996669085,74.48187499999966,73.56999999999954,49.002885731816775,87.78216220294024,78.79782184013526
2019-06-28T18:30:00Z,73.88,74.07,73.61,73.62,306165,281058.9,74.27380567981692,73.33524999999993,73.80170980538931,72.86879019461055,74.40637499999966,73.61399999999954,44.24236372294409,81.0698518257085,82.44569823032452
2019-06-28T19:30:00Z,73.62,74.49,73.61,74.06,845691,306817.75,74.26337613445999,73.36324999999992,73.92367193930137,72.80282806069847,74.34337499999967,73.73999999999953,52.49453091096207,77.33972961882601,82.06391454915804
2019-07-01T13:30:00Z,74.67,74.67,73.92,73.925,251572,284790.6,74.2468699815595,73.39149999999992,74.0030480357676,72.77995196423224,74.28749999999965,73.81599999999953,50.047111200266315,64.13468030033445,74.18142058162279
2019-07-01T14:30:00Z,73.925,74.09,73.92,74.05,183554,277853.4,74.23726656782489,73.44574999999993,74.08806047791808,72.80343952208179,74.23362499999965,73.90799999999953,52.26623246845599,65.27911025832343,68.9178400591611
2019-07-01T15:30:00Z,74.07,74.13,73.985,74.09,116175,262776.45,74.23008283280905,73.49024999999992,74.17986927906124,72.8006307209386,74.19062499999966,73.94899999999953,52.985983741768024,63.37099811676061,64.26159622513929
2019-07-01T16:30:00Z,74.12,74.14,74,74.03,190052,262658.6,74.22032269462323,73.53174999999993,74.24596477865262,72.81753522134724,74.15362499999966,74.03099999999952,51.72606620218902,65.3483992467042,64.66616920726254
2019-07-01T17:30:00Z,74.02,74.41,74.02,74.25,186674,260211.55,74.22177036805624,73.59374999999993,74.33094654777116,72.8565534522287,74.11762499999966,74.06899999999953,55.86963673772754,69.11487758945378,65.94475831763933
2019-07-01T18:30:00Z,74.24,74.32,74.13,74.14,117628,231653.55,74.21778156961447,73.65074999999995,74.37160556808668,72.92989443191321,74.07912499999966,74.11199999999954,53.401494714284375,70.05649717514113,68.17325800376616
2019-07-01T19:30:00Z,74.15,74.32,74.09,74.14,235721,233660.25,74.21398734670645,73.68724999999995,74.42926398237425,72.94523601762565,74.03899999999966,74.12999999999951,53.401494714284375,72.12806026365337,70.4331450094159
2019-07-02T13:30:00Z,74.4,75.2,73.92,74.9226,549649,253243.75,74.24855381759882,73.76787999999995,74.66305281819693,72.87270718180297,74.02056499999966,74.29651999999952,65.84967070758414,75.42586095965355,72.53680613281581
2019-07-02T14:30:00Z,74.93,75.07,74.7,74.73,237522,253549.05,74.27203899722815,73.83037999999995,74.8072471222008,72.85351287779909,74.00306499999968,74.43651999999952,61.495755214145426,76.89253581431667,74.81548567920765
2019-07-02T15:30:00Z,74.73,75.13,74.71,75.025,148857,254973.45,74.30876880224142,73.91562999999994,74.99197797553803,72.83928202446184,73.98893999999967,74.59151999999953,65.2821793495001,83.54037008926969,78.61958895441309
2019-07-02T16:30:00Z,75.03,75.58,75.03,75.56,370387,261924.7,74.36980447042477,74.04362999999994,75.25445775176433,72.83280224823554,73.98731499999967,74.87551999999953,70.87577940972719,87.8188405797103,82.75058216109868
2019-07-02T17:30:00Z,75.565,75.72,75.4166,75.4166,107115,254933.75,74.42086766698941,74.15495999999995,75.43862617842542,72.87129382157447,73.98422999999967,75.13083999999952,67.72603953523613,91.54028436018974,87.63316500972303
2019-07-02T18:30:00Z,75.3864,75.76,75.3864,75.73,167603,242596.2,74.4847277807948,74.27695999999995,75.66792437683884,72.88599562316105,73.99072999999967,75.29231999999952,70.78208993848799,94.40850141445326,91.25587545145089
2019-07-02T19:30:00Z,75.72,75.78,75.39,75.48,527559,254951,74.53327764514627,74.38095999999994,75.80474621205407,72.95717378794582,74.00522999999967,75.44231999999951,65.45741839688544,89.36549066176507,91.77142547880248
2019-07-03T13:30:00Z,75.89,76.79,75.64,76.68,339496,263322.6,74.63799580879767,74.54345999999994,76.21612080770853,72.87079919229134,74.04572999999968,75.77331999999953,75.12885744106401,92.8809554304953,92.218315835571
2019-07-03T14:30:00Z,76.66,76.69,75.72,75.77,139320,262663.35,74.69321552544169,74.65470999999994,76.34284018681808,72.9665798131818,74.06747999999968,75.81531999999952,61.14722479041917,81.49938181409459,87.91527596878478
2019-07-03T15:30:00Z,75.76,77.03,75.595,76.07,300831,272756.45,74.76037574371283,74.77870999999995,76.49980477009227,73.05761522990763,74.10297999999966,75.94599999999953,63.55519588514336,76.58633683259184,83.65555802572703
2019-07-03T16:30:00Z,76.11,76.36,75.64,75.79,366811,284419.1,74.81060131719025,74.87395999999994,76.59752460210963,73.15039539789025,74.12910499999967,75.95799999999952,59.82821852016242,64.57346015812004,74.21972626826862
2019-07-05T13:30:00Z,75.82,76.18,75.63,75.95,157900,277005.85,74.86618174074194,74.99045999999996,76.67375296845027,73.30716703154964,74.16285499999967,76.05199999999952,61.22740996603965,64.84458735262592,68.66812811444572
2019-07-05T14:30:00Z,75.94,76.05,75.79,76,172262,243334.4,74.92148994851063,75.08745999999995,76.76868641474636,73.40623358525355,74.22535499999965,75.91599999999951,61.67662522612698,64.09431939978569,64.50412230351036
2019-07-05T15:30:00Z,75.99,76.16,75.91,76.07,99064,235709,74.97751482907108,75.19470999999996,76.83888953023238,73.55053046976754,74.29310499999966,75.97599999999952,62.33456388811602,67.09539121114675,65.34476598785258
2019-07-05T16:30:00Z,76.07,76.25,76.06,76.19,53306,229196.6,75.03666044716518,75.30170999999996,76.91216911703381,73.6912508829661,74.37372999999965,75.99999999999952,63.49169151321977,66.65378653013705,65.94783238035629
2019-07-05T17:30:00Z,76.2,76.3,76.14,76.2449,127202,229747.95,75.09559896193761,75.40945499999995,76.96875480373932,73.85015519626059,74.44985249999965,76.09097999999952,64.03604559262962,66.41327113670843,66.72081629266387
2019-07-05T18:30:00Z,76.26,76.43,76.24,76.33,90158,224753.25,75.15581364672114,75.52445499999996,76.99667009227923,74.05223990772069,74.52810249999966,76.16697999999953,64.90946268698406,65.03599353756591,66.03435040147026
2019-07-05T19:30:00Z,76.35,76.37,76.02,76.23,229726,226905.85,75.20821298102743,75.62345499999995,77.00292044644792,74.24398955355198,74.60860249999965,76.21297999999952,62.97406118292386,60.82861317880862,64.09262595102744
2019-07-08T13:30:00Z,76.37,76.39,75.99,76.01,163060,229177.45,75.24732454292852,75.71695499999996,76.92431227021426,74.50959772978565,74.68385249999966,76.20097999999953,58.81890493789739,51.4224872231689,59.09569797984761
2019-07-08T14:30:00Z,76.0001,76.19,75.95,75.965,89638,221873.3,75.28233310181005,75.80820499999994,76.77740734107535,74.83900265892454,74.74772749999966,76.15597999999952,57.97624899669009,41.44281242642102,51.23130427613264
2019-07-08T15:30:00Z,75.96,75.97,75.535,75.545,99608,199371.25,75.29514612123396,75.83932499999995,76.72953592531344,74.94911407468645,74.80360249999966,76.01599999999954,50.6786521350643,24.556992274176153,39.14076397458848
2019-07-08T16:30:00Z,75.54,75.585,75.44,75.46,93071,192148.7,75.30318777385669,75.87582499999994,76.63067835764767,75.1209716423522,74.85310249999966,75.84199999999953,49.32547288128254,12.32924452201557,26.10968307420404
2019-07-08T17:30:00Z,75.47,75.6,75.43,75.505,107201,190065.9,75.31303227269295,75.89982499999994,76.5708102394424,75.22883976055748,74.90772749999965,75.69699999999953,50.08533829683579,2.204752652096586,13.030329816095893
2019-07-08T18:30:00Z,75.505,75.63,75.475,75.54,121923,177642.7,75.32410386914695,75.89882499999995,76.57188947799837,75.22576052200152,74.97122749999964,75.60299999999954,50.70448645189113,5.648453878406376,6.7274836841726335
2019-07-08T19:30:00Z,75.55,75.72,75.53,75.63,274775,186025.7,75.33902563162759,75.90949499999995,76.55795901745985,75.26103098254005,75.03222749999964,75.53599999999953,52.34154990848144,11.895833333332705,6.583013287945012
2019-07-09T13:30:00Z,75.35,75.59,75.15,75.23,240080,189649.55,75.33370730813357,75.88449499999994,76.59435736831021,75.17463263168968,75.08072749999964,75.47299999999953,45.16290954084693,12.416666666666224,9.986984626134893
2019-07-09T14:30:00Z,75.22,75.825,75.1682,75.68,305013,178522.25,75.35059963456608,75.89449499999995,76.5866979918616,75.2022920081383,75.13772749999964,75.51699999999954,52.976455730062334,22.552083333332927,15.621527777777075
2019-07-09T15:30:00Z,75.69,75.715,75.3481,75.39,130106,168052.75,75.35252160361163,75.82999499999995,76.45449752356483,75.20549247643508,75.18672749999965,75.49399999999955,48.20914583221626,22.1354166666665,19.034722222221674
2019-07-09T16:30:00Z,75.405,75.47,75.18,75.215,166661,169419.8,75.34581323270375,75.80224499999994,76.48183829156551,75.12265170843438,75.22847749999966,75.42899999999955,45.54559146943318,21.744791666666487,22.144097222221763
2019-07-09T17:30:00Z,75.22,75.23,75.075,75.175,186855,163721,75.33748087988893,75.75749499999995,76.47734602760221,75.03764397239769,75.26810249999964,75.33799999999954,44.93448272111374,10.40273293357899,18.094313755637117
2019-07-09T18:30:00Z,75.175,75.29,75.1,75.195,218009,156280.9,75.33053059306508,75.72774499999996,76.48782003704281,74.9676699629571,75.30085249999965,75.33099999999953,45.32946730702728,7.194558028635922,13.114027542960258
2019-07-09T19:30:00Z,75.195,75.43,75.09,75.15,515341,174152.95,75.32172422267166,75.68774499999995,76.48033093347327,74.89515906652663,75.33910249999965,75.22499999999954,44.55506838353749,7.402990379713373,8.333427113975885
2019-07-10T13:30:00Z,77.96,78.3919,77.57,78.19,4968505,413965.1,75.46164011424865,75.79724499999996,77.14371699819918,74.45077300180074,75.44235249999966,75.78499999999954,75.27960319088173,36.24729612808612,16.94828151214493
2019-07-10T14:30:00Z,78.18,78.63,78.01,78.5885,1615132,489768.5,75.6141698647731,75.92316999999996,77.73780502017185,74.10853497982806,75.55893999999965,76.45969999999954,77.07312917676794,66.14968106584696,36.59998919121528
2019-07-10T15:30:00Z,78.585,78.95,78.53,78.8,941973,534201.85,75.76957621283294,76.05366999999995,78.25951899221035,73.84782100778956,75.67768999999966,77.18469999999954,77.98601735853208,96.29155113412436,66.2295094426856
2019-07-10T16:30:00Z,78.79,78.88,78.575,78.63,683650,562024.25,75.90910908049963,76.17292499999995,78.64861969594654,73.69723030405336,75.79118999999966,77.87169999999955,75.38767494180928,95.56786594679602,86.00303271558892
2019-07-10T17:30:00Z,78.635,78.89,78.43,78.446,622121,588622.4,76.03285985706063,76.27872499999995,78.94569503124046,73.61175496875944,75.90158999999966,78.53089999999955,72.56937876650991,91.62150537634393,94.49364081908789
2019-07-10T18:30:00Z,78.45,78.78,78.14,78.71,1114388,632855.5,76.16345205915523,76.40272499999995,79.27204024018141,73.53340975981848,76.01308999999965,78.63489999999953,74.06735161225976,90.8473118279568,92.6788943836987
2019-07-10T19:30:00Z,78.7,78.75,78.42,78.65,1507508,700077.9,76.28474708065986,76.53472499999995,79.55837781531076,73.51107218468914,76.12583999999964,78.64719999999953,73.0904275499962,91.01935483870959,91.16272401433656
2019-07-11T13:30:00Z,78.73,78.88,78.32,78.7,1224968,756844.4,76.40256429623743,76.67147499999996,79.82432132475661,73.5186286752433,76.23983999999965,78.62719999999953,73.40522682144451,93.20430107526876,91.69032258064483
2019-07-11T14:30:00Z,78.7,78.74,76.95,78.34,2080022,855865.1,76.49707335495755,76.81122499999996,79.99953578277025,73.62291421722968,76.32527499999964,78.56919999999954,67.30054952731254,90.02150537634412,91.4150537634406
2019-07-11T15:30:00Z,78.34,78.535,78.14,78.515,771906,889806.85,76.59550880105718,76.96397499999996,80.17137323650495,73.75657676349498,76.41989999999964,78.58299999999954,68.66478288850553,88.86021505376344,90.6953405017919
2019-07-11T16:30:00Z,78.52,78.71,78.19,78.235,662575,917575.55,76.67548398149341,77.10047499999996,80.28013752101292,73.920812478987,76.50014999999964,78.48799999999953,64.05969677223499,84.8602150537634,87.91397849462344
2019-07-11T17:30:00Z,78.23,78.28,77.7,78.085,955745,959266.65,76.74424086044496,77.22772499999996,80.35059626656391,74.10485373343602,76.56327499999963,78.37499999999953,61.673426166890145,82.63775140676348,85.4527271714299
2019-07-11T18:30:00Z,78.09,78.31,77.98,78.235,890456,990050.7,76.81696081847204,77.35797499999997,80.42013767489641,74.29581232510353,76.63373499999963,78.28199999999954,63.15164130185789,80.20524820324239,82.56773822125622
2019-07-11T19:30:00Z,78.24,78.335,77.965,78.25,1435640,1049828.7,76.88686516879048,77.50897499999996,80.43115268924673,74.5867973107532,76.69673499999963,78.26399999999953,63.304060733772275,74.68911917098431,79.17737292699651
2019-07-12T13:30:00Z,78.2,79.41,78.01,79.31,1174097,1093282.9,77.00506686787386,77.69047499999996,80.58651742847596,74.79443257152397,76.79248499999963,78.42299999999953,72.08989413387204,80.80388109580578,78.56608282334395
2019-07-12T14:30:00Z,79.3,79.63,79.08,79.445,976283,1135591.75,77.12408799627026,77.89322499999997,80.6824661239488,75.10398387605115,76.86160999999963,78.66499999999954,72.97726832026021,84.6773247583222,80.05677500837055
2019-07-12T15:30:00Z,79.445,79.45,79.1,79.13,733203,1163918.85,77.22193736230587,78.08897499999998,80.63808042103034,75.53986957896961,76.94560999999963,78.87399999999954,67.57826248099208,90.12508595235208,85.20209726882648
2019-07-12T16:30:00Z,79.135,79.4,78.99,79.25,680442,1188598.2,77.32086724707143,78.29272499999998,80.50704836110346,76.0784016388965,77.02510999999964,79.07699999999953,68.53332632934448,86.75373134328358,87.1853806846524
2019-07-12T17:30:00Z,79.26,79.5,79.24,79.45,1151298,1235262.65,77.42472738136063,78.50547499999996,80.25786044491021,76.75308955508972,77.11660999999965,79.31699999999952,70.11349927580055,86.81592039801006,87.8982458978817
2019-07-12T18:30:00Z,79.44,79.54,79.15,79.34,1857120,1302351.6,77.51815531397718,78.71497499999997,79.59969961677768,77.83025038322225,77.20135999999964,79.32299999999952,68.0882733434044,89.42786069651764,87.66583747927022
2019-07-12T19:30:00Z,79.345,79.73,78.74,79.45,6938660,1400859.35,77.61239164012463,78.77797499999997,79.68339989888842,77.87255010111151,77.28760999999965,79.32399999999953,69.05100031040134,90.79691470704051,89.01356526718921
2019-07-15T13:30:00Z,79.67,80,78.59,79.015,1278947,1384050.1,77.68081156011854,78.79929999999997,79.70595938478914,77.89264061521081,77.36123499999964,79.30099999999953,61.189410853714406,82.27069335478531,87.49848958611427
2019-07-15T14:30:00Z,79.01,79.38,78.9,79.17,433717,1358637.3,77.75345489864935,78.81779999999996,79.73874833733203,77.8968516626679,77.43573499999964,79.28499999999954,62.814012287768165,73.8486730216682,82.30542702783113
2019-07-15T15:30:00Z,79.17,79.4,78.97,79.28,490011,1348955.35,77.82792051334938,78.85029999999998,79.78816610986249,77.91243389013746,77.51161249999964,79.25099999999954,63.96678909645967,66.77120456165362,74.29685697936884
2019-07-15T16:30:00Z,79.275,79.62,79.18,79.59,443230,1340010.8,77.91387561025917,78.90749999999997,79.87870801069145,77.93629198930849,77.59311249999965,79.30099999999953,67.06543227960103,71.59420289855079,70.73802682729068
2019-07-15T17:30:00Z,79.57,79.72,79.44,79.45,513839,1309983.35,77.9888085073197,78.94449999999998,79.93889881336773,77.95010118663222,77.67361249999963,79.30099999999955,64.37312739447606,74.61417939678819,70.99319561899733
2019-07-15T18:30:00Z,79.45,79.53,79.21,79.46,605744,1264895.15,78.06057394598703,78.98499999999997,79.99399454906089,77.97600545093906,77.75986249999963,79.38999999999953,64.48280571953957,76.20375316027487,74.13737848520441
2019-07-15T19:30:00Z,79.46,79.57,79.26,79.32,698562,1238574.85,78.12200936325596,79.01599999999998,80.02616137326262,78.00583862673733,77.84373749999963,79.41999999999953,61.622608966841376,70.755497388663,73.85780998190847
2019-07-16T13:30:00Z,79.35,79.59,78.91,79.29,495366,1159342.05,78.17898451626786,79.06349999999996,80.03046483909057,78.09653516090935,77.93736249999964,79.42199999999953,60.998231630600806,62.979636421312755,69.97962899008334
2019-07-16T14:30:00Z,79.29,79.41,79,79.4,428564,1142174.95,78.23854624718162,79.10774999999997,80.0509704143429,78.16452958565704,78.03586249999964,79.38399999999953,62.4986423345651,57.64044810340125,63.791860637792134
2019-07-16T15:30:00Z,79.41,79.435,78.83,78.895,509079,1134500.15,78.27056838146544,79.14074999999995,80.00215742395254,78.27934257604737,78.12061249999962,79.27299999999954,52.51106687885062,42.90780141843978,54.509295314384396
2019-07-16T16:30:00Z,78.9,79.44,78.86,79.33,459179,1109671.85,78.32224797261347,79.20299999999996,79.91767754969291,78.48832245030701,78.21536249999964,79.24699999999953,58.64206150449267,43.853427895980964,48.13389247260713
2019-07-16T17:30:00Z,79.32,79.5,79.16,79.365,626579,1096478,78.37311392516891,79.25949999999996,79.82149555161845,78.69750444838147,78.30873749999964,79.25599999999955,59.09960198879738,43.026004728132015,43.26241134751739
2019-07-16T18:30:00Z,79.355,79.38,79.025,79.165,517678,1050579.9,78.41174251418506,79.30524999999996,79.62995717583601,78.9805428241639,78.40711249999964,79.23099999999954,55.33257963836431,49.40898345153653,45.429472025216306
2019-07-16T19:30:00Z,79.16,79.17,78.96,79.03,639308,1023840.45,78.44190141593214,79.29124999999996,79.63736956031768,78.94513043968225,78.49086249999964,79.15699999999954,52.88231735423544,42.31678486997629,44.91725768321475
2019-07-17T13:30:00Z,79.23,79.39,78.98,79.21,229337,986493.15,78.4793696395452,79.27949999999996,79.6198512891732,78.93914871082671,78.58636249999964,79.21999999999954,55.69918714543772,38.22748160543992,43.31774997565071
2019-07-17T14:30:00Z,79.2,79.25,78.9,78.91,273663,963516.15,78.50037599859178,79.26849999999995,79.6402405009485,78.8967594990514,78.67873749999964,79.13599999999954,50.301617743746434,27.630355672430483,36.058207382615365
2019-07-17T15:30:00Z,78.905,79.325,78.9,79.04,244858,941736.95,78.5266991206117,79.25799999999995,79.64286880887256,78.87313119112734,78.77536249999963,79.07099999999954,52.45187089171093,25.093632958801564,30.317156745557128
2019-07-17T16:30:00Z,79.03,79.18,78.96,79.18,199714,894157.75,78.55856745619161,79.24449999999995,79.62031777506046,78.86868222493943,78.87498749999963,79.07399999999953,54.723759654384516,23.970037453184077,25.564675361471842
2019-07-17T17:30:00Z,79.18,79.455,79.175,79.26,295940,816098.75,78.5927836778408,79.24049999999995,79.61386175492365,78.86713824507626,78.97773749999963,79.11999999999954,56.01701697563746,39.83343189434339,29.632367435442813
2019-07-17T18:30:00Z,79.255,79.31,79.05,79.11,388112,488571.35,78.61801374233637,79.22349999999994,79.58801474599646,78.85898525400343,79.00073749999963,79.09999999999954,52.962323920233914,44.248965109403194,36.01747815231002
2019-07-17T19:30:00Z,79.1,79.19,78.91,78.93,549263,452087.15,78.63323258417363,79.21924999999995,79.5951924823674,78.8433075176325,79.00927499999963,79.10399999999954,49.475697216661125,35.52631578947418,39.86957093107339
2019-07-18T13:30:00Z,78.78,79.07,78.04,78.17,759833,468392.95,78.61063587275052,79.16924999999995,79.76173016848496,78.57676983151494,78.99352499999962,78.92999999999954,38.07757172270805,19.63470319634727,33.13666136507468
2019-07-18T14:30:00Z,78.185,78.24,77.41,77.51,1156151,501699.95,78.55694631798221,79.08074999999995,80.01234688172757,78.14915311827234,78.96552499999964,78.59599999999953,31.327833883088587,8.94889777369991,21.36997225317359
2019-07-18T15:30:00Z,77.52,77.53,77.28,77.42,669624,513019.65,78.50148552198307,78.97224999999995,80.1213952258284,77.8231047741715,78.93987499999963,78.22799999999954,30.533010661614625,6.665034963520976,11.74954531118919
2019-07-18T16:30:00Z,77.42,77.655,77.2687,77.41,422268,508441.1,78.44824232578877,78.87024999999996,80.18226934057333,77.55823065942658,78.90737499999963,77.88799999999954,30.440597139817314,5.80787550102128,7.140602746080529
2019-07-18T17:30:00Z,77.4,77.79,77.37,77.66,380839,497195.85,78.40979148062834,78.78024999999995,80.16313638363575,77.39736361636416,78.88262499999962,77.63399999999953,35.68172742548224,10.178918579854614,7.550609681465431
2019-07-18T18:30:00Z,77.65,78.05,77.64,77.85,401380,482336.75,78.38248457913427,78.70674999999996,80.12293245647945,77.29056754352047,78.86137499999963,77.56999999999954,39.41777668501349,16.939583100204405,10.975459060359908
2019-07-18T19:30:00Z,77.855,78.02,77.81,77.97,704172,492777.05,78.36236338015212,78.64074999999994,80.06506483529914,77.21643516470074,78.85212499999963,77.66199999999954,41.72031949017996,25.521047736663196,17.546516472240544
2019-07-19T13:30:00Z,77.99,77.99,76.935,77.45,924136,517555.65,78.31785784941299,78.54324999999994,80.01258071500303,77.07391928499686,78.82549999999961,77.66799999999954,35.43531510398327,26.36727763826062,22.94263615837588
2019-07-19T14:30:00Z,77.45,77.55,77.2,77.28,346506,509427,78.2672306372465,78.46249999999995,80.02046822818875,76.90453177181115,78.80162499999962,77.64199999999956,33.65055264737897,22.06800307930077,24.652109484741334
2019-07-19T15:30:00Z,77.28,77.59,77.17,77.52,336787,503307.4,78.23078036225887,78.37199999999994,79.92816644355683,76.81583355644305,78.78749999999961,77.61399999999955,38.36992074744357,19.11375661375657,22.516345777105794
2019-07-19T16:30:00Z,77.52,77.61,77.465,77.52,162605,480108.7,78.19610814946576,78.27974999999995,79.80801200307722,76.75148799692268,78.7696249999996,77.54799999999956,38.36992074744359,20.039682539682406,20.40714741091306
2019-07-19T17:30:00Z,77.51,77.59,77.29,77.305,239156,466182.6,78.15263945924792,78.18674999999993,79.71458596961843,76.65891403038144,78.74599999999961,77.41499999999955,35.729517381237756,20.669172932330767,19.94087069525639
2019-07-19T18:30:00Z,77.31,77.72,77.285,77.53,524143,460424.35,78.12226680269924,78.11174999999994,79.61369299161058,76.60980700838931,78.70149999999961,77.43099999999956,40.355248162486575,21.72634746511513,20.811734312375908
2019-07-19T19:30:00Z,77.53,77.62,77.26,77.43,1302110,514063,78.08849769037245,78.02274999999995,79.4635396272708,76.58196037272909,78.65112499999961,77.46099999999956,39.011363232053206,21.716589463554026,21.37070328699978
2019-07-22T13:30:00Z,77.8,78.66,77.54,78.32,613356,531047.65,78.09979048596404,77.99324999999996,79.38343802686494,76.60306197313498,78.6308749999996,77.62099999999957,53.76779512533215,43.28689203156811,28.909942986745563
2019-07-22T14:30:00Z,78.32,78.48,78.19,78.23,392468,538428.15,78.10614216957555,77.95274999999995,79.26352639208388,76.64197360791603,78.60537499999961,77.76299999999955,52.38742153629713,59.51577685006068,41.50641944839408
2019-07-22T15:30:00Z,78.24,78.25,77.65,77.68,413505,549117.7,78.08535474666942,77.87774999999995,79.06488299593887,76.69061700406102,78.5611249999996,77.83799999999955,44.81547884614732,66.18357487922724,56.328747920285146
2019-07-22T16:30:00Z,77.68,77.73,77.27,77.38,642154,566428.4,78.0509471980514,77.78374999999994,78.80422476698408,76.7632752330158,78.51212499999961,77.80799999999957,41.308278019784474,48.01932367149775,57.90622513359503
2019-07-22T17:30:00Z,77.38,77.54,77.28,77.45,206616,557353.6,78.02163270058549,77.70074999999994,78.52797593651961,76.87352406348028,78.4621249999996,77.81199999999956,42.44019193613876,32.94685990338174,49.04991948470205
2019-07-22T18:30:00Z,77.445,77.65,77.4,77.65,306654,545223.15,78.00350427616668,77.63674999999994,78.24191340772843,77.03158659227144,78.42799999999961,77.67799999999954,45.66450227902764,32.36714975845418,37.77777777777769
2019-07-22T19:30:00Z,77.64,77.86,77.58,77.61,557884,535125.7,77.98430894562196,77.60874999999994,78.16224683833542,77.05525316166447,78.38899999999961,77.55399999999955,45.12012192600858,36.81159420289871,34.041867954911346
2019-07-23T13:30:00Z,77.74,78,76.95,77.155,383644,496500.35,77.94385485071358,77.59099999999994,78.17779297887473,77.00420702112514,78.33587499999962,77.44899999999954,39.370598820882876,30.856004746165027,33.344916235839115
2019-07-23T14:30:00Z,77.165,77.5422,77.08,77.475,321596,479098.95,77.92098388238608,77.59374999999994,78.17782084335097,77.00967915664891,78.2829999999996,77.46799999999955,44.70707291171673,27.273497754046815,31.647032234369988
2019-07-23T15:30:00Z,77.47,77.75,77.36,77.64,167082,466339.65,77.90727735153799,77.60524999999994,78.18342363313262,77.02707636686726,78.23774999999962,77.50599999999955,47.283604567550704,27.680311890838084,28.603271463683114
2019-07-23T16:30:00Z,77.63,78.01,77.5,77.935,322629,463429.15,77.9086296758532,77.61899999999994,78.21454680760615,77.02345319239373,78.19962499999961,77.56299999999955,51.623902001038104,42.88499025341125,32.61293329943185
2019-07-23T17:30:00Z,77.94,78.16,77.82,78.045,222208,454470.55,77.9152818867872,77.62874999999994,78.24512549436334,77.01237450563654,78.16774999999961,77.64999999999955,53.172125252968904,53.99610136452256,41.520467836257104
2019-07-23T18:30:00Z,78.05,78.08,77.82,77.9,590134,448768.65,77.91453642889515,77.62524999999994,78.23458960158277,77.0159103984171,78.13299999999961,77.79899999999955,50.861386002139355,59.064327485380375,51.981806367771206
2019-07-23T19:30:00Z,77.91,78.14,77.91,78.14,603117,432717.7,77.92553465187588,77.65974999999995,78.30270003697706,77.01679996302283,78.10149999999962,77.93199999999955,54.39415584205371,63.06042884990277,58.70695256660171
2019-07-24T13:30:00Z,79.2,79.9,78.8281,79.76,1792626,505023.7,78.01502076641852,77.78374999999994,78.88158821670358,76.6859117832963,78.12312499999962,78.35599999999954,70.0476619319951,73.46681203951516,65.1971894582659
2019-07-24T14:30:00Z,79.75,80.32,79.66,79.69,1138390,545103.85,78.09672707049566,77.89224999999995,79.26009675678593,76.52440324321397,78.13212499999962,78.70699999999954,68.94645040519974,82.05017284839516,72.85913791260417
2019-07-24T15:30:00Z,79.67,79.96,79.45,79.9,668192,570383.2,78.18469160364221,78.01124999999993,79.62148561942345,76.40101438057641,78.14549999999961,79.07799999999955,70.44744154260044,88.0323224194875,81.18310243579907
2019-07-24T16:30:00Z,79.9,80.78,79.87,80.71,762103,596530.55,78.3078773790743,78.18149999999994,80.13951200201917,76.22348799798071,78.18412499999963,79.63999999999955,75.38883520862632,89.00501791003927,86.36250439264045
2019-07-24T17:30:00Z,80.715,81.48,80.67,81.295,895056,615076.2,78.45359067765604,78.36974999999995,80.72473296173175,76.01476703826816,78.24074999999962,80.27099999999955,78.22116917777984,93.87517684606962,90.30417239186527
2019-07-24T18:30:00Z,81.3,81.57,80.8825,80.97,859647,592953.05,78.57634235191672,78.54674999999995,81.1150690514514,75.97843094854849,78.2847499999996,80.51299999999955,73.1823277630709,93.70047518768835,92.19355664793221
2019-07-24T19:30:00Z,80.965,80.965,80.2901,80.6,910821,607826.3,78.6750573591403,78.66074999999994,81.37684328817207,75.9446567118278,78.32699999999961,80.69499999999954,67.82555996170186,87.31114360253436,91.62893187876391
2019-07-25T13:30:00Z,81.36,81.41,80.46,81.01,664200,621412.9,78.78895700015785,78.79974999999993,81.69225146932654,75.90724853067333,78.3762499999996,80.91699999999955,70.41022944825767,84.51505188698967,88.50889022573726
2019-07-25T14:30:00Z,81.02,81.1,80.6,80.72,429183,622196.8,78.88315421966234,78.95174999999995,81.9116237726552,75.99187622734469,78.4147499999996,80.91899999999954,66.3501480607158,82.11404829833764,84.646747929287
2019-07-25T15:30:00Z,80.71,81,80.56,80.87,462116,613194.9,78.98007352602028,79.12624999999994,82.10633535952503,76.14616464047485,78.4549999999996,80.83399999999953,67.39734857094845,83.37959956388899,83.33623324973856
2019-07-25T16:30:00Z,80.87,81.12,80.66,81.05,375157,621621.95,79.08104554914124,79.30624999999995,82.29447836310248,76.31802163689741,78.5034999999996,80.84999999999954,68.65784458507545,82.91476412711587,82.80280399644728
2019-07-25T17:30:00Z,81.05,81.27,80.605,80.65,469723,629775.4,79.15757991259777,79.45624999999994,82.39767971190155,76.51482028809833,78.54649999999961,80.85999999999954,62.8432509441027,81.46699426699455,82.58711931933293
2019-07-25T18:30:00Z,80.63,80.69,80.14,80.38,515756,627669,79.21721016076373,79.59474999999995,82.43450610749424,76.75499389250565,78.60174999999961,80.73399999999954,59.1988122171219,76.36211293260494,80.24795710890491
2019-07-25T19:30:00Z,80.38,80.45,79.71,79.93,1134112,665192.4,79.25198039682404,79.73349999999995,82.3448619052235,77.1221380947764,78.6622499999996,80.57599999999954,53.61778301023563,61.046822237993375,72.95864314586409
2019-07-26T13:30:00Z,81.1,82.31,80.95,82.215,695657,683895.45,79.39651793844237,79.97049999999994,82.57931946482549,77.3616805351744,78.7821249999996,80.84499999999954,69.39551925415643,68.11737390854495,68.50876969304755
2019-07-26T14:30:00Z,82.22,82.27,81.58,81.88,400814,695582.05,79.51766340485982,80.18249999999995,82.68632806918703,77.67867193081287,78.89387499999961,81.01099999999954,65.8584158640214,73.94360596428511,67.70260070360762
2019-07-26T15:30:00Z,81.88,83.6,81.62,83.46,2752273,817064.25,79.70997250706178,80.45874999999994,83.12371693226332,77.79378306773656,79.0388749999996,81.57299999999954,72.87958736120021,92.68146164033051,78.24748050438664
2019-07-26T16:30:00Z,83.465,85.22,83.26,84.07,2742037,943055.7,79.92265677500998,80.75999999999995,83.62042479363589,77.899575206364,79.19437499999961,82.31099999999954,75.01581953948984,86.83163995566308,84.48556918675935
2019-07-26T17:30:00Z,84.07,84.2976,83.58,83.9,1128055,969951.75,80.11667351769242,81.05999999999993,83.91622653164342,78.20377346835645,79.3426249999996,83.10499999999954,73.28336700750266,83.85781402357956,87.79030520652418
2019-07-26T18:30:00Z,83.905,84.3,83.54,84.22,696652,974628.5,80.31683578512205,81.36399999999993,84.20657031576357,78.5214296842363,79.5118749999996,83.50599999999955,74.47819558744874,79.00786448880832,83.23243948935011
2019-07-26T19:30:00Z,84.215,84.48,83.75,84.25,1258336,947914,80.50869745414049,81.58849999999994,84.5934693842136,78.58353061578627,79.6861249999996,83.97999999999954,74.59291441189806,80.09679370840908,80.98749074026544
2019-07-29T13:30:00Z,84.63,84.79,82.77,82.91,1035819,942785.45,80.6258341636946,81.74949999999994,84.67431948161833,78.82468051838156,79.8208749999996,83.86999999999954,61.3318696016338,74.10768300060504,77.7374470659406
2019-07-29T14:30:00Z,82.92,82.98,82.35,82.58,455401,932145.9,80.72115932644121,81.88349999999994,84.70069026692556,79.06630973307432,79.9473749999996,83.57199999999952,58.570327649399616,64.18632788868733,72.79693486590027
2019-07-29T15:30:00Z,82.59,82.6,81.93,82.035,466948,917388.15,80.7852491153953,81.94974999999995,84.71528335724724,79.18421664275266,80.0656249999996,83.19899999999953,54.22768815959558,50.78644888082283,63.02681992337151
2019-07-29T16:30:00Z,82.035,82.35,81.92,82.28,376755,891473.1,80.85816379269309,81.99899999999994,84.75118931036027,79.2468106896396,80.1843749999996,82.81099999999952,55.813740898005776,46.975196612220316,53.982657793909944
2019-07-29T17:30:00Z,82.285,82.62,82.01,82.465,612791,879130.3,80.93654604670806,82.07374999999995,84.79107566139095,79.35642433860895,80.3102499999996,82.45399999999952,57.02468520564069,46.27949183303099,48.013712442024506
2019-07-29T18:30:00Z,82.46,82.64,82.21,82.565,527647,859971.6,81.01598282491742,82.17199999999994,84.81001516296915,79.53398483703073,80.4163749999996,82.38499999999952,57.69951651129787,49.485783424077574,47.58015728977608
2019-07-29T19:30:00Z,82.565,82.68,82.29,82.38,741344,863828.8,81.08252024809218,82.24049999999994,84.82486820133181,79.65613179866807,80.5201249999996,82.34499999999952,55.94916147429453,45.101447796993966,46.9555743513673
2019-07-30T13:30:00Z,81.7,82.33,81.65,81.92,935442,889141.75,81.12337291891696,82.30049999999994,84.79503783295735,79.80596216704254,80.6261249999996,82.32199999999952,51.74577200431874,31.5483342438804,42.0451884883171
2019-07-30T14:30:00Z,81.915,82.09,81.865,82.01,486265,890349.2,81.1666230204332,82.35749999999994,84.7694152141105,79.9455847858894,80.74187499999961,82.26799999999952,52.49772351157844,17.88781801076889,31.51253335054754
2019-07-30T15:30:00Z,82.03,82.08,81.75,81.78,281926,885687.65,81.19654384870476,82.39399999999993,84.74703973618267,80.0409602638172,80.85012499999961,82.13099999999952,50.338847310201515,7.938483085541975,19.12487844673021
2019-07-30T16:30:00Z,81.78,81.95,81.25,81.26,524540,888428.5,81.19963927071916,82.42449999999994,84.70089166227152,80.14810833772836,80.9403749999996,81.86999999999952,45.7573414909195,4.919091930557616,10.248464342289287
2019-07-30T17:30:00Z,81.26,81.55,81.22,81.41,383829,881832.15,81.20990076970847,82.47599999999994,84.60700821210352,80.34499178789636,81.0353749999996,81.67599999999952,47.248795798760426,3.0820237699600077,5.313199595352993
2019-07-30T18:30:00Z,81.42,81.55,81.02,81.18,602965,855274.8,81.20844219557635,82.53849999999994,84.42663956053445,80.65036043946543,81.1359999999996,81.52799999999952,45.19670297634407,3.282882185828697,3.7613326287819002
2019-07-30T19:30:00Z,81.175,81.39,81.06,81.3,864234,863703.65,81.21290842993848,82.49274999999994,84.45299099285062,80.53250900714927,81.2316249999996,81.38599999999951,46.50221287374601,5.664405461565838,4.009770472451308
2019-07-31T13:30:00Z,81.22,81.65,80.53,80.71,410464,864186.15,81.1883763114049,82.43424999999995,84.5293401532034,80.33915984679649,81.30837499999959,81.17199999999953,41.293710786992364,6.339342102888956,5.09554325009429
2019-07-31T14:30:00Z,80.71,81.11,80.67,81.005,294636,741304.3,81.17943112548271,82.31149999999994,84.439233770953,80.18376622904688,81.38512499999959,81.12099999999953,44.63293377954969,12.289005911413833,8.097584491956002
2019-07-31T15:30:00Z,81.01,81.17,80.915,80.97,223261,615365.5,81.16921497302013,82.15649999999994,84.19919699173904,80.11380300826083,81.4582499999996,81.03299999999953,44.31089952442784,16.63502610346444,11.754458039255537
2019-07-31T16:30:00Z,80.98,81.01,80.805,80.81,302790,574102.25,81.15169229140939,82.00199999999994,83.95949431673567,80.0445056832642,81.5309999999996,80.95899999999952,42.79092965300811,18.527131782945645,15.817054599274433
2019-07-31T17:30:00Z,80.811,80.85,80.34,80.425,421737,560356.5,81.1162438869504,81.81224999999995,83.6014522663883,80.02304773361159,81.5881249999996,80.78399999999954,39.29777506336345,12.373616908500553,15.845258264970006
2019-07-31T18:30:00Z,80.43,80.51,78.95,80.05,869326,540906,81.06423199002599,81.60224999999994,83.16986753946853,80.03463246053136,81.59537499999959,80.65199999999953,36.198159749689836,15.38211702280526,15.42762190475028
2019-07-31T19:30:00Z,80.03,80.04,79.65,79.71,634627,520846.4,80.99817189295155,81.44224999999994,83.0942502270119,79.79024977298799,81.5958749999996,80.39299999999953,33.609725522837024,18.53610078501792,15.430611572107702
2019-08-01T13:30:00Z,79.99,80.31,79.7,80.07,539328,525042.75,80.9528952152466,81.31674999999994,82.98522917279492,79.64827082720497,81.6001249999996,80.21299999999954,38.61492829161056,29.21487117716409,21.04436299499555
2019-08-01T14:30:00Z,80.04,80.14,79.885,80.03,349870,519188.85,80.90787593645408,81.21649999999994,82.94033032809372,79.49266967190616,81.58312499999958,80.05699999999953,38.26969364660368,30.886263080592304,26.212411680924564
2019-08-01T15:30:00Z,80.02,80.03,79.76,79.955,169467,508824.45,80.86139418345631,81.10024999999993,82.8350712444087,79.36542875559117,81.5496249999996,79.96299999999954,37.591068782036864,34.557860713728424,31.552998323828064
2019-08-01T16:30:00Z,79.96,80.09,79.45,79.47,221633,489266.55,80.79352129645844,80.95049999999993,82.70519057102871,79.19580942897116,81.5121249999996,79.84699999999954,33.45912401505875,29.08801719717583,31.51071366383198
2019-08-01T17:30:00Z,79.47,79.73,79.06,79.29,582954,492031.9,80.72017879419217,80.78674999999993,82.51932402440953,79.05417597559033,81.47937499999959,79.76299999999954,32.051043597662655,21.783950617283946,28.47660950939586
2019-08-01T18:30:00Z,79.29,79.35,78.77,79.26,617585,485843.95,80.64895056032913,80.63074999999994,82.32278213623601,78.93871786376386,81.43562499999959,79.60099999999954,31.81076206234735,16.288580246913707,22.386849353790954
2019-08-01T19:30:00Z,79.26,79.36,79.03,79.3,615804,469862.05,80.5831480939716,80.49974999999993,82.17786642923097,78.8216335707689,81.40012499999959,79.45499999999954,32.53698074463186,16.003086419753263,18.025205761316766
2019-08-02T13:30:00Z,79.39,79.39,78.38,78.49,743578,482727.7,80.48104330889981,80.32374999999993,82.06840433540707,78.5790956645928,81.34062499999959,79.16199999999955,26.404465096308613,13.119772998805388,15.137146555157246
2019-08-02T14:30:00Z,78.49,78.515,77.71,77.76,739169,505589.85,80.34830948895348,80.12274999999994,82.06507972228027,78.1804202777196,81.25837499999959,78.81999999999954,22.321248468811348,7.9301722709098845,12.351010563155972
2019-08-02T15:30:00Z,77.76,77.875,77.38,77.55,602795,509502.6,80.2118065870533,79.93724999999995,82.10523172271994,77.76926827727996,81.18087499999959,78.47199999999955,21.300775331429605,3.356978209079477,8.135641159598045
2019-08-02T16:30:00Z,77.55,77.72,76.79,77.035,427173,511669.8,80.05684041207509,79.71849999999993,82.11840645652147,77.3185935434784,81.0972499999996,78.02699999999955,19.00597046188514,4.054255018703276,5.113801832897341
2019-08-02T17:30:00Z,77.04,77.45,77.02,77.26,477291,505386.1,79.92040917246167,79.52249999999994,82.04985731546924,76.99514268453063,81.03049999999959,77.61899999999955,22.913383381530508,7.784028984352567,5.065087404044902
2019-08-02T18:30:00Z,77.25,77.675,77.1,77.59,513139,487831.35,79.80673067624403,79.33699999999995,81.85987613648567,76.81412386351423,80.9148749999996,77.43899999999954,28.371446901878585,13.79872136268128,8.545668455245503
2019-08-02T19:30:00Z,77.6,77.985,77.51,77.73,808767,507746.5,79.70542674081749,79.18799999999995,81.72089636583293,76.65510363416696,80.81112499999959,77.43299999999954,30.61593907310798,20.68874226132293,14.09049753611872
2019-08-05T13:30:00Z,76.85,76.93,75.65,75.93,557770,520903.2,79.52125958272883,78.93424999999993,81.69479754533562,76.17370245466425,80.6228749999996,77.10899999999954,21.35194138776599,18.555966119997343,17.681143248000314
2019-08-05T14:30:00Z,75.92,76.42,75.72,76.3,303887,524934.5,79.36412496893718,78.70074999999994,81.52236881728383,75.87913118271605,80.4286249999996,76.96199999999953,26.289306590849634,15.860088424119603,18.36826560181309
2019-08-05T15:30:00Z,76.309,76.38,75.96,75.96,266564,523123.2,79.19807009240365,78.45824999999994,81.3459589102008,75.57054108979906,80.2301249999996,76.70199999999954,24.751603587970052,9.2859005999317,14.567318381349345
2019-08-05T16:30:00Z,75.96,76.19,75.835,76.12,317538,517913.25,79.0479203317986,78.24299999999994,81.15390947987991,75.33209052011996,80.0276249999996,76.40799999999953,26.91795919071555,11.047076488252861,12.064355170767852
2019-08-05T17:30:00Z,76.12,76.26,75.77,75.81,378772,493385.55,78.88997299854013,78.03099999999993,81.00160027604792,75.06039972395195,79.8166249999996,76.02399999999953,25.39262007733329,7.593221563809735,9.308732883997896
2019-08-05T18:30:00Z,75.81,76.13,75.62,75.92,511386,487223.5,78.74509626690403,77.84149999999995,80.84287984934356,74.84012015065635,79.6418749999996,76.02199999999954,26.97393315074696,7.918414130381677,8.852904060814554
2019-08-05T19:30:00Z,75.91,76.43,75.79,76.16,621377,491325.95,78.61899400998188,77.64599999999994,80.54904081956329,74.7429591804366,79.4813749999996,75.99399999999955,30.438190777335933,8.853080658354436,8.121572117515079
2019-08-06T13:30:00Z,76.51,76.93,75.97,76.03,437272,495696.05,78.49270161925105,77.44599999999994,80.21245007185308,74.6795499281468,79.3312499999996,76.00799999999954,29.61856964582489,12.14783866204264,9.639777816926047
2019-08-06T14:30:00Z,76.01,76.5576,75.99,76.46,248042,499624.8,78.39354544270222,77.27124999999994,79.81418506603244,74.72831493396744,79.18574999999962,76.07599999999954,35.77861314133722,21.334642235373774,14.111853851923414
2019-08-06T15:30:00Z,76.47,76.52,76.2,76.4,221888,499637.55,78.29629932354601,77.11774999999996,79.47511818296232,74.7603818170376,79.0341249999996,76.19399999999953,35.31415984806185,27.553763931640727,20.34541494301884
2019-08-06T16:30:00Z,76.38,76.98,76.34,76.93,195205,480250.1,78.22965057605596,76.99974999999995,79.13629036939494,74.86320963060496,78.8932499999996,76.39599999999953,42.42413842920512,41.29668780831576,30.06169799177655
2019-08-06T17:30:00Z,76.93,77.26,76.89,77.2,237217,461231.7,78.17942371868737,76.89674999999994,78.76988714128387,75.023612858716,78.7637499999996,76.60399999999953,45.69861973964316,51.72656800563797,40.19233991519795
2019-08-06T18:30:00Z,77.2,77.315,77.03,77.09,343975,447640.25,78.1262810982636,76.78624999999995,78.3068251379178,75.26567486208211,78.6429999999996,76.81599999999953,44.58608141725279,61.451726568005824,51.49166079398631
2019-08-06T19:30:00Z,77.08,77.32,76.925,77.28,652320,443077.35,78.08499909347026,76.72574999999995,78.05455124550409,75.39694875449581,78.52474999999961,76.97999999999954,46.986801383533354,75.53703934004919,62.90511130456412
2019-08-07T13:30:00Z,76.42,76.62,75.27,76.22,485509,430394.35,77.99402352793513,76.64874999999995,77.90541970602932,75.39208029397058,78.3857499999996,76.94399999999953,37.28249396240672,68.71499014704143,68.56791868503194
2019-08-07T14:30:00Z,76.2,76.784,76.2,76.58,274460,413977.6,77.92504677047488,76.60024999999993,77.78697016501964,75.41352983498022,78.2687499999996,76.87399999999953,41.687359831296966,69.29698708751827,71.18300552486943
2019-08-07T15:30:00Z,76.57,76.57,75.89,76.05,438564,414547.15,77.83358107435416,76.55099999999995,77.74320635800058,75.35879364199931,78.13474999999961,76.64399999999952,37.510457490084576,49.430894308943316,62.48095718116747
2019-08-07T16:30:00Z,76.06,76.49,76,76.43,239732,402669.2,77.76511370487347,76.50949999999995,77.6570447703916,75.3619552296083,78.0159999999996,76.51199999999953,41.99777686324011,52.84552845528492,57.191136617248624
2019-08-07T17:30:00Z,76.45,76.76,76.37,76.54,238083,388916.4,77.7053520607333,76.45699999999994,77.4926273461342,75.42137265386567,77.8969999999996,76.36399999999954,43.267775400370546,52.195121951219996,51.49051490514919
2019-08-07T18:30:00Z,76.52,76.8,76.44,76.675,402717,368613.9,77.65509098459997,76.40424999999993,77.26842171329865,75.54007828670122,77.79612499999959,76.45499999999953,44.86337717009597,62.35772357723628,55.79945799458019
2019-08-07T19:30:00Z,76.67,76.765,76.44,76.48,396563,360553.55,77.59776947315606,76.43174999999994,77.26836983604463,75.59513016395525,77.6829999999996,76.43499999999952,42.9828673505966,63.170731707317536,59.241192411924395
2019-08-08T13:30:00Z,76.94,77.57,76.83,77.44,210886,355903.5,77.59007340129479,76.48874999999994,77.43043930654447,75.5470606934554,77.59474999999959,76.71299999999954,53.349959775289975,73.9696005655712,66.49935195004146
2019-08-08T14:30:00Z,77.45,77.7,77.45,77.515,143986,349774.6,77.58641128415846,76.56649999999993,77.5751233192134,75.55787668078646,77.5123749999996,76.92999999999952,54.05284583254936,81.91968253552663,73.02000493613824
2019-08-08T15:30:00Z,77.51,78.01,77.5,77.84,291912,348493.3,77.59878146541902,76.65249999999995,77.7804295191007,75.5245704808992,77.4477499999996,77.18999999999951,57.07131842989552,93.51009260021105,83.1331252337694
2019-08-08T16:30:00Z,77.85,77.93,77.6,77.61,172008,338155.1,77.59932871100834,76.74249999999994,77.87441209908744,75.61058790091244,77.3867499999996,77.37699999999953,54.35013149289543,90.52797052256362,88.65258188610022
2019-08-08T17:30:00Z,77.62,77.99,77.6199,77.9,138589,319515.25,77.61399560315428,76.84149999999994,78.01396791003543,75.66903208996445,77.34149999999958,77.66099999999952,57.12594255838989,91.72749391727494,91.921852346683
2019-08-08T18:30:00Z,77.9,78.06,77.68,77.75,210117,298952.25,77.62062996397603,76.92099999999995,78.1133028139088,75.7286971860911,77.28349999999958,77.72299999999953,55.254418855394945,90.0919167342525,90.78246039136347
2019-08-08T19:30:00Z,77.75,77.95,77.57,77.92,938886,324032.95,77.63523338036744,77.01549999999995,78.20994087340242,75.82105912659748,77.23074999999959,77.80399999999952,56.974809608145556,93.28545640059654,91.7016223507078
2019-08-09T13:30:00Z,77.6,78.21,77.01,77.87,374539,330357.8,77.64668541059342,77.08599999999994,78.30711670206517,75.86488329793471,77.17862499999958,77.80999999999952,56.289307774561905,89.7385984427143,91.03865719252092
2019-08-09T14:30:00Z,77.86,78.15,77.63,77.7,302585,334392.65,77.64928612227179,77.15099999999994,78.3574435337222,75.94455646627767,77.13437499999958,77.82799999999952,53.91415189927504,86.11471593952159,89.71292359427726
2019-08-09T15:30:00Z,77.68,77.9,77.48,77.54,291018,339183.3,77.64395509191706,77.18149999999994,78.39487586924407,75.96812413075581,77.09062499999959,77.75599999999952,51.70290665253757,77.68177562802356,84.51169667008628
2019-08-09T16:30:00Z,77.54,77.94,77.46,77.885,156153,335130.1,77.65571338011623,77.21574999999994,78.46735007592746,75.96414992407243,77.0562499999996,77.78299999999953,55.90271773107612,76.67915193986768,80.15854783580407
2019-08-09T17:30:00Z,77.89,78.11,77.67,77.76,131203,324491.5,77.66080053230567,77.24924999999996,78.52129274694427,75.97720725305565,77.0177499999996,77.75099999999952,54.06818218890162,75.53216187557787,76.6310298144895
2019-08-09T18:30:00Z,77.77,77.78,77.475,77.52,185146,301132.8,77.65393221365662,77.26124999999996,78.53874315068767,75.98375684931226,76.9934999999996,77.68099999999951,50.632533274892026,72.64339228690784,74.95156870078426
2019-08-09T19:30:00Z,77.51,77.59,77.24,77.5,594806,306597.65,77.64642332518557,77.32524999999995,78.51275357896611,76.1377464210338,76.9869999999996,77.64099999999952,50.345435025791495,61.38131499222177,69.85228971823562
2019-08-12T13:30:00Z,77.07,77.615,76.81,77.48,246454,305197.35,77.6383051142009,77.37024999999997,78.50857102240434,76.2319289775956,76.9852499999996,77.62899999999952,50.03987132956976,52.474938882455774,62.166548720528255
2019-08-12T14:30:00Z,77.48,77.565,77.18,77.25,163296,291433.95,77.61936340131305,77.43024999999997,78.39754248422742,76.46295751577253,76.9906249999996,77.50199999999953,46.54151010179448,42.61214630779878,52.156133394158566
2019-08-12T15:30:00Z,77.25,77.49,77.13,77.41,142796,286587.15,77.6091505524685,77.47924999999995,78.33132555419625,76.62717444580365,76.9943749999996,77.43199999999953,49.202059936631954,40.71428571428587,45.26712363484662
2019-08-12T16:30:00Z,77.4,77.5,77.24,77.37,154608,282413.4,77.59748467186029,77.52074999999996,78.25905396859693,76.782446031403,76.98887499999958,77.40199999999952,48.551507773749954,38.09523809523825,40.47389003910744
2019-08-12T17:30:00Z,77.36,77.36,76.88,76.88,109103,267732.7,77.56248541957441,77.53099999999996,78.22650413374002,76.8354958662599,76.96762499999959,77.27799999999952,41.34050886874093,29.28571428571428,36.03174603174594
2019-08-12T18:30:00Z,76.91,77.02,76.77,76.87,174295,256619.3,77.52870564300981,77.55049999999997,78.14098200654207,76.96001799345787,76.99112499999958,77.15599999999952,41.206002824836325,17.31481481481506,28.231922398588996
2019-08-12T19:30:00Z,76.87,77.05,76.83,76.91,222170,257183.5,77.49852487993617,77.52399999999996,78.17627754832978,76.87172245167014,77.00637499999958,77.08799999999951,42.01864436969353,7.222222222222349,17.940917107583697
2019-08-13T13:30:00Z,76.93,78.26,76.78,78.2,370333,268500.85,77.53274317847587,77.55824999999996,78.27389848218401,76.84260151781591,77.06237499999958,77.24599999999951,60.82455519661936,37.5466070096945,20.69454801557711
2019-08-13T14:30:00Z,78.225,78.23,77.51,77.605,133368,260573.65,77.53626790147705,77.54649999999995,78.25088696755469,76.84211303244521,77.09949999999958,77.29299999999951,52.38491068631349,53.91188168033816,32.89357030408481
2019-08-13T15:30:00Z,77.59,77.92,77.48,77.76,131353,258540.9,77.54718166238061,77.55399999999996,78.26410280949658,76.84389719050334,77.14824999999959,77.46899999999951,54.16895005854327,72.81879194630888,54.75909354544698
2019-08-13T16:30:00Z,77.78,77.8,77.53,77.62,134807,258351.8,77.55073377641082,77.53999999999996,78.23310172417557,76.84689827582436,77.1907499999996,77.6189999999995,52.26416968541933,59.84340044742757,62.19135802469134
2019-08-13T17:30:00Z,77.62,77.87,77.58,77.87,108386,253265.25,77.56630773853712,77.54599999999996,78.24828626645672,76.84371373354321,77.23349999999958,77.81099999999951,55.287724970193594,65.77181208053716,66.14466815809101
2019-08-13T18:30:00Z,77.87,78,77.685,77.745,116484,212145.15,77.57502443421824,77.53724999999996,78.22488707728458,76.84961292271534,77.27637499999959,77.71999999999952,53.46428332152145,65.43624161073849,63.683818046234215
2019-08-13T19:30:00Z,77.74,77.74,77.45,77.64,202232,203529.8,77.57819397401246,77.52574999999996,78.19826970235178,76.85323029764814,77.30587499999959,77.72699999999952,51.915383995862676,65.88366890380327,65.69724086502612
2019-08-14T13:30:00Z,76.77,77.24,76.1125,77.14,224653,199633.2,77.55681865820698,77.49774999999997,78.18537980596355,76.81012019403639,77.32437499999959,77.60299999999951,45.2001021368402,57.2239454336634,62.84795198273486
2019-08-14T14:30:00Z,77.11,77.31,76.88,77.18,155639,192864.25,77.53843726024566,77.47974999999997,78.18073127653341,76.77876872346653,77.33062499999959,77.5149999999995,45.804064069713064,51.981519533925685,58.363044623797265
2019-08-14T15:30:00Z,77.17,77.38,76.75,77.055,249926,197552.9,77.51485495486781,77.43824999999997,78.13662149859323,76.73987850140671,77.32699999999959,77.3519999999995,44.16592105535517,47.14784633294553,52.11777043351136
2019-08-14T16:30:00Z,77.06,77.14,76.75,76.95,200466,201016.05,77.48730105463036,77.39774999999996,78.11058571042187,76.68491428957805,77.3234999999996,77.1929999999995,42.781810039395985,44.198680636399196,47.77601550108995
2019-08-14T17:30:00Z,76.955,77.02,76.645,76.665,109060,197211.75,77.44718880806303,77.35499999999998,78.13295886783615,76.5770411321638,77.30812499999959,76.99799999999951,39.191622608741596,36.20488940628668,42.51713879187695
2019-08-14T18:30:00Z,76.67,76.95,76.51,76.75,371299,186036.4,77.41317959791361,77.31749999999997,78.13517658646539,76.49982341353454,77.32137499999959,76.91999999999952,40.78760946723636,31.470702367093736,37.29142413659302
2019-08-14T19:30:00Z,76.72,77.17,76.47,76.89,593008,203364.1,77.38765864191782,77.28799999999997,78.12249625526411,76.45350374473583,77.32912499999959,76.86199999999951,43.42157763959367,30.539386883973794,32.73832621911789
2019-08-15T13:30:00Z,76.47,77.57,76.2,77.3,220603,206229.45,77.38338261060476,77.29049999999998,78.12482547608273,76.45617452391723,77.36037499999959,76.91099999999952,50.38259166001657,40.656951261248025,34.222346837438344
2019-08-15T14:30:00Z,77.28,77.57,77.01,77.34,177842,207981.75,77.3812663856972,77.28699999999998,78.11987694171567,76.45412305828428,77.3831249999996,76.9889999999995,51.0157883213376,52.43942844735957,41.21192219752695
2019-08-15T15:30:00Z,77.35,77.8,77.3,77.475,157160,208109.35,77.3858387571266,77.29224999999997,78.12847051520413,76.4560294847958,77.40649999999958,77.15099999999951,53.18713047635294,64.43294213312274,52.50977394724327
2019-08-15T16:30:00Z,77.48,77.55,77.26,77.3,175723,211440.35,77.3816515006814,77.31324999999997,78.12781905787553,76.49868094212441,77.42212499999958,77.26099999999951,50.087630809604555,66.71081677704196,61.194395785841245
2019-08-15T17:30:00Z,77.29,77.54,76.99,77.5,263798,215915.5,77.38742459820914,77.34474999999998,78.13673153390422,76.55276846609573,77.44762499999959,77.38299999999951,53.42794318689063,69.53642384105956,66.89339425040791
2019-08-15T18:30:00Z,77.5,77.57,77.36,77.41,349979,222305.95,77.38852583732088,77.36974999999997,78.13642121378639,76.60307878621354,77.4468749999996,77.4049999999995,51.74959130745398,71.10424331616387,69.11716131142163
2019-08-15T19:30:00Z,77.41,77.645,77.26,77.27,501503,228864.45,77.38274408915889,77.32324999999996,77.98902980598488,76.65747019401503,77.4407499999996,77.3909999999995,49.1624605210733,72.99713841877201,71.21260185866497
2019-08-16T13:30:00Z,77.99,78.25,77.46,77.54,259321,235162.1,77.39041510919992,77.31999999999996,77.98086307208975,76.65913692791018,77.43324999999959,77.4039999999995,53.944502154210795,70.2824450466728,71.46127559386939
2019-08-16T14:30:00Z,77.54,77.96,77.52,77.76,126091,234899,77.40844364045846,77.31999999999996,77.98086307209249,76.65913692790744,77.43699999999959,77.4959999999995,57.45613701345501,70.01866907557984,71.09941751367471
2019-08-16T15:30:00Z,77.75,77.92,77.69,77.83,184046,237360.95,77.42900736531415,77.33049999999997,78.01629807527502,76.64470192472493,77.4352499999996,77.56199999999951,58.53937469897728,73.65853658536604,71.31988356920606
2019-08-16T16:30:00Z,77.84,78,77.82,77.95,202433,242063.3,77.45442164017688,77.33449999999996,78.03364161659637,76.63535838340356,77.4402499999996,77.6699999999995,60.400781694019265,80.32520325203265,74.66746963765934
2019-08-16T17:30:00Z,77.95,77.98,77.66,77.68,148048,243641.5,77.46542546260727,77.33124999999997,78.02329678313664,76.6392032168633,77.4342499999996,77.7519999999995,54.474701127155306,79.0243902439026,77.66937669376692
2019-08-16T18:30:00Z,77.67,77.785,77.5,77.5101,241026,245581.2,77.46760470833375,77.32475499999997,78.00746442717279,76.64204557282714,77.42525249999959,77.7460199999995,51.07861714449378,73.82276422764237,77.72411924119235
2019-08-16T19:30:00Z,77.51,77.93,77.465,77.76,604375,264567.3,77.48186789329309,77.35575499999997,78.058114538946,76.65339546105395,77.4267524999996,77.7460199999995,55.47545652757403,70.73333333333345,74.52682926829262
2019-08-19T13:30:00Z,78.32,78.5,77.77,77.8862,164634,265017.05,77.50159141069342,77.39106499999998,78.1248348229993,76.65729517700066,77.43540749999958,77.7572599999995,57.5503407441009,66.45195714208809,70.33601823435446
2019-08-19T14:30:00Z,77.87,77.995,77.72,77.8695,229594,264000.45,77.5195381711474,77.43178999999998,78.1767571963539,76.68682280364605,77.43501999999958,77.7411599999995,57.17066796786778,64.56452915522566,67.24993987688221
2019-08-19T15:30:00Z,77.85,78.19,77.85,78.185,66038,257279.05,77.55199972377436,77.49353999999997,78.2724909699915,76.71458903000844,77.44564499999959,77.84215999999951,62.23907781847688,65.57836644591644,65.53161758107653
2019-08-19T16:30:00Z,78.18,78.4,78.1,78.365,56376,254644.85,77.59165827383414,77.57853999999998,78.34825255261163,76.80882744738832,77.46676999999958,78.01313999999951,64.79854115186767,76.14790286975729,68.76359949029961
2019-08-19T17:30:00Z,78.36,78.37,78.17,78.23,77122,239936,77.62279689462272,77.65253999999997,78.37235784755039,76.93272215244956,77.48501999999958,78.1071399999995,61.43521011438386,82.80816064943399,74.84480998836905
2019-08-19T18:30:00Z,78.215,78.25,78.08,78.245,105602,215565.7,77.65314826561674,77.72028999999999,78.39385202657277,77.04672797342721,77.50414499999958,78.17889999999952,61.67324935805051,82.90696432386255,80.62100928101775
2019-08-19T19:30:00Z,78.24,78.42,78.18,78.23,197953,214433.2,77.68128737461105,77.76678999999999,78.44625223121402,77.08732776878595,77.52864499999959,78.25099999999952,61.26599870170016,77.2332506203478,80.98279186454793
2019-08-20T13:30:00Z,77.98,78.08,77.66,77.87,82231,209652.65,77.69049286853246,77.79328999999998,78.4448730289743,77.14170697102567,77.54014499999958,78.18799999999952,52.334067352344256,64.20146006401306,74.7805583360743
2019-08-20T14:30:00Z,77.84,78.24,77.72,78.12,74320,205510.65,77.71144443592112,77.82553999999999,78.47475981919956,77.17632018080042,77.55889499999958,78.13899999999953,57.02017920648962,58.81797349188696,66.75089472541576
2019-08-20T15:30:00Z,78.12,78.21,78.08,78.14,48696,199159.3,77.73234958538839,77.86753999999999,78.48314452698506,77.25193547301492,77.59039499999957,78.12099999999951,57.38115732602261,55.877616747182195,59.632350101027214
2019-08-20T16:30:00Z,78.14,78.14,77.9,77.98,50996,188519.2,77.74443009341823,77.89153999999999,78.48498524064192,77.29809475935807,77.61814499999959,78.06799999999951,53.509292748410154,59.420289855072674,58.038626698047075
2019-08-20T17:30:00Z,78,78,77.78,77.83,73786,174709.55,77.7486042352027,77.91254,78.4646219990119,77.36045800098812,77.64114499999958,77.98799999999952,50.09646847471017,50.08051529790658,55.12614063338696
2019-08-20T18:30:00Z,77.82,77.87,77.69,77.77,94158,154342.3,77.74964793104648,77.93753999999998,78.41060081389867,77.4644791861013,77.6303949999996,77.96799999999952,48.75689832588791,38.164251207729265,49.221685453569314
2019-08-20T19:30:00Z,77.77,77.845,77.64,77.6975,181527,150452.6,77.74710412953202,77.945415,78.39647453170173,77.49435546829827,77.63270749999958,77.88349999999951,47.11739952926181,23.80678200951195,37.35051617171574
2019-08-21T13:30:00Z,78.07,78.25,77.775,77.88,121163,150206.2,77.7535868549207,77.951415,78.39558926888098,77.50724073111901,77.63570749999958,77.83149999999952,51.53524573131078,22.307958771558173,28.09299732959961
2019-08-21T14:30:00Z,77.87,78.14,77.835,78.1,63501,144178.95,77.77048505711969,77.96491499999999,78.40991945069905,77.51991054930093,77.64770749999958,77.85549999999952,56.27712996345042,32.143212085072264,26.085984288713934
2019-08-21T15:30:00Z,78.095,78.31,78.01,78.02,58348,136974.7,77.782656517748,77.968415,78.41399590302302,77.52283409697696,77.65145749999958,77.89349999999952,54.20040283671732,46.15384615384547,33.53500567015845
2019-08-21T16:30:00Z,78.02,78.2,78.01,78.16,40434,131594,77.80106351688224,77.992415,78.4247836634503,77.56004633654969,77.66183249999958,77.97149999999951,57.17845665945578,58.119658119657466,45.47223878619153
2019-08-21T17:30:00Z,78.16,78.19,77.89,77.97,57441,122414.75,77.80930432093676,78.01541,78.3874348857663,77.64338511423371,77.67008249999958,78.02599999999953,52.21612515381802,52.564102564102114,52.27920227920149
2019-08-21T18:30:00Z,77.97,78.04,77.77,78.035,65418,95466.9,77.82031386625692,78.02916,78.38225512263604,77.67606487736397,77.69245749999958,78.05699999999952,53.696631820425615,53.20512820512778,54.62962962962893
2019-08-21T19:30:00Z,78.04,78.19,77.94,78.19,147441,94607.25,77.83834733619561,78.04435,78.39767649212101,77.69102350787898,77.71770749999959,78.07499999999952,57.10930800064508,58.346090062507535,54.705106943912284
2019-08-22T13:30:00Z,78.31,78.42,77.8,77.875,109666,88610.85,77.84013527101534,78.044625,78.39741486313355,77.69183513686644,77.73820749999959,78.04599999999952,49.1768663233284,54.286261002678536,55.279159756771094
2019-08-22T14:30:00Z,77.86,77.87,77.51,77.66,160905,93354.2,77.83134818462435,78.01837499999999,78.40223784990035,77.63451215009964,77.7559574999996,77.94599999999953,44.621181744387336,42.90042461684205,51.844258560675854
2019-08-22T15:30:00Z,77.67,78.27,77.63,78.27,194287,100249.75,77.85274583415486,78.01362499999999,78.38226261004098,77.644987389959,77.79608249999959,78.00599999999953,56.83826972126725,43.376068376067884,46.854251331862635
2019-08-22T16:30:00Z,78.26,78.26,77.95,77.995,93109,101049.1,77.85968506175706,78.00187499999998,78.3569062486801,77.64684375131986,77.82720749999957,77.99799999999952,51.33952674228955,51.09890109890068,45.79179803060335
2019-08-22T17:30:00Z,78,78.02,77.77,77.8,83307,99934.35,77.85677359532988,77.97962499999998,78.32660581724508,77.63264418275489,77.84995749999958,77.91999999999953,47.80764219815886,56.22710622710586,50.23402523402462
2019-08-22T18:30:00Z,77.82,78.07,77.75,77.825,106627,95368.05,77.85522366385038,77.959375,78.29254115604647,77.62620884395352,77.86308249999958,77.90999999999954,48.298715194861806,39.92673992673974,49.084249084248576
2019-08-22T19:30:00Z,77.83,78.05,77.735,77.79,227456,102629.3,77.85204202171134,77.95537499999998,78.29460307599479,77.61614692400516,77.87433249999958,77.93599999999954,47.6231458471652,32.41758241758227,42.857142857142435
2019-08-23T13:30:00Z,77.64,78.04,77.05,77.805,202928,109059.7,77.84974728894494,77.93962499999998,78.27605580647226,77.6031941935277,77.88258249999959,77.84299999999953,47.959105411771986,40.16470147857037,37.50300794096394
2019-08-23T14:30:00Z,77.805,78.25,77.02,77.24,195477,116398.75,77.8200035187525,77.89462499999999,78.3361572044147,77.45309279558528,77.88108249999958,77.69199999999952,38.057063749759415,33.864335178204065,35.48220635811872
2019-08-23T15:30:00Z,77.22,77.29,76.88,76.88,264113,127054.6,77.77414968856945,77.83962499999998,78.46194781617744,77.21730218382253,77.86558249999959,77.50799999999954,33.33441877077527,23.607924921793725,32.54565385952254
2019-08-23T16:30:00Z,76.87,77.03,76.73,76.88,167992,131764.9,77.73053263059046,77.79212499999997,78.54207045638091,77.04217954361903,77.85233249999958,77.31899999999953,33.33441877077527,8.196675119751896,21.889645073249714
2019-08-23T17:30:00Z,76.87,77.06,76.77,76.785,150483,134581.15,77.68440908763483,77.74287499999998,78.61205748229983,76.87369251770014,77.8402074999996,77.11799999999953,32.11474152006386,4.043392504930721,11.949330848825268
2019-08-23T18:30:00Z,76.79,76.9,76.605,76.63,226515,136830.55,77.63297449799411,77.68949999999998,78.68517514784479,76.69382485215517,77.81745749999958,76.88299999999953,30.174797587867516,4.502529327703752,5.580865650795276
2019-08-23T19:30:00Z,76.63,76.66,76.12,76.49,512121,156378.45,77.57721964443343,77.61999999999998,78.73917380242958,76.50082619757038,77.78570749999959,76.73299999999954,28.500188292652794,6.9062682866266885,5.15073003975354
2019-08-26T13:30:00Z,77,77.19,76.68,76.92,107558,158581.3,77.54516014958301,77.56099999999998,78.69702200684677,76.42497799315319,77.7629574999996,76.74099999999953,39.58954475219574,18.224556438546475,9.877784684292125
2019-08-26T14:30:00Z,76.95,77.42,76.87,77.31,100732,160700.5,77.53368892277409,77.52549999999998,78.64620022755328,76.40479977244668,77.74695749999958,76.82699999999953,47.537116184397874,36.21503201887426,20.448618914682296
2019-08-26T15:30:00Z,77.34,77.51,77.19,77.49,102297,163793.65,77.5315577558095,77.49199999999998,78.57422640886358,76.40977359113637,77.74220749999958,76.96799999999953,50.75713372072932,52.19227704122287,35.54395516621435
2019-08-26T16:30:00Z,77.51,77.7,77.47,77.58,114097,166626.45,77.53392079211147,77.47249999999998,78.53341705615252,76.41158294384745,77.74395499999959,77.15799999999953,52.33250560124316,62.63737657901806,50.34822854637155
2019-08-26T17:30:00Z,77.565,77.78,77.485,77.65,119183,169314.7,77.53958319249628,77.45324999999998,78.48624697484543,76.42025302515454,77.7412049999996,77.38999999999955,53.576498422257295,68.1314261477483,60.98702658932956
2019-08-26T18:30:00Z,77.65,77.92,77.6,77.84,187957,171340.5,77.55423767091109,77.43574999999998,78.42933580406446,76.4421641959355,77.74004999999958,77.57399999999953,56.86688283576765,73.70892018779354,68.15924097151978
2019-08-26T19:30:00Z,77.84,78.07,77.67,78.07,290046,180359.5,77.57939680891543,77.44549999999998,78.45974799730747,76.43125200269249,77.74506249999959,77.72599999999953,60.51523859645511,81.37715179968706,74.40583271174278
2019-08-27T13:30:00Z,77.7,78.1,77.5,77.56,253254,184976.95,77.57845062311468,77.44049999999997,78.45144955366094,76.42955044633901,77.72943749999959,77.73999999999953,50.34619687731776,79.96870109546165,78.35159102764723
2019-08-27T14:30:00Z,77.54,77.7,77.51,77.53,190307,184777.95,77.57608717808469,77.40349999999998,78.34186613325248,76.46513386674748,77.70856249999959,77.72999999999954,49.81590005767233,76.78901692986203,79.37828994167006
2019-08-27T15:30:00Z,77.53,77.68,77.33,77.39,88919,184568.45,77.56700975476349,77.37324999999998,78.27154435600714,76.47495564399283,77.68756249999959,77.67799999999951,47.311462597007335,67.65305638545094,74.80359147025803
2019-08-27T16:30:00Z,77.38,77.42,77.11,77.275,95803,185193.25,77.55276537648234,77.34699999999998,78.22431636257336,76.4696836374266,77.66331249999959,77.56499999999953,45.29696922594416,64.56228956228985,69.66812095920075
2019-08-27T17:30:00Z,77.27,77.54,77.23,77.27,85019,184112.85,77.5389719434832,77.31924999999998,78.16901040743164,76.46948959256832,77.63931249999959,77.40499999999953,45.206841071800035,60.185185185185354,64.13351037764187
2019-08-27T18:30:00Z,77.26,77.68,77.22,77.22,112874,178383.75,77.52341233648403,77.29074999999997,78.11324179329911,76.46825820670084,77.62306249999959,77.33699999999952,44.25848258468236,57.323232323232446,60.6902356902357
2019-08-27T19:30:00Z,77.24,77.47,77.02,77.11,207802,178627.45,77.50324588104579,77.25599999999999,78.04676292277423,76.46523707722574,77.5978124999996,77.25299999999952,42.16289341580586,47.97268459240283,55.16036736694002
2019-08-28T13:30:00Z,76.93,77.1199,76.28,76.71,181751,177941.15,77.46455096001917,77.22949999999999,78.05537468784999,76.40362531214998,77.5620624999996,77.11699999999952,35.56782989229404,36.487873107591284,47.261263341075335
2019-08-28T14:30:00Z,76.7,77.117,76.63,77.075,185586,174014.8,77.44554847416457,77.23924999999998,78.05290394980828,76.42559605019169,77.5394374999996,77.07699999999952,44.152264575173824,32.52979414951241,38.996783949835326
2019-08-28T15:30:00Z,77.08,77.33,77.01,77.14,110261,171128.25,77.43064367054679,77.25224999999999,78.05069520790909,76.45380479209089,77.52218749999959,77.05099999999952,45.54369747392581,38.186813186813275,35.73482681463881
2019-08-28T16:30:00Z,77.15,77.18,76.91,77.0841,153994,171303.8,77.41373910125182,77.26720499999999,78.04090423997047,76.4935057600295,77.50503999999958,77.02381999999952,44.516484039862505,45.03846153846189,38.58502295826235
2019-08-28T17:30:00Z,77.085,77.24,77.05,77.14,119842,165970.15,77.40038597436148,77.29270499999998,78.01245474396372,76.57295525603625,77.49110249999958,77.02981999999952,45.83218859013743,46.228937728938035,43.15140415140422
2019-08-28T18:30:00Z,77.14,77.37,77.1,77.11,148837,147805.95,77.38622080488044,77.32370499999999,77.9498079100151,76.69760208998488,77.47185249999959,77.10981999999953,45.2125372234221,45.67948717948747,45.648962148962276
2019-08-28T19:30:00Z,77.11,77.25,77,77.04,289173,156886.7,77.36933198513017,77.32970499999999,77.9423737636309,76.71703623636908,77.44535249999959,77.10281999999953,43.72698535017525,44.87179487179515,45.593406593406705
2019-08-29T13:30:00Z,77.87,78.12,77.4,77.98,208265,162263.35,77.39912066878236,77.36320499999998,78.03801836229754,76.68839163770242,77.44435249999961,77.27081999999953,61.85304248579301,59.91798057015472,50.156420873812266
2019-08-29T14:30:00Z,77.98,78.07,77.54,78.0344,104489,162372.95,77.43010990445151,77.39042499999998,78.12479174184692,76.65605825815304,77.44121249999961,77.46087999999952,62.60377742481356,76.49912406434167,60.429633168763665
2019-08-29T15:30:00Z,78.03,78.06,77.915,78.05,77511,160543.65,77.46034844569778,77.41392499999998,78.19935839089695,76.62849160910301,77.4432124999996,77.64287999999952,62.829686319552685,94.64492753623183,77.02067739024255
2019-08-29T16:30:00Z,78.05,78.27,77.9801,78.19,138003,161484.65,77.49594120444422,77.44092499999996,78.29139652306463,76.5904534769353,77.4470874999996,77.85887999999952,64.88012451384489,95.8411259194523,88.99505917334174
2019-08-29T17:30:00Z,78.18,78.41,78.17,78.29,82170,156195.3,77.53467577983719,77.46342499999997,78.3764476237811,76.55040237621884,77.4495874999996,78.10887999999952,66.3097154425912,95.51391628483314,95.33332324683892
2019-08-29T18:30:00Z,78.3,78.31,77.94,77.97,81257,145755.85,77.55591110765,77.45842499999998,78.3591176842894,76.55773231571055,77.45196249999961,78.10687999999952,58.152171620054276,89.89627322842722,93.7504384775707
2019-08-29T19:30:00Z,77.96,78.07,77.87,77.99,210180,143602.15,77.57708617556952,77.47992499999998,78.40935988826891,76.55049011173105,77.4602124999996,78.09799999999953,58.49583921909423,84.66353677621304,90.02457542982428
2019-08-30T13:30:00Z,78.38,78.38,77.88,78.03,73450,137759.3,77.59917953285881,77.50492499999999,78.46480218564838,76.54504781435159,77.45421249999961,78.09399999999951,59.21720792341692,79.42536617959959,84.66172539474644
2019-08-30T14:30:00Z,78.04,78.26,77.79,77.9,107667,138696.7,77.61385370198765,77.53042499999998,78.50373816210696,76.557111837893,77.4518374999996,78.03599999999952,55.8214640388731,74.97779184470149,79.68889826683785
2019-08-30T15:30:00Z,77.89,78.16,77.89,78.115,56022,136707.65,77.6382998628663,77.57242499999998,78.57021240798277,76.5746375920172,77.4597124999996,78.00099999999952,59.91542823169195,74.99500624219758,76.46605475549937
2019-08-30T16:30:00Z,78.09,78.16,78.005,78.04,57348,135324.1,77.65789499150698,77.61092499999998,78.61843867808561,76.60341132191435,77.46508749999961,78.01499999999952,57.89976933109744,73.36406619385387,74.44562142691747
2019-08-30T17:30:00Z,78.06,78.13,77.94,78.125,95806,134470.7,77.68068060167737,77.65617499999998,78.67066192033776,76.64168807966219,77.47346249999961,78.04199999999952,59.560232947318084,77.95981087470479,75.4396277702519
2019-08-30T18:30:00Z,78.13,78.14,77.965,78.05,121192,130140.2,77.69869618208335,77.70317499999997,78.69901932093553,76.70733067906441,77.47958749999961,78.04599999999952,57.40869225914129,76.00472813238804,75.77620173364873
2019-08-30T19:30:00Z,78.06,78.17,77.9839,78.01,309679,136536.6,77.71388173417685,77.76817499999997,78.66056219821468,76.87578780178526,77.49883749999961,78.06799999999951,56.24178673338088,71.55045291763247,75.17166397490826
2019-09-03T13:30:00Z,77.9,77.94,77,77.37,193403,136927.45,77.69710701543652,77.78292499999998,78.63796594143587,76.92788405856409,77.5110874999996,77.91899999999951,41.65325328027515,53.70175315403916,67.08564473468638
2019-09-03T14:30:00Z,77.35,77.81,77.33,77.75,137556,138292.2,77.69968716102498,77.81342499999997,78.61649430681027,77.01035569318967,77.5328374999996,77.8609999999995,49.95388592270342,46.609554572478935,57.28725354805002
2019-09-03T15:30:00Z,77.76,77.85,77.29,77.36,89857,135085.35,77.68311705560913,77.82721999999998,78.58807146936256,77.0663685306374,77.54721249999959,77.70799999999952,43.1664387489611,34.988179669030984,45.099829131849525
2019-09-03T16:30:00Z,77.35,77.47,77.14,77.215,83179,133252.2,77.66028207728674,77.83096999999997,78.57886511860912,77.08307488139081,77.5618374999996,77.54099999999951,40.93921049890721,31.323877068558133,37.640537103355854
2019-09-03T17:30:00Z,77.215,77.22,77.015,77.09,99696,130795.15,77.63246343937031,77.82996999999997,78.5817617719914,77.07817822800855,77.5768374999996,77.35699999999952,39.06782017306994,15.767293658135735,27.359783465241453
2019-09-03T18:30:00Z,77.09,77.3,77.035,77.25,193467,126009.85,77.61380668623029,77.84046999999997,78.55265845009023,77.1282815499097,77.5850874999996,77.33299999999952,42.67965878849193,13.295302703258576,20.12882447665065
2019-09-03T19:30:00Z,77.25,77.28,77.075,77.1,317769,131485.05,77.58874294543857,77.79646999999997,78.57443775539559,77.01850224460435,77.5798374999996,77.2029999999995,40.269666701370774,10.62801932367155,13.23020522835512
2019-09-04T13:30:00Z,77.51,77.84,77.02,77.26,191926,135856.9,77.57270670419766,77.75774999999996,78.56116443230702,76.9543355676929,77.5740874999996,77.18299999999951,43.90805136634488,15.332413158500183,13.085245061809935
2019-09-04T14:30:00Z,77.26,77.32,77.09,77.285,158797,139921.2,77.55867223082217,77.71949999999995,78.53634698692557,76.90265301307434,77.56671249999961,77.1969999999995,44.47715336123404,17.413423935163006,14.457952139111413
2019-09-04T15:30:00Z,77.29,77.61,77.245,77.47,79235,136982.8,77.55434675614792,77.68349999999997,78.4773708963273,76.88962910367263,77.56221249999962,77.2729999999995,48.63061629224096,28.388278388278405,20.378038493980366
2019-09-04T16:30:00Z,77.465,77.55,77.315,77.405,135365,139642.55,77.54706154853095,77.63924999999998,78.39047749552249,76.88802250447746,77.55133749999962,77.3039999999995,47.29201048889172,33.048433048432976,26.283378457291295
2019-09-04T17:30:00Z,77.4051,77.44,77.195,77.34,124570,141808.2,77.53696098518797,77.60774999999997,78.35367543195511,76.86182456804482,77.53308749999961,77.3519999999995,45.930476265362394,34.615384615384734,32.01736535069853
2019-09-04T18:30:00Z,77.35,77.56,77.35,77.53,179909,140294.65,77.5366214249349,77.58474999999996,78.31019796508217,76.85930203491775,77.53233749999961,77.40599999999952,50.42352715921311,36.32478632478651,34.662867996201236
2019-09-04T19:30:00Z,77.52,77.69,77.5,77.6,261517,149698,77.53971306274296,77.56324999999995,78.25954214417814,76.86695785582177,77.53408749999961,77.46899999999951,52.00588923505308,46.06292053100565,39.00103049039213
2019-09-05T13:30:00Z,78.22,78.57,77.58,78.22,282532,158441.25,77.57289779138965,77.57924999999996,78.31910319492631,76.8393968050736,77.55483749999962,77.61899999999952,63.2072507497324,62.206964649326295,48.19822383503932
2019-09-05T14:30:00Z,78.1403,78.25,77.7657,77.8267,180213,164650.8,77.58527838693162,77.56483499999996,78.27292557975883,76.85674442024109,77.56862999999962,77.70333999999951,54.515283527612524,64.50703518733907,57.59230678922351
2019-09-05T15:30:00Z,77.82,78.08,77.81,77.84,102931,166929.95,77.59770383147153,77.55483499999997,78.24111414811249,76.86855585188745,77.58287999999962,77.80333999999952,54.74193551628513,60.91532690246559,62.54310891304348
2019-09-05T16:30:00Z,77.84,77.92,77.765,77.78,113218,167800.55,77.60659632749731,77.53758499999996,78.18172089338091,76.89344910661902,77.59687999999963,77.85333999999952,53.44800826161471,51.48338692390181,58.968583004568664
2019-09-05T17:30:00Z,77.7763,77.83,77.57,77.58,100038,166742.85,77.60529894566818,77.51408499999997,78.11454151727423,76.9136284827257,77.60862999999962,77.84933999999953,49.26763682177222,46.126612038862184,52.8417752884097
2019-09-05T18:30:00Z,77.58,77.995,77.555,77.945,182275,160372.65,77.62186972880632,77.51083499999996,78.10113745564819,76.92053254435173,77.63950499999962,77.79433999999954,56.027151261964796,48.3341976973345,48.648065553365996
2019-09-05T19:30:00Z,77.94,77.99,77.785,77.83,303923,165898.65,77.6320224249621,77.53383499999997,78.13612010619111,76.93154989380882,77.65837999999962,77.79499999999953,53.60380386731778,49.35483870967761,47.93854948195793
2019-09-06T13:30:00Z,77.95,78.55,77.85,78.48,220048,170023.25,77.67338718472004,77.57033499999997,78.29636428944696,76.84430571055299,77.69187999999963,77.92299999999952,63.273218895071,68.6181342632959,55.435723556769176
2019-09-06T14:30:00Z,78.49,78.86,78.425,78.75,306046,180832.7,77.72590488302639,77.63983499999996,78.5214648935135,76.75820510648643,77.73352749999962,78.11699999999952,66.40523854534037,79.8567922761475,65.94325508304017
2019-09-06T15:30:00Z,78.73,78.94,78.64,78.76,208342,187090.85,77.77634854726901,77.71708499999997,78.70108601073835,76.73308398926159,77.77402749999962,78.35299999999953,66.51912166971532,92.33237535529845,80.26910063158046
2019-09-06T16:30:00Z,78.77,78.9,78.53,78.9,131052,188658.65,77.83116081325589,77.80758499999996,78.87374983206819,76.74142016793174,77.81877749999961,78.54399999999951,68.14710317135528,93.59531451222034,88.59482738122193
2019-09-06T17:30:00Z,78.9,79.06,78.82,78.82,399114,198941,77.87939687114584,77.88608499999995,79.00629706436357,76.76587293563634,77.86327749999961,78.7419999999995,66.16720857172862,91.11915414132295,92.3489480029471
2019-09-06T18:30:00Z,78.835,79.1,78.8,79.03,252997,195702.4,77.93552385304116,77.98258499999996,79.14695111473648,76.81821888526343,77.88952749999962,78.8519999999995,68.73504016503398,93.09921622346239,92.6045616256684
2019-09-06T19:30:00Z,79.03,79.15,78.96,79.15,352846,203748.4,77.9947665919172,78.07708499999995,79.29699204119095,76.85717795880896,77.91741749999963,78.9319999999995,70.13014994630649,93.86330409356731,92.69389148611738
2019-09-09T13:30:00Z,79.33,79.47,79.07,79.3,292430,210430.05,78.0584365142627,78.17783499999996,79.4510967284529,76.90457327154702,77.94866749999963,79.03999999999951,71.82271124934674,95.58257180156674,94.1816973728653
2019-09-09T14:30:00Z,79.29,79.295,78.93,78.96,186580,215797.3,78.10241522088403,78.25233499999996,79.52557683450829,76.97909316549163,77.96791749999961,79.05199999999951,63.09538341618448,88.16362053959956,92.5364988115777
2019-09-09T15:30:00Z,78.94,78.99,78.76,78.83,137804,215919.25,78.13790716132871,78.32358499999995,79.55808188908054,77.08908811091936,77.98141749999961,79.0539999999995,60.08887326890149,77.02349869451682,86.92323034522754
2019-09-09T16:30:00Z,78.83,78.9675,78.74,78.79,193281,219354.8,78.16971656809316,78.39608499999996,79.5592609407518,77.23290905924812,78.0019174999996,79.00599999999949,59.15485196000659,68.14621409921669,77.77777777777753
2019-09-09T17:30:00Z,78.785,78.835,78.59,78.695,222325,221475.6,78.1953401501374,78.45433499999994,79.55308675046503,77.35558324953486,78.0195424999996,78.9149999999995,56.89297155142701,63.533507397737104,69.56774006382338
2019-09-09T18:30:00Z,78.69,79.09,78.67,79.08,225747,219687.1,78.23849428915508,78.52833499999996,79.5855318071948,77.47113819280511,78.0457924999996,78.8709999999995,63.057834476646775,66.95849571166256,66.21273906953861
2019-09-09T19:30:00Z,79.07,79.28,78.99,79.12,410394,226080.2,78.28149456773289,78.57333499999996,79.65062998706232,77.4960400129376,78.0762924999996,78.90299999999952,63.63965268232951,71.59322908152798,67.36174406364239
2019-09-10T13:30:00Z,78.78,78.78,77.94,78.17,442532,239196.15,78.2760558083313,78.59049999999995,79.62993686679485,77.55106313320505,78.07766749999959,78.77099999999953,45.365448804829285,56.760780291162064,65.1041683614507
2019-09-10T14:30:00Z,78.19,78.33,78.11,78.18,175526,242825.9,78.2713701591444,78.60749999999994,79.6076624868285,77.60733751317139,78.08116749999961,78.64899999999952,45.54271573457769,36.37133865892084,54.90844934387013
2019-09-10T15:30:00Z,78.18,78.4,78.06,78.19,156507,244990.35,78.26740088308857,78.62799999999996,79.57486535476076,77.68113464523915,78.08279249999961,78.54799999999952,45.73233661069506,15.686274509804258,36.27279781996222
2019-09-10T16:30:00Z,78.195,78.35,78.05,78.07,72606,243618.75,78.2577715717184,78.65249999999995,79.51085016167781,77.79414983832208,78.0832924999996,78.34599999999952,43.76307277043477,13.50762527233131,21.855079480351964
2019-09-10T17:30:00Z,78.06,78.17,77.98,78.07,227003,245855.15,78.24861198285409,78.65874999999996,79.49801083552632,77.8194891644736,78.0847924999996,78.13599999999953,43.76307277043477,11.111111111110972,13.43500363108201
2019-09-10T18:30:00Z,78.07,78.215,78.05,78.15,207717,241044.85,78.24380164222706,78.67474999999995,79.46071103596555,77.88878896403435,78.1042924999996,78.13199999999952,45.57506585107691,10.239651416122042,11.619462599854606
2019-09-10T19:30:00Z,78.15,78.38,78.11,78.38,278508,243967.85,78.25044546455744,78.66974999999995,79.46185147711498,77.87764852288493,78.1200424999996,78.17199999999953,50.512000543864296,16.993464052287663,12.781408859840056
2019-09-11T13:30:00Z,78.39,78.89,78.21,78.595,240046,240667.85,78.26725300287171,78.66199999999995,79.45384215602124,77.87015784397866,78.15091749999961,78.25299999999953,54.65298396544112,30.27438117518447,19.169165547864555
2019-09-11T14:30:00Z,78.59,78.8,78.515,78.74,256217,243061.6,78.29031383199992,78.66099999999996,79.45239497095037,77.86960502904955,78.1890424999996,78.38699999999952,57.2510110108752,45.59971528892917,30.95585350546693
2019-09-11T15:30:00Z,78.75,79.245,78.745,79.21,194211,246219.55,78.33517657190237,78.67649999999995,79.4975974363938,77.85540256360609,78.2420424999996,78.61499999999953,64.3755622068301,67.6056984450439,47.82659830305234
2019-09-11T16:30:00Z,79.22,79.505,79.2,79.39,183137,235420.7,78.38663137327298,78.70499999999996,79.58172686741597,77.82827313258394,78.29554249999958,78.86299999999952,66.66678932671277,82.37645637626552,65.1939567034127
2019-09-11T17:30:00Z,79.395,79.52,79.21,79.445,116009,228571.3,78.4382591111621,78.72574999999996,79.65058660721508,77.80091339278485,78.35416749999959,79.07599999999952,67.35762809031388,94.22701371614842,81.40305617915244
2019-09-11T18:30:00Z,79.45,79.68,79.44,79.55,276915,224774.75,78.49249037403224,78.74574999999996,79.72227585733478,77.76922414266514,78.41141749999959,79.26699999999951,68.69167375172037,93.47788579254807,90.02711862832051
2019-09-11T19:30:00Z,79.555,79.77,79.48,79.75,381840,229245.25,78.55383230700627,78.76824999999995,79.81316279542709,77.72333720457281,78.4730424999996,79.46899999999951,71.11332665961889,95.56300133809411,94.4226336155967
2019-09-12T13:30:00Z,79.95,80.6,79.76,80.015,376061,238719.3,78.62510877983523,78.82099999999996,79.99753559234102,77.64446440765889,78.5366674999996,79.62999999999951,73.98465106701988,89.70253172750381,92.91447295271514
2019-09-12T14:30:00Z,80.03,80.22,79.53,79.6,188933,241275.75,78.67266444911156,78.85949999999997,80.08410565082694,77.634894349173,78.59154249999959,79.6719999999995,63.36267869445764,79.47030687301007,88.24527997953582
2019-09-12T15:30:00Z,79.61,79.62,79.39,79.47,101365,236679.95,78.71155886622807,78.89349999999997,80.1459420146384,77.64105798536156,78.6447924999996,79.6769999999995,60.43558768238284,65.45801526717567,78.21028462256301
2019-09-12T16:30:00Z,79.47,79.79,79.425,79.67,132846,232206,78.75831209226573,78.94224999999997,80.23523675555177,77.64926324444818,78.6982924999996,79.70099999999951,63.248457273818744,61.06870229007643,68.66567481008722
2019-09-12T17:30:00Z,79.68,79.82,79.65,79.79,105495,226193.4,78.8086383316674,78.97774999999997,80.32189089664485,77.6336091033551,78.7530424999996,79.7089999999995,64.86263021159417,63.203113306391536,63.24327695454772
2019-09-12T18:30:00Z,79.79,79.93,79.75,79.87,260650,218706.2,78.86041207158605,79.01524999999995,80.41391534598021,77.61658465401969,78.79429249999959,79.6799999999995,65.93675306015876,67.80728061174538,64.02636540273762
2019-09-12T19:30:00Z,79.88,79.9,79.65,79.65,250977,209128.45,78.89892855589893,79.08924999999996,80.45747978700113,77.7210202129988,78.83987499999958,79.68999999999951,60.46292402379103,66.38969035548264,65.80002809120636
2019-09-13T13:30:00Z,80.09,80.09,79.42,79.57,139253,207314.8,78.93166374829411,79.15874999999997,80.47541577005595,77.84208422994399,78.88312499999958,79.7099999999995,58.55917110577779,60.51109911083109,64.90269002601956
2019-09-13T14:30:00Z,79.56,79.75,79.39,79.4331,122102,205594.55,78.95612405325538,79.22090499999996,80.46409205187321,77.97771794812671,78.92445249999959,79.6626199999995,55.34759418419779,49.31496867714646,58.7385860478199
2019-09-13T15:30:00Z,79.435,79.51,79.24,79.26,79949,205961.7,78.97094727016975,79.28040499999996,80.40590145310114,78.15490854689878,78.96645249999959,79.5566199999995,51.50148620655921,30.659858097349584,46.82864196177555
2019-09-13T16:30:00Z,79.26,79.3067,79.03,79.26,101600,199691.55,78.9850474033322,79.33990499999996,80.3195214994236,78.36028850057632,78.9993274999996,79.4346199999995,51.50148620655921,18.67657847900622,32.88380175116726
2019-09-13T17:30:00Z,79.26,79.31,79.155,79.3,121674,195389.4,79.00041094463307,79.39740499999996,80.21200133312475,78.58280866687518,79.0360774999996,79.36461999999949,52.388172241939145,12.04428268122553,20.460239752526952
2019-09-13T18:30:00Z,79.3,79.4,79.19,79.37,153538,189140.9,79.01843967904122,79.44690499999996,80.11540616375628,78.77840383624364,79.05832749999959,79.3246199999995,53.97404020012158,17.834394904458815,16.185085354896696
2019-09-13T19:30:00Z,79.365,79.52,79.32,79.39,518473,203062.25,79.03656457274653,79.48665499999996,80.03078068947652,78.9425293105234,79.07432749999961,79.31599999999949,54.440961152753864,20.59447983014875,16.82438580527754
2019-09-16T13:30:00Z,78.96,79.3,78.8614,79.21,181238,199313.3,79.0450248374906,79.51015499999997,79.95475889779905,79.06555110220089,79.0855774999996,79.3059999999995,49.56722200181594,23.414917879433133,20.614597538013406
2019-09-16T14:30:00Z,79.2,79.26,79.01,79.04,142375,196721.5,79.04477972346668,79.50165499999996,79.97449129931472,79.02881870068519,79.0890774999996,79.2619999999995,45.43059797409357,21.04185797281266,21.68375189413136
2019-09-16T15:30:00Z,79.04,79.06,78.74,78.88,177010,196415.15,79.03674168817562,79.47615499999996,80.02000312764434,78.93230687235558,79.0905774999996,79.1779999999995,41.88743610321597,16.855335994358594,20.437370615534636
2019-09-16T16:30:00Z,78.88,79.12,78.82,79.04,184734,199851.4,79.03690063021584,79.45590499999996,80.03208435224047,78.87972564775944,79.0908274999996,79.11199999999948,46.39012573741794,15.709821276048793,17.869005081073187
2019-09-16T17:30:00Z,79.04,79.45,79.02,79.42,138979,192954.6,79.05558840435165,79.44940499999996,80.02412293598907,78.87468706401084,79.0975774999996,79.1179999999995,55.25708218677375,27.654320987654675,20.07315941935386
2019-09-16T18:30:00Z,79.415,79.5,79.33,79.449,165397,182132.45,79.07477921389547,79.43435499999995,79.99231849159145,78.87639150840846,79.1013024999996,79.16579999999949,55.857134879981736,41.703703703704036,28.35594865580234
2019-09-16T19:30:00Z,79.445,79.64,79.41,79.56,376208,182139.8,79.09844852053472,79.41160499999995,79.90656016761638,78.91664983238353,79.11630249999959,79.26979999999949,58.16955750554636,54.54320987654336,41.300411522633866
2019-09-17T13:30:00Z,79.73,79.94,79.355,79.51,129609,179173.6,79.11852420245985,79.40710499999996,79.8967348581045,78.91747514189542,79.1333024999996,79.39579999999948,56.727987369672604,59.141975308642294,51.79629629629641
2019-09-17T14:30:00Z,79.51,79.51,79.06,79.24,128731,180541.9,79.12444985112035,79.39560499999996,79.88957064450251,78.90163935549741,79.1445524999996,79.43579999999949,49.582283936309366,55.52469135802502,56.40329218107007
2019-09-17T15:30:00Z,79.25,80.07,79.25,80.06,152339,181516.55,79.17008644374862,79.41510499999995,79.97698281407477,78.85322718592514,79.17867749999961,79.56379999999949,64.29304639971693,68.36048454469555,61.00905040378746
2019-09-17T16:30:00Z,80.06,80.17,79.905,80.12,198986,186191.1,79.21642369039502,79.43160499999995,80.05280047483154,78.81040952516835,79.2046774999996,79.6979999999995,65.0955642803918,79.13942782363868,67.67486790878625
2019-09-17T17:30:00Z,80.125,80.26,80.125,80.17,174776,181897.4,79.26293960793673,79.44660499999995,80.1215799757949,78.771630024205,79.23092749999961,79.8199999999995,65.78566652453377,96.61018805755678,81.37003347529685
2019-09-17T18:30:00Z,80.175,80.35,80.03,80.345,339761,186336.6,79.31572304169592,79.48135499999995,80.25847132201788,78.70423867798202,79.28530249999962,79.98699999999948,68.15856001978037,96.75729495523562,90.83563694547688
2019-09-17T19:30:00Z,80.35,80.545,80.2,80.21,302089,194478.4,79.35934630795465,79.51335499999995,80.35265643450084,78.67405356549905,79.33605249999962,80.1809999999995,64.44540951542747,91.73627719183541,95.03458673487579
2019-09-18T13:30:00Z,80.21,80.44,79.67,80.4,173843,197065.45,79.41010990268857,79.56169999999995,80.48420617345134,78.63919382654855,79.39130249999963,80.24899999999948,67.15726174672844,91.03221440328521,93.17526218345192
2019-09-18T14:30:00Z,80.4,80.547,79.75,79.77,169436,201539.8,79.42766551719157,79.58719999999995,80.50310929684747,78.67129070315244,79.43380249999963,80.17899999999949,52.78168642734154,76.80258520649922,86.52369226720646
2019-09-18T15:30:00Z,79.77,79.895,79.6,79.895,130716,202995.6,79.450462321231,79.61894999999996,80.53130617499188,78.70659382500803,79.47942749999963,80.12399999999948,54.846940940420886,70.40466097770899,79.41315352916432
2019-09-18T16:30:00Z,79.8952,80.105,79.88,80.01,100016,201912.7,79.47775684214656,79.65444999999994,80.5696499727146,78.73925002728528,79.52592749999963,80.05699999999948,56.72236357288301,61.360076608088924,69.52244093076554
2019-09-18T17:30:00Z,80,80.1,79.6,79.68,159622,202216.9,79.48762236204185,79.66994999999994,80.57580770960682,78.76409229039307,79.55842749999962,79.95099999999948,50.26996297884621,56.25812123689382,62.67428627423041
2019-09-18T18:30:00Z,79.68,79.99,79.58,79.95,167724,184679.45,79.51017736877151,79.69794999999995,80.60208129027411,78.79381870972578,79.59230249999962,79.86099999999946,54.80036212078271,55.459914764457686,57.69270420314664
2019-09-18T19:30:00Z,79.96,80.25,79.9301,80.12,296233,190429.2,79.53992481419729,79.74344999999994,80.6362985818185,78.85060141818138,79.62680249999963,79.93099999999947,57.42997278445584,57.61040125532434,56.442812418891776
2019-09-19T13:30:00Z,80.72,81.15,80.5501,80.82,182204,192420.65,79.60236750618766,79.83244999999995,80.78024649189447,78.88465350810543,79.66705249999963,80.11599999999947,66.16008078477591,71.78234759730537,61.61755453902896
2019-09-19T14:30:00Z,80.825,80.84,80.64,80.69,108536,188996.95,79.65542274978826,79.92294999999994,80.8346535647921,79.01124643520778,79.69955249999963,80.25199999999947,63.55341946907866,77.09482178883646,68.82919021382189
2019-09-19T15:30:00Z,80.69,80.82,80.58,80.59,120116,185766.05,79.70101188394493,80.00044999999996,80.86082746951232,79.1400725304876,79.72817749999963,80.43399999999947,61.544694261397865,74.77707006369401,74.5514131499451
2019-09-19T16:30:00Z,80.59,80.93,80.57,80.905,143220,185978.1,79.75974301155738,80.07469999999995,80.97717151758303,79.17222848241687,79.76205249999963,80.62499999999946,65.26860352064062,74.83852944463055,75.57014043238684
2019-09-19T17:30:00Z,80.9,80.91,80.57,80.62,125077,183962.1,79.80170676709116,80.13324999999995,81.01750830505294,79.24899169494695,79.78380249999962,80.72499999999947,59.641198507529005,71.65605095541403,73.75721682124602
2019-09-19T18:30:00Z,80.62,80.87,80.54,80.845,142041,172253.75,79.85259911991598,80.19749999999996,81.09248324008965,79.30251675991028,79.80455249999963,80.72999999999948,62.39759575712881,77.0700636942674,74.52154803143715
2019-09-19T19:30:00Z,80.83,81.07,80.76,81.02,400217,185784.15,79.90954550431032,80.27299999999995,81.17796629774212,79.36803370225779,79.84005249999963,80.79599999999945,64.43229225625137,79.51167728237769,76.07926397735287
2019-09-20T13:30:00Z,80.64,80.79,80.14,80.55,913025,224998.85,79.94078718702688,80.33849999999995,81.11550128703013,79.56149871296978,79.86705249999963,80.78799999999946,55.7129335722567,78.02547770700599,78.20240622788351
2019-09-20T14:30:00Z,80.555,80.5962,80.03,80.32,381830,236473.4,79.95928537302558,80.35149999999996,81.11805789086425,79.58494210913567,79.88330249999962,80.67099999999945,52.004132986422,66.87898089171931,74.80537862703414
2019-09-20T15:30:00Z,80.32,80.32,79.39,79.615,226835,237865.85,79.9424909645853,80.32624999999996,81.15258452671817,79.49991547328175,79.87892749999962,80.46999999999946,42.635171837244975,40.5670961204397,61.82385157305481
2019-09-20T16:30:00Z,79.6,79.69,79.08,79.405,249298,241591.95,79.91627189314212,80.28799999999997,81.20551512251039,79.37048487748955,79.86730249999962,80.18199999999945,40.30581437958589,25.206110654220378,44.217395888792936
2019-09-20T17:30:00Z,79.41,79.6584,79.33,79.5869,187031,233955.45,79.90020497152544,80.25009499999996,81.21639996529157,79.28379003470835,79.86572499999961,79.89537999999945,43.20055909823121,17.657498902064077,27.81023522557453
2019-09-20T18:30:00Z,79.6,79.67,79.39,79.565,305496,234125.8,79.88385350949982,80.21784499999995,81.22934613492299,79.20634386507692,79.86559999999962,79.69837999999945,42.93063500564544,21.20611916264094,21.356576239641612
2019-09-20T19:30:00Z,79.57,80.85,79.48,80.59,1004044,275635.85,79.91829967976811,80.22734499999996,81.24902857427615,79.20566142572376,79.89452249999962,79.75237999999946,56.598997252539526,40.28824476650565,26.383954277070035
2019-09-23T13:30:00Z,80.02,80.53,79.81,80.3,207121,277520.1,79.9369192075843,80.25384499999996,81.25397058508699,79.25371941491292,79.92052249999962,79.88937999999946,52.74961078366387,52.56111475250655,38.01849289388419
2019-09-23T14:30:00Z,80.32,80.63,80.25,80.6,149165,278442.55,79.96926461209237,80.28909499999996,81.28583551083454,79.29235448916538,79.95402249999962,80.12837999999945,56.07756346452297,70.21176737147907,54.3537089634969
2019-09-23T15:30:00Z,80.59,80.78,80.4,80.46,173350,282109.25,79.99320292369762,80.31159499999997,81.30241766119424,79.3207723388057,79.98302249999962,80.30299999999946,54.16045996223849,69.0117252931324,63.92820247237248
2019-09-23T16:30:00Z,80.5,80.67,80.21,80.35,232794,285767.85,80.010607659127,80.34509499999997,81.29259333030849,79.39759666969145,80.00752249999962,80.45999999999945,52.637798094401205,69.8492462311558,69.69091296525558
2019-09-23T17:30:00Z,80.34,80.36,80.03,80.07,113853,283074.3,80.01350484648667,80.35109499999996,81.28999037539947,79.41219962460045,80.02452249999962,80.35599999999945,48.87140228501773,60.97152428810718,66.61083193746494
2019-09-23T18:30:00Z,80.07,80.24,80,80.12,211831,278854.2,80.0186997320239,80.35109499999996,81.28999037539947,79.41219962460045,80.04727249999961,80.31999999999945,49.56539281315136,55.27638190954789,62.03238414293677
2019-09-23T19:30:00Z,80.12,80.13,79.91,79.96,276351,283561.55,80.01583633046177,80.30809499999997,81.23585855066386,79.38033144933607,80.07027249999962,80.19199999999945,47.35051861874233,50.57585479185013,55.60792032983488
2019-09-24T13:30:00Z,80.49,80.4904,80.01,80.07,234865,289878,80.01847846068314,80.27709499999996,81.19310196828395,79.36108803171597,80.10002249999961,80.11399999999945,49.03662915517199,52.63700801559597,52.829748238997816
2019-09-24T14:30:00Z,80.05,80.15,79.66,79.74,233377,295541.05,80.00489414552787,80.23459499999996,81.16730935388559,79.30188064611433,80.11752249999961,79.99199999999945,44.43872923287527,47.64595103578145,50.28627128107567
2019-09-24T15:30:00Z,79.74,79.8,79.17,79.54,672562,322008.15,79.98221638233139,80.16634499999995,81.09258885879349,79.24010114120641,80.12052249999961,79.88599999999946,41.87598825009563,39.73634651600766,46.67310185579485
2019-09-24T16:30:00Z,79.545,79.67,79.03,79.2,570869,344297.75,79.9440594856323,80.09534499999997,81.08699395297597,79.10369604702396,80.11429749999961,79.70199999999946,37.876982232248956,24.205831832950704,37.19604312824642
2019-09-24T17:30:00Z,79.21,79.7,79.21,79.61,174955,345943.45,79.9277639009673,80.03359499999996,80.98376910296423,79.0834208970357,80.11554749999962,79.63199999999945,44.731182424318575,22.39916392458792,28.78044742451525
2019-09-24T18:30:00Z,79.63,79.65,79.3,79.45,216308,336748,79.90445834482256,79.95509499999997,80.82210104723154,79.0880889527684,80.11404749999961,79.50799999999946,42.74896777100287,21.428571428571587,22.677855728703225
2019-09-24T19:30:00Z,79.44,79.57,79.28,79.37,367816,309487.55,79.87838720605073,79.89609499999997,80.75368483549087,79.03850516450908,80.11729749999961,79.43399999999946,41.75269221341819,24.79120879120897,22.872981381455986
2019-09-25T13:30:00Z,79.53,79.65,78.86,79.22,184936,299642.85,79.84627075697509,79.84109499999997,80.72361532607708,78.95857467392285,80.09629749999961,79.36999999999946,39.87617195002047,20.41849816849832,22.21275946275945
2019-09-25T14:30:00Z,79.215,79.45,79.05,79.21,134418,295022,79.81523315907387,79.82084499999998,80.7409723096338,78.90071769036615,80.0735474999996,79.37199999999946,39.747916282551536,18.802579365079353,21.337428774928707
2019-09-25T15:30:00Z,79.18,79.31,79.02,79.28,171675,291140.85,79.7891242244849,79.81459499999997,80.74754476603329,78.88164523396665,80.0512974999996,79.30599999999946,41.17422483785139,20.06119551872309,19.76075768410008
2019-09-25T16:30:00Z,79.26,79.43,79.115,79.32,79098,285744.2,79.76624011597343,79.80124999999997,80.75426560849672,78.84823439150321,80.02567249999962,79.27999999999946,42.018870818991466,23.21584059559576,20.69320515979923
2019-09-25T17:30:00Z,79.315,79.49,79.205,79.41,149470,277942.9,79.74886254934059,79.79349999999997,80.75654257436686,78.83045742563307,80.0056724999996,79.28799999999947,43.96830259928372,28.384136037750462,23.887057384022928
2019-09-25T18:30:00Z,79.395,79.9727,79.395,79.91,267079,241094.65,79.75672291278738,79.75949999999997,80.65317723482251,78.86582276517744,79.99342249999961,79.42599999999946,53.3518666181563,42.11645403990835,31.238810224418017
2019-09-25T19:30:00Z,79.92,80.03,79.79,79.8,227692,242123.2,79.75883399021238,79.73449999999995,80.59360360262905,78.87539639737086,79.99417249999962,79.54399999999946,51.315797624858874,51.92999672881916,40.81019560215915
2019-09-26T13:30:00Z,79.97,80.01,79.11,79.14,239307,246630.3,79.72864696629958,79.66149999999996,80.46000547903287,78.86299452096705,79.9752974999996,79.51599999999945,41.164873332977976,47.92045451663872,47.32230176178857
2019-09-26T14:30:00Z,79.14,79.47,79.04,79.42,142588,245092.2,79.713591016724,79.60949999999997,80.32429997204795,78.89470002795198,79.96054749999959,79.53599999999946,46.041434536292726,42.40774583906255,47.4193990281733
2019-09-26T15:30:00Z,79.45,79.48,79.17,79.48,114433,239174.15,79.70219633298136,79.56599999999996,80.19612379739637,78.93587620260355,79.9555474999996,79.54999999999946,47.05414856361342,40.85337573709685,43.727192030932535
2019-09-26T16:30:00Z,79.46,79.5,79.15,79.17,123181,239640.55,79.67623553625056,79.52099999999997,80.12887827731807,78.91312172268188,79.9360474999996,79.40199999999945,42.60495158688378,42.45014245014269,41.90375467543386
2019-09-26T17:30:00Z,79.18,79.39,79.13,79.145,164573,237277.65,79.65032160765297,79.47224999999996,80.0348553235117,78.90964467648821,79.9116724999996,79.27099999999946,42.25793123615873,34.615384615384706,39.30630093420791
2019-09-26T18:30:00Z,79.15,79.21,79.055,79.18,138669,230393.55,79.62737909020649,79.43324999999996,79.9623461633264,78.90415383667352,79.87067249999959,79.27899999999946,42.95841675028122,26.068376068376256,34.37796771130105
2019-09-26T19:30:00Z,79.19,79.28,78.96,78.99,249302,231115.4,79.59628742726959,79.37924999999997,79.85515203827745,78.90334796172249,79.8281724999996,79.19299999999944,40.113511906088,20.940170940170944,27.207977207977127
2019-09-27T13:30:00Z,79.03,79.15,78.26,78.73,333936,236143.35,79.55402950398815,79.32874999999997,79.85273353985541,78.80476646014453,79.78167249999959,79.04299999999945,36.546760841559504,21.67173692597433,22.893427978173673
2019-09-27T14:30:00Z,78.73,78.74,78.1,78.12,305873,217808.9,79.48407684525702,79.25774999999996,79.9910199025927,78.52448009740722,79.7120474999996,78.83299999999944,29.842404404392724,12.900350952515794,18.504086272886852
2019-09-27T15:30:00Z,78.11,78.14,77.37,77.86,380927,208311.8,79.40485358451278,79.19074999999995,80.14458580875058,78.23691419124933,79.6430474999996,78.57599999999944,27.524695330373135,15.33699812600515,16.636362001498252
2019-09-27T16:30:00Z,77.84,77.92,77.34,77.495,172440,208186.05,79.31168999502435,79.08499999999995,80.2703396138038,77.8996603861961,79.55929749999959,78.23899999999944,24.632439326288406,8.406467948672647,12.214605675731027
2019-09-27T17:30:00Z,77.49,77.52,76.99,77.19,291889,211965.1,79.20819292209633,78.97199999999995,80.40221466922,77.5417853307799,79.46354749999959,77.87899999999944,22.504428390410467,10.254027261462246,11.332497778713178
2019-09-27T18:30:00Z,77.18,77.28,76.765,76.97,356817,211415.15,79.09901277955504,78.85199999999996,80.51267275525528,77.19132724474464,79.37404749999959,77.52699999999943,21.089176999385515,6.206580927403553,8.289025379179312
2019-09-27T19:30:00Z,77,77.58,76.99,77.57,357997,220068.2,79.02442679030845,78.76949999999997,80.51082966437936,77.02817033562057,79.3052974999996,77.41699999999943,33.39201134843792,12.555018997220136,9.671875728695143
2019-09-30T13:30:00Z,77.87,78.24,77.62,78.21,387033,232698.95,78.98469865419584,78.71949999999997,80.46478765538652,76.97421234461342,79.27017249999959,77.48699999999943,43.50919777693108,27.973249216277726,15.578283046966968
2019-09-30T14:30:00Z,78.2111,78.52,78.06,78.5,148167,231523.55,78.9610548174058,78.68049999999997,80.40872134000448,76.95227865999546,79.24754749999958,77.68799999999943,47.40737005929698,47.025987573813815,29.184751929103722
2019-09-30T15:30:00Z,78.51,78.94,78.43,78.91,213485,238242.9,78.95856433850795,78.65999999999997,80.36698857642392,76.95301142357602,79.23062499999959,78.03199999999944,52.40761520043272,64.89945155393046,46.63289611467383
2019-09-30T16:30:00Z,78.93,79.09,78.72,78.72,95654,235552.1,78.9469270537027,78.62549999999996,80.29800381166967,76.95299618833025,79.2094999999996,78.38199999999944,50.03360473684455,72.1136357041293,61.34635827729102
2019-09-30T17:30:00Z,78.74,78.99,78.7,78.895,85511,226473.7,78.9443940266928,78.57474999999997,80.1468520164247,77.00264798357523,79.16712499999959,78.64699999999944,52.18216373119708,79.19860910564579,72.07056545456835
2019-09-30T18:30:00Z,78.9,78.91,78.725,78.805,110357,220606.95,78.93759431807365,78.52499999999996,79.99875710347631,77.05124289652362,79.12974999999958,78.76599999999944,50.96833106498156,80.09378648742471,77.1353437657331
2019-09-30T19:30:00Z,78.805,78.82,78.59,78.77,364646,226873.9,78.92941898548469,78.50649999999996,79.95803401615282,77.0549659838471,79.08399999999958,78.81999999999944,50.47658945438692,83.2907516466539,80.86104907990797
2019-10-01T13:30:00Z,78.88,79.37,78.44,78.71,307558,235122.4,78.9187156203391,78.47099999999996,79.86502152065471,77.07697847934521,79.04024999999959,78.77999999999943,49.59325124511109,79.94817117300182,81.11090310235998
2019-10-01T14:30:00Z,78.7,78.765,78.39,78.715,182266,238514.05,78.90877827300548,78.43274999999996,79.7540125590886,77.11148744091132,78.99937499999959,78.77899999999944,49.6722913682861,77.86241316824717,80.36711199596748
2019-10-01T15:30:00Z,78.72,78.795,78.33,78.4,258402,245275.1,78.88395982066375,78.39424999999996,79.67147854260865,77.11702145739126,78.95762499999958,78.67999999999944,44.89599013845145,70.76135636596285,76.19064690240378
2019-10-01T16:30:00Z,78.4,78.51,78.16,78.39,320501,253071.5,78.85986421965576,78.35649999999995,79.5864963414795,77.1265036585204,78.91437499999958,78.59699999999944,44.74888296769966,66.66666666666671,71.76347873362542
2019-10-01T17:30:00Z,78.385,78.5,78,78.15,267451,259510.6,78.82523669674572,78.30499999999995,79.4776806897264,77.1323193102735,78.86912499999958,78.47299999999944,41.255070815760625,59.43698016634686,65.62166773299198
2019-10-01T18:30:00Z,78.15,78.385,78.13,78.3,132218,253656.4,78.79961539446543,78.27049999999994,79.40035795570192,77.14064204429796,78.82487499999958,78.39099999999945,44.188051723824,56.86301391957935,60.988886917530806
2019-10-01T19:30:00Z,78.29,78.315,78.1,78.205,426502,258284.7,78.77060976546711,78.24424999999994,79.35440888505548,77.1340911149444,78.78649999999958,78.28899999999945,42.732867696118085,47.21252493319778,54.504173006374494
2019-10-02T13:30:00Z,77.6,77.97,76.44,76.75,499756,267978.85,78.67204343544432,78.17574999999995,79.46305445119104,76.88844554880886,78.71674999999958,77.95899999999946,27.69158325867457,33.0169310044836,45.69748995242008
2019-10-02T14:30:00Z,76.73,76.79,76.14,76.17,339717,265918.35,78.54999253615435,78.09124999999995,79.64471668778593,76.53778331221396,78.64099999999958,77.51499999999946,24.05656799598539,14.97918959212924,31.736215176603377
2019-10-02T15:30:00Z,76.165,76.33,76.0318,76.1,338584,274225.55,78.43048070512243,78.02149999999995,79.78663767170161,76.25636232829828,78.55324999999957,77.10499999999945,23.65301581061513,4.51733818090394,17.504486259172094
2019-10-02T16:30:00Z,76.09,76.13,75.82,76.08,265895,272925.85,78.31582310975061,77.96599999999995,79.89446985977423,76.03753014022567,78.46899999999957,76.66099999999945,23.531555799939667,3.4319178088422433,7.642815193958309
2019-10-02T17:30:00Z,76.07,76.34,75.9,76.24,290548,269612.4,78.21456344586034,77.92949999999995,79.95707959154574,75.90192040845416,78.39074999999957,76.26799999999945,26.77124332589598,7.065982257453406,5.0050794157330305
2019-10-02T18:30:00Z,76.225,76.36,76.17,76.33,143562,258890.65,78.12263352167203,77.86749999999995,80.00795205506965,75.72704794493025,78.31849999999957,76.18399999999944,28.603576878600464,11.173708920187915,7.223869662161022
2019-10-02T19:30:00Z,76.32,76.45,76.25,76.44,504266,264752.3,78.04055383768802,77.77899999999995,80.00032753101613,75.55767246898378,78.24924999999958,76.23799999999946,30.880043003471613,14.553990610328745,10.931227262656522
2019-10-03T13:30:00Z,76.6,76.99,76.02,76.5,265314,270609.65,77.96540486999592,77.67899999999995,79.94118832108659,75.4168116789133,78.17974999999957,76.31799999999944,32.15082931971206,18.22937625754543,14.652358596020528
2019-10-03T14:30:00Z,76.48,76.99,76.31,76.88,124238,266147.3,77.91245829097173,77.57749999999994,79.79129651279436,75.36370348720553,78.11874999999957,76.47799999999945,39.71088522771575,25.317394563459303,19.36692047711099
2019-10-03T15:30:00Z,76.88,76.95,76.57,76.88,78357,265282.45,77.86209447189994,77.48549999999994,79.65420445198491,75.31679554801498,78.05549999999957,76.60599999999945,39.71088522771575,32.63086647298331,25.392545764662515
2019-10-03T16:30:00Z,76.89,77.29,76.87,77.17,135799,267796.85,77.8283337659536,77.39924999999994,79.47195179959978,75.3265482004001,77.98699999999955,76.77399999999945,45.12285929114636,41.8028636300551,33.250374888832404
2019-10-03T17:30:00Z,77.185,77.41,77.055,77.31,330827,278820.35,77.80304919200465,77.32449999999994,79.29429922836302,75.35470077163687,77.92474999999956,76.94799999999944,47.56974395633341,49.28933580176982,41.241021968269244
2019-10-03T18:30:00Z,77.32,77.32,76.83,77.005,211442,271160.15,77.76411996312638,77.23624999999994,79.09406558559044,75.37843441440944,77.87137499999956,77.04899999999944,43.06469150535334,51.98593097476765,47.69271013553069
2019-10-03T19:30:00Z,77.005,77.1,76.87,77.025,405616,276063.05,77.72806533077875,77.15199999999994,78.88336477960634,75.42063522039355,77.81149999999957,77.07799999999945,43.44293437193788,53.87705674128398,51.71744117260698
2019-10-04T13:30:00Z,76.97,77.68,76.96,77.41,148421,274370.8,77.71254994878954,77.08674999999994,78.66956797755297,75.5039320224469,77.75974999999957,77.18399999999944,50.289220677866915,63.00845752520299,56.290481747084705
2019-10-04T14:30:00Z,77.4075,77.76,77.38,77.7307,224276,272664.5,77.71343531714128,77.05328499999993,78.54956115538322,75.55700884461665,77.72376749999957,77.29613999999944,55.158566201776736,80.00669110576607,65.63073512408418
2019-10-04T15:30:00Z,77.75,78.0451,77.66,77.99,199061,266592.5,77.72692627728073,77.03328499999995,78.4669404443648,75.5996295556351,77.69489249999955,77.43213999999945,58.68260882953813,93.8324228296949,78.94919048688782
2019-10-04T16:30:00Z,77.99,78.07,77.71,77.76,74447,256942.3,77.72853962960849,77.01378499999994,78.39583398363317,75.63173601636672,77.65939249999957,77.58313999999945,54.58487289331824,93.90922774520982,89.24944722689008
2019-10-04T17:30:00Z,77.76,77.85,77.59,77.8,184945,259578.65,77.7320255013349,76.98878499999994,78.2927468066361,75.68482319336377,77.62964249999956,77.73813999999945,55.17115807028526,90.02242026888779,92.58802361459733
2019-10-04T18:30:00Z,77.8,77.92,77.74,77.88,128215,244664.3,77.73924376956246,76.97253499999995,78.22244587408488,75.72262412591502,77.60839249999955,77.83213999999944,56.38390406367027,87.75842044134755,90.56335615181489
2019-10-04T19:30:00Z,77.885,78.03,77.855,78.01,277674,233560.2,77.75245139055941,77.03553499999995,78.35907704812631,75.7119929518736,77.60564249999956,77.88799999999945,58.355457154054136,91.54471544715481,89.77518538579655
2019-10-07T13:30:00Z,77.54,78.51,77.54,78.34,204165,226782.6,77.781112298337,77.14403499999995,78.52068679808119,75.7673832019187,77.61764249999956,77.95799999999944,62.935552214376465,93.35920177383616,90.887445887446
2019-10-07T14:30:00Z,78.34,78.43,78.22,78.34,118542,215780.5,77.80837511305228,77.25603499999995,78.6391686931604,75.87290130683951,77.63876749999956,78.07399999999946,62.935552214376465,93.52767046883235,92.81052922994094
2019-10-07T15:30:00Z,78.32,78.46,78.21,78.34,128300,208900.75,77.8343080343668,77.36903499999995,78.71824483288493,76.01982516711497,77.66751749999955,78.18199999999945,62.935552214376465,91.13026435191382,92.67237886486062
2019-10-07T16:30:00Z,78.35,78.4,78.28,78.35,84200,198583.35,77.85946374000744,77.47453499999996,78.7834890225507,76.16558097744922,77.70201749999956,78.27599999999946,63.0891942416961,90.53141875306805,91.72978452460457
2019-10-07T17:30:00Z,78.3594,78.56,78.28,78.3606,132438,198027.15,77.8839094112266,77.57606499999994,78.82792658706029,76.3242034129396,77.72178249999955,78.34611999999944,63.2630328926593,89.61037709881629,90.42402006793255
2019-10-07T18:30:00Z,78.36,78.65,78.27,78.64,149662,180296.95,77.92079187897164,77.68606499999996,78.90549939067101,76.4666306093289,77.73253249999955,78.40611999999945,67.59521919784676,92.79612705422909,90.97930763537097
2019-10-07T19:30:00Z,78.63,78.68,78.31,78.49,373134,185687.95,77.9485581287779,77.78556499999995,78.92369130808632,76.64743869191358,77.73228249999956,78.43611999999943,63.28077221529864,92.2885596861966,91.56502127974716
2019-10-08T13:30:00Z,77.78,78.1,77.36,77.77,293355,194143.8,77.9398479761546,77.83006499999996,78.88999393778398,76.77013606221594,77.70378249999955,78.32211999999944,47.581671626734156,73.15076555996298,86.07848410012939
2019-10-08T14:30:00Z,77.77,78.14,77.61,77.64,431512,211801.55,77.92522124561047,77.86806499999996,78.83985386243495,76.89627613756497,77.67678249999955,78.18011999999945,45.392005441513874,47.0754052149398,70.83824348703295
2019-10-08T15:30:00Z,77.62,77.79,77.44,77.76,105851,210304.15,77.91716167265386,77.89756499999996,78.81722213891402,76.9779078610859,77.64840749999955,78.05999999999945,47.78086420354168,27.52525252525251,49.25047443338493
2019-10-08T16:30:00Z,77.77,77.87,77.6,77.69,106345,199080.05,77.90608061545123,77.91656499999996,78.80194366088558,77.03118633911434,77.62053249999956,77.86999999999944,46.50290838829345,25.505050505050537,33.368569415080785
2019-10-08T17:30:00Z,77.7,77.77,77.48,77.54,148769,195946.4,77.88822302445361,77.94331499999996,78.74531450944873,77.14131549055118,77.58978249999954,77.67999999999945,43.7995162037995,22.979797979798175,25.336700336700243
2019-10-08T18:30:00Z,77.56,77.99,77.47,77.6,255715,188451.35,77.87416336472417,77.97206499999996,78.67549197784123,77.26863802215868,77.56203249999956,77.64599999999945,45.17252049449081,18.93939393939388,22.474747474747364
2019-10-08T19:30:00Z,77.61,77.72,77.48,77.61,285745,195317.55,77.86127734693275,77.98206499999996,78.65841129676635,77.30571870323358,77.53440749999956,77.63999999999945,45.4118869865696,16.919191919191917,19.61279461279449
2019-10-09T13:30:00Z,78.42,78.42,77.33,77.41,223816,195294.55,77.83926381781409,77.96602999999996,78.67963397171903,77.2524260282809,77.50965749999955,77.56999999999945,41.508703877929555,14.349046015712476,16.73587729143259
2019-10-09T14:30:00Z,77.41,77.59,77.31,77.52,149051,192794.05,77.82368997304266,77.94252999999996,78.68191844219459,77.20314155780534,77.48790749999955,77.53599999999946,44.342201014499686,13.397929006201302,14.888722313701733
2019-10-09T15:30:00Z,77.54,77.7,77.45,77.5627,99285,194035.95,77.81095875484546,77.93266499999996,78.68665221551254,77.17867778448738,77.47322499999956,77.54053999999947,45.446967032611035,13.233216184554294,13.66006373548919
2019-10-09T16:30:00Z,77.57,77.82,77.55,77.765,96301,189603.75,77.8087168643652,77.93091499999996,78.68628694888059,77.17554305111932,77.45984999999956,77.57353999999947,50.463695283112,22.32846715328456,16.319870781346555
2019-10-09T17:30:00Z,77.76,77.94,77.71,77.87,113805,188883.25,77.81170628561567,77.93041499999995,78.68593431885304,77.17489568114686,77.45147499999956,77.62553999999948,52.88547475986272,30.844282238442887,22.135321858760417
2019-10-09T18:30:00Z,77.87,78.06,77.85,77.94,288393,189419.2,77.81796451558564,77.92691499999997,78.68157522894825,77.17225477105168,77.48122499999957,77.73153999999948,54.48310773175735,40.02433090024312,31.065693430656694
2019-10-09T19:30:00Z,77.92,78.05,77.71,77.78,292217,193821.8,77.8161125879961,77.89891499999996,78.6314209871109,77.16640901288902,77.52147499999957,77.78353999999949,50.2857699022679,43.067885403651694,37.97883284744574
2019-10-10T13:30:00Z,77.72,78.125,77.03,77.89,237315,199760.45,77.81971685199629,77.87641499999997,78.58043539824963,77.1723946017503,77.56622499999956,77.84899999999949,52.96839065136584,50.06608246643939,44.386099590111236
2019-10-10T14:30:00Z,77.92,78.15,77.82,78.02,215341,204112.5,77.829486761655,77.86041499999996,78.53551635620978,77.18531364379014,77.61472499999957,77.8999999999995,55.9908267124584,58.47862250739936,50.53753012582998
2019-10-10T15:30:00Z,78.02,78.13,77.98,78,166141,208209.55,77.83780448059866,77.84291499999998,78.48361379128063,77.20221620871932,77.65872499999958,77.92599999999949,55.40095729765494,67.6258992805754,58.72353475147121
2019-10-10T16:30:00Z,77.99,78.29,77.7,78.28,297344,216454.85,77.85937499374019,77.83888499999998,78.46740634820223,77.21036365179772,77.70747499999956,77.99399999999949,61.51396432961887,76.97841726618692,67.69431301805372
2019-10-10T17:30:00Z,78.3,78.485,78.1,78.295,343687,226156.1,77.88062499404555,77.82163499999997,78.37580100865291,77.26746899134703,77.75384999999957,78.0969999999995,61.815910626307655,82.21793699061375,75.60741784579186
2019-10-10T18:30:00Z,78.26,78.44,78.19,78.42,185835,216791.15,77.90693596994576,77.81813499999996,78.35601672041666,77.28025327958325,77.80184999999958,78.20299999999949,64.3275803748871,90.80076145269366,83.3323719031646
2019-10-10T19:30:00Z,78.43,78.46,78.2,78.31,241202,214183.5,77.9265976299484,77.84513499999996,78.42334221645505,77.26692778354486,77.83759999999958,78.26099999999948,60.55288186546604,90.14891179839655,87.72253674723449
2019-10-11T13:30:00Z,78.7,79.21,78.55,79.15,162848,200750.3,77.98627579434117,77.92063499999996,78.72290742577603,77.1183625742239,77.89434999999958,78.49099999999949,73.39266553705622,93.58428702039821,91.51132009049597
2019-10-11T14:30:00Z,79.1626,79.49,79.09,79.41,99795,200447.5,78.05572575559282,78.00313499999996,79.03021676167197,76.97605323832795,77.95034999999959,78.71699999999949,75.99694556995249,93.98939416425311,92.57419766101579
2019-10-11T15:30:00Z,79.41,79.66,79.38,79.58,205637,205412.1,78.13008059678342,78.09763499999997,79.32109970531597,76.87417029468396,78.00709999999958,78.97399999999948,77.5445778952045,96.98461626887895,94.85276581784325
2019-10-11T16:30:00Z,79.59,79.78,79.19,79.62,197356,207841.45,78.20275959206228,78.20163499999997,79.56359298949661,76.83967701050332,78.07247499999959,79.21399999999947,77.90555538847548,95.96265352214543,95.64555465175899
2019-10-11T17:30:00Z,79.64,79.79,79.42,79.62,99363,200023.85,78.27189327049827,78.30263499999997,79.76690426661494,76.83836573338499,78.1373499999996,79.47599999999947,77.90555538847548,94.99352426563543,95.9802646855531
2019-10-11T18:30:00Z,79.62,79.89,79.55,79.86,253761,198424.65,78.34936189144958,78.41513499999996,79.99075804665674,76.83951195334319,78.19859999999959,79.61799999999947,80.12841496573587,95.6578156143374,95.53799780070591
2019-10-11T19:30:00Z,79.87,80.03,79.51,79.54,365435,205505.6,78.40744179918374,78.52163499999997,80.09904552524341,76.94422447475654,78.2438324999996,79.64399999999948,70.01407159414339,92.15276510928692,94.26803499641973
2019-10-14T13:30:00Z,79.53,79.53,78.98,79.03,146647,205385.4,78.43781049190649,78.59713499999997,80.1191256127042,77.07514438729574,78.2698324999996,79.53399999999948,57.54666359719034,79.89975356069783,89.23677809477387
2019-10-14T14:30:00Z,79.05,79.14,78.69,78.75,110189,205930.6,78.45303924839885,78.65649999999997,80.10322768690541,77.20977231309452,78.29458249999959,79.35999999999947,52.06503575331046,61.937529804482644,77.99668282482229
2019-10-14T15:30:00Z,78.745,78.831,78.65,78.665,93562,205793.65,78.46337879725745,78.70149999999997,80.08929717540369,77.31370282459625,78.31620749999959,79.16899999999949,50.49263581577323,47.85407725321894,63.2304535394663
2019-10-14T16:30:00Z,78.66,78.83,78.655,78.82,88661,204536.45,78.48077495348879,78.74899999999995,80.083723192302,77.4142768076979,78.33970749999959,78.96099999999949,53.26443522607001,41.26212872571475,50.351245261138594
2019-10-14T17:30:00Z,78.84,78.95,78.755,78.84,93976,194815.6,78.49829812648933,78.79399999999995,80.07624256678059,77.51175743321932,78.3604574999996,78.82099999999949,53.625227118644155,38.01603181708763,42.377412598673594
2019-10-14T18:30:00Z,78.83,78.835,78.775,78.785,159192,188164.35,78.51228358373375,78.84424999999996,80.03941641103434,77.64908358896558,78.3715824999996,78.77199999999948,52.426615525563555,34.86633318438032,38.04816457572739
2019-10-14T19:30:00Z,78.785,78.79,78.57,78.62,275752,190086.2,78.51753804306381,78.88074999999996,79.99924575325986,77.76225424674007,78.3785824999996,78.74599999999948,48.89571055604264,24.007676600335362,32.29668053393426
2019-10-15T13:30:00Z,78.98,79.15,78.8,79.05,199394,189288.85,78.5435117970607,78.93224999999995,79.9800929033324,77.8844070966675,78.3963324999996,78.82299999999948,57.01975496722953,23.191218391083776,27.35507605859964
2019-10-15T14:30:00Z,79.05,79.46,79.03,79.25,225807,192272.15,78.57797463622848,78.99474999999997,79.95845366298869,78.03104633701125,78.4188324999996,78.9089999999995,60.1897329713765,28.060594841417057,25.08649661094522
2019-10-15T15:30:00Z,79.25,79.52,79.18,79.38,157975,185303.7,78.61709782470514,79.04974999999997,79.96851806107526,78.13098193892469,78.44431749999958,79.01699999999948,62.14415498887573,44.97716894977177,32.07632739409069
2019-10-15T16:30:00Z,79.39,79.9,79.38,79.84,239182,180078.45,78.67675158935367,79.12699999999997,80.03872035189286,78.21527964810707,78.47431749999959,79.22799999999948,68.11005752940093,63.01369863013712,45.35048747377514
2019-10-15T17:30:00Z,79.8304,79.91,79.71,79.73,111649,176369.15,78.72812956060471,79.19249999999997,80.0795315665507,78.30546843344924,78.50531749999959,79.44999999999949,65.45363875122189,73.97260273972618,60.65449010654485
2019-10-15T18:30:00Z,79.74,79.91,79.705,79.91,133116,170964.85,78.78578177716058,79.27249999999995,80.11417986792254,78.43082013207736,78.55881749999959,79.62199999999949,67.67533092550481,86.07305936073072,74.35312024353117
2019-10-15T19:30:00Z,79.92,79.94,79.72,79.75,294679,177556.4,78.83281681242104,79.30249999999997,80.16703744861394,78.437962551386,78.6115674999996,79.7219999999995,63.75070108798254,85.78808785788101,81.94458331944578
2019-10-16T13:30:00Z,79.74,80.08,79.6,79.9,295284,187330.85,78.8848745288883,79.32699999999997,80.2292826608415,78.42471733915843,78.6650674999996,79.8259999999995,65.75569312984223,88.6638929925994,86.84168007040353
2019-10-16T14:30:00Z,79.91,80.18,79.7909,80,159447,185021.35,78.93927089333278,79.34799999999996,80.29146913042393,78.40453086957598,78.72281749999959,79.8579999999995,67.06361672300596,87.67691094546247,87.37629726531411
2019-10-16T15:30:00Z,80,80.005,79.78,79.8,115687,180937.9,78.98125767902386,79.35699999999996,80.31401306159331,78.3999869384066,78.77931749999958,79.8719999999995,61.966054697890684,84.4322871676744,86.9243637019119
2019-10-16T16:30:00Z,79.795,79.86,79.69,79.83,131926,182566.05,79.02265974346172,79.36749999999996,80.34030265216458,78.39469734783535,78.8350674999996,79.8559999999995,62.42739647044502,81.15942028985474,84.42287280099701
2019-10-16T17:30:00Z,79.83,79.91,79.79,79.8733,113527,175554.35,79.06415439012213,79.36816499999996,80.34233064770162,78.39399935229831,78.89164999999959,79.88065999999951,63.12268021627261,78.53623188405767,81.37597978052874
2019-10-16T18:30:00Z,79.875,79.97,79.81,79.87,118250,163195.1,79.10346393206738,79.38466499999996,80.38084366327371,78.3884863367262,78.95314999999958,79.87465999999951,63.02695467356352,79.98550724637666,79.89371980676283
2019-10-16T19:30:00Z,79.865,80.07,79.85,80,223226,167024.05,79.14719739879581,79.43316499999996,80.44979320596202,78.4165367940379,79.01514999999958,79.87465999999951,65.26187901440662,82.88405797101431,80.46859903381602
2019-10-17T13:30:00Z,80.45,80.565,79.17,79.41,558435,189436.35,79.16001703787894,79.46616499999996,80.43360561789959,78.49872438210033,79.06133249999958,79.7966599999995,50.378112807105985,64.15252122658987,75.67402881466008
2019-10-17T14:30:00Z,79.415,79.78,79.34,79.76,214099,195463.2,79.18928449944582,79.52091499999997,80.42249462995527,78.61933537004468,79.11120749999958,79.78265999999951,56.68851520816378,51.335376291633,66.12398516307887
2019-10-17T15:30:00Z,79.77,79.78,79.46,79.68,233288,202694.55,79.21322184093627,79.56391499999998,80.40786705381916,78.7199629461808,79.15645749999959,79.7439999999995,54.96783933489778,34.53624897357189,50.00804883059805
2019-10-17T16:30:00Z,79.69,80.31,79.69,80.2054,205362,208263.85,79.26162077552475,79.63218499999996,80.45139310125045,78.81297689874948,79.21309249999959,79.8110799999995,62.926686359972116,51.02508960573505,45.632238290313104
2019-10-17T17:30:00Z,80.22,80.76,80.22,80.645,217772,211192.85,79.32910268891378,79.72518499999998,80.56072091972315,78.88964908027681,79.28471749999959,79.94007999999951,68.01957218504809,67.84955253488421,51.13696370473019
2019-10-17T18:30:00Z,80.63,80.93,80.56,80.925,467145,220762.5,79.40695133823506,79.84043499999997,80.67026296599816,79.01060703400178,79.36059249999958,80.24307999999951,70.77356851636569,88.90180897020484,69.25881703694118
2019-10-17T19:30:00Z,80.92,81.18,80.75,81.06,638308,242708.2,79.48758785832115,79.94093499999997,80.84687302942034,79.0349969705796,79.43659249999959,80.50307999999951,72.0244554544252,95.5043518115536,84.08523777221403
2019-10-18T13:30:00Z,81.6,82.33,80.78,81.95,666147,264725.2,79.6077055237689,80.07593499999997,81.28407982292062,78.86779017707933,79.53534249999959,80.95707999999952,78.54416914318271,93.90681446049366,92.77099174741717
2019-10-18T14:30:00Z,81.955,81.955,81.43,81.49,178177,265735.3,79.69952476651189,80.18143499999996,81.49221483397378,78.87065516602615,79.6155924999996,81.21399999999952,69.5254237183147,85.14075193651989,91.51730606952219
2019-10-18T15:30:00Z,81.49,81.53,81.17,81.39,205185,264035.45,79.7819869730235,80.25893499999998,81.65998070701411,78.85788929298585,79.69296749999958,81.36299999999952,67.70537840969425,77.21518987341777,85.42091875681025
2019-10-18T16:30:00Z,81.39,81.5,81.29,81.45,125184,264712.2,79.86335346214432,80.34493499999998,81.81500907743559,78.87486092256437,79.7687174999996,81.4679999999995,68.24255860684488,71.94092827004222,78.09895669332644
2019-10-18T17:30:00Z,81.44,81.58,81.35,81.57,112889,263700.85,79.94660451277143,80.42793499999998,81.97579964303303,78.88007035696693,79.8502174999996,81.56999999999951,69.34096476174498,72.78481012658229,73.98030942334724
2019-10-18T18:30:00Z,81.56,81.65,81.46,81.58,279117,262922.75,80.02628234141673,80.51943499999997,82.11189458603356,78.92697541396639,79.9109674999996,81.4959999999995,69.4358357478535,74.78902953586497,73.17158931082963
2019-10-18T19:30:00Z,81.575,81.74,81.38,81.6,630492,279683.15,80.10304905646957,80.60443499999997,82.23655378647145,78.97231621352849,79.96571749999961,81.51799999999949,69.63819228306332,76.37130801687753,74.64838255977475
2019-10-21T13:30:00Z,81.77,82.44,81.71,82.41,372567,290339.15,80.21558324883691,80.72493499999997,82.50950088366734,78.9403691163326,80.0364674999996,81.7219999999995,76.4411588940164,84.0656050088471,78.40864752052968
2019-10-21T14:30:00Z,82.42,82.53,82.25,82.26,264230,297766.3,80.3153108952351,80.84793499999998,82.69843313648872,78.99743686351124,80.10246749999962,81.88399999999949,73.17149172587932,89.04540132270523,83.16077144947644
2019-10-21T15:30:00Z,82.26,82.3195,82.11,82.28,372099,309774.95,80.41114938815046,80.97043499999997,82.85914939163135,79.08172060836858,80.16896749999961,82.0259999999995,73.33526273033743,93.81155096316407,88.97418576490527
2019-10-21T16:30:00Z,82.28,82.45,82.275,82.3,140117,311104.45,80.50328844238703,81.09176999999997,82.994704812454,79.18883518754593,80.2299674999996,82.16999999999949,73.50941005245798,90.815228289422,91.22406019176357
2019-10-21T17:30:00Z,82.305,82.46,82.15,82.205,172300,313806.95,80.58629876227059,81.20851999999996,83.0836067901122,79.33343320988773,80.2965924999996,82.2909999999995,71.1329601326871,88.24767040431578,90.95814988563377
2019-10-21T18:30:00Z,82.205,82.29,82.11,82.18,145067,309899,80.66404028606226,81.31751999999997,83.15193462882434,79.48310537117561,80.37534249999959,82.24499999999951,70.48716191725677,84.6276355886805,87.8968447608059
2019-10-21T19:30:00Z,82.175,82.21,82.04,82.09,367424,300348.45,80.73359929649824,81.45151999999997,83.09007777757417,79.81296222242578,80.45884249999959,82.21099999999949,68.0905378962618,79.56558652663153,84.1469641732091
2019-10-22T13:30:00Z,82.53,82.57,81.94,82.305,199716,299629.3,80.81025298935198,81.57876999999996,83.05983008671498,80.09770991328494,80.54984249999958,82.2159999999995,70.65721832694143,78.7552166934194,80.98281293624363
2019-10-22T14:30:00Z,82.33,82.36,81.93,82.01,199437,297936.75,80.86877723377384,81.69526999999997,82.9016597962343,80.48888020376563,80.62959249999959,82.15799999999949,63.151315197978626,71.97619047619104,76.76566456541381
2019-10-22T15:30:00Z,82.005,82.125,81.95,82.125,142084,294772.85,80.93005639310195,81.79124999999996,82.79699288466944,80.78550711533049,80.7117174999996,82.1419999999995,64.72450125881335,68.76860119047677,73.16666945336223
2019-10-22T16:30:00Z,82.12,82.18,81.94,82.005,121401,289954.3,80.98249266660918,81.85924999999995,82.71912368262699,80.9993763173729,80.7922174999996,82.10699999999949,61.76142066370677,59.64096653005498,66.79525273224077
2019-10-22T17:30:00Z,82.01,82.045,81.865,82.02,148346,274014.35,81.03310278043311,81.91399999999996,82.66099129851781,81.1670087014821,80.8772174999996,82.09299999999948,61.995629347358154,57.568137398402165,61.99256837297781
2019-10-22T18:30:00Z,82.035,82.04,81.7,81.82,193249,251761.4,81.07148801065588,81.95199999999996,82.59084583435038,81.31315416564954,80.9464674999996,81.9959999999995,56.98401429764177,48.14827570372419,55.11912654406027
2019-10-22T19:30:00Z,81.81,81.97,81.65,81.66,287798,232843.95,81.1001959125751,81.93749999999996,82.58891000918402,81.2860899908159,81.00671749999961,81.92599999999949,53.27375221216857,30.614419680915557,45.443610927680474
2019-10-23T13:30:00Z,81.44,81.75,81.0702,81.54,99827,228926.45,81.12164977049827,81.93999999999996,82.5848720803899,81.29512791961001,81.0607174999996,81.80899999999949,50.61209682650384,23.128640998193106,33.963778794277445
2019-10-23T14:30:00Z,81.56,81.72,81.4,81.59,96183,223476.35,81.14449612315688,81.94999999999995,82.56600324680083,81.33399675319906,81.10446749999961,81.72599999999949,51.69503521776766,22.35636249084421,25.36647438998412
2019-10-23T15:30:00Z,81.59,81.6,81.265,81.35,81365,221285.4,81.15452070251509,81.94499999999995,82.57852979414173,81.31147020585817,81.14496749999961,81.59199999999949,46.432106697065095,28.212650575632555,24.565884688223118
2019-10-23T16:30:00Z,81.355,81.48,81.34,81.46,45182,217900.05,81.1694221316607,81.93949999999994,82.5876967294532,81.29130327054668,81.1837174999996,81.5199999999995,48.995151651435144,26.4346357292083,25.667882931894848
2019-10-23T17:30:00Z,81.47,81.49,81.225,81.25,53564,206622.4,81.17335275938457,81.92299999999994,82.62178752140497,81.22421247859492,81.22121749999961,81.43799999999949,44.60714407816032,18.87807263190633,24.508452978915557
2019-10-23T18:30:00Z,81.24,81.3609,81.14,81.35,72141,178704.85,81.18196969795117,81.91049999999994,82.64021158691226,81.18078841308763,81.2574674999996,81.3999999999995,47.039524646867896,18.87807263190633,21.39692699767348
2019-10-23T19:30:00Z,81.36,81.43,81.24,81.38,213544,170753.7,81.19162971268527,81.85899999999995,82.58581221788495,81.13218778211495,81.29196749999961,81.35799999999949,47.780353072079954,17.10005778548239,18.28540101643151
2019-10-24T13:30:00Z,81.25,81.45,81.0202,81.41,280325,171558.45,81.20228192182257,81.81649999999995,82.54395515330533,81.08904484669456,81.33221749999962,81.3699999999995,48.555333619747266,22.80193428852304,19.593354901970415
2019-10-24T14:30:00Z,81.37,81.63,81.1,81.28,153327,160619.85,81.20607304758732,81.76649999999995,82.49711001913953,81.03588998086038,81.36846749999961,81.33399999999949,45.41034923510356,24.0501319846417,21.317374686215537
2019-10-24T15:30:00Z,81.28,81.555,81.21,81.255,106362,158932.1,81.20845972819282,81.71424999999995,82.43416162656355,80.99433837343635,81.40300999999963,81.3349999999995,44.809271318746966,23.91305942691099,23.588375233358402
2019-10-24T16:30:00Z,81.255,81.29,81.07,81.23,92281,154931.15,81.20951047315903,81.66549999999995,82.37788964061892,80.95311035938099,81.43700999999962,81.3109999999995,44.17950209856315,21.039190315054494,23.00079390886889
2019-10-24T17:30:00Z,81.23,81.245,81.07,81.2,147893,155072.45,81.20904654763908,81.61649999999996,82.31527821950861,80.9177217804913,81.46700999999962,81.2749999999995,43.391398828418765,19.449355033961627,21.467201591975527
2019-10-24T18:30:00Z,81.195,81.33,81.145,81.25,126374,143019.95,81.21104427702254,81.57449999999996,82.25513132462315,80.89386867537677,81.51300999999962,81.24299999999951,45.14766707274659,20.765920858022707,20.418155402346102
2019-10-24T19:30:00Z,81.255,81.5,81.235,81.5,355323,150800.3,81.22513967814339,81.53424999999996,82.12683986664945,80.94166013335047,81.55650999999963,81.2869999999995,52.99941543447098,35.85650492045614,25.357260270813317
2019-10-25T13:30:00Z,81.68,82.04,81.6,81.82,116342,146645.55,81.25415725481932,81.52474999999995,82.09208125249857,80.95741874750134,81.61000999999962,81.3999999999995,60.74509986299807,56.12191643905417,37.581447405844166
2019-10-25T14:30:00Z,81.81,82.18,81.785,82.11,160227,147552.7,81.2959056814135,81.52399999999996,82.088186139549,80.95981386045092,81.65762499999963,81.5759999999995,66.18400423560422,79.37855289124764,57.11899141691914
2019-10-25T15:30:00Z,82.11,82.125,81.73,81.82,99609,146463.1,81.32147125792991,81.51474999999995,82.05253690023824,80.97696309976166,81.68699999999963,81.6999999999995,57.59079643358341,80.4505949188864,71.98368808306256
2019-10-25T16:30:00Z,81.83,81.87,81.72,81.73,93255,143708.55,81.3413994892504,81.50024999999995,81.99682300577489,81.00367699422502,81.70712499999962,81.79599999999951,55.19562752700308,74.7082830373047,78.17914361581273
2019-10-25T17:30:00Z,81.74,81.78,81.6,81.62,156129,141852.55,81.35498975806746,81.49024999999995,81.96837629092222,81.01212370907767,81.72112499999963,81.81999999999951,52.33094501262112,60.62539518307716,71.92809104642258
2019-10-25T18:30:00Z,81.615,81.71,81.51,81.6,201439,137534.6,81.36694147718612,81.48724999999995,81.96181796149025,81.01268203850964,81.71237499999964,81.77599999999951,51.80449005615094,54.302465942403536,63.21204805426163
2019-10-25T19:30:00Z,81.61,81.71,81.53,81.61,296792,147382.85,81.3787979904941,81.49074999999995,81.9678482603888,81.01365173961109,81.71537499999963,81.6759999999995,52.064157613603925,50.853595447490505,55.26048552432356
2019-10-28T13:30:00Z,82.01,83.12,81.76,82.29,532777,169212.55,81.42324686900659,81.52574999999995,82.11609968456976,80.93540031543013,81.73787499999962,81.76999999999951,65.6263602760555,53.4523894644013,52.869483618098265
2019-10-28T14:30:00Z,82.275,82.3625,81.99,82.095,288079,179548.25,81.45601531442091,81.56299999999995,82.19671444679108,80.92928555320881,81.75399999999962,81.8429999999995,60.35309304582464,53.45526352314736,52.587082811679544
2019-10-28T15:30:00Z,82.11,82.52,82.1,82.395,156996,185138.95,81.50181944542477,81.60974999999995,82.33719398414367,80.88230601585623,81.77462499999963,81.99799999999951,65.01112787790407,58.048780487804926,54.98547782511768
2019-10-28T16:30:00Z,82.38,82.4374,82.13,82.225,129879,188954.7,81.53709654564796,81.65849999999995,82.41314627480344,80.90385372519646,81.79074999999963,82.12299999999951,60.66181014325108,56.99186991869905,56.16530464321693
2019-10-28T17:30:00Z,82.23,82.25,81.91,82.01,259652,198330.25,81.56016500683586,81.69149999999995,82.44702035053363,80.93597964946626,81.80099999999963,82.2029999999995,55.59597547655739,54.92435937017594,56.655003258893124
2019-10-28T18:30:00Z,82.01,82.52,81.965,82.48,288752,202090.65,81.6050350065024,81.74649999999995,82.56114777668901,80.9318522233109,81.80274999999963,82.2409999999995,62.89145234696867,55.39555904238497,55.77059611041981
2019-10-28T19:30:00Z,82.47,82.49,82.19,82.37,563773,216263.05,81.64235037203888,81.79449999999996,82.63684137976746,80.95215862023245,81.80549999999963,82.29599999999951,60.390643378769376,54.420454260281325,54.913457557613896
2019-10-29T13:30:00Z,81.24,81.78,79.72,81.4,1015958,259394.6,81.63052840267113,81.80049999999997,82.62970383504648,80.97129616495346,81.78349999999963,82.0969999999995,43.83700395034634,56.29188637743192,55.369299893365884
2019-10-29T14:30:00Z,81.41,82.37,81.02,82.21,670578,287605.4,81.65879530985791,81.84824999999996,82.65601404355576,81.04048595644417,81.78124999999963,82.09399999999951,54.94354490675403,58.687735963950765,56.46669220055449
2019-10-29T15:30:00Z,82.21,82.215,81.59,81.82,237633,294873,81.66665895327947,81.87774999999996,82.63452919505094,81.12097080494898,81.77162499999962,82.0559999999995,49.83361205212072,61.47058823529401,58.81673685889205
2019-10-29T16:30:00Z,81.83,81.84,81.41,81.42,151435,295050.1,81.65462680921705,81.88874999999996,82.61143163811217,81.16606836188775,81.75262499999963,81.8439999999995,45.19130882529147,61.666666666666515,60.608330288636914
2019-10-29T17:30:00Z,81.43,81.57,81.35,81.561,172184,297340.6,81.65005964779182,81.90429999999996,82.58340620676225,81.22519379323768,81.73939999999962,81.68219999999948,47.06333334601202,55.30392156862744,59.48039215686247
2019-10-29T18:30:00Z,81.585,81.98,81.565,81.7,305658,294857.35,81.65249576253369,81.91429999999997,82.5749369956771,81.25366300432283,81.72427499999962,81.74219999999949,48.91571220443023,54.12745098039224,57.03267973856188
2019-10-29T19:30:00Z,81.7,81.87,81.51,81.75,407633,309421.9,81.65725206680034,81.91079999999997,82.5741344858047,81.24746551419523,81.71777499999962,81.6501999999995,49.59892021997241,57.362745098039284,55.598039215686136
2019-10-30T13:30:00Z,81.57,82.99,81.54,82.84,492880,326054.55,81.71494708793203,81.94729999999996,82.72152867427097,81.17307132572894,81.73564999999962,81.8541999999995,61.642531379379626,71.11800683576193,60.86940097139763
2019-10-30T14:30:00Z,82.84,83.17,82.64,82.93,812992,361723.7,81.77421796169145,82.00279999999997,82.88428048194905,81.12131951805088,81.75877499999963,82.15619999999949,62.44059278520407,82.7207348835028,70.40049560576783
2019-10-30T15:30:00Z,82.94,83.64,82.83,83.53,572569,385689.4,81.85986586599918,82.09279999999998,83.18650555454765,80.99909444545231,81.79652499999963,82.5499999999995,67.32190440545997,95.21673328286256,83.01849166737559
2019-10-30T16:30:00Z,83.55,83.71,83.45,83.67,314598,393612.85,81.948165092048,82.19529999999997,83.46296353582379,80.92763646417616,81.84277499999963,82.94399999999949,68.35533145327,96.41161651540875,91.44969489392452
2019-10-30T17:30:00Z,83.67,83.85,83.33,83.66,249589,396020.35,82.03166923389932,82.29829999999998,83.68492454905876,80.9116754509412,81.89277499999963,83.32599999999948,68.18945034714164,97.19696234128513,96.27510404651862
2019-10-30T18:30:00Z,83.68,83.78,83.295,83.42,378813,400121.4,82.09939268590423,82.38879999999997,83.81948425588983,80.95811574411012,81.93977499999963,83.44199999999948,64.16489467041683,94.66179573226869,96.09012486298735
2019-10-30T19:30:00Z,83.415,83.5,83.21,83.27,253979,386181.5,82.15649548171379,82.43779999999997,83.9178688632828,80.95773113671713,81.98177499999963,83.5099999999995,61.71332414727722,90.31476997578703,94.05784268311345
2019-10-31T13:30:00Z,83.37,83.5,81.94,82.02,304433,386999.2,82.14983716553263,82.43404999999998,83.91794911720716,80.95015088279281,81.99852499999963,83.20799999999949,45.95572726734752,70.29349441159955,85.09002003988492
2019-10-31T14:30:00Z,82.045,82.235,81.78,82.2,230849,390691.85,82.15228413306762,82.42429999999997,83.91165578798481,80.93694421201513,82.01702499999962,82.91399999999949,48.014190126689364,51.76403517027597,70.79076651922068
2019-10-31T15:30:00Z,82.23,82.315,81.94,82.07,144342,391415,82.14827027291798,82.41654999999997,83.90958335195606,80.92351664804389,82.03752499999963,82.59599999999948,46.632725749988865,32.7118963486456,51.58980864350688
2019-10-31T16:30:00Z,82.075,82.51,81.87,82.47,150008,385932.8,82.16396440594637,82.43954999999997,83.92095048267156,80.95814951732838,82.06552499999964,82.40599999999948,51.27785502148412,35.86666666666685,40.114199395195975
2019-10-31T17:30:00Z,82.5,82.67,82.42,82.545,104035,376696.95,82.18255150809533,82.44279999999998,83.92482626159266,80.9607737384073,82.09464999999963,82.26099999999948,52.11938284194003,39.27692307692317,35.951828697411706
2019-10-31T18:30:00Z,82.545,82.6,82.36,82.36,189568,357986.7,82.19120753209067,82.44229999999997,83.92443091191409,80.96016908808586,82.11839999999964,82.32899999999948,49.832973284429826,41.78518518518527,38.9762583095916
2019-10-31T19:30:00Z,82.37,82.68,82.29,82.67,398398,327108.7,82.21456326223259,82.50579999999998,83.9106753112104,81.10092468878956,82.15314999999964,82.42299999999948,53.513078206102655,43.1577681577682,41.406625473292046
2019-11-01T13:30:00Z,83.09,83.19,82.384,82.48,235877,305373.65,82.22751139578222,82.51929999999997,83.9177202658918,81.12087973410814,82.18377499999964,82.50499999999948,51.041676404197005,39.68632012110283,41.54309115468527
2019-11-01T14:30:00Z,82.5,82.56,82.12,82.19,195251,303254.55,82.22568157159772,82.53779999999998,83.90823563878507,81.16736436121488,82.20777499999964,82.44899999999947,47.440366145408326,34.1803124411821,39.00813357335088
2019-11-01T15:30:00Z,82.2,82.34,82,82.1,142337,302799.65,82.2195507632271,82.57179999999997,83.86095020073732,81.28264979926261,82.23027499999964,82.35999999999949,46.3474406424721,23.027375201288226,32.29800258785756
2019-11-01T16:30:00Z,82.09,82.17,82.045,82.11,105264,299453.65,82.21420682355749,82.59924999999997,83.82285236598955,81.37564763401039,82.25177499999964,82.30999999999948,46.494936419549596,17.069243156199565,24.758976932889798
2019-11-01T17:30:00Z,82.11,82.28,82,82.04,194716,293906.55,82.20570892972542,82.61624999999997,83.79814202132006,81.43435797867987,82.26527499999965,82.18399999999949,45.5509424222964,14.80032206119163,18.298980139559642
2019-11-01T18:30:00Z,82.05,82.325,82.03,82.32,290939,288071.85,82.21128410388515,82.64474999999997,83.76773475058523,81.52176524941471,82.27777499999965,82.15199999999949,49.93004807758239,20.112459274238798,17.32734149720984
2019-11-01T19:30:00Z,82.325,82.47,82.125,82.47,574530,292154.35,82.22390439150051,82.62624999999998,83.74794904610877,81.5045509538912,82.28677499999965,82.20799999999949,52.15025081170676,28.170542635658837,21.027774657029596
2019-11-04T14:30:00Z,82.77,82.805,82.11,82.1103,190887,261049.1,82.21836271386634,82.58526499999998,83.71940685054088,81.45112314945908,82.29403249999964,82.2100599999995,46.792023348907286,31.64571994062317,26.642907283506776
2019-11-04T15:30:00Z,82.115,82.14,81.07,81.08,310965,247968.9,82.16283282538505,82.46276499999998,83.68788231566963,81.23764768433033,82.27778249999963,82.0040599999995,35.53095547170342,21.33783636595615,27.051366314079228
2019-11-04T16:30:00Z,81.085,81.25,80.53,80.73,467301,255604.05,82.09293854121992,82.31576499999997,83.6285818482899,81.00294815171004,82.25553249999963,81.7420599999995,32.65582572043711,10.47200900686081,21.151855104479882
2019-11-04T17:30:00Z,80.73,80.91,80.56,80.57,233034,254776.3,82.01864885628237,82.16126499999997,83.53099220537742,80.79153779462253,82.22978249999963,81.39205999999949,31.404752967980272,3.1647515013950396,11.658198958070505
2019-11-04T18:30:00Z,80.575,80.74,80.45,80.53,243542,248012.75,81.94603183890274,82.01676499999998,83.43378792047405,80.59974207952591,82.20278249999963,81.0040599999995,31.084136814261797,3.9807548067247835,5.872505104993383
2019-11-04T19:30:00Z,80.525,80.83,80.49,80.62,283489,249488.25,81.88134735895626,81.88426499999997,83.30334916140669,80.46518083859326,82.16103249999962,80.70599999999949,32.747793678961045,3.5426156632456327,3.562707323788324
2019-11-04T20:30:00Z,80.62,80.94,80.58,80.92,481460,258339.6,81.83445236583644,81.82926499999998,83.30709329082146,80.3514367091785,82.13165749999962,80.6739999999995,38.11096529128526,8.759124087591266,5.427498185853733
2019-11-05T14:30:00Z,81.06,81.57,80.85,81.325,298494,261721.85,81.80960103091759,81.78551499999999,83.268649504064,80.30238049593598,82.10490749999963,80.79299999999948,44.54089818977027,20.170884539288483,10.824208096708299
2019-11-05T15:30:00Z,81.3324,81.77,81.28,81.72,117233,260366.4,81.80523024892162,81.76801499999998,83.24555858891773,80.29047141108222,82.09228249999964,81.0229999999995,49.99737474973154,36.07869573976776,21.669568122215676
2019-11-05T16:30:00Z,81.73,81.73,81.48,81.65,162570,260994.5,81.79765804165714,81.72701499999997,83.1694573652809,80.28457263471903,82.08328249999963,81.24699999999949,49.075879332082515,47.346072186836444,34.5318841552974
2019-11-05T17:30:00Z,81.6408,81.85,81.6008,81.603,74060,259495.75,81.78816252742996,81.67991499999997,83.07312079569466,80.28670920430527,82.06135749999963,81.44359999999949,48.43044958038621,51.28096249115337,44.90191013925236
2019-11-05T18:30:00Z,81.6,81.74,81.515,81.68,134585,256746.6,81.78288630657971,81.64591499999997,83.00381605278476,80.28801394721519,82.04410749999963,81.5955999999995,49.599921120846,50.71479122434528,49.78060863411153
2019-11-05T19:30:00Z,81.68,81.8058,81.63,81.73,95806,241617,81.78030648674655,81.59891499999996,82.87434563674846,80.32348436325147,82.05235749999964,81.6765999999995,50.38671015935621,51.84713375796167,51.280962491153275
2019-11-05T20:30:00Z,81.725,81.725,81.33,81.47,258260,242736.15,81.76516958495404,81.54841499999996,82.75861497072991,80.33821502927002,82.03385749999964,81.6265999999995,46.335978706256896,49.96461429582445,50.84217975937697
2019-11-06T14:30:00Z,81.6,81.9,81.29,81.6,276203,246783.75,81.75711253202945,81.51891499999996,82.69335482781403,80.3444751721859,82.02835749999964,81.61659999999948,48.56262352329866,55.23729360084067,52.3496805515421
2019-11-06T15:30:00Z,81.59,81.76,81.32,81.52,351775,257255.65,81.7455460670524,81.48991499999997,82.63377390264134,80.3460560973586,82.03085749999964,81.59999999999948,47.26299192601348,61.71751421240307,55.63980736968923
2019-11-06T16:30:00Z,81.54,81.68,81.43,81.63,142259,259105.4,81.73990967353765,81.46591499999997,82.5763801589073,80.35544984109264,82.03258249999963,81.58999999999949,49.273208708084944,74.40658369040277,63.78713050121534
2019-11-06T17:30:00Z,81.625,81.7,81.455,81.665,90571,253898.15,81.73625554312119,81.44716499999997,82.5305572969761,80.36377270302384,82.03170749999963,81.5769999999995,49.92722580708598,79.65517241379273,71.92642343886602
2019-11-06T18:30:00Z,81.68,81.945,81.61,81.92,74454,243073.9,81.74521868735918,81.42716499999997,82.45890395397407,80.39542604602588,82.03595749999963,81.66699999999949,54.52724647832019,87.81806691156142,80.62660767191882
2019-11-06T19:30:00Z,81.92,81.94,81.69,81.77,125825,220638.65,81.74642753187825,81.39216499999996,82.32253668333696,80.46179331666296,82.00920749999963,81.7009999999995,51.5284892906637,89.75145918978156,85.74156617171174
2019-11-06T20:30:00Z,81.77,81.88,81.66,81.87,311002,226644.4,81.75245545715248,81.38014999999997,82.27877990716404,80.48152009283591,81.98270749999963,81.7709999999995,53.36964239726799,92.87065301752556,90.14672637295602
2019-11-07T14:30:00Z,82.4,83.03,81.97,81.99,512025,236697.4,81.76404299582796,81.42564999999996,82.35064735678048,80.50065264321944,81.94420749999964,81.8429999999995,55.551499928580554,73.63386689414118,85.41865970048259
2019-11-07T15:30:00Z,81.99,82.33,81.81,82.26,360035,231334.1,81.78823602042172,81.50214999999996,82.437379014766,80.56692098523392,81.90895749999963,81.9619999999995,60.07776226071707,63.15641331323929,76.55364440830185
2019-11-07T16:30:00Z,82.2515,82.26,81.95,82.11,213493,230357.05,81.80393182430359,81.57914999999997,82.44578308848143,80.7125169115185,81.87020749999964,81.9999999999995,56.62772411618058,47.81499726327297,61.53509249021766
2019-11-07T17:30:00Z,82.11,82.18,81.82,82.0298,133085,224834.2,81.81494978409366,81.65413999999997,82.39510750917468,80.91317249082526,81.83545249999963,82.05195999999951,54.81521959048647,48.46360153256683,53.14500403635953
2019-11-07T18:30:00Z,82.02,82.02,81.81,81.87,67174,214018.45,81.81763516047933,81.71663999999997,82.29008385047784,81.1431961495221,81.80045249999964,82.05195999999951,51.29240227882025,40.9923371647507,45.756978653530005
2019-11-07T19:30:00Z,81.86,81.95,81.565,81.795,219348,200912.85,81.8165310063096,81.76038999999997,82.2025241421456,81.31825585785434,81.79482749999963,82.01295999999952,49.67868220121232,34.95785440613004,41.47126436781569
2019-11-07T20:30:00Z,81.8,81.915,81.67,81.86,247443,198360.3,81.8186514450262,81.78713999999998,82.18298326398968,81.39129673601028,81.78632749999963,81.93295999999951,51.11415531615357,31.704980842911734,35.885057471264
2019-11-08T14:30:00Z,81.78,81.84,80.86,81.01,257840,205390.65,81.77920503307371,81.75163999999998,82.27273370523771,81.23054629476225,81.75982749999963,81.71295999999953,36.465073539172934,22.89801719723849,29.85361748209326
2019-11-08T15:30:00Z,81.01,81.3,80.95,81.07,191544,206839.35,81.7446096656067,81.72263999999998,82.32183540187938,81.12344459812059,81.72482749999963,81.52099999999952,37.819759471266245,16.449494146935645,23.6841640623618
2019-11-08T16:30:00Z,81.055,81.23,80.935,80.99,141915,210232.1,81.70779943801614,81.69198999999996,82.370051182823,81.01392881717692,81.68595249999962,81.3449999999995,36.69626391307843,7.526881720430033,15.624797688201228
2019-11-08T17:30:00Z,80.975,81.02,80.83,80.94,79221,207463.9,81.6703458068934,81.65498999999997,82.40822303674753,80.90175696325241,81.65045249999962,81.17399999999951,35.97691235894257,6.889400921658815,10.288592263008004
2019-11-08T18:30:00Z,80.94,81.01,80.87,80.96,77079,206527.55,81.63569479192299,81.61648999999997,82.42698856733065,80.80599143266929,81.60770249999962,80.99399999999952,36.513015938352346,5.6332914397429095,6.683191360610425
2019-11-08T19:30:00Z,80.965,81.01,80.925,80.98,139740,200601.55,81.60370968012187,81.59198999999997,82.44711511812486,80.73686488187508,81.57020249999962,80.98799999999952,37.08040724606476,5.909090909090921,6.1439277568307205
2019-11-08T20:30:00Z,80.99,81.03,80.83,80.93,235874,198585.1,81.57084579328665,81.55848999999998,82.4609218742403,80.65605812575966,81.53870249999963,80.95999999999951,36.2091605771442,5.757575757575907,5.766652702136418
2019-11-11T14:30:00Z,80.59,80.98,80.43,80.8204,137688,187880.75,81.53423868141901,81.52350999999996,82.48171037552456,80.56530962447536,81.50671249999962,80.92607999999952,34.30634657212809,10.637001594896576,7.43455608718764
2019-11-11T15:30:00Z,80.8236,81.14,80.75,81.025,72073,184371.45,81.50939777013028,81.49325999999996,82.47403628929783,80.5124837107021,81.47958749999962,80.94307999999953,40.583525656914034,19.202161389564473,11.865579580678824
2019-11-11T16:30:00Z,81.02,81.09,80.83,81.07,66495,183167.65,81.48796373256295,81.46350999999996,82.45764920537242,80.4693707946275,81.45533749999963,80.96507999999952,41.898508104488215,29.877486064888767,19.905549683116444
2019-11-11T17:30:00Z,81.075,81.09,77.55,78.34,2970866,327988.25,81.33440452609646,81.28450999999995,82.94876210820426,79.62025789179565,81.35583749999964,80.43707999999951,17.129873874013697,28.91948928322546,25.999712245892738
2019-11-11T18:30:00Z,78.36,79.12,78.31,79.07,1106838,377038.9,81.2239457687259,81.14950999999995,83.05489864268266,79.24412135731724,81.27083749999963,80.06507999999951,29.185045021528722,29.596753730981675,29.46457635969847
2019-11-11T19:30:00Z,79.08,79.57,79.01,79.49,687459,395861.75,81.13936304830024,81.03050999999995,83.03571208449428,79.02530791550562,81.20532999999963,79.79899999999951,35.04011069166252,32.22109235532051,30.245778456509054
2019-11-11T20:30:00Z,79.49,79.68,79.35,79.57,609893,400755.15,81.06280875326121,80.90950999999994,82.96006238403373,78.85895761596615,81.16757999999963,79.5079999999995,36.12347236353139,42.025382025381894,34.6144093705612
2019-11-12T14:30:00Z,79.62,79.645,78.275,78.495,471034,406305.1,80.9375497896875,80.72125999999994,82.9267576512494,78.51576234875048,81.11170499999962,78.99299999999951,29.10035874971544,38.910230510230484,37.7189016303108
2019-11-12T15:30:00Z,78.5,78.7,78,78,764378,433849.35,80.79425467799543,80.51575999999993,82.92213285757558,78.10938714242428,81.04745499999963,78.92499999999951,26.541495850072863,28.171502651937477,36.36903839584979
2019-11-12T16:30:00Z,78.005,78.07,77.54,77.865,548532,454621.7,80.65136420589809,80.30751999999994,82.86955376840906,77.74548623159082,80.98082999999963,78.6839999999995,25.873285034937226,15.485346215780993,27.522359792649493
2019-11-12T17:30:00Z,77.865,77.865,77.6,77.68,239505,463238.25,80.50641961048842,80.09801999999993,82.79634532331985,77.39969467668001,80.90732999999963,78.3219999999995,24.946414898974098,8.38164251207723,17.346163793265074
2019-11-12T18:30:00Z,77.67,77.67,77.39,77.42,281172,466329.45,80.35586255631826,79.87926999999993,82.69848324139795,77.06005675860192,80.81982999999964,77.89199999999951,23.66340262127531,4.572222222222149,9.479736983359967
2019-11-12T19:30:00Z,77.42,77.57,77.41,77.515,351372,471525.9,80.21728389503444,79.66201999999994,82.50674657921067,76.81729342078921,80.72457999999963,77.6959999999995,25.177623089629833,2.674074074074101,5.209312936124336
2019-11-12T20:30:00Z,77.515,77.53,77.2,77.42,675070,492387.4,80.08083102210593,79.48251999999994,82.41603479124763,76.54900520875225,80.61707999999962,77.5799999999995,24.651028916669148,3.2390298928370105,3.4951087297109296
2019-11-13T14:30:00Z,77.63,77.9962,76.8,77.265,317173,498668.85,79.94347341127148,79.29226999999995,82.28228491977309,76.3022550802268,80.50745499999962,77.45999999999951,23.777222519904868,6.543791797598928,4.152298588169856
2019-11-13T15:30:00Z,77.29,77.65,77.24,77.3103,186215,500883.85,79.81502592779482,79.10828499999994,82.11061257792468,76.10595742207519,80.40013749999963,77.3860599999995,24.61822584016751,9.397715651522782,6.3935124473194165
2019-11-13T16:30:00Z,77.305,77.49,77.22,77.41,123105,503078.05,79.69770758985361,78.93178499999993,81.89744855225487,75.966121447745,80.29338749999962,77.3840599999995,26.539323761073803,12.276168276168299,9.405891908429846
2019-11-13T17:30:00Z,77.41,77.71,77.41,77.645,123902,505419.2,79.59757551229977,78.76603499999993,81.62849896748904,75.90357103251083,80.19126249999962,77.4100599999995,31.002788168669326,18.48483229733225,13.386238741674285
2019-11-13T18:30:00Z,77.65,77.77,77.43,77.585,244500,510657.2,79.49940109706563,78.59628499999994,81.3123630999759,75.88020690002398,80.09413749999962,77.44305999999952,30.49335128800898,23.605445480445365,18.122148684648483
2019-11-13T19:30:00Z,77.59,77.78,77.58,77.78,478633,522795.15,79.41552787281853,78.43878499999992,80.95311877759839,75.92445122240146,79.99863749999963,77.54605999999951,34.27341188917531,30.208333333333233,24.099537037036793
2019-11-13T20:30:00Z,77.77,78.07,77.72,77.98,572754,544548.45,79.34550212292494,78.29676499999992,80.5658781212822,76.02765187871765,79.91013749999964,77.67999999999951,37.99783760801311,34.25366546247481,29.355814758750977
2019-11-14T14:30:00Z,77.38,77.82,76.9,77.0872,718423,576865.95,79.23534104375787,78.09987499999993,80.04866126934137,76.15108873065849,79.79656749999963,77.61543999999951,29.86282858194693,30.206613805554756,31.556204200454108
2019-11-14T15:30:00Z,77.09,77.32,76.96,76.98,242274,585654.9,79.125324407477,77.89537499999992,79.35036036885431,76.44038963114552,79.67944249999962,77.48243999999951,29.058384411868445,23.58843066178125,29.349569976603448
2019-11-14T16:30:00Z,76.98,77.19,76.49,77.09,276408,450932,79.02604029003909,77.83287499999992,79.31326174797563,76.3524882520242,79.55869249999964,77.38343999999952,31.109118233178023,22.421233788148584,25.40542608516137
2019-11-14T17:30:00Z,77.095,77.245,76.88,77.03,246847,407932.45,78.92867247101279,77.73087499999993,79.13542294278288,76.32632705721697,79.44019249999963,77.23343999999952,30.58968883332139,28.77504236021184,24.9282356033804
2019-11-14T18:30:00Z,77.04,77.04,76.78,76.89,129761,380047.55,78.82922503340241,77.60087499999993,78.79572433090847,76.40602566909139,79.31569249999961,77.01543999999953,29.357929892316093,32.489451476793725,27.895242541717895
2019-11-14T19:30:00Z,76.88,76.985,76.81,76.905,178492,358477.5,78.73536039762668,77.46762499999993,78.29103281121706,76.64421718878279,79.1885674999996,76.97899999999952,29.68462967026197,28.586497890295778,29.95033057576696
2019-11-14T20:30:00Z,76.905,76.96,76.77,76.85,399079,354879.75,78.64339159774245,77.38537499999993,78.1037985683618,76.66695143163805,79.05331749999962,76.95299999999952,29.152259447291016,24.789029535865254,28.621659634318096
2019-11-15T14:30:00Z,77.48,77.72,77.33,77.59,390207,336171.2,78.59200664175502,77.36487499999993,78.0336596615903,76.69609033840955,78.94031749999962,77.05299999999951,43.765290053238985,39.55696202531681,30.977496483825792
2019-11-15T15:30:00Z,77.59,77.67,77.45,77.53,122371,314863.15,78.54020143971819,77.34812499999994,77.98182755133686,76.71442244866302,78.82782249999963,77.15299999999952,42.99101336171718,52.74261603375564,39.029535864979074
2019-11-15T16:30:00Z,77.53,77.568,77.36,77.49,136578,309716.8,78.48897210119534,77.33862499999994,77.9576689593207,76.71958104067917,78.71832249999963,77.27299999999951,42.45180580771173,66.24472573839701,52.848101265823
2019-11-15T17:30:00Z,77.49,77.59,77.44,77.49,109087,301112.55,78.44024175479557,77.34212499999994,77.9637558579588,76.72049414204108,78.61069749999962,77.3899999999995,42.45180580771173,64.13502109704662,61.04078762306627
2019-11-15T18:30:00Z,77.49,77.5577,77.39,77.54,104094,288748.65,78.39632752285432,77.34337499999995,77.96649009655845,76.72025990344146,78.50269749999961,77.52799999999952,43.47949943807372,64.34599156118175,64.90857946554164
2019-11-15T19:30:00Z,77.54,77.67,77.52,77.645,136630,261826.65,78.35967739978825,77.35462499999994,77.99085406532605,76.71839593467384,78.41857249999961,77.5389999999995,45.67355309544269,67.6160337552746,65.36568213783416
2019-11-15T20:30:00Z,77.64,79.5,77.58,78.05,2156991,353817.55,78.34457118516444,77.39387499999995,78.09653275705985,76.69121724294006,78.34307249999962,77.64299999999952,53.21714781977454,63.79473485007811,65.25225338884466
2019-11-18T14:30:00Z,76.74,77.9,76.33,77.675,801695,384591.55,78.31190917613203,77.41210999999994,78.12401389777605,76.70020610222383,78.26019749999962,77.67999999999952,46.74480743421911,55.78584347657358,62.39887069397526
2019-11-18T15:30:00Z,77.675,78.19,77.675,77.9,479103,402391.45,78.291816045589,77.43660999999994,78.17958550408224,76.69363449591765,78.18419749999961,77.76199999999953,50.62499600297641,47.92769282902072,55.83609038522397
2019-11-18T16:30:00Z,77.9,77.9799,77.56,77.881,313881,411890.4,78.27177623848709,77.44840999999994,78.21147412290495,76.68534587709493,78.10722249999961,77.83019999999952,50.291766436092004,46.961093585699324,50.22487663043105
2019-11-18T17:30:00Z,77.88,78.28,77.81,78.14,270035,413167.15,78.2653481292926,77.47615999999995,78.29537583582143,76.65694416417847,78.03622249999961,77.92919999999953,54.67180375342657,51.850683491062135,48.913156635260556
2019-11-18T18:30:00Z,78.14,78.45,78.0976,78.34,157990,397135,78.26898968396125,77.50415999999994,78.39789303937064,76.61042696062924,77.9714724999996,77.98719999999953,57.76652284700785,56.4773922187172,51.76305643182605
2019-11-18T19:30:00Z,78.345,78.4,78.17,78.3,163484,376671.5,78.2705023823046,77.52015999999995,78.45777520127683,76.58254479872306,77.90846249999962,78.11219999999953,56.92937171872342,60.88328075709782,56.40378548895888
2019-11-18T20:30:00Z,78.295,78.3,78,78.22,314149,356457.8,78.26803885146047,77.57679999999993,78.53948075708938,76.61411924291049,77.83833749999961,78.17619999999953,55.20619378445971,61.72450052576236,59.69505783385896
2019-11-19T14:30:00Z,78.2,78.3,77.405,77.58,279291,358308.65,78.23447598065752,77.60679999999994,78.52979633805977,76.6838036619401,77.75108749999961,78.11599999999953,43.78745562401459,53.732912723448955,58.78023133543621
2019-11-19T15:30:00Z,77.6,77.67,77.355,77.545,195546,354265.55,78.2008430059913,77.62954999999994,78.52241022986344,76.73668977013644,77.7312124999996,77.99699999999953,43.26047536099521,45.7939011566772,53.75043813529601
2019-11-19T16:30:00Z,77.54,77.61,76.915,77.1637,274349,355640.65,78.15025066423563,77.63623499999993,78.5128944761803,76.75957552381955,77.6835549999996,77.76173999999953,37.90795378635385,34.68664563617254,44.737819838766065
2019-11-19T17:30:00Z,77.17,77.355,77.025,77.285,197387,359021.95,78.10804331476072,77.65598499999994,78.48077070378469,76.8311992962152,77.62842999999961,77.55873999999953,40.43290080371603,31.584647739221946,37.35506484402373
2019-11-19T18:30:00Z,77.285,77.48,77.27,77.325,198101,360002.4,78.06984607989435,77.67698499999995,78.44355005083615,76.91041994916374,77.5723049999996,77.37973999999953,41.28086943682928,29.271293375394407,31.847528916929466
2019-11-19T19:30:00Z,77.32,77.34,77.14,77.25,248504,352473.65,78.02985358819218,77.69698499999994,78.39390994371071,77.00006005628917,77.5411799999996,77.31373999999953,40.127414918887595,30.178759200841245,30.344900105152366
2019-11-19T20:30:00Z,77.25,77.29,77.12,77.17,319225,348924.55,77.98790951071939,77.67598499999994,78.40892009751525,76.94304990248463,77.5204299999996,77.23873999999952,38.879497939179764,33.344245382219384,30.931432652818177
2019-11-20T14:30:00Z,76.86,77.61,76.72,77.5,344068,360009.4,77.96410904678186,77.67448499999995,78.40873065178305,76.94023934821685,77.51130499999961,77.30599999999953,46.298411033739974,37.910476243557866,33.81116027553933
2019-11-20T15:30:00Z,77.51,77.56,77.24,77.32,100718,358216.4,77.9326890932803,77.66598499999995,78.41241159194215,76.91955840805775,77.50230499999961,77.31299999999952,43.21698938894016,39.79714254553374,37.0172880571035
2019-11-20T16:30:00Z,77.32,77.42,77.14,77.33,263776,365950.85,77.90328962531541,77.65798499999994,78.41513736060372,76.90083263939616,77.5000549999996,77.31399999999952,43.44220045439786,38.34296724470116,38.68352867793076
2019-11-20T17:30:00Z,77.33,77.42,76.96,77.02,484246,384958.45,77.86020232651954,77.63198499999994,78.43771235907609,76.8262576409238,77.4876799999996,77.26799999999953,38.36263958266021,29.094412331406307,35.74484070721357
2019-11-20T18:30:00Z,77.04,77.22,77.01,77.17,157060,385979.95,77.82653392034786,77.60823499999994,78.43865205014222,76.77781794985765,77.48142999999962,77.26799999999953,41.9024993063852,26.46229011835939,31.299889898155453
2019-11-20T19:30:00Z,77.18,77.54,77.07,77.51,317830,294021.9,77.8110932413065,77.58123499999994,78.38719730505308,76.77527269494679,77.48755499999962,77.26999999999953,49.045733888581864,31.375584916047444,28.977429121937547
2019-11-20T20:30:00Z,77.505,77.675,77.448,77.67,266770,267275.65,77.80421064416959,77.58098499999993,78.38683390467948,76.77513609532038,77.49654749999962,77.33999999999953,52.03450166745294,45.637432188065354,34.491769074157226
2019-11-21T14:30:00Z,77.84,77.94,77.36,77.64,356753,261158.15,77.79620036884424,77.56798499999994,78.36111733269597,76.7748526673039,77.50229749999961,77.40199999999953,51.42542014353521,61.845472781351894,46.28616329515473
2019-11-21T15:30:00Z,77.63,77.795,77.43,77.64,228419,256885.05,77.78858083865671,77.55593499999993,78.3369085214249,76.77496147857497,77.50217249999962,77.52599999999954,51.42542014353521,70.31541813654307,59.266107701986606
2019-11-21T16:30:00Z,77.61,77.61,77.44,77.52,79290,247347.8,77.77547933433199,77.52493499999994,78.25849312391804,76.79137687608184,77.50054749999961,77.59599999999953,48.77675944168773,72.13114754098369,68.09734615295939
2019-11-21T17:30:00Z,77.51,77.61,77.485,77.5,59922,242444.4,77.76204131802311,77.48293499999993,78.11405280293002,76.85181719706983,77.49354749999961,77.59399999999954,48.32997454990183,68.30601092896181,70.25085886882935
2019-11-21T18:30:00Z,77.5,77.63,77.475,77.575,92374,238888.9,77.75291735129028,77.44668499999992,77.95779123277487,76.93557876722497,77.48342249999962,77.57499999999953,50.1731428017026,66.53005464480887,68.9890710382513
2019-11-21T19:30:00Z,77.58,77.71,77.5439,77.655,79963,227179.6,77.74814089512978,77.41843499999992,77.80198830943911,77.03488169056072,77.49761749999962,77.57799999999955,52.13452437725904,70.21857923497295,68.35154826958104
2019-11-21T20:30:00Z,77.6593,77.76,77.62,77.71,177215,222075.8,77.74628036366003,77.42493499999992,77.82333871632042,77.02653128367942,77.51586749999962,77.59199999999954,53.49003217781639,75.95628415300557,70.90163934426229
2019-11-22T14:30:00Z,77.95,78.39,77.84,77.84,375119,231054.45,77.7508520532376,77.43968499999991,77.87491820321706,77.00445179678276,77.53461749999961,77.65599999999954,56.61727642491242,73.10844892812116,73.09443743869973
2019-11-22T15:30:00Z,77.82,78.075,77.79,77.99,259203,230297.15,77.7625178067382,77.48099999999991,77.95842643421045,77.00357356578937,77.55861749999961,77.75399999999954,59.96243002422094,71.57132485001331,73.54535264371317
2019-11-22T16:30:00Z,77.98,78.32,77.96,78.28,137429,227299.25,77.78776084055585,77.53074999999993,78.11215583939108,76.94934416060877,77.59336749999962,77.89499999999954,65.50099485955826,75.29137529137536,73.32371635650311
2019-11-22T17:30:00Z,78.28,78.395,78.2,78.305,98205,222304.45,77.81299201906532,77.57974999999992,78.24296546278883,76.916534537211,77.62836749999961,78.02499999999955,65.93843718126428,85.94582312993884,77.60284109044234
2019-11-22T18:30:00Z,78.31,78.415,78.21,78.375,378832,228820.85,77.84040704252554,77.63599999999992,78.36533942720499,76.90666057279486,77.66649249999962,78.15799999999955,67.19280816512708,94.27850655555899,85.17190165895757
2019-11-22T19:30:00Z,78.37,78.71,78.34,78.595,251377,225428.45,77.87721645508528,77.70724999999992,78.51479860540128,76.89970139459855,77.69161749999962,78.30899999999954,70.82881599493757,94.00310294682215,91.40914421077316
2019-11-22T20:30:00Z,78.59,78.78,78.54,78.59,534069,234928.5,77.9119863841055,77.76174999999992,78.64916915129469,76.87433084870516,77.71811749999962,78.42899999999955,70.63720463075471,91.70907403205781,93.33022784481284
2019-11-25T14:30:00Z,78.74,78.87,77.74,77.79,432188,251502,77.90603582878329,77.78524999999992,78.64921455371882,76.92128544628102,77.72561749999963,78.33099999999955,48.179046070355675,67.70039993044706,84.47085896977552
2019-11-25T15:30:00Z,77.8,78.42,77.74,78.135,171399,246883.15,77.91720481274508,77.82549999999992,78.67577583764452,76.97522416235532,77.74174249999962,78.29699999999954,54.846310408180294,53.40703897041942,70.93883764430795
2019-11-25T16:30:00Z,78.1399,78.17,77.59,77.6,266835,236012.6,77.90173140724532,77.85449999999993,78.62910247874498,77.07989752125488,77.74324249999961,78.14199999999956,45.14608666067206,27.520657359367117,49.54269875341105
2019-11-25T17:30:00Z,77.61,78.02,77.61,77.895,130878,234703.5,77.90140304591628,77.89074999999993,78.59882679673689,77.18267320326296,77.7494924999996,78.00199999999957,50.35951347504321,29.22316631994056,36.71695421657555
2019-11-25T18:30:00Z,77.89,78.07,77.85,78.0087,546313,246127.65,77.90663704367647,77.91568499999993,78.60319795346366,77.22817204653619,77.74845999999961,77.88573999999956,52.24347285491848,24.706082468719103,27.14996871600877
2019-11-25T19:30:00Z,78.02,78.09,77.85,77.86,136367,239607.5,77.90436206593616,77.92518499999993,78.60405244006336,77.2463175599365,77.7530849999996,77.89973999999955,49.592607692703005,28.75047464315151,27.559907810603573
2019-11-25T20:30:00Z,77.86,78.04,77.77,78.01,287354,236137.55,77.90951513589049,77.94368499999993,78.6105167787663,77.27685322123357,77.7558349999996,77.87473999999955,52.22598054998467,29.652132349244766,27.702896487038306
2019-11-26T14:30:00Z,78,78.63,77.59,78.56,153349,232384.05,77.94124610487144,77.98968499999994,78.69234035020192,77.28702964979796,77.77280999999961,78.06673999999956,60.39584715667163,43.22916666666655,33.87725788635412
2019-11-26T15:30:00Z,78.56,78.695,78.4,78.63,266694,241754.25,77.97484385585332,78.04518499999993,78.76579821190762,77.32457178809224,77.7850599999996,78.21373999999955,61.30287765066988,63.28124999999975,45.387516338636864
2019-11-26T16:30:00Z,78.63,78.68,78.53,78.57,213456,249430.95,78.00387586288487,78.09868499999993,78.80824487849664,77.38912512150323,77.7908099999996,78.32599999999955,60.03372361403043,77.86458333333276,61.45833333333286
2019-11-26T17:30:00Z,78.5655,78.57,78.135,78.15,153936,252509.05,78.01100386957341,78.12743499999993,78.79515232130798,77.45971767869189,77.78705999999961,78.38399999999956,51.92919455290888,67.18749999999953,69.44444444444386
2019-11-26T18:30:00Z,78.15,78.56,78.15,78.41,200736,258547.7,78.03046709544788,78.16518499999992,78.8066487956878,77.52372120431204,77.79180999999961,78.46399999999956,55.89833301087735,61.458333333332895,68.8368055555549
2019-11-26T19:30:00Z,78.39,78.55,78.24,78.48,160030,257688.45,78.05239552981627,78.20368499999994,78.823305707504,77.58406429249587,77.81430999999961,78.44799999999957,56.929442349319686,59.11458333333318,62.58680555555505
2019-11-26T20:30:00Z,78.48,78.5385,78.24,78.46,404477,259156.35,78.07227867470328,78.23468499999993,78.84030199214821,77.62906800785164,77.83718499999961,78.41399999999956,56.52282099502262,67.18749999999953,62.58680555555505
2019-11-27T14:30:00Z,78.47,79.14,78.47,79.1,217286,257060.5,78.12241142227873,78.29018499999992,78.99177661994773,77.58859338005212,77.8855924999996,78.51999999999956,65.11060881342326,78.30645161290282,68.20284498207836
2019-11-27T15:30:00Z,79.085,79.19,78.97,79.095,206410,260509.55,78.16985476753342,78.33093499999993,79.11522655368134,77.54664344631851,77.93084249999961,78.70899999999958,65.00258356337406,86.48353494623619,77.32582885304602
2019-11-27T16:30:00Z,79.09,79.3,79.02,79.05,253131,268255.85,78.21278868131228,78.36818499999993,79.21248314708917,77.52388685291068,77.9739674999996,78.83699999999956,63.97384931170675,92.28732393259122,85.69243683057658
2019-11-27T17:30:00Z,79.04,79.205,79.01,79.2,82345,253431.5,78.26094533100436,78.40943499999993,79.32835124274284,77.49051875725702,78.0227174999996,78.98099999999957,65.91052256273498,91.19822124756347,89.98969337546346
2019-11-27T18:30:00Z,79.2,79.23,79.09,79.14,101850,245955.15,78.30382604656512,78.43668499999993,79.40688857718239,77.46648142281747,78.0719674999996,79.11699999999958,64.4187740175312,90.0584795321639,91.1813415707727
2019-11-27T19:30:00Z,79.15,79.15,79,79.07,112578,224880.6,78.34120038575706,78.46068499999993,79.46791261140258,77.45345738859727,78.1112174999996,79.11099999999956,62.6375956179088,90.4483430799221,90.56834795321633
2019-11-27T20:30:00Z,79.08,79.09,78.93,78.99,250363,215789.35,78.37284914742744,78.52068499999993,79.50362887488225,77.5377411251176,78.1529674999996,79.08999999999956,60.57614366439428,86.35477582845995,88.95386614684848
2019-11-29T14:30:00Z,78.88,79.28,78.61,78.66,145759,214507.35,78.38685650608952,78.54693499999993,79.51520849502356,77.57866150497631,78.1862174999996,79.01199999999957,52.84955008112308,71.16181010466052,82.6549763376807
2019-11-29T15:30:00Z,78.66,78.79,78.6,78.72,82421,205286.65,78.40310740823149,78.60293499999992,79.46991982176667,77.73595017823317,78.22871749999959,78.91599999999957,53.998446663254114,59.05010499544019,72.18889697618671
2019-11-29T16:30:00Z,78.72,78.87,78.525,78.53,83122,202898.85,78.40929729075678,78.63468499999992,79.43995510448302,77.82941489551682,78.2627174999996,78.79399999999957,49.85562450105958,43.06151645207418,57.75781051739147
2019-11-29T17:30:00Z,78.525,78.7,78.5,78.6,225794,186872.9,78.41859986193938,78.66424999999991,79.41713295908379,77.91136704091603,78.2899674999996,78.69999999999956,51.33692673969918,41.083535485475835,47.731718977663235
2019-12-02T14:30:00Z,78.58,78.84,76.88,76.99,560753,208092.2,78.34891206379599,78.6207499999999,79.61600009424043,77.62549990575937,78.2729674999996,78.29999999999957,29.64536637982846,25.860489575734704,36.66851383776141
2019-12-02T15:30:00Z,76.995,77.42,76.86,77.35,253746,206411.8,78.30018464604984,78.58774999999991,79.69884169291925,77.47665830708058,78.2657174999996,78.03799999999957,36.14266768429923,21.25261884705905,29.398881302756365
2019-12-02T16:30:00Z,77.34,77.43,77.21,77.295,176835,207586.1,78.25115124868155,78.5244999999999,79.77053731889616,77.27846268110365,78.2570924999996,77.75299999999956,35.60171891084164,14.151763537009428,20.421623986600896
2019-12-02T17:30:00Z,77.295,77.86,77.21,77.79,207565,204629.65,78.22865606581904,78.48249999999992,79.76750000002879,77.19749999997104,78.2638424999996,77.60499999999956,43.76016038010772,25.34153005464491,20.248637479570963
2019-12-02T18:30:00Z,77.8,78.1,77.64,77.93,173421,202627.9,78.2140874772425,78.4504999999999,79.75688776788499,77.14411223211482,78.2745924999996,77.47099999999958,45.84965693434341,33.265027322404656,24.252773638019505
2019-12-02T19:30:00Z,77.935,78.07,77.62,77.69,221584,206010.3,78.18852223445019,78.42749999999991,79.76993994282101,77.08506005717881,78.2774674999996,77.61099999999956,42.90665762602012,38.75491125863726,32.453822878562114
2019-12-02T20:30:00Z,77.7,77.93,77.59,77.66,336652,212806.1,78.16274066203799,78.3899999999999,79.77357146547784,77.00642853452196,78.27759249999961,77.67299999999958,42.53909024519431,37.06927697240669,36.36307185114937
2019-12-03T14:30:00Z,77.45,77.65,76.81,77.07,235125,216560.85,78.10943623949954,78.31949999999992,79.8165801581996,76.82241984180024,78.26159249999961,77.62799999999957,36.006204499304424,25.9605625634332,33.92825026482555
2019-12-03T15:30:00Z,77.055,77.355,76.97,77.24,218078,207240.9,78.06702471562151,78.25849999999991,79.82549744737528,76.69150255262454,78.24659249999961,77.51799999999957,38.917045562881285,20.331024637244493,27.786954724361298
2019-12-03T16:30:00Z,77.24,77.68,77.24,77.49,158270,204290.1,78.03887716851803,78.17799999999991,79.72914602796853,76.6268539720313,78.2340924999996,77.42999999999958,43.0216055036488,18.488529014844513,21.593372071840577
2019-12-03T17:30:00Z,77.48,77.79,77.4,77.65,235072,205723.2,78.01990755054153,78.10574999999992,79.61331517274677,76.59818482725306,78.21834249999961,77.42199999999958,45.54368890292201,28.571990094728847,22.463847915605786
2019-12-03T18:30:00Z,77.635,77.79,77.57,77.61,154080,200770.65,77.99991206027121,78.03374999999991,79.49074991423504,76.57675008576479,78.20096749999962,77.4119999999996,45.007327944990514,35.71400495263541,27.591508020736097
2019-12-03T19:30:00Z,77.625,77.93,77.605,77.93,78148,200560.8,77.99650171586774,77.97024999999991,79.32555245704903,76.61494754295079,78.18984249999961,77.58399999999959,50.073021435837774,44.92802142618018,36.40467215784798
2019-12-03T20:30:00Z,77.94,78.06,77.84,78,181885,204562.55,77.99667236387418,77.9132499999999,79.15838563521702,76.6681143647828,78.17496749999961,77.73599999999959,51.13344305133046,50.87601830152882,43.839348226781304
2019-12-04T14:30:00Z,78.05,78.11,77.44,77.63,354198,216643.55,77.97878590709983,77.8412499999999,78.97176260501112,76.71073739498868,78.15096749999962,77.76399999999958,45.61814172773291,58.95667550839955,51.58690507870269
2019-12-04T15:30:00Z,77.6,77.925,77.55,77.87,188505,213550.65,77.97347927748521,77.7852499999999,78.78612699048884,76.78437300951097,78.15296749999962,77.80799999999958,49.428487205785196,67.74535809018563,59.1926839667045
2019-12-04T16:30:00Z,77.88,78.19,77.87,78.13,68034,209664.4,77.98111443468106,77.7587499999999,78.69131568137836,76.82618431862146,78.15284249999962,77.91199999999958,53.250027636644504,80.08918617614265,68.93040659157577
2019-12-04T17:30:00Z,78.12,78.4,78.11,78.2422,125438,211815.25,77.99385031591613,77.7348599999999,78.58887422101165,76.88084577898815,78.16889749999962,77.97443999999959,54.83611815262014,89.08870238320598,78.9744155498446
2019-12-04T18:30:00Z,78.24,78.53,78.15,78.45,117465,213532.4,78.01610152001778,77.73085999999991,78.57056936024885,76.89115063975096,78.18277249999961,78.06443999999958,57.6985751780586,93.69216094015282,87.62334983316698
2019-12-04T19:30:00Z,78.45,78.48,78.275,78.28,76321,206058.75,78.02897461660228,77.7148599999999,78.49800614836083,76.93171385163897,78.18955499999961,78.19443999999957,54.64714623321146,90.29647506216163,91.02577946183999
2019-12-04T20:30:00Z,78.29,78.375,78.25,78.34,196922,187867.2,78.04414658652412,77.7823599999999,78.53612952027716,77.02859047972264,78.20155499999962,78.28843999999958,55.54083537898061,89.92248062015513,91.30370554082303
2019-12-05T14:30:00Z,78.07,78.2,77.26,77.46,458355,198097.65,78.01565163108393,77.78785999999991,78.5304525192811,77.04526748071872,78.18780499999961,78.15443999999958,42.357430831554574,68.60962035380633,82.94285867870754
2019-12-05T15:30:00Z,77.46,77.97,77.46,77.79,248469,201679.35,78.00464423444569,77.81260999999992,78.52000813378302,77.10521186621682,78.16855499999963,78.06399999999958,47.399629207602636,54.333134565692866,70.95507851321794
2019-12-05T16:30:00Z,77.79,77.86,77.36,77.39,183782,200490.2,77.97466158886297,77.79260999999991,78.5236570023806,77.06156299761922,78.13755499999962,77.85199999999958,42.54199120879115,28.094045265808692,50.345600061769126
2019-12-05T17:30:00Z,77.39,77.63,77.29,77.31,183168,200977.55,77.94223907233307,77.76160999999992,78.51883717838557,77.00438282161427,78.10605499999961,77.65799999999959,41.62323411854238,18.93629575372853,33.78782519507653
2019-12-05T18:30:00Z,77.31,77.44,77.14,77.325,182708,199033.75,77.91212984929243,77.74335999999991,78.52384754614678,76.96287245385304,78.08542999999962,77.45499999999957,41.876699768295595,9.160860288147335,18.730400435894687
2019-12-05T19:30:00Z,77.34,77.34,76.895,77.16,301478,197275.05,77.87544058835134,77.71835999999992,78.53892858926302,76.89779141073682,78.05417999999962,77.39499999999957,39.82814971608884,11.151437154112585,13.082864398662652
2019-12-05T20:30:00Z,77.16,77.25,76.91,76.98,437981,207417.85,77.83176055965127,77.71385999999993,78.54945126950867,76.87826873049119,78.01667999999962,77.23299999999958,37.66359227505463,11.57202678224416,10.628108074834529
2019-12-06T14:30:00Z,77.54,77.63,76.63,76.705,344389,213733.4,77.77679662991218,77.68710999999992,78.61123204804582,76.76298795195402,77.97280499999962,77.09599999999958,34.57222119806825,8.451365416599826,10.391609784318694
2019-12-06T15:30:00Z,76.705,77.28,76.66,77.24,230011,217320.45,77.75061142845306,77.67460999999992,78.61566661874585,76.73355338125398,77.92630499999962,77.08199999999957,44.172490678151554,13.750469445785905,11.257953881543132
2019-12-06T16:30:00Z,77.25,77.49,77.145,77.43,131580,212145.85,77.7349718465773,77.66360999999992,78.61068404128852,76.71653595871132,77.88467999999963,77.10299999999958,47.13897029217069,26.052631578947555,16.08482214711093
2019-12-06T17:30:00Z,77.43,77.655,77.31,77.53,112749,210079.3,77.72497321991499,77.6596099999999,78.60823045080966,76.71098954919015,77.84667999999962,77.17699999999958,48.684484126974226,40.52631578947388,26.77647227140228
2019-12-06T18:30:00Z,77.52,77.67,77.47,77.535,138920,213117.9,77.71570623357766,77.63985999999991,78.58156265460335,76.69815734539648,77.80505499999961,77.28799999999958,48.76514399108682,46.130867709815256,37.56993835941207
2019-12-06T19:30:00Z,77.54,77.73,77.48,77.68,296478,218847.55,77.71396446608607,77.62385999999991,78.55130917364386,76.69641082635596,77.76855499999962,77.48299999999958,51.16256503947311,52.153086580774904,46.27009002668785
2019-12-06T20:30:00Z,77.68,78,77.51,77.77,809573,241616.3,77.7166979067648,77.63085999999991,78.56049961280313,76.7012203871967,77.73605499999962,77.58899999999959,52.64376982760012,60.56743455261517,52.95046294773494
2019-12-09T14:30:00Z,77.7,77.9,77.16,77.41,523473,258364.7,77.70173703326407,77.6078599999999,78.53545476588428,76.68026523411552,77.69655499999962,77.58499999999958,46.560654964882495,63.239230436089905,58.653250523159834
2019-12-09T15:30:00Z,77.4,77.42,76.07,76.15,531959,281560.95,77.62604254383655,77.5088599999999,78.60054363993385,76.41717636006595,77.63380499999963,77.3089999999996,32.434160025644346,44.5636164192345,56.12342713597969
2019-12-09T16:30:00Z,76.18,76.39,75.81,76.0401,471041,298841.1,77.54867949291769,77.39875499999991,78.61002474782268,76.18748525217714,77.56680749999961,77.01001999999959,31.53543669220238,23.86207786820637,43.88830824117676
2019-12-09T17:30:00Z,76.04,76.04,75.48,75.5,419068,313921.25,77.44874390789731,77.25125499999992,78.62245166787258,75.88005833212725,77.49105749999961,76.57401999999959,27.502214117070224,5.1485259429755965,24.52474007680532
2019-12-09T18:30:00Z,75.5,75.77,75.3,75.52,321328,326171.6,77.3546588392194,77.11325499999991,78.5937244600005,75.63278553999932,77.41405749999961,76.12401999999959,27.87009667028282,6.482882752289,11.831162187823486
2019-12-09T19:30:00Z,75.525,75.58,75.4339,75.475,307781,331714.55,77.26296816413553,76.97000499999992,78.501508444981,75.43850155501883,77.3761824999996,75.73701999999959,27.531577901380004,5.141093474426726,5.590834056563605
2019-12-09T20:30:00Z,75.4785,75.94,75.44,75.88,583654,337979.5,77.19550630247038,76.89100499999992,78.47534775394742,75.30666224605243,77.33943249999962,75.68301999999957,35.164397869701645,12.03703703703698,7.887004421250734
2019-12-10T14:30:00Z,75.8,75.905,75.12,75.59,400144,345563.25,77.11718892186207,76.78100499999991,78.40538991805259,75.15662008194722,77.29680749999962,75.59299999999958,32.52288385044265,14.76080246913576,10.646310993532987
2019-12-10T15:30:00Z,75.58,75.635,75.12,75.16,341651,353456.7,77.02171629152733,76.66950499999993,78.41313736434338,74.92587263565648,77.23105749999961,75.52499999999958,29.039552451068914,13.063271604938173,13.287037037036802
2019-12-10T16:30:00Z,75.165,75.31,75.12,75.295,172660,352931.3,76.937486228526,76.56875499999992,78.38409452801871,74.75341547198114,77.16518249999962,75.47999999999959,31.51939072356147,7.928240740740641,11.91743827160469
2019-12-10T17:30:00Z,75.295,75.3,75.095,75.16,232956,355443.7,76.85077958323204,76.46050499999993,78.33963303767766,74.5813769623222,77.1019324999996,75.41699999999959,30.37618364323852,3.234266430802453,8.075259592160256
2019-12-10T18:30:00Z,75.17,75.4,75.15,75.295,343658,357552.7,76.7748878962451,76.36725499999991,78.28302159903903,74.4514884009608,77.04280749999961,75.29999999999959,32.993456438858715,5.066197328998534,5.409568166847042
2019-12-10T19:30:00Z,75.29,75.34,75.19,75.215,252933,348300.3,76.69879580374534,76.27900499999991,78.23590470156667,74.32210529843316,76.99643249999961,75.2249999999996,32.22048379342779,4.417670682731005,4.2393781475104975
2019-12-10T20:30:00Z,75.215,75.22,74.93,75.04,591526,360657.15,76.61787893526996,76.19575499999992,78.2137903123742,74.17771968762564,76.94143249999962,75.2009999999996,30.535211843900186,4.9063980790889445,4.796755363605993
2019-12-11T14:30:00Z,75.08,75.41,74.59,74.83,247708,361542,76.53066532867142,76.07525499999991,78.11715444463302,74.03335555536681,76.87493249999962,75.10799999999958,28.60191318924757,5.438359341604844,4.920809367808097
2019-12-11T15:30:00Z,74.83,75.04,74.7,74.73,260643,367995.15,76.4428279955655,75.94025499999991,77.96295832525479,73.91755167474503,76.80193249999962,75.0219999999996,27.702453640256024,6.654015617502047,5.666257679398444
2019-12-11T16:30:00Z,74.735,74.89,74.51,74.55,715276,398121.5,76.35049492261108,75.79125499999992,77.76194744226169,73.82056255773816,76.72543249999963,74.87299999999959,26.110746966438057,6.290907411256417,6.127760790120935
2019-12-11T17:30:00Z,74.55,74.56,74.31,74.413,241511,403251.05,76.25598297516663,75.63515499999991,77.52140734419793,73.7489026558019,76.63750749999961,74.71259999999958,24.936361595264017,5.570391755884116,6.171771594880693
2019-12-11T18:30:00Z,74.4194,74.65,74.4194,74.63,176208,397237.55,76.17666673247558,75.48265499999992,77.16512699263075,73.8001830073691,76.55325749999962,74.63059999999959,30.284979183211476,9.521766443454988,7.127688536865006
2019-12-11T19:30:00Z,74.62,74.795,74.51,74.69,247582,369138,76.10414640406213,75.32865499999993,76.67591851022495,73.98139148977491,76.47975749999962,74.60259999999958,31.73340539621468,16.421267893660257,10.504475364332952
2019-12-11T20:30:00Z,74.695,74.71,74.39,74.63,445994,365264.05,76.03223682337618,75.18965499999993,76.1740631094648,74.20524689053507,76.39875749999962,74.58259999999959,31.038922844010997,21.002493733612535,15.648509356909093
2019-12-12T14:30:00Z,75.23,75.23,74.66,74.85,474071,362369.65,75.97456673443101,75.12465499999993,76.0139130761404,74.23539692385947,76.31675749999962,74.64259999999959,36.52432067657201,28.043432113826185,21.82239791369949
2019-12-12T15:30:00Z,74.85,74.93,74.71,74.77,186117,348123.45,75.91580738153193,75.06114999999993,75.85625786065991,74.26604213933994,76.22995249999961,74.71399999999959,35.420962687005755,34.2118649080258,27.752596918488006
2019-12-12T16:30:00Z,74.78,74.81,74.46,74.51,394039,346872,75.8472314117011,75.01164999999993,75.81453910198057,74.20876089801929,76.13145249999963,74.6899999999996,32.033978132749326,33.58490566037715,31.946734227409546
2019-12-12T17:30:00Z,74.52,75.25,74.52,74.7864,245237,343067.45,75.79548353795958,74.97496999999994,75.74808887085524,74.20185112914464,76.04411249999961,74.7092799999996,38.74019842612503,34.43636363636367,34.07771140158871
2019-12-12T18:30:00Z,74.795,74.828,74.63,74.781,106170,332986.9,75.7459965361079,74.94026999999994,75.68216979139572,74.19837020860416,75.95513749999962,74.7394799999996,38.659940570616115,34.769696969697314,34.26365542214588
2019-12-12T19:30:00Z,74.7787,75.03,74.77,74.98,290418,318325.1,75.70863085141971,74.89526999999994,75.50025966972608,74.2902803302738,75.89313749999963,74.7654799999996,43.32008027893349,49.0121212121216,39.4060606060607
2019-12-12T20:30:00Z,74.97,74.98,74.75,74.89,393194,317977.6,75.66869763915534,74.86026999999993,75.3746512792852,74.34588872071465,75.82063749999962,74.7894799999996,41.774333362212204,52.151515151515554,45.31111111111132
2019-12-13T14:30:00Z,74.97,75.29,74.65,74.9038,333362,317563.15,75.63138555919654,74.84745999999994,75.34378960185262,74.35113039814726,75.75848249999962,74.8682399999996,42.115395466309565,58.076066790352705,53.079901051329784
2019-12-13T15:30:00Z,74.86,75.29,74.85,75.04,263669,322113.6,75.60253748313818,74.83470999999994,75.29628203519427,74.37313796480562,75.70173249999962,74.9189599999996,45.508008911609,62.60296846011139,57.61018346732638
2019-12-13T16:30:00Z,75.04,75.38,75,75.19,332284,327080,75.5824137034729,74.83620999999992,75.30217483095105,74.3702451690488,75.6483574999996,75.0007599999996,49.049747351897544,72.44154110242235,64.37352545096198
2019-12-13T17:30:00Z,75.2,75.49,75.17,75.421,284280,324111.1,75.57453986427909,74.84250999999992,75.33572666606786,74.34929333393198,75.6048824999996,75.0889599999996,54.00741111360628,83.48668643328233,72.84373199860518
2019-12-13T18:30:00Z,75.415,75.42,75.26,75.36,230793,323004.1,75.56407450504597,74.84975999999992,75.36827890002846,74.33124109997138,75.56438249999961,75.1829599999996,52.55318380089703,88.05069385443268,81.3263071300456
2019-12-13T19:30:00Z,75.35,75.4499,75.32,75.3498,177715,302313.55,75.55362209016567,74.86524999999992,75.42262943816365,74.30787056183618,75.5305024999996,75.2721599999996,52.29959371383446,89.72121212121279,87.08619746964241
2019-12-13T20:30:00Z,75.35,75.54,75.35,75.48,385871,309221.7,75.55003076869419,74.89774999999993,75.51563497156117,74.27986502843869,75.4865024999996,75.36015999999958,55.266870244036355,89.96026936026965,89.24405844530486
2019-12-16T14:30:00Z,75.53,75.85,75.365,75.47,695647,330971.9,75.54612682875788,74.93474999999992,75.59518306859178,74.27431693140807,75.43750249999961,75.41615999999958,54.983961954530784,84.78695346752929,88.15614498300374
2019-12-16T15:30:00Z,75.45,75.76,75.265,75.545,291275,309771.85,75.54607186150139,74.98449999999993,75.67090082173793,74.29809917826192,75.3878774999996,75.44095999999959,56.77126926839577,81.72128963495898,85.48950415425247
2019-12-16T16:30:00Z,75.5372,75.71,75.35,75.61,380817,316737.15,75.5491903072818,75.04434999999992,75.72972989326314,74.3589701067367,75.3397524999996,75.49095999999959,58.315949722077406,77.55810389282603,81.35544899843792
2019-12-16T17:30:00Z,75.61,75.705,75.5,75.67,198973,317875.4,75.55508346302416,75.09634999999993,75.80549032326662,74.38720967673324,75.2895024999996,75.55499999999958,59.74582982306794,81.75278093807516,80.34405815528653
2019-12-16T18:30:00Z,75.67,75.685,75.54,75.63,210494,316021,75.5587379282425,75.14334999999991,75.86305577189026,74.42364422810957,75.23600249999961,75.58499999999958,58.30979603684338,82.955818508019,80.75556777963988
2019-12-16T19:30:00Z,75.64,75.645,75.4,75.4,280539,307748.25,75.55099461466969,75.18184999999991,75.86924770009229,74.49445229990754,75.18575249999961,75.57099999999959,50.75551969916852,76.47085610200403,80.39315184936588
2019-12-16T20:30:00Z,75.41,75.48,75.23,75.48,523131,310201.25,75.54753146273458,75.21334999999992,75.89474591874722,74.53195408125262,75.1690024999996,75.55799999999958,53.03468297104424,71.11111111111148,76.84592857371132
2019-12-17T14:30:00Z,75.4,75.47,75.02,75.2,337019,317746.35,75.53057870845484,75.23484999999991,75.88536917581163,74.58433082418819,75.1479999999996,75.47599999999957,45.15704340312313,55.55555555555623,67.71250758955706
2019-12-17T15:30:00Z,75.21,75.61,75.1,75.58,683530,332220.9,75.53298950316436,75.28834999999992,75.8632155478372,74.71348445216265,75.14999999999961,75.45799999999959,54.93939737112798,57.467320261438466,61.377995642701876
2019-12-17T16:30:00Z,75.58,75.7,75.47,75.57,268784,333398.25,75.5347948932539,75.32752999999991,75.86586511170687,74.78919488829295,75.1512499999996,75.44599999999957,54.66307397932288,56.50011811953729,56.50766464551048
2019-12-17T17:30:00Z,75.575,75.66,75.54,75.61,154665,335823,75.5384634350464,75.36897999999992,75.85801081139158,74.87994918860826,75.1546249999996,75.48799999999957,55.62451261526042,68.52823056933639,60.83188965010387
2019-12-17T18:30:00Z,75.6,75.65,75.55,75.6,150469,328825.55,75.54146521870267,75.39997999999991,75.8644367735501,74.93552322644973,75.14762499999959,75.51199999999956,55.30873024483293,69.07630522088365,64.70155130325226
2019-12-17T19:30:00Z,75.61,75.655,75.52,75.605,230935,320712.6,75.54456447632693,75.43572999999992,75.84438457845368,75.02707542154616,75.1479999999996,75.59299999999958,55.44492910983993,70.48192771084393,69.36215450035448
2019-12-17T20:30:00Z,75.605,75.64,75.43,75.49,302876,319188.3,75.54190279455489,75.46503999999992,75.79300554955569,75.13707445044415,75.15624999999959,75.57499999999956,51.55339714016321,65.66265060241001,68.40696117804568
2019-12-18T14:30:00Z,75.59,75.905,75.46,75.77,578056,334907.65,75.55302948750342,75.50153999999992,75.79257388409377,75.21050611590607,75.1681249999996,75.61499999999957,59.08351776084999,70.61806548226828,68.92088126517389
2019-12-18T15:30:00Z,75.79,75.93,75.57,75.755,361815,336384.2,75.56288170762521,75.52978999999992,75.80355163298339,75.25602836701646,75.1829999999996,75.64399999999956,58.55841317086809,74.04716650173003,70.10929419546926
2019-12-18T16:30:00Z,75.75,75.765,75.5583,75.645,179015,331120.95,75.56688747798495,75.54098999999994,75.81436023920139,75.26761976079848,75.19174999999959,75.65299999999957,54.71785255483453,78.06543738747054,74.2435564571561
2019-12-18T17:30:00Z,75.64,75.95,75.5284,75.855,306136,334888.1,75.58094174735153,75.56573999999993,75.85805834989075,75.27342165010911,75.2077499999996,75.70299999999956,60.098186714004406,79.74516522903566,77.2859230394119
2019-12-18T18:30:00Z,75.86,76.08,75.78,75.975,312060,341605.35,75.60016410113926,75.59699999999992,75.92213689438769,75.27186310561216,75.2311249999996,75.79999999999957,62.81696448867965,82.85353484683948,80.22137915444839
2019-12-18T19:30:00Z,75.98,76.25,75.93,76.21,338803,339251.95,75.62991219376661,75.63349999999993,76.04919339673792,75.21780660326193,75.26562499999959,75.88799999999956,67.4887796348284,92.20908444629163,84.93592817405542
2019-12-18T20:30:00Z,76.22,76.42,76.14,76.36,611990,335069.1,75.66552623309508,75.67799999999993,76.19287279991215,75.1631272000877,75.30637499999959,76.00899999999957,70.07345207618793,94.18553093886703,89.74938341066587
2019-12-19T14:30:00Z,76.04,76.46,76,76.44,165620,328786.35,75.70330544123678,75.72274999999993,76.33075884046785,75.11474115953202,75.3536249999996,76.16799999999958,71.38028755842177,96.9972216528887,94.46394567934895
2019-12-19T15:30:00Z,76.42,76.85,76.42,76.815,283630,323927,75.75753444410327,75.78299999999993,76.55190441544504,75.01409558455482,75.41367499999959,76.35999999999956,76.54967540140399,97.25963624886587,96.1474629468737
2019-12-19T16:30:00Z,76.815,77.075,76.81,77,138743,320915.5,75.81814252000068,75.84949999999992,76.78072983204736,74.91827016795249,75.47292499999959,76.56499999999956,78.60297528988892,97.16845083853151,97.14176958009519
2019-12-19T17:30:00Z,76.985,77.28,76.98,77.23,169109,318846.25,75.887013616586,75.92949999999992,77.03091227526058,74.82808772473926,75.53642499999958,76.76899999999956,80.84817270118755,96.75774601606194,97.06194436781959
2019-12-19T18:30:00Z,77.23,77.55,77.23,77.37,351615,322400.05,75.95935441577693,76.02799999999992,77.26623826467002,74.78976173532982,75.6049249999996,76.97099999999956,82.0807279370451,94.74915358094815,96.22511681184703
2019-12-19T19:30:00Z,77.37,77.42,77.215,77.285,363188,314402.9,76.02402005403171,76.11824999999992,77.44361891094294,74.79288108905689,75.6657999999996,77.13999999999956,78.76627354890273,92.10224375318728,94.53638111673229
2019-12-19T20:30:00Z,77.2815,77.395,77.13,77.22,382756,316689.75,76.08236053920089,76.21924999999992,77.55713368332083,74.881366316679,75.7270499999996,77.22099999999958,76.23124432287919,87.73998675935132,91.53046136449541
2019-12-20T14:30:00Z,77.93,77.93,77.05,77.05,1307671,347896.8,76.12956246411792,76.29274999999993,77.6435367152478,74.94196328475205,75.7905499999996,77.23099999999957,69.89530614796435,78.35609593604252,86.06610881619353
2019-12-20T15:30:00Z,77.08,77.5501,77.02,77.46,170343,342974.75,76.19446185611217,76.38724999999992,77.78615126531184,74.988348734688,75.8573899999996,77.27699999999956,75.24025656565269,75.99933377748143,80.69847215762492
2019-12-20T16:30:00Z,77.47,77.715,77.47,77.685,187143,344598.65,76.2671710338628,76.49099999999993,77.95040946964635,75.03159053035351,75.9299899999996,77.33999999999955,77.59153920403796,77.86198090162078,77.4058035383814
2019-12-20T17:30:00Z,77.68,77.7,77.31,77.52,272280,350689.2,76.32828464196704,76.58699999999992,78.05192457147116,75.12207542852867,75.99348999999961,77.38699999999956,72.17836682062573,83.71947125688779,79.19359531199649
2019-12-20T18:30:00Z,77.52,77.52,77.365,77.46,141872,346236.05,76.38349026918816,76.67974999999993,78.11890070444132,75.24059929555854,76.0577399999996,77.43499999999955,70.25885604620099,82.40956674878203,81.33033963576337
2019-12-20T19:30:00Z,77.45,77.65,77.39,77.58,202754,341229.95,76.44185659752044,76.78424999999991,78.1649971709559,75.40350282904393,76.12464499999962,77.54099999999956,71.87011779014864,79.76517251074377,81.96473683880437
2019-12-20T20:30:00Z,77.58,77.59,77.34,77.41,500086,337331.45,76.48908310495847,76.86624999999992,78.18993378024976,75.54256621975009,76.18389499999961,77.53099999999955,66.38331067412949,77.14075993091487,79.77183306348006
2019-12-23T14:30:00Z,77.56,77.56,76.9506,77.35,207599,329620.65,76.53107905105806,76.94599999999993,78.18152660841126,75.7104733915886,76.23789499999961,77.46399999999954,64.51135938989808,72.17056125541816,76.35883123235877
2019-12-23T15:30:00Z,77.36,77.51,77.25,77.33,151235,328231.65,76.57005080466499,77.03024999999994,78.12071079713253,75.93978920286735,76.28561999999961,77.42599999999955,63.86487045078594,60.358323406910834,69.88988153108112
2019-12-23T16:30:00Z,77.32,77.4,77.16,77.26,84780,317163.85,76.60370686297401,77.10049999999993,78.05112032383784,76.14987967616202,76.3331199999996,77.38599999999954,61.54032821632241,46.536248420392724,59.68837769424041
2019-12-23T17:30:00Z,77.26,77.38,77.24,77.33,82798,305700.75,76.63913579648747,77.16824999999993,77.96981269255004,76.36668730744982,76.38262499999959,77.33599999999954,62.990994457343234,38.919114715520685,48.60456218094125
2019-12-23T18:30:00Z,77.325,77.345,77.0893,77.11,101786,293849.9,76.66210478202466,77.21324999999993,77.88513745344065,76.54136254655921,76.4233749999996,77.27599999999954,55.8596783787884,28.868014430604063,38.107792522172325
2019-12-23T19:30:00Z,77.11,77.135,76.97,77.06,153427,270921.75,76.68151430485273,77.24824999999993,77.80108157479724,76.69541842520262,76.46312499999961,77.21799999999955,54.35358660967757,22.061125859369966,29.949418335164737
2019-12-23T20:30:00Z,77.055,77.1,76.92,76.95,206954,272988.45,76.69461116803065,77.27374999999994,77.70982195517549,76.83767804482439,76.4982499999996,77.14199999999954,51.089992028628075,10.138557249639952,20.35589917987116
2019-12-24T14:30:00Z,77.05,77.3,76.92,77.285,83431,262978.5,76.72341062324867,77.29724999999993,77.67919862231338,76.91530137768649,76.5401249999996,77.14699999999955,59.13700956245454,20.01745028687756,17.405711131962324
2019-12-24T15:30:00Z,77.3,77.4,77.11,77.384,62752,259178.95,76.75563449528532,77.31644999999995,77.6745614213265,76.95833857867339,76.5829749999996,77.15779999999954,61.17019724236116,35.74900886315014,21.96833879988905
2019-12-24T16:30:00Z,77.37,77.41,77.24,77.31,65113,253979.15,76.7826767150275,77.32044999999994,77.67639014958677,76.96450985041311,76.6249749999996,77.19779999999955,58.814534067826706,51.42557651991578,35.73067855664766
2019-12-24T17:30:00Z,77.31,77.36,77.24,77.32,85862,240691.5,76.80888760697738,77.31794999999994,77.67316456908155,76.96273543091833,76.67297499999961,77.24979999999955,59.04406599867044,54.38643347405241,47.18700628570594
2019-12-26T14:30:00Z,77.46,77.54,77.38,77.48,157932,230428.7,76.84162479688092,77.32769999999995,77.68940711919797,76.96599288080193,76.7229749999996,77.35579999999955,62.63244626915306,60.50228310502229,55.43809769966333
2019-12-26T15:30:00Z,77.49,77.52,77.36,77.395,120493,217315.55,76.86861870922819,77.33644999999994,77.69577129088555,76.97712870911434,76.77784999999959,77.37779999999955,59.64277725547759,67.46745723437519,60.7853912711498
2019-12-26T16:30:00Z,77.3925,77.41,77.325,77.33,91145,156489.25,76.89112511365607,77.35044999999994,77.68500252216496,77.01589747783491,76.8215999999996,77.36699999999955,57.38689925248744,70.55678371839375,66.17550801926357
2019-12-26T17:30:00Z,77.3269,77.4,77.31,77.38,63921,151168.15,76.91497266908749,77.34644999999995,77.677562956676,77.0153370433239,76.8668499999996,77.38099999999955,58.68152247503578,69.71719025838443,69.24714373705096
2019-12-26T18:30:00Z,77.39,77.4,77.305,77.3361,131204,148371.2,76.93551546571737,77.32900499999994,77.62143735454644,77.03657264545343,76.91000249999959,77.38421999999954,57.04289213409085,68.45631720430019,69.57676372702595
2019-12-26T19:30:00Z,77.33,77.4,77.305,77.38,82111,138862.75,76.9571976381214,77.32200499999993,77.60226374114293,77.04174625885693,76.9545024999996,77.36421999999956,58.29699077318731,71.83333333333213,70.00228026533875
2019-12-26T20:30:00Z,77.38,77.4,77.31,77.39,160478,139793.05,76.97830994845694,77.31850499999993,77.593481548075,77.04352845192486,76.9991274999996,77.36321999999956,58.593531953832056,72.37096774193456,70.88687275985546
2019-12-27T14:30:00Z,77.37,77.5,77.01,77.32,153837,137347.2,76.99497775584928,77.30550499999994,77.55301383213289,77.05799616786699,77.0448774999996,77.36121999999956,55.612460069945,71.50537634408464,71.90322580645028
2019-12-27T15:30:00Z,77.3,77.34,77.15,77.265,123987,118542.25,77.00814957263712,77.29825499999994,77.54155453140613,77.05495546859375,77.08225249999961,77.33821999999955,53.317161814008905,65.32258064516023,69.732974910393
2019-12-27T16:30:00Z,77.26,77.3,77.2095,77.22,76414,111983,77.01848373982556,77.29175499999994,77.53612136835483,77.04738863164505,77.1188774999996,77.31499999999956,51.44624196138806,56.182795698923655,64.33691756272269
2019-12-27T17:30:00Z,77.22,77.37,77.19,77.22,74429,108142.7,77.02831380129749,77.28625499999995,77.531878984937,77.04063101506291,77.15825249999959,77.28299999999956,51.44624196138806,47.884966524649144,56.46344762291085
2019-12-27T18:30:00Z,77.2253,77.27,77.15,77.21,69563,107381.85,77.03717654269761,77.28375499999994,77.53140645261952,77.03610354738036,77.1921274999996,77.24699999999956,50.98514877535514,41.91519578007567,48.660986001215996
2019-12-27T19:30:00Z,77.21,77.335,77.21,77.245,57116,106097.75,77.04731427232211,77.27950499999994,77.52675317892829,77.0322568210716,77.22387749999959,77.23199999999956,52.586868116259694,40.566037735847836,43.45540001352405
2019-12-27T20:30:00Z,77.25,77.3,77.12,77.25,136872,107852.05,77.05720138098933,77.28650499999993,77.52179924554636,77.0512107544535,77.24987749999958,77.22899999999956,52.82404158552503,42.45283018867809,41.64468790153371
2019-12-30T14:30:00Z,77.43,77.65,77.18,77.46,230565,111708.95,77.0768500941118,77.30650499999993,77.52904169806752,77.08396830193234,77.27737749999959,77.27699999999956,61.52848040835121,53.31171383647697,45.44352725366747
2019-12-30T15:30:00Z,77.455,77.6806,77.44,77.61,153578,109040.15,77.10285740659415,77.33950499999995,77.53487455232988,77.14413544767001,77.30662749999959,77.35499999999955,66.31011342770364,68.35587779740945,54.70680727418801
2019-12-30T16:30:00Z,77.61,77.96,77.52,77.95,250941,117415.65,77.14418143554079,77.37275499999994,77.70092215554858,77.0445878444513,77.33500249999959,77.50299999999956,74.1522165492627,86.2439943151195,69.30386198300181
2019-12-30T17:30:00Z,77.945,78.065,77.76,77.77,190062,123781.15,77.17470917039246,77.39205499999994,77.7631872540293,77.02092274597058,77.35425249999959,77.60799999999956,65.46429718859969,86.81913254576769,80.47300155276538
2019-12-30T18:30:00Z,77.775,77.96,77.76,77.935,129936,127022.3,77.2117965279343,77.42330499999994,77.86084831211814,76.98576168788175,77.37187749999957,77.74499999999958,69.04463271261665,86.22100274382672,86.42804320157113
2019-12-30T19:30:00Z,77.93,78.06,77.89,78.035,189007,132179.55,77.25195279486434,77.45905499999995,77.96800653990844,76.95010346009146,77.38850249999959,77.85999999999957,71.00644579099864,85.62401263823062,86.22138264260816
2019-12-30T20:30:00Z,78.035,78.1,77.97,78.1,244475,136506.7,77.29332095121242,77.49005499999996,78.07079765382713,76.90931234617278,77.40887749999958,77.95799999999957,72.23804594698797,94.94470774091637,88.92990770765773
2019-12-31T14:30:00Z,77.94,78.14,77.91,77.95,132221,137093.1,77.32535407554353,77.51780499999995,78.12991983398035,76.90569016601955,77.42712749999957,77.95799999999957,65.34023113806751,92.84298237462444,91.13723425125698
2019-12-31T15:30:00Z,77.95,78.05,77.78,78.05,96303,137351,77.36070265722434,77.55380499999995,78.20117871739593,76.90643128260398,77.45212749999958,78.01399999999957,67.56388792944024,90.84967320261433,92.87912110605156
2019-12-31T16:30:00Z,78.05,78.06,77.88,77.98,117328,140021.35,77.3909122837012,77.58380499999996,78.25147222996932,76.91613777003059,77.46512749999957,78.02299999999957,64.4469566168436,85.62091503267976,89.771190203306
2019-12-31T17:30:00Z,77.98,78.26,77.965,78.2217,96855,138303.9,77.43143851376455,77.62808499999996,78.34015740444437,76.91601259555554,77.47854499999957,78.06033999999957,69.65283500629963,90.71018231854123,89.06025685127827
2019-12-31T18:30:00Z,78.22,78.34,78.205,78.3,99985,139197.6,77.47380736675164,77.67408499999995,78.43340563660577,76.91476436339413,77.49804499999958,78.10033999999956,71.1277521643581,92.55846261426603,89.62985332182883
2019-12-31T19:30:00Z,78.295,78.395,78.27,78.35,150477,138697.55,77.51654847081254,77.72208499999995,78.52369786739418,76.92047213260572,77.52029499999958,78.18033999999957,72.06153309075209,96.61075019596524,93.29313170959067
2019-12-31T20:30:00Z,78.35,78.44,78.31,78.41,268715,144441.45,77.56013147223632,77.77658499999995,78.60905910120078,76.94411089879912,77.54104499999958,78.25233999999956,73.18239056615546,96.93698244325026,95.36873175116034
2020-01-02T14:30:00Z,78.88,78.89,77.93,78.05,394852,157984.7,77.58402749798088,77.81583499999995,78.62172468796895,77.00994531203095,77.55704499999959,78.26633999999956,58.11681960958075,78.71953379052759,90.75575547658086
2020-01-02T15:30:00Z,78.055,78.22,78,78.11,288265,168577.25,77.60968469320133,77.86033499999995,78.62704219911573,77.09362780088416,77.5760449999996,78.24399999999955,59.609250893894746,60.91790218898194,78.8581394742531
2020-01-02T16:30:00Z,78.11,78.5,77.97,78.38,185387,174125.15,77.64726104963053,77.91833499999996,78.65751595833746,77.17915404166246,77.60229499999959,78.25999999999956,65.55700257202696,46.667305195021946,62.10158039151032
2020-01-02T17:30:00Z,78.375,78.59,78.375,78.565,150839,178188.95,77.69202880330708,77.98608499999996,78.70114840220256,77.27102159779736,77.63491999999958,78.30299999999956,68.93272500353295,56.390629373640515,54.658612252547954
2020-01-02T18:30:00Z,78.565,78.6295,78.47,78.47,178231,184244.7,77.7299786177799,78.04733499999995,78.70559237304779,77.3890776269521,77.66341999999958,78.31499999999954,65.38863593150307,62.75611895080883,55.27135117315692
2020-01-02T19:30:00Z,78.48,78.555,78.47,78.51,224254,188613.8,77.76802844130283,78.11033499999995,78.68747443650751,77.53319556349238,77.69841999999957,78.40699999999956,66.17715178111212,66.38895532700839,61.84523455048574
2020-01-02T20:30:00Z,78.51,78.62,78.44,78.56,589270,206549.05,77.80666120026368,78.16533499999996,78.69149327387309,77.63917672612682,77.73591999999958,78.49699999999956,67.18356831754488,66.0660660660662,65.07038011462764
2020-01-03T14:30:00Z,78.06,78.43,77.93,77.97,139845,205862.4,77.81462894659228,78.18333499999996,78.65397104745846,77.71269895254146,77.76141999999957,78.41499999999957,48.750015854617146,51.05105105105117,61.16869081470841
2020-01-03T15:30:00Z,77.99,78.15,77.47,77.6,336972,210163.95,77.80415924188046,78.16583499999994,78.69256091465853,77.63910908534136,77.76929499999957,78.22199999999957,41.12876825033191,32.180772321617276,49.7659631462447
2020-01-03T16:30:00Z,77.605,78.0394,77.51,78.01,169468,209134.25,77.81420025447166,78.17783499999994,78.67821888181032,77.67745111818957,77.78494499999957,78.12999999999957,50.38494435991419,21.433405236222104,34.88840953629667
2020-01-03T17:30:00Z,77.99,78.09,77.83,77.88,151760,210225.45,77.81740999815597,78.17508499999994,78.68134693731754,77.66882306268234,77.79919499999957,78.00399999999956,47.81773287511902,25.35211267605628,26.32209674463171
2020-01-03T18:30:00Z,77.87,78.09,77.73,78.09,166374,209093.8,77.83070707141665,78.17783499999994,78.68161474272169,77.6740552572782,77.81844499999957,77.90999999999957,52.0664793561553,36.854460093896854,27.879992668724906
2020-01-03T19:30:00Z,78.07,78.29,78.01,78.135,102383,201989.2,77.84555062890853,78.17958499999995,78.68251351298687,77.67665648701302,77.83481999999957,77.94299999999957,52.95051674788343,39.78873239436633,33.998435054772976
2020-01-03T20:30:00Z,78.13,78.29,77.99,78.2,206932,205724.75,77.8628408421325,78.19208499999993,78.68387112137906,77.70029887862081,77.85494499999956,78.06299999999956,54.2626790447553,47.30046948356838,41.31455399061034
2020-01-06T14:30:00Z,78.13,78.47,77.97,78.27,219192,211869.2,77.8827022644675,78.20308499999994,78.69149682333783,77.71467317666206,77.87844499999957,78.11499999999957,55.69568530231432,55.74489773194315,47.61136653662578
2020-01-06T15:30:00Z,78.27,78.62,78.17,78.5,148697,213437.65,77.91281434912761,78.22908499999994,78.7225628912737,77.73560710872619,77.90644499999956,78.23899999999956,60.11725876078254,69.74503337402626,57.596800196512426
2020-01-06T16:30:00Z,78.52,78.71,78.46,78.63,114708,214330.3,77.94779901502383,78.24949999999994,78.77293958589077,77.72606041410911,77.93879249999956,78.34699999999957,62.40129954988545,83.79167883820918,69.76053664805936
2020-01-06T17:30:00Z,78.61,78.85,78.52,78.775,110786,214870.35,77.98815028258365,78.27324999999993,78.84461043797518,77.70188956202469,77.97366749999956,78.47499999999957,64.82126104201592,92.31499910994073,81.95057044072523
2020-01-06T18:30:00Z,78.78,78.78,78.535,78.7,118107,213251.85,78.02287465904298,78.29074999999995,78.8911438291417,77.6903561708582,78.00641749999957,78.57499999999956,62.57772357833324,92.41467975689625,89.50711923501522
2020-01-06T19:30:00Z,78.695,78.76,78.625,78.65,86393,204135.75,78.05346613908966,78.30274999999995,78.9215106565337,77.6839893434662,78.03966749999958,78.65099999999957,61.06043165911777,89.73429951690895,91.48799279458181
2020-01-06T20:30:00Z,78.66,78.77,78.59,78.62,193720,194079.15,78.08110193718285,78.33124999999995,78.9533181233354,77.70918187666452,78.07354249999958,78.67499999999957,60.118555391161124,85.99033816425191,89.3797724793522
2020-01-07T14:30:00Z,78.57,79.44,78.15,79.26,634655,211398.65,78.1386091597593,78.38874999999996,79.1211902706498,77.65630972935011,78.12454249999956,78.80099999999958,70.55387115244835,86.56784129086111,87.43082632400716
2020-01-07T15:30:00Z,79.26,79.51,79,79.38,222201,213239.35,78.19916481050275,78.43874999999994,79.2890256906323,77.58847430936758,78.17854249999957,78.92199999999957,72.03157912191342,89.23209249859018,87.26342398456757
2020-01-07T16:30:00Z,79.385,79.4,79.1,79.285,134471,212420.95,78.25213238072213,78.47474999999994,79.40093829083355,77.54856170916634,78.23041749999956,79.03899999999956,69.07618246271818,90.57416490807792,88.79136623250957
2020-01-07T17:30:00Z,79.29,79.3,78.845,78.915,211087,214063.75,78.28446738654057,78.49699999999996,79.44283508079899,77.55116491920093,78.27216749999957,79.09199999999957,58.93419637782147,82.47752808988736,87.42792849885166
2020-01-07T18:30:00Z,78.92,79.02,78.8585,78.97,146381,210170.1,78.31790800183127,78.51999999999995,79.48809090485828,77.55190909514162,78.31516749999956,79.16199999999955,59.87723861858588,72.9558830682424,82.0025253554024
2020-01-07T19:30:00Z,78.96,79.1,78.89,79.04,278086,194610.9,78.35313200174194,78.54399999999995,79.53831182235454,77.54968817764536,78.35466749999956,79.11799999999957,61.10158078384885,66.99620604114988,74.14320573309304
2020-01-07T20:30:00Z,79.045,79.08,78.9,78.92,297770,202507.15,78.38078409921795,78.59149999999997,79.56207251149425,77.62092748850569,78.38741749999956,79.02599999999957,57.842984386467855,65.36796536796533,68.44001815911903
2020-01-08T14:30:00Z,79.22,79.515,78.08,79.22,341166,202716.85,78.42172146023171,78.67249999999996,79.5658952093408,77.77910479065912,78.41916749999956,79.01299999999955,63.13602239331931,70.20377995987754,67.52265045633074
2020-01-08T15:30:00Z,79.22,79.51,79.1,79.44,278378,208162.35,78.47139358412285,78.74399999999996,79.64274134213996,77.84525865785996,78.46091749999957,79.11799999999957,66.46157573023586,78.63477985429193,71.40217506071143
2020-01-08T16:30:00Z,79.44,79.725,79.3,79.605,191561,210152.4,78.52669145806807,78.83024999999996,79.71169469484397,77.94880530515596,78.50266749999956,79.24499999999956,68.73932551866301,88.97373168260567,79.27076383225823
2020-01-08T17:30:00Z,79.61,79.78,79.525,79.625,281608,215914.1,78.58026748450378,78.90699999999995,79.78456139390661,78.0294386060933,78.54241749999956,79.36199999999955,69.01402589163199,92.78701309273072,86.79850820987595
2020-01-08T18:30:00Z,79.625,79.7218,79.54,79.62,134049,217497.4,78.63098614379628,78.98124999999996,79.83596559601479,78.12653440398513,78.58041749999956,79.50199999999955,68.85113503728311,91.39191846951572,91.05088774828387
2020-01-08T19:30:00Z,79.62,79.78,79.585,79.765,150515,214676.55,78.68630389287938,79.05949999999996,79.90023122938995,78.21876877060997,78.62579249999956,79.61099999999956,70.98957064045504,93.52941176470593,92.56944777565063
2020-01-08T20:30:00Z,79.76,79.79,79.3,79.44,605124,233973.15,78.72306955664136,79.11799999999995,79.8909385487036,78.3450614512963,78.66054249999955,79.61099999999956,60.89803472696622,89.74601536521034,91.55578186647716
2020-01-09T14:30:00Z,79.77,80.29,79.61,80.15,443276,248702.1,78.79267591973203,79.20049999999995,80.04123122939426,78.35976877060564,78.71479249999956,79.71999999999956,70.6979174636218,90.7716563908513,91.34902784025569
2020-01-09T15:30:00Z,80.16,80.33,79.73,79.78,207752,253354.3,78.840838069989,79.25799999999995,80.09207074044794,78.42392925955197,78.75374999999954,79.75099999999956,61.98019057226801,82.91762588976204,87.81176588194107
2020-01-09T16:30:00Z,79.77,79.78,79.4,79.61,248139,260221.95,78.87835816413589,79.29974999999995,80.11634338111344,78.48315661888645,78.78649999999955,79.74899999999955,58.41600450580987,79.0735713088655,84.25428452982612
2020-01-09T17:30:00Z,79.61,79.8,79.52,79.73,199323,264282.75,78.91990166832439,79.35124999999995,80.13947506308348,78.56302493691642,78.82099999999954,79.74199999999956,60.157687096424375,72.29629629629646,78.09583116497451
2020-01-09T18:30:00Z,79.735,79.86,79.63,79.81,263921,273159.15,78.96332109913783,79.40924999999996,80.15193617199405,78.66656382800586,78.85599999999955,79.81599999999956,61.32077875620576,72.74074074074092,74.70353611530079
2020-01-09T19:30:00Z,79.8,79.935,79.62,79.91,293428,278144.55,79.00950055771648,79.47374999999995,80.1523579501975,78.79514204980241,78.90249999999955,79.76799999999955,62.783299269467534,77.18518518518532,74.07407407407408
2020-01-09T20:30:00Z,79.91,79.94,79.75,79.805,306943,261758.95,79.04830540855957,79.50099999999995,80.18681776010436,78.81518223989553,78.94487499999954,79.77299999999956,60.20899654495397,78.29629629629646,76.07407407407408
2020-01-10T14:30:00Z,80.21,80.21,79.595,79.8,257734,263535.6,79.08497343741033,79.52199999999995,80.21736609068822,78.82663390931168,78.98037499999955,79.81099999999955,60.0826597019361,71.63685636856381,75.7061126166817
2020-01-10T15:30:00Z,79.81,79.815,79.41,79.43,154754,264549.75,79.10180400143909,79.52924999999996,80.21756878520407,78.84093121479586,79.00199999999954,79.75099999999956,51.475062821862416,48.73286499855336,66.22200588780437
2020-01-10T16:30:00Z,79.41,79.58,79.37,79.475,106490,259319.9,79.12000868429573,79.55724999999995,80.18635631063064,78.92814368936926,79.02712499999954,79.68399999999956,52.36882008270915,28.840739863709548,49.736820410275406
2020-01-10T17:30:00Z,79.47,79.57,79.41,79.51,82491,256125.4,79.13903265091545,79.58424999999995,80.15375219496617,79.01474780503374,79.05212499999955,79.60399999999956,53.092484544444076,16.666666666667133,31.41342384297651
2020-01-10T18:30:00Z,79.51,79.515,79.27,79.285,186288,251535.5,79.14615300940739,79.59649999999995,80.12791415117881,79.06508584882108,79.07024999999955,79.49999999999957,48.03954662272435,12.931245038774065,19.47955052305008
2020-01-10T19:30:00Z,79.28,79.32,78.98,79.025,189946,246144.3,79.14024310650946,79.60174999999995,80.1077961936174,79.0957038063825,79.09662499999955,79.34499999999957,42.95240411684429,8.378925729173348,12.658945811538013
2020-01-10T20:30:00Z,79.02,79.07,78.845,79,296637,243917.85,79.13340197936266,79.59074999999994,80.13744255535246,79.04405744464742,79.13162499999956,79.25899999999956,42.486520420853616,5.062046036888901,8.790738934945269
2020-01-13T14:30:00Z,79.14,79.4,78.89,79.11,309605,245479.2,79.13226041939375,79.57424999999995,80.15688431934475,78.99161568065514,79.15912499999955,79.18599999999955,45.297973319701654,10.538720538720634,7.9932307682607915
2020-01-13T15:30:00Z,79.11,79.18,78.92,79.145,251257,248464,79.13288186235015,79.55124999999995,80.16281254796813,78.93968745203178,79.19074999999955,79.11299999999957,46.1991508233755,16.75361675361676,10.784794443075263
2020-01-13T16:30:00Z,79.14,79.39,79.07,79.34,125489,240658.05,79.14298518613795,79.53699999999995,80.15427951535307,78.91972048464683,79.22199999999955,79.12399999999957,51.03876296025033,25.362292028958834,17.551543107098574
2020-01-13T17:30:00Z,79.36,79.56,79.36,79.4,97251,238818.15,79.15552249413122,79.52599999999995,80.14481014865497,78.90718985134494,79.25362499999954,79.19899999999957,52.45592386139433,32.967032967033305,25.027647249869464
2020-01-13T18:30:00Z,79.38,79.545,79.34,79.43,98215,236203.15,79.16891164075896,79.50924999999997,80.11935060651444,78.89914939348549,79.28437499999954,79.28499999999957,53.18555166896375,39.92673992674056,32.75202164091073
2020-01-13T19:30:00Z,79.45,79.55,79.34,79.345,115957,211744.8,79.1775013168195,79.50449999999996,80.11815218167061,78.89084781832932,79.31124999999955,79.33199999999957,50.80648575218814,40.04884004884057,37.64753764753797
2020-01-13T20:30:00Z,79.35,79.43,79.295,79.4,208906,200026.3,79.188354911121,79.46699999999996,80.0053251806046,78.92867481939531,79.33374999999954,79.38299999999956,52.29351221902286,40.04884004884057,40.008140008140394
2020-01-14T14:30:00Z,79.17,79.2,78.86,78.9938,175979,198437.65,79.17886442765167,79.42768999999996,79.98339022824823,78.87198977175169,79.34284499999953,79.31375999999956,42.15786715312597,30.87652782498152,36.99140264088738
2020-01-14T15:30:00Z,78.99,79.2043,78.96,79.2,133556,192708.5,79.17989543118087,79.40718999999994,79.96472287228656,78.84965712771333,79.35346999999953,79.27375999999956,47.69955883609847,34.76628885759984,35.230552243807146
2020-01-14T16:30:00Z,79.2,79.28,79.11,79.235,129662,189225.45,79.18258345892814,79.38243999999995,79.92417911957548,78.84070088042441,79.36684499999953,79.23475999999957,48.599734953342875,39.144209787244854,34.92900882327523
2020-01-14T17:30:00Z,79.235,79.725,79.235,79.68,93257,180692.25,79.20684768044384,79.37593999999994,79.89982849355843,78.85205150644146,79.39259499999955,79.30175999999956,58.40281823287409,65.65959560417771,46.523364749673966
2020-01-14T18:30:00Z,79.68,79.795,79.3903,79.795,205834,176312.55,79.23553803749536,79.37018999999995,79.8725893866214,78.8677906133785,79.42196999999953,79.38075999999955,60.49945379299584,82.89315569488048,62.56565369543418
2020-01-14T19:30:00Z,79.795,79.95,79.69,79.745,193912,170661,79.26038984054436,79.36718999999995,79.85978892781125,78.87459107218865,79.43409499999953,79.53099999999957,59.10457338681389,92.1114424790901,80.22139792604925
2020-01-14T20:30:00Z,79.74,79.89,79.705,79.82,310876,173318.1,79.28768789710317,79.36818999999994,79.86436757273363,78.87201242726626,79.44509499999954,79.65499999999955,60.57300961139792,89.84045276543907,88.28168364646972
2020-01-15T14:30:00Z,79.86,80.1285,79.62,79.935,176553,174408.05,79.31926409724447,79.39343999999994,79.94763541110288,78.839244588897,79.46134499999954,79.79499999999955,62.7798922247566,84.75570700272722,88.90253408241863
2020-01-15T15:30:00Z,79.92,80.465,79.875,80.42,146673,176417.2,79.37295853152523,79.44068999999995,80.15317647964628,78.72820352035362,79.49896999999953,79.94299999999956,70.32416157693456,90.00513962983979,88.20043313266852
2020-01-15T16:30:00Z,80.455,80.48,80.28,80.28,104080,177496.65,79.41720445681668,79.47918999999995,80.28021151262128,78.67816848737861,79.53171999999952,80.03999999999955,66.15568188655897,89.86544846058719,88.20876503105121
2020-01-15T17:30:00Z,80.29,80.36,80.11,80.19,71584,171761.45,79.4549018003866,79.52443999999994,80.37705564241139,78.67182435758849,79.56046999999953,80.12899999999956,63.54788717817257,88.98311603399851,89.61790137480831
2020-01-15T18:30:00Z,80.1969,80.26,80.09,80.25,111872,167857.75,79.49368707841651,79.58568999999994,80.46167320970498,78.7097067902949,79.59371999999954,80.21499999999955,64.55112103342239,85.18518518518498,88.01124989325672
2020-01-15T19:30:00Z,80.26,80.2853,80.08,80.12,133862,159719,79.52423892824986,79.64168999999994,80.5038346883704,78.77954531162948,79.61621999999953,80.25199999999957,60.65592356889889,81.89300411522622,85.35376844480307
2020-01-15T20:30:00Z,80.12,80.36,80.08,80.31,262273,157352.4,79.56256873662791,79.70168999999996,80.57443409976652,78.82894590023339,79.63796999999953,80.22999999999956,64.06859747301904,84.36213991769542,83.81344307270203
2020-01-16T14:30:00Z,80.27,81.255,80.27,81.245,406392,165109.15,79.64463855435338,79.80668999999995,80.87062734011302,78.74275265988688,79.67896999999952,80.42299999999958,75.38410004925844,88.94940692326327,85.06818365206145
2020-01-16T15:30:00Z,81.2,81.515,81.16,81.25,339199,175794.65,79.72294886877516,79.90218999999995,81.11402765566312,78.69035234433677,79.71959499999953,80.63499999999956,75.4286627545435,92.68391065776699,88.66515249957506
2020-01-16T16:30:00Z,81.24,81.31,81.145,81.21,296178,185741,79.7954879483471,79.99268999999995,81.30700500930368,78.67837499069623,79.75934499999953,80.82699999999957,74.27029712867188,91.7227887171128,91.11870209938085
2020-01-16T17:30:00Z,81.21,81.37,81.175,81.36,136762,187668.35,79.87180560940334,80.08918999999995,81.50367162366506,78.67470837633483,79.79921999999952,81.07499999999956,75.77284273434628,89.43631614953006,91.28100517480311
2020-01-16T18:30:00Z,81.35,81.41,81.33,81.38,70215,185381.25,79.94537606748122,80.19093999999996,81.66803862693,78.71384137306991,79.84771999999951,81.28899999999956,75.97430433640639,90.73454963773708,90.63121816812647
2020-01-16T19:30:00Z,81.375,81.48,81.28,81.4525,162340,183052.95,80.01889430809189,80.29356499999996,81.82094258958811,78.7661874104118,79.88028249999952,81.33049999999956,76.72971687032086,94.09422962045562,91.42169846924072
2020-01-16T20:30:00Z,81.458,81.51,81.34,81.44,349937,191750.85,80.08821653696545,80.41587499999994,81.89844985058511,78.93330014941478,79.92178249999952,81.36849999999956,76.28436789575164,95.20668425681606,93.34515450500272
2020-01-17T14:30:00Z,81.95,82.07,81.57,81.8,812893,225717.7,80.17171816930859,80.54587499999995,82.03514266821261,79.05660733178729,79.97653249999952,81.48649999999955,79.90229985094916,93.48112665107995,94.26068017611703
2020-01-17T15:30:00Z,81.82,81.86,81.6,81.745,219774,230223.3,80.24846362446426,80.67137499999997,82.12010502577182,79.22264497422812,80.02690749999952,81.56349999999956,77.94587267953875,89.13662489869465,92.60814526886337
2020-01-17T16:30:00Z,81.745,81.81,81.59,81.81,155234,233322.15,80.32463613058796,80.77787499999997,82.2325839700592,79.32316602994074,80.07690749999952,81.64949999999956,78.6123759695057,86.10077723469321,89.57284292815575
2020-01-17T17:30:00Z,81.8185,81.92,81.765,81.855,89375,227499.2,80.39928802665685,80.88087499999997,82.33434436244468,79.42740563755527,80.12553249999952,81.72999999999956,79.08365918221031,86.59966499162529,87.2790223750042
2020-01-17T18:30:00Z,81.85,82.11,81.85,81.995,166476,226127.4,80.47712763511261,80.99337499999997,82.42591145244145,79.56083854755849,80.18028249999952,81.84099999999957,80.5216983704635,90.15520954526367,87.6185505905272
2020-01-17T19:30:00Z,81.995,82.0499,81.825,81.985,263883,223777.75,80.55068238461931,81.10162499999998,82.48964181818432,79.71360818181564,80.23490749999952,81.87799999999956,80.09809069260605,92.45777326699204,89.73754926796015
2020-01-17T20:30:00Z,81.99,82.24,81.895,82.16,551754,242537.8,80.62918568293055,81.21287499999997,82.56524816875618,79.86050183124375,80.30315749999951,81.96099999999957,81.89329188986726,94.70547539863149,92.43948607029556
2020-01-21T14:30:00Z,81.99,82.13,81.8,82.12,244967,247452.5,80.7019083325437,81.29787499999996,82.65392005366779,79.94182994633213,80.36928249999953,82.02299999999957,80.11445593093437,92.94084890561597,93.36803252374631
2020-01-21T15:30:00Z,82.12,82.52,82.12,82.51,141265,249311.75,80.79010792607815,81.40937499999997,82.77896058971952,80.03978941028042,80.44428249999952,82.15399999999957,83.80754352516749,94.75096981918539,94.13243137447743
2020-01-21T16:30:00Z,82.52,82.64,82.32,82.63,148650,253165.05,80.87985875895238,81.53137499999997,82.87927658675234,80.1834734132476,80.52790749999953,82.28099999999957,84.74625053746747,95.87707643549471,94.52296505343183
2020-01-21T17:30:00Z,82.625,82.95,82.62,82.92,476543,271398.6,80.97937784388154,81.66487499999997,83.00756676938538,80.32218323061456,80.62528249999953,82.46799999999956,86.74596053719377,98.9312420768145,96.51976277716467
2020-01-21T18:30:00Z,82.9,82.92,82.5,82.6,400145,284712.75,81.0584325832044,81.78887499999996,82.98840873757608,80.58934126242384,80.71528249999952,82.55599999999956,75.05368378757251,92.18763837512658,95.66531896247841
2020-01-21T19:30:00Z,82.615,82.645,82.28,82.28,174817,280339.95,81.11802123768223,81.88737499999996,82.89280957647844,80.88194042352148,80.79453249999952,82.58799999999955,65.5401485569148,78.54353404991237,89.88747150061762
2020-01-21T20:30:00Z,82.27,82.295,81.85,82.07,402660,280153.35,81.16445922608797,81.92862499999995,82.89207385052809,80.96517614947182,80.86765749999952,82.49999999999955,60.151607964824386,57.8862977977789,76.20582340760576
2020-01-22T14:30:00Z,82.19,82.84,82.07,82.8,172808,271833.8,81.24424170286417,82.00612499999997,82.9879402512422,81.02430974875774,80.95415749999952,82.53399999999954,69.52993489502965,61.195855153655394,65.87522900044871
2020-01-22T15:30:00Z,82.77,83.03,82.77,82.87,155796,264814.7,81.32354698565129,82.08912499999995,83.06835846939437,81.10989153060554,81.04090749999952,82.52399999999953,70.25290280771374,71.36378706071785,63.481980004050534
2020-01-22T16:30:00Z,82.87,82.9,82.55,82.59,124043,264178.75,81.38532518147318,82.15062499999996,83.09276070549856,81.20848929450136,81.11990749999951,82.52199999999954,63.738261227835196,81.02562280951028,71.19508834129432
2020-01-22T17:30:00Z,82.61,82.92,82.61,82.84,107492,266042.6,81.45628492871839,82.22362499999994,83.14154585039627,81.30570414960361,81.20728249999952,82.63399999999953,66.70683594691897,79.55304190723089,77.31415059248616
2020-01-22T18:30:00Z,82.84,82.88,82.71,82.74,87776,262314.4,81.51890517609797,82.28799999999994,83.16001146786691,81.41598853213297,81.29078249999951,82.76799999999953,64.43455074989714,75.39766702014846,78.6587772456297
2020-01-22T19:30:00Z,82.75,82.78,82.38,82.41,145384,252086.75,81.56237321628832,82.33649999999996,83.11762162950279,81.55537837049712,81.37618749999952,82.68999999999953,57.47658799158153,70.18970189701885,75.04680360813255
2020-01-22T20:30:00Z,82.395,82.5,82.285,82.49,242761,223580.15,81.60762330329865,82.37099999999995,83.11432765324533,81.62767234675458,81.45843749999952,82.61399999999954,58.64253271254747,60.70460704607013,68.76399198774563
2020-01-23T14:30:00Z,82.3,82.33,82,82.26,167573,220970.1,81.63944655679627,82.39674999999995,83.08520678882688,81.70829321117303,81.53406249999951,82.54799999999953,54.05374295217824,46.812273207477894,59.235527383522104
2020-01-23T15:30:00Z,82.255,82.32,82.05,82.18,140166,220216.7,81.66581501744035,82.41524999999994,83.05801337021302,81.77248662978687,81.59656249999951,82.41599999999953,52.51448506554217,39.60314179413023,49.0400073492259
2020-01-23T16:30:00Z,82.18,82.32,81.95,82.165,193354,225415.65,81.69016550439449,82.43074999999995,83.03235846909388,81.82914153090601,81.6558124999995,82.30099999999953,52.21425054896198,29.80225988700649,38.739224962871354
2020-01-23T17:30:00Z,82.175,82.357,82.13,82.26,88189,221501.3,81.71796230905817,82.44399999999995,83.01766017823168,81.87033982176821,81.7186874999995,82.27099999999953,54.007678242892354,29.80225988700649,33.069220522714225
2020-01-23T18:30:00Z,82.26,82.37,82.19,82.31,101644,213389.35,81.74684219642118,82.46024999999995,82.9982878704981,81.92221212950179,81.78093749999951,82.23499999999953,54.96566673024591,33.474576271187125,31.02636534839986
2020-01-23T19:30:00Z,82.3,82.33,82.14,82.19,176356,194619.45,81.7684596502543,82.46174999999994,82.9965889945545,81.92691100544538,81.83731249999951,82.22099999999952,52.157716225603004,34.18079096045242,32.48587570621517
2020-01-23T20:30:00Z,82.185,82.28,82.09,82.18,273045,196023.35,81.78853478926628,82.46474999999995,82.9925139151047,81.93698608489521,81.8813124999995,82.22099999999952,51.919685272005026,29.69763548859628,32.4510009067451
2020-01-24T14:30:00Z,82.29,82.46,82.1,82.34,145494,196234.8,81.81543553125329,82.45624999999994,82.98629598866157,81.92620401133831,81.9328124999995,82.25599999999952,55.42487930071176,28.74032224314733,30.872916230731832
2020-01-24T15:30:00Z,82.33,82.5687,82.32,82.53,113173,194460.95,81.85029233460678,82.45124999999994,82.97651064966757,81.92598935033232,81.99131249999951,82.30999999999952,59.22627798995134,39.06707394679919,32.50167722618075
2020-01-24T16:30:00Z,82.5243,82.59,82.13,82.1625,193591,180313.35,81.86552197682109,82.41337499999995,82.90621441359251,81.92053558640738,82.0391249999995,82.2804999999995,50.29237095609184,39.27071401298179,35.69270340097592
2020-01-24T17:30:00Z,82.1625,82.26,81.78,81.78,134919,167052.05,81.86135017307372,82.37237499999995,82.92864264025155,81.81610735974834,82.0806249999995,82.1984999999995,43.018851868091126,27.233676975944718,35.19048831190839
2020-01-24T18:30:00Z,81.78,81.78,81.33,81.36,107693,163695.85,81.83689406707012,82.32637499999994,83.03647618123537,81.61627381876451,82.1068749999995,82.0344999999995,36.73624642112648,7.992060670695338,24.832150553207104
2020-01-24T19:30:00Z,81.37,81.6,81.35,81.51,182648,152695.25,81.82094801501792,82.29837499999994,83.08657274650419,81.51017725349568,82.1134999999995,81.8684999999995,40.10080877798945,5.451559934318756,13.559099193652763
2020-01-24T20:30:00Z,81.51,81.62,81.34,81.58,191928,153651.25,81.80919445330973,82.23737499999994,83.04932246602752,81.42542753397237,82.1217499999995,81.6784999999995,41.66011236635076,12.065316548075344,8.502979051029635
2020-01-27T14:30:00Z,80.89,81.55,80.38,80.6,341847,162953.8,81.75020935802632,82.12387499999996,83.15532358698091,81.092426413019,82.1064999999995,81.3659999999995,29.917829818028352,14.693911752735403,10.736929411709658
2020-01-27T15:30:00Z,80.58,80.76,80.41,80.69,107531,162128.2,81.6984918283665,82.02887499999994,83.21020102933915,80.84754897066074,82.0897499999995,81.1479999999995,31.818470181068548,14.607723431252822,13.788983910687682
2020-01-27T16:30:00Z,80.66,80.91,80.605,80.78,107395,162123.35,81.65368734893399,81.92587499999993,83.16419975045838,80.68755024954149,82.0747499999995,81.0319999999995,33.753293796126485,14.027149321267038,14.442928168418243
2020-01-27T17:30:00Z,80.77,80.85,80.59,80.76,125176,163993.35,81.61009284410794,81.82687499999994,83.10497405234052,80.54877594765937,82.05743749999951,80.88199999999951,33.52561449252643,16.440422322775486,15.025098358431606
2020-01-27T18:30:00Z,80.75,80.86,80.67,80.83,101983,161823.3,81.57203953463926,81.74787499999994,83.06670713018163,80.42904286981825,82.0421874999995,80.7319999999995,35.17381701046925,18.552036199095244,16.339869281045747
2020-01-27T19:30:00Z,80.86,81.1,80.8017,80.99,157095,157540,81.54364736221783,81.67287499999993,82.98495090771233,80.36079909228754,82.0219374999995,80.80999999999952,38.90274961092303,21.71945701357478,18.903971845148327
2020-01-27T20:30:00Z,80.96,80.985,80.64,80.74,314811,164901.9,81.50444505186573,81.59687499999993,82.93983709462614,80.25391290537371,81.99681249999949,80.81999999999951,35.469583037572136,21.41779788838609,20.563097033685192
2020-01-28T14:30:00Z,81.08,82.01,80.93,81.91,213631,168575.15,81.5242282200674,81.58337499999993,82.90792046452765,80.25882953547222,81.99931249999949,81.04599999999951,55.335467537809215,37.707390648567,26.94821518350911
2020-01-28T15:30:00Z,81.89,81.93,81.55,81.78,209742,169394.55,81.53670489225924,81.56412499999993,82.86528340219381,80.26296659780606,81.99743749999949,81.2499999999995,53.36948951983731,49.62292609351426,36.24937154348894
2020-01-28T16:30:00Z,81.78,82.235,81.72,82.21,267576,178363.9,81.56954855605147,81.56162499999994,82.85760751824625,80.26564248175362,82.0028124999995,81.5259999999995,58.60792992046055,76.63987035075873,54.65672903094649
2020-01-28T17:30:00Z,82.21,82.28,82.1,82.2678,99252,178244.3,81.60360960209775,81.55951499999993,82.85074560573906,80.2682843942608,82.00988249999949,81.7815599999995,59.27027960265776,86.68224551944962,70.98168065457402
2020-01-28T18:30:00Z,82.265,82.3,82.125,82.19,139221,176387.55,81.63221401175151,81.55951499999993,82.85074560573906,80.2682843942608,82.0106324999995,82.0715599999995,57.92663343865793,96.98971786736315,86.77061124585698
2020-01-28T19:30:00Z,82.2,82.27,81.975,82.09,135604,169515.5,81.65454503556852,81.55501499999994,82.83816659556138,80.2718634044385,82.00988249999949,82.1075599999995,56.16420047181979,94.23040935672516,92.6341242478458
2020-01-28T20:30:00Z,82.09,82.09,81.64,81.65,355582,180019.9,81.65432332651639,81.52051499999993,82.75351181962196,80.2875181803779,81.98838249999949,82.08155999999948,49.08733224890505,83.15972222222253,91.45994981543676
2020-01-29T14:30:00Z,81.86,81.89,80.6745,80.81,193782,184050.35,81.61313682278389,81.43451499999995,82.61258608324982,80.25644391675007,81.9428824999995,81.8015599999995,38.98742522790028,58.79078483245189,78.72697213713302
2020-01-29T15:30:00Z,80.8,80.87,80.47,80.66,249417,186841.65,81.5666423436237,81.35938999999995,82.5338084431828,80.18497155681709,81.88638249999948,81.47999999999949,37.5034855915098,32.56412271951913,58.171543258064354
2020-01-29T16:30:00Z,80.65,80.8,80.505,80.721,219723,191081.85,81.52539149759328,81.30643999999995,82.49562866193894,80.11725133806097,81.8394074999995,81.1861999999995,38.52817221316223,15.087460606586466,35.480789386185656
2020-01-29T17:30:00Z,80.725,80.7366,80.51,80.58,155338,193464.1,81.4792748391741,81.26743999999994,82.49750298769268,80.03737701230719,81.79690749999949,80.88419999999948,37.01734600743164,10.03642987249552,19.229337732866863
2020-01-29T18:30:00Z,80.58,80.58,80.39,80.53,227848,195724.1,81.43296874945828,81.21843999999994,82.48352791540007,79.95335208459981,81.75840749999949,80.66019999999949,36.47118393290494,9.018872962740566,11.380921147274004
2020-01-29T19:30:00Z,80.53,80.54,80.095,80.185,278110,200033.2,81.37209222509446,81.14868999999995,82.47851769699197,79.81886230300792,81.69303249999949,80.53519999999949,32.867724230917716,5.807468182249097,8.287590339161548
2020-01-29T20:30:00Z,80.18,80.26,80.09,80.26,529903,209436,81.31784382387035,81.13168999999995,82.49735011279833,79.76602988720157,81.62778249999948,80.4551999999995,34.38546197671707,6.367927759102158,7.064756301363761
2020-01-30T14:30:00Z,79.56,80.39,79.56,80.31,383858,223252.35,81.26868071051082,81.11268999999994,82.51254728690037,79.71283271309952,81.5707824999995,80.37299999999951,35.433473867480686,13.048734373030646,8.408043438127121
2020-01-30T15:30:00Z,80.3,80.43,80.05,80.31,181734,226969.3,81.22191579780298,81.08918999999995,82.5258935684814,79.6524864315185,81.5075324999995,80.31899999999949,35.433473867480686,20.81227774658441,13.40964662623889
2020-01-30T16:30:00Z,80.3,80.36,80.2,80.25,113672,226394.1,81.17450527108087,81.06368999999994,82.54040625700166,79.58697374299821,81.44528249999951,80.2629999999995,34.662956643117255,26.64233576642341,20.16778262867931
2020-01-30T17:30:00Z,80.25,80.25,79.98,80.17,164707,229530.3,81.12550501395498,81.03068999999994,82.55553394732503,79.50584605267484,81.3892824999995,80.25999999999951,33.61340327852723,24.93917274939177,24.13126208746635
2020-01-30T18:30:00Z,80.17,80.37,80.14,80.27,253165,234333.8,81.08377306205473,80.99468999999993,82.55525521289361,79.43412478710626,81.3337824999995,80.2619999999995,36.21334403693698,24.548172489024125,25.37656033494625
2020-01-30T19:30:00Z,80.28,80.66,80.26,80.615,273446,232265.55,81.06090608341792,80.98843999999994,82.55402839855476,79.42285160144512,81.2926574999995,80.3229999999995,44.31583470434264,30.053880152776767,26.51374179706404
2020-01-30T20:30:00Z,80.61,81.05,80.5972,80.95,305307,236849.35,81.05549603056826,80.94043999999994,82.44785235025226,79.43302764974761,81.26190749999951,80.4509999999995,50.84512125934554,42.51850636540588,32.37351966906874
2020-01-31T14:30:00Z,80.6,80.7917,79.99,79.99,405447,246634.6,81.00352061444298,80.85093999999994,82.36088901691862,79.34099098308126,81.2075324999995,80.39899999999949,37.334953556417524,43.40510583542735,38.659164117869814
2020-01-31T15:30:00Z,79.98,80.13,79.59,79.63,245816,245546.6,80.9365196088604,80.72193999999993,82.18553561139643,79.25834438860343,81.14178249999951,80.29099999999949,33.71689962142483,31.07123311346004,38.998281771430904
2020-01-31T16:30:00Z,79.64,79.89,79.58,79.85,192504,250209.2,80.88351865233062,80.60104999999993,81.92686061622588,79.27523938377398,81.08028249999951,80.20699999999948,37.690795564787535,17.673378076062235,30.716572341649695
2020-01-31T17:30:00Z,79.83,79.84,79.51,79.61,194850,252990.65,80.82139579124133,80.47204999999994,81.64792983658731,79.29617016341257,81.01578249999952,80.00599999999949,35.21073646736838,10.218193439669564,19.654268209730432
2020-01-31T18:30:00Z,79.609,79.64,79.45,79.53,152444,253832.65,80.75840087459541,80.34404999999994,81.32949233220016,79.35860766779972,80.9495324999995,79.72199999999948,34.39823105382925,10.31886458060928,12.736812032113512
2020-01-31T19:30:00Z,79.53,79.73,79.45,79.4542,196903,245898.7,80.6947813197371,80.23425999999994,81.09457781202924,79.37394218797063,80.87738749999951,79.61483999999949,33.606926166143296,3.9186688311686626,8.151908950482321
2020-01-31T20:30:00Z,79.46,79.47,79.16,79.18,510579,261738.55,80.62088954804261,80.15275999999994,81.08527019173296,79.22024980826693,80.7936374999995,79.5248399999995,30.84287825486642,2.1069003527338093,5.448144588170403
2020-02-03T14:30:00Z,80.36,80.76,79.7,80.17,433470,270941.2,80.59889493594298,80.12825999999994,81.03146275558261,79.22505724441727,80.74382499999952,79.58883999999951,47.60003111892214,18.253284832451737,8.092951338784557
2020-02-03T15:30:00Z,80.18,80.24,79.73,79.78,184448,269177.45,80.55894884150673,80.08120999999994,80.95351113589973,79.20890886410015,80.6938249999995,79.6228399999995,43.16303182440283,29.10052910052947,16.486904761904825
2020-02-03T16:30:00Z,79.77,79.77,79.44,79.705,205483,271684.7,80.51729280045762,80.03745999999995,80.89291398572209,79.18200601427782,80.6524499999995,79.6578399999995,42.34556267677825,38.359788359788574,28.571200764256414
2020-02-03T17:30:00Z,79.71,79.775,79.57,79.57,186743,269629.45,80.47108339555726,79.98945999999995,80.83667317369903,79.14224682630088,80.6039499999995,79.6809999999995,40.84599491330298,27.777777777777846,31.746031746031786
2020-02-03T18:30:00Z,79.565,79.9,79.55,79.705,182673,264857.6,80.43371347382276,79.96545999999995,80.81634335375018,79.11457664624972,80.55707499999951,79.78599999999949,43.01905877653831,26.455026455026474,30.864197530864118
2020-02-03T19:30:00Z,79.7,79.715,79.515,79.615,201044,248414.65,80.39377623119726,79.93320999999995,80.78588573654427,79.08053426345562,80.5324499999995,79.6749999999995,41.91361445295659,24.867724867724828,26.366843033509536
2020-02-03T20:30:00Z,79.62,79.64,79.33,79.47,321764,245309.95,80.34871397601691,79.89120999999996,80.74825053094541,79.0341694690545,80.5019499999995,79.6129999999995,40.12466698822314,23.96954777907162,25.09743303394079
2020-02-04T14:30:00Z,80.15,80.25,79.23,79.56,439578,258202.15,80.31024012352827,79.85370999999995,80.69973391910085,79.00768608089905,80.4714499999995,79.58399999999949,41.78552553089164,22.69088816707872,23.842720271291537
2020-02-04T15:30:00Z,79.56,80.035,79.48,80.0215,278868,266461.95,80.29615523945373,79.84228499999996,80.67261980788493,79.011950192115,80.4529874999995,79.67429999999949,49.51825691801462,32.61411347572077,26.424849807290183
2020-02-04T16:30:00Z,80.0182,80.8,79.7703,80.68,379228,277188,80.31487937411453,79.86778499999996,80.76540894864698,78.97016105135293,80.4492374999995,79.8692999999995,58.07557728998518,57.175558943089776,37.493520195296234
2020-02-04T17:30:00Z,80.69,80.7,80.5372,80.595,204039,274731.7,80.32854379488943,79.88403499999995,80.821097139448,78.94697286055191,80.43936249999949,80.0652999999995,56.738582362144825,78.00889227642307,55.932854898411016
2020-02-04T18:30:00Z,80.6,81.17,80.59,81.01,365183,279318.55,80.36178556099239,79.90378499999994,80.91532969658691,78.89224030341298,80.44611249999949,80.37329999999949,61.40977127251298,90.7409092747647,75.30845349809233
2020-02-04T19:30:00Z,81.005,81.21,80.915,81.16,405489,284327.65,80.40072285070008,79.91428499999995,80.97234158317004,78.85622841682986,80.4273624999995,80.6932999999995,62.96628106167562,92.36692553492715,87.03890902870478
2020-02-04T20:30:00Z,81.17,81.89,81.165,81.52,905077,309309.15,80.45532173603178,79.99078499999995,81.25987613667789,78.721693863322,80.42086249999952,80.9929999999995,66.46251817848974,91.89700072289698,91.66827851086275
2020-02-05T14:30:00Z,82,82.71,81.81,81.975,436124,318824.55,80.52945238305462,80.10803499999994,81.6302014604101,78.58586853958978,80.41498749999951,81.2519999999995,70.28131631223869,87.51017050616447,90.59136558799601
2020-02-05T15:30:00Z,81.99,82.38,81.87,82.21,203575,319378.1,80.61143031558854,80.22603499999994,81.9956761198889,78.45639388011098,80.4135424999995,81.5749999999995,72.05141402357815,83.53390660559438,87.6470259448851
2020-02-05T16:30:00Z,82.21,82.29,81.96,82.11,135629,316417.05,80.68453127580374,80.35103499999994,82.27537766522428,78.4266923347756,80.4115424999995,81.79499999999949,70.13701797553314,82.42337164750961,84.48914958642263
2020-02-05T17:30:00Z,82.1,82.105,81.79,81.79,148473,316218.5,80.73845657942307,80.46403499999994,82.44679142810766,78.48127857189222,80.40404249999949,81.92099999999951,64.25370294958657,80.65134099616874,82.20287308309072
2020-02-05T18:30:00Z,81.8,81.995,81.78,81.98,116178,312182.25,80.79901967310975,80.59032499999994,82.62089216894663,78.55975783105325,80.4122924999995,82.01299999999951,66.07341733816061,78.44827586206921,80.507662835249
2020-02-05T19:30:00Z,81.99,82.015,81.82,81.83,264332,299869.9,80.8493113963727,80.72282499999994,82.71343634518914,78.73221365481075,80.4377924999995,81.9839999999995,63.33234752562317,75.76628352490444,78.28863346104727
2020-02-05T20:30:00Z,81.83,81.99,81.745,81.79,449086,300650.7,80.89519864533013,80.80382499999993,82.82939625957114,78.77825374042872,80.4660424999995,81.8999999999995,62.586708118135746,75.76628352490444,76.66028097062583
2020-02-06T14:30:00Z,82.13,83.08,82,82.63,370906,309973.6,80.97982310165548,80.94632499999993,83.06270243032834,78.82994756967152,80.5137674999995,82.00399999999951,70.45372354245615,78.59195402298862,76.70817369093231
2020-02-06T15:30:00Z,82.6411,83.03,82.61,82.88,170510,308224.95,81.07251465767229,81.10507499999993,83.3000441176884,78.91010588231146,80.5712674999995,82.2219999999995,72.319273847335,85.00679154284342,79.7883430302453
2020-02-06T16:30:00Z,82.88,82.99,82.685,82.85,371050,317440.3,81.15922125973705,81.26907499999993,83.47088494357055,79.0672650564293,80.6292674999995,82.3959999999995,71.73395178621308,90.80400305192278,84.80091620591809
2020-02-06T17:30:00Z,82.84,82.84,82.45,82.56,247554,320684.35,81.22755192999378,81.41182499999994,83.55902972419298,79.26462027580689,80.6886424999995,82.5419999999995,66.15959098980238,88.00949167307412,87.94009542261324
2020-02-06T18:30:00Z,82.57,82.74,82.485,82.57,122388,316751.55,81.2930372017014,81.55957499999992,83.59568052958547,79.52346947041438,80.74639249999952,82.6979999999995,66.25696457296235,82.17157893178448,86.99502455226026
2020-02-06T19:30:00Z,82.62,82.64,82.44,82.64,394244,320375.55,81.35874270405742,81.71807499999991,83.56345724431067,79.87269275568916,80.80464249999952,82.6999999999995,66.97335977232811,77.52779419060917,82.56962159848906
2020-02-06T20:30:00Z,82.64,82.82,82.63,82.79,398331,318313.2,81.42856013312779,81.87957499999993,83.49185714888142,80.26729285111844,80.86664249999953,82.6819999999995,68.51590408287642,77.24802342214218,78.98246551484509
2020-02-07T14:30:00Z,83.37,84.25,82.26,84.15,1014395,355089.55,81.56131329736546,82.08599999999993,83.75017727424174,80.42182272575812,80.96414249999953,82.9419999999995,78.37694309049408,83.7695454281688,79.51512101363984
2020-02-07T15:30:00Z,84.16,84.355,83.3284,84.035,717371,371996.7,81.68198094139642,82.25374999999994,83.99193259975765,80.51556740024223,81.06076749999953,83.2369999999995,76.2034916747101,87.34153373050724,82.7863675269392
2020-02-07T16:30:00Z,84.04,84.885,83.86,84.885,562097,389899.6,81.83822577352342,82.46824999999993,84.3844031123865,80.55209688761336,81.17614249999954,83.6999999999995,80.50637842228362,94.58248254448961,88.56452056772167
2020-02-07T17:30:00Z,84.885,85.34,84.78,85.33,448335,394057.2,82.00855622359545,82.68424999999993,84.85165461153491,80.51684538846496,81.29401749999953,84.2379999999995,82.30982987590781,95.82043316156779,92.58148314552135
2020-02-07T18:30:00Z,85.33,85.58,84.6,84.935,862272,416896.35,82.15130957854201,82.87299999999993,85.1321246092459,80.61387539075396,81.39364249999953,84.66699999999949,75.62204760422306,94.3010204790927,94.9013120617165
2020-02-07T19:30:00Z,84.92,85.44,84.87,85.365,505182,396901.6,82.3080749649546,83.06524999999993,85.4801402149167,80.65035978508317,81.52801749999954,84.9099999999995,77.7422072283156,92.43226776288232,94.18457380118072
2020-02-07T20:30:00Z,85.365,85.79,85.35,85.54,560594,403125.1,82.46572984471291,83.24349999999994,85.83034189700493,80.65665810299495,81.67576749999952,85.21099999999949,78.55946893410199,90.32622044562481,92.35316956253307
2020-02-10T14:30:00Z,85.41,85.65,84.7,84.8998,650667,425479.7,82.58446497423911,83.37798999999993,86.01511765100743,80.74086234899242,81.80201249999952,85.2139599999995,68.63141130905012,87.52643515705084,90.09497445518578
2020-02-10T15:30:00Z,84.91,85.49,84.89,85.255,177445,427570.5,82.71473497549574,83.53523999999993,86.22570568045491,80.84477431954495,81.94313749999954,85.1989599999995,70.83376983364602,84.34325208478141,87.39863589581881
2020-02-10T16:30:00Z,85.265,85.36,84.87,84.91,152435,427768.6,82.82182107425204,83.69123999999994,86.3199434936828,81.06253650631707,82.07763749999954,85.19395999999949,65.98772926795618,78.23229461756353,83.36732728646504
2020-02-10T17:30:00Z,84.91,84.95,84.47,84.5,214681,432693.75,82.90368346087389,83.81723999999994,86.34542672919859,81.28905327080129,82.20378249999953,85.02095999999949,60.67513234243394,74.45703493862113,79.01086054698847
2020-02-10T18:30:00Z,84.51,84.76,84.4,84.595,151976,427075.95,82.98618670668492,83.95548999999993,86.33171251645454,81.57926748354531,82.33915749999952,84.8319599999995,61.449589016955635,68.22474032105742,73.63802329241382
2020-02-10T19:30:00Z,84.6,84.855,84.6,84.73,177836,413513.45,83.07125076977346,84.10248999999993,86.28012661057264,81.92485338942723,82.45315749999953,84.79799999999949,62.577456323053575,66.52502360717648,69.7355996222848
2020-02-10T20:30:00Z,84.725,84.765,84.38,84.56,496648,419800.55,83.14387268344305,84.19898999999994,86.2757831836605,82.12219681633938,82.57265749999954,84.6589999999995,60.18937736267809,67.09159584513684,67.28045325779003
2020-02-11T14:30:00Z,93.7,95.23,92.76,94.17,7407280,781639.05,83.6817325525434,84.76348999999993,89.51477299385598,80.01220700614388,82.93428249999953,86.5109999999995,88.02045937152494,75.40703774095202,69.67455239775491
2020-02-11T15:30:00Z,94.17,94.5,92.73,92.86,3338617,930017.4,84.12945291583397,85.26398999999994,91.090746827576,79.43723317242387,83.26653249999953,88.1829999999995,79.82792019430674,78.4683715526577,73.65566837958198
2020-02-11T16:30:00Z,92.8613,94.4,92.66,93.95,1666782,1000978.8,84.60850399311036,85.83348999999994,92.63649049152599,79.03048950847389,83.62265749999952,90.05399999999949,81.38079325566035,86.15069075649755,80.00870001670222
2020-02-11T17:30:00Z,93.935,94.45,93.68,94.375,1111941,1050456.45,85.08491843247083,86.42373999999992,93.99662852801313,78.85085147198672,83.99165749999952,91.98299999999949,81.96380501631826,86.49275115612677,83.70393782176048
2020-02-11T18:30:00Z,94.38,94.5,93.45,93.59,1306924,1096090.45,85.49980046015519,86.97123999999994,94.94352539740699,78.99895460259289,84.34465749999951,93.7889999999995,77.15803784710121,88.40245775729649,87.0152998899734
2020-02-11T19:30:00Z,93.6,94.48,93.5,94.415,1320322,1142190,85.93468824258665,87.55248999999993,95.90660797903918,79.19837202096069,84.71603249999951,93.8379999999995,78.57951194888253,89.83102918586793,88.24207936643022
2020-02-11T20:30:00Z,94.42,94.99,94.34,94.45,2201849,1201562.7,86.35006930392389,88.06748999999994,96.78127955493552,79.35370044506435,85.07674499999952,94.1559999999995,78.64024158229695,90.0614439324117,89.43164362519185
2020-02-12T14:30:00Z,93.92,95.37,93.92,95.17,1542359,1242812.1,86.7803098256837,88.62423999999993,97.65348031675475,79.5949996832451,85.43899499999952,94.3999999999995,79.90253881980748,94.49323431858879,91.46190247895595
2020-02-12T15:30:00Z,95.14,96.27,95.04,95.42,1324107,1280912.6,87.20175812686986,89.15098999999994,98.47072208239948,79.8312579176004,85.80961999999953,94.60899999999948,80.3370551001976,94.61411970033312,93.05626598377769
2020-02-12T16:30:00Z,95.41,95.52,94.91,95.36,825116,1299751.65,87.59972114507133,89.65248999999993,99.17308689345732,80.13189310654253,86.16836999999953,94.96299999999948,79.89062180075956,94.45926962171951,94.52220788021363
2020-02-12T17:30:00Z,95.36,95.77,95.3,95.7,736492,1293462.65,87.99485669897028,90.19073999999992,99.80044582368257,80.58103417631727,86.53186999999953,95.21999999999949,80.550202747712,93.46790019624342,94.18042983943184
2020-02-12T18:30:00Z,95.69,96.13,95.59,96.07,502712,1293339.15,88.38876612828881,90.72598999999992,100.3932575605734,81.05872243942645,86.89561999999952,95.54399999999949,81.27016687549661,95.29015979814976,94.40577653870405
2020-02-12T19:30:00Z,96.065,96.13,95.91,95.99,643952,1297507.05,88.75955802446984,91.24848999999992,100.8675907317584,81.62938926824144,87.24599499999952,95.70799999999947,80.57566626583863,97.0563498738436,95.27146995607875
2020-02-12T20:30:00Z,95.985,96,95.5,95.67,941688,1312058.1,89.09665275498351,91.78699999999992,101.12594555076316,82.44805444923668,87.58249499999951,95.75799999999947,77.71484872172499,93.11416516591383,95.15355827930222
2020-02-13T14:30:00Z,95.12,95.615,94.8603,95.1,928033,1349587.5,89.38949896205749,92.27924999999993,101.21840279823036,83.34009720176951,87.9072449999995,95.70599999999948,72.75937929186163,82.87153632831586,91.01401712269092
2020-02-13T15:30:00Z,95.14,95.28,94.7971,95.19,534526,1368692.05,89.67245023220103,92.79324999999993,101.14100375476038,84.44549624523948,88.24224499999951,95.60399999999947,73.05157013316195,73.68421052631585,83.22330400684832
2020-02-13T16:30:00Z,95.18,95.87,95.12,95.85,456290,1380772.5,89.97379412331317,93.36074999999992,100.8780575465964,85.84344245340345,88.58899499999951,95.55999999999946,75.15610173380784,74.25983772420972,76.93852819294695
2020-02-13T17:30:00Z,95.84,96.12,95.78,96.05,425592,1394453.3,90.27019440998082,93.93349999999992,100.35817750164288,87.50882249835696,88.94449499999952,95.57199999999948,75.77352495229948,82.46268901069396,76.80224575373965
2020-02-13T18:30:00Z,96.05,96.15,95.8,96.05,581727,1414647.85,90.55213614607932,94.49949999999993,99.39338281430132,89.60561718569853,89.30099499999952,95.64799999999947,75.7735249522995,89.78757542395302,82.17003405295205
2020-02-13T19:30:00Z,96.05,96.07,95.515,95.53,291456,1404388.25,90.79495877309984,95.04799999999992,96.8369477354368,93.25905226456304,89.62349499999951,95.73399999999947,70.49102212965698,84.25566053033607,85.50197498832749
2020-02-13T20:30:00Z,95.54,95.555,94.97,95.14,874643,1077756.4,91.00691200368033,95.09649999999992,96.8396124462066,93.35338755379324,89.92999499999952,95.72399999999946,66.73341358842808,70.82776454924863,81.62366683451238
2020-02-14T14:30:00Z,95.26,95.87,95.02,95.525,477788,934714.95,91.22730654008616,95.22974999999992,96.64529044453681,93.81420955546304,90.24686999999952,95.65899999999947,68.51754610417835,56.61501481373435,70.56614663110615
2020-02-14T15:30:00Z,95.52,96.02,95.39,95.945,260022,864376.95,91.45743792837465,95.32949999999992,96.64810494467613,94.01089505532372,90.58149499999952,95.63799999999948,70.38360079937962,62.06059035437721,63.16778990578653
2020-02-14T16:30:00Z,95.9325,96.38,95.87,96.34,271671,822363.45,91.69561168796612,95.42774999999992,96.74004369811732,94.11545630188252,90.92574499999952,95.69599999999947,72.06086412642678,77.24662335153805,65.30740950654966
2020-02-14T17:30:00Z,96.31,96.32,95.8,95.83,193854,766709.95,91.89728916660192,95.53974999999994,96.55406491662954,94.52543508337034,91.25549499999951,95.75599999999947,66.80060480746728,82.52466863174219,73.94396077921895
2020-02-14T18:30:00Z,95.83,96.18,95.822,96.17,153667,708377.2,92.10571408530427,95.62749999999993,96.53550055072348,94.71949944927637,91.5899949999995,95.96199999999946,68.45388692652122,83.15328405668954,80.97485867998972
2020-02-14T19:30:00Z,96.19,96.35,96.06,96.29,189791,607774.3,92.3098255933382,95.71949999999994,96.49479929711381,94.94420070288606,91.89349499999952,96.11499999999947,69.0398984888702,82.10036431023266,82.59277233288793
2020-02-14T20:30:00Z,96.28,96.615,96.21,96.5,459247,553618.7,92.51422434488268,95.78599999999994,96.58902303833537,94.98297696166452,92.20511999999951,96.22599999999947,70.08712637324595,91.57382134559835,85.60915657083997
2020-02-18T14:30:00Z,96.96,97.72,96.28,97.6,729284,523877.55,92.76231096220548,95.89499999999994,97.00344485659247,94.78655514340741,92.5229949999995,96.47799999999947,74.88019047653479,94.6275803975875,89.43392201780597
2020-02-18T15:30:00Z,97.62,99.75,97.54,99.74,1099784,537610.95,93.10268603721984,96.11399999999993,98.09802772160656,94.12997227839331,92.8832449999995,97.25999999999948,81.1936280872184,96.4531009342362,94.21816755914047
2020-02-18T16:30:00Z,99.7477,99.75,98.3712,98.96,1069758,554274.25,93.38840866955059,96.27699999999993,98.60417726013948,93.94982273986038,93.23386999999951,97.81799999999949,73.90281376755094,93.05269555899008,94.71112563027106
2020-02-18T17:30:00Z,98.97,99.1,98.77,98.9295,449304,551603.85,93.65870580762129,96.41997499999994,99.0146942618096,93.82525573819028,93.57298249999951,98.34589999999949,73.62441592053186,88.6994421199442,92.73507953772328
2020-02-18T18:30:00Z,98.93,99.47,98.93,99.325,515130,545162.75,93.93511040237146,96.58672499999993,99.4628689719901,93.71058102800976,93.91760749999952,98.91089999999949,74.94258896751853,85.80543933054396,89.1858590031592
2020-02-18T19:30:00Z,99.34,99.59,99.25,99.52,379996,517078.15,94.20754404128017,96.77922499999994,99.88996810215421,93.66848189784567,94.28311249999952,99.29489999999947,75.59033529936237,89.71059972106002,88.07182705718252
2020-02-18T20:30:00Z,99.53,100.02,99.23,99.9,932405,517296.75,94.48522481975431,97.01922499999993,100.31015353881861,93.72829646118126,94.64923749999953,99.32689999999948,76.84642455143373,94.63235704323579,90.04946536494639
2020-02-19T14:30:00Z,101.09,101.35,99.64,100.71,1324212,556781.05,94.7888723895224,97.29522499999993,100.84214730639721,93.74830269360265,95.04423749999953,99.67689999999948,79.29251316105248,94.01667649509052,92.78654441979523
2020-02-19T15:30:00Z,100.72,100.8798,100.15,100.34,575552,562744.15,95.05965910222862,97.51972499999994,101.23663941219918,93.80281058780069,95.44023749999953,99.95899999999948,75.37523692046143,89.55451558941506,92.73451637591359
2020-02-19T16:30:00Z,100.34,100.83,100.24,100.585,576156,570272.35,95.32918792651016,97.74647499999993,101.62680415454638,93.86614584545349,95.83998749999952,100.21099999999947,76.21322273156812,85.75992099482039,89.77703769310845
2020-02-19T17:30:00Z,100.59,101.16,100.505,101.13,470105,564691.25,95.61215436911942,98.00047499999994,102.06408585090739,93.93686414909249,96.24998749999953,100.53299999999948,78.00621982567796,88.01275950335291,87.77573202919592
2020-02-19T18:30:00Z,101.13,101.17,100.62,100.725,269506,563593.75,95.86156147306481,98.26022499999993,102.32310708635454,94.19734291364533,96.65411249999951,100.69799999999948,73.56831491393031,90.14057730224818,87.97108593347362
2020-02-19T19:30:00Z,100.72,100.75,100.24,100.43,612050,550464.1,96.0844121329153,98.52472499999993,102.42621109476192,94.62323890523794,96.81061249999952,100.64199999999948,70.42541984922384,88.76889433523456,88.97407704694501
2020-02-19T20:30:00Z,100.44,100.77,100.295,100.47,862037,569676.55,96.29834324838285,98.77197499999994,102.50483080321777,95.03911919678211,97.00086249999951,100.66799999999947,70.60876925359972,84.3098068470922,87.7397594948581
2020-02-20T14:30:00Z,100.1,100.42,99.26,99.26,726476,592999.25,96.44281430943734,98.93772499999994,102.4410942850751,95.43435571492479,97.13361249999953,100.40299999999948,58.744563745561514,69.96284076605654,81.01384731612757
2020-02-20T15:30:00Z,99.28,99.53,99.07,99.0768,308347,594833.05,96.57130141629405,99.07456499999994,102.36894338464633,95.78018661535354,97.25115749999952,99.99235999999948,57.17805023982738,50.491581959552384,68.25474319090017
2020-02-20T16:30:00Z,99.1,99.125,98.3,98.36,598608,615070.75,96.65855500574312,99.20106499999994,102.16511630880287,96.23701369119702,97.37040749999952,99.51935999999948,51.40232608250408,23.59965365526595,48.01802546029142
2020-02-20T17:30:00Z,98.37,98.825,98.23,98.75,292001,621987.45,96.76057671278005,99.33006499999993,101.96108325938543,96.69904674061443,97.47878249999951,99.18335999999948,54.11795935274485,14.107090225694577,29.399441946837428
2020-02-20T18:30:00Z,98.76,99.515,98.64,99.18,286349,626815.35,96.87859736093712,99.47456499999994,101.709479079156,97.23965092084389,97.59703249999951,98.92535999999949,56.972833187545135,16.360865910046332,18.022536597002077
2020-02-20T19:30:00Z,99.19,99.315,99.11,99.2305,244613,616083.65,96.99332431894018,99.61108999999995,101.389457452388,97.8327225476119,97.69854499999951,98.91945999999948,57.308795229245725,26.394230769230898,18.95406230165706
2020-02-20T20:30:00Z,99.24,100,99.09,99.47,1524777,655858.3,97.11413776679676,99.70458999999995,101.22863280638973,98.18054719361018,97.79979499999952,98.99809999999948,58.945995508739514,34.0865384615386,25.613878380271732
2020-02-21T14:30:00Z,98.84,99.49,97.7,97.98,1345315,668134.85,97.15637494890423,99.61658999999995,101.31550784254188,97.91767215745801,97.86529499999952,98.92209999999949,46.89649116061487,26.626687233675796,29.035818821481556
2020-02-21T15:30:00Z,97.99,98.46,96.62,98.35,824744,655884.15,97.2146005611528,99.58608999999993,101.35165755626147,97.82052244373838,97.9315449999995,98.84209999999948,49.6489663060372,28.611577343565774,29.774934346259844
2020-02-21T16:30:00Z,98.36,99.155,98.34,98.445,507871,658812.5,97.27462004597461,99.56186499999993,101.37544614933624,97.74828385066361,97.9909199999995,98.69509999999948,50.36040096226079,28.73367746566584,27.99064734763559
2020-02-21T17:30:00Z,98.455,98.72,98.01,98.5,299872,648049.6,97.3343946778783,99.52061499999994,101.39052429866149,97.65070570133838,98.0536699999995,98.54899999999948,50.793881399651994,39.816849816849675,32.38736820869355
2020-02-21T18:30:00Z,98.5,98.57,98.0127,98.42,460643,652081.95,97.38735103505496,99.46561499999993,101.39608939382668,97.53514060617317,98.12241999999951,98.33899999999949,50.10844970060905,41.60068846815828,36.71707191689106
2020-02-21T19:30:00Z,98.3947,98.5,98.06,98.25,295164,620219.9,97.42943147236936,99.38311499999995,101.3724144458355,97.39381555416439,98.20116999999951,98.39299999999949,48.607387522228436,41.32309457610663,40.913544287037986
2020-02-21T20:30:00Z,98.24,98.81,97.99,98.57,797815,593900.05,97.48506896152207,99.27611499999993,101.19747460330562,97.35475539669424,98.2856699999995,98.43699999999947,51.54957949968777,44.65546396110753,42.526415668457275
2020-02-24T14:30:00Z,96.125,97.31,95.88,96.4,844698,607357.35,97.4321387682771,99.07911499999993,101.30721373327431,96.85101626672555,98.2994199999995,98.02799999999948,36.351540099551606,34.40475237690672,40.12777030470675
2020-02-24T15:30:00Z,96.41,97.28,96.14,97.15,441274,600613.25,97.41837590153187,98.90736499999993,101.17390216607902,96.64082783392084,98.32691999999949,97.75799999999948,42.64539785608307,31.587463805144022,36.88256004771922
2020-02-24T16:30:00Z,97.16,97.24,96.31,96.53,293615,591788.75,97.37504049170106,98.67736499999992,100.9285740807451,96.42615591925475,98.33891999999949,97.37999999999948,39.1949589117144,19.74110032362481,28.57777216855831
2020-02-24T17:30:00Z,96.53,96.99,96.32,96.59,142160,585421.45,97.3367458335693,98.47061499999992,100.69093407284167,96.25029592715818,98.3654199999995,97.04799999999949,39.70339838046465,21.278317152103753,24.202293760290654
2020-02-24T18:30:00Z,96.57,96.95,96.54,96.9002,185158,564076.85,97.3154509148586,98.29412499999992,100.42265140191047,96.16559859808937,98.4094249999995,96.71403999999949,42.38568568489965,19.25728155339819,20.09223300970871
2020-02-24T19:30:00Z,96.92,97.195,96.72,96.73,209444,531447.2,97.28689233364598,98.10712499999993,100.09034451473634,96.1239054852635,98.4395499999995,96.78003999999949,41.30009537347981,20.875404530744493,20.470334412081936
2020-02-24T20:30:00Z,96.74,96.87,96.33,96.34,441837,517215.25,97.24070246371203,97.96112499999992,100.01212905743799,95.91012094256186,98.44942499999951,96.61803999999948,38.8449827834143,19.378528718321267,19.83707160082111
2020-02-25T14:30:00Z,96.56,97,95.91,96.48,421089,522852.35,97.20359502645778,97.83128499999994,99.9119060739142,95.75066392608568,98.45292499999951,96.60803999999948,40.218812816639726,17.2313536398856,19.161762296316912
2020-02-25T15:30:00Z,96.48,96.7415,96.075,96.6,532574,519550.65,97.17415136663057,97.74328499999993,99.8752588960001,95.61131110399975,98.47217499999951,96.61003999999949,41.433290754150754,17.682575260972992,18.097485873059743
2020-02-25T16:30:00Z,96.57,96.5772,96.1,96.32,213539,515627.55,97.13248544630713,97.62178499999993,99.78712947911404,95.45644052088582,98.47592499999949,96.49399999999949,39.42089653946418,18.440802785955626,17.784910562271197
2020-02-25T17:30:00Z,96.33,96.61,95.91,96.08,321628,517391.5,97.08114469282873,97.46678499999993,99.60744613927989,95.32612386071997,98.47067499999949,96.36399999999948,37.729361561774226,14.609245412465576,16.910874486464518
2020-02-25T18:30:00Z,96.1,96.4,95.1634,95.235,612823,535802,96.99108885415416,97.26700999999993,99.4571754384388,95.07684456156106,98.4390499999995,96.14299999999947,32.44981252326059,7.935492078989952,13.661846759136841
2020-02-25T19:30:00Z,95.23,95.57,94.74,94.94,822954,500710.85,96.89103573931737,97.04050999999993,99.20937554855921,94.87164445144064,98.37254999999949,95.83499999999947,30.827957203699555,4.567805434852855,9.037514308769248
2020-02-25T20:30:00Z,94.915,95.22,94.45,94.54,698189,468354.55,96.77635106910677,96.86850999999993,99.2475063278081,94.48951367219176,98.2425499999995,95.42299999999946,28.731073117811178,3.3414436282862816,5.281580380709484
2020-02-26T14:30:00Z,93.95,95.64,93.7462,95.35,592775,456756.1,96.70677296817473,96.71850999999992,99.08321622440323,94.35380377559662,98.15229999999949,95.22899999999946,37.93708547902016,17.815143303286394,8.574797455474966
2020-02-26T15:30:00Z,95.35,95.66,94.78,95.015,391550,450940.05,96.62424745753206,96.54700999999991,98.8833366569001,94.21068334309973,98.05443749999951,95.01599999999948,35.87319852144083,28.28239478032663,16.47966057063289
2020-02-26T16:30:00Z,95,95.01,93.77,94.17,306941,451293.5,96.50452806935976,96.33050999999992,98.70498564058595,93.95603435941389,97.9255624999995,94.80299999999947,31.25439372985953,31.32955445587876,25.809030846497052
2020-02-26T17:30:00Z,94.22,94.57,93.88,94.08,232778,439900.25,96.38625840743978,96.11350999999992,98.47773163253301,93.74928836746683,97.7895624999995,94.63099999999947,30.79953746047987,19.427606783950896,26.34651867338522
2020-02-26T18:30:00Z,94.045,94.14,93.44,94.05,324741,441379.1,96.27229458268663,95.90350999999991,98.21691457502284,93.59010542497698,97.6433124999995,94.53299999999948,30.639468266217122,12.737355888172203,21.164839042667076
2020-02-26T19:30:00Z,94.05,94.43,93.69,94.13,332085,418092.6,96.16779240792143,95.68150999999992,97.7699875526052,93.59303244739463,97.47881249999949,94.28899999999946,31.659457070370678,15.101919320972334,15.755627331031599
2020-02-26T20:30:00Z,94.125,94.24,93.62,93.65,404625,396088.95,96.0449732660716,95.54400999999991,97.78192744435384,93.30609255564599,97.3115624999995,94.01599999999947,28.912195584458217,13.84196851139811,13.893747906847338
2020-02-27T14:30:00Z,92.83,93.32,91.71,91.8646,647233,406386.9,95.84105261894615,95.27973999999992,97.9104605799432,92.64901942005663,97.0935524999995,93.55491999999946,21.454636891122533,9.451180409859914,12.798356080743241
2020-02-27T15:30:00Z,91.86,92.6,91.43,92.06,669904,425201.35,95.65661102777804,95.05623999999992,97.9685581298989,92.14392187010094,96.8668024999995,93.15091999999946,23.772050519933018,7.044560306610599,10.112569742622666
2020-02-27T16:30:00Z,92.05,92.46,91.665,92.33,571030,446644.85,95.49433731910594,94.84323999999992,97.89547096271076,91.79100903728909,96.6569274999995,92.80691999999947,26.978027879032,10.869773963284809,9.121838226584899
2020-02-27T17:30:00Z,92.3,93.27,92.26,92.66,379470,456360.45,95.35607696207639,94.63122999999993,97.67152790983187,91.590932090168,96.4626774999995,92.51291999999947,30.80834549763746,18.095056827451078,12.003130365781951
2020-02-27T18:30:00Z,92.69,92.99,91.95,92.98,525487,472162.6,95.24017076880436,94.44372999999993,97.4046642073956,91.48279579260426,96.2754274999995,92.37891999999947,34.401656637736764,26.2553447749731,18.406725188569453
2020-02-27T19:30:00Z,92.93,93.26,92.55,92.55,414850,470813.25,95.10894292642367,94.25422999999992,97.19048016995092,91.31797983004893,96.1076774999995,92.51599999999947,31.996997640070234,29.289686107186764,24.54669590320344
2020-02-27T20:30:00Z,92.52,92.62,91.16,91.17,551253,477321.45,94.91679936903715,93.98872999999993,97.03032309910544,90.94713690089442,95.9100074999995,92.33799999999947,25.77109497148217,21.114263199369596,25.553098027176276
2020-02-28T14:30:00Z,89.44,90.09,87.53,87.62,915001,496442.8,94.56085793640119,93.53972999999993,97.43758617237538,89.6418738276245,95.6415074999995,91.39599999999947,16.74483388762215,9.268924887830458,19.890958064795395
2020-02-28T15:30:00Z,87.6,89.33,87.48,89.33,538048,512668.25,94.30569413462553,93.19022999999993,97.2771685633421,89.10329143665776,95.40600749999949,90.72999999999948,29.54559049299229,8.63254212887419,13.005243405357874
2020-02-28T16:30:00Z,89.26,89.97,88.63,89.45,456974,519435.55,94.0688310061072,92.85872999999992,97.02900670311315,88.68845329688669,95.1627574999995,90.02399999999946,30.35484509168387,17.82033923486591,11.90726875052331
2020-02-28T17:30:00Z,89.46,90.36,89.27,89.66,312107,504399.75,93.85376607898002,92.57997999999992,96.82231949967854,88.3376405003213,94.92349499999949,89.44599999999947,31.83051673107299,27.906971036435667,18.11995080005838
2020-02-28T18:30:00Z,89.66,89.66,88.12,88.915,316438,479073.95,93.61285066049318,92.27872999999991,96.66129944959755,87.89616055040227,94.65961999999949,88.99499999999946,29.44677996678182,26.600000676468696,24.10910364925655
2020-02-28T19:30:00Z,88.95,89.97,88.745,89.15,766079,482468.45,93.395150628274,92.00922999999992,96.46473399624287,87.55372600375696,94.4388699999995,89.30099999999948,31.197100624696247,25.57284350034766,26.693271737750464
2020-02-28T20:30:00Z,89.14,90.5,89.04,90.19,1052906,505475,93.23880181713868,91.75122999999994,95.99564168838761,87.50681831161226,94.2348699999995,89.47299999999947,38.471951270207775,30.585244538421346,27.586029571745694
2020-03-02T14:30:00Z,90.25,90.78,88.98,89.63,641798,517987.4,93.06276270410753,91.48197999999994,95.54332617467239,87.42063382532749,94.0144949999995,89.50899999999947,36.249372287444295,36.080413170355136,30.746167069707838
2020-03-02T15:30:00Z,89.63,91.24,89.46,91.06,464474,525864.05,92.96506696244374,91.32647999999993,95.19795709156668,87.45500290843319,93.82849499999949,89.78899999999948,44.989039760413505,48.455946719663096,38.37386814281298
2020-03-02T16:30:00Z,91.07,91.67,90.69,91.17,306115,529530.9,92.87750272037331,91.18097999999993,94.84051229122585,87.52144770877402,93.6472449999995,90.23999999999947,45.60676685230479,54.23143350604493,46.25593113202084
2020-03-02T17:30:00Z,91.15,92.12,91.12,91.44,380353,532311.5,92.80738063645266,91.05047999999992,94.46972241763187,87.63123758236797,93.4769949999995,90.69799999999947,47.17476176632823,64.69114111152946,55.79284044574562
2020-03-02T18:30:00Z,91.43,92.11,91.21,91.79,297854,530599.95,92.75775231272327,90.93347999999993,94.07181586324369,87.79514413675618,93.30749499999949,91.01799999999946,49.21835974122953,68.93671824109101,62.619764286221596
2020-03-02T19:30:00Z,91.81,91.975,90.82,91.88,369576,528847.5,92.71493512673676,90.84497999999994,93.76407349465228,87.92588650534759,93.19449499999949,91.46799999999946,49.75661960727603,76.22756587185107,69.95180840815698
2020-03-02T20:30:00Z,91.89,93.36,91.79,93.32,632801,528125.9,92.74445048640814,90.91774999999993,94.00273699351011,87.83276300648974,93.0987449999995,91.91999999999946,57.51582320793245,86.49677159335538,77.22035190209895
2020-03-03T14:30:00Z,92.62,93.92,91.77,92.88,697443,529502.85,92.75106265780286,90.95874999999994,94.12411865943201,87.79338134056786,93.0074949999995,92.26199999999946,54.734360675977406,89.59125746954722,84.10519831158435
2020-03-03T15:30:00Z,92.855,93.34,90.76,90.83,396092,520755.95,92.6573522842515,90.88374999999994,93.98605700449086,87.78144299550901,92.86349499999949,92.13999999999946,44.04665125308635,76.63159916640312,84.23987607643504
2020-03-03T16:30:00Z,90.8,91.86,90.76,91.11,278919,515728.4,92.58187168501972,90.80624999999993,93.80283284552897,87.8096671544709,92.71873999999949,92.00399999999946,45.608868874556784,60.70893124866132,75.64392929487035
2020-03-03T17:30:00Z,91.08,91.48,89.6824,90,510462,514977.15,92.45592672477486,90.65724999999993,93.49902317006728,87.81547682993259,92.55048999999948,91.62799999999945,40.75142412131691,43.56321839080456,60.30124960195613
2020-03-03T18:30:00Z,90,90.22,88.77,89.515,487931,518631.2,92.31246688454193,90.50549999999994,93.2492217424714,87.76177825752848,92.37986499999948,90.86699999999946,38.80665427175549,32.9482480981731,45.74013257921279
2020-03-03T19:30:00Z,89.54,90.22,88.93,90.1708,419740,512055.55,92.20799532919843,90.45553999999993,93.18539672915638,87.72568327084348,92.22213499999948,90.32515999999946,42.782834991868285,24.831006718862795,33.78082440261328
2020-03-03T20:30:00Z,90.16,90.35,88.84,89.35,706637,501637.35,92.06858092289606,90.54203999999993,93.00345729126101,88.08062270873884,92.04088499999948,90.02915999999945,39.33758872612295,17.780454325156743,25.186569714064007
2020-03-04T14:30:00Z,90.39,92.34,90.25,91.6,645737,507021.8,92.04572331690113,90.65553999999995,93.09215522643721,88.21892477356268,91.92288499999948,90.12715999999946,50.98890454636,31.137864077669903,24.58310837389627
2020-03-04T15:30:00Z,91.51,91.54,90.545,91.14,272564,497801.3,92.00154169168644,90.74003999999994,93.12012565428016,88.35995434571971,91.79938499999949,90.35515999999946,48.92017688784436,37.41100323624595,28.77644054635732
2020-03-04T16:30:00Z,91.16,91.57,90.72,91.5,300615,497226.7,91.97707624331149,90.83203999999992,93.18005241089573,88.48402758910412,91.7060099999995,90.75215999999945,50.60907763702051,51.32686084142396,39.95857605177973
2020-03-04T17:30:00Z,91.51,92.615,91.39,92.52,284699,495639.75,92.0035603290036,91.01228999999992,93.29659193970006,88.72798806029978,91.64550999999948,91.22199999999944,55.13535661345069,57.28155339805827,48.67313915857585
2020-03-04T18:30:00Z,92.53,93,92.35,92.729,430873,478879.45,92.03894763002782,91.19123999999992,93.42411634626771,88.95836365373214,91.60023499999947,91.89779999999945,56.024628366606045,67.5663430420712,58.72491909385093
2020-03-04T19:30:00Z,92.73,93.405,92.67,93.4,461724,449320.35,92.10534042856305,91.35173999999992,93.7303790263594,88.97310097364044,91.55148499999947,92.25779999999945,58.845045357818584,79.86407766990294,68.23732470334393
2020-03-04T20:30:00Z,93.41,93.96,93.18,93.87,823817,458421.3,92.1914213832673,91.56373999999992,94.04438438759658,89.08309561240327,91.52285999999947,92.80379999999946,60.74423056691492,88.34753166096128,78.59265079097825
2020-03-05T14:30:00Z,91.61,93.16,91.44,91.72,550174,462706.3,92.16842521822987,91.59673999999993,94.06724060062913,89.12623939937072,91.46160999999947,92.84779999999945,49.49269958462789,81.66962854880262,83.29374595988874
2020-03-05T15:30:00Z,91.72,91.82,90.81,91,625995,478700.3,92.1114288661211,91.58823999999993,94.06571503271324,89.11076496728661,91.38460999999947,92.54379999999945,46.39354751103457,66.02440590879914,78.6805220395208
2020-03-05T16:30:00Z,91,91,90.36,90.8631,395463,479455.8,92.05053477509081,91.55939499999992,94.05645827233091,89.06233172766893,91.30493749999945,92.17061999999945,45.806218010747116,46.712267180475415,64.80210054602551
2020-03-05T17:30:00Z,90.84,91.19,89.83,90.31,269009,478013.55,91.96563063972053,91.48539499999993,94.03784143940237,88.93294856059748,91.20943749999947,91.55261999999945,43.41484469847211,37.65639049454094,50.131021194604955
2020-03-05T18:30:00Z,90.31,90.64,89.77,89.8,215452,470307.35,91.85999012070977,91.38139499999994,94.02878757874693,88.73400242125295,91.11318749999947,90.73861999999944,41.27509850775866,29.5839755940913,37.98421108970234
2020-03-05T19:30:00Z,89.8,90.06,89.19,89.52,336925,455513.55,91.74584426116294,91.19139499999994,93.80015099970716,88.58263900029273,91.05457249999947,90.29861999999945,40.10637976078627,20.567899004495832,29.26942169770915
2020-03-05T20:30:00Z,89.51,90.35,89.45,89.84,691141,455198.45,91.65287624842328,91.03939499999994,93.59050616692508,88.4882838330748,90.99907249999947,90.06661999999946,42.123360850160694,15.21936146051713,21.79041201970121
2020-03-06T14:30:00Z,86.22,87.7,85.81,87.5,1108891,490838.4,91.4502969192319,90.87289499999994,93.85517153412823,87.89061846587165,90.87832249999947,89.39399999999947,33.29386288311292,15.881426900189956,17.222895788400763
2020-03-06T15:30:00Z,87.49,88,87.039,87.31,399112,496848.05,91.24833121585473,90.68289499999995,94.04104534297218,87.32474465702771,90.74457249999946,88.79399999999944,32.694608032027205,17.589312892010042,16.230033750905502
2020-03-06T16:30:00Z,87.37,87.59,86.48,86.53,398209,491235.4,91.01816871752035,90.50939499999996,94.31896229642552,86.69982770357439,90.58332249999947,88.13999999999945,30.28472126067396,15.99182004089983,16.4875199443664
2020-03-06T17:30:00Z,86.53,87.56,86.46,87.275,355764,484627.05,90.83557512154376,90.39739499999993,94.4417892569946,86.35300074300527,90.45144749999947,87.69099999999946,35.197830304238195,15.071574642126848,16.2175691916787
2020-03-06T18:30:00Z,87.26,87.33,85.6968,86.18,469758,487127.95,90.6084738961026,90.19785499999995,94.64137557697512,85.75433442302477,90.32669749999947,86.95899999999946,31.665529213379443,10.885809822088559,13.983068168371538
2020-03-06T19:30:00Z,86.22,86.3,85.42,85.94,446187,474105.45,90.38074346214637,90.02735499999994,94.83471272935661,85.21999727064328,90.28469749999945,86.64699999999945,30.932801063179596,9.97068887076122,11.976024444992001
2020-03-06T20:30:00Z,85.93,88.275,85.8,87.85,823558,482996.5,90.25729256155387,89.83985499999994,94.67964795404302,85.00006204595687,90.24769749999946,86.75499999999946,42.36323091675672,14.443985108931145,11.766827933926768
2020-03-09T13:30:00Z,83,84.89,81.7396,83.36,611701,499953.35,89.92083926586831,89.45085499999995,95.00764729394062,83.89406270605927,90.09544749999945,86.12099999999946,29.854805916954618,17.85303358319519,14.089235854295646
2020-03-09T14:30:00Z,83.355,83.81,82.53,83.57,512946,510569.9,89.61104222850888,89.05435499999994,95.08147567723867,83.02723432276122,89.94319749999946,85.37999999999946,30.88272236387303,22.27953337143178,18.19218402118583
2020-03-09T15:30:00Z,83.48,84.67,83.23,83.535,488734,520771.65,89.31464992467917,88.60510499999994,94.86684583446463,82.34336416553525,89.80869749999945,84.85099999999946,30.801706865086516,18.147129640684504,19.426565531770283
2020-03-09T16:30:00Z,83.52,83.7,82.79,82.97,423561,520406.05,89.00515480640215,88.11715499999994,94.53639149244978,81.6979185075501,89.65419749999946,84.25699999999946,29.458247525325618,17.39690925909124,19.2745240904023
2020-03-09T17:30:00Z,82.95,83.15,81.83,82.01,371188,515879.25,88.66392774267521,87.54765499999993,94.011945705561,81.08336429443887,89.44969749999946,83.08899999999946,27.28095500170376,11.987541268626922,15.843860056134018
2020-03-09T18:30:00Z,81.94,82.22,80.92,80.94,835949,516485.85,88.28715077961789,86.90115499999993,93.29279148731753,80.50951851268233,89.23244749999945,82.60499999999945,25.057892636799977,5.725525079441941,11.703325202386496
2020-03-09T19:30:00Z,80.92,81.39,79.58,79.61,1374454,557699.85,87.86387513183165,86.29565499999993,93.03170954298072,79.55960045701913,88.94619749999946,81.81299999999945,22.593406702061856,1.232501107302993,6.315189151790413
2020-03-10T13:30:00Z,82.19,82.7,80.96,81.17,846029,568701.55,87.53734463759596,85.80415499999992,92.52995883790804,79.0783511620918,88.69619749999946,81.33999999999945,31.147240213482604,6.2811621440714065,4.413062776938575
2020-03-10T14:30:00Z,81.15,82,80.63,80.63,778003,587828.55,87.20040099673763,85.29249999999993,91.95771304986627,78.6272869501336,88.42594749999947,80.87199999999946,29.914917391588133,10.235767682576226,5.916476977983336
2020-03-10T15:30:00Z,80.66,81.82,80.205,81.385,524878,600622,86.9167228993358,84.84624999999991,91.29971099005184,78.39278900994799,88.16582249999945,80.74699999999946,33.85529530624379,17.04044470001922,11.185791508888746
2020-03-10T16:30:00Z,81.36,82.95,80.88,82.61,407641,610231.45,86.70663885546576,84.48674999999993,90.58776899276744,78.38573100723242,87.93407249999946,81.08099999999945,39.77205774472145,22.560858731071534,16.61235703788879
2020-03-10T17:30:00Z,82.605,83.07,82.4,82.875,574579,622114.15,86.51972964300401,84.15449999999993,89.8319729413809,78.47702705861896,87.67294749999945,81.73399999999944,41.001545351645724,31.16733755031632,23.589546993802156
2020-03-10T18:30:00Z,82.88,84.87,82.83,84,698856,622499.9,86.39681600188186,83.86249999999993,88.90555810001305,78.8194418999868,87.45094749999946,82.29999999999944,46.037793933059284,41.19225608587312,31.640150789086785
2020-03-10T19:30:00Z,84.01,85.01,83.64,84.95,734615,603786.1,86.32623961154616,83.73499999999993,88.52641523979136,78.9435847602085,87.30394749999945,83.16399999999945,49.92504719488257,62.54139410363697,44.96699591327526
2020-03-11T13:30:00Z,82.86,85.95,82.845,85.35,1158145,641737.75,86.2786181670805,83.63699999999992,88.20698512033837,79.06701487966146,87.15994749999945,83.95699999999945,51.50897567664476,80.10322929465144,61.27895982805364
2020-03-11T14:30:00Z,85.355,85.955,84.68,84.89,491649,646409.75,86.2108806955156,83.55499999999992,87.97065170729175,79.13934829270809,87.03219749999946,84.41299999999944,49.567230662325436,90.92333099835768,77.85598479888182
2020-03-11T15:30:00Z,84.905,86.68,84.855,85.77,469746,652108.85,86.1893743201246,83.47974999999992,87.68556677562142,79.27393322437842,86.93857249999945,84.99199999999944,53.20176116974972,87.01935465410429,86.01530498237094
2020-03-11T16:30:00Z,85.76,86.38,85.4,85.5,510253,654133.6,86.15574630450877,83.44574999999992,87.57397997786086,79.31752002213898,86.82180249999945,85.29199999999943,51.96437019117057,84.61916597624963,87.52061720957033
2020-03-11T17:30:00Z,85.53,85.79,84.32,84.44,449549,654301.7,86.07205136282542,83.37074999999992,87.36740269320555,79.37409730679428,86.69905249999945,85.18999999999944,47.311953540758076,79.67136150234735,83.76996071090022
2020-03-11T18:30:00Z,84.43,86.03,84.34,85.11,721435,649195.55,86.02512202805345,83.23374999999992,86.76792865282894,79.69957134717089,86.53680249999945,85.14199999999944,50.33849370887102,76.57276995305159,80.28776581054932
2020-03-11T19:30:00Z,85.13,87.83,85.03,86.42,1561757,696698.35,86.0443843681484,83.38674999999992,87.18464846495527,79.58885153504457,86.41880249999946,85.44799999999944,55.697054077980276,75.9487416301085,77.39762436183561
2020-03-12T13:30:00Z,82.24,85,80.86,83.485,937448,717923.45,85.91953635018994,83.38249999999991,87.17975887978615,79.58524112021367,86.21842749999946,84.99099999999945,44.19190067200072,67.47063803586549,73.33071653967498
2020-03-12T14:30:00Z,83.55,83.59,79.99,80.7,810069,733990.2,85.66492482091239,83.24074999999992,87.21231301097038,79.26918698902946,85.92292749999946,84.03099999999945,36.48944476288079,44.52690420430474,62.6487612900927
2020-03-12T15:30:00Z,80.73,81.1,79.02,79.91,812001,753412.2,85.38419678086788,83.08774999999993,87.31667359236968,78.85882640763018,85.60245249999946,83.12499999999946,34.64480632841645,20.724890843928108,44.24081102803257
2020-03-12T16:30:00Z,79.94,82.65,79.08,80.38,716524,770679,85.14008962082555,83.00624999999994,87.37560907772514,78.63689092227473,85.27695249999945,82.17899999999945,36.69519467941972,11.5317608314609,25.59451862656437
2020-03-12T17:30:00Z,80.39,80.58,77.94,78.18,557361,756749.6,84.80057305395601,82.86824999999993,87.64525562592283,78.09124437407704,84.88470249999946,80.53099999999945,31.684356107157612,9.321951225110775,13.85953430016638
2020-03-12T18:30:00Z,78.21,78.91,77.43,77.93,852203,730637.05,84.465423148885,82.78424999999994,87.83851381880635,77.72998618119354,84.53995249999946,79.41999999999945,31.16358056766181,7.557129780947673,9.470280612506235
2020-03-12T19:30:00Z,77.925,78.6,76.41,76.765,1146692,745670.2,84.08979275137841,82.56399999999994,88.22762569385536,76.90037430614451,84.18407749999946,78.63299999999944,28.788919373580825,3.4476557912329273,6.775578932430245
2020-03-13T13:30:00Z,80.15,80.86,78.19,79.26,875939,750567,83.85419310496971,82.49549999999994,88.2828222650978,76.70817773490207,83.89399999999947,78.50299999999945,39.43324013902941,10.957496968880564,7.320760847020175
2020-03-13T14:30:00Z,79.275,79.62,77.16,77.16,649909,756818.55,83.52764709984923,82.28424999999993,88.51012044115934,76.05837955884051,83.56524999999945,77.85899999999944,34.727982968096384,11.544074722708755,8.649742494273868
2020-03-13T15:30:00Z,77.19,78.17,76.61,77.63,536530,763263,83.23995699741756,82.03524999999993,88.5793041524422,75.49119584755766,83.26099999999946,77.74899999999946,36.552707220503095,14.068884997081184,12.190152229556622
2020-03-13T16:30:00Z,77.67,79.24,77.645,78.52,582958,763681.95,83.00971519266548,81.81749999999992,88.52312040381808,75.11187959618177,82.98599999999945,77.86699999999945,39.97471709602439,11.908931698774097,12.507297139521134
2020-03-13T17:30:00Z,78.525,80.45,78.08,80.42,697803,763629.3,82.88338762229155,81.63849999999994,88.29245528990756,74.98454471009231,82.75049999999946,78.59799999999946,46.596652244487395,21.424401634559278,15.800739443471306
2020-03-13T18:30:00Z,80.43,80.66,78.66,80.595,498155,751806.3,82.77175895778953,81.42074999999993,87.90997435658474,74.93152564341511,82.57787499999947,78.86499999999945,47.174697487441414,30.078809106830153,21.13738081338763
2020-03-13T19:30:00Z,80.58,85.52,78.4075,85.385,1058197,746808.9,82.89923413058028,81.42249999999993,87.91597942170398,74.92902057829588,82.52974999999945,80.50999999999945,59.95238256498271,56.75939400580446,36.087534915731084
2020-03-16T13:30:00Z,78.34,78.34,74.84,77.14,723460,758399.45,82.61829588030807,81.03499999999994,87.57930286585872,74.49069713414116,82.29499999999946,80.41199999999947,41.392604720520644,52.233309055075175,46.35717072256972
2020-03-16T14:30:00Z,77.19,80.55,77.19,79.745,653200,767572.15,82.4781351056589,80.73374999999994,86.92355361159252,74.54394638840736,82.10674999999945,80.65699999999946,46.97765408660426,55.32688626045112,54.77319644044337
2020-03-16T15:30:00Z,79.77,80,77.73,78.87,680556,776087.3,82.30212851513895,80.40224999999994,86.23537821306793,74.56912178693194,81.92399999999947,80.34699999999945,45.41222853090219,35.065543071161095,47.54191279556225
2020-03-16T16:30:00Z,78.89,79.43,78.01,78.73,438175,775518.6,82.12787834366875,80.11674999999994,85.68432961326884,74.54917038673103,81.74374999999945,79.97399999999946,45.152970578174056,40.028089887640505,43.47350640641736
2020-03-16T17:30:00Z,78.7,79.47,77.765,78.28,593249,769109.3,81.94017696105077,79.77524999999993,84.89576508640413,74.65473491359573,81.50449999999947,78.55299999999946,44.277954597792586,35.455680399500665,36.849771119433875
2020-03-16T18:30:00Z,78.28,79.91,78.25,78.59,492993,715671.1,81.77675369465804,79.38374999999994,83.51376316584931,75.25373683415056,81.38524999999946,78.84299999999948,45.06770752492766,34.58177278402001,36.68851435705351
2020-03-16T19:30:00Z,78.55,78.58,75.94,76.53,981101,717853.75,81.52081449004058,79.03599999999993,82.88801453788689,75.18398546211297,81.20924999999946,78.19999999999948,40.91755481634264,27.715355805243473,32.584269662921166
2020-03-17T13:30:00Z,77.6,78.821,75.45,77.74,736781,714189.35,81.33638451491665,78.88799999999993,82.70015739445421,75.07584260554566,81.06437499999946,77.97399999999946,44.16971046952821,26.02996254681648,29.442363712026438
2020-03-17T14:30:00Z,77.74,79.6,76.62,78.965,751946,711186.6,81.22070722150607,78.84074999999993,82.62438618098973,75.05711381901013,80.96424999999947,78.02099999999947,47.33058158128573,27.200374531835212,26.98189762796484
2020-03-17T15:30:00Z,78.98,80.4,77.9,79.01,654434,708082.1,81.11286784484724,78.77224999999993,82.49098698318332,75.05351301681654,80.88924999999946,78.16699999999948,47.448283872942525,34.940699126092404,29.390345401581147
2020-03-17T16:30:00Z,79,79.18,77.7,78.69,497633,705095.7,80.99467916948885,78.79774999999992,82.50687452609803,75.08862547390181,80.83299999999946,78.18699999999947,46.64992258330844,37.90574282147319,33.34893882646672
2020-03-17T17:30:00Z,78.72,79.46,78.405,79.06,627282,693849.65,80.90030457585524,78.85424999999992,82.54315129308134,75.16534870691851,80.81924999999946,78.69299999999947,47.74474915103117,38.20224719101126,37.01622971285874
2020-03-17T18:30:00Z,79.09,79.94,77.4,77.67,756000,674315.05,80.7427287428867,78.89949999999992,82.50606332262475,75.29293667737508,80.73174999999947,78.67899999999948,44.08462992334129,34.019975031211004,36.70932168123161
2020-03-17T19:30:00Z,77.7,78.89,77.33,78.35,1056283,683332.25,80.62601026762393,78.85399999999993,82.46418226688017,75.24381773311968,80.67474999999946,78.55599999999947,46.25525309400591,42.49411309418393,38.23877843880185
2020-03-18T13:30:00Z,74.4,76.1,72.59,74.76,881757,694924.65,80.3398634253008,78.73399999999992,82.70313794168194,74.7648620583179,80.50912499999946,77.70599999999946,37.89206721802493,38.41017906699431,38.30808906412953
2020-03-18T14:30:00Z,74.77,75.06,70,70.29,810545,708625.4,79.84962618504223,78.36699999999993,83.77364073155321,72.96035926844665,80.20112499999945,76.02599999999947,30.49804917582908,30.50695713287352,37.13708309801704
2020-03-18T15:30:00Z,70.27,70.56,68.55,69.93,758242,717389.6,79.36574198089383,77.93749999999991,84.47399715062302,71.40100284937681,79.87749999999946,74.19999999999946,29.99047994861907,13.89844589712609,27.605194032331095
2020-03-18T16:30:00Z,69.98,70.05,63.5,64.79,773374,721168.15,78.6547301769478,77.15599999999992,85.73630395732538,68.57569604267447,79.39724999999946,71.62399999999947,23.87969163402508,7.3557224177965,17.25370848259849
2020-03-18T17:30:00Z,64.795,68.575,64.55,68.56,1601027,776311.75,78.16230431465766,76.55424999999993,85.75132033517156,67.3571796648283,78.98749999999946,69.66599999999946,34.432443726538125,16.40651137243159,12.553559895784517
2020-03-18T18:30:00Z,68.49,71.17,68.45,70.32,1646794,805741.6,77.77975288467437,75.80099999999992,84.43195046910229,67.17004953089754,78.61174999999945,68.77799999999947,38.704617938233994,25.976331360946762,16.579521717058075
2020-03-18T19:30:00Z,70.27,76.02,70.22,75.91,1894289,864283.05,77.68854542688537,75.73949999999991,84.34891165237809,67.13008834762172,78.38724999999945,69.90199999999945,49.875633919163036,47.90927021696251,30.09737098344674
2020-03-19T13:30:00Z,74.77,80.63,73.61,78.72,1229973,893121.7,77.73886028411047,75.68824999999991,84.21346746057554,67.16303253942428,78.21099999999944,71.65999999999944,54.376845450211476,67.54565101998753,47.14375086596539
2020-03-19T14:30:00Z,78.61,79.64,75.13,79.36,655512,891869.5,77.81794027025143,75.71274999999991,84.2771282465572,67.14837175344263,78.05749999999945,74.57399999999946,55.36009139473616,84.95600990683842,66.80364371459594
2020-03-19T15:30:00Z,79.275,79.275,77.39,79.07,445499,892235.7,77.8790163546294,75.72974999999991,84.319330010111,67.14016998988882,77.92324999999946,76.67599999999945,54.783944981010535,90.77641564506716,81.09269219063083
2020-03-19T16:30:00Z,79.07,79.75,78.07,78.75,607194,892932.95,77.92150336172065,75.75324999999991,84.3731283489153,67.13337165108452,77.76424999999945,78.36199999999945,54.1146956457417,90.83479276123762,88.85573943771419
2020-03-19T17:30:00Z,78.73,79.87,78.45,79.31,600407,898303.65,77.98923490505135,75.78924999999991,84.46206861623419,67.11643138376563,77.58649999999946,79.04199999999946,55.147327930699376,90.7374975676202,90.78290199130811
2020-03-19T18:30:00Z,79.26,79.93,77.84,78.545,1013216,899909.4,78.01634539748787,75.88999999999992,84.64135818031102,67.13864181968881,77.46299999999945,79.00699999999946,53.38003307859405,89.71589803463714,90.42939612116477
2020-03-19T19:30:00Z,78.545,81.99,78.05,79.45,1345437,930342.2,78.08627976834212,75.97549999999993,84.83028678456422,67.12071321543563,77.43174999999945,79.02499999999947,55.208762398261214,88.79514557497362,89.74951372574344
2020-03-20T13:30:00Z,79.65,81.19,77.9,79.6,1340946,959792.2,78.16011977964251,76.00724999999991,84.9091146782625,67.10538532173733,77.42399999999945,79.13099999999946,55.52019758555561,87.05510338811443,88.52204899924152
2020-03-20T14:30:00Z,79.5278,81.9,79.29,81.275,515697,952855.35,78.31206515624532,76.12049999999991,85.22755380461221,67.0134461953876,77.44637499999945,79.63599999999947,58.95238344374795,89.82332792500456,88.55785896269732
2020-03-20T15:30:00Z,81.33,82,76.63,77.22,529507,954449.05,78.25879368520897,76.04699999999991,85.09344316845566,67.00055683154416,77.42237499999945,79.21799999999946,49.07903065542273,85.78976705207106,87.55606612172981
2020-03-20T16:30:00Z,77.34,78.71,76.07,76.15,341229,940146.4,78.15592570056464,75.90149999999991,84.84241387946989,66.96058612052994,77.37787499999945,78.73899999999946,46.849341211758585,78.923617250144,84.84557074240634
2020-03-20T17:30:00Z,76.15,77.44,75.3,76.655,527974,928745.1,78.08270981273222,75.85074999999992,84.76240937130088,66.93909062869896,77.37512499999944,78.17999999999947,48.048937515753266,67.06377079878602,77.25905170033349
2020-03-20T18:30:00Z,76.59,77.1,74.63,76.41,456846,898773.25,78.00111421211113,75.75374999999993,84.59644974329632,66.91105025670353,77.30387499999945,77.54199999999946,47.48894989933678,59.858613179366934,68.61533374276544
2020-03-20T19:30:00Z,76.405,76.91,73.16,74.57,985000,903935.4,77.8337427871301,75.74424999999992,84.59160682280837,66.89689317719147,77.23912499999943,76.20099999999947,43.39820133486508,43.01680702776807,56.64639700197346
2020-03-23T13:30:00Z,75.34,75.45,70.83,74.42,1018742,914345.25,77.66721874873352,75.95074999999991,84.46580212844279,67.43569787155704,77.15887499999943,75.64099999999947,43.0724636146177,33.54552511709758,45.47364844141064
2020-03-23T14:30:00Z,74.395,75.06,73.58,73.91,713337,912100,77.48393978538067,76.1497499999999,84.2695255356972,68.0299744643026,77.04362499999944,75.19299999999946,41.92037707353095,25.221248199024828,33.927860114629944
2020-03-23T15:30:00Z,73.87,74.65,72,73.63,608353,903848.95,77.29594272267917,76.5917499999999,82.96437447898059,70.21912552101922,76.87387499999944,74.58799999999947,41.26774462436311,28.260220829603128,29.008998048574966
2020-03-23T16:30:00Z,73.7,76.6,73.13,76.53,985757,873085.45,77.25857966303629,76.9902499999999,82.19352730859178,71.78697269140802,76.77224999999945,74.61199999999947,49.9574928355312,34.55684870188006,29.346105910169126
2020-03-23T17:30:00Z,76.53,76.66,73.4,75,698199,825655.7,77.1484050453272,77.2242499999999,81.55424338915287,72.89425661084692,76.51262499999943,74.69799999999947,46.08353889330163,37.809609071918864,33.54222620113379
2020-03-23T18:30:00Z,75.05,75.15,73.78,74.8,776578,769770.15,77.0338487016527,77.1687499999999,81.59215013452366,72.74534986547614,76.45412499999944,74.77399999999948,45.585907611968494,41.301104148015554,37.88918730727127
2020-03-23T19:30:00Z,74.83,76.26,74.26,75.69,870888,751815.9,76.96829510645013,77.0172499999999,81.42527957681828,72.60922042318153,76.35274999999945,75.12999999999947,48.26326039967366,38.79438973440767,39.301700984780474
2020-03-24T13:30:00Z,78.5,79.71,76,77.7288,864865,762283.55,77.00539290613548,76.93568999999991,81.22610743699889,72.64527256300093,76.32421999999943,75.94975999999949,53.863517819205434,46.93763055804243,42.344374813488336
2020-03-24T14:30:00Z,77.62,77.67,76.825,77.175,455481,762782.65,77.01366642290937,76.8409399999999,81.02091243456267,72.66096756543713,76.28534499999942,76.07875999999949,52.21030717843771,54.02506714413613,46.58569581219519
2020-03-24T15:30:00Z,77.2,78,76.51,76.755,607120,762778.95,77.0010485486211,76.74118999999992,80.82835826466656,72.65402173533327,76.24721999999943,76.42975999999949,50.9335209208709,61.76292474211012,54.241874148096
2020-03-24T16:30:00Z,76.75,77.64,76.025,76.415,503042,757910.7,76.97246081454202,76.59643999999992,80.51085658407744,72.68202341592239,76.19284499999944,76.75275999999948,49.87031263619241,62.14035207992243,59.309447988722674
2020-03-24T17:30:00Z,76.35,77.21,75.83,77.165,400533,727276.55,76.98185296993022,76.52743999999993,80.3495975155518,72.70528248444805,76.20871999999943,77.0477599999995,52.238726429136314,66.98573573573586,63.62967085258925
2020-03-24T18:30:00Z,77.01,79.7,76.62,78.64,485073,684258.35,77.06273819090923,76.48693999999992,80.19997617457466,72.77390382542518,76.23121999999942,77.22999999999949,56.58318797088071,74.0615615615617,67.72921645907311
2020-03-24T19:30:00Z,78.62,79.23,76.8,78.71,761542,655288.15,77.14309242549902,76.44243999999992,80.02418360803438,72.86069639196546,76.22484499999942,77.5369999999995,56.78409465086832,82.67642642642653,74.57457457457447
2020-03-25T13:30:00Z,77.77,82.07,77.75,80.45,803897,669698.15,77.30440499010882,76.40118999999991,79.77216333476542,73.0302166652344,76.26084499999942,78.2759999999995,61.54729875029176,86.86726696905453,81.20175165234737
2020-03-25T14:30:00Z,80.43,81.74,79.91,80.84,455794,666012.5,77.47687303937181,76.58218999999993,80.4601964599855,72.70418354001436,76.31459499999941,79.1609999999995,62.54380331942075,86.81228398209538,85.45199245919191
2020-03-25T15:30:00Z,80.83,82.58,80.62,82.19,281521,663027.1,77.70678167159758,76.88418999999992,81.45871369801442,72.30966630198542,76.39284499999943,80.1659999999995,65.84353899286214,89.19037636018777,87.623309103779
2020-03-25T16:30:00Z,82.15,84.825,81.9072,84.29,542956,663776.2,78.02791427298307,77.26593999999992,82.86076203056503,71.6711179694348,76.55834499999942,81.29599999999951,70.23607990046737,92.99193467155594,89.6648650046128
2020-03-25T17:30:00Z,84.25,85.4699,82.9,83.285,438365,662852.15,78.28435747917902,77.60968999999992,83.76831543947085,71.45106456052898,76.68171999999943,82.2109999999995,65.87027923168264,90.83326967405212,91.00519356859839
2020-03-25T18:30:00Z,83.31,83.42,81.21,81.51,425434,634873.85,78.44170589482883,77.95668999999992,84.17292454059543,71.74045545940442,76.85046999999942,82.4229999999995,58.90594299455401,80.43392264940069,88.08637566500268
2020-03-25T19:30:00Z,81.645,81.74,78.74,79.16,769980,622435.75,78.47674463166645,78.19368999999992,84.21073675266001,72.17664324733983,77.07221999999942,82.0869999999995,51.18937416440295,60.17613603344773,77.1477761189666
2020-03-26T13:30:00Z,80,83.36,79.73,81.5,502184,611878.1,78.62422050329248,78.57318999999993,84.41657153672108,72.72980846327877,77.36146999999941,81.9489999999995,57.20147919874274,52.678979711597115,64.42967946481495
2020-03-26T14:30:00Z,81.52,82.65,81.4,81.71,412597,602090.3,78.77474633240016,78.97718999999992,84.50648775863944,73.4478922413604,77.78446999999943,81.43299999999951,57.704967824140425,51.45281590057991,54.76931054854136
2020-03-26T15:30:00Z,81.64,82.93,81.58,82.93,267519,566178.4,78.97744163325868,79.29718999999993,84.96205780990456,73.6323221900953,78.14371999999943,81.3619999999995,60.60452990025153,64.48891240227256,56.206902671482965
2020-03-26T16:30:00Z,82.96,84.34,82.96,83.54,316696,547103.25,79.20000545602655,79.72418999999994,85.31601709529617,74.1323629047037,78.47421999999943,81.7679999999995,62.007024029113055,71.5429274854166,62.49488526275613
2020-03-26T17:30:00Z,83.54,83.93,83.08,83.71,273996,521974.15,79.4200051898789,80.16968999999992,85.53648197507201,74.80289802492783,78.66921999999943,82.6779999999995,62.408672572440494,77.91539956077519,71.31574648282123
2020-03-26T18:30:00Z,83.74,84.18,83.47,83.84,439186,500389.05,79.63561469281164,80.57718999999993,85.75589077371644,75.39848922628342,78.79721999999944,83.14599999999949,62.73312051650455,80.43148586011807,76.62993763543639
2020-03-26T19:30:00Z,83.84,84.99,82.72,84.63,865011,500396.35,79.87924324438181,80.92224999999993,86.21423117438918,75.63026882561068,78.92896999999942,83.72999999999949,64.72556336739686,83.47823339740945,80.608372939434
2020-03-27T13:30:00Z,82.5,83.9,81.02,82.485,423623,498803.45,80.00635333002172,81.18774999999992,86.22790523075383,76.14759476924601,79.01434499999942,83.64099999999951,55.97489856527473,75.32266234559701,79.7441272010413
2020-03-27T14:30:00Z,82.53,83.33,81.95,82.35,256464,481270.65,80.12067755782554,81.46749999999993,86.09680178321621,76.83819821678365,79.10434499999943,83.4029999999995,55.46663592169737,66.13624164108991,74.97904579469856
2020-03-27T15:30:00Z,82.35,82.35,81.17,81.78,304754,471356.25,80.20162011598039,81.73574999999992,85.74281660165431,77.72868339834554,79.16609499999943,83.01699999999951,53.26734978752881,51.48664913297382,64.31518437322002
2020-03-27T16:30:00Z,81.71,83.05,81.68,81.935,281471,465403.15,80.28617523227403,81.97424999999991,85.38872547217751,78.55977452782231,79.25084499999943,82.63599999999951,53.80376125373267,48.762487803186865,55.46179285908331
2020-03-27T17:30:00Z,81.89,82.74,81.76,82.35,403460,461322.5,80.3868496111875,82.15974999999992,85.21356642377208,79.10593357622776,79.32334499999942,82.1799999999995,55.28370278570831,50.13541677191844,50.12818456935949
2020-03-27T18:30:00Z,82.28,83.14,82.21,83.03,334574,439974.1,80.51578377649543,82.37574999999991,85.00452970741301,79.74697029258681,79.40909499999943,82.2889999999995,57.67628683309422,57.958234149095915,52.285379574733525
2020-03-27T19:30:00Z,83,83.16,81.37,81.72,477702,423664.35,80.57452603130052,82.43924999999992,84.93697951900391,79.94152048099592,79.42021999999943,82.16299999999951,51.91354550844861,54.74423320659066,54.27929470920146
2020-03-30T13:30:00Z,82.29,83.48,81.261,81.6992,613082,431528.75,80.62938817611513,82.48220999999992,84.89660126731602,80.06781873268383,79.53219999999943,82.1468399999995,51.82500379993897,41.19367065411383,51.29871266993325
2020-03-30T14:30:00Z,81.655,83.42,81.24,83.1,449644,439934.9,80.74990582606073,82.52770999999991,84.95263468990316,80.10278531009666,79.70594999999943,82.37983999999949,57.12818600307469,35.77798635520531,43.90529673863639
2020-03-30T15:30:00Z,83.22,83.34,82.73,83.23,262996,425936.9,80.87088602966752,82.47470999999992,84.78696707733802,80.16245292266181,79.87032499999943,82.5558399999995,57.59472361314811,41.72292191435784,39.564859641225446
2020-03-30T16:30:00Z,83.215,83.86,82.63,82.79,475998,427818.55,80.9645013452935,82.44995999999992,84.73745866048107,80.16246133951877,80.02982499999942,82.5078399999995,55.397379719256705,50.88161209068028,42.79417345341426
2020-03-30T17:30:00Z,82.83,83.07,82,82.99,423722,427732.95,81.0633061577182,82.52395999999992,84.78058797148816,80.26733202851167,80.24032499999942,82.7618399999995,56.21509432252348,49.95801847187255,47.52085082563667
2020-03-30T18:30:00Z,82.97,83.195,82.09,82.52,524162,415442.05,81.13436439392707,82.69195999999992,84.3400593785858,81.04386062141404,80.44282499999943,82.9259999999995,53.72250801137102,43.996641477749904,48.27875734676737
2020-03-30T19:30:00Z,82.605,83.49,82.13,83.12,760509,428358.3,81.23122466739405,82.77295999999993,84.33580275654903,81.21011724345082,80.67307499999941,82.9299999999995,56.38143672668764,53.44073607612654,49.13179867524945
2020-03-31T13:30:00Z,83.12,84.65,82.35,84.11,641819,439819.4,81.37165273239921,82.89295999999993,84.47928779768067,81.3066322023192,80.93507499999942,83.1059999999995,60.422147226543785,65.06093353407259,54.1661036959828
2020-03-31T14:30:00Z,84.15,84.5,83.46,84.07,368945,444890.7,81.50327942837974,82.94995999999992,84.617368204881,81.28255179511883,81.12357499999942,83.36199999999948,60.17957282956206,80.24425287356308,66.24864082792052
2020-03-31T15:30:00Z,84.06,84.75,83.72,84,363937,447252.75,81.62507067577585,82.97295999999992,84.68439842474814,81.26152157525169,81.3485749999994,83.5639999999995,59.72766788273517,82.14952352883374,75.81823664548959
2020-03-31T16:30:00Z,84.06,84.32,83.36,83.68,242920,445698.95,81.72531113061605,82.97145999999991,84.68036257232798,81.26255742767184,81.57057499999941,83.79599999999951,57.59833034283172,77.1604938271605,79.85142340985222
2020-03-31T17:30:00Z,83.7,84.025,83.115,83.18,325899,440034.6,81.79627156326893,82.93845999999992,84.60393814206576,81.27298185793408,81.7578249999994,83.80799999999951,54.33859693932974,67.80626780626801,75.70542838742053
2020-03-31T18:30:00Z,83.19,83.53,81.98,82.125,437500,418659.05,81.81230709676801,82.81320999999993,84.32024321519361,81.30617678480624,81.8677299999994,83.4109999999995,48.146925695653565,50.00000000000023,64.98892054447602
2020-03-31T19:30:00Z,82.12,84.5,82.1,83.91,1148107,454883.25,81.91463357985249,82.88445999999992,84.45604778364438,81.31287221635546,82.03610499999941,83.37899999999951,57.06177489122342,52.184235517568986,56.66350110794553
2020-04-01T13:30:00Z,82.87,86,82.7,85.3762,2184518,551285.95,82.08349047839627,83.03576999999993,84.92334342757644,81.14819657242342,82.25163499999941,83.6542399999995,62.729903390314504,62.725669755081555,54.96996842421671
2020-04-01T14:30:00Z,85.39,86.66,84.99,86.02,728321,572464.3,82.27551533310864,83.24776999999992,85.44978987377567,81.04575012622416,82.4917599999994,84.1222399999995,64.91968841545469,83.09604012545188,66.00198179936724
2020-04-01T15:30:00Z,85.99,86.71,84.8,84.93,750848,595933.15,82.40500239003018,83.39751999999993,85.62922289565898,81.16581710434087,82.68588499999939,84.47223999999952,58.637948650656305,78.5292030004753,74.78363762700269
2020-04-01T16:30:00Z,84.97,85,83.24,84.6,1079990,629759.65,82.51207544417504,83.51001999999993,85.74599960958787,81.27404039041198,82.8348849999994,84.9672399999995,56.84459950427142,68.02792384187738,76.55105565593463
2020-04-01T17:30:00Z,84.56,85.79,84.47,85.24,804046,653233.25,82.64514493470308,83.62051999999993,85.96641985602454,81.27462014397531,82.9981349999994,85.2332399999995,59.435680526726934,62.226920366455296,69.59468240293577
2020-04-01T18:30:00Z,85.2,85.57,83.76,84.635,775074,668101.85,82.74221103544927,83.76626999999993,85.9802511572127,81.55228884278716,83.1027599999994,85.0849999999995,56.01204625659007,60.14799154334042,63.467611917224154
2020-04-01T19:30:00Z,84.63,86.06,83.81,85.13,1413611,708128.3,82.85868854591516,83.93780999999993,86.01179286002885,81.86382713997101,83.21000999999941,84.9069999999995,58.13679279422456,63.883016208597645,62.085976039464235
2020-04-02T13:30:00Z,85.05,87.23,84.566,86.86,1673812,769336.7,83.05387447050467,84.12580999999993,86.51902596678877,81.73259403321109,83.32675999999941,85.2929999999995,64.57680496837845,71.89321789321792,65.30807521505177
2020-04-02T14:30:00Z,86.865,88.52,86.15,86.5,1470169,829695.35,83.2219781548703,84.28930999999993,86.85590583567291,81.72271416432694,83.38200999999941,85.6729999999995,62.42475611293929,76.22057510088233,70.66560306756575
2020-04-02T15:30:00Z,86.48,87.73,85.96,86.15,908957,851343.3,83.36480848877906,84.45730999999992,87.04909809776177,81.86552190223807,83.45363499999941,85.85499999999949,60.320068591381975,75.27566622979471,74.46315307463144
2020-04-02T16:30:00Z,86.15,86.7955,85.56,85.865,667469,863530.65,83.48676905030203,84.60105999999993,87.17018977361819,82.03193022638168,83.5625099999994,86.10099999999949,58.58786109337543,64.09276248725794,71.86300127264478
2020-04-02T17:30:00Z,85.88,87.02,85.585,86.91,724587,873551.9,83.65375592589706,84.82055999999993,87.39112130712616,82.2499986928737,83.7562599999994,86.4569999999995,62.8055308017738,66.1824668705403,68.5169651958641
2020-04-02T18:30:00Z,86.94,87.67,86.48,86.9,849879,878020.4,83.8121092953655,85.00955999999994,87.60789306442501,82.41122693557486,83.89125999999939,86.46499999999949,62.7396808285977,69.85076262063319,66.70866399281027
2020-04-02T19:30:00Z,86.88,87.12,84.02,84.24,2149405,953399.7,83.83298201266474,85.01605999999992,87.60599602115884,82.426123978841,83.9545099999994,86.0129999999995,48.2483955052701,58.869699745595085,64.96764307892265
2020-04-03T13:30:00Z,84.56,84.99,82.53,83.45,895127,979708.8,83.81429996326646,84.98505999999993,87.63372522491703,82.33639477508284,83.96750999999941,85.4729999999995,44.92926695214111,38.861922597477026,55.860794987901556
2020-04-03T14:30:00Z,83.43,83.49,81.86,82.68,537689,988396.4,83.75896825774127,84.91905999999993,87.72380511385423,82.11431488614564,83.9460099999994,84.83599999999952,41.90347180538385,18.043908321518817,38.59184355486344
2020-04-03T15:30:00Z,82.66,82.98,82.19,82.45,411680,996834.4,83.69511614760755,84.85755999999994,87.81790857300382,81.89721142699605,83.91450999999941,83.9439999999995,41.01493782588238,12.176700907919702,23.027510608971642
2020-04-03T16:30:00Z,82.4,82.9,82.15,82.1694,258958,993487.35,83.62069096967548,84.80702999999993,87.91119653491603,81.70286346508382,83.87274499999941,82.9978799999995,39.903265023196525,8.605605605605673,12.942071611681191
2020-04-03T17:30:00Z,82.14,82.53,81.51,82.45,358613,989543,83.56358409310594,84.82327999999993,87.87405936378494,81.77250063621491,83.81824499999941,82.63987999999951,41.607679982644335,8.971306541919974,9.917871018481575
2020-04-03T18:30:00Z,82.44,82.9,82.2,82.485,429812,953628.25,83.51097023490566,84.75202999999993,87.94790907726298,81.55615092273689,83.81824499999941,82.4468799999995,41.829292286271155,10.654587540464842,9.410499895996622
2020-04-03T19:30:00Z,82.5,83.48,81.0406,81.93,1378614,913333.05,83.43384973564197,84.57971999999994,87.98702585044578,81.1724141495541,83.80774499999941,82.29687999999949,39.283307489406916,13.06981505238466,10.898569711589618
2020-04-06T13:30:00Z,84.41,84.75,82.99,84.48,533185,903576.25,83.48488145585456,84.50271999999994,87.8453424253546,81.16009757464528,83.87524499999941,82.7028799999995,53.33673586685708,23.928334030826942,15.884245541225274
2020-04-06T14:30:00Z,84.46,84.8,84.0706,84.365,417571,886912.4,83.5278140677641,84.47446999999994,87.81171619236848,81.1372238076314,83.93599499999941,83.1419999999995,52.74382670936063,35.857611684754566,24.285253589321844
2020-04-06T15:30:00Z,84.38,84.44,83.81,84.36,291249,847475.35,83.56840850348293,84.46246999999994,87.79955035091812,81.12538964908175,83.98624499999941,83.5239999999995,52.716387966042866,48.584134394411215,36.12336003666403
2020-04-06T16:30:00Z,84.36,85.06,84.26,84.56,344689,824507.5,83.6167788203862,84.42846999999995,87.74697464945821,81.10996535054169,84.0244949999994,83.9389999999995,53.752777248853704,50.95173056943432,45.13115888286649
2020-04-06T17:30:00Z,84.56,85.14,84.55,84.935,259436,798725.6,83.68108229256248,84.44346999999996,87.76827927399921,81.11866072600071,84.10486999999941,84.5399999999995,55.71286627435751,53.967679327440436,51.16784809709512
2020-04-06T18:30:00Z,84.94,85.86,84.78,85.84,480350,752062.55,83.78639535146188,84.47896999999995,87.8472203215297,81.11071967847019,84.20838999999941,84.81199999999951,60.10714183231532,63.59247744187642,56.17062911291685
2020-04-06T19:30:00Z,85.85,86.49,85.65,86.09,900231,713383.5,83.89876630992715,84.44046999999995,87.7152835807216,81.16565641927829,84.2831399999994,85.1569999999995,61.25093386478268,76.78313803364489,64.7810982676537
2020-04-07T13:30:00Z,87.66,87.91,86.12,86.25,792150,679482.55,84.01346063627217,84.42796999999995,87.67301637693797,81.18292362306192,84.35863999999943,85.5349999999995,62.001828955128154,82.47996495391591,74.28519347647887
2020-04-07T14:30:00Z,86.24,86.68,85.17,86.3,361641,652116.75,84.12499914181987,84.43546999999995,87.69705286549207,81.17388713450784,84.44638999999941,85.8829999999995,62.24803138381888,81.68577722202231,80.31629340319417
2020-04-07T15:30:00Z,86.3082,87.345,86.255,87.12,245811,631033.85,84.27109674465792,84.49821999999996,87.91213294535606,81.08430705464386,84.54963999999943,86.31999999999951,66.12456097283231,80.29910424005986,81.48828213866581
2020-04-07T16:30:00Z,87.13,87.44,86.94,87.21,332476,611428.3,84.41445787906486,84.51321999999996,87.97173343765932,81.0547065623406,84.66688999999943,86.59399999999951,66.53078200523791,84.95744412418362,82.31410852875506
2020-04-07T17:30:00Z,87.21,87.23,86.16,86.51,168318,577350.25,84.51667944593974,84.49371999999995,87.90222062615022,81.08521937384968,84.75163999999943,86.67799999999951,60.45820620365471,85.97645597383575,83.74433477935953
2020-04-07T18:30:00Z,86.45,87.19,86.15,86.39,234063,481583.15,84.6080609363817,84.60121999999994,88.10521091301378,81.0972290869861,84.80863999999943,86.7059999999995,59.4563249117096,82.43417668694991,84.45602559498955
2020-04-07T19:30:00Z,86.42,87.35,86.02,86.37,301932,451923.4,84.69400918338748,84.74721999999994,88.29028976483416,81.20415023516573,84.86613999999943,86.7199999999995,59.28000446790046,75.39727851641356,81.26930372573287
2020-04-08T13:30:00Z,86.58,87.39,86,87.345,281742,439126.05,84.8233258085881,84.98046999999994,88.56247133842542,81.39846866157446,84.94976499999942,86.7649999999995,64.7656766169253,77.59719491246805,78.47621670527697
2020-04-08T14:30:00Z,87.38,87.64,86.83,87.47,240201,430552.1,84.95243186670575,85.23146999999994,88.77232100342805,81.69061899657184,85.04451499999942,86.8169999999995,65.40906688144553,81.39566395663967,78.13004579517356
2020-04-08T15:30:00Z,87.5,87.63,86.85,87.16,194844,427346.4,85.06011811711035,85.48099999999994,88.82123292602297,82.1407670739769,85.14401499999943,86.9469999999995,62.36746074554803,84.9799532241898,81.32427069776563
2020-04-08T16:30:00Z,87.18,87.55,86.9,86.97,171337,417982.6,85.15328308700741,85.70699999999994,88.79874449139783,82.61525550860205,85.26513999999943,87.0629999999995,60.51021111471936,80.24805233375234,82.20788983819371
2020-04-08T17:30:00Z,87,87.03,86.23,86.75,215551,407269.55,85.23117171690949,85.92024999999994,88.66220090220207,83.1782990977978,85.33613999999943,87.1389999999995,58.34370467719969,71.47172048097694,78.89990867963948
2020-04-08T18:30:00Z,86.76,87.02,86.005,86.5368,325135,354595.6,85.29486090145049,86.15058999999994,88.19941318799975,84.10176681200012,85.36515499999942,86.97735999999949,56.24214188721038,61.61543944241416,71.1117374190476
2020-04-08T19:30:00Z,86.55,86.99,86.07,86.78,453601,350616.4,85.36730671113584,86.26558999999995,88.18022669025721,84.35095330974268,85.38415499999942,86.83935999999952,58.096361441303166,57.1938776303414,63.42701251791061
2020-04-09T13:30:00Z,86.88,87.75,85.63,86.08,645573,362016.5,85.40207223742189,86.35133999999994,88.06039285631849,84.64228714368139,85.41290499999943,86.62335999999951,51.35144021115541,47.97121786529359,55.59351164601617
2020-04-09T14:30:00Z,86.09,86.26,84.93,85.57,597052,377306.65,85.41026383559644,86.41183999999994,87.90690926451113,84.91677073548875,85.43715499999942,86.34335999999952,47.06422142787242,38.90849245934704,48.024529318327126
2020-04-09T15:30:00Z,85.61,86.05,85.41,85.41,306724,375408.4,85.41025096556734,86.45433999999993,87.7745223759235,85.13415762407637,85.44140499999943,86.0753599999995,45.77309784416875,24.995876628731377,37.291862317790454
2020-04-09T16:30:00Z,85.42,85.9708,84.96,85.87,363792,380626.2,85.43267774773479,86.50108999999993,87.65899806875561,85.34318193124426,85.47227999999943,85.94199999999951,50.018409154986955,24.349881796690074,29.418083628255953
2020-04-09T17:30:00Z,85.9,86.03,85.44,85.715,297479,371482.65,85.44644956491845,86.49483999999993,87.66820027957972,85.32147972042013,85.48690499999942,85.72899999999952,48.636697640042534,26.06382978723393,25.13652940421825
2020-04-09T18:30:00Z,85.725,86.32,85.07,85.85,851430,369042.6,85.4661349519956,86.48283999999994,87.67723649433864,85.28844350566123,85.46165499999942,85.68299999999952,49.93392995429259,31.264775413711458,27.22616233254495
2020-04-09T19:30:00Z,85.86,86.48,85.53,85.91,426950,350782.6,85.48778690555679,86.46583999999993,87.68248013812587,85.24919986187399,85.44690499999942,85.75099999999952,50.53191739464938,31.73758865248205,29.688731284475608
2020-04-13T13:30:00Z,84.88,86.25,84.47,85.63,398724,352636.75,85.49472412967597,86.43233999999993,87.70117779329757,85.16350220670228,85.43390499999943,85.79499999999953,47.670447052743334,34.247246727786184,32.416536931326355
2020-04-13T14:30:00Z,85.605,86.41,85.25,86.39,256649,353178.65,85.53839612335031,86.39583999999994,87.62482479473309,85.16685520526678,85.44702999999944,85.89899999999952,55.102163482141854,42.88473735801177,36.28985757942646
2020-04-13T15:30:00Z,86.42,87.28,86.18,86.86,475029,360306.3,85.6028646051381,86.37833999999992,87.56985006109778,85.18682993890206,85.44577999999942,86.1279999999995,58.98177236789584,55.589430894308926,44.24047166003542
2020-04-13T16:30:00Z,86.88,87.05,86.04,86.26,550789,379429.85,85.63491999025331,86.36583999999993,87.55680818836167,85.1748718116382,85.42977999999943,86.20999999999951,52.718985255508436,61.99186991869927,53.48867939033979
2020-04-13T17:30:00Z,86.25,86.49,85.69,85.92,174576,376455.5,85.64882633219217,86.34233999999994,87.54891952315074,85.13576047684913,85.47177999999943,86.2119999999995,49.510781367178254,57.21544715447164,58.2655826558264
2020-04-13T18:30:00Z,85.92,86.32,85.66,85.79,180505,370384.15,85.65571285257305,86.31333999999993,87.5435160141124,85.08316398588745,85.53027999999942,86.24399999999952,48.30047467128745,46.34146341463431,55.182926829268204
2020-04-13T19:30:00Z,85.81,86.59,85.46,86.17,454650,379029.55,85.68080003049631,86.25458999999994,87.39071128564329,85.11846871435658,85.61752999999942,86.19999999999952,51.99459250189687,45.42682926829281,49.66124661246605
2020-04-14T13:30:00Z,87.19,87.72,86.4,86.53,504109,392224.95,85.7222244192526,86.20758999999994,87.20842036309273,85.20675963690715,85.71952999999942,86.13399999999952,55.256402610030804,51.819262038774376,47.86251824056696
2020-04-14T14:30:00Z,86.54,87.635,86.53,87.25,385786,401772.05,85.79675005733783,86.21208999999993,87.23066114414941,85.19351885585046,85.84654499999942,86.33199999999951,60.968532481408445,66.91744840525337,54.72117990410664
2020-04-14T15:30:00Z,87.25,88.585,87.22,88.4,274016,406906,85.9237378594189,86.28358999999993,87.64724050350011,84.91993949649975,85.99529499999942,86.8279999999995,67.99630008134062,81.47577655232591,66.73749566545101
2020-04-14T16:30:00Z,88.41,88.75,88.31,88.57,248517,408554.3,86.05282381749603,86.37458999999993,88.05638819707701,84.69279180292284,86.14741999999941,87.3839999999995,68.88809477256461,92.27903559857553,80.2240868520514
2020-04-14T17:30:00Z,88.58,89.794,88.58,89.51,442208,414407.95,86.22146655810599,86.52324999999993,88.69141575706108,84.35508424293879,86.33691999999942,88.05199999999951,73.31583318924405,95.32143672362132,89.69208295817405
2020-04-14T18:30:00Z,89.535,89.82,89.05,89.73,335973,408526.55,86.3926145308813,86.67074999999994,89.25094044841256,84.09055955158732,86.46816999999942,88.69199999999952,74.23985693021112,96.2592714821031,94.61991460143311
2020-04-14T19:30:00Z,89.74,89.94,89.42,89.62,525655,402530.65,86.55004796839928,86.84774999999995,89.71164328538555,83.98385671461435,86.59954499999942,89.16599999999951,72.88092394523937,95.7111101717556,95.7639394591598
2020-04-15T13:30:00Z,87.98,89.11,87.53,88.08,575995,401477.8,86.62467977481883,86.97324999999994,89.82211692389856,84.12438307610131,86.69254499999941,89.10199999999952,57.1177199525717,84.26960566253179,92.07999577212996
2020-04-15T14:30:00Z,88.06,88.39,87.46,87.65,331731,402728.15,86.67469539555937,87.08524999999995,89.85449443668031,84.31600556331958,86.76979499999942,88.91799999999952,53.62977954782369,67.79166284989275,82.5907928947265
2020-04-15T15:30:00Z,87.64,87.84,87.1,87.575,443963,406736.7,86.71861269333696,87.17049999999995,89.88936906637304,84.45163093362686,86.83579499999942,88.53099999999952,53.021604566088,52.144967128642634,68.06874521368884
2020-04-15T16:30:00Z,87.56,88.9,87.56,88.79,234863,403605.9,86.81965597658882,87.32424999999995,90.044278078914,84.6042219210859,86.90954499999941,88.34299999999953,60.780863790031574,56.80803571428592,58.91488856427356
2020-04-15T17:30:00Z,88.79,89.09,88.4,89,286530,375360.9,86.92601422163327,87.48174999999995,90.20686885063431,84.75663114936559,86.98229499999943,88.21899999999953,61.9506252451037,66.85267857142873,58.60189380478556
2020-04-15T18:30:00Z,88.96,89.39,88.925,89,387707,373398.75,87.02718425960238,87.63624999999993,90.33768087087017,84.93481912912969,87.05104499999942,88.40299999999952,61.9506252451037,77.45535714285727,67.03869047619044
2020-04-15T19:30:00Z,88.985,89.0588,88.175,88.58,492000,378062.55,87.10293136889007,87.78374999999996,90.34964726023344,85.21785273976647,87.10804499999942,88.58899999999952,57.94202875150205,73.20587839655639,72.50463803694726
2020-04-16T13:30:00Z,89.11,89.62,88.165,88.32,463106,388385.4,87.16230057040762,87.88024999999995,90.37335744856358,85.38714255143631,87.13804499999942,88.73799999999952,55.54591456148772,64.36414888950422,71.67512814297243
2020-04-16T14:30:00Z,88.32,89.29,88.07,89.215,380356,383651.75,87.26243224989993,87.99799999999995,90.50962377757484,85.48637622242505,87.18816999999942,88.82299999999952,61.45495239824964,62.84880683719039,66.80627804108346
2020-04-16T15:30:00Z,89.2046,89.56,88.81,88.88,215685,366896.55,87.34133799380724,88.12899999999993,90.53546338016855,85.72253661983132,87.24741999999942,88.79899999999952,58.32958940511735,63.213518648548195,63.47549145841406
2020-04-16T16:30:00Z,88.855,89.03,88.33,88.93,246270,370481.25,87.41883370142641,88.27949999999994,90.48241829173993,86.07658170825995,87.31091999999941,88.78499999999953,58.66745626341022,67.19483568075138,64.41905372216313
2020-04-16T17:30:00Z,88.91,89.36,88.88,89.15,314819,377196.95,87.5032808379422,88.44749999999993,90.35851674510913,86.53648325489074,87.38041999999942,88.89899999999953,60.19669166880608,66.43192488262933,65.6134264039761
2020-04-16T18:30:00Z,89.13,89.61,89.1,89.58,235119,366220.4,87.60458421170112,88.61799999999994,90.27776323615248,86.9582367638474,87.43629499999942,89.15099999999953,63.072516205297916,74.64788732394392,69.42488262910801
2020-04-16T19:30:00Z,89.58,90.58,89.57,90.34,559324,368981.15,87.7380191282035,88.80849999999994,90.33518300576387,87.28181699423601,87.50804499999941,89.37599999999952,67.53691356060595,84.20349684312792,75.09443634990019
2020-04-17T13:30:00Z,92.76,93.3,90.39,90.96,783731,388878.4,87.89518892682773,88.99399999999993,90.61669097492252,87.37130902507734,87.60304499999941,89.79199999999952,70.65384411797473,80.89515215132104,79.91551210613075
2020-04-17T14:30:00Z,90.96,91.085,90.45,90.67,261260,388240.6,88.03054556454344,89.10749999999993,90.86044751778073,87.35455248221913,87.69554499999941,90.1399999999995,67.39433856242827,70.98071931776056,78.69312277073631
2020-04-17T15:30:00Z,90.69,91.24,90.57,90.62,251543,388391.9,88.15686041505352,89.20999999999994,91.06217439786097,87.3578256021389,87.79229499999943,90.43399999999951,66.82194893152501,57.71627140234542,69.8640476238088
2020-04-17T16:30:00Z,90.61,91.2349,90.6,90.64,242328,378397.9,88.2779891752948,89.26649999999994,91.21810472434727,87.3148952756526,87.89487499999942,90.64599999999952,66.94289113729465,53.34344301360392,60.68014457790309
2020-04-17T17:30:00Z,90.65,90.775,90.31,90.33,175069,370352.7,88.37808726430481,89.29649999999994,91.29359814483149,87.29940185516838,87.98362499999942,90.64399999999952,63.1032126084566,48.553973657737224,53.20456269122865
2020-04-17T18:30:00Z,90.31,90.73,89.86,90.61,253590,356749.45,88.48696105628994,89.34599999999993,91.42030132817986,87.27169867182,88.09687499999943,90.57399999999953,65.05297475706885,46.972594008922975,49.62333689342117
2020-04-17T19:30:00Z,90.622,91.09,90.34,91,328814,344390.4,88.60954832183677,89.49199999999993,91.60009250273478,87.38390749726508,88.23262499999943,90.63999999999953,67.61962238777393,49.26704907584457,48.26453891416805
2020-04-20T13:30:00Z,89.7,91.08,89.05,90.9676,456121,350609.9,88.72457523296669,89.65787999999993,91.6804713018911,87.63528869810877,88.37156499999944,90.70951999999953,67.17820491792801,53.330783938814655,49.85680900786053
2020-04-20T14:30:00Z,90.97,91.71,90.57,91.3516,248897,340856.6,88.85272278257807,89.84670999999993,91.75833448396187,87.93508551603799,88.50860499999942,90.85183999999953,69.70257697503895,57.40772230579156,53.335185106816716
2020-04-20T15:30:00Z,91.365,91.73,91.16,91.28,250264,341626.65,88.97112654928158,89.97120999999993,91.91539209221352,88.02702790778633,88.64772999999943,91.04183999999952,68.64246825377765,58.51878639587701,56.41909754682754
2020-04-20T16:30:00Z,91.28,91.485,90.7648,90.88,117087,333154.5,89.0642423273654,90.06520999999992,91.99420717151006,88.13621282848979,88.77347999999941,91.09583999999953,62.888050865830536,55.133928761103654,57.020145820923865
2020-04-20T17:30:00Z,90.88,91.215,90.42,90.45,130416,320289.95,89.13184026261587,90.13770999999993,92.0092556947898,88.26616430521005,88.88697999999943,90.98583999999953,57.32461877919153,45.8487273565982,53.16714750452608
2020-04-20T18:30:00Z,90.47,90.81,89.9,90.14,278277,309603.8,89.18101878639071,90.21570999999992,91.94575515770383,88.485664842296,88.99972999999943,90.82031999999954,53.64040655779484,34.61236802413281,45.198341380611346
2020-04-20T19:30:00Z,90.15,90.2,89.9,89.95,338701,303383.55,89.21853006510335,90.29720999999992,91.80115957617959,88.79326042382026,89.08872999999942,90.53999999999954,51.45753090129556,26.58823529411778,35.683110224949395
2020-04-21T13:30:00Z,89.25,89.89,87.2,87.64,603514,314541.45,89.14152859851295,90.21845999999992,92.06642519926298,88.37049480073686,89.10822999999942,89.81199999999953,33.57051205079742,18.845517898108543,26.68204040545284
2020-04-21T14:30:00Z,87.69,87.77,86.1,86.245,373399,322427.15,89.00023452053671,90.08670999999993,92.56560591707576,87.6078140829241,89.10785499999943,88.88499999999952,27.380664929051918,11.154994441834416,18.862915878020043
2020-04-21T15:30:00Z,86.28,86.99,86.11,86.78,188801,319553.7,88.89193039758369,89.97920999999994,92.81081212029896,87.14760787970091,89.12935499999942,88.15099999999953,32.51949810344959,8.122221830125422,12.707578056689258
2020-04-21T16:30:00Z,86.78,87.32,86.64,87.19,181794,312902.45,88.80890940257962,89.88120999999992,92.9468217183511,86.81559828164875,89.16435499999942,87.56099999999954,36.2430267602042,11.33806986382487,10.205095378594699
2020-04-21T17:30:00Z,87.18,87.63,87.01,87.38,175600,309926.5,88.7392065048928,89.77120999999994,93.0243069871303,86.51811301286958,89.19460499999943,87.04699999999953,37.95170648424749,18.05802249851989,12.50610473082319
2020-04-21T18:30:00Z,87.39,87.45,86.585,87,279716,295946.1,88.65436716319071,89.60420999999994,93.05997338421477,86.1484466157851,89.20635499999942,86.91899999999951,35.88057780867328,19.360568383659018,16.252220248667722
2020-04-21T19:30:00Z,87.01,87.39,86.53,87.22,441876,278853.35,88.58439803327897,89.41720999999993,92.96286688239731,85.87155311760255,89.20560499999941,87.11399999999952,37.99045926672216,19.538188277087087,18.98559305308846
2020-04-22T13:30:00Z,89.88,89.88,88.28,89.1121,347981,283189.4,88.61013959263121,89.33931499999993,92.8396198537499,85.83901014624996,89.22340749999941,87.58041999999952,52.47479397144113,29.79336885731207,22.897375172685855
2020-04-22T14:30:00Z,89.11,89.67,88.99,89.27,196152,280419.85,88.6423279051858,89.27181499999993,92.72244380779529,85.82118619220458,89.24090749999941,87.99641999999952,53.451950751960155,43.23327412670219,30.854943753700244
2020-04-22T15:30:00Z,89.3,89.99,89.29,89.873,283291,282468,88.70236069029869,89.23346499999994,92.63917416567797,85.8277558343219,89.24998249999942,88.49501999999953,57.08112974822897,59.95712989121265,44.3279242917421
2020-04-22T16:30:00Z,89.85,90.57,89.7502,90.485,314383,289433.7,88.78931870540607,89.24121499999993,92.65755878264129,85.82487121735856,89.26885749999943,89.19201999999952,60.45134339552045,70.6995839395167,57.96332931914365
2020-04-22T17:30:00Z,90.5,90.52,89.9115,90,148179,284163.15,88.84837632953261,89.21071499999994,92.58830590198684,85.83312409801303,89.27835749999942,89.74801999999951,56.65453377647767,79.53193112418484,70.06288165163785
2020-04-22T18:30:00Z,90.01,90.275,89.86,90.03,274067,281425.8,88.9060165085798,89.16221499999993,92.46261629699194,85.86181370300793,89.32710749999941,89.9315999999995,56.835129518361164,85.4834203674428,78.57164514371458
2020-04-22T19:30:00Z,90.035,90.65,90.025,90.11,540738,285656.65,88.9647474106003,89.11933499999994,92.34626391542128,85.8924060845786,89.38860749999942,90.09959999999951,57.34549599440087,86.28462632993906,83.76665927385535
2020-04-23T13:30:00Z,90.65,91.88,89.5104,91.49,519111,299167.35,89.08793046374174,89.12625499999993,92.3728359372302,85.87967406276965,89.48648249999943,90.4229999999995,65.02717557437249,89.7679754582753,87.17867405188552
2020-04-23T14:30:00Z,91.54,91.8,90.91,91.07,272802,300294.25,89.1846167825836,89.11575499999995,92.33565440867334,85.89585559132657,89.54348249999943,90.53999999999951,61.40279086162475,89.11544501267021,88.389348933628
2020-04-23T15:30:00Z,91.09,91.12,90.52,91.03,158162,302348,89.27463547611612,89.12325499999994,92.36021065338439,85.8862993466155,89.59423249999942,90.74599999999951,61.053773289672066,87.77553881295098,88.88631976129864
2020-04-23T16:30:00Z,91.04,91.29,90.04,90.99,498170,320735.7,89.35831179435435,89.15025499999994,92.43961098893949,85.8608990110604,89.64398249999942,90.9379999999995,60.68231844204552,84.47950242148401,87.12349541570154
2020-04-23T17:30:00Z,90.92,91.25,90.38,91.18,363923,325018,89.44717463365414,89.20225499999995,92.58413328609717,85.82037671390273,89.70898249999944,91.1519999999995,61.869041911462254,84.7975077881621,85.68418300753217
2020-04-23T18:30:00Z,91.19,91.6598,90.36,90.49,409554,328560.65,89.4980441637198,89.22925499999994,92.6430531284753,85.81545687152457,89.76323249999943,90.95199999999952,55.33688629935513,81.43302180685363,83.57001067216638
2020-04-23T19:30:00Z,90.45,90.85,89.29,90.32,587391,327754.5,89.5381395703676,89.36325499999995,92.72703149405744,85.99947850594246,89.79085749999943,90.80199999999951,53.828948114794514,72.53374870197302,79.58809276566272
2020-04-24T13:30:00Z,90.39,91,89.24,89.875,285870,323378.05,89.55457178644724,89.54475499999994,92.59285228223705,86.49665771776283,89.81573249999943,90.5709999999995,49.98888762254109,53.769398541898,69.24538968357467
2020-04-24T14:30:00Z,89.89,90.61,89.69,90.11,295766,328726.3,89.58166584564493,89.71125499999995,92.48886807276071,86.9336419272392,89.84523249999943,90.3949999999995,51.93877506649704,40.08134983048487,55.46149902478508
2020-04-24T15:30:00Z,90.12,90.201,89.0866,89.33,262864,332779.8,89.56938946293054,89.81825499999995,92.35342049794522,87.28308950205468,89.84973249999942,90.0249999999995,45.58571164268328,24.096926228820617,39.31589153373429
2020-04-24T16:30:00Z,89.28,89.42,89.01,89.125,157168,331858.2,89.54771192815345,89.90550499999995,92.20848499599867,87.60252500400122,89.83835749999943,89.7519999999995,44.060314180724625,15.224969985778094,26.467748681694314
2020-04-24T17:30:00Z,89.12,89.78,89.06,89.67,160710,325907.9,89.55367719995084,90.03900499999995,91.92450984538483,88.15350015461506,89.82160749999943,89.6219999999995,48.950990543180545,11.905626727410377,17.075840980669486
2020-04-24T18:30:00Z,89.66,90.245,89.63,90.2,251024,316365.3,89.58520514141665,90.18800499999995,91.55991992519421,88.81609007480569,89.80260749999944,89.6869999999995,53.23304373723003,22.82229965156792,16.650965454918587
2020-04-24T19:30:00Z,90.21,90.87,90.15,90.8,327609,315346.7,89.6444634272012,90.27239999999996,91.57511015965352,88.9696898403464,89.80585749999943,89.8249999999995,57.57192830892216,42.276422764227654,25.66811638106844
2020-04-27T13:30:00Z,91.29,91.38,90.54,90.795,323418,321710,89.70058716245968,90.34864999999996,91.58455392428652,89.1127460757134,89.81023249999944,90.11799999999951,57.52403313483667,55.93708241229882,40.345268276031256
2020-04-27T14:30:00Z,90.79,90.8125,89.02,89.435,656258,340358.35,89.68763169112019,90.32674999999996,91.61019955103927,89.04330044896065,89.78010749999945,90.1799999999995,46.25277572080936,47.46225964610749,48.558588274211104
2020-04-27T15:30:00Z,89.43,89.6286,89.3,89.61,453664,347322.4,89.68384477935822,90.28299999999996,91.60107587037304,88.96492412962688,89.76210749999944,90.16799999999951,47.67355971331658,34.22021977177686,45.87318727672751
2020-04-27T16:30:00Z,89.6,90.46,89.6,90.39,230724,351449.65,89.7182913754871,90.30249999999997,91.61477855276841,88.99022144723152,89.75660749999945,90.20599999999949,53.5654481006447,30.253855636903285,37.312111684929
2020-04-27T17:30:00Z,90.37,90.47,90.085,90.39,159824,345737.5,89.75105764985358,90.32049999999997,91.62719774625168,89.01380225374825,89.74135749999945,90.1239999999995,53.5654481006447,42.267340931390905,35.580472113356805
2020-04-27T18:30:00Z,90.4,90.52,90.23,90.38,184107,327905.95,89.78173776449486,90.33399999999997,91.63729428758425,89.0307057124157,89.72666749999945,90.0409999999995,53.47591856388818,53.988237203688726,42.169811257327424
2020-04-27T19:30:00Z,90.385,90.98,90.37,90.91,430141,323457.45,89.83677494671463,90.30499999999996,91.52741564128583,89.0825843587141,89.71562749999944,90.3359999999995,57.52771633262618,63.351361921112975,53.20231335206398
2020-04-28T13:30:00Z,91.24,91.41,89.34,89.74,530724,336353.55,89.8320542176066,90.23849999999996,91.43156789415418,89.04543210584573,89.67712749999944,90.3619999999995,47.659962147066125,56.13045007032334,57.823349731708134
2020-04-28T14:30:00Z,89.73,89.75,88.455,88.97,398899,348390.4,89.7900027923575,90.13549999999995,91.39148527063992,88.87951472935998,89.62937749999945,90.07799999999949,42.4939243935186,42.671177008146024,54.05099633319389
2020-04-28T15:30:00Z,88.96,89.06,88.35,88.545,343423,340653.05,89.72927094882786,90.01324999999994,91.38351375200813,88.64298624799176,89.58175249999945,89.7089999999995,39.92177263999175,18.07243455757939,38.95802054534937
2020-04-28T16:30:00Z,88.53,89.13,88.405,88.91,113252,328119.5,89.68930651229967,89.89974999999995,91.24037103148672,88.55912896851319,89.55100249999944,89.4149999999995,43.10683860772147,14.033763533614371,24.92579169977972
2020-04-28T17:30:00Z,88.91,89.31,88.84,89.08,120998,313691.7,89.659584243407,89.82924999999996,91.18649085926518,88.47200914073474,89.52925249999944,89.0489999999995,44.58052300301063,16.176470588235457,16.09422289314286
2020-04-28T18:30:00Z,89.1,89.135,88.53,88.78,172691,292956.7,89.61667769494812,89.75224999999996,91.16306705052791,88.34143294947201,89.55775249999945,88.85699999999949,42.488929776673174,18.73638344226595,16.315539188038382
2020-04-28T19:30:00Z,88.73,88.79,87.8928,87.92,416366,299481.5,89.5339129293409,89.65449999999996,91.2733264267857,88.03567357321421,89.59962749999946,88.6469999999995,37.11336304671001,12.89394638783545,15.935600139445407
2020-04-29T13:30:00Z,89.04,89.05,87.97,88.62,390728,304229.6,89.48933181083646,89.57999999999996,91.24461406940584,87.91538593059407,89.64562749999945,88.6619999999995,43.391286584812214,11.833722457480926,14.488017429193897
2020-04-29T14:30:00Z,88.6564,88.955,88.6,88.95,177351,299953.95,89.46302294201517,89.56099999999996,91.24515438723714,87.87684561276279,89.68962749999945,88.66999999999949,46.12196156262427,17.168960157701473,13.965543001005742
2020-04-29T15:30:00Z,88.95,89.09,88.735,88.875,374808,310835.95,89.43433889606321,89.54849999999996,91.2490443246369,87.84795567536302,89.72700249999944,88.62899999999948,45.58377968931282,26.21972023200298,18.40746761572825
2020-04-29T16:30:00Z,88.88,89.38,88.85,89.275,225184,314059.65,89.42656626698695,89.52874999999996,91.23236343915144,87.82513656084848,89.78387749999945,88.7279999999995,49.00168874725427,32.42730960233545,25.27199666401309
2020-04-29T17:30:00Z,89.28,89.83,89.12,89.34,276199,315318.4,89.42234352225589,89.48574999999997,91.16262588987685,87.80887411012309,89.83687749999945,89.01199999999949,49.556159095581144,36.123431517495234,31.590153783944345
2020-04-29T18:30:00Z,89.37,90.03,89.265,89.79,325363,315206.1,89.44027798458487,89.43524999999995,91.00839168149668,87.86210831850323,89.85382499999943,89.2459999999995,53.338535428332776,44.79510216460094,37.781947761477
2020-04-29T19:30:00Z,89.78,89.95,89.23,89.29,437123,320891.35,89.43294735119048,89.35999999999996,90.80449299065721,87.9155070093427,89.85432499999943,89.31399999999948,48.9469215704069,44.937260699799396,41.95193146063165
2020-04-30T13:30:00Z,88.98,88.99,87.3,87.43,414349,308795.9,89.33524260235191,89.25974999999997,90.9301435913569,87.58935640864304,89.79324999999943,89.0249999999995,36.806469786646204,32.809106811154244,40.84715655851799
2020-04-30T14:30:00Z,87.43,88.8,87.42,88.61,226616,297443.5,89.2998649144323,89.20974999999996,90.89501400010657,87.52448599989334,89.74637499999943,88.89199999999948,45.963423853327356,30.82401127436977,36.19012626177426
2020-04-30T15:30:00Z,88.58,88.74,88.21,88.465,143327,293073.65,89.25913979665512,89.11349999999996,90.7368887396598,87.49011126034011,89.70799999999943,88.71699999999949,45.09863028970917,31.807081807082017,31.813399964201803
2020-04-30T16:30:00Z,88.46,89.02,88.3,88.65,174874,293826.15,89.22942566023292,89.02649999999997,90.55037368244315,87.50262631755679,89.67349999999944,88.48899999999949,46.482155568886704,46.70329670329688,36.444796594916006
2020-04-30T17:30:00Z,88.67,88.79,88.33,88.68,128592,291050.4,89.20262440851424,88.94149999999996,90.33825015663302,87.5447498433669,89.63774999999944,88.36699999999948,46.71664845031086,47.55799755799782,42.022792022792025
2020-04-30T18:30:00Z,88.66,88.73,88.3327,88.595,175939,278340.3,89.17298419346477,88.82574999999996,89.89641930004575,87.75508069995416,89.56537499999943,88.59999999999948,46.10031281692422,49.145299145299354,47.8021978021978
2020-04-30T19:30:00Z,88.6,88.64,87.59,87.79,598320,281720.1,89.10552154988112,88.72824999999996,89.8032815111908,87.65321848880912,89.48337499999944,88.4359999999995,40.63286460361903,38.64468864468887,45.11599511599513
2020-05-01T13:30:00Z,87.59,88.11,86.26,86.54,388856,281217.95,88.980374157204,88.60674999999996,90.03596053384618,87.17753946615375,89.37112499999944,88.05099999999948,33.90802259351095,24.270557029177866,37.35351493972181
2020-05-01T14:30:00Z,86.57,86.86,86.04,86.75,438421,285967.85,88.8715754178282,88.51699999999997,90.15991326613913,86.8740867338608,89.26512499999944,87.67099999999948,35.82949463367528,14.390086622391626,25.76844409875258
2020-05-01T15:30:00Z,86.75,87.21,86.02,86.02,219043,291257.4,88.73247417793414,88.37249999999997,90.32998690929121,86.41501309070874,89.13612499999945,87.13899999999947,32.31270136696362,8.407180639485542,15.689274763684798
2020-05-01T16:30:00Z,86.02,86.32,85.81,85.995,294427,299928.85,88.59893885218125,88.21824999999997,90.40158981552274,86.0349101844772,89.02374999999944,86.61899999999947,32.1961514548759,7.392790823821014,10.063352695232512
2020-05-01T17:30:00Z,85.96,86.62,85.86,86.34,218683,302228.45,88.48874671305046,88.09624999999997,90.40923265234441,85.78326734765552,88.92424999999943,86.32899999999947,35.64583391214565,5.6477093206951645,7.149226928000359
2020-05-01T18:30:00Z,86.35,86.355,86.06,86.21,204593,291639.8,88.3775883368041,88.01074999999997,90.46554586728513,85.55595413271482,88.83262499999944,86.26299999999948,34.9247805575781,8.868321236959185,7.302940460491572
2020-05-01T19:30:00Z,86.19,86.76,86.05,86.21,404124,292309.6,88.27185232037462,87.89024999999997,90.4480312162203,85.33246878377963,88.73512499999944,86.15499999999948,34.9247805575781,11.560712214994746,8.692247590882817
2020-05-04T13:30:00Z,86.77,87.28,86.06,86.5,539096,310396.85,88.18542049986854,87.76774999999996,90.34537773690204,85.19012226309789,88.66437499999944,86.25099999999948,38.16105048906716,14.539407347208929,11.656146933054073
2020-05-04T14:30:00Z,86.53,87.94,86.41,87.33,605441,321928.5,88.14369267060667,87.69049999999996,90.22297290213632,85.1580270978636,88.61949999999943,86.51799999999946,46.38007173967023,27.10280373831769,17.734307766840242
2020-05-04T15:30:00Z,87.35,87.76,87.3,87.5702,273510,324344.8,88.11571741838195,87.60525999999996,90.0311870264482,85.17933297355172,88.56700499999944,86.76403999999945,48.51280634109201,41.22741433021809,27.62320847191469
2020-05-04T16:30:00Z,87.58,87.73,87.3,87.58,261089,323589.3,88.0895848613877,87.51725999999996,89.80907346920841,85.22544653079152,88.50150499999943,87.03803999999947,48.6026296897539,53.860963014070926,40.73039369420202
2020-05-04T17:30:00Z,87.59,88.18,87.495,88.11,309095,322775.9,88.09058072180783,87.43325999999996,89.49757191869075,85.36894808130917,88.43425499999942,87.41803999999948,53.343287740993816,64.33266246925517,53.14034660451451
2020-05-04T18:30:00Z,88.11,88.64,87.82,88.49,333052,317572.35,88.11006458903671,87.39325999999997,89.33975091897146,85.44676908102848,88.37662999999944,87.81603999999948,56.44517770390368,77.62091436171424,65.2715132816799
2020-05-04T19:30:00Z,88.48,88.97,88.305,88.96,556255,324667.65,88.15152485298614,87.46975999999997,89.53278757558962,85.40673242441031,88.36475499999942,88.14203999999947,59.98839039353551,91.05010474485927,77.66789385860935
2020-05-05T13:30:00Z,88.78,89.65,88.44,88.95,369466,331810.15,88.19047486015755,87.48675999999996,89.59225742760256,85.38126257239736,88.34825499999943,88.41799999999947,59.876779589656515,92.05134142674667,86.90745351110651
2020-05-05T14:30:00Z,88.93,89.19,88.52,89.04,240365,336662.05,88.23191511088157,87.51550999999998,89.68828089625876,85.3427391037412,88.31450499999941,88.70999999999947,60.58750227622331,88.52298699015468,90.54147772058666
2020-05-05T15:30:00Z,89.045,89.53,88.8,89.505,221182,338977.45,88.29401681278979,87.55825999999996,89.84907289014227,85.26744710985766,88.29237999999941,88.98899999999946,64.12348230935041,87.36979166666661,89.31470669452244
2020-05-05T16:30:00Z,89.5,89.62,89.35,89.5,219654,343530.55,88.35284526094638,87.59925999999996,89.99582220817389,85.20269779182603,88.27037999999942,89.19099999999948,64.0569329742026,92.12691934183515,89.33989933288528
2020-05-05T17:30:00Z,89.51,89.77,89.43,89.47,323842,350925.7,88.40734061407095,87.64300999999996,90.14050637990536,85.14551362009456,88.23437999999942,89.29299999999947,63.630229630452405,94.73388618771328,91.4101990654048
2020-05-05T18:30:00Z,89.47,89.63,88.97,89.055,320551,337037.25,88.43893375484798,87.70625999999996,90.2784007149783,85.13411928502161,88.21725499999943,89.31399999999947,57.88584143394566,89.58575670742674,92.1488540789915
2020-05-05T19:30:00Z,89.03,89.21,88.63,88.97,408016,337995.25,88.4648394253432,87.82775999999996,90.39763045152958,85.25788954847033,88.21725499999943,89.29999999999947,56.7556681324559,83.71723714846068,89.34562668120002
2020-05-06T13:30:00Z,89.41,89.73,88.145,88.62,222754,327211.9,88.47240823386305,87.92125999999995,90.46340095943755,85.37911904056234,88.21912999999942,89.12299999999945,52.23341454501733,74.99667903274133,82.7665576295427
2020-05-06T14:30:00Z,88.61,88.91,88.11,88.3107,223927,327456.1,88.46452002733315,88.03579499999995,90.42689984461721,85.64469015538269,88.20414749999944,88.88513999999947,48.55172712154616,61.70983184861052,73.47458267660396
2020-05-06T15:30:00Z,88.33,88.39,87.7,87.985,296092,327539.35,88.44112880648763,88.13529499999996,90.33650570276,85.93408429723992,88.17677249999943,88.58813999999947,44.958130988424564,44.80854379538604,60.505018225579086
2020-05-06T16:30:00Z,88,88.09,87.59,87.816,198454,326527.9,88.41063471836628,88.20909499999996,90.25831822599275,86.15987177400717,88.15267249999944,88.34033999999947,43.1725248855557,27.587237324079485,44.70187098935847
2020-05-06T17:30:00Z,87.82,88.15,87.52,87.79,327702,332683.35,88.38035985405573,88.28809499999996,90.13476870966016,86.44142129033975,88.14942249999943,88.10433999999948,42.89029191805076,17.947561210719314,30.114447443394734
2020-05-06T18:30:00Z,87.795,88.04,87.46,87.59,553969,340175.6,88.3418057148335,88.35709499999996,89.9772589885981,86.73693101140182,88.12367249999944,87.89833999999946,40.68687846682634,10.57919857919889,18.704665704665683
2020-05-06T19:30:00Z,87.57,87.6,86.41,86.63,782357,352338.65,88.25830299703674,88.36359499999996,89.95468689236263,86.77250310763729,88.06567249999944,87.56219999999948,32.14930422418631,8.058441558441872,12.19506711611981
2020-05-07T13:30:00Z,90.04,93.67,89.99,92.78,2538586,448995.9,88.47887358254714,88.63609499999995,91.0695722055535,86.20261779444641,88.16329749999943,88.52119999999948,72.279442193768,33.30545716909369,17.31436576891127
2020-05-07T14:30:00Z,92.77,93.7,92.05,93.6416,1108533,490747.05,88.73071389559362,88.93966499999996,92.15478272119518,85.72454727880475,88.27246249999943,89.68631999999947,74.55041680632858,64.49585616196167,35.28658496316553
2020-05-07T15:30:00Z,93.69,93.7499,92.79,93.16,1134687,534426.95,88.94677663239393,89.21866499999996,92.85433903395194,85.58299096604797,88.36796249999944,90.76031999999947,71.04677150504031,92.9676850675499,63.589666132868196
2020-05-07T16:30:00Z,93.17,94.1365,93.16,93.56,973465,567645.45,89.17181191861862,89.49116499999995,93.54637288383961,85.4359571161603,88.46221249999944,91.95431999999946,72.21476991364698,94.56689133398761,84.01014418783284
2020-05-07T17:30:00Z,93.57,94.09,93.39,93.93,910323,596509,89.40391865429575,89.76316499999996,94.22286901945598,85.30346098054393,88.57821249999944,93.41431999999948,73.28820251907646,93.94305039748541,93.82587559967408
2020-05-07T18:30:00Z,93.95,95.02,93.95,94.92,877776,612585.05,89.67299579311059,90.06116499999996,95.03341987894099,85.08891012105893,88.76546249999944,93.84231999999948,75.96393288451685,96.23486841408071,94.91493671518435
2020-05-07T19:30:00Z,94.925,95.4,94.71,95.29,907157,639469.6,89.94699599832471,90.37816499999997,95.81347254798202,84.94285745201792,88.93246249999945,94.17199999999949,76.89544406640512,98.31411928448824,96.16401269868457
2020-05-08T13:30:00Z,96.59,97.5172,95.03,95.61,572786,656090.65,90.22324009596741,90.70666499999996,96.55706682561473,84.85626317438519,89.11108749999946,94.66199999999947,77.70036881825712,93.48137797317503,96.01012189058112
2020-05-08T14:30:00Z,95.62,97.065,95.51,97.05,398003,664931.7,90.55625277421291,91.08391499999996,97.51949665989287,84.64833334010706,89.32108749999944,95.35999999999947,80.9214407840101,92.46643116486014,94.75397614084092
2020-05-08T15:30:00Z,97.06,97.64,96.92,97.22,623758,685136.9,90.8813136144952,91.46991499999997,98.38723223872395,84.55259776127599,89.53458749999945,96.01799999999949,81.26548659783904,91.62763102050924,92.52514671951458
2020-05-08T16:30:00Z,97.22,97.63,96.81,96.845,297234,683806.5,91.17222514549543,91.83866499999996,99.06941511884321,84.60791488115672,89.74083749999944,96.40299999999948,77.9271765137615,94.99149506503404,93.0285190834676
2020-05-08T17:30:00Z,96.84,96.915,96.31,96.915,345403,685049.1,91.45236050425176,92.23166499999996,99.66604651571106,84.79728348428887,89.96896249999945,96.72799999999947,78.10795977942237,94.2416147224696,93.6202469360041
2020-05-08T18:30:00Z,96.915,97.66,96.85,97.38,378217,683559.15,91.74151365038581,92.65216499999997,100.2505942101166,85.05373578988333,90.23996249999945,97.08199999999947,79.31966638032567,94.65864582302699,94.63058520351001
2020-05-08T19:30:00Z,97.38,98.77,97.37,98.58,852034,715023.15,92.07509835036699,93.15016499999997,100.92964345945656,85.37068654054339,90.53571249999945,97.38799999999948,82.07670068776106,96.29706012034187,95.06577355527928
2020-05-11T13:30:00Z,96.48,97.32,96.06,96.44,762754,741964.5,92.2880203820564,93.55662999999996,101.1289446054859,85.98431539451401,90.79621249999944,97.23199999999947,65.3457939182497,86.89149431729163,92.61573342021995
2020-05-11T14:30:00Z,96.43,96.59,95.98,96.53,309951,742657.45,92.49494621707804,93.98387999999997,101.20671544700033,86.7610445529996,91.05958749999944,97.16899999999947,65.66280744391017,75.23505928694357,86.14120457485882
2020-05-11T15:30:00Z,96.55,96.99,96.48,96.97,185366,742003.05,92.71324152356203,94.44157999999996,101.18741045491541,87.69574954508451,91.32533749999945,97.17999999999947,67.24060944505652,65.26120849170728,75.7959206986473
2020-05-11T16:30:00Z,96.97,97.14,96.55,97.05,215006,736368.25,92.92479071753462,94.90457999999997,101.00054753653201,88.80861246346792,91.59633749999945,97.11399999999946,67.53272557901538,66.16199476656418,68.88608751507147
2020-05-11T17:30:00Z,97.08,97.36,96.81,96.91,208940,719116.8,93.11919117033781,95.37057999999996,100.50827617303841,90.23288382696151,91.86383749999945,96.77999999999946,66.41658473176184,65.78498888712276,65.73606404846454
2020-05-11T18:30:00Z,96.88,97.46,96.78,97.01,204548,690226.35,93.30898672300427,95.88957999999995,99.14172849083789,92.63743150916201,92.12658749999943,96.89399999999947,66.83818383595073,62.03025815470448,64.65908060279693
2020-05-11T19:30:00Z,97,97.07,96.64,96.66,294540,578024.05,93.47245078529674,96.08357999999996,99.0179858421534,93.14917415784652,92.35983749999944,96.91999999999946,63.81841591345509,53.881307462565495,60.565518168130716
2020-05-12T13:30:00Z,96.18,96.61,95.57,96.06,478360,546515.4,93.5986726982091,96.20449999999995,98.91737836071982,93.49162163928008,92.57208249999944,96.73799999999946,58.90515195045834,39.03476655004183,51.64877738910374
2020-05-12T14:30:00Z,96.04,96.665,96.02,96.305,276740,503618.05,93.73068866415012,96.36174999999994,98.68748058415275,94.03601941584714,92.79020749999944,96.58899999999946,60.25086144160055,27.807601114902308,40.241225042503025
2020-05-12T15:30:00Z,96.3,96.43,95.61,96.42,418255,475857.55,93.86187458297206,96.50474999999994,98.4432919134154,94.5662080865845,92.99795749999944,96.49099999999947,60.89812031199555,22.13413854805749,29.658835404333686
2020-05-12T16:30:00Z,96.43,96.52,95.5173,95.53,236864,442184.6,93.9432465545344,96.58474999999996,98.19611735416153,94.97338264583838,93.17395749999943,96.19499999999947,53.6209632116446,16.640564953730944,22.19410153889672
2020-05-12T17:30:00Z,95.52,95.9819,95.5,95.97,172170,406904.3,94.04211257626443,96.63724999999994,98.08872674803087,95.18577325196901,93.34920749999944,96.05699999999948,56.39517590703593,13.775344515402567,17.516682672396808
2020-05-12T18:30:00Z,95.97,95.98,95.22,95.33,287972,375945.05,94.10493635303202,96.63924999999995,98.0833873722982,95.19511262770169,93.50870749999943,95.91099999999946,51.56375832850944,5.954041698501075,12.123317055878003
2020-05-12T19:30:00Z,95.35,95.395,94.55,94.63,497818,372196.65,94.13054921385972,96.59024999999994,98.22471466773482,94.95578533226507,93.64845749999942,95.57599999999947,46.83738514059541,6.74027370926062,8.823219974387895
2020-05-13T13:30:00Z,94.39,94.53,93.5,94.03,633311,383962.05,94.12564437415925,96.43924999999994,98.40112990205077,94.47737009794912,93.76158249999943,95.09799999999947,43.183621884866696,6.410523608868341,6.368279672209819
2020-05-13T14:30:00Z,94.05,94.375,93.26,93.38,281267,366837.5,94.0892714778588,96.24724999999995,98.58207435100869,93.91242564899122,93.85858249999944,94.66799999999947,39.581284110449836,6.3300407114839645,6.493612676537449
2020-05-13T15:30:00Z,93.375,93.48,91.88,92.16,406547,372303.15,93.99516067406081,96.01299999999995,98.92874587371047,93.09725412628943,93.92583249999944,93.90599999999947,33.870248051610986,7.086300795978196,6.60895503877664
2020-05-13T16:30:00Z,92.16,92.7,91.74,92.28,303126,370189.3,93.91149429971638,95.78124999999996,99.08444220604156,92.47805779395836,94.00645749999944,93.29599999999947,34.86574644127606,5.771874481551902,6.396071996337827
2020-05-13T17:30:00Z,92.26,92.29,91.66,91.66,209722,361764.55,93.80166530948631,95.49524999999994,99.16535010082347,91.82514989917641,94.07370749999944,92.70199999999946,32.17108331010964,4.819493529171023,5.89255626890018
2020-05-13T18:30:00Z,91.64,92.09,91.5,92.09,267523,332539,93.71816944073088,95.17074999999996,98.84014269499097,91.50135730500894,94.16045749999945,92.31399999999947,35.87284885723044,6.677673015195549,5.756347008639298
2020-05-13T19:30:00Z,92.07,92.91,92.01,92.78,351117,311957.15,93.67240507776839,94.98774999999995,98.74958794840495,91.22591205159495,94.27218999999945,92.19399999999946,41.39948391346543,11.79154913584801,7.762905226738002
2020-05-14T13:30:00Z,92.54,93.03,92.16,92.75,497753,321347.25,93.62740970812115,94.79874999999996,98.61114278538383,90.98635721461608,94.39131499999945,92.31199999999947,41.23309605433545,19.858667561146483,12.775963237396487
2020-05-14T14:30:00Z,92.73,94.185,92.67,93.96,418721,333015,93.64363362479817,94.64824999999995,98.34169997936401,90.95480002063589,94.54491499999945,92.64799999999947,49.967404738315366,32.66250904738579,21.437575248126567
2020-05-14T15:30:00Z,93.96,93.97,93.27,93.46,302912,337410.3,93.63467588700314,94.46874999999996,98.02422447607894,90.91327552392097,94.68666499999945,93.00799999999947,46.86757710582815,37.41638801361186,29.979188207381185
2020-05-14T16:30:00Z,93.42,93.79,93.3,93.48,288716,341399.1,93.62713072178347,94.29724999999995,97.69244288849026,90.90205711150963,94.83391499999945,93.28599999999946,47.0091877841487,44.075167087142056,38.051354716046376
2020-05-14T17:30:00Z,93.48,93.77,93.17,93.54,387762,350559.8,93.62288044267208,94.12374999999994,97.29389333273113,90.95360666726876,95.00666499999946,93.43799999999946,47.46158434281514,42.91907716113187,41.47021075396174
2020-05-14T18:30:00Z,93.545,94.59,93.32,94.52,449534,358309.5,93.66664237229783,94.01674999999994,96.97460441664442,91.05889558335546,95.05016499999945,93.79199999999946,54.3211056361694,55.74956948366887,47.581271243980744
2020-05-14T19:30:00Z,94.52,95.07,94.325,94.9,701853,369484.15,93.72680615901501,93.95874999999995,96.79714721498722,91.12035278501268,95.08162499999945,93.97999999999948,56.68277794897194,72.76970373087207,57.14611679189074
2020-05-15T13:30:00Z,94.99,95.67,93.73,95.39,772123,394253.3,93.80793756589233,93.91299999999994,96.62535027237627,91.20064972762361,95.13737499999945,94.36599999999946,59.58445865357541,88.6862562031799,72.40184313924009
2020-05-15T14:30:00Z,95.41,95.61,94.98,95.14,513186,398999.85,93.87291622121465,93.84899999999996,96.37576789595879,91.32223210404113,95.17687499999946,94.69799999999945,57.469250228797904,91.93787826881366,84.46461273428835
2020-05-15T15:30:00Z,95.09,95.775,94.74,95.58,331443,403728.8,93.9561886006676,93.85149999999996,96.38500567397247,91.31799432602745,95.21812499999945,95.10599999999945,60.150518076370865,92.00471201985776,90.87628216395025
2020-05-15T16:30:00Z,95.57,97.02,95.53,96.72,645956,427418.1,94.09100866892771,93.88899999999995,96.56501868454886,91.21298131545105,95.26312499999946,95.54599999999945,66.11159992863841,92.43132724941326,92.12463917936138
2020-05-15T17:30:00Z,96.76,96.97,96.38,96.83,375285,431783.75,94.22461800215075,93.96399999999994,96.87143460804548,91.05656539195441,95.30162499999946,95.93199999999946,66.63031283974692,95.52059496567506,93.31887807831517
2020-05-15T18:30:00Z,96.815,96.87,96.45,96.68,471067,430446.2,94.34439273375315,94.06649999999995,97.19663913429902,90.93636086570088,95.32837499999945,96.18999999999946,65.16551700974546,94.77892042002964,94.24361421170579
2020-05-15T19:30:00Z,96.68,97.67,96.64,97.35,809912,439276.25,94.49100772235056,94.23249999999994,97.67394664350104,90.79105335649885,95.33587499999946,96.63199999999946,68.49691524411972,94.65464045474907,94.98471861348439
2020-05-18T13:30:00Z,98.2,100.74,98.07,100.685,1370687,493747.25,94.79315368711394,94.59774999999995,99.01267069578469,90.1828293042152,95.42249999999946,97.65299999999948,79.17361115871489,95.57480459820398,95.00278849099404
2020-05-18T14:30:00Z,100.685,101.14,100.1182,100.63,735802,510210,95.07787789749862,95.02124999999995,100.00755110904419,90.03494889095572,95.51712499999947,98.43499999999946,78.69990445390044,95.7039482348119,95.31113109592145
2020-05-18T15:30:00Z,100.63,101.35,100.63,101.23,617904,525948.9,95.3779814146938,95.46874999999994,100.97047688799346,89.96702311200643,95.62499999999946,99.31499999999946,80.09878886165724,97.15082484797883,96.14319256033139
2020-05-18T16:30:00Z,101.24,102.5,101.235,102.44,505280,540726.8,95.72247012617215,96.00774999999996,102.00151882687794,90.01398117312198,95.75149999999947,100.46699999999946,82.58301966582613,97.16364142745287,96.67280483674767
2020-05-18T17:30:00Z,102.445,102.73,101.895,101.92,432996,549000.45,96.02478865660278,96.49924999999995,102.73464595776119,90.2638540422387,95.83499999999947,101.38099999999947,78.07263158956329,96.42735218124933,96.91393948556015
2020-05-18T18:30:00Z,101.9,102.055,101.54,102.05,536662,558277.7,96.31870140506118,96.96274999999994,103.39831017375815,90.52718982624174,95.97524999999946,101.65399999999946,78.39038835474283,94.39783121774299,95.9962749421482
2020-05-18T19:30:00Z,102.06,102.53,101.87,101.89,746143,570697.2,96.59047206822892,97.41974999999995,103.89177786999997,90.94772212999993,96.10924999999948,101.90599999999947,76.91308448854977,91.50108237887196,94.10875525928789
2020-05-19T13:30:00Z,98.41,99.2,97.33,98.2,2380980,668810.15,96.66898562587629,97.63174999999995,103.91149145566952,91.35200854433039,96.13999999999947,101.29999999999947,52.39110042837812,75.47174709127152,87.12355356262863
2020-05-19T14:30:00Z,98.22,99.02,98.16,98.995,1064166,706872.85,96.7824497416872,97.90849999999996,103.9101481902935,91.90685180970642,96.18862499999946,100.61099999999946,55.67035460585116,62.40828813795028,76.46037253603106
2020-05-19T15:30:00Z,98.995,99.76,98.975,99.35,785768,731725.45,96.90769609575123,98.20199999999996,103.8737258396414,92.53027416035852,96.24962499999947,100.09699999999945,57.09161930728207,49.87125110091321,62.58376211004481
2020-05-19T16:30:00Z,99.37,99.37,98.295,98.55,844163,754545.5,96.98780848132435,98.45249999999996,103.7055795729784,93.19942042702152,96.28812499999947,99.39699999999945,52.97009573617332,46.8276171621643,53.03571880034241
2020-05-19T17:30:00Z,98.54,99.52,98.34,99.33,642446,764191.1,97.10206172613779,98.69299999999996,103.63512241856216,93.75087758143775,96.35487499999947,98.88499999999945,56.283823996543475,44.362885504492375,47.020584589189774
2020-05-19T18:30:00Z,99.345,99.76,98.64,99.58,902020,774199.45,97.22293676388716,98.92699999999995,103.56224907637657,94.29175092362333,96.44287499999947,99.16099999999946,57.32178055739007,42.769654342295716,44.653385669650596
2020-05-19T19:30:00Z,99.57,99.64,96.15,98.59,3329560,902071.3,97.28962277540487,99.08699999999995,103.43484705343418,94.73915294656571,96.49999999999947,99.07999999999946,52.05131931819343,43.73926718324378,43.62393567667709
2020-05-20T13:30:00Z,99.14,99.8,98.18,99.21,955450,924184.5,97.38329971319,99.29049999999995,103.2433962799511,95.3376037200488,96.56974999999947,99.05199999999947,54.851059273866596,43.954162736261004,43.487694753933305
2020-05-20T14:30:00Z,99.215,99.46,99.1,99.37,367153,925970,97.48021192230269,99.47999999999995,103.04783547827664,95.91216452172326,96.66574999999946,99.21599999999947,55.5720183175102,44.174265450861164,43.955898456788454
2020-05-20T15:30:00Z,99.38,99.63,99.09,99.23,352003,911272.35,97.56556743828793,99.60549999999995,102.94547440110686,96.26552559889303,96.74724999999947,99.19599999999947,54.74821090287879,47.41641337386016,45.181613853660586
2020-05-20T16:30:00Z,99.23,99.54,98.57,98.59,502086,917612.4,97.61553975837144,99.69349999999994,102.82240092525451,96.56459907474537,96.82874999999947,98.99799999999946,51.02442848594008,44.27558257345493,45.28875379939189
2020-05-20T17:30:00Z,98.59,98.71,98.05,98.125,426410,915379.55,97.64039147747528,99.76574999999994,102.67176836712333,96.85973163287655,96.91612499999948,98.90499999999948,48.4461417003799,38.282230120087796,43.32474202246743
2020-05-20T18:30:00Z,98.11,98.42,97.8,98.38,539919,901879.9,97.67646994198867,99.81724999999994,102.58333473298586,97.05116526701403,97.02487499999947,98.73899999999948,49.94002146224302,34.330385926130575,38.96273287322424
2020-05-20T19:30:00Z,98.4,98.415,97.85,98.11,546784,860684.75,97.69761774969655,99.68849999999995,102.5199768231528,96.8570231768471,97.14312499999947,98.48699999999948,48.34269532553441,39.86924034869236,37.49395213163671
2020-05-21T13:30:00Z,98.77,98.8,97.5,97.93,530917,850440.5,97.70895346922354,99.55349999999996,102.44927986042563,96.65772013957428,97.28737499999947,98.22699999999949,47.257497248883716,45.80624382702798,40.00195670061677
2020-05-21T14:30:00Z,97.93,98.15,96.77,97.17,454749,842282.75,97.68266305609069,99.35049999999995,102.31610095091202,96.38489904908789,97.40962499999948,97.94299999999949,42.880614380366964,43.47031963470325,43.048601270141
2020-05-21T15:30:00Z,97.19,97.47,96.94,96.94,306424,832339.95,97.64643558993993,99.07549999999995,101.85855389815828,96.29244610184162,97.54162499999947,97.70599999999948,41.62418277146927,32.785388127853885,40.68731719652817
2020-05-21T16:30:00Z,96.9698,97.04,96.49,96.7,343097,827845,97.60026800018676,98.81449999999995,101.45708755768798,96.17191244231192,97.65687499999947,97.36999999999948,40.29733153947624,21.55251141552506,32.6027397260272
2020-05-21T17:30:00Z,96.7,97.055,96.25,96.275,322505,817137.15,97.53562078066545,98.52574999999995,100.94357603800408,96.10792396199581,97.74424999999948,97.00299999999949,37.98800488109934,13.378995433789918,22.572298325722755
2020-05-21T18:30:00Z,96.28,96.38,95.27,95.295,682347,813947.35,97.42632220599884,98.19599999999996,100.48398076916006,95.90801923083986,97.80787499999948,96.47599999999949,33.255468320326955,6.348342354874212,13.759949734729531
2020-05-21T19:30:00Z,95.295,95.57,93,94.39,1805184,785157.55,97.27820892765743,98.00549999999996,100.83159607056118,95.17940392943873,97.81862499999947,95.91999999999949,29.589472973485485,8.139236794842,9.288858194501842
2020-05-22T13:30:00Z,94.54,95.7,94.35,95.36,572541,760576.3,97.18463776045463,97.82374999999995,100.83350061259982,94.81399938740007,97.86612499999947,95.6039999999995,37.53744653587796,18.86294320750893,11.116840785741514
2020-05-22T14:30:00Z,95.38,96.01,94.795,95.07,627965,752686.15,97.08148469896905,97.60974999999995,100.76033006564545,94.45916993435445,97.90587499999947,95.27799999999948,36.22103809360816,29.086224233283072,18.696134745211133
2020-05-22T15:30:00Z,95.0685,95.73,95.05,95.69,435983,732277.15,97.01360739658031,97.46674999999996,100.69237129674774,94.24112870325219,97.95962499999948,95.16099999999948,40.98599925349724,35.98299823340297,27.97738855806479
2020-05-22T16:30:00Z,95.73,96.72,95.65,96.47,540046,727157.15,96.98708996260079,97.32374999999996,100.45858631949638,94.18891368050355,98.00837499999946,95.39599999999947,46.41038030669928,44.06026804495269,36.376496837212706
2020-05-22T17:30:00Z,96.49,96.53,96.05,96.05,304054,697258.85,96.94137825710807,97.14724999999996,100.14874042144659,94.14575957855332,98.03712499999948,95.72799999999947,44.061844545889045,51.18176385813209,43.74167671216238
2020-05-22T18:30:00Z,96.07,96.1474,95.72,95.995,354518,548506.75,96.89521346407841,97.01749999999996,99.98243423199165,94.05256576800826,98.05224999999947,95.85499999999948,43.749629011747594,54.68390804597707,49.97531331635375
2020-05-22T19:30:00Z,95.99,96.19,95.73,95.8,1136083,557538.4,96.8417884170502,96.84699999999995,99.6771243788984,94.0168756211015,98.06874999999947,96.00099999999948,42.59716044640666,50.83333333333339,52.233001745813986
2020-05-26T13:30:00Z,97.1,97.24,95.38,96.44,639421,571151.8,96.82218898207213,96.70049999999996,99.28580056280411,94.11519943719581,98.09024999999947,96.15099999999947,47.486556908289636,55.56996986943424,53.6957370829147
2020-05-26T14:30:00Z,96.44,96.59,95.45,95.59,387355,572919.4,96.76208220245886,96.51849999999996,98.86759578349576,94.16940421650416,98.06199999999947,95.97499999999948,42.329640487671696,57.67127100857385,54.69152473711362
2020-05-26T15:30:00Z,95.6,96.63,95.4,96.32,368158,566223,96.74051721697306,96.40499999999996,98.55357627280088,94.25642372719904,98.04924999999946,96.02899999999948,47.59337769162925,67.67994591640293,60.30706226480347
2020-05-26T16:30:00Z,96.31,96.76,96.09,96.4,232962,556550.6,96.72390662102316,96.31874999999997,98.31748678858278,94.32001321141715,98.04224999999946,96.10999999999949,48.1518817701179,72.14413349654593,65.8317834738407
2020-05-26T17:30:00Z,96.38,96.48,96.2,96.25,176364,538372.85,96.70078922487569,96.21224999999995,97.97315168664822,94.45134831335169,98.01474999999945,96.1999999999995,47.137520019412165,78.38050314465421,72.73486085253415
2020-05-26T18:30:00Z,96.25,96.29,95.755,95.78,316421,526854.7,96.65587267732079,96.09574999999997,97.63313828863305,94.55836171136689,97.89212499999945,96.0679999999995,44.0091785939052,74.13522012578635,74.88661892232862
2020-05-26T19:30:00Z,95.78,95.81,94.46,95.64,616657,531141.7,96.60631791257343,95.98124999999996,97.27730892999864,94.68519107000128,97.76737499999945,96.07799999999949,43.09178281154748,62.28455311092268,71.60009212712087
2020-05-27T13:30:00Z,95.66,96.8,95.65,96.23,569348,536871.65,96.58796094122839,95.93424999999995,97.11775443600413,94.75074556399576,97.64237499999946,96.0599999999995,48.01035435746486,57.95726022824777,64.79234448831873
2020-05-27T14:30:00Z,96.235,96.38,95.08,96.06,482109,545655.9,96.56220674897334,95.89024999999995,96.98285914788116,94.79764085211875,97.48287499999945,95.9919999999995,46.75638610268304,55.286566594475595,58.50945997788181
2020-05-27T15:30:00Z,96.05,96.5,95.06,96.38,295169,543259.5,96.55331861487707,95.87424999999996,96.92762683191927,94.82087316808065,97.34437499999946,96.0179999999995,49.433695641624425,63.42925659472448,58.89102780581573
2020-05-27T16:30:00Z,96.4,96.9,96.29,96.62,308407,542554.6,96.55657136537087,95.89149999999995,96.98123437131996,94.80176562867995,97.20862499999946,96.18599999999951,51.40724734285908,68.10551558753023,62.27377959224322
2020-05-27T17:30:00Z,96.62,96.83,96.37,96.63,363025,526588.5,96.56015324998693,95.95824999999995,97.05716435063898,94.85933564936091,97.07712499999946,96.38399999999952,51.49219909131575,74.94004796163087,68.82494004796165
2020-05-27T18:30:00Z,96.64,97.09,96.49,96.92,292456,450952.1,96.57770674998757,96.08474999999996,96.99947113238916,95.17002886761075,97.04512499999944,96.52199999999951,54.0035522773926,81.41486810551584,74.8201438848921
2020-05-27T19:30:00Z,96.91,98.17,96.75,97.2,631802,453915.15,96.60806251828086,96.17674999999994,97.1496645646184,95.20383543538148,97.00024999999945,96.74999999999952,56.35315163380018,80.1337366764272,78.82955091452442
2020-05-28T13:30:00Z,97.52,98.4,97.15,97.95,402463,442640.05,96.67352288324277,96.32074999999995,97.43767557945777,95.20382442054212,96.96524999999946,97.06399999999951,61.95864018619242,83.64077875849756,81.72979451347999
2020-05-28T14:30:00Z,97.99,98.11,97.69,98.04,304813,436081.55,96.74018030357239,96.43824999999995,97.74358242894175,95.13291757105816,96.95249999999945,97.34799999999952,62.57970048636953,84.43202393494518,82.73551312328976
2020-05-28T15:30:00Z,98.025,98.61,97.6,98.525,362838,427221.15,96.82724467900788,96.54099999999995,98.13234094399753,94.94965905600237,96.93237499999945,97.72699999999952,65.81828678942394,92.46447719813273,86.84575996385827
2020-05-28T16:30:00Z,98.54,99.83,98.5,99.5,725997,448318.3,96.95762298734896,96.71349999999994,98.74235706742824,94.68464293257163,96.93037499999946,98.24299999999953,71.21220312246079,94.2231666649015,90.37322259932625
2020-05-28T17:30:00Z,99.52,99.82,98.24,98.35,567416,458963.2,97.02554381723438,96.83124999999994,98.95096194978312,94.71153805021676,96.92437499999946,98.47299999999953,59.32166249133113,88.08201147233261,91.58988511178875
2020-05-28T18:30:00Z,98.39,99.66,98.39,99.34,781092,441213.65,97.13844411883271,97.00824999999995,99.3350359269929,94.68146407300699,96.92762499999945,98.75099999999952,64.7745416107112,85.72315332091875,89.34277715271742
2020-05-28T19:30:00Z,99.32,99.63,98.83,99.23,986205,458552.85,97.24047123498721,97.14774999999995,99.64949833867196,94.64600166132793,96.92412499999946,98.98899999999952,63.75195904588043,83.57869833573436,85.79462104299505
2020-05-29T13:30:00Z,99.27,100.3,97.45,97.645,740580,476214.1,97.26020434547564,97.25049999999995,99.65479802646239,94.8462019735375,96.88449999999946,98.81299999999953,51.20757109207584,75.87622583039179,81.72602582901476
2020-05-29T14:30:00Z,97.66,98.5,97.32,98.3,858057,500709.05,97.31092608472073,97.34949999999995,99.75544451308573,94.94355548691416,96.87724999999946,98.57299999999954,55.13626410164162,66.1951685950678,75.21669758706444
2020-05-29T15:30:00Z,98.28,99.34,98.06,99.3,554789,516800.4,97.40795408058801,97.49449999999993,100.00150000001264,94.98749999998722,96.90662499999947,98.76299999999954,60.381201833323665,62.07548875901845,68.04896106149248
2020-05-29T16:30:00Z,99.31,99.33,98.17,98.56,406005,528282.45,97.46415144251056,97.60999999999994,100.08971570952386,95.13028429047603,96.91112499999946,98.60699999999953,55.23512088812733,64.20653201601596,64.1590631233672
2020-05-29T17:30:00Z,98.55,99.38,97.98,98.91,418725,533397.65,97.53468064043687,97.76649999999995,100.15799346644661,95.37500653355329,96.93112499999945,98.54299999999952,57.09754264494854,64.76819844893323,63.683406407989004
2020-05-29T18:30:00Z,98.94,99.5,97.77,98.88,446159,524872.75,97.60030597504971,97.92849999999996,100.15512098257574,95.70187901742418,96.95487499999946,98.78999999999954,56.87910310470928,59.74741706904959,62.90738251133272
2020-05-29T19:30:00Z,98.86,100.4,98.36,100.02,1000594,546435.05,97.71833982992533,98.11799999999994,100.37899402919476,95.85700597080512,97.02612499999945,99.13399999999953,62.71626255913939,70.60825089171536,65.04128880323252
2020-06-01T13:30:00Z,99.82,101,99.315,100.4,499168,547288,97.84915252114848,98.33499999999995,100.5973372869799,96.07266271302001,97.11262499999945,99.35399999999953,64.44404686757625,77.33444816053508,69.23003870709981
2020-06-01T14:30:00Z,100.37,100.47,99.77,99.91,259337,545496.4,97.94968166645832,98.51149999999994,100.68527114712298,96.33772885287691,97.19287499999946,99.62399999999954,60.547638556472165,80.79459308807132,76.24576404677371
2020-06-01T15:30:00Z,99.88,100.3,99.63,99.83,150983,537625.2,98.04140451199693,98.67199999999994,100.73461339083738,96.6093866091625,97.28174999999945,99.80799999999954,59.91074774021806,74.0942028985508,77.4077480490522
2020-06-01T16:30:00Z,99.855,99.96,99.63,99.7212,171345,528041.2,98.12334575531415,98.82655999999994,100.7093850459514,96.9437349540485,97.39240499999946,99.97623999999954,59.00176348465756,67.94565217391305,74.27814938684486
2020-06-01T17:30:00Z,99.73,100.14,99.52,100.14,143895,520613.15,98.2217191331037,98.98755999999995,100.73666745057525,97.23845254942464,97.53615499999945,100.00023999999954,61.427753533162296,70.02898550724642,70.68961352656989
2020-06-01T18:30:00Z,100.135,100.26,99.6,99.86,244654,501255.75,98.30163527295231,99.12055999999995,100.70226067764293,97.53885932235698,97.64865499999945,99.89223999999953,58.91757426629379,70.3007246376812,69.42512077294668
2020-06-01T19:30:00Z,99.86,99.92,99.5,99.68,337323,497998.75,98.36887257671073,99.20705999999996,100.7105228407954,97.7035971592045,97.76390499999945,99.84623999999954,57.29662906139796,69.92753623188419,70.0857487922704
2020-06-02T13:30:00Z,98.66,100.5,98.51,99.84,456840,505600.1,98.4406348900419,99.29705999999996,100.72384565792157,97.87027434207835,97.86765499999946,99.84823999999954,58.39242095657269,67.2101449275364,69.1461352657004
2020-06-02T14:30:00Z,99.85,100.17,98.93,99.2,351608,505038.6,98.47767709052766,99.33080999999996,100.7142223982578,97.94739760174211,97.93590499999945,99.74399999999955,52.58031186378944,58.96038049086933,65.36602055009644
2020-06-02T15:30:00Z,99.2,99.41,99,99.28,330007,485239.1,98.51681479342875,99.31980999999996,100.70116337392271,97.93845662607721,98.01665499999946,99.57199999999952,53.20728682860811,53.1666442320637,59.77905655015628
2020-06-02T16:30:00Z,99.305,99.59,99.095,99.45,220839,467910.25,98.5623360230176,99.37480999999995,100.68298458454743,98.06663541545248,98.10302999999945,99.48999999999953,54.58154239798355,47.67801857585155,53.268347766261336
2020-06-02T17:30:00Z,99.45,99.94,99.4117,99.775,148310,436271.15,98.6214903633582,99.39655999999995,100.71611164872448,98.07700835127542,98.20240499999946,99.50899999999953,57.17121102572023,53.611971104231344,51.485544637382
2020-06-02T18:30:00Z,99.81,100.02,99.68,99.96,217273,397824.55,98.68678351636513,99.43305999999995,100.77240014860087,98.09371985139904,98.29040499999945,99.53299999999953,58.61764967485341,58.23091597085412,53.1736352169788
2020-06-02T19:30:00Z,99.97,100.5,99.9,100.45,416445,381617.8,98.77279407654244,99.57330999999996,100.70580876982287,98.44081123017706,98.41190499999945,99.78299999999953,62.25383562998342,66.86400353265962,59.568963535914826
2020-06-03T13:30:00Z,100.91,101.69,100.44,101.455,434465,360438.2,98.90363338988183,99.73105999999994,100.98281915960732,98.47930084039257,98.54027999999946,100.21799999999953,68.38897195364486,77.0425900284959,67.37916984400302
2020-06-03T14:30:00Z,101.44,101.79,101.17,101.685,201991,342798.3,99.0393098098876,99.85030999999995,101.34578066291989,98.35483933708001,98.67240499999944,100.66499999999954,69.60649889110105,89.10682998907735,77.67114118341077
2020-06-03T15:30:00Z,101.67,102.35,101.53,102.09,316002,338298.15,99.18812396550284,100.02680999999995,101.69476856772756,98.35885143227235,98.81840499999944,101.12799999999953,71.67529293053893,94.21267001585117,86.78736334447461
2020-06-03T16:30:00Z,102.07,102.09,101.48,101.65,161526,325438.2,99.30821547938075,100.16380999999996,101.89138229187513,98.43623770812478,98.96515499999944,101.46599999999953,66.38828105049977,90.5995934959351,91.30636450028767
2020-06-03T17:30:00Z,101.655,101.66,101.1734,101.41,138928,310076.65,99.4107415535573,100.29030999999995,101.99367763608328,98.58694236391662,99.10940499999944,101.65799999999953,63.63117177556304,83.50694444444463,89.43973598541011
2020-06-03T18:30:00Z,101.405,101.61,101.32,101.575,144549,267274.4,99.51631513631061,100.36805999999994,102.15488770116843,98.58123229883145,99.24302999999945,101.68199999999953,64.7160891331259,79.0364583333335,84.38099875790421
2020-06-03T19:30:00Z,101.575,101.805,101.1,101.27,421498,263390.9,99.6018607394174,100.41155999999994,102.24122645967533,98.58189354032454,99.37327999999945,101.59899999999953,61.08842669996242,75.7378472222223,79.42708333333327
2020-06-04T13:30:00Z,101.54,101.6914,100.75,101.3768,341392,267493.65,99.68844314237265,100.48489999999994,102.34559597088437,98.6242040291155,99.49819999999946,101.45635999999953,61.89392552592987,74.4121893274855,76.39549829434691
2020-06-04T14:30:00Z,101.4,101.44,100.22,100.55,239582,271923.6,99.73047030615935,100.52089999999994,102.35722085869129,98.68457914130859,99.59644999999946,101.23635999999954,52.7842237682522,63.22917212184697,71.12640289051807
2020-06-04T15:30:00Z,100.53,100.93,100.46,100.64,166328,271672.75,99.77483760829791,100.56683999999994,102.36644142966782,98.76723857033207,99.69669999999945,101.08235999999954,53.58505444518441,55.09265138451983,64.24467094461725
2020-06-04T16:30:00Z,100.652,100.7132,100.07,100.08,213287,275142.35,99.78972357862484,100.56383999999994,102.36647514490781,98.76120485509207,99.77569999999945,100.78335999999953,48.116440560981715,38.82617952357782,52.38266767664802
2020-06-04T17:30:00Z,100.075,100.65,100.075,100.19,186204,272219.85,99.80924925771632,100.58033999999994,102.36283195949545,98.79784804050442,99.85044999999946,100.56735999999954,49.212859891440026,29.770335149940312,41.2297220193458
2020-06-04T18:30:00Z,100.21,100.25,99.79,100.11,235684,267137.9,99.82392002563259,100.60183999999994,102.3504251725513,98.85325482744858,99.90444999999946,100.31399999999954,48.411591036979964,18.115189220600723,28.90390129803943
2020-06-04T19:30:00Z,100.12,100.33,99.97,100.18,352420,261916.9,99.84128978047978,100.61883999999993,102.34392082873318,98.8937591712667,99.95794999999944,100.23999999999954,49.191119576431205,15.611832865168445,21.165785745236303
2020-06-05T13:30:00Z,101.29,102.49,100.96,101.87,545929,271632.95,99.94025125460273,100.75233999999993,102.43015815035687,99.07452184964299,100.04157499999944,100.48599999999955,63.52226961537897,34.923804012345755,22.88360869937145
2020-06-05T14:30:00Z,101.86,102.72,101.56,102.62,295282,269896.7,100.07097070559772,100.91933999999995,102.642009877153,99.1966701228469,100.11957499999944,100.99399999999955,67.85546091559185,62.952814251253734,37.82948370958912
2020-06-05T15:30:00Z,102.6048,102.965,102.24,102.38,307965,274253,100.18360628093441,101.06583999999994,102.76191076080856,99.36976923919131,100.22032499999943,101.43199999999955,65.18691226243976,85.06629030112238,60.98096952157377
2020-06-05T16:30:00Z,102.37,102.83,102,102.61,228385,278256.75,100.30196695015712,101.20758999999994,102.92220838776298,99.4929716122369,100.30207499999945,101.93199999999956,66.544774046296,88.99357716804167,79.00422724013907
2020-06-05T17:30:00Z,102.64,102.67,101.35,101.5,327852,283785.7,100.36040758673482,101.28458999999994,102.90385056447532,99.66532943552455,100.35882499999944,102.19599999999954,55.32864748796607,74.75065616797885,82.93684121238077
2020-06-05T18:30:00Z,101.495,101.57,100.863,101.28,347459,280336.4,100.40526575323557,101.32608999999994,102.8995612884787,99.75261871152118,100.44969999999944,102.07799999999955,53.4072656754966,63.202099737532706,75.64877769118421
2020-06-05T19:30:00Z,101.28,101.42,100.5,101.22,623813,289803.8,100.44500888722408,101.31433999999993,102.88729489626,99.74138510373986,100.52269999999945,101.79799999999955,52.86804058859741,48.60892388451432,62.187226596675096
2020-06-08T13:30:00Z,100.74,101.5,100.44,101.18,441277,301768.1,100.48086211223753,101.28908999999993,102.85362460673406,99.7245553932658,100.56969999999944,101.55799999999955,52.487571264371425,45.24934383202094,52.35345581802246
2020-06-08T14:30:00Z,101.19,101.77,100.95,101.71,243407,298138.35,100.54082005798205,101.27008999999994,102.80419110998818,99.7359888900117,100.64844999999944,101.37799999999956,56.91224137948862,49.76377952755892,47.87401574803119
2020-06-08T15:30:00Z,101.705,102.36,101.59,102.16,276491,303886.6,100.61980444539756,101.29558999999993,102.8705143968108,99.72066560318906,100.72969999999944,101.50999999999955,60.29334367308576,59.632545931758386,51.54855643044588
2020-06-08T16:30:00Z,102.14,103.83,102.13,103.78,558834,324881.9,100.77396032610987,101.41408999999993,103.32617225128281,99.50200774871705,100.85219999999944,102.00999999999954,69.55530918010558,77.96016215794793,62.452162539088214
2020-06-08T17:30:00Z,103.77,105.11,103.74,104.78,695827,352445.8,100.96937689556793,101.57433999999992,103.98556995703231,99.16311004296753,100.97119999999944,102.72199999999955,73.64240884596315,89.06834600338841,75.55368469769805
2020-06-08T18:30:00Z,104.76,104.76,103.99,104.0098,300915,346416.65,101.11769021773534,101.71132999999993,104.33939647185292,99.08326352814694,101.06144499999945,103.28795999999954,66.26389619813327,90.3848998193755,85.80446932690376
2020-06-08T19:30:00Z,103.99,104.52,103.99,104.47,486724,353683.25,101.28121752418728,101.86598999999993,104.74882271933585,98.983157280664,101.17544499999944,103.83995999999954,68.30718360458022,86.22927547749805,88.56084043342047
2020-06-09T13:30:00Z,102.17,103.06,101.77,102.16,916919,387550.1,101.3240849620318,101.94648999999991,104.7670796418451,99.12590035815472,101.23369499999946,103.83995999999954,51.45920929415938,67.2405563563547,81.28491055107588
2020-06-09T14:30:00Z,102.21,102.37,102,102.04,537238,406095.6,101.35900764681074,102.01648999999992,104.77266334862759,99.26031665137225,101.29166499999944,103.49195999999954,50.75880841860084,52.46252676659537,68.64411953348251
2020-06-09T15:30:00Z,102.03,102.65,102,102.39,293247,410093.6,101.4092999567224,102.13198999999993,104.7437008889905,99.52027911100936,101.34791499999946,103.01395999999954,52.77765181833133,37.61598857958611,52.43969056751186
2020-06-09T16:30:00Z,102.4009,102.81,102.28,102.8,217593,411663.05,101.47713898322375,102.26248999999993,104.7298560465513,99.79512395344855,101.42141499999946,102.77199999999952,55.09996737189369,42.18415417558896,44.08755650725661
2020-06-09T17:30:00Z,102.79,103.06,102.79,102.83,288858,414321.75,101.54313220355431,102.39848999999994,104.66822172151772,100.12875827848215,101.50016499999946,102.44399999999953,55.27329295028325,47.82298358315492,42.54104211277646
2020-06-09T18:30:00Z,102.82,103.535,102.79,103.5,376658,415533.65,101.63858916923459,102.56448999999994,104.63808189998016,100.4908981000197,101.59166499999947,102.71199999999953,59.0731123218639,55.74589578872237,48.584344515821876
2020-06-09T19:30:00Z,103.5,103.54,102.7,103.19,488215,412647.95,101.7142677463451,102.63048999999994,104.69547151266879,100.56550848733109,101.69141499999947,102.94199999999952,56.67399530127695,58.529621698786606,54.03283369022109
2020-06-10T13:30:00Z,103.62,103.94,102.81,103.57,392384,417503.05,101.80479127091363,102.67798999999994,104.78313546947926,100.57284453052061,101.79866499999947,103.17799999999951,58.87862567360758,62.46396804480313,58.91316184410383
2020-06-10T14:30:00Z,103.54,103.83,103.17,103.4,242171,414213.35,101.88260633086905,102.72898999999992,104.85213237103227,100.60584762896758,101.89741499999948,103.29799999999952,57.469738001231065,57.762577804066034,59.585389182551715
2020-06-10T15:30:00Z,103.4,104.02,103.19,103.73,269238,416256,101.9727230952169,102.78498999999992,104.95126837723637,100.61871162276347,101.99628999999948,103.47799999999953,59.495869909094196,57.694619502254305,59.30705511704095
2020-06-10T16:30:00Z,103.74,103.95,103.52,103.82,166616,408194.2,102.0628341637429,102.90098999999994,105.02771219334518,100.77426780665469,102.09278999999948,103.54199999999953,60.05478733269242,57.16011159499191,57.53910296710387
2020-06-10T17:30:00Z,103.84,105.37,103.78,105.34,433716,412507.05,102.22269591185301,103.10398999999992,105.34504857301368,100.86293142698617,102.21503999999949,103.97199999999953,68.06878991780586,73.0755156353959,62.64341557754717
2020-06-10T18:30:00Z,105.33,106.72,105.06,105.99,1842867,473459.75,102.40646684298213,103.34248999999993,105.74056039256077,100.94441960743909,102.32841499999948,104.45599999999953,70.76948560371146,81.93214580939126,70.72259101325949
2020-06-10T19:30:00Z,105.985,106.36,105.4701,105.79,1278477,515319.75,102.57151724088544,103.57298999999993,105.98151839876698,101.16446160123289,102.43103999999948,104.93399999999954,68.84016890515285,88.54377104377109,81.18381082951922
2020-06-11T13:30:00Z,104.51,105.31,103.8,104,1037549,555026.85,102.64119932669591,103.68748999999994,105.94378989311305,101.43119010688683,102.47878999999948,104.98799999999953,54.51548406607565,69.61250927352629,80.02947537556268
2020-06-11T14:30:00Z,104,104.78,103.84,104.5,883194,585362,102.73187253027172,103.80448999999992,105.97278946448367,101.63619053551616,102.55003999999948,105.12399999999954,57.194901076979484,58.850368087656314,72.3355494683177
2020-06-11T15:30:00Z,104.49,104.49,102.53,102.65,893680,602104.3,102.72787874830725,103.74798999999993,105.97401853702945,101.52196146297041,102.58103999999949,104.58599999999953,46.32189849523761,34.55743879472701,54.34010538530299
2020-06-11T16:30:00Z,102.67,102.986,102.21,102.8,725142,603570.05,102.73139685814591,103.64898999999994,105.85867937356655,101.43930062643334,102.61166499999949,103.94799999999955,47.198381753121524,24.793824979852364,39.40054395407835
2020-06-11T17:30:00Z,102.8,103.19,102.235,102.65,699100,623479.3,102.72742627969977,103.58099999999993,105.82550350858922,101.33649649141064,102.6461649999995,103.31999999999955,46.382761940572976,10.39049026853923,23.247251347705987
2020-06-11T18:30:00Z,102.641,102.68,101.32,101.48,498422,624064.2,102.66657621727539,103.43149999999994,105.81334193431472,101.04965806568516,102.64874499999948,102.81599999999955,40.5033854763937,8.600366811749137,14.5948940200467
2020-06-11T19:30:00Z,101.435,101.74,100.74,100.88,852218,620829.15,102.57942615789611,103.36749999999992,105.943441575439,100.79155842456085,102.65699499999948,102.09199999999954,37.853479060126375,5.020065882561657,8.003640987616462
2020-06-12T13:30:00Z,104.25,105.05,103.2,103.45,607538,624344.15,102.6218931745841,103.43799999999995,105.94089911903167,100.93510088096822,102.7272449999995,102.25199999999954,52.26074072693566,16.87394194640586,10.16479154690534
2020-06-12T14:30:00Z,103.47,104.04,101.57,102.15,513424,635353,102.59887399533609,103.42599999999993,105.95108534510396,100.9009146548959,102.77899499999948,102.12199999999953,46.40089847174553,23.745819397993444,15.213275742320109
2020-06-12T15:30:00Z,102.2,103.44,102.17,102.84,567441,652845.4,102.61063623946603,103.42799999999993,105.95116150891435,100.9048384910855,102.8452449999995,102.15999999999954,49.62923872001931,34.67112597547398,25.096962439957547
2020-06-12T16:30:00Z,102.82,102.88,101.585,101.73,432982,660051.6,102.56767837412623,103.37299999999993,105.99203875497508,100.75396124502478,102.8857449999995,102.20999999999955,44.93989159020188,25.08361204013396,27.833519137866915
2020-06-12T17:30:00Z,101.7385,101.74,100.26,100.885,414050,661921.2,102.48559650221763,103.24224999999993,106.0752316007289,100.40926839927096,102.9033699999995,102.21099999999954,41.708996034444,20.44905446776506,26.73459749445745
2020-06-12T18:30:00Z,100.94,102.08,100.64,101.42,250362,650028.55,102.43361618503629,103.15374999999992,106.09620284585182,100.21129715414801,102.8921199999995,101.80499999999954,44.43289159912003,15.082166663243557,20.204944390380646
2020-06-12T19:30:00Z,101.39,102.72,101.26,102.23,665337,663676.2,102.42368368820524,103.08674999999991,106.04919540035333,100.12430459964649,102.8823699999995,101.82099999999954,48.36688110209099,22.567072344447084,19.366097825151687
2020-06-15T13:30:00Z,101,102.5,100.727,102.04,431739,673154.6,102.40496741073181,103.01874999999991,106.01159125039563,100.0259087496042,102.87386999999949,101.66099999999953,47.517077848187434,31.729015332828045,23.126084780172686
2020-06-15T14:30:00Z,102.04,103.04,101.92,102.85,367584,678071.9,102.42667631752538,102.97474999999993,105.95029612635338,99.99920387364648,102.87986999999949,101.88499999999954,51.43461600130222,43.41387792223901,32.56998853317117
2020-06-15T15:30:00Z,102.85,103.63,102.73,103.59,226293,681055.75,102.48342381423146,102.96324999999993,105.92739620929201,99.99910379070785,102.93211999999949,102.42599999999952,54.75720083295399,53.58385525400144,42.90891616968929
2020-06-15T16:30:00Z,103.56,104.07,103.3902,103.92,177674,668253.65,102.55350070134212,102.89224999999992,105.6885484014708,100.09595159852904,102.99811999999949,102.92599999999952,56.19641623526842,66.6666666666667,54.5547999476355
2020-06-15T17:30:00Z,103.91,105.19,103.63,104.9,329708,592595.7,102.66796408176445,102.83774999999991,105.42510477854746,100.25039522145237,103.0901199999995,103.45999999999954,60.241293914411074,80.015555282656,66.7553590677745
2020-06-15T18:30:00Z,104.93,105.1625,104.29,104.36,327581,545050.9,102.75050241923935,102.76624999999993,105.0888022061001,100.44369779389976,103.16961999999948,103.92399999999955,57.11180100148577,84.56371102180715,77.08197765704307
2020-06-15T19:30:00Z,104.37,104.89,104.06,104.68,519086,519127.75,102.84462425244719,102.80024999999993,105.2122377176424,100.38826228235747,103.24386999999949,104.28999999999955,58.488039882592545,88.97903989181894,84.51943539876048
2020-06-16T13:30:00Z,103.99,104,101.88,102.03,1673331,558634.6,102.80488648403514,102.67674999999993,104.97838045471038,100.37511954528948,103.2406199999995,103.97799999999954,45.47428849957963,69.57403651115628,81.03892914159391
2020-06-16T14:30:00Z,102.01,102.32,100.11,102.06,871882,557544.7,102.76855055798464,102.64724999999991,104.96456628183819,100.32993371816164,103.1976199999995,103.60599999999954,45.62179811999944,54.647878700760884,71.0669850345785
2020-06-16T15:30:00Z,102.06,102.73,101.91,102.49,367536,539664.4,102.75496272588782,102.63174999999993,104.94891912418146,100.3145808758184,103.14036999999948,103.12399999999954,47.80155691137254,40.37961912975891,54.86717811389182
2020-06-16T16:30:00Z,102.47,103.37,102.44,103.06,320510,520734.9,102.76984259291768,102.65224999999994,104.97694454983825,100.32755545016163,103.11662499999947,102.86399999999955,50.62686235373376,47.76902887139115,47.59884223397012
2020-06-16T17:30:00Z,103.05,103.22,102.53,102.78,314187,511523.15,102.77033807618999,102.71724999999992,104.97904900744135,100.4554509925585,103.07437499999949,102.48399999999955,49.21758644362675,52.49343832021003,46.88069544045317
2020-06-16T18:30:00Z,102.78,103.04,102.12,102.51,267259,482275.2,102.75763865783925,102.79874999999993,104.90176182832134,100.69573817167851,103.08312499999947,102.57999999999954,47.83481769659938,52.62467191601062,50.96237970253707
2020-06-16T19:30:00Z,102.48,102.97,102.16,102.97,426481,473222.35,102.76799774770075,102.77474999999993,104.85835138943587,100.69114861056399,103.10637499999947,102.76199999999956,50.39198892066393,52.03412073490824,52.384076990376094
2020-06-17T13:30:00Z,103,104.8,102.96,103.32,736357,484369,102.79492468683729,102.83324999999994,104.90908784290787,100.757412157092,103.12962499999946,102.92799999999954,52.307667055752944,55.57742782152237,53.41207349081355
2020-06-17T14:30:00Z,103.3,104.08,103.04,103.17,303761,471185,102.81322104357693,102.84974999999993,104.93077973310429,100.76872026689557,103.13887499999946,102.94999999999955,51.39171708408214,59.90813648293966,55.839895013123225
2020-06-17T15:30:00Z,103.14,103.52,103.1,103.49,315442,465308,102.84623465120733,102.93774999999994,104.97021765043228,100.9052823495676,103.15537499999948,103.09199999999953,53.271599647175364,63.320209973753286,59.60192475940491
2020-06-17T16:30:00Z,103.5,103.98,103.435,103.93,156945,452452.75,102.89910125358746,103.08999999999992,104.93183604049614,101.2481639595037,103.16612499999947,103.37599999999955,55.80266800667906,67.32283464566939,63.517060367453915
2020-06-17T17:30:00Z,103.9318,103.98,103.25,103.3,226799,451274.6,102.91865728999782,103.18399999999993,104.859725514536,101.50827448546386,103.16887499999947,103.44199999999952,51.50123502500082,68.28978144184236,66.31094202042148
2020-06-17T18:30:00Z,103.36,103.41,102.43,102.615,346802,435347.85,102.90384473926622,103.20324999999991,104.8431593725172,101.56334062748262,103.14499999999948,103.30099999999955,47.237593646225434,63.57992299841556,66.39751302864224
2020-06-17T19:30:00Z,102.62,102.86,102.34,102.62,414257,434473.75,102.88999865442396,103.23224999999991,104.80811317619215,101.65638682380767,103.12549999999949,103.19099999999953,47.27190747671766,56.353680756307746,62.74112839885502
2020-06-18T13:30:00Z,104.23,105.32,103.25,105.01,722698,452229.45,102.99341335420816,103.34024999999993,105.08367902065525,101.5968209793446,103.15749999999949,103.49499999999952,60.4967387099352,66.65796181289123,62.19718852253798
2020-06-18T14:30:00Z,105,106.64,104.95,105.92,945771,488203.35,103.13617367839312,103.45674999999991,105.53131085716304,101.3821891428368,103.2099999999995,103.89299999999953,64.18053301071947,77.4486801276925,66.8201075656303
2020-06-18T15:30:00Z,105.94,106.32,105.41,106.32,343842,496511.75,103.29148227944711,103.57674999999992,105.99396384036808,101.15953615963176,103.23449999999949,104.49699999999953,65.69487748550408,90.58275689933356,78.22979961330556
2020-06-18T16:30:00Z,106.33,106.57,106.04,106.3,236687,491860.7,103.4382392414253,103.64674999999991,106.2842379620708,101.00926203792902,103.24224999999947,105.23399999999954,65.5456653238361,90.05874759116163,86.0300615393957
2020-06-18T17:30:00Z,106.305,106.43,105.65,106.04,273481,489155.7,103.56515440038015,103.73074999999992,106.55420581691448,100.90729418308536,103.2484999999995,105.91799999999952,63.52567161883977,90.7079646017699,90.44982303075483
2020-06-18T18:30:00Z,106.0451,106.375,105.61,106.36,273170,476859.9,103.70148833206892,103.81474999999992,106.83899449244234,100.7905055075575,103.30749999999948,106.18799999999953,64.95709293573474,90.98451327433634,90.58374182242244
2020-06-18T19:30:00Z,106.39,106.84,106.08,106.38,723212,429353.95,103.83214743782166,104.0322499999999,107.13641893066105,100.92808106933876,103.35449999999949,106.27999999999955,65.04941368978916,90.08448049819732,90.59231945810099
2020-06-19T13:30:00Z,107.74,109,106.89,108.59,1622082,466863.95,104.0642378067084,104.3587499999999,107.90644203145993,100.81105796853987,103.50299999999947,106.73399999999954,73.39138142355802,92.4572072072072,91.17540032658009
2020-06-19T14:30:00Z,108.57,108.82,107.61,107.76,313266,464150.45,104.244518889308,104.6222499999999,108.35369003704832,100.89080996295147,103.62699999999947,107.02599999999954,66.93027151294541,88.33433433433436,90.29200734657944
2020-06-19T15:30:00Z,107.76,107.92,106.39,106.99,360520,466150.95,104.37844479714663,104.81874999999991,108.61378870205274,101.02371129794707,103.73549999999948,107.21599999999953,61.51935129998986,81.68168168168175,87.4910744077409
2020-06-19T16:30:00Z,106.98,107.25,106.66,107.12,416809,471282.05,104.51217919728582,105.03574999999992,108.8359885122605,101.23551148773934,103.87649999999948,107.36799999999953,62.0767821934509,74.3243243243244,81.44678011344665
2020-06-19T17:30:00Z,107.1,107.7,106.885,107.32,720674,493952.8,104.6491460657109,105.27624999999992,109.0149835756999,101.53751642429994,104.03749999999948,107.55599999999954,62.965625067931164,72.12212212212212,76.04270937604257
2020-06-19T18:30:00Z,107.35,108.1099,107.26,108,473185,496288,104.81260235518842,105.5277499999999,109.2887504985492,101.76674950145059,104.15124999999948,107.43799999999956,65.8926808575848,77.1771771771772,74.54120787454104
2020-06-19T19:30:00Z,108.04,108.11,106.85,106.9,1169918,517966.05,104.91442663054508,105.7067499999999,109.3699102135433,102.0435897864565,104.26999999999948,107.26599999999955,57.91808583725052,74.41267354310837,74.57065761413571
2020-06-22T13:30:00Z,106.91,108.7,106.49,108.59,805864,543071.2,105.09372289246971,105.9777499999999,109.65206418772078,102.30343581227902,104.41374999999948,107.58599999999953,64.93874137178645,79.44659635480902,77.01214902503135
2020-06-22T14:30:00Z,108.6,108.7,107.485,108.04,544024,554500.3,105.23744372698339,106.20524999999991,109.79779154465663,102.61270845534318,104.57149999999949,107.76999999999956,61.35144199607635,75.53795233474445,76.46574074422041
2020-06-22T15:30:00Z,108.03,108.18,107.83,108.02,299087,561607.4,105.37317817932566,106.40974999999992,109.92576830912051,102.89373169087932,104.74987499999948,107.90999999999956,61.219007224447815,78.07568052079885,77.68674307011725
2020-06-22T16:30:00Z,108.02,108.16,107.66,107.95,311684,565851.65,105.49887680472442,106.6422499999999,109.91127504580332,103.37322495419649,104.91312499999947,107.89999999999955,60.72492755329396,71.12568234169545,74.91310506574605
2020-06-22T17:30:00Z,107.95,108,106.8,107.44,506208,573821.95,105.59356574107933,106.88349999999988,109.59223605212942,104.17476394787035,105.04337499999947,108.00799999999954,57.10859001058096,64.70009832841693,71.30048706363688
2020-06-22T18:30:00Z,107.45,107.58,106.74,106.88,354738,570846,105.65631863175838,107.0964999999999,108.97274385411251,105.2202561458873,105.16437499999947,107.66599999999956,53.351503851673655,50.13536994383159,61.9870502046478
2020-06-22T19:30:00Z,106.89,106.9,106.03,106.51,936690,581545.6,105.69796162533115,107.17149999999988,108.81341686760294,105.52958313239682,105.25587499999946,107.35999999999953,50.965745365142645,32.51372577351487,49.116398015254276
2020-06-23T13:30:00Z,103.71,105.73,103.5,105.22,2685246,668519.35,105.67464642409549,107.13649999999988,108.90833831093937,105.3646616890604,105.29662499999947,106.79999999999954,43.63876637358029,25.296567834419374,35.98188785058842
2020-06-23T14:30:00Z,105.2,106.22,104.84,106.2,1515328,727093.65,105.70027342779814,107.13049999999987,108.91413084749219,105.34686915250755,105.35362499999947,106.44999999999955,49.5701411696391,33.47184005078753,30.427377886240397
2020-06-23T15:30:00Z,106.21,107.76,105.91,107.49,1386299,784574.25,105.78757716302749,107.18999999999987,108.9378787143625,105.44212128563724,105.41837499999947,106.45999999999954,56.11682328824161,53.661557740505124,37.476655208570484
2020-06-23T16:30:00Z,107.49,109.99,107.49,109.87,2205860,881193.2,105.98671974044079,107.38149999999989,109.40149282179723,105.36150717820254,105.55612499999945,107.05799999999954,65.1148293807407,75.60161589822613,54.245004563172735
2020-06-23T17:30:00Z,109.8653,110.46,108.68,109.52,1382808,936675.1,106.15907487505343,107.53949999999989,109.70432308748609,105.37467691251369,105.67712499999945,107.65999999999954,63.06685203304514,87.12534121505489,72.12950495126186
2020-06-23T18:30:00Z,109.51,109.555,106.93,106.94,1926840,996856.5,106.19716878358741,107.56749999999988,109.685592302077,105.44940769792277,105.79987499999945,108.00399999999954,50.46645138038854,78.02351392357248,80.2501570122843
2020-06-23T19:30:00Z,106.94,108.2,106.81,107.17,3277117,1079608.25,106.24462396487583,107.49649999999988,109.56740584047621,105.42559415952356,105.92762499999947,108.19799999999955,51.39868346911104,62.88314176245219,76.010665633693
2020-06-24T13:30:00Z,105.46,107.4199,105.05,106.74,12240469,1675968.4,106.26878864951603,107.44549999999988,109.53806278283679,105.35293721716297,106.03387499999947,108.04799999999955,49.522178787417836,49.56896551724145,63.49187373442185
2020-06-24T14:30:00Z,106.71,106.89,105.05,105.96,5475865,1931735.65,106.25372578856403,107.39399999999986,109.57758787323489,105.21041212676484,106.10637499999946,107.26599999999955,46.22540454582603,44.87547892720312,52.44252873563207
2020-06-24T15:30:00Z,105.99,106.14,104.57,105.39,4836429,2152716.65,106.21159282326822,107.30749999999989,109.6583115620167,104.95668843798308,106.17162499999945,106.43999999999956,43.92418470383999,36.35057471264372,43.59833971902924
2020-06-24T16:30:00Z,105.4,107.05,105.19,107,4868350,2360100.45,106.25005170993806,107.29149999999989,109.64610633655066,104.93689366344911,106.28387499999944,106.45199999999954,51.2989974076606,37.59578544061309,39.607279693486454
2020-06-24T17:30:00Z,107,108.25,106.25,108.245,4526243,2562753.35,106.34736626067279,107.30374999999988,109.67546008981374,104.93203991018602,106.41574999999946,106.66699999999955,56.10634278977455,48.53927203065147,40.82854406130257
2020-06-24T18:30:00Z,108.24,109,107.79,108.895,4323875,2720451.2,106.47164107722533,107.40349999999987,109.86500787123082,104.94199212876892,106.55512499999945,107.09799999999954,58.414362307562406,65.32567049808442,50.48690932311613
2020-06-24T19:30:00Z,108.8913,109.14,106.44,108.38,6817485,3021032.25,106.56473175638507,107.39299999999987,109.83589459455956,104.95010540544018,106.68537499999945,107.58199999999957,55.90608612435151,71.93486590038324,61.93326947637286
2020-06-25T13:30:00Z,109.89,110.88,108.51,110.6,5009349,3244298.5,106.76157410973214,107.52099999999987,110.32732250465416,104.71467749534558,106.86312499999944,108.62399999999957,63.234734004652026,81.06396979798537,72.77483539881749
2020-06-25T14:30:00Z,110.59,111.05,110.06,110.35,3002425,3379465.4,106.93661927511106,107.63749999999986,110.69887305798147,104.57612694201825,107.02362499999944,109.29399999999956,61.98532168724239,84.95835748068721,79.31906439301842
2020-06-25T15:30:00Z,110.35,111.3,110.34,111.28,2715958,3499679.1,107.14849150559344,107.80399999999986,111.2529340382403,104.35506596175942,107.22312499999944,109.90099999999957,64.77365861226167,94.82098436437269,86.94777054768156
2020-06-25T16:30:00Z,111.29,111.58,110.63,111.06,2637162,3606226.8,107.33929679800352,107.98499999999987,111.7076213882319,104.26237861176784,107.43424999999945,110.33399999999956,63.585494585017486,93.82745990719775,91.20226725075236
2020-06-25T17:30:00Z,111.07,111.35,110.02,110.25,2319762,3704478,107.48128232005213,108.15349999999987,111.9648227362851,104.34217726371463,107.62499999999943,110.70799999999959,59.274357357064275,91.10398433144765,93.25080953433917
2020-06-25T18:30:00Z,110.25,111.23,109.83,110.615,2769270,3796107,107.63414659712276,108.35874999999987,112.23550750468353,104.48199249531622,107.76512499999944,110.71099999999959,60.571641238128386,86.61436043747038,90.51526822537174
2020-06-25T19:30:00Z,110.62,110.85,108.62,110.17,4730277,3898358.55,107.75784676311677,108.60624999999989,112.27639969042235,104.93610030957743,107.87137499999945,110.67499999999957,58.140029917404284,82.38231098430823,86.70021858440856
2020-06-26T13:30:00Z,109.15,109.85,106.47,107.57,2372154,3941199.85,107.74868350637936,108.67474999999988,112.21141293985231,105.13808706014744,107.90262499999945,109.93299999999958,46.4157062652156,69.6386115073705,79.54509430971619
2020-06-26T14:30:00Z,107.57,107.86,106.34,106.97,1913093,3967539.55,107.71069894509256,108.64874999999988,112.22726767497547,105.07023232502429,107.91937499999945,109.11499999999958,44.20055758367354,52.30622919638622,68.10905056268813
2020-06-26T15:30:00Z,106.95,106.98,105.35,106.03,1770216,3945757.35,107.6287136306978,108.45674999999987,112.1623690778498,104.75113092214994,107.91912499999944,108.27099999999957,40.90677838162744,30.059450059048316,50.66809692093482
2020-06-26T16:30:00Z,106.03,106.26,105,105.67,1215804,3937407.15,107.5331666243223,108.26424999999988,112.12565942534206,104.40284057465769,107.90187499999945,107.28199999999958,39.687017971326505,19.18823843055987,33.85130589533128
2020-06-26T17:30:00Z,105.66,106.35,105.48,105.9975,963976,3889263.95,107.4582560572822,108.2171249999999,112.16408625995676,104.27016374004303,107.89231249999946,106.44749999999958,41.398917915749806,12.829161731619143,20.69228340707559
2020-06-26T18:30:00Z,106.03,106.3,104.97,105.645,1420019,3796409.05,107.36980454229283,108.1408749999999,112.22243330383425,104.05931669616554,107.81868749999944,106.06249999999959,40.08026452534169,11.85124853044197,14.622882897540142
2020-06-26T19:30:00Z,105.64,106.01,104.73,105.27,1979506,3283360.9,107.26737505242488,108.0673749999999,112.29743453712162,103.83731546287818,107.75643749999945,105.72249999999958,38.66914730621387,11.08486214982973,11.921757470630096
2020-06-29T13:30:00Z,105.79,106.26,104.08,104.1,1140276,3066581.45,107.1128689523066,107.9743749999999,112.45975287567535,103.48899712432444,107.68418749999944,105.33649999999957,34.57861873274787,6.120559549356886,9.685556743209343
2020-06-29T14:30:00Z,104.121,105.27,103.95,104.905,758182,2862669.1,107.00516802780383,107.95012499999989,112.49596663688118,103.4042833631186,107.62881249999944,105.18349999999957,39.33369088070014,6.888753681789255,8.031391793658438
2020-06-29T15:30:00Z,104.91,105.05,104.26,104.56,565840,2647543.6,106.88589153864267,107.82812499999989,112.59500890750223,103.06124109249754,107.55981249999945,104.89599999999957,38.057016799452285,6.925935634192565,6.645082955112716
2020-06-29T16:30:00Z,104.57,105.62,104.5,105.59,651340,2453798.45,106.82267731724546,107.6953749999999,112.55539307482215,102.83535692517765,107.49956249999946,104.88499999999958,43.910321163434475,14.224434132691092,9.346374482890786
2020-06-29T17:30:00Z,105.59,105.63,105.17,105.31,590244,2267116.9,106.74888817981886,107.5161249999999,112.44982910417875,102.58242089582106,107.45981249999946,104.89299999999957,42.72828717647894,16.27941279317434,12.476594186685814
2020-06-29T18:30:00Z,105.3,105.51,105.14,105.41,889305,1970707.9,106.68357656129112,107.36762499999989,112.36673728995767,102.36851271004211,107.38031249999945,105.15499999999959,43.31517729190416,20.667633711112032,17.057160212325638
2020-06-29T19:30:00Z,105.405,105.99,104.83,105.99,1810200,1810750.45,106.64974355830131,107.13712499999988,111.9400952463792,102.33415475362057,107.32906249999944,105.37199999999957,46.72515466926758,24.805670052538165,20.58423885227466
2020-06-30T13:30:00Z,106.16,106.2,104.97,105.02,741503,1697704.35,106.57024387253051,106.87062499999988,111.51996524218647,102.22128475781328,107.25406249999943,105.46399999999957,42.15755014477114,27.700473458850478,24.391259074166708
2020-06-30T14:30:00Z,105,105.43,104.58,105.285,669607,1595386.8,106.50754904948025,106.57087499999989,110.79831964039501,102.34343035960477,107.18743749999945,105.40299999999957,43.77462068017355,35.33380200909675,29.27998184016161
2020-06-30T15:30:00Z,105.27,105.41,105,105.08,577602,1492408.8,106.43791251048121,106.27187499999991,110.00386872823498,102.53988127176484,107.12843749999942,105.35699999999959,42.7783014962342,39.50282272472766,34.17903273089144
2020-06-30T16:30:00Z,105.1,105.26,104.81,105.14,502612,1401551.3,106.37459970509188,106.0163749999999,109.29628181080838,102.73646818919141,107.08493749999943,105.30299999999959,43.18588297006346,46.90869086908693,40.581771867636924
2020-06-30T17:30:00Z,105.14,105.26,104.69,105.09,525530,1289364.3,106.3119363048435,105.74012499999992,108.26889865289517,103.21135134710467,107.04943749999943,105.12299999999959,42.911579294936075,48.39243498817981,44.93464952733128
2020-06-30T18:30:00Z,105.09,105.15,104.38,104.76,731479,1089424.4,106.23623209485113,105.46962499999992,107.00890589950338,103.93034410049647,107.03793749999943,105.0709999999996,41.05797932634262,44.386302232047086,46.56247602977109
2020-06-30T19:30:00Z,104.77,105.18,104,104.15,2825937,1112113.55,106.1344646755901,105.29862499999993,106.60949825381381,103.98775174618605,106.98668749999942,104.8439999999996,37.806999289214986,30.7445273402722,41.174421520166185
2020-07-01T13:30:00Z,105.68,106.1,103.85,104.47,2271252,1130021.5,106.05327127678082,105.1736249999999,106.28471171470237,104.06253828529744,106.91118749999944,104.72199999999957,40.469918758446866,23.368640815449492,32.83315679592274
2020-07-01T14:30:00Z,104.48,105.41,104.432,104.84,922310,1087626.2,105.9940873120598,105.11412499999992,106.16099566420479,104.06725433579504,106.78543749999942,104.66199999999958,43.4831397064324,25.722882318627217,26.612016824782785
2020-07-01T15:30:00Z,104.87,105.15,104.87,105.01,483774,1051024.7,105.94608305293494,105.0811249999999,106.09697498281525,104.06527501718455,106.67268749999944,104.64599999999957,44.864036904861024,39.290780141844245,29.46076775864013
2020-07-01T16:30:00Z,105.01,105.35,104.57,105.32,657965,1035724.15,105.9155424162064,105.04724999999989,105.98042991303817,104.11407008696162,106.63218749999945,104.75799999999958,47.388458039788965,51.347517730496605,38.78706006365584
2020-07-01T17:30:00Z,105.34,105.38,104.7,104.97,658511,997648.75,105.86941839590365,105.01349999999991,105.9056888813895,104.12131111861032,106.57718749999944,104.92199999999957,44.88947993905357,53.1914893617022,47.9432624113475
2020-07-01T18:30:00Z,104.98,105.58,104.83,105.52,639594,930653.15,105.85237359610348,105.02599999999991,105.93897645099683,104.11302354900299,106.54668749999944,105.13199999999958,49.40470434292442,60.42553191489355,54.98817966903059
2020-07-01T19:30:00Z,105.52,106.25,105.5,106.14,1467033,946991,105.86640415239111,105.12799999999993,106.05999463520835,104.1960053647915,106.55118749999943,105.39199999999957,53.98178228330092,71.38002364066197,61.665681639085726
2020-07-02T13:30:00Z,106.97,107.34,106.16,106.29,799209,949042.35,105.8870673644696,105.19724999999991,106.25059455430366,104.14390544569616,106.57368749999944,105.64799999999957,55.04146195499449,78.79817885617138,70.20124480390878
2020-07-02T14:30:00Z,106.28,106.29,105.35,105.87,654770,953488.85,105.88623481010524,105.26274999999991,106.31235695027996,104.21314304971986,106.54543749999944,105.75799999999956,51.467725676259974,74.40345431391296,74.86055227024859
2020-07-02T15:30:00Z,105.9,106.7,105.89,106.64,673359,954589.8,105.92300384375864,105.31524999999992,106.5188258181623,104.11167418183754,106.50531249999942,106.09199999999956,56.98223078826124,69.24546322827142,74.14903213278507
2020-07-02T16:30:00Z,106.64,106.92,106.27,106.92,676517,958903.45,105.97163780259967,105.39574999999991,106.78776751069607,104.00373248930374,106.45593749999941,106.37199999999955,58.814835078193255,75.26265520534872,72.97052424917752
2020-07-02T17:30:00Z,106.9026,107.03,106.61,106.7,860024,957439.4,106.0071676658875,105.4602499999999,106.9639935785687,103.9565064214311,106.41393749999943,106.48399999999955,56.7684962868577,83.1900668576887,75.89939509710275
2020-07-02T18:30:00Z,106.7,106.71,106.13,106.13,520249,892941.85,106.01315948706372,105.46724999999992,106.98205518551694,103.9524448144829,106.30218749999942,106.45199999999954,51.745107358977094,78.3190066857689,78.92390958293525
2020-07-02T19:30:00Z,106.14,106.18,105.7,106.01,685410,890137.2,106.01300536574354,105.51674999999992,107.03455853538074,103.9989414646191,106.19368749999941,106.47999999999956,50.72739959631237,69.62750716332387,77.0455269022603
2020-07-06T13:30:00Z,106.6,107.68,106.395,106.48,609162,887114.95,106.03578559180482,105.57649999999992,107.14630603899857,104.00669396100128,106.07368749999941,106.44799999999955,54.50181071771084,63.42493918820376,70.45715101243199
2020-07-06T14:30:00Z,106.47,106.85,106.2,106.48,454972,880983.45,106.05745458732655,105.64649999999992,107.24607838197419,104.04692161802565,105.95918749999942,106.35999999999956,54.50181071771083,62.12003188913775,65.05749274688827
2020-07-06T15:30:00Z,106.5,106.74,106.4,106.52,406276,876166.65,106.08001777818866,105.7154999999999,107.34058430553385,104.09041569446596,105.8659374999994,106.32399999999954,54.8432378376989,62.38998093970932,62.64498400568342
2020-07-06T16:30:00Z,106.53,106.74,106.42,106.67,541489,876964.6,106.10879739876482,105.7944999999999,107.44371162986974,104.14528837013006,105.7673124999994,106.43199999999956,56.17147820835541,63.40771272578174,62.63924185154275
2020-07-06T17:30:00Z,106.69,106.76,106.36,106.58,338982,857339.75,106.131782891508,105.88549999999991,107.4967538596038,104.27424614039602,105.67756249999941,106.54599999999955,55.12379750722768,63.4039519841634,63.06721521655131
2020-07-06T18:30:00Z,106.59,106.765,106.45,106.62,421094,737097.6,106.15559836021492,106.00899999999993,107.43750831291612,104.58049168708374,105.65381249999942,106.57399999999954,55.52087157500814,60.6724430301686,62.49470258003773
2020-07-06T19:30:00Z,106.62,107,106.53,106.77,726293,659849.65,106.18556917191175,106.12399999999991,107.40065813751632,104.8473418624835,105.64881249999942,106.63199999999956,57.05541706248817,58.951384182917934,61.00925973241647
2020-07-07T13:30:00Z,106.44,107.47,106.34,107.235,608914,644179.85,106.23676091962338,106.2437499999999,107.46425348221072,105.02324651778909,105.67893749999942,106.77499999999955,61.49082976540034,65.450643776824,61.69149032997
2020-07-07T14:30:00Z,107.2344,107.59,106.96,107.42,680709,654026.6,106.29447989915394,106.36424999999993,107.54908448213975,105.17941551786011,105.72268749999941,106.92499999999954,63.122709358647214,76.23806014363937,66.8800293677936
2020-07-07T15:30:00Z,107.43,107.48,106.97,106.985,534126,647834.65,106.32816380651228,106.44749999999992,107.55884378123068,105.33615621876916,105.74737499999942,107.00599999999955,57.005632575725954,77.55632144044144,73.08167512030143
2020-07-07T16:30:00Z,106.98,107.01,106.52,106.57,487468,639282.5,106.33996069399949,106.52749999999992,107.40834334593352,105.64665665406632,105.77049999999943,106.99599999999953,51.84385689922825,65.23569023568994,73.01002393992341
2020-07-07T17:30:00Z,106.55,106.6,106.205,106.42,405996,627602.6,106.34386505038975,106.57249999999992,107.32555046317117,105.81944953682867,105.79924999999943,106.92599999999955,50.07878269955505,48.400673400673135,63.730895025601335
2020-07-07T18:30:00Z,106.41,106.42,106.05,106.22,525819,580541.9,106.33782285280977,106.57649999999992,107.32112138034867,105.83187861965118,105.85224999999943,106.72299999999953,47.74471018189343,35.52188552188528,49.71941638608261
2020-07-07T19:30:00Z,106.22,106.245,105.55,105.83,542522,567707.55,106.31305100633124,106.55349999999991,107.3580999006229,105.74890009937693,105.87537499999944,106.40499999999955,43.48822114003286,25.257267510788584,36.393275477782154
2020-07-08T13:30:00Z,106.25,106.385,105.74,106.21,637473,566842.7,106.30802412797361,106.5704999999999,107.32970287150147,105.81129712849832,105.91662499999943,106.24999999999952,48.322497233713406,23.920369115066617,28.233174049246657
2020-07-08T14:30:00Z,106.2,106.5,105.365,105.64,437855,555067.5,106.27543758514562,106.52049999999993,107.37991200833659,105.66108799166327,105.91787499999944,106.06399999999954,42.455660338326446,19.286010548123933,22.821215724659538
2020-07-08T15:30:00Z,105.64,105.89,105.54,105.76,234262,532954.75,106.25029428830925,106.4624999999999,107.36188034228334,105.56311965771647,105.92912499999943,105.93199999999953,43.99720261352971,20.821766909010986,21.342715524067007
2020-07-08T16:30:00Z,105.765,106.06,105.67,105.73,233655,501636.3,106.22491407912344,106.41399999999992,107.36031178798567,105.46768821201417,105.93712499999944,105.83399999999953,43.682151123753485,15.505617977528482,18.537798478220964
2020-07-08T17:30:00Z,105.72,105.96,105.49,105.905,227805,487014.1,106.20930851428815,106.40274999999993,107.3674700371493,105.43802996285055,105.93499999999945,105.84899999999952,46.1064958445168,19.475655430711996,18.60101343908365
2020-07-08T18:30:00Z,105.91,106.58,105.84,106.41,341731,469830.15,106.21909834285947,106.42274999999992,107.37050774862286,105.47499225137699,105.96974999999944,105.88899999999953,52.465579408917215,29.213483146067635,21.398252184769202
2020-07-08T19:30:00Z,106.38,106.63,106.3,106.54,428361,460790.1,106.23475208223218,106.42574999999992,107.37459284793262,105.47690715206723,106.00112499999943,106.06899999999955,53.971229791719765,41.34831460674178,30.012484394506966
2020-07-09T13:30:00Z,106.66,106.72,106.07,106.1,498185,462950.75,106.22817880992817,106.40674999999992,107.36565184590458,105.44784815409525,106.02662499999943,106.13699999999953,48.38497819776027,44.26966292134841,38.27715355805244
2020-07-09T14:30:00Z,106.1,106.24,105.11,105.26,618209,473547.4,106.18095057529753,106.34374999999991,107.42266554353452,105.26483445646531,106.02962499999941,106.04299999999952,39.895300369074924,30.723936851088244,38.78063812639264
2020-07-09T15:30:00Z,105.25,105.46,105.05,105.3,364472,464696.55,106.13797737650253,106.27524999999991,107.43364749226544,105.1168525077344,106.03487499999942,105.92199999999953,40.43129960900636,17.372641276678586,30.788747016371577
2020-07-09T16:30:00Z,105.29,105.77,105.27,105.65,226741,459084.5,106.11417360203899,106.22874999999992,107.40894013301846,105.04855986698138,106.0571249999994,105.76999999999956,45.04898359991028,18.337453225814233,22.144677117860184
2020-07-09T17:30:00Z,105.65,106.12,105.64,105.96,251015,450580.55,106.10665293852489,106.19574999999993,107.36721180051535,105.02428819948452,106.10237499999941,105.65399999999954,48.83236204849175,34.391421239154475,23.36717191388226
2020-07-09T18:30:00Z,105.94,106.19,105.75,105.885,322882,430410,106.09584060006026,106.15149999999994,107.2994769161726,105.00352308382729,106.13774999999941,105.61099999999954,47.971815312242384,46.806387225549194,33.178420563505796
2020-07-09T19:30:00Z,105.885,106.22,105.64,106.16,336088,416768.7,106.09897032688659,106.09774999999993,107.13288996641359,105.06261003358628,106.17074999999943,105.79099999999953,51.356714542315714,56.986027944111875,46.06127880293834
2020-07-10T13:30:00Z,105.8155,106.25,105.29,105.53,773264,421396.45,106.07121567679455,106.00324999999994,106.86961756060448,105.1368824393954,106.18374999999942,105.83699999999953,44.253608485979875,48.40319361277471,50.73186959414509
2020-07-10T14:30:00Z,105.52,106.1,105.35,106.04,421080,415744.15,106.06969296085336,105.95599999999993,106.69705735274839,105.21494264725148,106.20174999999942,105.91499999999954,50.25207633866599,51.49700598802423,52.295409181636764
2020-07-10T15:30:00Z,106.03,106.49,105.923,106.22,293598,406050.65,106.07702501154344,105.93849999999993,106.63598189945353,105.24101810054634,106.23299999999942,105.96699999999953,52.20676249877694,52.69461077844343,50.86493679308062
2020-07-10T16:30:00Z,106.2,106.58,106.13,106.52,258616,398681.65,106.09863354756571,105.94349999999993,106.65598929821378,105.23101070178608,106.25799999999943,106.09399999999953,55.3552766383345,72.45508982035948,58.88223552894221
2020-07-10T17:30:00Z,106.5,106.82,106.46,106.65,398127,392297.05,106.1255294720747,105.96499999999995,106.73332935649837,105.19667064350152,106.27074999999942,106.19199999999952,56.68685193190834,82.82643752043961,69.32537937308068
2020-07-10T18:30:00Z,106.6508,107.18,106.62,107.08,646000,397470.95,106.17208901002228,106.02749999999992,106.93287561270535,105.12212438729449,106.29049999999943,106.50199999999954,60.84666780792846,91.24153221368209,82.1743531848269
2020-07-10T19:30:00Z,107.07,107.19,106.79,107.04,662511,398722.85,106.2144261314846,106.06899999999993,107.07457744608196,105.0634225539179,106.31974999999943,106.70199999999954,60.266826831874425,92.89709958361532,88.98835643924549
2020-07-13T13:30:00Z,106.9,107.55,106.81,107.4251,859658,419813,106.2734833933634,106.15825499999994,107.3029442250642,105.01356577493569,106.33937749999942,106.94301999999952,63.839585741513204,94.43327284161892,92.85730154630528
2020-07-13T14:30:00Z,107.43,107.52,107.16,107.46,434083,429804.05,106.33136225222373,106.24325499999993,107.50365177164613,104.98285822835373,106.35287749999941,107.13101999999954,64.15416189058399,94.79821806853603,94.04286349792325
2020-07-13T15:30:00Z,107.46,107.49,107.04,107.06,362507,436246.65,106.3669055569933,106.30975499999992,107.59491622022676,105.02459377977308,106.3618774999994,107.21301999999953,57.93343775661084,89.97092397660835,93.06747162892093
2020-07-13T16:30:00Z,107.055,107.13,106.74,106.75,370245,443368.65,106.38559309079851,106.35200499999992,107.63672166992457,105.06728833007527,106.3773774999994,107.14701999999954,53.59598507423366,79.83684728044311,88.20199644186232
2020-07-13T17:30:00Z,106.75,106.98,105.86,105.86,465738,449569,106.35995440344249,106.32450499999993,107.62650846465728,105.02250153534258,106.37362749999939,106.91101999999952,43.521510482730555,56.11059359312745,75.30612161672614
2020-07-13T18:30:00Z,105.86,106.09,105.07,105.08,588022,457552.05,106.29751760327456,106.25150499999992,107.65662703810804,104.8463829618918,106.33862749999939,106.44199999999952,36.96375126017892,30.075411552003107,55.34095080852439
2020-07-13T19:30:00Z,105.07,105.19,104.23,104.49,1173584,491322,106.20934601287092,106.17100499999992,107.77239070056386,104.56961929943598,106.2888774999994,105.84799999999953,32.92274405214481,11.151930015236497,32.44597838678886
2020-07-14T13:30:00Z,103.58,105.48,103.56,105.45,1310193,525921.2,106.17230474395039,106.18050499999993,107.76229474012571,104.59871525987414,106.26212749999938,105.52599999999953,43.70661860526466,18.534324053429422,19.920555206889507
2020-07-14T14:30:00Z,105.46,105.87,105.36,105.81,585345,536964.85,106.15463134180646,106.20600499999992,107.746087712707,104.66592228729284,106.24062749999939,105.33799999999954,47.13866846784632,37.19690793248185,22.294387333715758
2020-07-14T15:30:00Z,105.79,106.535,105.71,106.295,720702,561662.9,106.16147859342566,106.23825499999991,107.75728436837382,104.719225631626,106.23350249999937,105.42499999999953,51.43450723884882,57.435254803676,37.72216226319559
2020-07-14T16:30:00Z,106.31,106.44,105.745,106.095,371219,567673.1,106.15823573520977,106.24500499999992,107.76022353274719,104.72978646725265,106.22037749999939,105.62799999999952,49.642911345128,62.82372598162084,52.48529623925939
2020-07-14T17:30:00Z,106.09,106.17,105.78,105.98,510540,577056,106.14954130910198,106.24975499999991,107.76101995426303,104.73849004573678,106.20062749999938,105.92599999999952,48.59475185286199,64.24394319131176,61.50097465886936
2020-07-14T18:30:00Z,105.97,106.13,105.59,106.02,435100,582006.6,106.1432222208531,106.24275499999992,107.75691220517082,104.72859779482901,106.17025249999935,106.03999999999954,48.998121426351354,61.94653299916467,63.00473405736559
2020-07-14T19:30:00Z,106.03,106.32,105.33,105.35,1148944,600790.6,106.10452845398223,106.2337549999999,107.76677372199703,104.70073627800278,106.11850249999937,105.94799999999952,42.92262898253743,55.722639933166285,60.63770537454741
2020-07-15T13:30:00Z,105.51,106.08,105.01,105.53,699554,614714.3,106.07650267573919,106.20825499999992,107.77001407936183,104.64649592063802,106.08212749999936,105.79499999999953,44.89933147246562,52.08792182476395,56.58569825236481
2020-07-15T14:30:00Z,105.54,105.615,104.92,105.09,495876,624828.2,106.02838059399582,106.15175499999991,107.78772372891386,104.51578627108596,106.04512749999935,105.59399999999953,41.14795651466268,44.51364261528994,50.77473479107323
2020-07-15T15:30:00Z,105.09,105.23,104.59,104.95,469417,635368.25,105.9757766625814,106.07325499999993,107.78014305197144,104.36636694802843,106.00837749999934,105.38799999999954,40.00270723660861,42.53811556236359,46.37989333413899
2020-07-15T16:30:00Z,104.96,105.18,104.66,104.89,305395,630731.65,105.92281194733353,105.98525499999991,107.74479537804852,104.2257146219513,105.97512749999935,105.16199999999954,39.495359503924014,38.918586942834935,41.99011504016266
2020-07-15T17:30:00Z,104.91,105.14,104.6581,105.02,301162,613489.75,105.87877234014653,105.88225499999992,107.61436252032689,104.15014747967294,105.95487749999936,105.09599999999955,41.23442568743073,42.300031123560586,41.252244542919534
2020-07-15T18:30:00Z,105.02,105.09,104.53,105.04,457777,603253.05,105.83785661623693,105.78225499999992,107.4657039781323,104.09880602186755,105.92562749999936,104.99799999999955,41.51294703701405,45.904139433551286,42.3742524999821
2020-07-15T19:30:00Z,105.04,105.23,104.72,104.92,579514,589245.85,105.79308312276196,105.65699999999993,107.19977477295419,104.11422522704567,105.90762749999935,104.96399999999956,40.279403532955484,48.17927170868361,45.461147421931656
2020-07-16T13:30:00Z,104.5,104.86,103.8538,104.37,764333,605758.35,105.72366443384674,105.50249999999991,106.90456454918197,104.10043545081786,105.87287749999935,104.84799999999954,35.12732876012019,38.23825278283791,44.10722130835743
2020-07-16T14:30:00Z,104.37,104.45,103.4301,103.57,615386,618402.3,105.61860763219568,105.32799999999993,106.77911474393389,103.87688525606598,105.81887749999935,104.58399999999953,29.26399381864016,23.15754679114292,36.52502376088797
2020-07-16T15:30:00Z,103.57,104.1,103.45,104,653467,632563.4,105.53965116233248,105.19049999999993,106.59705927712308,103.78394072287678,105.77125249999935,104.37999999999957,35.49628136749921,14.230846173024,25.208881915668105
2020-07-16T16:30:00Z,103.99,104.2,103.66,103.975,490364,633794.7,105.46332671538943,105.09624999999991,106.56210086215557,103.63039913784425,105.71037749999934,104.16699999999955,35.301540615414694,14.098429586043887,17.16227418340343
2020-07-16T17:30:00Z,103.96,104.2,103.74,104.04,407678,624777.5,105.39389614390701,105.04424999999995,106.58079897417565,103.50770102582425,105.64787749999934,103.99099999999956,36.28036614407527,19.631348020901598,15.986874593322986
2020-07-16T18:30:00Z,104.04,104.46,103.61,104.42,674991,599847.85,105.34638901493594,105.04074999999993,106.5826425870711,103.49885741292876,105.60587749999937,104.00099999999955,41.821851239768655,24.737880203467522,19.489219270137493
2020-07-16T19:30:00Z,104.43,104.49,104.02,104.49,704199,569548.15,105.30461394103662,104.99274999999993,106.5404530561664,103.44504694383346,105.58662749999935,104.18499999999956,42.80854676084427,31.785350886797648,25.384859703722082
2020-07-17T13:30:00Z,104.87,105.115,104.09,104.32,726531,576607.45,105.25658399269336,104.91824999999992,106.44472395984262,103.39177604015721,105.56212749999933,104.24899999999954,40.990351721286984,38.32702300372916,31.616751364664598
2020-07-17T14:30:00Z,104.35,104.93,104.25,104.84,437917,562468.2,105.23626282231808,104.84549999999993,106.23513628337172,103.45586371662814,105.54187749999934,104.42199999999957,48.23306863678034,53.01980605543809,41.04405998198812
2020-07-17T15:30:00Z,104.84,105.13,104.76,105.03,319364,559875.45,105.22620122122939,104.79224999999992,106.06280293084002,103.52169706915983,105.51862749999933,104.61999999999955,50.618032562071974,69.31665132444778,53.554493461204835
2020-07-17T16:30:00Z,105.03,105.38,105,105.34,250274,546862.15,105.23175238116941,104.76024999999993,105.93841159760136,103.5820884023985,105.50500249999932,104.80399999999956,54.31618282782274,88.38967129425623,70.24204289138052
2020-07-17T17:30:00Z,105.35,105.685,105.34,105.665,266294,538421.85,105.25288641135627,104.74249999999992,105.85296161575779,103.63203838424205,105.49262749999932,105.03899999999956,57.877696595179714,95.31664234233632,84.3409883203466
2020-07-17T18:30:00Z,105.67,105.73,105.255,105.36,307600,496354.65,105.25811146446084,104.74299999999991,105.85456376338844,103.63143623661138,105.48837749999932,105.24699999999957,53.65054753021992,93.65799982377443,92.4547711534555
2020-07-17T19:30:00Z,105.35,105.49,105.15,105.27,526694,487711.65,105.25869139302372,104.72999999999993,105.81007870086701,103.64992129913286,105.46912749999933,105.33299999999956,52.43359589057273,87.67483903964154,92.21649373525058
2020-07-20T13:30:00Z,105.4,105.91,105.025,105.88,610623,493449,105.2889991299494,104.76949999999992,105.95225483515213,103.58674516484771,105.46062749999933,105.50299999999956,59.190295623935505,87.56724940443122,89.63336275594888
2020-07-20T14:30:00Z,105.89,106.07,105.61,105.87,301748,485065.55,105.31734063580554,104.81549999999993,106.09070547366922,103.54029452633064,105.44437749999932,105.60899999999955,59.042230796550925,90.38527213735917,88.54245352714379
2020-07-20T15:30:00Z,105.86,105.93,105.67,105.83,260672,482829.4,105.34234840966867,104.86249999999993,106.21233147099208,103.51266852900777,105.42387749999929,105.64199999999957,58.41279124369364,93.8001961513762,90.58423923105535
2020-07-20T16:30:00Z,105.82,106.13,105.77,105.87,266978,481120.2,105.36808751163606,104.90499999999993,106.32375649780758,103.48624350219228,105.39362749999933,105.74399999999957,58.88483041675769,90.76428477843524,91.64991768905668
2020-07-20T17:30:00Z,105.865,106.035,105.8,105.99,227904,469626.55,105.3984247061904,104.95249999999992,106.44770734350806,103.45729265649177,105.36737749999932,105.88799999999955,60.339235190419046,91.45696218866976,92.00714770616021
2020-07-20T18:30:00Z,105.995,106.09,105.82,105.965,307240,456012.85,105.42606252540062,105.00474999999992,106.56344969849366,103.44605030150618,105.33087499999934,105.90499999999956,59.864126145078345,92.10235963790497,91.44120220166981
2020-07-20T19:30:00Z,105.97,106.28,105.97,106.15,469327,441262.55,105.46137654855181,105.09374999999991,106.69986293192045,103.48763706807938,105.29812499999932,105.96099999999956,62.23392636964629,93.56282205727148,92.37404796128187
2020-07-21T13:30:00Z,106.35,106.48,105.9,106.02,585304,439758.45,105.4886264730127,105.21624999999992,106.70849620960536,103.72400379039448,105.27212499999932,105.99899999999957,59.57210875788433,88.53873967892889,91.40130712470159
2020-07-21T14:30:00Z,106.05,106.21,105.51,105.83,503371,432253.65,105.50527884018281,105.30774999999991,106.712312120406,103.90318787959383,105.24912499999932,105.99099999999956,55.814649936590605,78.5484755252125,86.88334575380411
2020-07-21T15:30:00Z,105.87,105.98,105.52,105.95,264616,420966.25,105.52697255529584,105.40649999999994,106.69531379573029,104.11768620426959,105.25137499999933,105.98299999999956,57.632252633071936,68.59022960806242,78.55914827073441
2020-07-21T16:30:00Z,105.93,106.03,105.53,105.8781,248590,413011.85,105.54410072333019,105.49840499999993,106.63782228351252,104.35898771648735,105.2713274999993,105.96561999999956,56.142063617148644,61.676931306756224,69.60521214667685
2020-07-21T17:30:00Z,105.86,105.95,105.75,105.9,183470,388435.8,105.56146166365555,105.57240499999993,106.60972461611117,104.5350853838887,105.30657749999932,105.91561999999958,56.51091881097535,60.98631621312041,63.75115904264615
2020-07-21T18:30:00Z,105.9,105.9,105.5,105.51,394633,372957.5,105.55895133859919,105.62340499999993,106.53559288962012,104.71121711037975,105.30807749999933,105.81361999999959,48.66210889079686,50.70103092783513,57.788092815903724
2020-07-21T19:30:00Z,105.52,105.62,105.25,105.62,418098,357535.85,105.56192932208215,105.68840499999992,106.3779092755332,104.99890072446664,105.30332749999931,105.77161999999957,50.74025631060904,44.78808705612838,52.158478065694446
2020-07-22T13:30:00Z,105.66,106.34,105.61,105.77,884606,379870.3,105.57207911124887,105.73490499999994,106.3042383697851,105.16557163021479,105.29020249999931,105.73561999999959,53.50423675698184,38.83440896264625,44.77450898220306
2020-07-22T14:30:00Z,105.75,105.79,105.23,105.505,418544,384829.3,105.56880695948063,105.75865499999993,106.24143578458451,105.27587421541536,105.2754524999993,105.66099999999958,48.3434087411133,35.056631184868245,39.55970906788077
2020-07-22T15:30:00Z,105.52,105.71,105.26,105.3,287519,386691.55,105.55569442487182,105.75665499999994,106.24663435259019,105.26667564740968,105.2584524999993,105.54099999999957,44.74762262939297,23.29214092140874,32.394393689640886
2020-07-22T16:30:00Z,105.3,105.46,105.17,105.275,282773,387515.5,105.54200201390246,105.73715499999994,106.26939267806911,105.20491732193078,105.2398274999993,105.49399999999957,44.31473461167813,11.871755725190612,23.406842610489004
2020-07-22T17:30:00Z,105.29,105.3,104.9,105.08,281845,386227.75,105.51946533029746,105.72315499999993,106.30660534575952,105.13970465424035,105.23307749999928,105.38599999999956,40.98428940072589,8.335890746287733,14.499929130962167
2020-07-22T18:30:00Z,105.085,105.15,104.83,104.88,256631,372724.6,105.48827189955125,105.70365499999994,106.36698409326002,105.04032590673987,105.2168274999993,105.20799999999956,37.84292107560183,7.4793250897222014,9.228990520399988
2020-07-22T19:30:00Z,104.89,105.22,104.74,104.95,641187,374252.8,105.46201473371949,105.65715499999992,106.39114147534335,104.92316852465649,105.21332749999928,105.09699999999957,39.58824339498003,8.830557870278524,8.215257902095956
2020-07-23T13:30:00Z,105.21,105.28,104.64,104.915,597715,389051.15,105.43533108817219,105.60940499999992,106.40358011040102,104.81522988959883,105.21245249999929,105.01999999999957,38.99860091980172,10.425246378593496,8.911709779531211
2020-07-23T14:30:00Z,104.93,105.16,104.72,104.82,272079,389621.5,105.40531493752964,105.55890499999994,106.41646708286494,104.70134291713494,105.2107024999993,104.92899999999956,37.37154016585094,12.944557133198279,10.733453794023239
2020-07-23T15:30:00Z,104.83,105.11,104.7,104.88,382939,395419.55,105.37968981862575,105.50940499999993,106.40295863911713,104.61585136088273,105.20720249999931,104.88899999999958,39.0997100456658,13.627450980392089,12.33241816406109
2020-07-23T16:30:00Z,104.87,104.96,104.62,104.71,319286,399988.65,105.34702202259523,105.44540499999994,106.37474318708396,104.51606681291591,105.19895249999931,104.85499999999956,36.06328646171805,9.979480164158307,12.18382942591603
2020-07-23T17:30:00Z,104.7,104.74,104.41,104.64,624999,415876.6,105.31253314344424,105.37915499999994,106.33928669199298,104.4190233080069,105.1919524999993,104.79299999999958,34.862726194447845,10.422434547984581,11.343121897511464
2020-07-23T18:30:00Z,104.64,104.8,104.39,104.71,509348,417877.65,105.28314128278842,105.30715499999994,106.24087345112638,104.3734365488735,105.2004524999993,104.75199999999957,37.11715001495643,11.186637665128858,10.529517459090387
2020-07-23T19:30:00Z,104.7,105,104.36,104.51,868888,432056.85,105.24542707387191,105.23165499999993,106.1667971100405,104.29651288995936,105.22395249999931,104.68999999999956,33.54484587886138,11.967704143870057,11.19225878566097
2020-07-24T13:30:00Z,104.52,105.23,104.25,105.03,1133333,463554.95,105.23491843612206,105.19165499999994,106.08866133552313,104.29464866447675,105.24970249999933,104.71999999999957,47.651808563051674,24.87845487845489,16.01093222915107
2020-07-24T14:30:00Z,105.02,105.12,104.61,104.945,507013,475674.8,105.2207760733844,105.14140499999993,105.97307225676695,104.30973774323292,105.27395249999934,104.76699999999956,45.9352782971202,35.27594931704525,24.04070277978987
2020-07-24T15:30:00Z,104.93,105,104.35,104.5649,377218,482106.2,105.18878211858517,105.07574499999994,105.8709513769692,104.28053862303068,105.28707499999932,104.75197999999958,39.1446745217484,41.425627921269104,33.86001070558955
2020-07-24T16:30:00Z,104.56,104.62,104.23,104.38,351691,490517.25,105.14932933231272,104.99974499999993,105.75484906036438,104.24464093963549,105.28607499999933,104.68597999999956,36.331064594483266,29.215408234413715,35.30566182424249
2020-07-24T17:30:00Z,104.37,104.86,104.27,104.85,330114,487291.3,105.1347279014682,104.96674499999992,105.68663306211542,104.24685693788442,105.29507499999934,104.75397999999954,46.79891124118012,33.030368008277435,34.55713472131989
2020-07-24T18:30:00Z,104.84,105.01,104.54,104.6,440099,488391.35,105.1086436135917,104.91574499999993,105.5861081716981,104.24538182830176,105.30207499999933,104.66797999999956,42.77077867699597,36.10146862483243,32.782414955841
2020-07-24T19:30:00Z,104.6,104.95,104.44,104.94,477656,468043.85,105.10041709585552,104.8742449999999,105.4189147366272,104.3295752633726,105.30457499999935,104.66697999999955,49.177654427267235,53.968253968253386,41.03336353378756
2020-07-27T13:30:00Z,104.66,105.35,104.35,105.1,948608,494547.05,105.10039674971623,104.85399499999991,105.3290187488662,104.37897125113362,105.30632499999933,104.77399999999955,51.90627191086197,60.17857142857104,50.08276467388543
2020-07-27T14:30:00Z,105.1,105.28,104.89,105.07,593544,509848.3,105.09891398143739,104.84249499999991,105.28370481628934,104.40128518371048,105.29957499999932,104.91199999999955,51.34958520788062,73.43253968253946,62.526455026454435
2020-07-27T15:30:00Z,105.08,105.4,104.94,105.27,371605,514289.9,105.10725964087948,104.8422449999999,105.28247884921073,104.40201115078908,105.28969999999931,104.99599999999955,54.827794640824266,80.52248677248642,71.37786596119878
2020-07-27T16:30:00Z,105.28,105.74,105.18,105.72,338421,517118.7,105.13714941449511,104.87424499999993,105.45086889992886,104.297621100071,105.29869999999933,105.21999999999954,61.497744305538305,87.52146185920999,80.49216277141177
2020-07-27T17:30:00Z,105.7274,105.78,105.13,105.74,362240,522399.15,105.1665567601295,104.91724499999994,105.60644659748189,104.22804340251798,105.3104499999993,105.37999999999954,61.76794166967858,94.99458013877985,87.67950959015856
2020-07-27T18:30:00Z,105.755,106.27,105.64,106.22,629824,521831,105.21794423524513,104.98074499999993,105.8741034845831,104.08738651541675,105.31894999999932,105.60399999999954,67.63781461161928,97.88129037843157,93.46577745880695
2020-07-27T19:30:00Z,106.22,106.26,105.49,105.62,693510,526620.75,105.23755671157464,105.01599499999993,105.95086613655995,104.08112386343991,105.31269999999931,105.71399999999956,56.05287863639938,87.70187644950461,93.52591565557181
2020-07-28T13:30:00Z,105,105.5,104.57,105.01,691364,547585,105.22645638418075,105.02549499999994,105.95605795970098,104.09493204029889,105.29219999999933,105.66199999999955,47.2012902688387,67.97385620915061,84.51900767902875
2020-07-28T14:30:00Z,105.01,105.2,104.83,105.11,311382,544007.15,105.22077558495242,105.03699499999993,105.96576455266998,104.10822544732989,105.27319999999932,105.53999999999955,48.633344376572836,49.83660130718977,68.50411132194814
2020-07-28T15:30:00Z,105.12,105.32,104.84,105.06,200649,538075.3,105.21293287349133,105.05449499999993,105.97106937339478,104.13792062660508,105.24994999999933,105.40399999999957,47.93329592731766,40.68627450980407,52.83224400871463
2020-07-28T16:30:00Z,105.04,105.45,104.99,105.31,322668,522958.75,105.21766785527224,105.0879949999999,105.99038899487711,104.1856010051227,105.23357499999932,105.22199999999955,51.678608607294315,45.274509803921745,45.26579520697167
2020-07-28T17:30:00Z,105.3,105.38,104.89,104.89,238520,509417.35,105.20168405745409,105.09699499999991,105.98764379833956,104.20634620166025,105.20207499999933,105.07599999999957,45.72748131031079,40.270424836601606,42.07706971677562
2020-07-28T18:30:00Z,104.89,105.01,104.5,104.58,322880,482116.95,105.17135800587096,105.10049499999991,105.98239659427081,104.21859340572901,105.16607499999932,104.98999999999955,41.892835379775775,30.701388888889227,38.748774509804
2020-07-28T19:30:00Z,104.57,104.7,104,104.49,414948,446197.7,105.13812102997481,105.07349499999991,105.99457118684913,104.15241881315069,105.13257499999932,104.86599999999956,40.82251631994845,20.563356583455874,30.51172343631538
2020-07-29T13:30:00Z,105.22,105.8499,104.54,105.61,476102,444652.15,105.1611395163175,105.1067449999999,106.05449202425682,104.15899797574299,105.12407499999934,104.97599999999957,55.91665256055729,34.83005996084201,28.698268477728845
2020-07-29T14:30:00Z,105.61,105.88,105.46,105.54,393182,445450.35,105.17962051552153,105.15549999999992,106.08691773661383,104.22408226338601,105.11562249999933,105.02199999999957,54.97288509405734,53.45080763582984,36.28140806004238
2020-07-29T15:30:00Z,105.52,105.72,105.34,105.705,243473,440039.45,105.20524878305707,105.22174999999993,106.11062161619324,104.33287838380662,105.11074749999932,105.18499999999956,56.822788354222006,71.29221732745988,53.19102830804371
2020-07-29T16:30:00Z,105.71,105.81,105.485,105.5,164543,431760.9,105.21962689120063,105.25424999999993,106.13385943041389,104.37464056958596,105.11049749999931,105.36899999999955,53.861970214935965,69.67694566813536,64.80665687714149
2020-07-29T17:30:00Z,105.5029,106.1099,105.47,105.97,277811,423646.5,105.25623045748353,105.32274999999993,106.20126849728466,104.4442315027152,105.11924749999932,105.66499999999955,59.1211341653376,75.99118942731293,72.32011747430253
2020-07-29T18:30:00Z,105.99,106.37,105.6,105.94,240050,411766.2,105.2895850693136,105.37274999999993,106.27202456879293,104.47347543120692,105.12349749999933,105.73099999999957,58.66149306309474,78.23999206924545,74.63604238823105
2020-07-29T19:30:00Z,105.95,106.09,105.58,105.78,333320,381001.8,105.31350774885928,105.40674999999992,106.31359218587211,104.49990781412772,105.13037249999931,105.77899999999954,56.1539974061669,81.24872209520622,78.49330119725467
2020-07-30T13:30:00Z,104.73,105.4,104.59,104.7728,448495,373749.35,105.28713176111005,105.39188999999992,106.3295348579714,104.45424514202844,105.11719249999933,105.59255999999955,43.537676144992,63.18987341772149,74.22619586072419
2020-07-30T14:30:00Z,104.76,105.62,104.75,105.305,289783,369658.25,105.2880033825193,105.39363999999993,106.33049867112739,104.45678132887248,105.11794249999934,105.55355999999956,49.93802801947414,54.25879043600575,66.23246198297763
2020-07-30T15:30:00Z,105.32,105.95,105.25,105.66,205375,363005.95,105.30614955898177,105.39063999999993,106.32367565294248,104.45760434705738,105.13244249999931,105.49155999999955,53.7076074238651,52.571026722925524,56.67323019221738
2020-07-30T16:30:00Z,105.66,105.89,105.5,105.61,188160,354301.95,105.32097153171436,105.38413999999993,106.30912638350162,104.45915361649824,105.15069249999934,105.42555999999956,53.10112944504104,64.34599156118142,57.05860290670403
2020-07-30T17:30:00Z,105.61,105.78,105.4,105.6,173154,331468.45,105.33458267650879,105.35313999999994,106.20245886218169,104.50382113781819,105.16694249999935,105.38955999999955,52.97229183128439,68.49507735583666,61.804031879981004
2020-07-30T18:30:00Z,105.605,105.8354,105.5,105.66,258956,309740.75,105.35045669228884,105.35513999999993,106.20714721221056,104.50313278778931,105.18556749999934,105.56699999999955,53.69818525316956,68.49507735583666,67.11204875761804
2020-07-30T19:30:00Z,105.66,105.73,105.36,105.48,346435,292494.3,105.35677587803085,105.37863999999993,106.21709153089539,104.54018846910448,105.20206749999936,105.60199999999955,51.14754182126728,62.972954278204156,66.65436966329229
2020-07-31T13:30:00Z,105.52,106.1486,105.51,105.98,349310,294390.7,105.38717705471227,105.42213999999993,106.2900831142982,104.55419688570166,105.22956749999935,105.66599999999956,57.22549458998143,66.4994006506185,65.98914409488624
2020-07-31T14:30:00Z,105.96,106.37,105.73,106.3564,246073,296661.9,105.43445622277508,105.48695999999993,106.42762890756532,104.54629109243453,105.27072749999937,105.81527999999955,61.144596988692726,76.23065430506932,68.56766974463046
2020-07-31T15:30:00Z,106.37,106.4,105.15,105.625,321386,296597.8,105.4437510411763,105.50270999999994,106.44154639876453,104.56387360123534,105.29535249999938,105.82027999999954,51.30739471396998,78.16938771287249,73.63314755618657
2020-07-31T16:30:00Z,105.61,105.61,105.05,105.56,208178,295080.7,105.44942172209453,105.53620999999991,106.43203280819105,104.64038719180877,105.31660249999936,105.80027999999956,50.529357491695386,70.00314523972081,74.80106241922067
2020-07-31T17:30:00Z,105.56,105.92,105.29,105.8,267161,292294.75,105.46652310150455,105.59720999999993,106.38376198407701,104.81065801592285,105.34885249999937,105.86427999999955,53.342699849454796,59.20810313075484,69.12687869444919
2020-07-31T18:30:00Z,105.78,106.74,105.72,106.72,393630,291228.85,105.5276683160653,105.70870999999993,106.46758001763328,104.94983998236657,105.39110249999935,106.01227999999955,62.21366831771985,73.17058546404552,67.46061127817353
2020-07-31T19:30:00Z,106.72,107.42,106.51,107.42,843026,309575.05,105.61997717869626,105.79920999999993,106.86075447088032,104.73766552911954,105.45297749999934,106.22499999999954,67.30699130222186,88.64019872371405,73.6729624395046
2020-08-03T13:30:00Z,107.9,108.63,107.48,108.25,577266,318779.25,105.74827097485742,105.93470999999992,107.43179784767888,104.43762215232097,105.54510499999935,106.74999999999955,72.10779613773113,96.42531766962374,86.07870061912756
2020-08-03T14:30:00Z,108.24,108.74,108.21,108.31,448295,329020.35,105.8732333663278,106.06495999999993,107.8791427233377,104.25077727666216,105.64335499999933,107.29999999999954,72.42305202268778,92.85102301194848,92.63884646842855
2020-08-03T15:30:00Z,108.3,108.465,107.44,107.75,361140,338850.2,105.96478295821424,106.17745999999993,108.1125749716901,104.24234502830976,105.71585499999935,107.68999999999956,65.03470926776669,83.90793358105422,91.0614247542086
2020-08-03T16:30:00Z,107.73,107.74,107.33,107.54,223987,336159,106.0416228139111,106.25595999999993,108.27653320423158,104.23538679576828,105.78935499999935,107.85399999999954,62.461366462739456,76.33242999096684,84.36379552798965
2020-08-03T17:30:00Z,107.55,107.75,107.38,107.39,211111,334712.05,106.10739731079349,106.32845999999995,108.4018471499632,104.2550728500367,105.85060499999933,107.84799999999954,60.616355669102795,68.02168021680242,76.08734792960763
2020-08-03T18:30:00Z,107.39,107.53,106.925,107.225,399278,338009.95,106.16191451514503,106.40070999999993,108.49323219669341,104.30818780330645,105.90372999999934,107.64299999999955,58.56699799486193,63.2791327913281,69.21108099969892
2020-08-03T19:30:00Z,107.2,107.41,106.82,106.88,686792,349924.8,106.19694307538185,106.50606999999995,108.4682554684117,104.5438845315882,105.94897999999932,107.35699999999954,54.4237915932051,57.317073170731796,62.87262872628724
2020-08-04T13:30:00Z,106.63,107.86,106.3838,107.49,433384,357104.85,106.2600190229242,106.61531999999995,108.54081717798843,104.68982282201148,106.00447999999933,107.30499999999957,59.834259296255034,58.22041553748875,59.605540499849354
2020-08-04T14:30:00Z,107.495,107.86,107.3,107.715,423806,368026.4,106.33099370473278,106.71806999999994,108.64800292433928,104.7881370756606,106.05435499999935,107.33999999999955,61.64300916180393,62.64679313459814,59.394760614272705
2020-08-04T15:30:00Z,107.7,107.95,107.43,107.9,184242,367830.5,106.40753059718483,106.83256999999995,108.75767466532245,104.90746533467744,106.10835499999935,107.44199999999955,63.11383134998978,71.86088527551965,64.24269798253532
2020-08-04T16:30:00Z,107.9,108.07,107.58,107.85,117613,365053.45,106.47789495829777,106.94506999999994,108.83149253285055,105.05864746714934,106.14910499999935,107.56699999999955,62.41720020448959,74.55363104355702,69.68710315122475
2020-08-04T17:30:00Z,107.87,107.99,107.71,107.84,143278,359269.55,106.54433910667349,107.05406999999995,108.88190066295495,105.22623933704496,106.20460499999936,107.75899999999956,62.26916464107496,73.8791154683792,73.43121059581843
2020-08-04T18:30:00Z,107.83,108.03,107.565,107.77,191830,351539.3,106.60412744293332,107.16856999999996,108.87018564768026,105.46695435231966,106.27360499999934,107.81499999999956,61.175406337721476,67.74453056765361,72.05909235986309
2020-08-04T19:30:00Z,107.77,108.42,107.62,108.39,506611,359404.35,106.69124317742438,107.28906999999995,108.97822758070095,105.59991241929896,106.35560499999936,107.94999999999955,66.74675884983584,71.39208884436802,71.00524496013342
2020-08-05T13:30:00Z,108.69,109.16,107.3301,107.63,361782,365189.8,106.73703619315978,107.35274999999994,108.99174504271504,105.71375495728485,106.41985499999934,107.89599999999955,56.11635509410676,62.95542927206199,67.36401622802767
2020-08-05T14:30:00Z,107.63,107.99,107.43,107.51,233154,360778.2,106.77474174471297,107.44699999999996,108.8818149706594,106.01218502934051,106.47485499999934,107.82799999999955,54.636713659457705,56.86683726196079,63.7381184594634
2020-08-05T15:30:00Z,107.495,107.65,107.26,107.57,202022,360470.4,106.81353483033672,107.54749999999994,108.69168748465869,106.4033125153412,106.54185499999934,107.77399999999955,55.27175727399223,42.72746920250719,54.183245245509795
2020-08-05T16:30:00Z,107.58,107.92,107.47,107.75,329179,363571.3,106.85921605812517,107.64499999999994,108.46267352901508,106.8273264709848,106.62110499999935,107.76999999999956,57.20718022502897,44.16828758734983,47.92086468393908
2020-08-05T17:30:00Z,107.76,107.97,107.72,107.93,142640,351021.8,106.91144942114346,107.70549999999994,108.41194815807569,106.9990518419242,106.70710499999934,107.67799999999954,59.11250593692745,49.21115193429892,45.36896957471845
2020-08-05T18:30:00Z,107.95,108.31,107.9,108.08,232911,320516.05,106.96845188840476,107.73849999999996,108.45016073380054,107.02683926619937,106.76885499999935,107.76799999999955,60.683507188138414,55.33463006987998,49.57135653050938
2020-08-05T19:30:00Z,108.08,108.12,107.83,107.83,326153,307960.4,107.01047862555575,107.71749999999994,108.39132861326115,107.04367138673874,106.82610499999934,107.83199999999954,56.76854785703513,56.29517565977502,53.613652554651104
2020-08-06T13:30:00Z,107.45,108.17,107.18,108.1,325865,301838.9,107.06362600967498,107.70699999999995,108.34938150661685,107.06461849338305,106.88597999999936,107.93799999999953,59.78601230375116,53.21844625929345,54.949417329649286
2020-08-06T14:30:00Z,108.13,108.3,107.57,107.685,252321,296397.95,107.09393693603229,107.70374999999994,108.34588608374798,107.0616139162519,106.94060499999935,107.92499999999954,53.594054763514706,41.35416189122687,50.289261270098244
2020-08-06T15:30:00Z,107.69,108.19,107.36,107.86,280801,299238.65,107.13130586598194,107.71974999999993,108.3607139225874,107.07878607741247,106.98785499999933,107.91099999999953,55.678623672433275,35.43771043771026,43.336772862743324
2020-08-06T16:30:00Z,107.84,107.93,107.38,107.67,258553,301610.75,107.15758362861698,107.73374999999994,108.35728728841343,107.11021271158646,107.03110499999934,107.82899999999954,52.90018959443545,28.198653198653105,34.996841842529875
2020-08-06T17:30:00Z,107.7,107.88,107.5016,107.765,282929,295793.3,107.1872136955137,107.76074999999994,108.33894784680362,107.18255215319627,107.08072999999933,107.81599999999953,54.132641617713546,29.54545454545443,31.060606060605732
2020-08-06T18:30:00Z,107.766,108.18,107.76,107.85,336287,278268.05,107.21954473475694,107.80924999999995,108.22319776245273,107.39530223754717,107.15765999999935,107.76599999999954,55.260670800343135,29.377104377104175,29.040404040403704
2020-08-06T19:30:00Z,107.85,108.1,107.77,108.1,601475,286672.6,107.26249377208586,107.83974999999994,108.24491015358723,107.43458984641265,107.22753499999935,107.84899999999952,58.49388486426948,36.61616161616133,31.846240179573115
2020-08-07T13:30:00Z,113.3,117.69,113.09,116.37,5449884,537976.5,107.70676236856947,108.27249999999995,112.00947538124645,104.53552461875346,107.49528499999933,109.55099999999955,88.38831773564195,55.91452104296993,40.635929012078286
2020-08-07T14:30:00Z,116.39,118,116.09,116.19,2016804,629604.6,108.12057883839535,108.68699999999994,113.76512504769727,103.60887495230261,107.75978499999935,111.25499999999954,86.92089879726528,72.39229944311445,54.97432736741504
2020-08-07T15:30:00Z,116.21,117.44,115.9,116.685,866445,667046.2,108.53835548042484,109.12874999999994,115.26554629367378,102.9919537063261,108.03690999999932,113.03899999999953,87.53382723302794,86.18627742378389,71.49769930328922
2020-08-07T16:30:00Z,116.68,116.76,114.85,115.09,767849,698274.75,108.85794789601387,109.49124999999995,116.11769465381242,102.86480534618748,108.27265999999933,114.48699999999954,75.29019044941798,81.40788662969814,79.99548783219863
2020-08-07T17:30:00Z,115.09,115.67,114.2,114.453,748260,726096.25,109.13087726694002,109.82539999999995,116.73874912759699,102.9120508724029,108.49698499999934,115.75759999999954,71.01785356688686,76.05668515095509,81.21694973481218
2020-08-07T18:30:00Z,114.47,115.25,114.39,114.8,662296,733880.5,109.4074198392844,110.14589999999995,117.35150681414417,102.94029318585574,108.71748499999933,115.44359999999953,71.95156037680691,70.24953789279118,75.90470322448128
2020-08-07T19:30:00Z,114.78,115.21,114.63,115.08,725353,752059.05,109.68413106663638,110.51839999999996,117.93249890411765,103.10430109588226,108.93557499999933,115.22159999999954,72.71541476190454,70.218730745533,72.17498459642623
2020-08-10T13:30:00Z,115.06,115.26,113.81,114.4297,889014,784852.05,109.91562223411754,110.86438499999994,118.33028076039973,103.39848923960015,109.15569249999933,114.77053999999953,68.07826866583488,69.96087550206387,70.14304804679583
2020-08-10T14:30:00Z,114.43,114.57,113.6,114.28,539421,801722,110.12851871050205,111.19988499999995,118.64649826813346,103.75327173186645,109.37369249999935,114.60853999999954,67.01873863041723,68.16502728633048,69.4482111779756
2020-08-10T15:30:00Z,114.265,114.7,114.07,114.48,395725,805049.3,110.34078609047756,111.53638499999997,118.93710183995069,104.13566816004925,109.59069249999934,114.61393999999954,67.74108810816844,66.11237781364908,68.07942686734762
2020-08-10T16:30:00Z,114.48,115.25,114.42,115.01,349980,815416.3,110.56855262264939,111.89038499999997,119.2443868646402,104.53638313535973,109.79794249999934,114.65593999999953,69.63879717388605,67.8040180674116,67.3604743891302
2020-08-10T17:30:00Z,115.02,115.62,114.83,115.6099,319063,819723.9,110.81447200691039,112.26687999999997,119.57287076665337,104.96088923334658,110.00268999999935,114.76191999999953,71.6702656865402,71.67787996825746,68.53142528310586
2020-08-10T18:30:00Z,115.63,116.65,115.395,116.055,614259,834129.2,111.07010751876842,112.67812999999997,119.86379521850438,105.49246478149556,110.19781499999935,115.08697999999954,73.10799686553618,76.38864719952771,71.95684841173205
2020-08-10T19:30:00Z,116.05,116.535,115.95,116.14,601834,847927.65,111.31741934712119,113.08012999999997,120.09386100086014,106.06639899913979,110.39356499999936,115.45897999999954,73.38577308298609,73.2548660793425,73.77379774904236
2020-08-11T13:30:00Z,116.08,116.2,113.52,114.625,1084361,889529.65,111.4787647448226,113.42712999999996,120.01246413521527,106.84179586478466,110.56543999999936,115.48797999999954,61.24325959824282,55.92353237398541,68.52234855095168
2020-08-11T14:30:00Z,114.61,115.23,114.45,114.55,503348,900657,111.62858109873369,113.76162999999997,119.84214353032172,107.68111646967822,110.74068999999936,115.39597999999953,60.70774155114105,37.68627168280765,55.62155671204499
2020-08-11T15:30:00Z,114.59,115,114.52,114.89,268664,901162.55,111.78767470367352,114.12262999999996,119.53413749352097,108.71112250647894,110.92818999999936,115.25199999999954,62.31642377231668,31.074879797598175,41.56156128479687
2020-08-11T16:30:00Z,114.87,115.21,114.56,115.095,234665,898749.35,111.94900764495773,114.48912999999997,119.05556550183455,109.9226944981654,111.12493999999936,115.05999999999953,63.29226789551868,39.62631654641907,36.129156008941436
2020-08-11T17:30:00Z,115.08,115.1,114.5,114.51,237192,893794.6,112.07393410130126,114.82212999999997,118.22701691037206,111.41724308962789,111.31568999999936,114.73399999999954,58.626640657674656,41.41094413547392,37.37071349316352
2020-08-11T18:30:00Z,114.565,114.59,113.43,114,425502,884995.95,112.16788853538412,115.11712999999997,116.64779262527803,113.58646737472192,111.47843999999934,114.60899999999954,54.83182180773446,33.216915047724946,38.084725243205774
2020-08-11T19:30:00Z,113.99,114.14,113.28,113.59,557779,640390.7,112.23725982634099,114.97813,116.53316460810234,113.42309539189765,111.62531499999935,114.41699999999955,51.922130554950556,19.510023127221135,31.379294103473132
2020-08-12T13:30:00Z,114.27,115.75,114.07,115.65,404769,559788.95,112.40373495676337,114.95112999999999,116.43833298291993,113.46392701708005,111.81906499999937,114.56899999999955,62.64730225075507,32.409028635322066,28.378655603422516
2020-08-12T14:30:00Z,115.65,116.24,115.35,115.425,367883,534860.85,112.55111373936028,114.88813,116.16857766874142,113.60768233125859,112.00843999999935,114.63499999999954,61.04548642780061,47.72502472799213,33.21469216351157
2020-08-12T15:30:00Z,115.44,115.545,115.07,115.2425,188083,505872.55,112.68240087402563,114.89575499999998,116.1827200305731,113.60878996942687,112.19350249999937,114.78149999999955,59.71185505625421,64.07022749752726,48.06809362028028
2020-08-12T16:30:00Z,115.24,115.6,115.1,115.23,283456,482632.35,112.80667400212194,114.93460499999999,116.21264226311266,113.65656773688733,112.38000249999936,115.02749999999953,59.61578780614513,59.9159248269041,57.23705901747429
2020-08-12T17:30:00Z,115.26,115.95,115.12,115.72,239155,461475.3,112.94878746543306,114.980605,116.30146101254924,113.65974898745075,112.56325249999936,115.45349999999954,62.184167412676096,62.83382789317514,62.27332673920196
2020-08-12T18:30:00Z,115.76,115.8,115.25,115.53,269292,438672.25,113.0747002719973,115.00310499999998,116.34512836265594,113.66108163734401,112.76075249999936,115.42949999999954,60.575425865359925,66.46382875922463,63.07119382643442
2020-08-12T19:30:00Z,115.53,115.6,115,115.24,400364,414239.75,113.18032464897304,115.04361999999999,116.36268255894204,113.72455744105794,112.95400249999935,115.39249999999954,58.1045786555015,69.2480670034035,66.18190788526755
2020-08-13T13:30:00Z,115.15,117.15,115.08,116.9027,463970,410467.2,113.36190393438899,115.174755,116.6733386879829,113.6761713120171,113.18731999999936,115.72453999999952,66.53331847001613,76.3168197669323,70.67623850985326
2020-08-13T14:30:00Z,116.89,117.11,116.48,116.92,248487,403105.3,113.53546959612612,115.296755,116.9395745853116,113.6539354146884,113.41656999999937,116.06253999999953,66.6085929380487,84.62762762762758,76.73083813265426
2020-08-13T15:30:00Z,116.9,117.0438,116.37,116.51,216206,396416.6,113.68056864021753,115.37175500000001,117.09056365423892,113.6529463457611,113.63106999999937,116.22053999999953,62.99244691233012,90.3763996554694,83.77361568334288
2020-08-13T16:30:00Z,116.53,116.61,115.725,115.725,226980,391812.45,113.78029699923131,115.37751,117.10023589449932,113.65478410550068,113.82219499999937,116.25953999999953,56.65092905137212,80.23255813953485,85.07886180754373
2020-08-13T17:30:00Z,115.71,115.85,115.14,115.43,348878,378543.4,113.86077031634198,115.34625999999999,117.04114370031687,113.65137629968311,114.01219499999937,116.29753999999953,54.43321391230853,67.39879414298021,79.3359173126613
2020-08-13T18:30:00Z,115.38,115.47,114.92,115.25,267809,361842.15,113.92853761798384,115.30175999999999,116.95722317313546,113.64629682686451,114.19094499999935,115.96699999999953,53.068104464042015,56.54608096468561,68.05914441573336
2020-08-13T19:30:00Z,115.26,115.41,114.89,115.36,324300,323839.1,113.99836505125292,115.33851,116.96461996786404,113.71240003213596,114.38281999999933,115.65499999999955,53.83012565943539,49.44768840117686,57.797521169614036
2020-08-14T13:30:00Z,115.6998,116.09,114.33,115.46,381107,317727.05,114.06966431704546,115.38400999999999,116.96974484151545,113.79827515848453,114.57281999999934,115.44499999999952,54.552563270555915,44.286143877930094,50.09330441459733
2020-08-14T14:30:00Z,115.465,115.61,114.93,115.475,136313,311109.5,114.13821727718958,115.41326,116.98296678714046,113.84355321285953,114.76794499999934,115.39499999999953,54.66714902548688,40.85229191612162,44.86204139840933
2020-08-14T15:30:00Z,115.51,115.56,114.945,115.19,84706,303611.55,114.18952375147302,115.41801000000001,116.98440722534679,113.85161277465323,114.95356999999936,115.34699999999953,51.98526623473993,37.05673758865236,40.73172446090117
2020-08-14T16:30:00Z,115.21,115.33,115.04,115.29,99946,296749.25,114.24320551969384,115.45701,116.96892836670737,113.94509163329262,115.13956999999934,115.35499999999954,52.859143933635806,35.047281323877094,37.65210360955017
2020-08-14T17:30:00Z,115.295,115.44,115.06,115.2382,171681,284058.2,114.29174183580633,115.51892000000001,116.88111150283352,114.1567284971665,115.31802499999935,115.33063999999953,52.3278637955264,32.248226950354784,34.78408195429456
2020-08-14T18:30:00Z,115.28,115.45,115.02,115.15,170141,264676.3,114.33360808771822,115.59691999999998,116.65252580256268,114.54131419743729,115.28752499999935,115.26863999999952,51.380910072448806,31.775413711584193,33.023640661938494
2020-08-14T19:30:00Z,115.14,115.5,114.98,115.5,317838,260329.75,114.39050525417099,115.58941999999998,116.64554206227214,114.53329793772781,115.27027499999936,115.27363999999952,54.8709924333952,34.25768321513021,32.7604412923562
2020-08-17T13:30:00Z,115.97,116.6,115.82,116.38,468668,265369,114.48755377835776,115.63716999999997,116.74436019161979,114.52997980838015,115.26264999999935,115.51163999999953,62.21520491040322,48.10279436025655,38.04529709565679
2020-08-17T14:30:00Z,116.38,116.73,116.3,116.54,232457,267587.7,114.58767310624275,115.70204499999997,116.86001847893876,114.54407152106118,115.29889999999935,115.76163999999953,63.382029868431175,65.55533140626618,49.305269660550785
2020-08-17T15:30:00Z,116.56,116.789,116.43,116.705,144218,260625.8,114.69095734496261,115.77579499999997,116.9906055934337,114.56098440656625,115.35519999999933,116.05499999999952,64.59622058965803,83.92020324772854,65.85944300475023
2020-08-17T16:30:00Z,116.69,117.28,116.61,117.205,222339,259785,114.8135935720376,115.85004499999998,117.21445523812795,114.485634761872,115.41532499999933,116.46599999999953,68.05315659559237,91.82574322252837,80.43375929217417
2020-08-17T17:30:00Z,117.2,117.29,116.855,117.17,239065,258273.65,114.92854022706015,115.93204499999997,117.40265364199351,114.46143635800644,115.46757499999933,116.79999999999953,67.55589185140009,96.66251676370156,90.80282107798597
2020-08-17T18:30:00Z,117.19,117.32,117.06,117.21,366788,256594.85,115.03983094769137,116.03054499999999,117.56505772979165,114.49603227020833,115.53708249999931,116.96599999999953,67.84506875970774,96.5748810995679,95.02104702859909
2020-08-17T19:30:00Z,117.23,117.27,116.85,116.89,370745,251933.6,115.13008309658447,116.02990999999997,117.56298841143823,114.49683158856172,115.6023324999993,117.03599999999952,63.006801302275164,92.62858175901664,95.28865987409517
2020-08-18T13:30:00Z,117.68,117.73,116.14,116.14,398199,259419.2,115.17934733577547,115.99090999999999,117.47017242959325,114.51164757040672,115.64383249999932,116.92299999999952,53.39568718409057,75.05136168179655,88.08494151346015
2020-08-18T14:30:00Z,116.0921,116.56,115.86,116.5,257727,261495.25,115.24376941695716,115.99040999999997,117.46897686545304,114.5118431345469,115.68108249999932,116.78199999999951,56.80193699906421,61.55594808490766,76.41196384190675
2020-08-18T15:30:00Z,116.52,116.59,116.28,116.38,128484,256570.45,115.29919529905682,116.02315999999996,117.50577165030695,114.54054834969297,115.70033499999931,116.62399999999953,55.34972740253142,49.986068688941124,62.19779281854826
2020-08-18T16:30:00Z,116.39,116.63,116.37,116.44,105631,244408.1,115.35484430885893,116.07365999999995,117.5407386160399,114.60658138395999,115.70995999999931,116.46999999999953,55.95605461432659,53.27827648114891,54.94009775166571
2020-08-18T17:30:00Z,116.46,116.51,116.12,116.405,202388,241137.05,115.40607141574387,116.13140999999996,117.55452401356887,114.70829598643105,115.7165849999993,116.37299999999952,55.482748203410324,51.93939393939379,51.73457970316108
2020-08-18T18:30:00Z,116.42,116.44,116.21,116.33,170971,233470.6,115.45114110278075,116.17990999999995,117.56002500087368,114.79979499912622,115.7592099999993,116.41099999999952,54.42047666516303,51.33333333333321,52.18366791795845
2020-08-18T19:30:00Z,116.32,116.42,115.96,115.97,337076,231269.05,115.47645129288901,116.20540999999994,117.5497592015292,114.86106079847069,115.7947099999993,116.30499999999952,49.51952959651296,36.2541646834841,46.50896398540351
2020-08-19T13:30:00Z,116.74,116.93,115.84,116.34,243015,236604.15,115.51857562006515,116.24865999999993,117.55124038740834,114.94607961259152,115.83095999999932,116.29699999999953,54.095247360918,27.799779562432338,38.4624258597497
2020-08-19T14:30:00Z,116.35,116.66,116.1,116.49,193110,242024.35,115.56596217518393,116.31365999999994,117.52498673777144,115.10233326222844,115.86583499999931,116.30699999999952,55.84272767636578,22.89998799597402,28.984644080629966
2020-08-19T15:30:00Z,116.51,116.675,116.2402,116.32,139646,244009.35,115.60274450810178,116.36515999999995,117.48191223108958,115.24840776891031,115.91108499999932,116.28999999999951,53.363364263757454,28.7477954144618,26.482520990955873
2020-08-19T16:30:00Z,116.325,116.46,115.98,116.0127,150109,242930.75,115.62274233697487,116.40388499999992,117.40985462437474,115.39791537562509,115.96140249999931,116.22653999999952,49.11802157817674,22.975308641974888,24.874364017470057
2020-08-19T17:30:00Z,116,116.11,114.94,115.085,239011,246374.25,115.5965110034639,116.40063499999994,117.42307259963482,115.37819740036505,115.9987774999993,116.0495399999995,39.02461333786619,13.243841383626007,21.65564848002072
2020-08-19T18:30:00Z,115.1,115.56,114.96,115.22,213514,241158.05,115.57814461305102,116.38663499999993,117.4641997382651,115.30907026173476,115.98802749999929,115.82553999999952,40.92699195130793,8.123513682653334,14.78088790275123
2020-08-19T19:30:00Z,115.23,115.42,114.92,115.14,376870,236568.15,115.55677170509732,116.32463499999994,117.53152386196474,115.11774613803514,115.9809024999993,115.55553999999952,40.12802091655825,7.6873854683520575,9.684913511543622
2020-08-20T13:30:00Z,114.56,115.86,114.51,115.78,295355,239713.05,115.56766089021453,116.28663499999993,117.51172836997301,115.06154163002685,115.99433999999931,115.44753999999952,48.748008236993435,23.448120877181292,13.08634000939538
2020-08-20T14:30:00Z,115.775,115.79,115.1,115.41,150624,240033.35,115.55997011508211,116.22188499999993,117.48789267973562,114.95587732026424,115.99883999999929,115.32699999999952,44.73782419104218,32.49953432742159,21.211680224318133
2020-08-20T15:30:00Z,115.4014,115.4499,114.87,114.9,154527,236642.75,115.52777645093177,116.10663499999994,117.41270473976782,114.80056526023206,115.97833999999928,115.28999999999954,39.86928159003552,35.26170798898058,30.403121064527642
2020-08-20T16:30:00Z,114.89,115.105,114.5801,114.78,194462,234412.6,115.49129955088631,115.98713499999994,117.31925369783853,114.65501630216134,115.95958999999928,115.20199999999954,38.79937802884365,21.487603305785,29.749615207395546
2020-08-20T17:30:00Z,114.78,115.16,114.71,115.11,135112,222828.8,115.4726995727943,115.88213499999995,117.14119561217622,114.62307438782368,115.95633999999927,115.19599999999953,43.30513079381532,17.355371900826366,24.70156106519714
2020-08-20T18:30:00Z,115.07,115.21,114.92,115.075,163895,212486.3,115.4532995936336,115.79138499999995,117.00770172895217,114.57506827104773,115.91064749999927,115.05499999999952,42.94400966292745,19.765840220385552,19.536271808998794
2020-08-20T19:30:00Z,115.085,115.54,115.07,115.4,345848,209868.75,115.45069961345635,115.75438499999993,116.97105272175483,114.53771727824503,115.87264749999929,115.05299999999954,47.335682762538084,28.30578512396687,21.808999081726085
2020-08-21T13:30:00Z,114.28,115.25,113.3821,114.51,605661,227265.45,115.40481182743409,115.65488499999995,116.93519348045963,114.37457651954027,115.82264749999929,114.97499999999954,38.57848339560007,31.45881651875275,26.510147287701546
2020-08-21T14:30:00Z,114.51,114.94,114.42,114.62,182423,229962.4,115.36652832365681,115.56688499999996,116.8773249433497,114.25644505665021,115.79502249999928,114.94299999999953,40.05459718087245,36.20744841539468,31.99068335270459
2020-08-21T15:30:00Z,114.62,115.04,114.3601,114.98,132914,231326.55,115.34767328347843,115.49388499999995,116.76367147225588,114.22409852774402,115.78377249999929,114.91699999999953,44.73560353698747,41.25358421493684,36.306616383027915
2020-08-21T16:30:00Z,115,115.09,114.54,115.07,83266,225370.45,115.33412824525996,115.42713499999995,116.63727756396874,114.21699243603116,115.77927249999928,114.91599999999953,45.873539102618054,50.46123511574826,42.640755915359755
2020-08-21T17:30:00Z,115.08,115.09,114.84,114.91,90979,221370.85,115.31343906256436,115.35613499999997,116.51144175801551,114.20082824198442,115.76802249999928,114.81799999999953,44.133716774783565,58.48392873390233,50.0662493548623
2020-08-21T18:30:00Z,114.93,115.12,114.81,114.97,146753,211854.7,115.29668593756122,115.30613499999995,116.43714680591553,114.17512319408438,115.75577249999927,114.90999999999954,44.97648267132783,62.539669501172234,57.16161111694077
2020-08-21T19:30:00Z,114.96,115.15,114.87,115.02,285589,213983.4,115.28318906255824,115.24013499999997,116.27181469114014,114.2084553088598,115.74439749999927,114.98999999999953,45.711451368982345,63.947966692225975,61.6571883091
2020-08-24T13:30:00Z,115.05,116.09,115.03,115.94,288474,218751.6,115.31522862048223,115.21263499999998,116.132889141585,114.29238085841496,115.76314749999926,115.18199999999952,57.07333112528906,74.88115608671944,67.12293076003904
2020-08-24T14:30:00Z,115.94,116.07,115,115,211337,222336.15,115.29985161460505,115.14663499999997,115.91685247910056,114.3764175208994,115.75589749999924,115.16799999999952,46.39031290593298,73.43612826478476,70.75508368124322
2020-08-24T15:30:00Z,114.97,115.4,114.97,115.1,238032,226732.3,115.29010275535602,115.10099999999997,115.76079239160012,114.44120760839982,115.75244249999926,115.20599999999952,47.515814309706485,72.54945406649672,73.62224613933347
2020-08-24T16:30:00Z,115.07,115.395,114.99,115.28,321961,230879.8,115.28960993802157,115.11074999999998,115.77505621704523,114.44644378295473,115.75569249999926,115.26799999999953,49.56822474080227,64.42507724312813,70.13688652480302
2020-08-24T17:30:00Z,115.255,115.43,115.16,115.255,146300,227519.1,115.28792164836199,115.11249999999998,115.77813127931816,114.4468687206818,115.74956749999926,115.31499999999953,49.27998193491417,67.56404101579322,68.17952410847252
2020-08-24T18:30:00Z,115.25,115.32,114.83,114.89,229559,220153.55,115.26851083624676,115.1,115.77245074168228,114.42754925831771,115.71231749999927,115.10499999999952,45.15172257355365,64.97901202653965,65.65604342848683
2020-08-24T19:30:00Z,114.89,115.29,114.755,115.28,437821,227276.85,115.26907128325911,115.075,115.67806716043161,114.4719328395684,115.68081749999926,115.16099999999953,49.97396402084009,64.97901202653965,65.84068835629067
2020-08-25T13:30:00Z,115.7,115.7,114.78,115.09,408942,240192.75,115.26033609870989,115.05900000000001,115.64232323798853,114.47567676201149,115.64044249999927,115.15899999999954,47.77043472069279,55.98864312689449,61.982222393324435
2020-08-25T14:30:00Z,115.08,115.1,114.735,114.85,239273,244430.05,115.24031970365087,115.0565,115.64294778113009,114.47005221886991,115.58156749999928,115.07299999999952,45.0672342141906,46.86675603243495,55.944803728622865
2020-08-25T15:30:00Z,114.875,115.125,114.6,115.05,171240,243268.95,115.2310358156679,115.07000000000001,115.64263426370667,114.49736573629335,115.52856749999928,115.03199999999954,47.722088754806066,34.4719907359923,45.775796631773744
2020-08-25T16:30:00Z,114.97,115.31,114.94,115.13,172228,245124.75,115.22610723929385,115.07099999999998,115.64397992984314,114.49802007015683,115.47656749999928,115.07999999999954,48.788251599022075,32.264417216270104,37.86772132823228
2020-08-25T17:30:00Z,115.125,115.225,114.92,115.1,206680,247264,115.21995566664538,115.07224999999998,115.64536844325302,114.49913155674695,115.43181749999931,115.04399999999956,48.38970942864609,34.010247528324804,33.5822184935289
2020-08-25T18:30:00Z,115.1,115.32,115.09,115.2,159534,237948.3,115.21898221949195,115.06224999999999,115.61888700019577,114.50561299980421,115.4083174999993,115.06599999999953,49.86001188270962,36.46532438478753,34.246663043127306
2020-08-25T19:30:00Z,115.2,115.44,115.1,115.34,253329,220331.7,115.2248855258582,115.10375000000002,115.61108494849088,114.59641505150915,115.3793174999993,115.16399999999953,51.924930854778886,41.16331096196888,37.212960958360235
2020-08-26T13:30:00Z,115.11,115.75,114.74,115.6,281763,225298.7,115.24318379288951,115.15275000000001,115.65298469488684,114.65251530511318,115.35981749999928,115.27399999999955,55.58335873509448,52.653365596798295,43.42733364785139
2020-08-26T14:30:00Z,115.62,115.78,115.06,115.1,180685,227687.25,115.2361992176266,115.15875000000001,115.65340012883607,114.66409987116396,115.32631749999928,115.26799999999953,48.01603648796728,53.35484059016253,49.0571723829764
2020-08-26T15:30:00Z,115.12,115.96,115.11,115.87,106946,228871.25,115.26711632896189,115.19875000000002,115.78002338659235,114.61747661340769,115.31294249999928,115.42199999999954,57.591427191528965,67.9274817271544,57.978562638038234
2020-08-26T16:30:00Z,115.88,115.94,115.51,115.62,180083,233326.45,115.28433016657351,115.23425000000002,115.82725316185237,114.64124683814767,115.29519249999927,115.50599999999955,54.106674792826674,70.25174476570339,63.84468902767327
2020-08-26T17:30:00Z,115.62,115.78,115.43,115.66,172506,234614.1,115.30265552430163,115.26875000000003,115.87635081464366,114.6611491853564,115.28744249999929,115.56999999999952,54.58022251606513,82.10784313725556,73.42902321003761
2020-08-26T18:30:00Z,115.67,115.885,115.45,115.875,234756,232072.45,115.33057476701862,115.31150000000002,115.96188527040457,114.66111472959548,115.27581749999929,115.62499999999955,57.14015201848718,82.23039215686329,78.19666001994057
2020-08-26T19:30:00Z,115.9,116.24,115.65,116.18,564916,245894.55,115.37201014423722,115.32350000000004,116.02655120720735,114.62044879279273,115.2680674999993,115.84099999999953,60.53803035249069,89.34421329507465,84.56081619639765
2020-08-27T13:30:00Z,116.75,116.75,115.09,115.99,327903,251722.85,115.4021559908598,115.37300000000002,116.11623213060886,114.62976786939117,115.25981749999929,115.86499999999953,57.48086494039745,84.91420873511102,85.49627139568281
2020-08-27T14:30:00Z,116.03,116.27,115.65,115.725,154961,247569.3,115.41790447911053,115.40425000000002,116.15148674291719,114.65701325708285,115.25262499999928,115.88599999999954,53.42822211162341,71.1060692002271,81.78816374347075
2020-08-27T15:30:00Z,115.72,115.95,115.27,115.51,176337,240288.1,115.42239694354417,115.41575000000003,116.16206276952055,114.66943723047952,115.26324999999926,115.85599999999954,50.32793835546189,51.761733965829876,69.26067063372248
2020-08-27T16:30:00Z,115.51,115.7,115.21,115.58,155730,240759.6,115.43008489751763,115.43200000000004,116.17775733315013,114.68624266684996,115.27224999999927,115.79699999999953,51.318404843394326,44.141694627637186,55.66983259789788
2020-08-27T17:30:00Z,115.595,115.9,115.33,115.845,203887,239476,115.45032465861433,115.47975000000004,116.20251880808955,114.75698119191053,115.28987499999928,115.72999999999952,54.97840414513693,45.02487562189079,46.97610140511912
2020-08-27T18:30:00Z,115.86,115.87,115.55,115.695,236684,229419.15,115.46226004112096,115.50050000000006,116.22296730024632,114.7780326997538,115.28774999999928,115.67099999999952,52.56917858701592,48.092868988391416,45.75314641263963
2020-08-27T19:30:00Z,115.695,115.75,115,115.24,470865,232515.3,115.45141808789555,115.50800000000004,116.21624007224892,114.79975992775115,115.28349999999928,115.57399999999953,45.98626318773476,42.45439469320066,45.19071310116078
2020-08-28T13:30:00Z,115.25,115.65,114.88,115.42,231106,232106.95,115.44988549824211,115.53650000000002,116.17939268152644,114.8936073184736,115.29649999999928,115.55599999999954,48.72193803474555,33.75502168302877,41.43409512154011
2020-08-28T14:30:00Z,115.4,115.8,115.23,115.67,152761,231183,115.46062279101079,115.56750000000002,116.1722272111866,114.96277278881345,115.31874999999927,115.57399999999953,52.33296382100348,31.999538847651436,36.069651741293455
2020-08-28T15:30:00Z,115.65,115.66,115.42,115.59,102854,227714.3,115.46693387437612,115.59050000000005,116.16093755130231,115.02006244869779,115.33074999999928,115.52299999999954,51.093038916667986,36.36363636363671,34.03939896477214
2020-08-28T16:30:00Z,115.58,115.75,115.395,115.44,114627,223111.65,115.46562002684558,115.60750000000003,116.13726881745852,115.07773118254154,115.33987499999928,115.47199999999955,48.76026800508469,36.72014260249581,35.02777260459448
2020-08-28T17:30:00Z,115.43,115.65,115.41,115.605,105993,220434.6,115.47241904992629,115.62775000000003,116.1235370005891,115.13196299941097,115.34499999999927,115.54499999999955,51.38943627769843,35.56149732620352,36.21509209744517
2020-08-28T18:30:00Z,115.6001,116.26,115.495,116.15,630459,239291.1,115.50547177919817,115.66825000000003,116.19477896402304,115.14172103597701,115.38599999999926,115.69099999999953,58.89237151209793,45.54367201426057,39.275103980986465
2020-08-28T19:30:00Z,116.16,116.35,116.075,116.2599,403035,245354.7,115.54227315582266,115.70124500000004,116.28601538386062,115.11647461613947,115.42699749999926,115.80897999999954,60.22555682941962,60.158645276292695,47.087938205585424
2020-08-31T13:30:00Z,115.43,117.11,115.28,115.79,458073,259224.1,115.55435739212399,115.73574500000004,116.25195404859878,115.2195359514013,115.44724749999925,115.84897999999956,52.40036728246266,60.83768574694489,55.51333434583254
2020-08-31T14:30:00Z,115.78,116.105,115.51,115.7,239559,265854.75,115.56146190958135,115.72724500000004,116.23991784095006,115.21457215905002,115.46299749999928,115.90097999999955,51.0326881052262,50.45663972886376,57.15099025070027
2020-08-31T15:30:00Z,115.7,116.39,115.65,116.08,160897,264895.45,115.58675645057738,115.75024500000004,116.28250843275188,115.21798156724819,115.49224749999928,115.99597999999955,56.22757698151531,43.796711509716296,51.69701232850813
2020-08-31T16:30:00Z,116.08,116.35,115.805,116,148557,263698,115.60691467250044,115.76724500000005,116.30853516418877,115.22595483581132,115.51799749999927,115.96597999999953,54.906925573171364,46.93572496263101,47.06302540040351
2020-08-31T17:30:00Z,115.97,116.37,115.95,116.08,172176,260569,115.6299920055492,115.77749500000004,116.33410590704973,115.22088409295036,115.54449749999928,115.92999999999954,56.01938657604545,52.6158445440958,47.78276033881419
2020-08-31T18:30:00Z,116.08,116.42,116.07,116.375,189654,241805.9,115.66633385893704,115.78724500000003,116.37752954312926,115.1969604568708,115.5553724999993,116.04699999999953,59.943690180899374,57.02541106128566,52.19232685600397
2020-08-31T19:30:00Z,116.37,116.9,116.33,116.71,457475,248284.5,115.71724440240352,115.82324500000004,116.53410735083862,115.11238264916146,115.59812249999928,116.24899999999953,63.884638647324046,67.63826606875938,59.0931738913801
2020-09-01T13:30:00Z,116.58,117.1,115.95,117.1,507439,265908.4,115.7846958949692,115.89199500000004,116.79227788990265,114.99171211009742,115.64812249999927,116.45299999999952,67.85026424694223,82.8570747066119,69.17358394555212
2020-09-01T14:30:00Z,117.06,117.28,116.57,117.28,279687,271075.9,115.85763755862924,115.98049500000005,117.04600324578269,114.91498675421741,115.69812249999927,116.70899999999952,69.51410325041886,93.84362179181365,81.44632085572813
2020-09-01T15:30:00Z,117.28,117.33,116.624,116.645,209154,273747.1,115.89604548259854,116.03374500000004,117.12011496545428,114.9473750345458,115.73287249999927,116.82199999999952,58.09221882780213,88.6844836533471,88.46172671725736
2020-09-01T16:30:00Z,116.65,116.73,116.3187,116.35,131806,270143.05,115.91818960539861,116.05899500000007,117.15010817552997,114.96788182447017,115.76937249999926,116.81699999999951,53.67949984124815,72.92682926829262,85.15164490448427
2020-09-01T17:30:00Z,116.35,116.91,116.28,116.85,158773,266247.5,115.96364377098892,116.11674500000007,117.24627013111736,114.98721986888278,115.80862249999925,116.8449999999995,59.31982100359521,65.12195121951204,75.57775471371707
2020-09-01T18:30:00Z,116.86,117.16,116.77,116.93,192821,252345.3,116.01078309923336,116.20124500000006,117.30840641633655,115.09408358366356,115.85462249999928,116.81099999999951,60.155809435770465,69.75609756097565,69.26829268292659
2020-09-01T19:30:00Z,116.97,117.005,116.61,116.89,316914,256635.7,116.05367172853906,116.27474500000008,117.35964377030768,115.18984622969248,115.90562249999928,116.73299999999952,59.497438921476096,78.53658536585381,71.13821138211365
2020-09-02T13:30:00Z,117.78,118.5,117.14,117.65,489672,273481.25,116.13154140031764,116.37374500000007,117.57496242486913,115.17252757513101,115.97062249999928,116.93399999999951,66.90804191290823,76.86543219947276,75.05270504210056
2020-09-02T14:30:00Z,117.69,118.41,117.3174,118.37,207844,278730.75,116.24073450274118,116.51274500000008,117.94095887117344,115.08453112882673,116.05162249999928,117.33799999999951,72.11359802925878,81.8490294038658,79.08368232306394
2020-09-02T15:30:00Z,118.38,118.745,118.03,118.73,220179,284008.35,116.36216208797332,116.67724500000008,118.31573254704172,115.03875745295845,116.14237249999928,117.71399999999952,74.29121229375521,88.83343292137033,82.51596484156944
2020-09-02T16:30:00Z,118.7543,118.95,118.47,118.63,182708,287844.1,116.47278832758437,116.82849500000009,118.59650058307952,115.06048941692066,116.22812249999929,118.05399999999952,72.59539246308701,94.75390858097627,88.4787903020706
2020-09-02T17:30:00Z,118.62,118.9,118.38,118.44,504523,281547.3,116.56874987258026,116.94299500000008,118.81401646481683,115.07197353518333,116.3056224999993,118.3639999999995,69.35599273775624,90.60770975056683,91.39835041763763
2020-09-02T18:30:00Z,118.43,119.02,118.13,118.9,228949,272843,116.68246939099097,117.07500000000012,119.10075171229504,115.0492482877052,116.38812249999928,118.6139999999995,72.54967619971663,89.4748461816866,91.61215483774305
2020-09-02T19:30:00Z,118.9,119.2,118.7,118.88,319529,265915.8,116.78966600606458,117.2295000000001,119.31025683343486,115.14874316656534,116.4826224999993,118.71599999999951,72.19736656761725,89.74835045519087,89.94363546248125
2020-09-03T13:30:00Z,118.702,119.15,116.98,117.27,404175,274146.6,116.81309693259801,117.3080000000001,119.26691653724187,115.34908346275834,116.51762249999929,118.4239999999995,50.807869038108066,73.3830536515379,84.20208342947161
2020-09-03T14:30:00Z,117.26,117.26,115.1866,115.47,503448,291274.15,116.74758000905665,117.27750000000012,119.32876424428045,115.22623575571978,116.5138724999993,117.7919999999995,37.44942915709621,43.706433412941884,68.94594583989004
2020-09-03T15:30:00Z,115.45,115.88,115.12,115.34,391659,303429.25,116.67891756959047,117.2445000000001,119.39571105424169,115.09328894575852,116.5058724999993,117.1719999999995,36.69895796893086,15.452536982574928,44.180674682351395
2020-09-03T16:30:00Z,115.39,115.42,114.58,115.41,265804,308110.65,116.61701915156166,117.21100000000013,119.45267035932059,114.96932964067966,116.4942474999993,116.47399999999952,37.42610358725313,10.139623108017267,23.099531167844514
2020-09-03T17:30:00Z,115.39,115.39,114.49,115.13,245107,310883.3,116.54448163197328,117.1487500000001,119.54372781824101,114.7537721817592,116.4679974999993,115.72399999999952,35.661470359872055,12.315211743836736,12.635790611476132
2020-09-03T18:30:00Z,115.05,115.77,114.14,114.14,423387,309178.9,116.42718984504776,117.0202500000001,119.74823180893273,114.29226819106748,116.42174749999928,115.0979999999995,30.233577955502255,10.517826122921713,10.990886991591728
2020-09-03T19:30:00Z,114.13,115.04,113.93,114.84,645941,316104,116.34976595016738,116.90725000000009,119.79519645897267,114.01930354102751,116.39962249999931,114.9719999999995,37.47962407702641,10.285220861853455,11.039419576203791
2020-09-04T13:30:00Z,115.55,116,113.41,113.67,500862,327162.75,116.21904565991531,116.72675000000011,119.93269490749066,113.52080509250956,116.3536224999993,114.63799999999951,31.576394336723567,7.252684348573762,9.351910444449466
2020-09-04T14:30:00Z,113.6,113.73,112.21,112.4,387473,336078.7,116.03275074967554,116.51450000000008,120.23480899252993,112.79419100747023,116.27412249999932,114.03599999999949,26.666587134243386,8.158740619436957,8.565548609954547
2020-09-04T15:30:00Z,112.4,113.42,112.4,112.96,620946,360535.7,115.88286046920356,116.3450000000001,120.3757890046334,112.31421099536679,116.20199749999931,113.60199999999949,31.708956330018353,5.9794278033511,7.130284257120429
2020-09-04T16:30:00Z,112.97,114.12,112.94,112.97,672637,386228.9,115.74076971460826,116.1510000000001,120.43163499961018,111.87036500039001,116.1338724999993,113.36799999999948,31.79913820545744,8.10681926561769,7.414995896135071
2020-09-04T17:30:00Z,112.97,113.97,112.74,113.97,258688,389522.25,115.65439070413957,116.00300000000009,120.3694864593729,111.63651354062728,116.10212249999931,113.19399999999948,40.29060758910799,15.593705293276209,9.893317454081489
2020-09-04T18:30:00Z,113.95,114.8,113.88,114.68,413500,394351.55,115.6068594502791,115.89250000000008,120.27542995607813,111.50957004392204,116.08362249999932,113.39599999999947,45.480822193470175,23.795898903195194,15.83214115402952
2020-09-04T19:30:00Z,114.67,114.9,114.05,114.22,393453,389540.6,115.53920776977769,115.72100000000009,120.08381056199865,111.35818943800153,116.0473724999993,113.7599999999995,42.880164049700284,29.82585249409421,23.071818896855024
2020-09-08T13:30:00Z,112.82,113.85,111.11,112.08,1084329,433364.85,115.37046592734951,115.40650000000012,119.86591823558436,110.94708176441588,115.9596224999993,113.58399999999949,33.3313661727523,26.690362770098236,26.77070472246237
2020-09-08T14:30:00Z,112.1231,112.62,111.42,111.58,488276,446769.7,115.18556515040564,115.04900000000012,119.53168624820586,110.56631375179438,115.8631224999993,113.3059999999995,31.562848641176103,18.11544856312415,24.87722127577202
2020-09-08T15:30:00Z,111.57,112.06,111.08,111.56,332074,454238,115.00870831380048,114.69550000000011,119.10736343848838,110.28363656151184,115.7619974999993,112.82399999999947,31.490872985536654,11.71330240909779,18.839704580773216
2020-09-08T16:30:00Z,111.56,112.8199,111.54,112.55,262228,442123.25,114.88877132288339,114.4010000000001,118.55238482917292,110.24961517082727,115.67199749999932,112.39799999999948,38.91634910422763,16.41519942806798,15.414650133429797
2020-09-08T17:30:00Z,112.54,113.155,112.44,112.565,267820,444066.8,114.77541662420614,114.08425000000011,117.752853651237,110.41564634876322,115.57962499999931,112.06699999999948,39.02418769765094,23.27235772357732,17.133619853580853
2020-09-08T18:30:00Z,112.56,112.625,111.42,112.13,488413,452511,114.64637191083024,113.7467500000001,116.77445585590313,110.71904414409708,115.48812499999929,112.0769999999995,36.98499853112594,27.13414634146345,22.273901164369406
2020-09-08T19:30:00Z,112.135,112.23,111.55,111.58,777497,471177.1,114.49679279322876,113.46225000000011,116.16401696808998,110.76048303191024,115.38512499999929,112.0769999999995,34.528273122016756,20.562330623306277,23.65627822944884
2020-09-09T13:30:00Z,111.66,113.24,111.64,113.13,522680,472138.7,114.43011997404687,113.3452500000001,115.88703180610969,110.80346819389052,115.31137499999929,112.39099999999948,45.5127545098424,28.389662168872988,25.362046377880727
2020-09-09T14:30:00Z,113.03,113.69,112.73,113.5,231847,464148.1,114.3847482679958,113.25325000000012,115.62723036003904,110.87926963996121,115.24887499999927,112.58099999999949,47.765628216850686,42.39276947743298,30.448254089870574
2020-09-09T15:30:00Z,113.5,113.78,113.25,113.76,194938,460604.8,114.35427274272772,113.17075000000011,115.34551498727106,110.99598501272916,115.19087499999928,112.81999999999951,49.350426857137144,62.390924956369986,44.391118867558475
2020-09-09T16:30:00Z,113.77,114.42,113.75,114.295,223670,459532.95,114.35138138942392,113.12900000000009,115.18026448803616,111.07773551196402,115.13887499999927,113.2529999999995,52.54122517169717,72.55671902268764,59.113471152163356
2020-09-09T17:30:00Z,114.33,114.56,113.84,113.905,231205,449923.85,114.3296066875008,113.1172500000001,115.14780281878242,111.08669718121777,115.06874999999927,113.7179999999995,50.06520014850824,76.09075043630021,70.34613147178577
2020-09-09T18:30:00Z,113.915,114.17,113.48,113.81,387171,436985.35,114.30426001981783,113.06575000000012,114.96705027871428,111.16444972128596,114.98649999999927,113.8539999999995,49.45383804066414,76.52705061082025,75.05817335660252
2020-09-09T19:30:00Z,113.82,113.925,113.1,113.2,722491,448066.8,114.25039367738769,113.04225000000011,114.92461945094622,111.159880549054,114.88449999999928,113.7939999999995,45.60306839984145,68.77946279914151,73.79908794875382
2020-09-10T13:30:00Z,113.14,114.83,113.03,114.49,352107,446298.5,114.26208179068585,113.14675000000011,115.10540585283691,111.18809414716331,114.83062499999926,113.93999999999951,53.79651824472962,74.43961404986867,73.24870915327664
2020-09-10T14:30:00Z,114.5295,114.95,113.69,114.5,395355,435018.95,114.27368755699386,113.22375000000014,115.26627264365047,111.18122735634981,114.78437499999927,113.9809999999995,53.8545434008145,80.07498886215812,74.43135523705593
2020-09-10T15:30:00Z,114.46,114.85,113.39,113.63,218536,412313.9,114.24228816396977,113.25675000000015,115.30313040203116,111.21036959796915,114.70387499999927,113.9259999999995,48.18489103894939,80.63721955040221,78.38394082080949
2020-09-10T16:30:00Z,113.62,113.73,113.06,113.33,207427,409750.85,114.19778630231271,113.22475000000016,115.24536989246184,111.20413010753848,114.61387499999928,113.8299999999995,46.37198034355314,68.36199134769525,76.35806658675168
2020-09-10T17:30:00Z,113.37,113.515,111.7,111.76,324980,405324.85,114.07886989732184,113.07875000000016,115.07954702863759,111.07795297136272,114.48562499999927,113.5419999999995,38.259280479736894,42.11520302171862,63.70480463993851
2020-09-10T18:30:00Z,111.71,112.115,111.255,111.67,438063,407555.35,113.961364048672,112.95125000000014,114.96981105922517,110.93268894077512,114.33612499999929,112.97799999999953,37.85048251334505,24.990256848636918,45.15581707268342
2020-09-10T19:30:00Z,111.67,112.05,111.38,111.62,344330,370555.4,113.84715116824897,112.92825000000013,114.99588216018499,110.86061783981528,114.16737499999928,112.40199999999952,37.610052848850934,10.247111874378115,25.784190581577707
2020-09-11T13:30:00Z,112.28,112.95,111.45,112.71,368414,364562.3,113.7916803795539,112.98475000000015,114.96169328442016,111.00780671558013,114.0168749999993,112.2179999999995,45.706681069692465,20.162381596752535,18.46658343992235
2020-09-11T14:30:00Z,112.73,113.42,112.19,112.53,308918,363404.5,113.73013499518541,113.03325000000014,114.91321615656473,111.15328384343555,113.86437499999928,112.0579999999995,44.675604986690026,27.92061344158788,19.443368970906004
2020-09-11T15:30:00Z,112.51,112.51,111.6237,111.77,169420,358764.1,113.63451865395685,112.99425000000015,114.94377372383919,111.04472627616111,113.69762499999926,112.05999999999952,40.51937531851169,29.273793414524203,25.7855961509547
2020-09-11T16:30:00Z,111.775,111.775,110.77,110.9,251435,357944.85,113.5011275001053,112.91100000000014,115.05884682876288,110.7631531712374,113.49762499999929,111.9059999999995,36.35040594453671,17.184630292671212,24.79301238292759
2020-09-11T17:30:00Z,110.9,111.48,110.45,111.07,255192,346283.8,113.3825359147343,112.85800000000015,115.1290953304112,110.58690466958909,113.30237499999927,111.79599999999951,37.69928601907899,10.2751931153043,18.91120560749973
2020-09-11T18:30:00Z,111.065,111.76,110.84,111.635,227799,318798.9,113.29729026035702,112.86075000000017,115.12577378570207,110.59572621429827,113.1614999999993,111.58099999999949,42.09169493729884,14.407052986000457,13.955625464658484
2020-09-11T19:30:00Z,111.63,111.9001,111.29,111.53,236450,304487.4,113.21108097936398,112.78075000000017,115.11407654161233,110.447423458388,113.06299999999928,111.38099999999949,41.506033661234,21.37037037037038,15.350872157224872
2020-09-14T13:30:00Z,112.79,113.43,112.585,112.89,338062,309798.15,113.19541849256574,112.75025000000016,115.06101064312156,110.43948935687877,113.00174999999929,111.60499999999949,51.013426711070515,34.85185185185192,23.54309173607408
2020-09-14T14:30:00Z,112.87,113.47,112.85,113.28,254205,312761.5,113.19954441975766,112.72625000000016,115.00430152483476,110.44819847516557,112.94849999999931,112.08099999999949,53.35478490687325,47.51346801346809,34.578563411896624
2020-09-14T15:30:00Z,113.29,113.49,112.35,112.37,319134,317534.7,113.15907883830606,112.63000000000018,114.79463622804894,110.46536377195142,112.8794999999993,112.34099999999948,47.633838872273124,59.025663135419336,47.13032766691294
2020-09-14T16:30:00Z,112.38,112.44,111.81,111.86,284879,320218.4,113.0957091388765,112.52775000000017,114.6342363516772,110.42126364832313,112.82249999999928,112.38599999999948,44.73856284901385,56.286009942258794,54.2750470303819
2020-09-14T17:30:00Z,111.88,112.51,111.64,112.14,410402,321379.95,113.04908918088252,112.44425000000017,114.47171954349477,110.41678045650556,112.75499999999928,112.5079999999995,46.655622304568006,53.377317757250815,56.22966361164281
2020-09-14T18:30:00Z,112.15,112.37,111.78,112.17,238908,297200.8,113.00620678181508,112.39275000000018,114.3929586765602,110.39254132344016,112.71749999999926,112.36399999999949,46.86829662474872,52.72477175810664,54.12936648587191
2020-09-14T19:30:00Z,112.17,112.64,112.04,112.26,350423,297116.6,112.96980645099484,112.28125000000018,114.03480032713028,110.52769967287009,112.71399999999929,112.15999999999948,47.54395610120553,57.23684210526338,54.446310540206774
2020-09-15T13:30:00Z,113.12,114.2,112.48,114.02,557684,305233.05,113.02103540460485,112.25725000000018,113.89819934406209,110.61630065593828,112.74049999999927,112.48999999999948,58.62472441069181,70.43947368421065,60.13369584919338
2020-09-15T14:30:00Z,114.02,114.49,113.76,114.315,329715,310792,113.08415562877046,112.29150000000018,114.06857653177305,110.51442346822732,112.77412499999927,112.9809999999995,60.144423041174406,83.46926350529802,70.38185976492385
2020-09-15T15:30:00Z,114.33,115.4,114.16,115.4,365953,318718.3,113.19712364687922,112.39500000000018,114.59318334080396,110.1968166591964,112.80987499999928,113.6329999999995,65.20627973470681,96.9561056105611,83.62161426668975
2020-09-15T16:30:00Z,115.4,116.15,115.39,116.05,432630,324100.8,113.33628834703146,112.60950000000017,115.3000629522088,109.91893704779153,112.84412499999928,114.4089999999995,67.84132002969147,97.97131028892369,92.79889313492743
2020-09-15T17:30:00Z,116.05,116.09,115.45,115.86,400521,322223.7,113.45939623254212,112.81900000000016,115.81903099980805,109.81896900019227,112.88512499999926,115.1289999999995,66.26162446135342,97.59474014603363,97.50738534850598
2020-09-15T18:30:00Z,115.87,116.14,115.68,115.95,545713,332292.85,113.58088909924739,113.03550000000018,116.2736798899661,109.79732011003426,112.98187499999926,115.51499999999949,66.65767317420342,96.22299803355077,97.2630161561692
2020-09-15T19:30:00Z,115.95,116.07,115.68,115.94,520526,339898.45,113.6959676797719,113.19700000000019,116.66795289506803,109.72604710493235,113.09087499999926,115.83999999999949,66.56417413240266,95.25568692503298,96.35780836820561
2020-09-16T13:30:00Z,116.41,117.329,116.03,117.329,730758,360990.45,113.87318876856351,113.43695000000018,117.3283401102027,109.54555988979766,113.23509999999928,116.22579999999948,72.36294228561762,97.07615145736195,96.18494547198172
2020-09-16T14:30:00Z,117.32,117.42,116.68,117.095,295746,367306.75,114.03035029204821,113.70320000000018,117.82386526665144,109.58253473334892,113.34872499999929,116.4347999999995,70.15552783208219,96.57361444643072,96.30181760960839
2020-09-16T15:30:00Z,117.1,117.22,116.38,116.935,239480,366709,114.1720405217044,114.00495000000019,118.14415163676178,109.86574836323861,113.45797499999927,116.64979999999949,68.61428518827691,95.32871972318345,96.32616187565854
2020-09-16T16:30:00Z,116.89,117.12,116.08,116.095,236630,365780.9,114.26584342308468,114.25620000000019,118.26011801111963,110.25228198888075,113.55709999999927,116.67879999999948,61.03338832888296,87.68742791234145,93.19658736065172
2020-09-16T17:30:00Z,116.11,116.36,115.54,115.7,483627,378572.3,114.33580228049517,114.4594500000002,118.32065330852487,110.59824669147554,113.66009999999926,116.63079999999948,57.79944640512805,79.39622240218581,87.47079001257009
2020-09-16T18:30:00Z,115.71,115.87,114.04,114.07,634033,398451.45,114.32283631559297,114.5864500000002,118.21389728283798,110.95900271716242,113.68359999999927,115.97899999999947,46.78327779768548,61.43733755806659,76.17366262419779
2020-09-16T19:30:00Z,114.07,114.11,113.49,113.65,1037865,433441.6,114.2900150319055,114.62445000000021,118.19549984419898,111.05340015580144,113.68734999999927,115.28999999999948,44.43330989466415,43.64003287768053,61.49119761264416
2020-09-17T13:30:00Z,110.5,112.58,110.18,111.6,1036008,472531.75,114.15879478644669,114.54045000000019,118.30769347365126,110.77320652634913,113.63334999999924,114.22299999999947,35.15197795680581,27.00993740075297,44.02910261216653
2020-09-17T14:30:00Z,111.59,112.79,111.44,112.21,351641,474157.1,114.06373162613222,114.5324500000002,118.3187273524605,110.7461726475399,113.58122499999925,113.44599999999949,39.220348510621314,23.778714742657723,31.47622834036358
2020-09-17T15:30:00Z,112.19,112.44,110.6,111.01,428893,481357.8,113.91476910778431,114.4899500000002,118.41191432795551,110.5679856720449,113.50884999999923,112.50799999999947,34.61910050453659,19.705340699815793,23.49799761440866
2020-09-17T16:30:00Z,111,111.3,110.11,110.41,450846,483380,113.74380476106312,114.4034500000002,118.59589804258168,110.21100195741873,113.42384999999925,111.77599999999947,32.56211385952004,14.535576533067285,19.339877325180098
2020-09-17T17:30:00Z,110.42,111.37,110.39,110.8,274671,485168.15,113.60020452881614,114.3349500000002,118.71183955649497,109.95806044350545,113.36384999999925,111.20599999999949,35.2550117664847,8.335726684352307,14.192214639078294
2020-09-17T18:30:00Z,110.815,111.575,110.58,110.97,443660,489830,113.47190186887389,114.27045000000021,118.8030006494415,109.73789935055892,113.27584999999927,111.07999999999947,36.44632403172379,8.435932512539937,10.435745243319674
2020-09-17T19:30:00Z,110.95,112.1,110.95,111.93,426288,483260.2,113.39668714356297,114.16595000000021,118.81173632631213,109.52016367368829,113.21159999999927,111.02399999999948,42.842225473067366,15.367077063383574,10.712912086758436
2020-09-18T13:30:00Z,112.21,112.65,110.91,111.38,1679391,550744,113.29831216095015,114.01920000000021,118.81972587116744,109.21867412883299,113.15534999999925,111.09799999999947,40.33757562430053,18.01185590515283,13.938288493691944
2020-09-18T14:30:00Z,111.39,111.39,110.01,110.31,434712,554181.95,113.15254083602575,113.76470000000022,118.78030353693723,108.74909646306321,113.07984999999924,111.07799999999948,35.93597891206474,15.477249829712937,16.285394266082946
2020-09-18T15:30:00Z,110.32,110.6,109.37,109.5,435897,554345.3,112.97436811231718,113.43720000000022,118.66407935959286,108.21032064040757,113.02334999999923,110.81799999999949,33.00032659620423,7.737256007727979,13.742120580864414
2020-09-18T16:30:00Z,109.56,109.595,108.13,108.13,516027,560120.6,112.73805747269195,113.0507000000002,118.6347864283921,107.4666135716083,112.93484999999923,110.24999999999947,28.72597580918483,1.9461023369573642,8.386869391465925
2020-09-18T17:30:00Z,108.13,109.08,107.79,109.06,451584,555414.15,112.55864003499966,112.7062000000002,118.38169552371959,107.0307044762808,112.87084999999925,109.67599999999948,34.89106779203662,5.798413712339006,5.160590685674616
2020-09-18T18:30:00Z,109.06,110.09,108.98,110.055,434024,551089.05,112.43651125280455,112.4119500000002,117.99578353886515,106.82811646113525,112.80447499999926,109.41099999999949,40.79191180310737,17.185476459038373,8.309997502778081
2020-09-18T19:30:00Z,110.05,111.24,110.04,110.75,944221,561762.2,112.35424241120432,112.0830000000002,117.22724960511823,106.93875039488216,112.75997499999926,109.49899999999948,44.57075549172294,36.91880979237166,19.967566654582846
2020-09-21T13:30:00Z,109.92,110.43,108.9,109.28,777968,585873.3,112.20427936675533,111.6922500000002,116.42510270738008,106.95939729262032,112.69772499999924,109.4549999999995,38.91361822266284,41.61286919831224,31.90571848324059
2020-09-21T14:30:00Z,109.24,109.525,108.91,109.21,400984,593948.5,112.05821695862092,111.3060000000002,115.49385935768622,107.11814064231417,112.65547499999926,109.67099999999951,38.66196872078694,39.40603566529483,39.31257155199274
2020-09-21T15:30:00Z,109.2,110.12,109.075,109.97,237171,593975.55,111.95635271673697,110.9997500000002,114.59600982789848,107.40349017210193,112.62797499999927,109.8529999999995,42.97386803937163,34.624691358024585,38.54786540721039
2020-09-21T16:30:00Z,109.97,110.12,109.45,109.995,206893,580138.85,111.86067697445712,110.71450000000023,113.61123074339632,107.81776925660414,112.58697499999926,109.84099999999948,43.11552685903437,39.81481481481473,37.94851394604455
2020-09-21T17:30:00Z,110.01,110.135,109.49,109.54,188071,557840.75,111.74747321960555,110.48800000000021,112.97995786476157,107.99604213523885,112.53722499999927,109.5989999999995,41.113762298781076,42.07818930041153,38.83923182441678
2020-09-21T18:30:00Z,109.53,110.11,109.09,109.87,303913,521143.15,111.6558891601126,110.2990000000002,112.33460949097709,108.26339050902332,112.46172499999925,109.7169999999995,43.174440814953115,41.39231824417015,41.095107453131966
2020-09-21T19:30:00Z,109.87,110.67,109.7963,110.59,360247,487355.1,111.60389456693638,110.24850000000022,112.20091414657325,108.29608585342719,112.39447499999923,109.99299999999951,47.491879226365775,45.47325102880662,42.98125285779594
2020-09-22T13:30:00Z,111.64,112.61,111.01,112.175,530953,496320.7,111.63175336854924,110.2467500000002,112.19217868020398,108.30132131979643,112.38959999999925,110.43399999999949,55.50614783031266,63.79554212272825,50.22037046523484
2020-09-22T14:30:00Z,112.21,112.24,110.64,111.04,308724,490312.25,111.60288735057122,110.24825000000021,112.1960751332567,108.30042486674373,112.36909999999925,110.64299999999949,49.660895743320175,72.00521945027869,60.424670867271026
2020-09-22T15:30:00Z,111.05,111.66,110.925,111.34,158682,475704.05,111.59006357737263,110.2947500000002,112.29937583784563,108.29012416215478,112.34909999999925,111.0029999999995,51.1259396973726,77.35131396957132,71.05069184752593
2020-09-22T16:30:00Z,111.37,111.57,111.255,111.54,161731,470057.05,111.58762145164714,110.3317500000002,112.39866140346376,108.26483859653663,112.33334999999924,111.33699999999949,52.1262529357481,72.959889349931,74.1054742565935
2020-09-22T17:30:00Z,111.54,112.39,111.505,111.83,245969,460172.5,111.59944479546922,110.3747500000002,112.52700573521378,108.22249426478663,112.32259999999926,111.5849999999995,53.6089237201386,76.80934113252293,75.70684815067492
2020-09-22T18:30:00Z,111.82,112.16,111.7,112.1551,212302,449473.2,111.62654992739756,110.38600500000018,112.57275298769193,108.19925701230844,112.27597749999927,111.58101999999948,55.2809516101436,81.50503852993491,77.09142300412945
2020-09-22T19:30:00Z,112.16,112.5,111.99,112.45,359641,383485.7,111.66671822362207,110.4395050000002,112.76863093512428,108.11037906487611,112.22935249999925,111.86301999999951,56.80190583053394,87.46720575022472,81.92719513756069
2020-09-23T13:30:00Z,112.82,112.83,110.44,110.73,456364,384568.3,111.62102465173807,110.46050500000017,112.79215394049028,108.12885605951006,112.11260249999926,111.74101999999951,46.8033194578279,76.61814914645122,81.86346447553679
2020-09-23T14:30:00Z,110.75,111.26,110.25,110.965,250555,375301.2,111.58902344921427,110.53375500000018,112.83190939030395,108.23560060969642,111.98547749999925,111.62601999999951,48.146329612877885,64.14959748188416,76.07831745951988
2020-09-23T15:30:00Z,110.96,111.03,110.1,110.325,156500,357324.85,111.52736376876479,110.64350500000016,112.66499985819003,108.62201014181029,111.84710249999925,111.32501999999951,44.82713624920009,43.260950427865275,61.342899018733384
2020-09-23T16:30:00Z,110.28,110.5,109.98,109.98,155099,342500.6,111.45188260931285,110.68950500000017,112.60380059412363,108.77520940587671,111.69785249999924,110.8899999999995,43.10212529118962,35.71702376629151,47.70919055868015
2020-09-23T17:30:00Z,110,110.07,109.44,109.47,270430,334320.9,111.35520540885857,110.66025500000016,112.62952505301108,108.69098494698925,111.53610249999925,110.2939999999995,40.61405319411562,22.326203208556194,33.7680591342375
2020-09-23T18:30:00Z,109.45,109.69,108.8261,109.15,364421,305330.9,111.2476344133045,110.58025500000016,112.65558334551217,108.50492665448816,111.33162749999924,109.97799999999953,39.08934357971414,14.01561062634174,24.019612533729646
2020-09-23T19:30:00Z,109.12,109.35,108.66,109.03,520094,292437.2,111.13945712485062,110.56775500000018,112.67699378251798,108.45851621748237,111.13000249999925,109.59099999999951,38.50556221758963,9.040980704610694,15.127598179836044
2020-09-24T13:30:00Z,108.21,109.9,108.15,109.425,776284,311202.2,111.05582506997986,110.57850500000018,112.66198863604534,108.49502136395502,110.94225249999924,109.41099999999952,41.597453162684744,14.735368016645054,12.597319782532331
2020-09-24T14:30:00Z,109.44,110.57,108.951,110.325,316057,315146.5,111.02017506656621,110.59625500000018,112.66469429126833,108.52781570873204,110.79800249999926,109.47999999999952,48.011415721704594,27.53028346553531,17.10221072893019
2020-09-24T15:30:00Z,110.34,110.93,110.275,110.65,363526,322978.15,111.0021177462459,110.62900500000016,112.67898720521086,108.57902279478947,110.67175249999926,109.71599999999951,50.14085375509156,42.378917378917414,28.21485628703243
2020-09-24T16:30:00Z,110.65,111.64,110.41,111.58,347055,330927.35,111.0303071244778,110.73100500000017,112.75696229512754,108.7050477048728,110.60950249999924,110.2019999999995,55.72891836978519,57.7279202279203,42.54570702412418
2020-09-24T17:30:00Z,111.59,112.15,111.03,111.225,384204,334941.9,111.03980433791791,110.79875500000017,112.79542297482129,108.80208702517905,110.54887749999924,110.64099999999951,53.27440567358587,64.13817663817666,54.748338081671285
2020-09-24T18:30:00Z,111.19,111.63,110.32,110.42,381720,336015.55,111.00956997997069,110.79025500000016,112.79184670204167,108.78866329795865,110.51937749999925,110.8399999999995,48.100844584284744,62.49999999999999,61.455365622032154
2020-09-24T19:30:00Z,110.38,110.9,110.14,110.59,517969,335366.35,110.98910315167944,110.71100500000016,112.60988987320613,108.81212012679418,110.47887749999924,110.8929999999995,49.22229925563538,55.44871794871796,60.695631528964704
2020-09-25T13:30:00Z,110.25,110.94,109.705,110.7,476090,343734.65,110.97500055891459,110.69400500000017,112.58688229176344,108.8011277082369,110.47112749999926,110.9029999999995,49.97553741382458,54.79700854700858,57.581908831908684
2020-09-25T14:30:00Z,110.72,111.425,110.49,111.28,298781,350739.6,110.98987858043095,110.69100500000017,112.57996359183628,108.80204640816407,110.49287749999925,110.8429999999995,53.86186419839028,64.71225071225071,58.319325735992244
2020-09-25T15:30:00Z,111.32,111.45,110.7,111.09,341257,359715.9,110.99476255211725,110.66850500000017,112.52695071125366,108.81005928874667,110.50012749999925,110.8159999999995,52.42503255583732,71.8333333333333,63.7808641975307
2020-09-25T16:30:00Z,111.09,111.31,110.96,111.12,134237,354129.3,111.00087169591642,110.63300500000017,112.42736697063962,108.83864302936071,110.50387749999925,110.95599999999949,52.63986002763957,75.33333333333331,70.62630579297227
2020-09-25T17:30:00Z,111.14,111.56,111.0535,111.55,255219,356275.15,111.02765844245708,110.60275000000017,112.31181253535931,108.89368746464103,110.49437749999925,111.1479999999995,55.725842849266634,77.58333333333329,74.91666666666647
2020-09-25T18:30:00Z,111.53,112.56,111.06,112.46,588540,367720.1,111.09752876233722,110.60325000000016,112.31447843296299,108.89202156703733,110.52137749999925,111.4999999999995,61.45058509883249,85.66080876795154,79.52582514487254
2020-09-25T19:30:00Z,112.44,112.49,111.94,111.95,785407,384172.25,111.13911272515004,110.66425000000015,112.47338038496251,108.8551196150378,110.56237749999926,111.63399999999949,57.002120729829265,89.63340891912314,84.29251700680248
2020-09-28T13:30:00Z,112.78,113.73,112.485,113.495,767346,410011.8,111.25403405563053,110.79075000000016,112.98015237274508,108.60134762725524,110.66225249999925,112.11499999999948,65.21689191856765,92.99429334403776,89.42950367703732
2020-09-28T14:30:00Z,113.46,113.82,112.92,113.14,332985,418836.05,111.34603239438026,110.93150000000017,113.33455035314861,108.52844964685173,110.78750249999923,112.51899999999948,62.27292935127056,88.2418482860903,90.28985018308357
2020-09-28T15:30:00Z,113.16,113.675,113.04,113.17,323513,427256.75,111.43500642392269,111.09100000000016,113.63933200344461,108.54266799655572,110.89025249999925,112.84299999999948,62.427284937008096,87.58729187732462,89.60781116915074
2020-09-28T16:30:00Z,113.18,113.7201,113.07,113.65,216156,424543.05,111.54305489104841,111.30000000000018,113.96522794517838,108.63477205482198,110.98012749999926,113.08099999999949,64.90163326836262,87.84933171324451,87.89282395888631
2020-09-28T17:30:00Z,113.63,114.2,113.53,113.89,339379,423290.95,111.65754001831435,111.53700000000018,114.23808940980622,108.83591059019413,111.05862749999926,113.46899999999951,66.10361089368652,91.05878409519441,88.83180256192104
2020-09-28T18:30:00Z,113.93,114.48,113.85,114.25,566414,425606.95,111.7840014808356,111.79800000000019,114.48843936927697,109.1075606307234,111.18287749999926,113.61999999999951,67.88047623285132,94.71848904388797,91.2088682841088
2020-09-28T19:30:00Z,114.27,114.43,113.88,114.26,677922,420688.85,111.9047818964046,112.03975000000018,114.70259711347768,109.37690288652269,111.30912749999928,113.84399999999951,67.93076510095946,94.5597881687429,93.44568710260826
2020-09-29T13:30:00Z,114.35,114.84,113.29,114.08,414197,425595.85,112.01089009657998,112.22750000000019,114.9097015210916,109.54529847890878,111.41187749999926,114.0259999999995,65.92979018039725,91.03488395418348,93.43772038893796
2020-09-29T14:30:00Z,114.08,114.18,113.4,114.17,171221,415980.6,112.11621253089315,112.4035000000002,115.11039139045971,109.69660860954068,111.51625249999927,114.1299999999995,66.46173962417288,87.24594363667501,90.94687191986698
2020-09-29T15:30:00Z,114.2,114.53,113.83,114.38,260572,411656.45,112.22664118792275,112.54350000000018,115.35322258412732,109.73377741587304,111.63725249999929,114.2279999999995,67.72788745430796,84.82983021662132,87.70355260249312
2020-09-29T16:30:00Z,114.375,114.5,113.84,114.07,266024,405747.45,112.3165611299753,112.68575000000018,115.50212226760794,109.86937773239242,111.7422524999993,114.19199999999948,63.89323637975928,83.87511764377349,85.31696383235645
2020-09-29T17:30:00Z,114.07,114.43,114.06,114.34,274065,400364.7,112.41526546509846,112.88175000000017,115.5833926021526,110.18010739784773,111.8360024999993,114.20799999999949,65.71403316282354,84.86047152767811,84.52180646269083
2020-09-29T18:30:00Z,114.34,114.48,113.79,113.88,238644,386398.45,112.48671593021561,113.04625000000017,115.56408811031682,110.52841188968353,111.87862749999928,114.16799999999948,60.14885549653624,77.77787880342167,82.17115599162427
2020-09-29T19:30:00Z,113.875,113.96,113.46,113.53,338673,379527.6,112.53760783605875,113.18775000000016,115.46925054783483,110.9062494521655,111.9408774999993,114.03999999999948,56.245790093105306,66.0142371775727,76.21752916955734
2020-09-30T13:30:00Z,113.36,113.36,112.01,112.96,762359,402706.5,112.55821233186077,113.27175000000015,115.383501109808,111.15999889019231,111.9813774999993,113.75599999999949,50.49867447692201,48.27970978462351,64.02394192187248
2020-09-30T14:30:00Z,112.97,113.4,112.69,113.17,287483,400017.8,112.58805563274561,113.37575000000012,115.23754825701238,111.51395174298787,112.02212749999929,113.5759999999995,52.42729541416199,39.64399230767298,51.312646423289586
2020-09-30T15:30:00Z,113.15,114.08,113.09,114.01,310819,408846.9,112.65741877261168,113.52025000000015,115.08407375918215,111.95642624081815,112.07662749999929,113.5099999999995,59.26408480180616,48.40989399293279,45.44453202840961
2020-09-30T16:30:00Z,114.02,114.3,113.67,113.7,578163,424994.1,112.70827639345988,113.62775000000013,114.90423139422178,112.35126860577849,112.11524999999929,113.4739999999995,56.06201947477793,57.126030624263876,48.393305641623066
2020-09-30T17:30:00Z,113.7,115.09,113.685,114.82,536956,422414.9,112.81128730109599,113.74575000000013,115.00482614932494,112.48667385067532,112.17449999999931,113.73199999999949,63.69430157128994,73.87415293775713,59.80335918498445
2020-09-30T18:30:00Z,114.81,114.84,113.58,113.97,372085,401748.8,112.86780987177423,113.84675000000013,114.80047047781436,112.8930295221859,112.2554999999993,113.93399999999949,55.775756743459624,71.529148119254,67.50977722709152
2020-09-30T19:30:00Z,113.94,114.77,113.75,114.31,517258,389244.4,112.93816060973646,113.88750000000016,114.84724736247209,112.92775263752823,112.33912499999929,114.16199999999951,58.02374070541339,76.5151515151514,73.97281752405404
2020-10-01T13:30:00Z,115,116.43,114.62,115.16,769438,411067.05,113.0465430190176,113.98850000000016,115.03368467256873,112.94331532743159,112.45999999999931,114.39199999999951,63.07682485516949,69.85955221249331,72.63461728229942
2020-10-01T14:30:00Z,115.14,115.58,113.89,114.9,409132,415348,113.13695555467528,114.07500000000013,115.12126000582982,113.02873999417044,112.58299999999932,114.6319999999995,60.670951787736065,70.44230279524395,72.2723355076294
2020-10-01T15:30:00Z,114.91,115.73,114.85,115.53,251296,417105,113.25368943005698,114.16900000000014,115.37174519321049,112.96625480678979,112.73449999999931,114.7739999999995,64.23104242612847,72.09653092006029,70.79946197593237
2020-10-01T16:30:00Z,115.53,115.96,115.47,115.8,277808,414026.45,113.37789970176152,114.26450000000014,115.65251260793569,112.87648739206459,112.9007499999993,115.1399999999995,65.66549535911437,76.92307692307688,73.15397021279354
2020-10-01T17:30:00Z,115.79,116.28,115.05,115.69,351893,403300.4,113.4906850821634,114.33650000000014,115.85709560692058,112.8159043930797,113.06724999999933,115.41599999999951,64.5300772705103,82.88084464555043,77.30015082956237
2020-10-01T18:30:00Z,115.65,116.32,115.57,115.57,286856,383747.1,113.59211507815543,114.40200000000013,116.01388833353893,112.79011166646133,113.22087499999932,115.49799999999951,63.24532249779489,83.1825037707389,80.99547511312191
2020-10-01T19:30:00Z,115.55,115.85,115.43,115.72,379450,382009.75,113.69591434263565,114.48400000000012,116.18634426594745,112.78165573405279,113.3557499999993,115.6619999999995,64.20467682481197,82.57918552036185,82.88084464555024
2020-10-02T13:30:00Z,114.41,115.7,114.11,115.4,578050,402351.2,113.77904047226318,114.54550000000013,116.28645921830275,112.80454078169751,113.47449999999928,115.63599999999948,60.57235528648422,78.97984368572597,81.58051099227542
2020-10-02T14:30:00Z,115.38,115.38,114.01,114.1,295360,404090.6,113.7946970345918,114.53150000000012,116.28203448975002,112.78096551025023,113.5374999999993,115.29599999999951,48.554540035856895,62.212021863307456,74.59035035646494
2020-10-02T15:30:00Z,114.07,114.17,113,113.89,504471,416012.95,113.79934595973367,114.52250000000012,116.28424771173412,112.76075228826612,113.6041249999993,114.9359999999995,46.93457883436639,42.8823119573671,61.358059168800025
2020-10-02T16:30:00Z,113.88,114.11,113.18,113.9,286610,416640.2,113.8042559129174,114.50050000000013,116.28169594649219,112.71930405350807,113.69112499999929,114.60199999999949,47.025216632549636,27.475369959788875,44.18990126015433
2020-10-02T17:30:00Z,113.9838,114.115,113.42,113.61,294626,419439.3,113.7947800147263,114.48700000000012,116.29075275462527,112.68324724537497,113.7666249999993,114.1799999999995,44.64376780742297,23.32361516034993,31.227099025835155
2020-10-02T18:30:00Z,113.6,113.9,113.33,113.51,309851,417998.2,113.78088830669087,114.48600000000013,116.29189479200811,112.68010520799216,113.83687499999928,113.8019999999995,43.81969332237178,19.63070942662792,23.476564848922095
2020-10-02T19:30:00Z,113.52,114.01,113.38,113.42,378014,398780.95,113.76328399904742,114.50900000000013,116.24700920590315,112.7709907940971,113.8903749999993,113.66599999999949,43.049497939581876,14.965986394557921,19.306770327178445
2020-10-05T13:30:00Z,113.46,114.7,113.43,113.56,258397,397326.65,113.75336770641096,114.52850000000015,116.21393495863445,112.84306504136585,113.9521249999993,113.5999999999995,44.678405633267424,14.660390834475075,16.419028885220158
2020-10-05T14:30:00Z,113.57,114.095,113.42,114.05,157677,389669.55,113.76783757439091,114.53050000000015,116.21356238737471,112.84743761262558,114.0253749999993,113.6299999999995,50.06211704967112,20.24629128759948,16.624222838877344
2020-10-05T15:30:00Z,113.99,114.18,113.7,114.125,108962,366209.5,113.7852601317377,114.55175000000015,116.20275961529131,112.900740384709,114.0897499999993,113.73299999999949,50.85053364631266,27.459839357429832,20.78884049316798
2020-10-05T16:30:00Z,114.145,114.205,113.75,113.79,123792,345551.3,113.78549134482367,114.50025000000016,116.17860775380974,112.82189224619059,114.1229999999993,113.78899999999949,47.26131696784873,29.769076305221045,25.82506898341664
2020-10-05T17:30:00Z,113.77,113.82,113.57,113.625,88212,331357.65,113.77766249873471,114.48300000000015,116.18965579417431,112.77634420582598,114.1648749999993,113.8299999999995,45.55574088674488,25.502008032128696,27.576974564926378
2020-10-05T18:30:00Z,113.66,114.99,113.66,114.82,377447,324367.1,113.82850823050376,114.50850000000014,116.21928958373186,112.79771041626842,114.1979999999993,114.0819999999995,57.51425370360689,35.49337701683941,30.254820451396238
2020-10-05T19:30:00Z,114.79,114.91,114.59,114.8,250376,298414,113.8758980729182,114.49050000000014,116.18094639069176,112.80005360930852,114.2394999999993,114.23199999999949,57.28745977704016,49.78387233143096,36.926419126799544
2020-10-06T13:30:00Z,113.56,114.47,113.51,113.98,333576,294636.2,113.88097621570269,114.44450000000013,116.13793703745048,112.75106296254978,114.2597499999993,114.20299999999949,48.79222985100469,57.23426212590304,47.50383715805766
2020-10-06T14:30:00Z,113.97,114.45,113.04,113.25,218920,293017.4,113.85019688810743,114.33050000000011,116.02326371647756,112.63773628352267,114.24974999999931,114.09499999999949,42.71886993237099,40.135317108418,49.05115052191719
2020-10-06T15:30:00Z,113.27,113.39,112.735,113.255,203149,289284.45,113.82116289356561,114.20325000000014,115.81574271310043,112.59075728689984,114.2338749999993,114.0209999999995,42.7714139402607,25.599717206964456,40.98976548042835
2020-10-06T16:30:00Z,113.255,113.54,113.15,113.33,101788,276779.2,113.79720372802582,114.08525000000013,115.58687070770615,112.5836292922941,114.2108749999993,113.7229999999995,43.607040904048226,20.669496781765474,28.80151036571583
2020-10-06T17:30:00Z,113.3,113.77,112.93,113.72,275983,276235.55,113.79343769251237,113.99275000000014,115.33678301663213,112.64871698336816,114.19737499999931,113.5069999999995,47.86967349655005,31.04212860310426,25.77044753061125
2020-10-06T18:30:00Z,113.725,114.05,111.8,112.48,559865,285256.3,113.7293675611703,113.83075000000012,115.08073109978316,112.58076890021708,114.15737499999929,113.2069999999995,38.02747232022626,30.46104442235661,27.39088993574197
2020-10-06T19:30:00Z,112.46,112.82,112,112.45,389696,275838.6,113.66695938745468,113.68325000000013,114.85124518398406,112.5152548160162,114.11437499999931,113.0469999999995,37.824847236099835,28.457833167673595,29.987002064378014
2020-10-07T13:30:00Z,113.02,114.04,112.62,113.81,530251,287583.15,113.67393697831055,113.66875000000013,114.82280751581591,112.51469248418435,114.10012499999932,113.15799999999952,50.65991063120024,34.900731452455865,31.27320301416188
2020-10-07T14:30:00Z,113.795,114.18,113.39,114.02,153448,270032,113.69081810131979,113.67525000000015,114.83566576592264,112.51483423407765,114.09887499999931,113.29599999999951,52.297435682207656,50.9926854754443,38.11708336519111
2020-10-07T15:30:00Z,114.015,114.21,113.52,113.588,179694,264686.2,113.68580258418224,113.65965000000014,114.81594205212463,112.50335794787566,114.08007499999933,113.26959999999949,48.71560343000936,62.88401253918507,49.592476489028265
2020-10-07T16:30:00Z,113.59,114.24,113.53,114.06,285661,264237.95,113.70405611666115,113.68215000000016,114.85114499989834,112.51315500010199,114.08457499999932,113.5855999999995,52.54026565390304,65.49634273772216,59.79101358411703
2020-10-07T17:30:00Z,114.07,114.37,114,114.28,120139,254752.35,113.73215094023865,113.72065000000016,114.91487699256949,112.52642300743084,114.10332499999932,113.9515999999995,54.252794030827616,68.2131661442008,65.53117380703587
2020-10-07T18:30:00Z,114.26,114.42,113.92,114.25,235872,247645.25,113.75741186998312,113.76215000000018,114.96931747378628,112.55498252621408,114.1355749999993,114.0395999999995,53.966822644889824,75.78915891367406,69.83288926519886
2020-10-07T19:30:00Z,114.25,114.52,114.12,114.15,300363,249743.55,113.77656251047175,113.79165000000019,115.00642772030704,112.57687227969333,114.1600749999993,114.06559999999949,52.96463310033891,80.9727135267419,74.99167952820544
2020-10-08T13:30:00Z,114.89,115.58,114.36,114.45,212258,252472.6,113.80941311971704,113.81165000000018,115.05560374100475,112.56769625899562,114.17107499999932,114.23799999999949,55.62688342797277,78.42700465919393,78.39629236653649
2020-10-08T14:30:00Z,114.5,115,114.2801,114.94,132584,253653.7,113.86456369924304,113.85240000000019,115.18498236509612,112.51981763490426,114.20207499999931,114.41399999999949,59.6446523467509,79.8572206660444,79.75231295065994
2020-10-08T15:30:00Z,114.9047,115.2,114.68,115.11,262282,260578.2,113.92531668952387,113.9184000000002,115.35849880207745,112.47830119792296,114.20932499999931,114.57999999999947,60.965201257484,80.24691358024701,79.51037963516164
2020-10-08T16:30:00Z,115.1299,115.42,114.85,114.975,71179,259726.55,113.97652075344953,113.9859000000002,115.48980277602993,112.48199722397047,114.23444999999931,114.72499999999948,59.30554469381008,84.87654320987657,81.66022581872251
2020-10-08T17:30:00Z,115.005,115.12,114.84,115.1,68143,244261.35,114.03132461913492,113.99990000000021,115.53939302036174,112.46040697963868,114.25419999999932,114.91499999999948,60.38101997867665,86.28747795414462,83.80364491475592
2020-10-08T18:30:00Z,115.11,115.2108,114.8891,115.14,300918,246788.45,114.08540634503078,114.01690000000022,115.59829696462687,112.43550303537357,114.25369999999933,115.05299999999947,60.73859379262058,86.3352645010001,85.83309522167362
2020-10-08T19:30:00Z,115.15,115.6,115.07,115.45,337684,246993.85,114.15197188917561,114.0904000000002,115.79030886807145,112.39049113192895,114.2674499999993,115.15499999999948,63.4888568358555,89.99250915377058,87.53841720297162
2020-10-09T13:30:00Z,115.76,116.6,115.52,116.1127,336209,252858.3,114.24761716287436,114.23353500000022,116.10019637069361,112.36687362930682,114.2820174999993,115.35553999999948,68.55924601540337,89.16508493382314,88.49761952953112
2020-10-09T14:30:00Z,116.1399,116.94,116.12,116.86,284415,256921.6,114.37505047200244,114.41378500000022,116.54512775817658,112.28244224182386,114.30851749999928,115.73253999999947,73.09644861005718,92.48219210273858,90.5465953967773
2020-10-09T15:30:00Z,116.86,117.465,116.82,117.23,307156,267190,114.51431630263647,114.60878500000021,117.00499395433515,112.21257604566527,114.34701749999928,116.15853999999949,75.01866504898307,92.16936253728876,91.27221319128336
2020-10-09T16:30:00Z,117.23,117.52,117.1378,117.335,191690,262975.35,114.65191062933714,114.7895350000002,117.42384648364292,112.15522351635748,114.39114249999928,116.59753999999948,75.55249083767166,95.5166280270775,93.38939422236814
2020-10-09T17:30:00Z,117.315,117.41,116.85,116.9,278713,248917.75,114.76157352546703,115.01053500000019,117.57339572833648,112.4476742716639,114.42064249999927,116.88753999999949,68.97638244936738,90.55561438185339,92.74720164873975
2020-10-09T18:30:00Z,116.92,117.08,116.44,117.065,455683,252217.1,114.87393579251741,115.2412850000002,117.66784022352962,112.81472977647078,114.46226749999929,117.07799999999949,70.04155227089505,88.08551198257094,91.38591813050049
2020-10-09T19:30:00Z,117.065,117.3,116.85,117.23,307171,241063.1,114.98886575385802,115.4122850000002,117.89270600717653,112.93186399282386,114.54051749999928,117.1519999999995,71.10977549498821,86.81484376350163,88.48532337597517
2020-10-12T13:30:00Z,118.19,118.87,117.4,117.67,607713,263776.35,115.11965279025519,115.5947850000002,118.17374356361479,113.01582643638561,114.63501749999928,117.23999999999948,73.79331623232957,83.84079768971473,86.24705114526229
2020-10-12T14:30:00Z,117.71,118.33,117.52,118.24,457887,277686,115.27186484926713,115.8273850000002,118.47853786334926,113.17623213665115,114.74351749999929,117.42099999999951,76.79978163707486,83.28964882921578,84.6484300941439
2020-10-12T15:30:00Z,118.26,119.3,118.26,119.28,723992,299602.55,115.46738363710776,116.0883850000002,119.00651927121673,113.17025072878367,114.88526749999929,117.89699999999951,81.06749617956737,86.12380318015691,84.41808323302901
2020-10-12T16:30:00Z,119.19,120.01,119,119.96,598351,323513.15,115.68653565480982,116.37238500000021,119.61841533024149,113.12635466975892,115.0465174999993,118.4759999999995,83.23857010705117,94.51621733188621,87.97655644708617
2020-10-12T17:30:00Z,119.99,120.95,119.66,120.87,586813,341060.2,115.93938757408739,116.70338500000021,120.34251586118515,113.06425413881527,115.23276749999927,119.2039999999995,85.61579178865107,99.0881718450757,93.24273078570612
2020-10-12T18:30:00Z,120.81,121.36,119.835,120.14,672767,359680.4,116.14429549730264,117.00288500000019,120.73686169580935,113.26890830419103,115.39726749999929,119.6979999999995,76.27072051583019,92.77235985793686,95.45891634496611
2020-10-12T19:30:00Z,120.16,120.43,119.85,120.08,639317,381033.35,116.33628108280007,117.2843850000002,121.05478231922734,113.51398768077306,115.54801749999929,120.06599999999949,75.5408868489231,85.78879644767578,92.5497760502293
2020-10-13T13:30:00Z,120.8,121.5,120.3,120.79,514698,400139.05,116.5535356641269,117.57688500000022,121.47974421406708,113.67402578593335,115.71464249999929,120.36799999999951,78.19933157794317,81.82976643460913,86.79697424674043
2020-10-13T14:30:00Z,120.87,122.19,120.07,122.08,414350,407742.45,116.82311929026704,117.9253850000002,122.11883294469219,113.73193705530822,115.92189249999929,120.7919999999995,82.02256418233117,87.65737409341881,85.09197899190109
2020-10-13T15:30:00Z,122.05,122.56,121.44,121.8961,312244,419795.7,117.07058176391256,118.27144000000021,122.57473531932574,113.96814468067468,116.1286699999993,120.99721999999949,79.87209757187433,91.34729709458276,86.94481254087009
2020-10-13T16:30:00Z,121.78,122.91,121.71,122.78,465039,439640.5,117.34908997055096,118.6554400000002,123.12560139813166,114.18527860186873,116.3276699999993,121.52521999999949,82.27722052684001,95.07654791190949,91.36040636663688
2020-10-13T17:30:00Z,122.8,123.42,122.57,122.7577,915648,470377,117.61292460613384,119.03632500000019,123.54144354841264,114.53120645158774,116.5266124999993,122.0607599999995,82.01096593617034,92.55138284401363,92.99174261683515
2020-10-13T18:30:00Z,122.79,123,121.91,121.915,663183,486651.95,117.82278194242,119.3595750000002,123.71424369408308,115.00490630591733,116.72498749999932,122.2857599999995,72.46735517986879,88.53167800621857,92.05320292071376
2020-10-13T19:30:00Z,121.92,122.13,121.52,121.58,544990,497091,118.00606087205804,119.63294000000022,123.82123842839864,115.44464157160179,116.93323749999931,122.1857599999995,69.02841072011333,79.01317451194133,86.69874512072437
2020-10-14T13:30:00Z,122.07,122.24,117.56,117.7,1779757,571858.1,117.99113107342106,119.67494000000019,123.76690772779894,115.58297227220145,117.04436249999931,121.34653999999951,43.3620550212292,49.859636558466555,72.46816302554201
2020-10-14T14:30:00Z,117.71,118.28,117.314,117.47,592046,586102.6,117.9657100454493,119.6869400000002,123.75147313989835,115.62240686010206,117.14786249999932,120.2845399999995,42.356655240863674,25.013642490866967,51.29548452042482
2020-10-14T15:30:00Z,117.48,117.86,116.91,117.1,326597,592847.95,117.9234802871347,119.6751900000002,123.76811129845449,115.58226870154591,117.23236249999931,119.1529999999995,40.72094870582651,2.8414327717705365,25.9049039403679
2020-10-14T16:30:00Z,117.09,117.63,116.71,116.715,571199,607472.25,117.86453002922569,119.6659400000002,123.7846620791571,115.54721792084331,117.33823749999931,118.11299999999949,39.03188158866625,1.8493221686568921,9.901465810431336
2020-10-14T17:30:00Z,116.73,117.02,116.45,116.79,364626,602919.4,117.81211393023908,119.6521900000002,123.80722835305195,115.49715164694845,117.44673749999932,117.15499999999949,39.55784337150067,2.6237170727762433,2.438157337734428
2020-10-14T18:30:00Z,116.8,117.34,116.61,116.93,313846,603253.15,117.76908398242254,119.63719000000022,123.82909965018497,115.44528034981546,117.52473749999933,117.00099999999948,40.58817200056713,3.9464071768798097,2.806482139437519
2020-10-14T19:30:00Z,116.9405,117.05,116.63,116.72,462709,596002.95,117.71790915401169,119.58969000000022,123.88981949983047,115.28956050016997,117.59223749999933,116.85099999999947,39.500460021773364,5.212816834050742,3.927647027902136
2020-10-15T13:30:00Z,115.81,116.95,114.245,114.2601,686296,607423.4,117.54923553674283,119.3906950000002,124.25374866715467,114.52764133284575,117.60903999999933,116.28301999999948,29.520634507173796,3.6416597927800036,4.2669612679033895
2020-10-15T14:30:00Z,114.26,115.07,114.07,114.85,305706,586509.1,117.41756551056025,119.16919500000022,124.42030664513055,113.91808335486988,117.62878999999933,115.91001999999949,33.83759155736705,4.126856088593211,4.32711090514119
2020-10-15T15:30:00Z,114.87,115.29,114.34,114.35,238321,568507.6,117.2679281685817,118.88869500000024,124.52600872992453,113.25138127007595,117.63053999999931,115.42201999999948,32.045895078363856,3.833825350799225,3.867447077390684
2020-10-15T16:30:00Z,114.35,114.97,114.28,114.81,124155,545374.7,117.14802923352894,118.58569500000024,124.41271025393515,112.75867974606534,117.6445399999993,114.9980199999995,35.43314424736175,6.417112299465308,4.792597912952452
2020-10-15T17:30:00Z,114.84,115.03,114.8,114.91,142284,518850.55,117.03885707579583,118.32419500000023,124.31581846193417,112.33257153806629,117.6635399999993,114.63601999999949,36.17792631461474,6.77186195663247,5.6742665356322055
2020-10-15T18:30:00Z,114.89,115.59,114.66,115.5,305949,502182.15,116.96379087697652,118.09519500000025,124.15064155245128,112.03974844754921,117.68978999999929,114.88399999999949,40.5361479061856,11.607997813000187,8.265657356365859
2020-10-15T19:30:00Z,115.54,115.8,115.24,115.3,391507,496022.6,116.8826303463923,117.82069500000026,123.86033573183029,111.78105426817022,117.6987899999993,114.9739999999995,39.55020934891198,13.988211498563416,10.789357089398562
2020-10-16T13:30:00Z,115.97,116.7,115.4,116.45,741394,512374.8,116.86152642705609,117.53919500000025,123.27571975891078,111.80267024108971,117.73228999999931,115.39399999999951,47.46292869865877,29.696735347732538,18.430981553098587
2020-10-16T14:30:00Z,116.47,116.78,115.46,115.7,304412,511983.2,116.80486660134603,117.22939000000024,122.65191737856634,111.80686262143414,117.7504149999993,115.5719999999995,43.46682300603433,38.19835387831994,27.294433574871835
2020-10-16T15:30:00Z,115.68,116.06,115.37,115.5,154914,496476.95,116.74121457201208,116.86539000000025,121.69344580449233,112.03733419550817,117.76041499999928,115.68999999999951,42.44065625283173,46.56950713381304,38.15486545328838
2020-10-16T16:30:00Z,115.51,115.52,115.06,115.36,201466,460767.85,116.67383825142613,116.49550500000028,120.52939141158379,112.46161858841677,117.7659149999993,115.66199999999951,41.69855398405714,40.8753320591764,41.881064357103
2020-10-16T17:30:00Z,115.39,115.7,115.33,115.46,207317,437974.55,116.61462662940535,116.17275500000025,119.36584726950807,112.97966273049244,117.76616499999928,115.6939999999995,42.47232971281747,40.70857529006181,42.71780482768363
2020-10-16T18:30:00Z,115.46,115.75,115.14,115.18,240150,422732.55,116.5446448426051,115.85275500000026,117.88639485050918,113.81911514949134,117.74284749999929,115.43999999999951,40.83798813313911,39.73516956399799,40.43969230441194
2020-10-16T19:30:00Z,115.16,115.37,114.85,114.99,536319,360560.65,116.46880850881948,115.71725500000025,117.5957268421034,113.8387831578971,117.6960974999993,115.2979999999995,39.721028484446535,37.233470617344885,39.2257384904681
2020-10-19T13:30:00Z,115.5,115.55,114.2,114.68,315701,346743.4,116.38154955716975,115.57775500000025,117.32462993587252,113.83088006412798,117.63234749999928,115.13399999999952,37.899646322586904,30.567330561449094,35.84532358093053
2020-10-19T14:30:00Z,114.68,114.6928,113.71,114.13,261277,343477.4,116.27171787145416,115.42925500000024,117.13779706315873,113.72071293684175,117.55222249999929,114.88799999999951,34.84664337459789,22.711483765217846,30.170761648003815
2020-10-19T15:30:00Z,114.06,114.39,113.21,113.27,221418,325988.35,116.12529260943201,115.25700500000025,117.10153315689496,113.41247684310554,117.46147249999929,114.4499999999995,30.684377412725013,12.623559706705585,21.96745801112404
2020-10-19T16:30:00Z,113.33,113.89,113.33,113.79,130978,314305.95,116.01137589677678,115.10700500000026,116.9160627994008,113.29794720059971,117.37959749999929,114.1719999999995,35.68656696926409,10.53598420910183,15.290342560341621
2020-10-19T17:30:00Z,113.79,113.81,113.19,113.33,144663,305846.8,115.88057707254377,114.92700500000024,116.69051777897013,113.16349222103034,117.28209749999931,113.8399999999995,33.3909621812423,7.275630772271931,10.14505822935965
2020-10-19T18:30:00Z,113.32,113.34,112.01,112.63,459115,305667.1,115.72201233729774,114.72250500000023,116.55416449390175,112.8908455060987,117.1560974999993,113.4299999999995,30.206622354762175,11.04804120394976,9.619885395107708
2020-10-19T19:30:00Z,112.61,112.85,112.31,112.82,468777,294791.15,115.58045075986858,114.65050000000024,116.6543410614847,112.64665893851577,117.0205974999993,113.16799999999948,32.09942006871154,11.292919029293548,9.872197001838279
2020-10-20T13:30:00Z,113.71,114.03,112.78,113.199,411386,300075.15,115.4642824301189,114.56795000000025,116.66593269527549,112.46996730472502,116.8685724999993,113.1537999999995,35.83744284115794,18.30188679245268,13.547615675231862
2020-10-20T14:30:00Z,113.18,113.53,112.85,113.15,225564,299437.3,115.35139060425944,114.50795000000024,116.69421333951375,112.32168666048672,116.6983224999993,113.02579999999948,35.56483969225778,23.351968320521706,17.64892471408918
2020-10-20T15:30:00Z,113.18,113.676,113,113.5153,127592,299609.15,115.26182520892971,114.44321500000024,116.66623296501777,112.2201970349827,116.51445499999929,113.06285999999947,39.27344628219896,31.10781199589925,24.25388903629108
2020-10-20T16:30:00Z,113.51,114.125,113.45,114.06,146646,299827.25,115.20319958898192,114.40071500000025,116.61890727588394,112.18252272411655,116.3624549999993,113.34885999999949,44.41113779278179,41.06988182478377,31.843220713734777
2020-10-20T17:30:00Z,114.07,114.21,113.53,113.575,165201,292789.85,115.12377521878767,114.30446500000025,116.4903278211277,112.11860217887279,116.1998299999993,113.49985999999949,41.078607197264695,45.63547237076646,39.271055397149695
2020-10-20T18:30:00Z,113.6,113.81,112.75,113.15,178607,282144.85,115.02749350079803,114.19696500000025,116.38788060147684,112.00604939852366,116.0088299999993,113.49005999999949,38.36206709279562,42.95371461373461,43.219689603094814
2020-10-20T19:30:00Z,113.11,113.38,112.7,113.08,238849,257017.6,114.93249381783227,114.02846500000025,116.0085738335711,112.0483561664294,115.78382999999928,113.47605999999948,37.9173010512171,34.758099439056586,41.11576214118575
2020-10-21T13:30:00Z,112.59,113.792,112.42,113.64,431028,263348.4,114.86944533891362,113.92546500000026,115.75570273122024,112.09522726878028,115.57742749999929,113.50099999999948,43.555329145489374,41.062265384817294,39.591359812536034
2020-10-21T14:30:00Z,113.635,113.635,112.38,112.6,259192,268562.3,114.75874068823491,113.78046500000025,115.5471595272992,112.0137704727013,115.32292749999931,113.20899999999946,36.860390854406155,38.59110743010982,38.13715741799444
2020-10-21T15:30:00Z,112.6,113.15,112.26,112.63,216111,269294.55,114.65489967905272,113.64396500000025,115.3209886530194,111.9669413469811,115.06973499999931,113.01999999999948,37.16045280222613,37.90971725719417,39.187696690706964
2020-10-21T16:30:00Z,112.65,112.7806,112.21,112.5,269827,272420.05,114.54978262153796,113.49596500000025,115.02139179037185,111.97053820962866,114.83435999999931,112.88999999999946,36.35420150566906,25.08148714031043,33.86077060920468
2020-10-21T17:30:00Z,112.505,113.52,112.355,113.48,153252,268075.15,114.49759810341415,113.41096500000026,114.72659530247111,112.09533469752941,114.63185999999932,112.96999999999946,45.885843627718984,39.090909090909086,34.02737116280443
2020-10-21T18:30:00Z,113.5,113.54,112.59,112.96,374106,259964.5,114.42259331788175,113.30946500000027,114.41927474620672,112.19965525379382,114.51335999999932,112.83399999999946,42.26859967009543,42.19696969696979,35.456455309396304
2020-10-21T19:30:00Z,112.955,113.1,112.42,112.5,320213,260190.1,114.32880827798508,113.20046500000026,114.16975708847285,112.23117291152768,114.38910999999932,112.81399999999947,39.315980965583094,39.606060606060844,40.29797979797978
2020-10-22T13:30:00Z,112.77,113.76,111.71,111.947,353113,264781.9,114.21262250832727,113.09131500000026,114.10782869925968,112.07480130074084,114.26028499999931,112.67739999999947,36.05528420049187,20.49333333333359,34.098787878787945
2020-10-22T14:30:00Z,111.91,112.06,111.38,111.69,256871,266554.55,114.08956775182351,113.01231500000026,114.19328374674409,111.83134625325643,114.1346599999993,112.51539999999946,34.61833902487962,11.64468786808038,23.91469393582481
2020-10-22T15:30:00Z,111.73,111.88,111.01,111.25,220552,271033.25,113.95105225173455,112.88531500000026,114.23822416945322,111.5324058305473,113.9961599999993,112.06939999999945,32.24867188859815,9.311354534746899,13.816458578720164
2020-10-22T16:30:00Z,111.23,111.95,111.03,111.935,138118,270706,113.85270823945481,112.81556500000026,114.21269553820444,111.41843446179608,113.8712849999993,111.86439999999945,39.22358462921761,15.786771201413451,12.247604534746786
2020-10-22T17:30:00Z,112,112.47,111.45,111.47,312834,263391.95,113.7364785692375,112.75756500000027,114.27207478893487,111.24305521106567,113.74003499999931,111.65839999999946,36.47821038926682,17.611607142857068,14.236577626339015
2020-10-22T18:30:00Z,111.47,111.92,110.88,111.62,653405,272623.35,113.63323571220153,112.69756500000025,114.29047777249986,111.10465222750065,113.67403249999931,111.59299999999946,37.986089012139296,23.58230311355317,18.993560485941106
2020-10-22T19:30:00Z,111.65,111.96,111.21,111.64,470348,275571.45,113.53600470185023,112.61961500000027,114.25865972934072,110.98057027065981,113.59378249999932,111.58299999999947,38.196747233134076,22.646520146520242,21.28014346764337
2020-10-23T13:30:00Z,112.4993,112.62,111.06,111.26,206777,274632.1,113.42498008224779,112.52511500000026,114.24679893289755,110.80343106710296,113.51653249999931,111.58499999999947,35.714355093817744,21.568477818478076,22.59910035951704
2020-10-23T14:30:00Z,111.23,111.57,110.9,111.48,167010,276603,113.33010300506497,112.42335000000026,114.13948837137106,110.70721162862945,113.43328249999931,111.49399999999946,38.21776180239129,20.04222629222654,21.419074752408164
2020-10-23T15:30:00Z,111.45,111.99,111.25,111.66,161171,277329.25,113.24863456579351,112.30335000000028,113.8744473584319,110.73225264156866,113.3520324999993,111.53199999999944,40.2673367000408,20.370370370370562,20.66035816035827
2020-10-23T16:30:00Z,111.69,112.25,111.63,112.23,141692,276153.8,113.19894507477919,112.23610000000026,113.69483711123068,110.77736288876984,113.2702824999993,111.65399999999946,46.33822476797843,31.597222222222367,24.00327296160637
2020-10-23T17:30:00Z,112.23,112.56,112.13,112.5,93915,271919.2,113.16485019308264,112.20360000000028,113.60737169072094,110.79982830927962,113.2002824999993,111.82599999999945,48.98323209522462,43.402777777777835,31.79012345679013
2020-10-23T18:30:00Z,112.505,112.555,112.08,112.12,188027,269378.1,113.11388189098105,112.15560000000028,113.50064325568773,110.81055674431282,113.0920324999993,111.99799999999945,45.57818307929758,48.72685185185199,41.24228395061727
2020-10-23T19:30:00Z,112.14,112.41,112.05,112.41,315938,263623.6,113.07954618898198,112.09410000000028,113.26297448413942,110.92522551586114,113.0097824999993,112.18399999999944,48.519345922079204,50.810185185185226,47.64660493827156
2020-10-26T13:30:00Z,111.18,112.04,110.67,110.82,278792,264603.6,112.96932442366578,112.00510000000028,113.27319414464208,110.73700585535849,112.8927824999993,112.01599999999944,36.78209671961741,34.62428774928765,44.72044159544151
2020-10-26T14:30:00Z,110.8,111.05,110.0185,110.45,315171,269556.6,112.84643054934062,111.89610000000027,113.29827900414935,110.4939209958512,112.7700324999993,111.65999999999944,34.679693917263094,25.801297451667267,37.078590128713266
2020-10-26T15:30:00Z,110.45,111.11,110.2,110.74,208629,266496.7,112.7436778396167,111.80810000000028,113.26738213847676,110.3488178615238,112.6520324999993,111.30799999999945,37.686084768073584,17.337630656869333,25.92107195260796
2020-10-26T16:30:00Z,110.61,110.88,110.235,110.76,222750,269971.6,112.64691306695246,111.6721000000003,112.98212792323592,110.36207207676468,112.54153249999929,111.03599999999945,37.89836860088919,24.27445704401302,22.471128384183086
2020-10-26T17:30:00Z,110.78,111.2702,110.6,111.26,193450,260938.8,112.57925877100357,111.58710000000028,112.76587103785114,110.40832896214941,112.44828249999928,110.80599999999944,43.11570624824615,34.65308475879298,25.42172415322499
2020-10-26T18:30:00Z,111.29,111.76,111.085,111.23,181423,253999.3,112.513441269979,111.52360000000029,112.63364457553209,110.41355542446848,112.36203249999929,110.88799999999947,42.88291525677979,40.93151387020317,33.28635189100294
2020-10-26T19:30:00Z,111.24,111.86,111,111.86,320651,252376.2,112.48156608607758,111.51925000000031,112.62328928808857,110.41521071191205,112.30528249999927,111.16999999999946,49.09828614079202,55.02594656928695,43.53684839942758
2020-10-27T13:30:00Z,111.78,113.24,111.13,112.4,452014,262133.35,112.47758725261038,111.55475000000028,112.72230074822036,110.3871992517802,112.2835324999993,111.50199999999946,53.744530076365855,63.76018734321622,53.23921592756866
2020-10-27T14:30:00Z,112.35,112.98,112.29,112.53,162690,259240.25,112.48014397199523,111.61875000000029,112.85099946730395,110.38650053269663,112.25203249999929,111.85599999999947,54.81385374938202,74.22395081686739,64.33669490979007
2020-10-27T15:30:00Z,112.525,112.855,112.3,112.54,299195,267294.1,112.48306377823937,111.6490000000003,112.93916123010106,110.35883876989953,112.23228249999929,112.11199999999947,54.90022352761533,76.71891975787705,71.56768597265342
2020-10-27T16:30:00Z,112.53,112.98,112.345,112.91,123451,257824.95,112.50388993539842,111.7210000000003,113.11935474742872,110.32264525257189,112.2392824999993,112.44799999999945,58.09205036204998,81.99596461275823,77.6462783958341
2020-10-27T17:30:00Z,112.91,112.925,112.38,112.7155,206108,235460.1,112.51421237757411,111.7757750000003,113.23836197080448,110.31318802919611,112.2366699999993,112.61909999999946,55.8542381990566,83.91536033938667,80.87674823667386
2020-10-27T18:30:00Z,112.72,113.56,112.64,113.42,249044,224394.9,112.55839713964367,111.86477500000031,113.4909622115918,110.23858778840881,112.24219499999928,112.82309999999946,61.621169022563315,89.8406540127184,85.2506596549543
2020-10-27T19:30:00Z,113.41,113.42,112.76,112.83,244092,226260.65,112.57164605966105,111.94327500000031,113.59645894231899,110.29009105768164,112.23419499999927,112.88309999999947,55.1263017298713,86.38430087592047,86.71343840934173
2020-10-28T13:30:00Z,111.3,111.93,110.12,110.96,802975,258058.9,112.49302917870197,111.91727500000029,113.61455351196298,110.2199964880376,112.17031249999927,112.56709999999946,40.5411564402779,67.33963951244755,81.18819813369535
2020-10-28T14:30:00Z,111.045,111.12,110.4,110.47,300514,265026.05,112.39434482852138,111.85777500000029,113.66671840629036,110.04883159371022,112.08056249999927,112.07909999999944,37.724616632408946,38.715488115993274,64.14647616812032
2020-10-28T15:30:00Z,110.49,111.55,110.13,111.04,258348,270858.85,112.3282792271301,111.79827500000029,113.63243860970549,109.96411139029509,112.01718749999925,111.74399999999946,42.71067042817363,21.167795037139836,42.407640888526764
2020-10-28T16:30:00Z,111,111.1,110.18,110.52,209966,276661.4,112.24007048434326,111.69927500000031,113.58428586128011,109.81426413872052,111.95143749999924,111.16399999999946,39.59604695645631,16.18217054263558,25.355151231922775
2020-10-28T17:30:00Z,110.49,111.04,110.475,111.005,131093,273814.7,112.17982314364359,111.64352500000032,113.54137519091036,109.74567480909029,111.89956249999925,110.79899999999945,43.71851935110219,21.36627906976733,19.572081549847464
2020-10-28T18:30:00Z,111.04,111.1,110.585,110.94,268156,271425.6,112.11934396590487,111.5700250000003,113.45727671801595,109.68277328198465,111.83206249999925,110.79499999999946,43.292080121765615,20.397286821705233,19.31524547803593
2020-10-28T19:30:00Z,110.9553,111.15,109.66,109.82,480058,281488.9,112.00718084561683,111.5200250000003,113.53291571912898,109.50713428087163,111.76256249999926,110.66499999999944,36.65710604781437,17.88883919697859,19.8841350294836
2020-10-29T13:30:00Z,109.28,110.94,108.9,110.82,275511,279505.9,111.94926958485503,111.5385250000003,113.51826648493105,109.55878351506956,111.71731249999925,110.62099999999944,44.792776416270065,23.047163381028895,20.44442979990412
2020-10-29T14:30:00Z,110.84,111.04,109.87,109.94,158547,277001.8,111.85125643437429,111.49852500000031,113.57132608721088,109.42572391278975,111.65331249999925,110.50499999999946,39.932217353903226,22.54062580242824,21.15887612681179
2020-10-29T15:30:00Z,109.97,110.09,109.51,109.855,129208,272324.7,111.75387807172189,111.4532750000003,113.62570800176374,109.28084199823687,111.56268749999921,110.27499999999945,39.48651189768061,28.004291845493455,24.530693676316744
2020-10-29T16:30:00Z,109.86,110.04,109.53,110.02,144466,269875.5,111.66929865358911,111.39127500000032,113.65124702353094,109.1313029764697,111.48918749999923,110.09099999999944,40.86629032625265,22.2818311874105,24.275582945110614
2020-10-29T17:30:00Z,110.03,110.51,109.9,110.47,224892,272048.95,111.61079628024329,111.35327500000031,113.6481050911286,109.05844490887202,111.43843749999924,110.22099999999946,44.57782868349637,26.072961373390473,25.453028135431357
2020-10-29T18:30:00Z,110.465,110.584,110.14,110.5386,233751,267703.95,111.55849402267044,111.28720500000031,113.59592091876148,108.97848908123915,111.40322749999923,110.16471999999945,45.14308637855749,31.32584475926409,26.56021244002157
2020-10-29T19:30:00Z,110.53,110.57,109.49,109.5,430951,266650.8,111.45807968010115,111.1422050000003,113.51648952245027,108.76792047755033,111.34847749999923,110.07671999999945,38.70649830596247,29.91505990395453,29.10462201220291
2020-10-30T13:30:00Z,108.86,109.76,107.8717,108.65,464907,281761.65,111.32110018351085,110.9482050000003,113.46687630716825,108.42953369283235,111.28347749999924,109.83571999999944,34.38540271288019,25.737807917990594,28.992904193736283
2020-10-30T14:30:00Z,108.69,108.84,107.585,107.77,392231,286413.45,111.1478757843152,110.70970500000028,113.47188010190223,107.94752989809834,111.17935249999923,109.38571999999945,30.579257477176384,15.209012447297576,23.620626756414115
2020-10-30T15:30:00Z,107.8281,109.07,107.5641,109,308689,295675.35,111.04310135581203,110.51420500000032,113.17749036089094,107.85091963910969,111.11760249999922,109.09171999999947,40.493954624651415,21.95600104225017,20.967607135845995
2020-10-30T16:30:00Z,108.91,109.02,108.25,108.52,212121,295976,110.92002324089437,110.3044300000003,112.90121599273427,107.70764400726632,111.04010249999922,108.68799999999946,38.20104841855744,23.788652348736747,20.31788861276138
2020-10-30T17:30:00Z,108.49,108.88,108.27,108.46,186936,292870.6,110.8000221071922,110.05643000000032,112.34472862824778,107.76813137175286,110.96060249999923,108.47999999999945,37.9120680969562,30.56136534761144,25.435339579532666
2020-10-30T18:30:00Z,108.44,109.19,108.32,108.71,301913,295761.65,110.69806980928038,109.8504300000003,111.8228912168696,107.877968783131,110.89685249999923,108.49199999999946,39.950407473891275,27.86562183366324,27.405213176670358
2020-10-30T19:30:00Z,108.69,109.68,108.39,109.58,488970,280061.4,110.64352981858377,109.7814300000003,111.68929703207039,107.87356296793021,110.84935249999921,108.85399999999944,46.5292501643242,38.31205684420855,32.246348008494294
2020-11-02T14:30:00Z,111.1442,111.1442,108.75,109.5003,375582,283814.8,110.58776251036018,109.73294500000029,111.61749654282781,107.84839345717276,110.7953599999992,108.95405999999946,46.0317188940961,48.01149792098007,38.06305886628383
2020-11-02T15:30:00Z,109.55,110.095,109.11,109.93,303348,286064.8,110.55567653424505,109.6774450000003,111.46778047067347,107.88710952932713,110.7378599999992,109.23605999999945,49.18647211038699,59.38784151934879,48.57046542817901
2020-11-02T16:30:00Z,109.94,110.43,109.7,110.22,198610,285497,110.53930206915993,109.6624450000003,111.42916356772861,107.895726432272,110.68085999999919,109.58805999999944,51.25734441514849,64.78403768982257,57.3944590433837
2020-11-02T17:30:00Z,110.17,110.18,109.43,109.54,175586,287721.65,110.49055562676189,109.58919500000032,111.24519621302724,107.93319378697339,110.61635999999919,109.75405999999946,46.474519546669214,65.15367354729406,63.10851758548836
2020-11-02T18:30:00Z,109.54,109.97,109.33,109.95,161580,282392.85,110.46418705960278,109.53969500000031,111.08683437237592,107.9925556276247,110.5548599999992,109.82805999999945,49.53226824527393,65.33988808506298,65.09253310739308
2020-11-02T19:30:00Z,109.98,110.535,109.86,110.51,156494,266214.65,110.46642183718313,109.5741950000003,111.174652252652,107.97373774734861,110.54710999999918,110.02999999999945,53.44430464484828,68.03999888271301,66.17785350502322
2020-11-02T20:30:00Z,110.52,110.75,110.14,110.38,478388,276358.5,110.46220613780835,109.5521950000003,111.09459110268408,108.00979889731651,110.54535999999919,110.11999999999946,52.42830185410497,75.86100946900937,69.74696547892833
2020-11-03T14:30:00Z,111.25,111.82,110.72,111.3,361785,286520.4,110.503074131086,109.62019500000028,111.33523892293306,107.9051510770675,110.5593599999992,110.33599999999944,58.4484824322601,82.90710211997583,75.60270349056594
2020-11-03T15:30:00Z,111.35,112.01,111.08,111.86,340755,297097.75,110.56926563688668,109.7204450000003,111.69363886213542,107.74725113786518,110.58685999999918,110.79999999999946,61.63137501742574,87.68733342950577,82.15181500616353
2020-11-03T16:30:00Z,111.875,112.31,111.62,112.27,244552,302102.05,110.65222828874587,109.8329450000003,112.09678433121876,107.56910566878183,110.61210999999919,111.26399999999944,63.8167367668185,94.4741836926989,88.35620641406005
2020-11-03T17:30:00Z,112.26,112.39,111.61,111.71,128664,297290.65,110.70382690880705,109.89494500000028,112.28933256210986,107.50055743789069,110.62410999999918,111.50399999999945,58.883525028516,93.04534296893983,91.73562003038137
2020-11-03T18:30:00Z,111.75,111.8,110.71,110.915,196309,295418.55,110.7141280352067,109.91376500000027,112.33387225315904,107.49365774684149,110.60048499999918,111.61099999999945,52.65995690694257,82.08971257180163,89.86974641114666
2020-11-03T19:30:00Z,110.9321,111.35,110.74,111.32,195617,283651.85,110.74368276519661,110.00476500000028,112.49174191922965,107.5177880807709,110.57348499999917,111.61499999999944,55.254537842782675,73.50145313009389,82.87883622361166
2020-11-03T20:30:00Z,111.33,111.8,111.04,111.04,376683,279240.65,110.75813726445531,110.12426500000026,112.56868678373604,107.67984321626449,110.5362349999992,111.45099999999942,53.088209204311276,66.64043389043398,74.07719986410972
2020-11-04T14:30:00Z,113.91,115.95,112.81,115.36,1173575,318307.85,110.98261837350627,110.50376500000027,113.6299748964703,107.37755510353024,110.60673499999919,112.06899999999943,71.59320591681121,75.84545230597863,71.99577977550204
2020-11-04T15:30:00Z,115.39,115.46,114.4201,114.99,324653,319106.05,111.17810040406694,110.80326500000028,114.40706665613772,107.19946334386285,110.65873499999918,112.72499999999943,69.07981061308269,79.92828211463927,74.13805610368382
2020-11-04T16:30:00Z,115,116.35,114.9501,116.31,348050,325902.5,111.42843696972221,111.19276500000026,115.36442074284318,107.02110925715735,110.74859749999919,113.80399999999945,72.75464931560458,92.10098595400977,82.62490679154241
2020-11-04T17:30:00Z,116.319,116.445,115.87,116.315,231627,328137.05,111.66680589802844,111.58551500000029,116.1175739974954,107.05345600250517,110.82097249999917,114.80299999999946,72.76785189516133,94.36718768853274,88.79881858572712
2020-11-04T18:30:00Z,116.35,116.88,116.06,116.64,214281,323755.45,111.90940073227095,111.98201500000027,116.81591158317126,107.14811841682929,110.91622249999918,115.92299999999946,73.66127897790302,98.0614234069377,94.84319901649326
2020-11-04T19:30:00Z,116.66,116.67,115.34,115.455,283116,313462.75,112.08235679411139,112.27576500000028,117.20321765596495,107.3483123440356,111.02859749999918,115.94199999999944,65.25488201177765,91.2038791853974,94.54416342695579
2020-11-04T20:30:00Z,115.49,116.42,115.26,116.02,636612,326514.25,112.2744369504962,112.6017500000003,117.61353039719059,107.58996960281,111.16734749999918,116.14799999999946,67.17818628380755,87.16678389246918,92.14402882826795
2020-11-05T14:30:00Z,117.574,119.31,117.4,117.59,1027660,362729.85,112.53373270900858,112.98475000000028,118.28381262934141,107.68568737065914,111.33109749999917,116.40399999999946,71.84246713784496,81.63971836540364,86.67012714775659
2020-11-05T15:30:00Z,117.57,118.64,117.5,117.71,879313,396765,112.78623355247157,113.35925000000027,118.87793578102426,107.84056421897628,111.51084749999919,116.68299999999945,72.16802813538015,82.48564572261382,83.76404932682873
2020-11-05T16:30:00Z,117.72,117.775,116.28,116.59,537362,414853.8,112.97178313527783,113.71175000000031,119.10888653242642,108.31461346757419,111.65047249999918,116.67299999999946,64.65428190085754,76.58914728682174,80.23817045827957
2020-11-05T17:30:00Z,116.605,117.32,116.52,116.985,421118,427830.7,113.16754981160574,114.06350000000029,119.34997812817466,108.77702187182592,111.80159749999919,116.97899999999944,65.9988090311897,74.24418604651164,77.7729930186489
2020-11-05T18:30:00Z,117,118.04,116.96,118.04,497696,444890.8,113.40523030860058,114.44000000000031,119.73309739185382,109.1469026081468,112.00709749999919,117.38299999999944,69.35211594214496,75.50602425985733,75.44645253106341
2020-11-05T19:30:00Z,118.01,118.2,117.02,117.16,532823,447612.55,113.58838980574201,114.77900000000031,119.85247573165121,109.70552426834941,112.16559749999917,117.29699999999946,63.7080941298888,77.38279937866723,75.71100322834523
2020-11-05T20:30:00Z,117.15,117.29,116.5433,117.2699,769283,467987.45,113.76797566887655,115.07749500000031,119.99724980095719,110.15774019904343,112.34884499999916,117.20897999999946,64.10102014023582,75.93237600359271,76.27373321403893
2020-11-06T14:30:00Z,126.89,127.03,123.36,124.645,3066800,604289.7,114.29856222161428,115.71674500000032,121.94622335870281,109.48726664129782,112.71859499999917,118.81997999999945,79.85974090856162,74.56751795920621,75.96089778048857
2020-11-06T15:30:00Z,124.63,124.89,123.23,124.135,763850,630254.6,114.77838845470626,116.30999500000033,123.32398185495845,109.29600814504221,113.07146999999918,120.24997999999945,77.33170417663405,75.24490177351032,75.24826524543626
2020-11-06T16:30:00Z,124.1444,125,123.86,124.58,720679,659855.35,115.25651584715962,116.95349500000032,124.50241865450461,109.40457134549602,113.42421999999917,121.55797999999945,77.9865193253637,78.76840873383968,76.19360948885192
2020-11-06T17:30:00Z,124.61,124.95,123.8,123.85,483214,674200.6,115.67571019607867,117.60024500000031,125.18528145090367,110.01520854909695,113.75700499999917,122.89597999999947,74.19990786550783,76.06703162877307,76.69344737870755
2020-11-06T18:30:00Z,123.84,124.39,123.32,123.485,446566,686748.05,116.05665116212361,118.20849500000028,125.6308045153437,110.78618548465687,114.10662999999917,124.13899999999944,72.30939081790268,74.01585952987823,76.28376663083017
2020-11-06T19:30:00Z,123.485,123.9,122.705,123.41,428972,689362.5,116.41535110543465,118.82699500000028,125.80511625729886,111.8488737427017,114.47562999999919,123.89199999999946,71.90399122154278,70.70235060889264,73.59508058918117
2020-11-06T20:30:00Z,123.38,124.14,123.16,123.54,925476,676957.55,116.76289495395004,119.2359950000003,126.31155325653015,112.16043674347046,114.86987999999917,123.77299999999946,72.19498155949809,68.88659250624043,71.20160088167029
2020-11-09T14:30:00Z,125.41,126.96,124.05,124.26,1109150,716182.4,117.12860739522077,119.6994950000003,126.8161393062407,112.5828506937599,115.25137999999916,123.70899999999945,73.81268440218605,70.33709404411431,69.97534571974899
2020-11-09T15:30:00Z,124.25,124.935,123.09,124.935,568195,727189.65,117.50940703447829,120.1307450000003,127.41683360648474,112.84465639351586,115.66175499999915,123.92599999999945,75.26557634759375,74.09302325581403,71.10556993538945
2020-11-09T16:30:00Z,124.93,124.93,123.36,123.82,402218,735719.2,117.81724083767446,120.5059950000003,127.7402175181112,113.2717724818894,116.04575499999916,123.99299999999945,68.50448055080454,74.73394847284612,73.05468859092468
2020-11-09T17:30:00Z,123.75,124.34,122.61,124.32,364214,743215.85,118.13444860169034,120.8899950000003,128.07778289347183,113.70220710652876,116.43600499999916,124.17499999999946,69.81398304452316,74.70900998117376,74.51199390327783
2020-11-09T18:30:00Z,124.29,124.48,123.15,123.2599,220445,740082.3,118.38447062112007,121.2802400000003,128.08248859684167,114.47799140315892,116.77800249999916,124.11897999999947,63.76093978826748,69.22138316587143,72.88811387329696
2020-11-09T19:30:00Z,123.21,124.1,123,123.905,381721,727337.75,118.653764737163,121.6744900000003,128.11597288542575,115.23300711457486,117.13811999999916,124.04797999999946,65.70931422409055,69.46894637970003,71.13311317558161
2020-11-09T20:30:00Z,123.92,124.18,122.57,122.76,491125,700511,118.85406889632578,121.93299000000032,128.10749139227676,115.75848860772388,117.45886999999918,123.61297999999947,59.585791461467366,46.169728720227056,61.6200194219327
2020-11-10T14:30:00Z,119.03,121.83,118.6,121.08,995442,706317.45,118.96265090138306,122.10149000000033,127.98278984979687,116.22019015020378,117.73036999999916,123.06497999999947,51.93781480394609,34.70850348998213,50.11572619663625
2020-11-10T15:30:00Z,121.085,122.26,119.94,122.2,446290,701763.85,119.12057036960827,122.38199000000034,127.69250818217452,117.07147181782616,118.04686999999917,122.64097999999947,55.99307127206527,25.66245413779065,35.5135621159998
2020-11-10T16:30:00Z,122.16,123.24,121.53,122.33,308785,696147.2,119.2771279125542,122.64924000000035,127.34934143435179,117.94913856564891,118.35636999999917,122.45499999999947,56.45236383365629,39.114832535885284,33.16193005455255
2020-11-10T17:30:00Z,122.3799,122.86,121.54,121.54,218511,682187.95,119.38751191681986,122.82424000000034,127.06281493660317,118.58566506339751,118.63211999999919,121.98199999999947,52.843049964252685,40.94896331738452,35.242083330353346
2020-11-10T18:30:00Z,121.515,122.3,120.87,121.065,240660,667579.8,119.46934060380426,123.01949000000033,126.4857977421391,119.55318225786156,118.89924499999918,121.64299999999946,50.74234875190152,36.42344497607669,38.829080276448686
2020-11-10T19:30:00Z,121.04,122.23,120.88,122.07,293916,643811.45,119.59620203776502,123.25949500000033,125.57328604102294,120.94570395897772,119.16849499999917,121.84099999999947,54.83353842126106,35.386762360446674,37.586390217969154
2020-11-10T20:30:00Z,122.075,122.22,121.24,121.72,419066,511424.75,119.69980193836186,123.11324500000035,125.42801429336234,120.79847570663836,119.41499499999918,121.74499999999948,53.1770558551564,36.10446570972894,35.97155768208396
2020-11-11T14:30:00Z,122.91,123.95,122.04,123.82,584734,502468.95,119.90078720966127,123.09749500000032,125.38840497237379,120.80658502762685,119.70374499999916,122.04299999999948,60.82412823343024,53.74237326112873,41.74453377710131
2020-11-11T15:30:00Z,123.775,125.25,123.47,124.855,318263,482348.15,120.14245612626317,123.11124500000032,125.44056095141525,120.7819290485854,120.03236999999918,122.70599999999948,63.94918101254834,71.26003104194443,53.70229000426723
2020-11-11T16:30:00Z,124.83,125.56,124.44,125.22,247065,470540.7,120.39014119327473,123.17974500000034,125.66714555911975,120.69234444088093,120.38999499999917,123.5369999999995,65.00923817145173,90.52482049729646,71.84240826678975
2020-11-11T17:30:00Z,125.25,125.89,125.25,125.72,232636,459844.2,120.65013430579792,123.29149500000035,126.01347080104433,120.56951919895637,120.74999499999917,124.26699999999948,66.46398502381288,95.61437710448492,85.7997428812418
2020-11-11T18:30:00Z,125.72,126.03,125.59,125.68,566600,466725.6,120.89549360795412,123.40499500000035,126.31975155955881,120.4902384404419,121.11599499999917,125.05899999999949,66.22676995571086,96.02411612228514,94.05443790802202
2020-11-11T19:30:00Z,125.69,125.78,124.78,124.985,324867,436695.15,121.09498172463928,123.47724500000035,126.47233488871464,120.48215511128606,121.35661999999918,125.29199999999949,62.080830907747455,92.96426762571691,94.86758695082885
2020-11-11T20:30:00Z,124.98,125.4,124.75,125.15,390836,400779.45,121.29278749416908,123.52174500000035,126.58764180542,120.4558481945807,121.61061999999917,125.35099999999947,62.67819051616615,89.79362943023786,92.92733772607983
2020-11-12T14:30:00Z,125.41,127.04,124.73,126.74,480796,396409.5,121.55850517738034,123.61199500000035,126.93451182937704,120.28947817062365,121.87136999999919,125.65499999999949,67.92236617467279,89.95538958289893,90.90442887961775
2020-11-12T15:30:00Z,126.74,127.66,126.61,127.6,307713,391684.25,121.85321224189838,123.80099500000036,127.55178393587501,120.0502060641257,122.15349499999918,126.0309999999995,70.34918411669871,94.34903975987386,91.36601959100341
2020-11-12T16:30:00Z,127.66,127.68,126.58,126.73,169776,381962.35,122.09110432765944,123.92149500000035,127.88031773681205,119.96267226318865,122.40574499999919,126.24099999999949,64.99241382534592,93.64697401194685,92.65046778490641
2020-11-12T17:30:00Z,126.7,127.06,126.3,126.69,217862,381833.2,122.31544070191995,124.09300000000034,128.21610611063997,119.9698938893607,122.6866199999992,126.5819999999995,64.74829699040565,90.20960973819865,92.73520783667298
2020-11-12T18:30:00Z,126.65,127.8,126.58,126.96,342531,379873.7,122.54200457011898,124.24575000000034,128.55197140043921,119.93952859956147,122.9601199999992,126.94399999999948,65.68522175104059,86.45791777364691,90.104833841264
2020-11-12T19:30:00Z,126.94,127.19,126.0301,126.13,252305,367932.7,122.71702873743024,124.41425000000035,128.73843347778998,120.09006652221073,123.17361999999919,126.82199999999948,60.37311032653393,82.62216988973636,86.4298991338605
2020-11-12T20:30:00Z,126.1174,127.09,126.045,126.82,379974,337159.3,122.9171736770678,124.70125000000037,128.86095777213538,120.54154222786536,123.4013699999992,126.66599999999949,63.04850122722799,81.79668857141365,83.6255920782655
2020-11-13T14:30:00Z,127.3,127.6,126.31,127.55,455315,337610.55,123.1431652050157,124.96875000000034,129.13873426251118,120.7987657374895,123.67536999999918,126.82999999999947,65.68788871990239,83.91837399417106,82.77907748510688
2020-11-13T15:30:00Z,127.59,128.04,126.92,126.92,241859,334264.25,123.32740104867348,125.19825000000034,129.2660458097214,121.1304541902793,123.92374499999919,126.87599999999948,61.59863058666919,82.03377598152434,82.58294618236954
2020-11-13T16:30:00Z,126.95,127.55,126.71,127.46,161957,331436.55,123.52899124142111,125.49425000000033,129.30778415477013,121.68071584523054,124.15924499999919,126.97599999999947,63.68541780678584,81.8641860743967,82.60544535003056
2020-11-13T17:30:00Z,127.44,127.76,126.9459,126.9525,185597,328683.4,123.69599166866887,125.78862500000034,129.05941445930432,122.51783554069637,124.4040574999992,127.14049999999948,60.36535582468428,72.83708179478589,78.91168128356883
2020-11-13T18:30:00Z,126.95,127.9,126.85,127.825,169464,322460.8,123.8974067092216,126.07637500000037,128.9799234647343,123.17282653526645,124.66793499999919,127.34149999999947,63.85417457994792,81.04229607250774,78.58118798056329
2020-11-13T19:30:00Z,127.81,128.03,127.65,127.98,203737,311694.35,124.09655760145469,126.38937500000036,128.61824796342003,124.1605020365807,124.7513099999992,127.42749999999948,64.45280628107123,86.27895266868109,80.05277684532474
2020-11-13T20:30:00Z,127.99,128.5249,127.97,128.27,398309,302373.1,124.3001401574813,126.61187500000037,128.65071344064586,124.57303655935486,124.8546849999992,127.6974999999995,65.60070121139225,94.99164445460667,87.43763106526501
2020-11-16T14:30:00Z,129.816,130.1075,128.31,128.7455,384530,305686.45,124.51698697906757,126.80640000000035,128.8797189478653,124.73308105213538,124.9588224999992,127.95459999999949,67.4563681973269,86.02225402250895,89.09761704859875
2020-11-16T15:30:00Z,128.75,128.75,127.58,128.16,225169,304591.65,124.69469493130818,126.95340000000037,128.97214442650736,124.93465557349339,125.06657249999921,128.1960999999995,62.95309205223568,70.70539012245918,83.90642953319144
2020-11-16T16:30:00Z,128.15,128.43,127.98,128.105,156271,300773.4,124.86105127612241,127.07265000000038,129.0675004228471,125.07779957715366,125.18207249999918,128.25209999999947,62.530793070709,56.57363352463173,71.10042588986646
2020-11-16T17:30:00Z,128.1,128.3,127.61,127.625,129359,278911.35,124.99587804314083,127.16990000000037,129.0711420307631,125.26865796923764,125.28744749999922,128.1810999999995,58.82221381574667,47.413384346233755,58.2308026644414
2020-11-16T18:30:00Z,127.6,128.69,127.56,128.27,214769,273406.45,125.15559130932908,127.33415000000036,129.0057047880762,125.66259521192451,125.4056974999992,128.1810999999995,62.076979367274085,48.31265021827651,50.76655602971383
2020-11-16T19:30:00Z,128.3,128.32,127.73,128.005,235393,265634.3,125.29458685521547,127.47690000000037,128.83649216662312,126.11730783337762,125.4993224999992,128.0329999999995,59.979347388461946,47.432094610316234,47.71937639160868
2020-11-16T20:30:00Z,128.02,128.73,127.98,128.72,394134,261301.2,125.4616801793513,127.57590000000036,128.99355371637674,126.158246283624,125.59394749999922,128.14499999999947,63.55744653152581,55.54782513900356,50.43085665586528
2020-11-17T14:30:00Z,131.47,132.33,129.15,129.8,904450,291138.05,125.67330553645613,127.68590000000036,129.40361652479362,125.9681834752071,125.74344749999923,128.48399999999953,68.18454497670092,55.563721576159224,52.847880441826184
2020-11-17T15:30:00Z,129.78,130.975,129.7,130.76,378841,301591.3,125.92143697370217,127.88740000000037,130.0076382553743,125.76716174462642,125.90444749999922,129.1109999999995,71.63244034244211,63.50302260727509,58.20485644081247
2020-11-17T16:30:00Z,130.75,131.13,130.22,130.52,309104,306153.4,126.14575712132645,128.07890000000037,130.41301320623913,125.7447867937616,126.0859499999992,129.5609999999995,69.60167236888796,64.67235542163462,61.24636653502282
2020-11-17T17:30:00Z,130.5,130.505,129.33,129.34,182275,298140.6,126.3015738471154,128.19790000000035,130.5343776180314,125.86142238196926,126.22182499999921,129.8279999999995,60.51747052689049,61.49093868786312,63.222105572257455
2020-11-17T18:30:00Z,129.37,129.47,128.81,129.205,255834,298317.05,126.44320439115856,128.35165000000035,130.5224054928122,126.18089450718848,126.38294999999921,129.9249999999995,59.55971176808618,48.96504409656882,58.37611273535537
2020-11-17T19:30:00Z,129.25,129.64,128.72,128.92,197854,289211.05,126.56402368915083,128.45665000000037,130.52147285185484,126.39182714814591,126.57894999999921,129.7489999999995,57.49113325448137,36.14528658944028,48.86708979129059
2020-11-17T20:30:00Z,128.91,129.17,128.83,129,267355,279813.05,126.68285180187517,128.52915000000036,130.5631390387006,126.49516096130012,126.74894999999921,129.39699999999954,57.932798125567075,31.0621942697414,38.724174985250016
2020-11-18T14:30:00Z,129.22,129.81,128.3,129.78,474065,291423.35,126.8339322017837,128.67215000000039,130.63438541134363,126.70991458865714,126.93519999999921,129.2489999999995,62.07067654664178,35.08036338225005,34.09594808047709
2020-11-18T15:30:00Z,129.802,129.83,128.95,129.64,258135,296232.25,126.97081355779424,128.78115000000037,130.70373394083222,126.85856605916851,127.13769999999923,129.3089999999995,60.912542198717006,40.11180992313053,35.41812252504051
2020-11-18T16:30:00Z,129.65,130.51,129.39,129.955,339517,303928.25,127.11638362814574,128.93127500000037,130.7237513728017,127.13879862719905,127.35994999999923,129.45899999999952,62.603268507704065,46.78546470999294,40.65921267179102
2020-11-18T17:30:00Z,129.98,130.24,129.71,129.82,202479,305579,127.24826735360205,129.03102500000037,130.78783143414623,127.27421856585451,127.55369999999922,129.6389999999995,61.37793016883721,47.06498951781958,44.65408805031419
2020-11-18T18:30:00Z,129.8127,129.89,129.0301,129.49,260599,308422.1,127.35762016562146,129.10652500000037,130.804985699297,127.40806430070374,127.74794999999922,129.7369999999995,58.37035689218173,45.28332269923741,46.37792564234982
2020-11-18T19:30:00Z,129.5,129.64,128.95,128.97,227591,299886.2,127.43627284046919,129.1415250000004,130.79791920037385,127.48513079962696,127.87669999999923,129.5749999999995,53.88929856921652,36.132981727165706,42.82709798140741
2020-11-18T20:30:00Z,128.9501,129.1,127.84,127.85,389421,300130.75,127.45645465312923,129.09675000000038,130.8396965710511,127.35380342894966,127.95157499999922,129.2169999999995,45.743765330071,20.41406913469765,33.9434578537001
2020-11-19T14:30:00Z,127.58,130.23,127.1105,129.33,561090,316926.8,127.54784710907414,129.15525000000036,130.84627180635422,127.4642281936465,128.0543249999992,129.0919999999995,55.34842804307712,26.066549524680642,27.537866795514514
2020-11-19T15:30:00Z,129.34,129.94,129.17,129.81,191066,318666.55,127.65819603058272,129.2405000000004,130.8823340353174,127.59866596468339,128.15657499999924,129.08999999999952,57.948459390928164,40.867040807836275,29.115886489071368
2020-11-19T16:30:00Z,129.84,129.93,129.34,129.778,158566,320126.9,127.76160110226161,129.34815000000037,130.82635097062033,127.86994902938041,128.2590249999992,129.1475999999995,57.70721049351949,66.94860898464908,44.627399772388515
2020-11-19T17:30:00Z,129.77,129.81,129.33,129.4177,109731,314875,127.84238641434641,129.40553500000036,130.79851450906122,128.0125554909395,128.3698424999992,129.2371399999995,54.93411671891673,71.16544015156599,59.66036331468363
2020-11-19T18:30:00Z,129.425,129.54,129.2,129.44,83580,307284.35,127.9203187843783,129.47728500000034,130.7133018173102,128.24126818269048,128.47709249999923,129.5551399999995,55.0780028102186,71.62033632396931,69.91146182006132
2020-11-19T19:30:00Z,129.44,129.64,129.09,129.14,182760,296715.65,127.97981542904277,129.49828500000035,130.69579478812443,128.30077521187627,128.53709249999923,129.51713999999953,52.642929440827814,65.36451438937102,69.38343028830195
2020-11-19T20:30:00Z,129.15,129.496,129.105,129.19,205432,261764.75,128.038848822748,129.46778500000033,130.6640751958456,128.27149480415505,128.57684249999923,129.3931399999995,53.01576681745553,63.13183311271269,66.70556127535086
2020-11-20T14:30:00Z,129.65,129.67,128.36,129.33,487621,267203.75,128.1018318070042,129.39628500000035,130.43575325476996,128.35681674523073,128.64184249999923,129.30353999999951,54.10529853535199,62.053243123989006,63.51653020869076
2020-11-20T15:30:00Z,129.35,129.9799,129.15,129.86,192737,261385.4,128.18759610910155,129.36328500000033,130.294197183122,128.43237281687865,128.72109249999923,129.39199999999954,58.069454761113974,69.11310486836346,64.7660603683549
2020-11-20T16:30:00Z,129.8928,130.3,129.56,130.15,282152,266379.25,128.28332312816977,129.40378500000037,130.3956076417316,128.41196235826914,128.80084249999922,129.5339999999995,60.10024582611528,80.48854090172786,70.55162963135996
2020-11-20T17:30:00Z,130.155,130.34,129.6,129.88,215148,264344.95,128.3612098048444,129.43753500000037,130.44580527758524,128.4292647224155,128.89459249999922,129.6819999999995,57.31689567748827,87.31097288039585,78.97087288349557
2020-11-20T18:30:00Z,129.85,129.95,129.56,129.855,177127,263308.6,128.43407761924223,129.48428500000037,130.47884702050885,128.4897229794919,128.97046749999922,129.81499999999954,57.05342381840238,88.67852430616085,85.49267936276136
2020-11-20T19:30:00Z,129.86,130.29,129.63,129.63,306345,265258.1,128.49241529635236,129.51578500000036,130.48662216073103,128.5449478392697,129.0224674999992,129.87499999999955,54.61993182463613,82.91789234659626,86.30246317771751
2020-11-20T20:30:00Z,129.61,130.07,129.55,129.55,525187,267814.2,128.54400479409128,129.50428500000038,130.46775166399783,128.54081833600293,129.08821749999922,129.81299999999953,53.74221201542037,79.51179233111417,83.70273632795694
2020-11-23T14:30:00Z,129.89,130.15,128.62,128.715,521889,281001.9,128.5523460236478,129.45803500000036,130.4781439219531,128.43792607804764,129.11959249999921,129.52599999999953,45.52000801167024,57.1608248454509,73.19683650772029
2020-11-23T15:30:00Z,128.68,128.855,127.06,127.185,528305,290441.3,128.4856462176162,129.31953500000037,130.71518395036122,127.9238860496395,129.1254049999992,128.98699999999954,34.96430339247179,32.42609250625578,56.36623656094013
2020-11-23T16:30:00Z,127.19,127.7,127.09,127.5394,359735,298304.1,128.43948786553736,129.2055050000004,130.78015026463345,127.63085973536732,129.1182649999992,128.52387999999954,38.52062716838544,12.118707399195129,33.90187491696711
2020-11-23T17:30:00Z,127.54,127.76,126.91,126.935,428555,306701.9,128.36609821355992,129.07775500000037,130.9295321381697,127.22597786183104,129.0921399999992,127.98487999999952,35.0050574319757,6.385230747351329,16.976676884267256
2020-11-23T18:30:00Z,126.92,127.35,126.92,127.105,333964,312020.55,128.30458122753262,128.98450500000035,131.02664274007654,126.94236725992418,129.0630149999992,127.49587999999952,36.753486846859694,7.0099492758777915,8.504629140807927
2020-11-23T19:30:00Z,127.105,127.94,127.05,127.625,364847,310791.85,128.27143092375056,128.97325500000036,131.04256666078206,126.90394333921867,129.0350024999992,127.2778799999995,41.90185844693901,9.086491739553194,7.49389058759395
2020-11-23T20:30:00Z,127.64,128.09,127.52,127.95,352982,300386.45,128.25575136649442,128.90425500000035,131.0130374708759,126.79547252912481,129.0297524999992,127.4308799999995,44.91968591633084,18.950437317784473,11.682292777738331
2020-11-24T14:30:00Z,127.48,128.15,125.78,125.81,1247242,353195.25,128.13644642178738,128.70425500000036,131.16144272369,126.24706727631074,128.9723774999992,127.08499999999951,32.82790172815703,17.27469183162002,15.103873629652407
2020-11-24T15:30:00Z,125.79,128.46,125.76,128.09,539692,372251.55,128.1341807426758,128.61985500000034,131.03939095663796,126.20031904336274,128.98400249999924,127.31599999999953,48.67886573255779,27.283985630237385,21.169704926547137
2020-11-24T16:30:00Z,128.11,128.59,128.04,128.47,208993,377214.65,128.15056216986235,128.57247000000035,130.96461398980543,126.18032601019527,128.98900249999923,127.58899999999953,50.76422541478195,36.90052095303767,27.153066138298204
2020-11-24T17:30:00Z,128.47,128.54,127.97,128.27,189803,382525.8,128.15638840547882,128.51397000000034,130.8754186714639,126.15252132853676,128.99562749999922,127.71799999999953,49.62138731353013,55.150685547747486,39.77839737700736
2020-11-24T18:30:00Z,128.3,129.02,128.24,128.4,216598,384217.7,128.1682718978945,128.47697000000034,130.8211498028242,126.13279019717646,128.9876274999992,127.80799999999954,50.40298014732472,57.61894663106401,49.89005104394957
2020-11-24T19:30:00Z,128.39,129.02,128.33,128.47,315322,389712.2,128.18299034189965,128.44097000000033,130.76224600856997,126.11969399143068,128.95437749999923,128.33999999999952,50.84520144703288,58.47258050187666,57.08073756022923
2020-11-24T20:30:00Z,128.47,128.51,127.91,128,644312,397546.75,128.1740639837582,128.37447000000031,130.66607409931538,126.08286590068526,128.8853774999992,128.32199999999952,47.76567128688848,57.01146997742216,57.70099903678746
2020-11-25T14:30:00Z,128.78,129.63,127.755,128.59,732959,424557.85,128.1943535455261,128.3109700000003,130.50260206492237,126.11933793507824,128.8371274999992,128.34599999999952,51.71888772994824,61.96095974132743,59.1483367402086
2020-11-25T15:30:00Z,128.61,128.9,128.375,128.655,187579,419829.2,128.21682410428093,128.23622000000032,130.26800884680378,126.20443115319686,128.82000249999922,128.42299999999952,52.14855832225319,66.31929116169209,61.763906960147075
2020-11-25T16:30:00Z,128.61,128.65,127.9,128.36,350535,426598.55,128.223808294316,128.16022000000032,130.04906188802957,126.27137811197109,128.7988774999992,128.41499999999954,49.97484070511846,71.70542635658944,66.6618924198695
2020-11-25T17:30:00Z,128.36,128.69,128.29,128.42,284306,431957.5,128.23337862142253,128.0884700000003,129.81652460214656,126.36041539785408,128.78637749999922,128.40499999999952,50.427442282753965,70.24117140396226,69.42196297408111
2020-11-25T18:30:00Z,128.41,128.605,128.31,128.46,148489,424064.7,128.24443332281655,128.02997000000033,129.61894063156583,126.44099936843483,128.7728774999992,128.49699999999953,50.747368950647655,68.56158484065482,70.16939420040201
2020-11-25T19:30:00Z,128.45,128.755,128.36,128.68,198989,407754.8,128.2656804778011,127.98647000000032,129.44923048209856,126.52370951790208,128.74537749999922,128.5149999999995,52.560771033926066,71.3178294573645,70.0401952339937
2020-11-25T20:30:00Z,128.66,128.86,128.54,128.67,334474,398384.05,128.28540338132302,127.98422000000032,129.44262304374112,126.52581695625953,128.72112749999923,128.51799999999952,52.46621126955056,73.47114556416898,71.11685328739594
2020-11-27T14:30:00Z,128.97,131.27,128.87,130.9142,433076,393622.6,128.4136373627219,128.17068000000035,130.06199598364068,126.27936401636,128.74510749999922,129.0288399999995,66.8708226757182,81.39621485326965,75.39506329160089
2020-11-27T15:30:00Z,130.92,131.03,130.535,131,172357,384253.7,128.53980139380863,128.34371000000033,130.5749935030987,126.11242649690195,128.77460749999923,129.5448399999995,67.27908097449264,87.01836086709238,80.62857376151018
2020-11-27T16:30:00Z,131.04,131.46,130.955,131.175,237510,374701.45,128.66834766728138,128.55571000000035,131.00626053226327,126.10515946773744,128.8167324999992,130.08783999999952,68.1414358299862,92.72299215311914,87.0458559578269
2020-11-27T17:30:00Z,131.16,132.47,131.12,132.09,986363,407321.4,128.8352575371701,128.80496000000034,131.60389281826804,126.00602718173262,128.8947324999992,130.76983999999948,72.25825692239732,92.1889805966382,90.64344453894974
2020-11-27T19:30:00Z,131.9,131.9,131.75,131.75,41287,391143.4,128.97744009633251,129.01121000000032,132.03115365364454,125.9912663463561,128.99223249999923,131.3858399999995,68.70546646161485,89.65929793077213,91.52375689350966
2020-11-27T20:30:00Z,131.825,132.43,131.825,131.9,1711,373579.85,129.1200039940724,129.20871000000034,132.43482575600993,125.98259424399076,129.05648249999922,131.5829999999995,69.41982960490836,88.19370802403694,90.01399551714893
2020-11-30T14:30:00Z,131.9,132.19,130.54,131.09,365643,329499.9,129.2161013602152,129.47271000000035,132.39275166942417,126.55266833057652,129.0884824999992,131.6009999999995,61.28442567877793,81.12407211028649,86.32569268836501
2020-11-30T15:30:00Z,131.09,131.14,130.19,130.34,270842,316057.4,129.27092568410714,129.58521000000036,132.4564604856161,126.71395951438461,129.1025324999992,131.43399999999951,54.87219895482099,70.67810493536406,79.99862835656232
2020-11-30T16:30:00Z,130.34,131.13,130.13,131.0066,254144,318314.95,129.3555927239068,129.71204000000034,132.59909164366198,126.82498835633871,129.1422549999992,131.21731999999952,58.980290036173805,64.03383679351023,71.94533794638676
2020-11-30T17:30:00Z,131.03,131.39,130.8597,131.28,118098,314729.7,129.44946624956987,129.86254000000037,132.74702782856895,126.97805217143177,129.18825499999917,131.12331999999952,60.5658625967662,64.30030118064214,66.33741430317197
2020-11-30T18:30:00Z,131.26,131.581,131.23,131.5499,143833,311091.45,129.5519264325177,130.02003500000035,132.9118654647162,127.1282045352845,129.2485024999992,131.05329999999952,62.12241888666571,72.46381005961881,66.93264934459022
2020-11-30T19:30:00Z,131.54,131.58,131,131.2,185021,304576.4,129.6323202650778,130.15653500000036,133.00014119929168,127.31292880070905,129.2987524999992,131.0752999999995,58.877756744316734,72.8376895693094,69.86726693652328
2020-11-30T20:30:00Z,131.21,133.05,131.21,132.95,879811,316351.35,129.79415830092765,130.40403500000033,133.31464179527111,127.49342820472955,129.3892524999992,131.5972999999995,67.9063327590329,81.588224443079,75.62990802400223
2020-12-01T14:30:00Z,132.85,133.66,132.24,132.8993,457475,302577.15,129.94562862771167,130.61950000000033,133.59826755380152,127.64073244619914,129.46523499999918,131.9758399999995,67.44433218637573,83.66715323436428,79.36435574891739
2020-12-01T15:30:00Z,132.92,133.07,132.52,132.8,487597,317578.05,130.08486625562819,130.82675000000035,133.80673488076044,127.84676511924026,129.53148499999918,132.27983999999952,66.49018418459903,85.84636559326714,83.70058109023664
2020-12-01T16:30:00Z,132.835,133.44,132.58,133.44,239522,312027.4,130.24853131632926,131.08075000000034,134.04235258805545,128.11914741194522,129.62048499999918,132.6578599999995,69.48643801941029,84.50803235415331,84.67385039392808
2020-12-01T17:30:00Z,133.44,133.5,133.17,133.48,158941,305759.15,130.4061639350449,131.33375000000032,134.2061037194419,128.46139628055874,129.7111099999992,133.1138599999995,69.66897812821004,88.10198300283302,86.15212698341766
2020-12-01T18:30:00Z,133.5,133.86,133.36,133.61,141591,305414.25,130.56244862114028,131.59125000000034,134.30598127391207,128.87651872608862,129.81060999999917,133.24585999999948,70.29102219359865,93.98871412405352,88.86624316034647
2020-12-01T19:30:00Z,133.59,133.84,133.22,133.41,185108,304720.2,130.7013535664505,131.82775000000032,134.30010351225636,129.3553964877443,129.9071099999992,133.3479999999995,67.98111917874778,92.04469794206166,91.37846502298258
2020-12-01T20:30:00Z,133.42,133.94,133.14,133.72,366336,306313.3,130.84860461198951,132.0802500000003,134.22019202949778,129.9403079705028,130.03223499999916,133.53199999999947,69.64615645039373,91.8196552508684,92.61768910566104
2020-12-02T14:30:00Z,133.65,134.24,133.19,134.12,358387,302578.85,131.0081848748193,132.2405400000003,134.484813121796,129.99626687820458,130.20560999999915,133.6679999999995,71.6917257065856,93.08055686401356,92.31497001898106
2020-12-02T15:30:00Z,134.14,134.14,133.36,133.79,230843,305503.15,131.1438831736086,132.3800400000003,134.6452768982527,130.1148031017479,130.36187499999917,133.7299999999995,67.64173640399152,93.45236954869684,92.78419388785944
2020-12-02T16:30:00Z,133.8,134.1,133.12,133.12,206750,303965.15,131.2402791163594,132.4772900000003,134.6937177193708,130.2608622806298,130.51649999999918,133.6319999999995,60.20529627581642,84.33274433307675,90.28855691526223
2020-12-02T17:30:00Z,133.11,133.18,132.47,132.6,172058,263249.9,131.30660696434188,132.5027900000003,134.7125328979876,130.293047102013,130.65387499999918,133.4699999999995,55.13865955510566,68.43355235926994,82.07288874701435
2020-12-02T18:30:00Z,132.6,133.2599,132.41,133.18,155621,268966.6,131.39799199047155,132.5742900000003,134.7744942621506,130.37408573785,130.7927499999992,133.36199999999948,59.257216696435776,61.177837601527735,71.31471143129131
2020-12-02T19:30:00Z,133.155,133.82,133.06,133.11,357635,286762.8,131.4815045763022,132.6347900000003,134.82401850228354,130.44556149771705,130.92174999999918,133.15999999999948,58.55847392234215,59.790979097909805,63.13412301956899
2020-12-02T20:30:00Z,133.13,133.3,132.93,133.21,262448,281603.05,131.56582142623867,132.7407900000003,134.82325861085488,130.6583213891457,131.10674999999918,133.0439999999995,59.29687192071099,59.49674041478232,60.155185704739786
2020-12-03T14:30:00Z,131.65,132.97,131.47,132.56,369616,286541.75,131.6143179420319,132.85179000000028,134.62412461716912,131.07945538283144,131.2184999999992,132.9319999999995,52.721227451415146,50.18548371082604,56.491067741172564
2020-12-03T15:30:00Z,132.61,132.66,132.02,132.29,250676,286368.35,131.6472780424206,132.9159600000003,134.49927147068192,131.33264852931867,131.3139999999992,132.8699999999995,50.2295002775149,39.15102286401916,49.61108232987568
2020-12-03T16:30:00Z,132.28,132.33,131.52,131.655,383928,299659.85,131.64765472327812,132.93471000000028,134.44738972922525,131.4220302707753,131.39862499999919,132.5649999999995,44.85961329310588,25.210589651022815,38.18236540862251
2020-12-03T17:30:00Z,131.655,131.92,131.535,131.91,160191,300477.75,131.66045205384992,132.9527150000003,134.4064583104503,131.4989716895503,131.4863749999992,132.32499999999948,47.29629376820224,17.3886883273164,27.25010028078596
2020-12-03T18:30:00Z,131.88,131.95,131.48,131.805,148135,298633.45,131.6675031731743,132.9829650000003,134.3091464855835,131.65678351441707,131.5697499999992,132.04399999999947,46.387298425770126,11.552346570397225,18.05054151624532
2020-12-03T19:30:00Z,131.805,132.03,131.62,131.745,509928,280139.3,131.6712835061902,132.92271500000027,134.35468260184072,131.4907473981598,131.6633749999992,131.8809999999995,45.845080436931326,12.63537906137199,13.858804653028379
2020-12-03T20:30:00Z,131.78,131.83,131.09,131.19,571408,285835.95,131.6478062619858,132.83725000000027,134.45640556683705,131.2180944331635,131.7283749999992,131.66099999999946,41.06364047777097,8.398754608141024,10.86216007996992
2020-12-04T14:30:00Z,131.56,131.98,130.68,131.44,279950,275453.6,131.63766937115724,132.76925000000026,134.49938084755107,131.03911915244944,131.7979999999992,131.61799999999948,43.90186096761685,11.689239642537787,10.907791104016773
2020-12-04T15:30:00Z,131.46,131.664,131.33,131.55,84816,267718.3,131.63339281646665,132.67475000000027,134.45378478033012,130.89571521967042,131.87774999999922,131.54599999999948,45.15341548605938,16.85950586163549,12.315833370771273
2020-12-04T16:30:00Z,131.525,131.7,131.33,131.36,96108,264576.65,131.62005658151705,132.56875000000028,134.395235354338,130.74226464566254,131.95124999999922,131.45699999999948,43.35422023294663,23.019988455239268,17.189577986470688
2020-12-04T17:30:00Z,131.35,131.44,131.1942,131.36,116967,263345.45,131.60737089461378,132.45625000000027,134.2894981418571,130.62300185814343,132.0237499999992,131.37999999999948,43.35422023294663,22.91689946735237,20.93213126140888
2020-12-04T18:30:00Z,131.37,131.53,131.13,131.28,157512,261965.65,131.5914015826814,132.34975000000026,134.19642667706924,130.50307332293127,132.0887499999992,131.3979999999995,42.52674391243274,20.80679405520193,22.247893992597696
2020-12-04T19:30:00Z,131.29,131.625,131.13,131.385,164680,251882.85,131.5813332127945,132.23300000000026,134.0124167582744,130.4535832417261,132.1566249999992,131.3869999999995,44.036521220866746,22.557576052251903,22.09375652493524
2020-12-04T20:30:00Z,131.42,131.82,131.39,131.81,220909,245008.95,131.59248769021917,132.1175000000003,133.67845964060572,130.55654035939486,132.1790199999992,131.43899999999945,49.78632962266627,31.787218455760073,25.050529521071145
2020-12-07T14:30:00Z,132.32,133.08,131.92,132.99,280057,247469.65,131.6606590224036,132.07750000000027,133.4998202872822,130.65517971271834,132.2287699999992,131.76499999999947,61.586957956389504,57.50112503750105,37.281973181837515
2020-12-07T15:30:00Z,133.005,133.03,132.4,132.64,190838,246674.05,131.70843175301806,132.05350000000027,133.41973972992034,130.6872602700802,132.26539499999922,132.02099999999947,57.28657858141391,75.75388161086816,55.014075034709606
2020-12-07T16:30:00Z,132.64,132.685,132.2,132.56,163532,246247.75,131.74997166750498,132.0515000000003,133.41464746069278,130.6883525393078,132.27714499999922,132.27699999999948,56.31857645331399,85.41666666666622,72.89055777167832
2020-12-07T17:30:00Z,132.58,132.94,132.45,132.6,171451,247039.25,131.79143646421204,132.02250000000026,133.31101658879882,130.7339834112017,132.29839499999923,132.51999999999947,56.71243589644644,79.99999999999935,80.39018275917776
2020-12-07T18:30:00Z,132.605,132.66,132.33,132.49,117563,235035.65,131.82551273425048,131.99150000000026,133.20129791685284,130.78170208314768,132.31314499999922,132.6559999999995,55.23742482556488,77.91666666666634,81.11111111111047
2020-12-07T19:30:00Z,132.47,132.86,132.4,132.63,204603,232143.4,131.86475601550654,131.96250000000026,133.0782217393296,130.84677826067093,132.35164499999922,132.58399999999946,56.77820201967385,78.88888888888846,78.93518518518455
2020-12-07T20:30:00Z,132.64,132.99,132.49,132.96,235003,225412.75,131.9181825513355,131.98250000000024,133.15332663090274,130.81167336909775,132.4171449999992,132.64799999999948,60.25130926483393,83.88888888888864,80.23148148148098
2020-12-08T14:30:00Z,132.92,132.95,131.825,132,355481,230653,131.9221736463923,131.96800000000025,133.13038719866591,130.80561280133458,132.4419799999992,132.53599999999946,48.13393084112152,73.62179487179459,78.79985754985707
2020-12-08T15:30:00Z,132,132.67,131.96,132.51,155415,219227.35,131.95084810266584,132.01075000000026,133.18675712141226,130.83474287858826,132.47272999999922,132.5179999999995,53.485864954920835,70.1282051282048,75.87962962962918
2020-12-08T16:30:00Z,132.5,132.69,132.32,132.61,154098,218922.7,131.98300185375533,132.04575000000028,133.24902999634003,130.84247000366054,132.4992324999992,132.5419999999995,54.477759629208876,63.760683760683584,69.17022792022749
2020-12-08T17:30:00Z,132.61,133.13,132.56,133.08,120650,217548.45,132.0365139584502,132.10950000000025,133.38776796862965,130.83123203137086,132.54623249999923,132.6319999999995,58.91254302321611,81.38888888888904,71.75925925925897
2020-12-08T18:30:00Z,133.1,133.43,133.05,133.32,151448,199624.45,132.09912303364774,132.18825000000024,133.55779472348678,130.8187052765137,132.55548249999924,132.7039999999995,61.00179796004282,89.53827573392816,78.2292827945001
2020-12-08T19:30:00Z,133.325,133.36,133.08,133.25,203323,181220.2,132.1552633734698,132.29125000000025,133.65484038923782,130.92765961076267,132.56424999999925,132.9539999999995,60.04280671657253,94.63128729752778,88.51948397344815
2020-12-08T20:30:00Z,133.25,133.28,132.87,133.09,380303,186237.85,132.20086028208104,132.37375000000026,133.72090580005278,131.02659419994774,132.57149999999925,133.06999999999948,57.805885491354914,88.40335375650984,90.85763892932175
2020-12-09T14:30:00Z,133.88,133.88,131.9,132.57,428089,203401.5,132.21886709758928,132.42475000000022,133.7195143606633,131.12998563933712,132.54974999999925,133.0619999999995,51.13781860145784,68.74857044257094,83.92773716553602
2020-12-09T15:30:00Z,132.575,132.65,132.2,132.555,113982,204295.2,132.23526382453613,132.48450000000022,133.68399531038844,131.285004689612,132.52662499999923,132.95699999999948,50.955223467851695,50.19745169823657,69.11645863243895
2020-12-09T16:30:00Z,132.57,132.87,132.31,132.55,125835,204738.6,132.2506168087051,132.54400000000024,133.62686010159334,131.46113989840714,132.50012499999926,132.80299999999949,50.88999415099832,35.68532035685389,51.54378083255364
2020-12-09T17:30:00Z,132.51,132.51,131.9,132.03,206139,207169.95,132.23985501315852,132.58150000000023,133.530320846967,131.63267915303348,132.46562499999922,132.55899999999951,44.50859349349406,26.926196269262803,37.602989441450916
2020-12-09T18:30:00Z,132.02,132.04,131.22,131.66,234670,210669.45,132.21156940276055,132.59525000000025,133.48013120649824,131.71036879350225,132.41412499999925,132.2729999999995,40.60679047653035,20.59894261200503,27.7368197460404
2020-12-09T19:30:00Z,131.65,131.65,130.68,130.71,323845,215816.25,132.138322114821,132.54025000000024,133.70576480026355,131.37473519973693,132.32887499999921,131.90099999999953,32.68421929186833,9.15150749440536,18.892215458557555
2020-12-09T20:30:00Z,130.71,131.63,130.57,131.13,674625,235544.65,132.0891356701956,132.44725000000022,133.7438358049723,131.15066419502816,132.26237499999922,131.6159999999995,38.40581982200617,11.465760795493336,13.738736967301067
2020-12-10T14:30:00Z,130.73,131.875,130.035,131.065,326172,242311.35,132.03917783262509,132.36850000000024,133.7936389404684,130.94336105953207,132.21099999999925,131.3189999999995,37.869359805108736,14.881321804648246,11.832863364848805
2020-12-10T15:30:00Z,131.065,131.39,130.54,130.88,197424,244005.95,131.98263257249704,132.28450000000026,133.84609821964727,130.72290178035325,132.16799999999927,131.08899999999952,36.314595418989505,21.89435279727935,16.080478465806802
2020-12-10T16:30:00Z,130.91,131.02,130.6,130.81,152507,243058.75,131.92543098359474,132.19500000000022,133.87472319138047,130.51527680861997,132.10874999999925,130.9189999999995,35.717060452254515,22.97355873428707,19.91641111207138
2020-12-10T17:30:00Z,130.84,131.16,130.73,130.9,120348,243198,131.87540996000476,132.11550000000025,133.88020649107352,130.35079350892698,132.05349999999925,130.9569999999995,37.14899605270319,21.543129605548515,22.13701371237147
2020-12-10T18:30:00Z,130.905,130.935,130.0762,130.12,130520,239493.85,131.7897802058582,131.99000000000026,133.93798613948326,130.04201386051727,131.97624999999925,130.7549999999995,30.754903676884453,14.954486345904035,19.823724895246364
2020-12-10T19:30:00Z,130.09,130.52,130.08,130.47,165455,236016.45,131.72540068362122,131.86550000000025,133.86713658030638,129.86386341969413,131.92399999999924,130.6359999999995,36.07207391620704,12.006935413957754,16.16818378846993
2020-12-10T20:30:00Z,130.48,131.005,130.47,130.49,281395,232312.15,131.6651372356397,131.79000000000025,133.87770927085654,129.70229072914395,131.87899999999925,130.5579999999995,36.37273790311358,8.45253576072848,11.804652506863249
2020-12-11T14:30:00Z,130.4,131.16,129.69,130.89,294253,239254.05,131.62732566316947,131.70900000000023,133.80437729290884,129.61362270709162,131.85987499999925,130.5739999999995,42.22526505618746,20.294264379942963,13.584578518209556
2020-12-11T15:30:00Z,130.89,131.63,130.78,131.58,230642,243081.25,131.62501709423438,131.65750000000023,133.7119987222318,129.60300127776864,131.85162499999925,130.7099999999995,50.65671130715472,36.33445379525821,21.693751311976374
2020-12-11T16:30:00Z,131.54,131.6,130.7,130.76,193827,246740.1,131.58282113841807,131.5415000000002,133.52229302291988,129.56070697708054,131.82549999999927,130.83799999999948,42.684423337261045,45.03769124403406,33.8888031397449
2020-12-11T17:30:00Z,130.78,130.93,130.56,130.9,108869,244611.15,131.54951279020256,131.42050000000023,133.2411232448398,129.59987675516066,131.80437499999925,130.92399999999947,44.29628949816366,49.62219545920899,43.664780166166906
2020-12-11T18:30:00Z,130.91,131.32,130.9,131.01,113979,240143.95,131.5231950931195,131.30850000000024,132.9298515965481,129.68714840345237,131.79987499999925,131.02799999999948,45.59101082559466,49.94817447565882,48.202687059633774
2020-12-11T19:30:00Z,131.05,131.41,130.98,131.2201,176165,229937.05,131.5084099666259,131.21500500000022,132.6152300538917,129.81477994610873,131.79437749999926,131.0940199999995,48.073565001569825,60.642906989954206,53.40442564160716
2020-12-11T20:30:00Z,131.25,131.32,131,131.27,214201,219242.65,131.49678021215632,131.15000500000025,132.405844480796,129.8941655192045,131.78737749999925,131.03201999999948,48.6725786256632,67.5835240274601,59.39153516435753
2020-12-14T14:30:00Z,130.75,132.97,130.75,132.42,403885,233737.8,131.54181532375844,131.14325500000024,132.36992766274875,129.91658233725173,131.81387749999925,131.36401999999947,60.09703080231815,75.19012669531746,67.80551923757709
2020-12-14T15:30:00Z,132.415,132.51,131.29,131.29,186471,236769.6,131.52953164942875,131.08025500000025,132.12780945753812,130.03270054246238,131.81212749999924,131.44201999999947,48.640582677431276,68.10780264553223,70.29381778943643
2020-12-14T16:30:00Z,131.3,131.31,129.91,130.04,315378,242231.55,131.4568715689688,130.98075500000022,132.02660026654462,129.9349097334558,131.78112749999926,131.24801999999949,39.638712081232214,47.56097560975592,63.61963498353503
2020-12-14T17:30:00Z,130.04,130.41,129.84,129.965,193068,240151.45,131.3840973460923,130.8960050000002,131.98188665173222,129.81012334826818,131.74562749999924,130.99699999999945,39.17030134243833,22.611788617886177,46.093522291057944
2020-12-14T18:30:00Z,129.97,130.18,129.86,130.15,131515,230534.95,131.3238974755512,130.8680050000002,131.99954734634113,129.7364626536593,131.70412749999926,130.77299999999946,41.0216783504803,11.026422764227775,27.066395663956452
2020-12-14T19:30:00Z,130.15,130.15,129.86,129.92,219792,207793.3,131.2554146718658,130.8075050000002,132.00406736844982,129.61094263155056,131.62737749999926,130.27299999999946,39.415523935621366,9.80691056910578,14.481707317073075
2020-12-14T20:30:00Z,129.91,130,129.23,129.36,728430,227906.2,131.16295541957965,130.7222550000002,132.06705411569817,129.3774558843022,131.54537749999926,129.8869999999995,35.745720519335535,8.170840398243795,9.668057910525617
2020-12-15T14:30:00Z,129.62,130.71,129.05,129.17,275506,231810.3,131.06573808203916,130.6367550000002,132.1388089542808,129.1347010457196,131.46062749999925,129.71299999999945,34.56968306837979,4.516451813541342,7.498067593630139
2020-12-15T15:30:00Z,129.16,129.41,128.78,129.1525,312750,239822.45,130.97240939511042,130.55388000000022,132.1858398138561,128.92192018614435,131.37443999999925,129.55049999999946,34.457236379953315,5.1424583719364065,5.94325019457368
2020-12-15T16:30:00Z,129.13,130.15,129.07,130.12,215603,244585.2,130.93082844900746,130.5148800000002,132.14916865077632,128.8805913492241,131.31518999999926,129.54449999999946,45.09111102846687,14.644115402724244,8.101008529400497
2020-12-15T17:30:00Z,130.12,130.45,129.85,130.335,133033,244710.85,130.90176364661684,130.52563000000018,132.15219769428492,128.89906230571543,131.25781499999925,129.62749999999943,47.14339849424574,25.994431185362146,15.260334986674097
2020-12-15T18:30:00Z,130.34,130.6242,130.075,130.095,152976,244086.9,130.86240932239164,130.5068800000002,132.1441905124202,128.86956948758018,131.18618999999924,129.77449999999945,45.11624806573923,33.49244232299139,24.71032963702576
2020-12-15T19:30:00Z,130.095,130.5,129.955,130.3501,197068,239870.55,130.8374186237384,130.49988500000018,132.1386189627889,128.86115103721144,131.14494249999922,130.01051999999945,47.69094358309796,35.32299124900565,31.603288252452895
2020-12-15T20:30:00Z,130.34,130.36,129.93,130,280709,239193.35,130.79656893477554,130.45538500000018,132.09765996504072,128.81311003495964,131.08219249999925,130.18001999999944,44.598720491768006,32.657915672235504,33.82444974807735
2020-12-16T14:30:00Z,130.65,130.65,129.11,129.53,403196,247821.05,130.7347850842987,130.35288500000019,131.9570538691626,128.74871613083778,131.00519249999923,130.06201999999945,40.77634273428688,28.89891247086028,32.29327313070031
2020-12-16T15:30:00Z,129.53,130.03,129.41,129.96,467312,261495.3,130.69699068994265,130.3128850000002,131.91434713216927,128.71142286783112,130.92719249999925,129.98701999999946,45.387975962054554,31.954833306276914,31.1705538164574
2020-12-16T16:30:00Z,129.9354,130.05,129.62,129.755,170957,264599.7,130.6510399245796,130.25563500000018,131.85090207506835,128.66036792493202,130.83806749999923,129.91901999999945,43.64317472559622,39.08856317548587,33.31410298420752
2020-12-16T17:30:00Z,129.74,129.76,129.42,129.73,98894,263845.45,130.60611114777083,130.1916350000002,131.76323869075475,128.62003130924563,130.75006749999923,129.79499999999945,43.42394208145968,48.79374961600661,39.945715365922965
2020-12-16T18:30:00Z,129.74,129.82,129.36,129.66,169089,263491.65,130.55995938446495,130.1136300000002,131.6270956071676,128.6001643928328,130.66431749999924,129.72699999999946,42.77600648695771,48.445595854921784,45.44263621547125
2020-12-16T19:30:00Z,129.66,130.07,129.66,130,254366,265499.9,130.53264429253983,130.05013000000017,131.46773120771712,128.6325287922832,130.60006749999926,129.82099999999946,46.91893801417898,52.67702936096676,49.97212494396488
2020-12-16T20:30:00Z,129.995,130.06,129.5,129.79,321815,261396.4,130.49641774168424,129.91863000000018,130.83005796978443,129.00720203021592,130.53094249999924,129.78699999999944,44.76329566324857,53.71329879101861,51.611974668968884
2020-12-17T14:30:00Z,130.32,130.7597,129.82,130.31,357952,269970.45,130.4873241933094,129.86963000000017,130.55926751645944,129.1799924835409,130.47494249999923,129.89799999999943,50.79211123401185,64.27615949556356,56.88882921584948
2020-12-17T15:30:00Z,130.29,130.37,129.68,129.79,163209,262362,130.45330837900164,129.85713000000015,130.54301476009903,129.17124523990128,130.41894249999922,129.90999999999946,45.44989120770458,57.40905255084521,58.4661702791423
2020-12-17T16:30:00Z,129.84,130.39,129.65,130.19,316124,268514.8,130.44046406783082,129.86838000000017,130.5682120899396,129.16854791006074,130.38219249999923,130.01599999999945,49.82190021251492,61.78733329336359,61.1575151132573
2020-12-17T17:30:00Z,130.17,130.295,129.97,130.05,195758,271726.95,130.42141704013176,129.86338000000018,130.55648904921622,129.17027095078413,130.3656924999992,130.02599999999944,48.36095796073618,55.01920660807783,58.071864150762046
2020-12-17T18:30:00Z,130.06,130.425,130.06,130.26,202560,270865.35,130.4135430381741,129.88038000000017,130.59456798233944,129.1661920176609,130.3439424999992,130.11999999999946,50.696390974587544,64.05204986765209,60.286196589697674
2020-12-17T19:30:00Z,130.26,130.46,129.945,130.3,375524,253220.05,130.40800435338514,129.92738000000017,130.6218478495919,129.23291215040845,130.3248174999992,130.11799999999945,51.149583655702564,66.27467620375388,61.78197755982777
2020-12-17T20:30:00Z,130.31,130.38,129.85,129.99,484611,263675.3,130.38761389712243,129.9683800000002,130.56972927795132,129.36703072204907,130.3025674999992,130.15799999999948,47.5051405871241,65.06233456588029,65.12968687909526
2020-12-18T14:30:00Z,130.27,130.97,129.95,130.2,1133660,304720.8,130.37846199970184,130.02075500000018,130.4985058991177,129.54300410088265,130.2873174999992,130.15999999999946,50.09896688220949,59.21709085446332,63.51803387469901
2020-12-18T15:30:00Z,130.21,130.43,129.575,129.73,365777,312229.5,130.34682970703346,130.00125500000019,130.49284700726474,129.50966299273563,130.25806749999919,130.09599999999946,44.76746177364325,42.83277052317985,55.70406531450766
2020-12-18T16:30:00Z,129.69,130.25,129.51,130.24,155291,313342.4,130.34161850181232,129.99650500000018,130.47681234076836,129.516197659232,130.2610674999992,130.09199999999947,50.87643145004529,43.27122153209044,48.44036096991104
2020-12-18T17:30:00Z,130.24,130.27,129.8,129.89,160626,313724.9,130.31958833099222,129.9862550000002,130.46646672578115,129.50604327421925,130.2465674999992,130.00999999999945,47.0318621514347,36.85300207039261,40.98566470855415
2020-12-18T18:30:00Z,129.88,130.5952,129.69,130.52,232463,315494.65,130.3293645099682,129.99475000000018,130.50545025426732,129.48404974573305,130.2473174999992,130.11599999999945,53.79947017148574,52.32179828453112,44.1486739623379
2020-12-18T19:30:00Z,130.55,130.97,130.27,130.805,350410,318979.7,130.35256624118927,130.03500000000017,130.6559911430351,129.41400885696524,130.2451924999992,130.23699999999945,56.50673943097229,63.694173321502525,50.956324558808596
2020-12-18T20:30:00Z,130.8,132.14,130.72,131.95,828183,340229.05,130.43048983918004,130.15600000000018,131.16074175771533,129.15125824228502,130.25444249999921,130.68099999999944,65.30338207741563,83.64631023512116,66.55409394705144
2020-12-21T14:30:00Z,130.1,131.23,127.63,128.53,374524,335589.65,130.33778301775664,130.08450000000016,131.31338119837443,128.8556188016259,130.1986924999992,130.33899999999943,39.56391518115649,67.16894323510589,71.5031422639097
2020-12-21T15:30:00Z,128.54,129.7,128.26,129.685,319490,343016.3,130.30593994371972,130.08100000000016,131.3140068936203,128.84799310638002,130.1683174999992,130.29799999999946,47.14132395283679,52.76557656693077,67.86027667905245
2020-12-21T16:30:00Z,129.6913,130.37,129.515,130.295,160835,346113.35,130.30540628792852,130.10925000000017,131.33466125737445,128.8838387426259,130.1504424999992,130.25299999999942,50.659824466039055,41.537324464153905,53.82394808873003
2020-12-21T17:30:00Z,130.32,130.65,130.13,130.325,126425,343980.15,130.30636207876128,130.14250000000018,131.35334887565799,128.93165112434238,130.1280649999992,130.1569999999994,50.83316084899256,54.80413895048053,49.702346660521584
2020-12-21T18:30:00Z,130.28,130.495,130.07,130.23,132456,337884.65,130.30263709930952,130.15400000000017,131.36358505269433,128.944414947306,130.1020649999992,129.81299999999942,50.23136244532162,58.832224685883254,51.72456270017241
2020-12-21T19:30:00Z,130.22,130.32,129.91,130.15,169366,330262.2,130.2951913871481,130.17200000000017,131.37004173537824,128.9739582646221,130.04531499999922,130.13699999999943,49.697791623918384,57.760532150776214,57.13229859571319
2020-12-21T20:30:00Z,130.15,130.31,129.91,130.27,223188,323524,130.29396253899452,130.1700000000002,131.36724684158668,128.9727531584137,130.0198149999992,130.25399999999942,50.54636859977262,57.35402808573573,57.98226164079825
2020-12-22T14:30:00Z,131.85,131.93,131.07,131.16,369303,333828.7,130.33620826879965,130.2385000000002,131.4961847775487,128.98081522245167,130.0478149999992,130.42699999999942,56.41854819509692,64.22764227642314,59.780734170978214
2020-12-22T15:30:00Z,131.16,131.33,130.43,130.9523,181814,327113.2,130.36626152398017,130.27661500000016,131.5717565462492,128.98147345375114,130.0724974999992,130.55245999999943,54.78367717756264,70.15742793791615,63.913032766691536
2020-12-22T16:30:00Z,130.98,131.32,130.26,131.27,101903,322420.45,130.41034632768844,130.3376150000002,131.69761481793054,128.97761518206985,130.10049749999922,130.76045999999943,56.843696205053604,77.54841093865527,70.6444937176647
2020-12-22T17:30:00Z,131.29,131.75,131.21,131.73,87738,316679.35,130.4747196775573,130.41111500000017,131.89924566791822,128.9229843320821,130.1457474999992,131.0764599999994,59.706159670340384,81.76127124907651,76.48903670854916
2020-12-22T18:30:00Z,131.75,132.29,131.74,132.235,192610,307533.65,130.56058701035937,130.50786500000018,132.19307496460507,128.8226550353953,130.2176224999992,131.4694599999994,62.636146080223604,90.14612258881114,83.15193492551415
2020-12-22T19:30:00Z,132.22,132.34,131.76,131.77,203280,293467.1,130.6195827659516,130.59686500000015,132.34992197135813,128.84380802864217,130.2826224999992,131.59145999999944,58.42344752500742,92.54230752344556,88.14990045377759
2020-12-22T20:30:00Z,131.77,132.42,131.595,132.28,343866,253977.4,130.7005787285881,130.70086500000016,132.5889945148391,128.81273548516123,130.3608099999992,131.85699999999943,61.48320760890671,94.59835864003956,92.42892958409861
2020-12-23T14:30:00Z,132.25,132.55,131.11,131.13,323254,251851.25,130.72152610768137,130.77086500000016,132.61307798031368,128.92865201968664,130.3860599999992,131.82899999999944,52.16139360046308,83.9583667768715,90.36634431345205
2020-12-23T15:30:00Z,131.13,131.79,130.95,131.75,140279,251100.65,130.77169556584326,130.84636500000016,132.71888341240978,128.97384658759054,130.4214349999992,131.83299999999946,56.03183740555559,79.20595594359928,85.92089378683663
2020-12-23T16:30:00Z,131.73,132.27,131.71,132.23,110238,248581.25,130.84283236750943,130.96336500000015,132.87426310425073,129.05246689574957,130.4748099999992,131.83199999999943,58.81030331082073,76.139803816904,79.76804217912478
2020-12-23T17:30:00Z,132.24,132.78,132.175,132.605,146935,244304.85,130.9287917642163,131.06761500000016,133.09437051185205,129.04085948814827,130.5311824999992,131.9989999999994,60.88967848564209,85.14069452511173,80.16215142853818
2020-12-23T18:30:00Z,132.61,132.87,132.38,132.55,145941,234081.4,131.00787509279112,131.15486500000017,133.2768893600925,129.03284063990785,130.59493249999923,132.0529999999994,60.408002668981396,90.32347203078888,83.86799012426805
2020-12-23T19:30:00Z,132.53,132.755,132.42,132.64,177267,201535.6,131.08749094192328,131.18936500000015,133.38319809411584,128.99553190588446,130.6726824999992,132.3549999999994,60.95234316259793,91.77378598110288,89.07931751233434
2020-12-23T20:30:00Z,132.65,132.84,132.22,132.23,315221,198570.45,131.14322309109775,131.37436500000018,133.23934313520945,129.5093868647909,130.72943249999923,132.45099999999942,57.10082753610302,85.63261537399448,89.24329112862858
2020-12-24T14:30:00Z,132.77,133.83,132.64,133.15,189363,192064.1,131.24111464762956,131.54761500000015,133.39636222578224,129.69886777421806,130.81430749999922,132.63499999999942,62.78364547536072,82.88701262839163,86.7644713278295
2020-12-24T15:30:00Z,133.145,133.15,132.6,132.765,132332,190638.95,131.3154505184769,131.67111500000016,133.4985322169584,129.8436977830419,130.89018249999924,132.6669999999994,59.24663687049246,75.53312512744533,81.35091770994366
2020-12-24T16:30:00Z,132.78,132.99,132.59,132.965,108557,189745.55,131.39591634684388,131.80311500000016,133.60372052171294,130.00250947828738,130.97280749999925,132.7499999999994,60.49181258609516,73.69524198568298,77.37179324717316
2020-12-24T17:30:00Z,132.98,133.01,132.61,133,288933,197569.4,131.47416432992466,131.94161500000018,133.66121373947726,130.2220162605231,131.04780749999924,132.82199999999938,60.71800780705074,70.43796685340781,73.22211132217855
2020-12-28T14:30:00Z,134.5,134.76,131.91,131.96,279185,203060.35,131.49786363090394,132.03211500000018,133.54285970537532,130.52137029462503,131.10205749999926,132.7679999999994,51.31639360935884,55.88500656167992,66.67273846692342
2020-12-28T15:30:00Z,131.9732,132.13,131.4,132.04,232209,203511.4,131.5243093074452,132.1206150000002,133.39733859763896,130.84389140236146,131.14530749999926,132.54599999999942,51.93295127354996,42.099555263925524,56.140842893004255
2020-12-28T16:30:00Z,132.07,132.12,131.65,131.8,84853,189288.9,131.5377576339113,132.1526150000002,133.36171785120445,130.94351214879595,131.19555749999927,132.35299999999944,49.89157026896017,25.80927384077035,41.26461188879177
2020-12-28T17:30:00Z,131.88,132.51,131.7068,132.495,130339,186715.15,131.5844523834766,132.22975000000017,133.31299731697678,131.14650268302356,131.25318249999927,132.25899999999942,55.363375799549885,30.489938757655707,32.79958928745037
2020-12-28T18:30:00Z,132.495,133.11,132.34,132.875,152008,189220.4,131.64740592574603,132.3100000000002,133.33308846132184,131.28691153867857,131.32380749999928,132.2339999999994,58.06006612769591,35.58656730408739,30.62859330083766
2020-12-28T19:30:00Z,132.85,133.48,132.76,133.345,213577,195512.35,131.7302153927828,132.3907500000002,133.471302057845,131.31019794215538,131.40093249999927,132.51099999999943,61.18365135407597,47.445631796025715,37.84071261925612
2020-12-28T20:30:00Z,133.33,133.56,132.96,133.015,287222,200242.95,131.79288781264705,132.42975000000018,133.540873192859,131.31862680714136,131.4688074999993,132.70599999999942,57.92176965450597,49.95039682539679,44.32753197516981
2020-12-29T14:30:00Z,133.52,133.97,132.195,132.38,236366,201897.25,131.8215274315423,132.46025000000014,133.52997648361568,131.3905235163846,131.52855749999927,132.82199999999943,52.15929538261553,45.03968253968244,47.47857038703483
2020-12-29T15:30:00Z,132.39,132.54,131.65,132.54,266990,198053.45,131.85657487390608,132.47325000000018,133.54021426824673,131.40628573175363,131.58705749999928,132.8309999999994,53.416850322564216,37.053571428571225,44.014550264549996
2020-12-29T16:30:00Z,132.49,132.82,131.735,132.41,223699,193075.7,131.8835712215204,132.53725000000017,133.41015592261385,131.6643440773865,131.65405749999928,132.73799999999943,52.215858971605904,31.051587301587176,37.71494708994678
2020-12-29T17:30:00Z,132.39,132.75,132.09,132.63,96850,190904.25,131.91998238144623,132.58125000000018,133.37622720074773,131.78627279925263,131.71380749999926,132.5949999999994,54.096772530003264,33.53174603174591,33.87896825396795
2020-12-29T18:30:00Z,132.63,132.75,132.48,132.602,76584,189221.55,131.9532515335708,132.59985000000017,133.37832010843312,131.82137989156723,131.78160749999927,132.5123999999994,53.80647746790252,34.1468253968254,32.91005291005266
2020-12-29T19:30:00Z,132.62,133.15,132.605,133.01,86712,186210.4,132.00480023925027,132.62010000000015,133.41885826113892,131.82134173886138,131.84385749999927,132.6383999999994,57.394237979370146,40.09920634920632,35.92592592592572
2020-12-29T20:30:00Z,133.025,133.22,132.97,133.19,112871,184556.9,132.06261486172588,132.65210000000016,133.48749999984483,131.8167000001555,131.90348249999926,132.7683999999994,58.91048649643756,45.65476190476192,39.96693121693105
2020-12-30T14:30:00Z,133.52,133.61,132.69,132.85,183010,184844.05,132.1010238928612,132.66260000000017,133.5023950700824,131.82280492991794,131.92598249999926,132.85639999999938,54.933702363583286,52.53690321783696,46.096957157268236
2020-12-30T15:30:00Z,132.88,133.42,132.51,133.33,93540,173760,132.16097394686798,132.71760000000017,133.58062477352829,131.85457522647206,132.04598249999927,132.99639999999937,59.12846473244731,60.70261203009775,52.964759050898714
2020-12-30T16:30:00Z,133.325,133.53,133.06,133.255,120153,170299.5,132.214341071411,132.72285000000016,133.59753126178828,131.84816873821205,132.13523249999926,133.12699999999938,58.21664835033346,66.00502034974735,59.74817853256053
2020-12-30T17:30:00Z,133.22,133.49,133.17,133.39,96522,168509,132.27169028743975,132.75410000000016,133.6759587525953,131.83224124740502,132.21260749999925,133.20299999999938,59.42942042504476,72.19827586206891,66.30196941397118
2020-12-30T18:30:00Z,133.39,133.83,133.38,133.79,127264,169444.35,132.34575417585734,132.79535000000018,133.81942973796677,131.7712702620336,132.29923249999928,133.32299999999935,62.86840643218724,78.80747126436749,72.33692249206109
2020-12-30T19:30:00Z,133.77,133.78,133.35,133.47,117613,160878.35,132.4005954355716,132.81885000000017,133.88148093768024,131.7562190623201,132.38023249999927,133.44699999999938,58.589675655158494,81.89655172413767,77.63409961685785
2020-12-30T20:30:00Z,133.47,133.63,133.27,133.31,233344,158586.3,132.4449566338364,132.88635000000016,133.8921732994594,131.88052670054094,132.45923249999925,133.44299999999936,56.51844989556905,80.74712643678157,80.48371647509542
2020-12-31T14:30:00Z,133.15,134.15,133.105,133.7,154346,154693.15,132.50617826145412,132.9693500000002,133.9558935163713,131.98280648362908,132.54498249999924,133.53199999999936,60.210784334004884,77.33333333333316,79.99233716475062
2020-12-31T15:30:00Z,133.77,133.9,133.385,133.89,68350,153868,132.5736817608954,133.0738500000002,133.98249212410738,132.165207875893,132.61323249999924,133.63199999999935,61.907874424153974,80.9285595297585,79.66967309995756
2020-12-31T16:30:00Z,133.88,134.15,133.55,134.03,157350,155218.55,132.64472167499807,133.1506000000002,134.10867064442135,132.19252935557904,132.69017499999921,133.67999999999935,63.15490837688944,88.46957057763252,82.2438211469079
2020-12-31T17:30:00Z,134.05,134.38,133.98,134.22,184956,156865.95,132.72156452012013,133.2178500000002,134.27299989916037,132.16270010084003,132.76392499999923,133.82999999999936,64.83733119333309,91.66255303377318,87.02022771372124
2020-12-31T18:30:00Z,134.22,134.31,133.84,134.07,132072,152790.7,132.78734186060208,133.2541000000002,134.3721713571604,132.13602864284,132.8224249999992,133.98199999999937,62.414284161240744,89.72538818100755,89.95250393080426
2020-12-31T19:30:00Z,134.07,134.4799,133.98,134.18,98579,143358.55,132.85527640398735,133.3123500000002,134.4941011200291,132.13059887997133,132.87104999999923,134.07799999999938,63.49177489226571,86.59242806984629,89.32678976154216
2020-12-31T20:30:00Z,134.205,135,134.17,134.8394,255813,144330.9,132.952062920866,133.43532000000022,134.7114744820541,132.15916551794635,132.94778499999921,134.26787999999937,69.19314265110368,87.24951254811033,87.85577626632123
2021-01-04T14:30:00Z,134.83,134.98,132.63,132.82,371019,149532.35,132.94562082716524,133.44932000000023,134.69157215719716,132.2070678428033,132.96128499999924,134.02587999999938,45.67064001112171,63.591958982690045,79.14463320021538
2021-01-04T15:30:00Z,132.85,132.98,130.89,131.28,287588,152726.8,132.86437103071816,133.3928200000002,134.89467687137252,131.89096312862787,132.96503499999923,133.43787999999938,35.70271494308052,38.49635036496385,63.112607298587896
2021-01-04T16:30:00Z,131.27,131.61,130.46,131.09,297848,162776.7,132.7778163462929,133.3158200000002,135.09797464595096,131.53366535404945,132.94853499999925,132.84187999999938,34.69654472610189,11.938500758018995,38.00893670189078
2021-01-04T17:30:00Z,131.05,132.17,130.69,132.09,190312,168463.1,132.74426432940055,133.2902200000002,135.12654047260023,131.45389952740018,132.94503499999922,132.42387999999937,43.69107582587464,19.75626225923676,23.397037794073018
2021-01-04T18:30:00Z,132.08,132.305,131.73,131.82,128734,170564.2,132.69917826455173,133.2307200000002,135.17353151892684,131.28790848107354,132.92540999999923,131.81999999999937,42.00867378875933,26.578560939794347,19.424441319016513
2021-01-04T19:30:00Z,131.82,132.12,131.4,131.97,178784,173859.85,132.66360859311018,133.1697200000002,135.188923793104,131.1505162068964,132.91090999999926,131.64999999999935,43.314605296668745,33.03964757709242,26.458156925374322
2021-01-04T20:30:00Z,131.93,133.09,131.89,132.43,398643,184641.5,132.65221305198287,133.1487200000002,135.18940932424658,131.1080306757538,132.90565999999927,131.87999999999937,47.238570680519175,35.53597650513944,31.71806167400855
2021-01-05T14:30:00Z,131.9499,132.24,131.03,131.765,385946,199261.8,132.6089343665203,133.0704700000002,135.19562514447378,130.94531485552662,132.89403499999926,132.01499999999936,42.64289693138969,35.13215859030826,34.569260890846515
2021-01-05T15:30:00Z,131.75,132.08,131.09,131.33,179778,202243.05,132.546547324251,132.97422000000023,135.2277206186061,130.72071938139436,132.84853499999926,131.86299999999937,39.9078601078942,30.43318649045519,33.70044052863411
2021-01-05T16:30:00Z,131.33,131.69,130.55,130.55,159396,205386.75,132.44915477184853,132.8322200000002,135.30980006088228,130.35463993911813,132.79315999999926,131.60899999999936,35.50985792115472,16.629955947136548,27.398433675966483
2021-01-05T17:30:00Z,130.555,131.28,130.455,130.977,181472,208097.15,132.37734234395347,132.69157000000024,135.25363420919857,130.12950579080191,132.74345999999926,131.41039999999936,39.44418795185254,10.87684098806364,19.313327808551612
2021-01-05T18:30:00Z,130.97,131.93,130.58,131.8383,297574,217095.2,132.35104759546795,132.60998500000022,135.17161960485166,130.0483503951488,132.71441749999923,131.29205999999937,46.530133482286054,14.634390311277818,14.047062415492485
2021-01-05T19:30:00Z,131.88,132.04,131.57,131.585,170631,213959.55,132.31367942007927,132.52373500000024,135.10139483961174,129.94607516038874,132.70504249999925,131.25605999999934,44.86734216924902,22.261092775944217,15.924108025095043
2021-01-05T20:30:00Z,131.575,132.04,131.52,131.85,245963,218540.4,132.29106091178272,132.4312350000002,134.96582947422763,129.8966405257728,132.70029249999925,131.36005999999935,47.001197031345946,28.70895303158301,21.868145372934833
2021-01-06T14:30:00Z,130.42,131.44,129.61,129.89,924247,261335.25,132.17393598925673,132.23123500000023,134.90146816374588,129.56100183625458,132.65254249999924,131.22805999999935,35.92583952703126,21.245730847295402,24.07192555160736
2021-01-06T15:30:00Z,129.87,131.16,129.79,131.01,437638,275349.65,132.11715862392714,132.0802350000002,134.66676028091325,129.49370971908712,132.61541749999924,131.23465999999934,44.04048273570239,26.368197116910704,25.44096033192952
2021-01-06T16:30:00Z,131.005,131.32,130.33,131.16,289222,280562.95,132.07046795934534,131.9272350000002,134.34593809645708,129.50853190354331,132.57254249999923,131.09899999999934,45.044305692344,30.938697318007172,26.184208427404243
2021-01-06T17:30:00Z,131.19,131.87,131.15,131.63,155755,281747.1,132.04898171742605,131.8052350000002,134.01656266201732,129.5939073379831,132.52966749999922,131.10799999999935,48.18094060307257,47.60536398467398,34.970752806530434
2021-01-06T18:30:00Z,131.615,131.98,130.8,130.84,228528,288244.55,131.9900069995028,131.6382350000002,133.59702237712585,129.67944762287456,132.47529249999923,130.90599999999935,43.669234811046394,45.97701149425263,41.50702426564441
2021-01-06T19:30:00Z,130.82,131.76,130.73,131.72,491326,300020.2,131.97683592635633,131.4822650000002,132.78279837395897,130.18173162604145,132.45879249999922,131.27199999999934,49.357983542657394,51.34099616858217,48.307790549169404
2021-01-06T20:30:00Z,131.7,131.84,131.18,131.53,444306,303684.55,131.95503905189992,131.4177650000002,132.56549963691904,130.27003036308136,132.43354249999922,131.37599999999935,48.22557247591355,56.326937925207034,51.214981862680425
2021-01-07T14:30:00Z,133.81,135.45,133.25,134.99,1128793,345744.8,132.103085927417,131.60326500000022,133.53407584955926,129.67245415044118,132.49804249999923,132.14199999999934,64.29200214742829,75.25309128688254,60.973675126890406
2021-01-07T15:30:00Z,135.01,135.41,134.34,134.55,606138,361159.3,132.2224475894942,131.77626500000022,134.07675968088225,129.4757703191182,132.54604249999923,132.72599999999937,61.67112187608529,83.23871034949754,71.60624652052886
2021-01-07T16:30:00Z,134.55,134.89,133.485,133.52,352572,369272.3,132.28574282903108,131.8477650000002,134.2685630495688,129.42696695043162,132.5689924999992,133.26199999999935,55.92391260669142,81.22146118721497,79.90442094119817
2021-01-07T17:30:00Z,133.5,134.05,133.455,133.5455,314392,378555.2,132.34719439834663,131.9340400000002,134.46520501660456,129.40287498339586,132.5823799999992,133.62709999999936,56.03315422153547,72.97659817351628,79.14558990340942
2021-01-07T18:30:00Z,133.55,133.945,133.53,133.745,167549,377993.45,132.41538003745168,132.0227900000002,134.67438323639095,129.37119676360948,132.59625499999922,134.07009999999937,56.93249075192619,68.38184931506872,74.19330289193313
2021-01-07T19:30:00Z,133.745,133.99,133.59,133.7,274656,371794.1,132.47804442586866,132.08629000000022,134.83297170185196,129.33960829814848,132.61750499999923,133.81209999999936,56.65100343704072,69.40924657534258,70.25589802130901
2021-01-07T20:30:00Z,133.6981,133.87,133.16,133.17,514343,378213.95,132.5117983563141,132.15654000000023,134.93840271071457,129.3746772892859,132.61350499999924,133.53609999999932,53.30798370838011,67.26598173515983,68.35235920852352
2021-01-08T14:30:00Z,133.31,133.76,132.23,133.58,492949,393872.5,132.56390575356707,132.2690400000002,135.08981101894486,129.44826898105552,132.62162999999924,133.54809999999935,55.49586794322746,65.98476047566042,67.55332959538742
2021-01-08T15:30:00Z,133.59,134.57,133.565,133.942,186894,395247.4,132.63112986314917,132.43864000000022,135.23335498176309,129.64392501823735,132.63542999999925,133.62739999999934,57.394148322434525,66.15563661721306,66.46879294267758
2021-01-08T16:30:00Z,133.95,134.38,133.5169,134.32,129625,392655.05,132.71351377226384,132.60579000000024,135.4305555002258,129.78102449977467,132.64867999999925,133.74239999999935,59.34421853802993,71.18910925864958,67.77650211717418
2021-01-08T17:30:00Z,134.32,134.38,133.65,133.84,138360,384694.35,132.7684643199583,132.70587500000022,135.55650278825792,129.85524721174252,132.65792999999925,133.77039999999937,55.848574428160305,70.83200918079125,69.39225168555112
2021-01-08T18:30:00Z,133.8184,134.21,133.5,134.06,232686,387797.1,132.83146606044815,132.82962500000025,135.68974410366474,129.96950589633576,132.67667999999924,133.94839999999937,57.09599459531099,70.83333333333364,70.95148392425797
2021-01-08T19:30:00Z,134.07,134.68,133.94,134.51,228088,386903.35,132.91334576481654,132.96262500000023,135.87506801011216,130.0501819898883,132.69692999999924,134.13439999999937,59.60972858855216,71.4755421479514,71.04696155402524
2021-01-08T20:30:00Z,134.495,135.2,134.13,135.06,423621,361872.05,133.0180606055572,133.22112500000023,135.90564111787995,130.5366088821205,132.72617999999926,134.35799999999935,62.501538786724566,78.80833156438125,73.70573568188858
2021-01-11T14:30:00Z,134,135.54,133.41,134.46,468776,363428.95,133.08839911260318,133.3936250000002,135.92675533363456,130.86049466636587,132.73692999999926,134.38599999999937,57.652203952892066,77.74858281465869,76.01081884233027
2021-01-11T15:30:00Z,134.425,134.5,133.27,133.9546,215544,359745.05,133.1306528144274,133.53335500000023,135.85795687076686,131.2087531292336,132.73029499999924,134.40891999999937,53.861347436957466,69.12083966648574,75.22591801517505
2021-01-11T16:30:00Z,133.9,134.16,133.52,134.05,205896,362252.1,133.17549901860167,133.65435500000027,135.8163083337984,131.49240166620214,132.72979499999923,134.4069199999994,54.46992732552439,58.15307150050406,68.34083132721598
2021-01-11T17:30:00Z,134.08,134.31,133.66,133.685,119800,356815.7,133.20035272501136,133.79660500000026,135.53130122053275,132.06190877946776,132.71741999999924,134.2419199999994,51.66220104264702,50.348439073515074,59.20745008016811
2021-01-11T18:30:00Z,133.67,133.82,133.17,133.19,157439,340121.35,133.1998477140352,133.87010500000025,135.3529058084497,132.3873041915508,132.67618499999924,133.8679199999994,48.04522818484868,42.64853977844961,50.38335011748941
2021-01-11T19:30:00Z,133.19,133.27,132.81,132.985,264946,331153.35,133.1893673377408,133.94285500000026,135.05595512017354,132.829754879827,132.68030999999925,133.57291999999939,46.5904311098059,31.923464249748733,41.64014770057096
2021-01-11T20:30:00Z,132.97,133.15,132.75,132.92,449954,297211.4,133.1762274676071,133.83935500000024,134.92843113028556,132.75027886971492,132.72130999999925,133.3659999999994,46.11364261481943,24.21953675730146,32.930513595166424
2021-01-12T14:30:00Z,132.88,133.4699,131.695,131.98,245594,279184.2,133.11787490821163,133.71085500000024,135.0187061985509,132.4030038014496,132.74355999999926,132.95199999999937,39.77446946992571,17.022604263655982,24.38853509023521
2021-01-12T15:30:00Z,132,132.44,131.3,131.31,196174,271364.3,133.02968588829887,133.60035500000026,135.27581600447897,131.92489399552156,132.72405999999927,132.47699999999938,35.978063868559886,9.497998057951596,16.913379692969496
2021-01-12T16:30:00Z,131.315,131.33,128.069,128.49,687425,290015.95,132.80823779618675,133.34758000000028,136.13579315648704,130.55936684351352,132.64080999999925,131.5369999999994,25.11311329689913,4.4277317324228465,10.316111351343292
2021-01-12T17:30:00Z,128.48,128.64,127.67,128.59,767886,320032.8,132.60247009881178,133.08983000000026,136.55446812194367,129.62519187805685,132.55630999999926,130.6579999999994,25.9669040615061,5.853644470242539,6.5931247535388104
2021-01-12T18:30:00Z,128.665,130.06,128.6,129.72,577750,335187.5,132.46186180130877,132.89083000000028,136.63809602685194,129.14356397314862,132.48855999999927,130.0179999999994,34.986960855807254,14.457789659760962,8.246388620808597
2021-01-12T19:30:00Z,129.69,129.9,128.84,128.91,333554,326148.05,132.2886002500254,132.67783000000026,136.80267436021734,128.55298563978317,132.41718499999925,129.40399999999937,31.979206888703573,17.831427361287655,12.714287163763535
2021-01-12T20:30:00Z,128.94,129.13,128.44,128.63,694462,336223.7,132.11013194514612,132.43033000000028,136.8894240106707,127.97123598932987,132.34968499999928,128.86799999999937,30.987506649518835,18.00084709868703,16.763354706578365
2021-01-13T14:30:00Z,129.17,129.84,128.74,129.47,288484,341303.2,131.98134502099265,132.20673000000028,136.78703709232457,127.62642290767599,132.32268499999927,129.06399999999937,37.2721293882849,18.10285861699669,17.97837769232361
2021-01-13T15:30:00Z,129.505,129.85,129.26,129.57,180152,343829.55,131.86371843460276,131.96923000000024,136.57909714125861,127.35936285874186,132.28750999999926,129.25999999999937,37.9960257908402,22.388999368056815,19.49756836124666
2021-01-13T16:30:00Z,129.585,129.71,129.31,129.43,123476,343085.35,131.7450004621831,131.74873000000025,136.40125359263766,127.09620640736286,132.22730249999927,129.20199999999937,37.34623225575966,27.158267035932937,22.550041673661962
2021-01-13T17:30:00Z,129.46,129.9,129.41,129.675,95816,336241.85,131.6440248298815,131.52948000000023,136.1387501103382,126.92020988966226,132.17955249999926,129.3549999999994,39.302510709059725,29.240702647990457,26.26265635065988
2021-01-13T18:30:00Z,129.68,129.75,129.404,129.42,168846,333279.75,131.53553581378972,131.27498000000026,135.75823453549515,126.79172546450536,132.11880249999928,129.5129999999994,37.97351654125838,29.76019470958323,28.71972146450202
2021-01-13T19:30:00Z,129.4362,129.55,129.17,129.25,243139,324255.65,131.42404626189753,130.98448000000025,135.1936181243734,126.77534187562712,132.10280249999929,129.4689999999994,37.07348118002463,30.005469676586866,29.668789011386664
2021-01-13T20:30:00Z,129.24,129.51,128.45,128.5,707841,336208.9,131.28140985887813,130.68648000000024,134.7089553659931,126.6640046340074,132.0400524999993,129.25499999999937,33.321191928973874,23.9084581918079,27.891374192659146
2021-01-14T14:30:00Z,129.03,130.42,128.83,129.4,671845,359023.95,131.18963376820116,130.45875000000024,134.2227570071184,126.6947429928821,131.99605249999928,129.24899999999937,41.0338117680293,25.940261458277973,26.618063108890723
2021-01-14T15:30:00Z,129.415,129.55,128.07,128.165,363784,366918.35,131.0420906575572,130.16450000000026,133.67081701356645,126.65818298643407,131.90942749999928,128.94699999999938,35.043720534434854,21.36784184712384,23.73885383240305
2021-01-14T16:30:00Z,128.18,128.31,127.27,127.33,464222,384139.45,130.8610130645056,129.84675000000024,133.16616150652436,126.52733849347611,131.8216774999993,128.52899999999937,31.676770478680908,17.232565294736684,21.51355620004598
2021-01-14T17:30:00Z,127.38,127.38,126.45,126.655,529317,402733.35,130.65584169550533,129.52000000000027,132.7438827521532,126.29611724784732,131.6950524999993,128.00999999999937,29.231746043762996,6.864360009464673,15.154922383774876
2021-01-14T18:30:00Z,126.66,126.86,126.23,126.85,439466,411459.35,130.47019088109045,129.21325000000024,132.22017080867542,126.20632919132505,131.5780524999993,127.67999999999938,30.891296919009207,7.288541967548627,10.461822423916471
2021-01-14T19:30:00Z,126.85,126.91,125.15,125.55,826904,430306.85,130.23018156981774,128.84475000000026,131.74893400753663,125.94056599246389,131.34205249999928,126.90999999999937,26.439821028347666,9.183665608402746,7.778855861805158
2021-01-14T20:30:00Z,125.53,125.7,123.9,124.69,1136820,474868.15,129.95992881031444,128.48025000000024,131.54444234867182,125.41605765132866,131.09555249999931,126.21499999999939,23.978184315905153,11.501277760896118,9.324495112282307
2021-01-15T14:30:00Z,124.79,127.9,124.75,127.19,1242972,527208.05,129.8248103317625,128.27425000000022,131.09399870328576,125.4545012967147,130.9373024999993,126.1869999999994,41.135371747007035,23.3889399812963,14.691294450198198
2021-01-15T15:30:00Z,127.18,127.39,125,126.29,321205,508897.05,129.6523805594814,128.16425000000024,131.11055662858814,125.21794337141232,130.7559149999993,126.1139999999994,37.82572037094148,33.07770961145203,22.65597578454796
2021-01-15T16:30:00Z,126.3,127.28,126.3,126.93,202459,480625.7,129.5195815077994,128.08125000000024,131.0681528691364,125.09434713086407,130.5855399999993,126.12999999999938,41.4342688210694,44.5296523517384,33.66543398149538
2021-01-15T17:30:00Z,126.91,127.43,126.8,127.26,152762,459376.3,129.40935801961405,127.95825000000022,130.86666241052336,125.04983758947708,130.4245399999993,126.47199999999938,43.26282429916013,44.88752556237239,40.83162917518741
2021-01-15T18:30:00Z,127.26,127.505,126.89,127.4612,440336,464715.4,129.3143259210963,127.88581000000025,130.76784377205465,125.00377622794583,130.2818199999993,127.02623999999939,44.402595833656996,50.87525562372209,46.76414451261076
2021-01-15T19:30:00Z,127.45,127.59,126.87,127.35,321639,446074.25,129.21850514445745,127.82181000000023,130.69172104100366,124.95189895899678,130.1260699999993,127.05823999999939,43.877959922805694,53.02249488752572,49.59509202453987
2021-01-15T20:30:00Z,127.34,127.84,127.09,127.29,467156,455007.85,129.1244317227766,127.71281000000022,130.48808002349153,124.93753997650889,129.9597699999993,127.25823999999939,43.57876397401851,53.175869120654546,52.357873210633926
2021-01-19T14:30:00Z,128.7,129.13,127.12,128.43,594739,475737.2,129.09055700459237,127.65581000000023,130.3207995052848,124.99082049471565,129.8125199999993,127.55823999999939,50.48699497224863,61.69498887018849,55.96445095945606
2021-01-19T15:30:00Z,128.49,128.95,127.75,127.93,321581,485642.45,129.033944467783,127.58081000000023,130.12347691945251,125.03814308054793,129.6647699999993,127.6922399999994,47.72682014142383,69.74210183730058,61.53765327604768
2021-01-19T16:30:00Z,127.95,129.41,127.91,129.32,255756,493639.45,129.04789839618383,127.56306000000022,130.05137767129602,125.07474232870442,129.5462699999993,128.0639999999994,55.079288660084565,85.1996822172752,72.2122576415879
2021-01-19T17:30:00Z,129.34,129.69,129.34,129.525,184361,494415.2,129.07117164515046,127.56831000000022,130.07266841350503,125.06395158649542,129.4216449999993,128.4989999999994,56.06087698155543,90.85743818958026,81.93307408138516
2021-01-19T18:30:00Z,129.505,129.88,129.47,129.88,183483,491432.4,129.11062668685042,127.59981000000023,130.20192605108005,124.99769394892041,129.29214499999932,129.0169999999994,57.78134394425615,98.50562174598558,91.52091405094681
2021-01-19T19:30:00Z,129.9,130.43,129.81,130.24,309849,471532.8,129.16571806797967,127.68681000000022,130.51042190380375,124.8631980961967,129.18664499999932,129.3789999999994,59.512647277681346,98.08020376262618,95.81442123273048
2021-01-19T20:30:00Z,130.22,130.345,129.77,129.83,482740,462077.55,129.19812206466358,127.70831000000024,130.58973045930063,124.82688954069987,129.08352999999934,129.7589999999994,56.66272974464242,95.50899064627697,97.36493871829606
2021-01-20T14:30:00Z,130.15,130.67,129.5,130.12,827797,485278.2,129.24309172004584,127.80606000000026,130.8697016554898,124.74241834451074,128.98527999999934,129.9189999999994,58.18791864234513,92.27559852399605,95.28826431096621
2021-01-20T15:30:00Z,130.13,131.04,130.08,130.77,263123,475223.25,129.3175750507753,127.97806000000026,131.29155145664512,124.6645685433554,128.91240499999935,130.16799999999938,61.46173478771938,91.34674693994076,93.04377870340441
2021-01-20T16:30:00Z,130.7675,131.03,130.61,130.775,191942,458354.5,129.3886689507375,128.18406000000024,131.65161803892116,124.71650196107932,128.85202999999936,130.34699999999938,61.48671547533558,92.78454036717086,92.13562861036905
2021-01-20T17:30:00Z,130.79,130.84,130.45,130.62,137156,443239,129.4487338799698,128.37256000000025,131.93803994991976,124.80708005008074,128.79290499999934,130.4229999999994,60.18432268928736,92.66061834077082,92.26396854929396
2021-01-20T18:30:00Z,130.62,131.51,130.61,131.5,256279,414707.75,129.5487956419225,128.67006000000023,132.23677129659677,125.1033487034037,128.75740499999932,130.7569999999994,64.74953700619767,94.48751343752618,93.31089071515578
2021-01-20T19:30:00Z,131.49,131.83,131.37,131.71,384728,377103.15,129.65422024475555,129.02106000000023,132.32389166287646,125.718228337124,128.75065499999934,131.07499999999942,65.75851334227649,95.7269649143193,94.2916988975386
2021-01-20T20:30:00Z,131.71,132.42,131.7,132.3,567652,343337.15,129.78328267184065,129.27656000000025,132.75898865731398,125.7941313426865,128.77540499999932,131.3809999999994,68.48758675497211,98.32956208186835,96.18134681123776
2021-01-21T14:30:00Z,132.69,132.71,130.61,130.66,279304,341242.1,129.82604937077525,129.49506000000025,132.7408593581327,126.2492606418678,128.82965499999932,131.35799999999944,55.29512189892834,84.62451944189789,92.89368214602833
2021-01-21T15:30:00Z,130.67,130.99,129.94,129.98,176717,339955,129.8335591575667,129.64756000000023,132.67630813632525,126.6188118636752,128.8644049999993,131.2299999999994,50.915711480398826,66.5100679651046,83.1547164962901
2021-01-21T16:30:00Z,129.98,130.49,129.97,130.3,201046,342369.2,129.85631236939273,129.79956000000024,132.63257011527833,126.96654988472216,128.8789049999993,130.9899999999994,52.809825672255464,43.42700057432757,64.85386266044317
2021-01-21T17:30:00Z,130.29,130.47,129.85,130.41,123089,326506.85,129.88332152210526,129.94700000000026,132.57757674277764,127.31642325722288,128.91640499999932,130.7299999999994,53.47445955053268,33.54133085442847,47.8261331312867
2021-01-21T18:30:00Z,130.43,130.85,130.32,130.808,132174,317033.6,129.92842778931964,130.11990000000023,132.48627671550585,127.7535232844946,128.9708549999993,130.43159999999938,55.89490196716347,32.7488853715624,36.572405600105974
2021-01-21T19:30:00Z,130.8,130.97,130.26,130.28,168337,302092.65,129.94557765325527,130.26940000000025,132.24773196397044,128.29106803603005,128.99110499999932,130.3555999999994,52.02789365100844,31.35302488365824,32.547747036549524
2021-01-21T20:30:00Z,130.285,130.56,130.04,130.46,272478,285979.6,129.97067142626722,130.37090000000023,132.160641757824,128.58115824217646,129.0133549999993,130.45159999999942,53.21618198848604,31.651090342679158,31.91766686596642
2021-01-22T14:30:00Z,130.24,131.32,129.47,129.9,259751,282888.1,129.96722403962005,130.46940000000023,131.88965256897362,129.04914743102685,129.02510499999931,130.3715999999994,49.138137637385036,22.49240413830257,28.498839788213147
2021-01-22T15:30:00Z,129.86,130.015,129.12,129.57,153411,277770.85,129.94784725719956,130.48190000000022,131.8653928115779,129.09840718842256,129.02247999999932,130.20359999999943,46.85929378930495,18.57098864528361,24.23816104208827
2021-01-22T16:30:00Z,129.595,130.33,129.49,130.08,182543,277679.95,129.95429373245813,130.50965000000025,131.83635468065538,129.18294531934512,129.0389799999993,130.0579999999994,50.667088624601696,17.51579031832833,19.52639436730466
2021-01-22T17:30:00Z,130.075,130.22,129.99,130.08,83936,272702.6,129.96042574550896,130.51965000000024,131.83013590594183,129.20916409405865,129.05972999999932,130.0179999999994,50.667088624601696,22.005571030640777,19.36411666475073
2021-01-22T18:30:00Z,130.08,130.69,130.06,130.515,211760,267798.15,129.98747814816704,130.53340000000023,131.8376164543035,129.22918354569697,129.11010499999932,130.0289999999994,53.932439685689154,30.779944289693628,23.433768546220733
2021-01-22T19:30:00Z,130.48,130.83,130.24,130.565,321634,259742.85,130.01564994581744,130.57015000000024,131.83380490133513,129.30649509866535,129.13922999999932,130.1619999999994,54.306817386462576,35.28319405756721,29.356236459300362
2021-01-22T20:30:00Z,130.55,130.96,130.35,130.35,237891,230247.55,130.03195970455806,130.58165000000025,131.83283380329942,129.33046619670108,129.19385499999933,130.31799999999942,52.33721523703674,37.790157845867874,34.61776539770939
2021-01-25T14:30:00Z,130.65,131.78,130.54,131.75,398298,237006.3,130.11576654823816,130.63065000000026,131.98037964316185,129.28092035683866,129.3043549999993,130.65199999999942,62.00141398528691,57.794905090023,43.62275233115252
2021-01-25T15:30:00Z,131.74,132.4,129.75,130.205,347485,244783.45,130.12011939954363,130.60215000000025,131.96251366815295,129.24178633184755,129.3931049999993,130.6769999999994,49.961865117358116,55.40442906130743,50.329830665732594
2021-01-25T16:30:00Z,130.205,130.6,129.6708,129.88,192798,247565.55,130.10840625810246,130.56515000000024,131.96134114366774,129.16895885633275,129.4688549999993,130.54999999999941,47.856677882762995,51.707393483709325,54.968909211679744
2021-01-25T17:30:00Z,129.85,131.155,129.74,130.62,167998,243151.5,130.13336205039016,130.52115000000023,131.85059293207922,129.19170706792124,129.5956049999993,130.5609999999994,52.73962775050875,33.99390243902445,47.035241661346895
2021-01-25T18:30:00Z,130.61,131.3,130.5599,131.195,107458,229288,130.1851492674443,130.49540000000025,131.74955635375005,129.24124364625044,129.7582299999993,130.72999999999942,56.173918196538196,44.054878048780346,43.25205799050453
2021-01-25T19:30:00Z,131.2,131.26,130.05,130.46,276127,214711.75,130.1985566202519,130.40340000000023,131.3457303877378,129.46106961226266,129.8399799999993,130.47199999999944,51.065658180148304,49.94918699186991,42.66598915989139
2021-01-25T20:30:00Z,130.51,131.35,130.48,131.08,296538,215573.45,130.2415538582884,130.42440000000025,131.4065463025563,129.4422536974442,129.9597299999993,130.64699999999942,54.79961622426535,54.62398373983746,49.54268292682906
2021-01-26T14:30:00Z,130.29,131.4,130,130.815,453312,229403.2,130.26952684081093,130.46615000000025,131.4401389679127,129.4921610320878,130.05685499999927,130.83399999999943,52.94018547415549,50.76219512195133,51.77845528455273
2021-01-26T15:30:00Z,130.89,132.09,130.63,131.75,352825,236992.15,130.3417450436982,130.53865000000025,131.65747192936928,129.4198280706312,130.16910499999926,131.05999999999943,58.31466275609098,63.03205235660605,56.13941040613144
2021-01-26T16:30:00Z,131.73,132.38,131.3,132.22,183362,240005.8,130.43336723668855,130.62915000000024,131.96372068364354,129.29457931635693,130.28807499999928,131.26499999999942,60.741763154243756,74.24824007175873,62.680829183438526
2021-01-26T17:30:00Z,132.23,132.65,132.08,132.52,184048,242599.5,130.53515420075252,130.71475000000024,132.283327301135,129.14617269886548,130.41732499999927,131.67699999999942,62.25253971789002,88.90143446890153,75.39390896575526
2021-01-26T18:30:00Z,132.52,132.71,132.08,132.12,192759,243820.6,130.6124637519353,130.80675000000022,132.47519920499985,129.1383007950006,130.53807499999928,131.88499999999942,58.99273631202014,89.87602324806723,84.341899262909
2021-01-26T19:30:00Z,132.14,132.29,131.34,131.36,279868,244190.1,130.64892893476772,130.8517500000002,132.528888261946,129.1746117380544,130.61132499999928,131.9939999999994,53.283650267211456,77.2679416455629,85.34846645417706
2021-01-26T20:30:00Z,131.36,131.53,130.96,131.41,455645,253984.8,130.68605435258394,130.92725000000024,132.56161677329135,129.29288322670914,130.6983249999993,131.92599999999942,53.60178451232368,64.46433271913652,77.20276587092205
2021-01-27T14:30:00Z,129.67,130,124,127.2,1392638,315946.15,130.51600292075057,130.80875000000023,133.0504098202369,128.56709017976357,130.6453249999993,130.9219999999994,33.138622395970955,49.848460534108334,63.86024496626908
2021-01-27T15:30:00Z,127.2,127.57,125.72,125.8189,466290,330133.5,130.28687594900663,130.59569500000026,133.71290117052047,127.47848882948007,130.55267249999932,129.5817799999994,29.20032191473348,38.28261964319364,50.865137632145995
2021-01-27T16:30:00Z,125.81,125.83,124.11,124.805,598590,355866.2,130.01946736612825,130.33194500000025,134.34342346928653,126.32046653071396,130.4257974999993,128.11877999999942,26.692385783305312,22.28817451205521,36.80641822978556
2021-01-27T17:30:00Z,124.77,125.4312,124.35,124.985,287876,359672,129.7738835921708,130.05544500000025,134.69197525974755,125.41891474025294,130.2944224999993,126.8437799999994,27.876698780391678,13.811327975507178,24.79404071025184
2021-01-27T18:30:00Z,124.98,125.25,123.65,123.76,442731,365726.85,129.48052341694296,129.71519500000025,135.09189741779764,124.33849258220285,130.1426724999993,125.31377999999941,24.925432599259054,7.2550729118882815,14.451525133150051
2021-01-27T19:30:00Z,123.76,123.97,122.45,123.46,816177,394641.15,129.1868393478238,129.37069500000024,135.38560192443106,123.35578807556942,129.9761724999993,124.56577999999938,24.248384234644107,7.455674343178321,9.507358410191086
2021-01-27T20:30:00Z,123.45,123.62,122.63,123.36,804161,414934.3,128.90260328207629,128.95119500000027,135.3985709568931,122.50381904310744,129.7909224999993,124.07399999999939,24.014226226515603,6.642526109239296,7.117757788101794
2021-01-28T14:30:00Z,125.79,128.13,124.5,127.1,895671,442343.6,128.81467141465794,128.79594500000024,135.26457898791085,122.32731101208964,129.69904749999927,124.53299999999938,45.29225209480186,21.345029239766095,11.814409897394398
2021-01-28T15:30:00Z,127.04,128.05,126.47,128.015,373935,451400.45,128.7756630529673,128.70269500000023,135.15989124833732,122.24549875166313,129.6339224999993,125.13899999999937,49.051207013108616,36.143599740090956,21.377051696365275
2021-01-28T16:30:00Z,128.05,129.6,127.18,129.315,462629,466132,128.80197217233476,128.63744500000024,135.041984400266,122.23290559973448,129.57929749999929,126.24999999999936,53.89790424064109,55.49057829759581,37.659735759150784
2021-01-28T17:30:00Z,129.32,129.41,128.39,128.695,363552,478936.7,128.79675401758672,128.51244500000024,134.80911633726646,122.21577366273404,129.50392249999928,127.29699999999939,51.38717569633152,60.67251461988301,50.76889755252309
2021-01-28T18:30:00Z,128.73,129.09,128.62,128.99,274205,478840.6,128.80618065087518,128.43894500000025,134.67701189524348,122.20087810475702,129.42117249999927,128.42299999999938,52.52048681326293,64.74706413730812,60.303385684928806
2021-01-28T19:30:00Z,128.985,129.23,128.7,128.725,387634,483395.4,128.80222061912517,128.32119500000022,134.44323302091775,122.19915697908269,129.3727974999993,128.74799999999937,51.36211042366175,65.47959684777574,63.633058534988784
2021-01-28T20:30:00Z,128.75,128.91,127.68,127.68,591570,490308.3,128.74747814989954,128.16444500000023,134.18270727490463,122.14618272509584,129.3152974999993,128.6809999999994,46.96330542128231,68.2809557761244,66.16920558706926
2021-01-29T14:30:00Z,126.43,128.8,125.37,128.77,594289,502381.5,128.7485767767337,128.01544500000023,133.81482214324086,122.21606785675961,129.2770474999993,128.57199999999938,51.61779828442295,75.59035369527844,69.78363543972603
2021-01-29T15:30:00Z,128.76,129.23,127.29,127.405,338002,510113.5,128.6830364461613,127.77469500000022,133.24642279563778,122.30296720436266,129.20192249999928,128.31399999999937,46.15510857072729,75.65461029037209,73.17530658725813
2021-01-29T16:30:00Z,127.38,128.39,126.97,127.0979,298881,515855.15,128.60571271708028,127.50359000000023,132.5269195503321,122.48026044966836,129.1091699999993,127.93557999999936,45.001221758165876,74.23263403263421,75.15919933942807
2021-01-29T17:30:00Z,127.16,127.3,126.265,127.24,312029,521818.65,128.5390925845398,127.25959000000023,131.81451518613042,122.70466481387005,129.0331699999993,127.63857999999937,45.67795650656359,67.09976689976698,72.32900374092425
2021-01-29T18:30:00Z,127.23,127.23,126.02,126.78,288726,522261.55,128.453283190172,127.03059000000026,131.18039822824724,122.88078177175328,128.9411699999993,127.45857999999937,43.799160375800504,64.18601398601406,68.50613830613824
2021-01-29T19:30:00Z,126.78,127.75,126.17,127.49,447844,521871.5,128.40629376626117,126.83459000000025,130.477886508827,123.19129349117348,128.88091999999926,127.20257999999936,47.395658044453874,65.75995023627745,65.68191037401932
2021-01-29T20:30:00Z,127.52,127.85,125.87,125.99,737260,489102.6,128.28842577766306,126.77409000000026,130.43126514090036,123.11691485910016,128.79141999999928,126.91957999999936,41.37199056305798,53.16750999677837,61.03782473968979
2021-02-01T14:30:00Z,126.29,127.919,125.21,127.63,555361,493556.15,128.25630744704534,126.86464500000025,130.5124070505632,123.21688294943728,128.73016999999928,127.02599999999936,49.00334149473705,51.356124722978514,56.76119498534461
2021-02-01T15:30:00Z,127.62,128.6099,127.62,128.12,402168,483735.05,128.24965830328705,127.03039500000025,130.58891034456684,123.47187965543367,128.68116999999927,127.20199999999936,51.053352273770656,50.20932898596052,51.57765456857231
2021-02-01T16:30:00Z,128.105,128.89,127.82,128.79,435234,491102.95,128.27601643483402,127.22064500000026,130.72788964751288,123.71340035248764,128.6380449999993,127.60399999999936,53.788780118321135,68.88346530715565,56.81630633869806
2021-02-01T17:30:00Z,128.77,129.35,128.6,128.92,304412,484187,128.30743026728115,127.47864500000028,130.6750269761533,124.28226302384725,128.59691999999927,127.88999999999938,54.322189708712756,80.3795459178247,66.49078007031345
2021-02-01T18:30:00Z,128.92,129.3,128.84,129.24,287657,457761,128.35292147375523,127.76764500000027,130.46455925475428,125.07073074524627,128.56916999999927,128.53999999999937,55.6783790634375,90.73153899240867,79.99818340579617
2021-02-01T19:30:00Z,129.225,129.35,128.68,129.04,280769,431591.4,128.3864374994257,128.0516450000003,129.89257765967716,126.21071234032341,128.50141999999926,128.82199999999935,54.587508979729925,93.15619967793894,88.08909486272394
2021-02-01T20:30:00Z,129.025,129.07,128.21,128.42,685576,421086.65,128.38807469457566,128.11764500000027,129.91141769950727,126.32387230049325,128.45679499999926,128.88199999999932,51.23623427647875,89.13043478260882,91.00605781765198
2021-02-02T14:30:00Z,128.63,132.19,128.065,131.5,618228,433301.3,128.53987592898662,128.29189500000027,130.6118359728461,125.97195402715441,128.49729499999927,129.42399999999935,63.29255137344445,86.72097411975328,89.66920286010019
2021-02-02T15:30:00Z,131.46,132.25,130.965,131.44,364614,428400.55,128.68134539586532,128.39814500000026,131.06455346786296,125.73173653213753,128.51779499999924,129.92799999999934,62.96595718470646,85.38172108213068,87.07770999483076
2021-02-02T16:30:00Z,131.5199,132.22,131.35,131.43,348267,427636.3,128.81542610826213,128.53489500000026,131.51075390752342,125.5590360924771,128.52366999999927,130.36599999999936,62.9076941569705,88.98706802986902,87.02992107725083
2021-02-02T17:30:00Z,131.408,131.46,130.77,130.795,158666,421859.35,128.9119906883469,128.62514500000026,131.75617467049267,125.49411532950785,128.53204499999927,130.71699999999936,59.16397717459292,85.3929924242425,86.58726051208056
2021-02-02T18:30:00Z,130.82,131.44,130.685,131.26,211743,413064.8,129.02652772793974,128.75189500000027,132.08739833795002,125.41639166205051,128.53654499999928,131.28499999999934,60.994555779127644,84.54071969696972,86.30692671702691
2021-02-02T19:30:00Z,131.29,132.06,131.29,132.01,282981,397635.35,129.17206296072317,128.96839500000027,132.55048257255868,125.38630742744186,128.56641999999928,131.38699999999932,63.812284058654924,87.28693181818176,85.7402146464645
2021-02-02T20:30:00Z,132,132.41,131.6,131.944,389312,387386.5,129.3072794016635,129.12709500000028,132.9341386726494,125.32005132735118,128.5712699999993,131.48779999999934,63.37839125305892,92.01872895622893,87.94879349045998
2021-02-03T14:30:00Z,131.85,132.65,129.29,129.5,515096,396241.2,129.3166804064604,129.23184500000028,132.95802007176786,125.50566992823268,128.5032699999993,131.10179999999932,49.85883994305833,75.83147746517524,85.04571274652847
2021-02-03T15:30:00Z,129.5,130.17,129.16,129.79,353909,398992.6,129.33976916712086,129.36645000000027,132.9669318829684,125.76596811703214,128.43501999999927,130.90079999999935,51.18934694717844,57.2300909290061,75.02676578346993
2021-02-03T16:30:00Z,129.76,129.9,129.04,129.12,277583,397270.3,129.32904871994424,129.4604500000003,132.92973168206944,125.99116831793114,128.36001999999928,130.47279999999935,48.01906440008132,33.72410320736961,55.595223867183485
2021-02-03T17:30:00Z,129.14,129.47,129.01,129.38,163797,391023.85,129.33153414823965,129.5904500000003,132.8358540410335,126.34504595896706,128.31051999999926,129.94679999999934,49.33050370722888,30.825681306929287,40.593291814434835
2021-02-03T18:30:00Z,129.39,129.6087,128.815,128.895,254196,381341.45,129.31023979954503,129.66070000000028,132.77955543742837,126.54184456257218,128.2476449999993,129.33699999999936,46.95091844422289,23.26426753907688,29.27135068445843
2021-02-03T19:30:00Z,128.9,129.455,128.75,129.395,617897,375373.3,129.31437444346966,129.83095000000029,132.46355908407617,127.1983409159244,128.3025199999993,129.31599999999935,49.64753623445719,25.263540530716323,26.451163125574002
2021-02-03T20:30:00Z,129.42,129.97,129.32,129.32,634556,379333.05,129.31464886086138,129.91545000000028,132.36196740022103,127.4689325997795,128.3900474999993,129.22199999999935,49.24318053958782,24.82733551435862,24.451714528050445
2021-02-04T14:30:00Z,130.31,130.85,129.6,130.2784,891462,403797.75,129.36166111155106,130.02337000000028,132.32998632786342,127.71675367213714,128.52688249999932,129.45367999999934,54.35874609951811,31.856413984658403,27.31576334324429
2021-02-04T15:30:00Z,130.255,130.49,129.61,129.73,743740,419223.05,129.3796288622071,130.07037000000028,132.31193547171043,127.82880452829015,128.6455074999993,129.52367999999933,51.180144575489834,30.56327116479785,29.082340221271465
2021-02-04T16:30:00Z,129.73,130.11,129.3732,129.865,693489,438676.9,129.40330550307505,130.1176200000003,132.2992365231194,127.9360034768812,128.7981324999993,129.71767999999935,51.92539695221749,30.96923076923085,31.129638639562206
2021-02-04T17:30:00Z,129.92,130.52,129.74,130.025,1064893,477538.7,129.43363206390066,130.1568700000003,132.30185501717986,128.01188498282076,128.9622574999993,129.84367999999932,52.84418022004098,28.803418803418896,30.111973579149037
2021-02-04T18:30:00Z,130.025,130.25,129.73,130.03,623828,494691.65,129.46272318273478,130.2063700000003,132.29081218052102,128.1219278194796,129.1290074999993,129.98567999999932,52.87449037351883,31.36752136752155,30.38005698005694
2021-02-04T19:30:00Z,130.04,130.2,129.87,129.93,651255,492975.6,129.48551717382088,130.2818700000003,132.2051876346916,128.358552365309,129.1997574999993,129.91599999999934,52.15248156912944,31.92307692307709,30.698005698005687
2021-02-04T20:30:00Z,129.93,130.71,129.73,130.7,868577,505493.05,129.54476023851254,130.2418700000003,132.09415213940417,128.3895878605964,129.2668824999993,130.10999999999933,57.019300481080585,37.69230769230771,33.66096866096863
2021-02-05T14:30:00Z,129.02,129.59,124.55,125.465,2584671,616495.9,129.34574754395095,129.9431200000003,132.6543074103273,127.2319325896733,129.17063249999927,129.22999999999934,32.68095178178669,31.593406593406645,33.73626373626366
2021-02-05T15:30:00Z,125.47,127.68,125.41,126.9786,1688851,683525.1,129.2302769320509,129.72055000000032,132.63051578906382,126.81058421093681,129.1277224999993,128.62071999999935,40.57849462134753,34.35767195767199,34.54779541446196
2021-02-05T16:30:00Z,126.95,127.03,125.85,125.895,715288,711356.2,129.06758049634112,129.4755500000003,132.7806791795511,126.17042082044952,129.0503474999993,127.79371999999935,37.21269890812962,24.807407407407556,30.252828652828573
2021-02-05T17:30:00Z,125.92,126.6,125.1,125.2656,618492,731693.65,128.88211803310497,129.1758300000003,132.84631144252685,125.50534855747375,128.96386249999927,126.86083999999933,35.377185642652464,23.752380952381117,27.6391534391534
2021-02-05T18:30:00Z,125.25,126.17,125.19,125.97,633769,749233.05,128.74006349490472,128.8738300000003,132.55575657448918,125.19190342551144,128.92111249999928,125.91483999999934,39.00336694097381,18.415873015873164,22.325220458553787
2021-02-05T19:30:00Z,125.955,126.03,125.42,125.64,720111,765773,128.58884088539716,128.5586300000003,132.21451862903876,124.90274137096186,128.84286249999928,125.94983999999934,37.92957317708711,17.06666666666684,19.74497354497355
2021-02-05T20:30:00Z,125.644,125.75,125.21,125.21,997908,789913.6,128.42401937879242,128.34413000000032,132.24885915167255,124.4394008483281,128.78798749999928,125.59611999999933,36.518745947537525,16.77248677248688,17.41834215167547
2021-02-08T14:30:00Z,126.2,126.26,123.88,124.785,801976,812316.95,128.24650623836354,128.0938800000003,132.23051906546857,123.95724093453202,128.7301649999993,125.37411999999934,35.12797949593285,13.676047936662963,15.838400458605404
2021-02-08T15:30:00Z,124.785,125.05,123.66,123.9753,622721,829573.85,128.03815471454092,127.83664500000032,132.3120286896336,123.36126131036703,128.6485474999993,125.11605999999934,32.58210287066157,9.39963231131118,13.282722340153517
2021-02-08T16:30:00Z,123.97,123.97,122.54,122.79,693548,856061.4,127.78214716749015,127.5071450000003,132.42772569636534,122.58656430363529,128.5487974999993,124.48005999999934,29.24116994644328,6.9275606593129835,10.001080302428885
2021-02-08T17:30:00Z,122.78,123.9,122.7404,123.75,411890,863946.1,127.58545706175893,127.2498950000003,132.38656741990906,122.11322258009152,128.4552974999993,124.10205999999934,35.05008302704765,7.4475324878253,7.924908486149665
2021-02-08T18:30:00Z,123.79,124.6999,123.72,124.64,363396,851221.05,127.44177622947801,127.0121450000003,132.16979161347192,121.85449838652868,128.42154749999926,123.98805999999934,39.97029591321846,14.524683802529617,9.633258983222477
2021-02-08T19:30:00Z,124.65,125.19,124.56,125.12,533873,846186.9,127.3285188524303,126.8021450000003,131.9085842867702,121.69570571323037,128.3587974999993,124.05505999999934,42.500219448203836,24.031007751938017,15.33440801409749
2021-02-08T20:30:00Z,125.14,126.17,124.88,126.16,893784,846303,127.27151793279955,126.5962250000003,131.45129557405494,121.74115442594565,128.3097974999993,124.49199999999932,47.648337053187326,36.21008648952087,24.921926014662677
2021-02-09T14:30:00Z,125.81,125.99,124.5,125.05,465767,832404.35,127.16315120437031,126.36222500000031,131.038413563247,121.68603643675362,128.2162974999993,124.94399999999935,43.20238924025532,43.919716641273396,34.72027029424394
2021-02-09T15:30:00Z,125.0698,125.1,124.28,124.46,247481,810103.95,127.03129017001078,126.09197500000032,130.54668090264295,121.63726909735769,128.1047974999993,125.08599999999933,41.011904337293885,47.647298401911,42.59236717756827
2021-02-09T16:30:00Z,124.46,124.6999,124.18,124.4038,250950,769406.8,126.90311991781513,125.81091500000032,129.93458758892342,121.68724241107722,127.9838924999993,125.03875999999934,40.79969795860362,45.83359380537448,45.80020294951947
2021-02-09T17:30:00Z,124.43,124.6,124.12,124.265,236690,750049.9,126.77443114133635,125.5226650000003,129.2091481968498,121.8361818031508,127.86451749999928,124.86775999999934,40.24582876844504,45.01302144438541,46.164637883890144
2021-02-09T18:30:00Z,124.27,124.405,124.045,124.3143,214678,728221.05,126.654424744198,125.24188000000031,128.3534561809652,122.1303038190354,127.76187499999928,124.49861999999932,40.554510765753406,46.65786941398736,45.83482822124893
2021-02-09T19:30:00Z,124.33,124.67,124.11,124.53,391517,704368.05,126.55079426887127,124.93338000000031,126.78927794168573,123.0774820583149,127.58762499999929,124.39461999999932,41.96706623112004,49.187275985663064,46.95272228134513
2021-02-09T20:30:00Z,124.535,124.71,124.21,124.39,350423,592655.65,126.44538967038974,124.87963000000029,126.73309414046125,123.02616585953933,127.4113749999993,124.38061999999931,41.28141423415186,50.30734767025087,48.717497689966955
2021-02-10T14:30:00Z,125.112,125.65,124.85,125.05,507884,533607.3,126.37732188159025,124.78320000000028,126.37153388038621,123.19486611961435,127.25187499999929,124.50985999999932,45.77884496408305,57.45727065375153,52.317298103221674
2021-02-10T15:30:00Z,125.03,125.66,124.75,125.01,309588,513322.3,126.31062325321999,124.7389500000003,126.24826774837332,123.22963225162728,127.1072499999993,124.65885999999932,45.551131450716106,62.30708848010901,56.690568934703656
2021-02-10T16:30:00Z,125.02,125.5,124.57,124.71,221745,493484.95,126.23254407013609,124.7111700000003,126.20101855873301,123.22132144126758,126.94349999999929,124.7379999999993,43.791741385786835,64.87317349331472,61.54584420905827
2021-02-10T17:30:00Z,124.73,124.8356,124.36,124.525,199951,471794.05,126.14924923744653,124.63892000000028,126.01324519367752,123.26459480632305,126.7563749999993,124.73699999999931,42.69654781572855,52.77688594248185,59.985715971968375
2021-02-10T18:30:00Z,124.51,125.02,124.4,124.96,194734,445525.2,126.0912370795223,124.60492000000029,125.91042066180107,123.29941933819951,126.58177499999928,124.85099999999929,46.1093735583825,44.44846807395689,54.032842503251004
2021-02-10T19:30:00Z,124.9,125.06,124.7,124.74,202595,405759.55,126.02532307564316,124.58142000000029,125.85913199335377,123.30370800664681,126.46277499999931,124.7889999999993,44.660679233835694,36.20728291316519,44.47754564320116
2021-02-10T20:30:00Z,124.75,124.91,124.32,124.48,238417,377581.6,125.94994146219715,124.56617000000031,125.84107624280638,123.29126375719424,126.33002499999932,124.68299999999931,42.943482142025694,32.70991481425466,37.78855526712544
2021-02-11T14:30:00Z,125.43,125.45,123.56,123.705,571610,375026.05,125.84043212257777,124.5526550000003,125.85770388393388,123.24760611606672,126.19464999999931,124.48199999999932,38.22545415959208,20.65856093937144,29.85858622226362
2021-02-11T15:30:00Z,123.725,123.95,123.46,123.935,308320,355764.65,125.74748421415934,124.6099050000003,125.67992899480896,123.53988100519163,126.0585249999993,124.36399999999931,40.3209927468999,16.95356985202764,23.440681868551106
2021-02-11T16:30:00Z,123.96,124.67,123.91,124.47,216545,345997.4,125.68516791102962,124.64590500000031,125.64380013950004,123.64800986050058,125.9478999999993,124.26599999999931,44.995094409332495,24.8015873015875,20.804572697662053
2021-02-11T17:30:00Z,124.5,124.91,124.1865,124.6,178546,336754.9,125.6322328909794,124.64390500000032,125.64199977978622,123.64581022021441,125.8280249999993,124.2379999999993,46.099786645866665,39.772727272727515,27.17596147544741
2021-02-11T18:30:00Z,124.635,124.84,124.155,124.33,175551,318838.8,125.56870933532187,124.60440500000031,125.58640610460441,123.62240389539622,125.70327499999931,124.20799999999932,44.11798300211876,45.75757575757593,36.77729677729684
2021-02-11T19:30:00Z,124.33,124.82,124.18,124.5,302492,289274.2,125.51657717262324,124.5214050000003,125.19592341298727,123.84688658701333,125.5588149999993,124.36699999999932,45.70077971995899,46.212121212121396,43.914141414141476
2021-02-11T20:30:00Z,124.51,124.88,124.38,124.4,434113,287691.5,125.46210999347089,124.48890500000032,125.11963108114409,123.85817891885654,125.4255649999993,124.45999999999931,44.89523605002497,43.18181818181855,45.050505050505144
2021-02-12T14:30:00Z,123.84,124.05,122.675,123.66,470811,298858,125.37420218891134,124.44890500000031,125.17599852179829,123.72181147820233,125.2704399999993,124.29799999999932,39.36557532746561,40.99944165270829,43.464460348882604
2021-02-12T15:30:00Z,123.645,123.85,123.02,123.2,182109,295415.95,125.2681435455498,124.38871500000032,125.2974060875648,123.48002391243584,125.09981499999931,124.0179999999993,36.366990209793954,31.43655616061925,38.53927199838189
2021-02-12T16:30:00Z,123.18,123.95,123.07,123.85,152169,291189.9,125.19896581162054,124.3679650000003,125.30550376327756,123.43042623672304,124.9453149999993,123.9219999999993,42.97683559265523,31.308246032308897,34.581414615212005
2021-02-12T17:30:00Z,123.81,123.81,122.97,123.04,244039,292657.95,125.09365040617564,124.30425000000032,125.40645812441193,123.20204187558872,124.77306499999929,123.62999999999931,37.7188050303478,24.6931887639854,29.14599698563771
2021-02-12T18:30:00Z,123.03,123.2,122.74,123.015,217116,283937.9,124.99225282538659,124.22850000000032,125.45900843130944,122.9979915686912,124.5809399999993,123.3529999999993,37.5660400664886,22.58258258258273,26.194672459625536
2021-02-12T19:30:00Z,123.03,123.45,123.03,123.33,191791,276006.3,124.91116732170919,124.17550000000033,125.46358345984098,122.88741654015968,124.5275649999993,123.28699999999931,40.81846505898982,16.336336336336547,21.20403589430142
2021-02-12T20:30:00Z,123.29,123.91,123.19,123.65,356721,268448.15,124.84964696455265,124.10550000000032,125.34720809754882,122.86379190245182,124.4443499999993,123.37699999999931,44.009453442028324,23.66366366366385,20.860860860860903
2021-02-16T14:30:00Z,122.88,123.3799,121.9,122.43,554877,280712.6,124.73161540530617,123.97650000000033,125.3451164544949,122.60788354550576,124.3577249999993,123.09299999999932,36.03263726965837,25.448904053555406,21.81630135118513
2021-02-16T15:30:00Z,122.41,122.56,121.7,121.96,480639,293657.3,124.59641465382782,123.83900000000033,125.42113020940532,122.25686979059533,124.27508499999931,122.87699999999931,33.51255963996121,20.28093234352753,23.131166686915453
2021-02-16T16:30:00Z,121.95,122.39,121.51,121.99,365097,301914.6,124.46927247559232,123.71225000000034,125.45251283920273,121.97198716079795,124.17558499999932,122.67199999999931,33.83067355271736,13.27510298475683,19.668313127279784
2021-02-16T17:30:00Z,122.01,122.06,121.38,121.83,436735,314014.65,124.34052747678294,123.5557500000003,125.3799601714263,121.7315398285743,124.08033499999931,122.37199999999932,32.925850893176204,11.691492796495474,15.082509374926472
2021-02-16T18:30:00Z,121.85,122.64,121.6,122.525,347267,321248.25,124.2519651608423,123.44500000000032,125.23683704602774,121.6531629539729,124.0132099999993,122.14699999999932,40.38452050830615,19.89635854341748,14.954318108223122
2021-02-16T19:30:00Z,122.54,122.95,122.28,122.91,289997,323827.25,124.18650344567926,123.36650000000034,125.10691115817214,121.62608884182855,123.9663349999993,122.2429999999993,44.093297211417486,29.761904761904976,20.44991870060584
2021-02-16T20:30:00Z,122.92,122.9932,121.99,122,446790,317586.25,124.07984474101198,123.28125000000034,125.11168949626881,121.45081050373187,123.9169524999993,122.25099999999932,38.06538141749175,33.21651507044789,27.624926125256646
2021-02-17T14:30:00Z,121.9,122.95,121.66,122.035,898392,347089.85,123.98009621706018,123.18625000000031,125.06762150757723,121.3048784924234,123.89807749999932,122.25999999999931,38.41410969178405,30.807213606671613,31.261877813008024
2021-02-17T15:30:00Z,122.03,122.2,121.76,121.8834,476709,360098.05,123.87781835281334,123.0569200000003,124.92307502194616,121.19076497805445,123.85141249999931,122.27067999999932,37.43100223692678,22.76496791462043,28.92956553057984
2021-02-17T16:30:00Z,121.895,121.903,121.1,121.32,440220,373181.75,123.75304672584683,122.89292000000032,124.764312424352,121.02152757564863,123.76841249999931,122.0296799999993,33.95328447039154,17.634370485250496,23.735517335514043
2021-02-17T17:30:00Z,121.35,121.43,120.93,121.1119,644074,396607.9,123.62421030019577,122.73201500000035,124.63462231434565,120.82940768565504,123.66820999999932,121.67005999999931,32.74317787871915,11.173585659477292,17.19097468644927
2021-02-17T18:30:00Z,121.11,121.26,120.985,121.08,618469,412406.75,123.50010248067403,122.56101500000031,124.41131959996098,120.71071040003964,123.54120999999932,121.48605999999931,32.5516560811994,6.322255129093089,11.71007042460682
2021-02-17T19:30:00Z,121.1025,121.52,120.83,121.3,576195,419510.85,123.39278040844603,122.40601500000032,124.12914752903256,120.68288247096808,123.44745999999932,121.33905999999931,35.35978384188138,8.799108050785874,8.76498294645195
2021-02-17T20:30:00Z,121.2989,121.51,120.98,121.29,831048,437522.7,123.29020575437549,122.28751500000033,123.97500394295972,120.60002605704094,123.36820999999934,121.22037999999932,35.28786660753923,12.777740146986957,9.29970110895517
2021-02-18T14:30:00Z,120.8455,121,119.6,120.35,650848,460959.65,123.14678108343034,122.14501500000031,123.97549609321656,120.31453390678406,123.26686499999933,121.0263799999993,29.262915735291585,18.467564327523387,13.348137508431938
2021-02-18T15:30:00Z,120.48,121.115,120.41,120.72,531120,479907.2,123.02840151838495,121.9885150000003,123.74277575958956,120.23425424041105,123.17823999999935,120.94799999999933,34.03696903928521,24.38338119170761,18.542895222072517
2021-02-18T16:30:00Z,120.65,121.51,120.36,121.325,696258,502518.15,122.94530876139056,121.90276500000031,123.61008595770636,120.19544404229427,123.10350749999934,120.9969999999993,41.043602251230794,35.31572949821224,26.05555833914761
2021-02-18T17:30:00Z,121.32,122.6,121.28,122.42,1297179,556521.3,122.91968394376175,121.87301500000031,123.52149844626734,120.22453155373327,123.05075749999932,121.2209999999993,51.156179165018315,55.6505167197141,38.44987580321118
2021-02-18T18:30:00Z,122.3907,123.04,122.32,122.73,518117,572837.6,122.9104310684563,121.8430150000003,123.40385492536714,120.28217507463347,123.00925749999934,121.5089999999993,53.58354441223406,74.97757713329086,55.31460778373893
2021-02-18T19:30:00Z,122.72,123.24,122.54,123.11,508640,580433.55,122.9201661382877,121.81601500000033,123.26560684345101,120.36642315654966,122.96075749999935,122.06099999999931,56.441188317391536,90.17477825822982,73.60095737041145
2021-02-18T20:30:00Z,123.12,123.24,122.915,123.05,489969,577188.15,122.92649949739561,121.84701500000033,123.37234145443763,120.32168854556302,122.91175749999934,122.52699999999932,55.856449667708084,94.06572110060495,86.40602549737507
2021-02-19T14:30:00Z,123.09,123.7214,121.57,122.005,742221,590267.25,122.8815483024007,121.84926500000033,123.37538402307975,120.32314597692091,122.84413249999935,122.6629999999993,46.7684491351051,83.18758286730346,89.14269407537927
2021-02-19T15:30:00Z,122.02,122.12,121.635,121.73,339187,588971.75,122.82537521447871,121.83626500000032,123.36179665572249,120.31073334427816,122.77425749999932,122.52499999999932,44.707004502831985,68.2718815452839,81.8417285043973
2021-02-19T16:30:00Z,121.735,121.83,121.01,121.15,558263,595048.15,122.74364959426023,121.8022650000003,123.35687328269549,120.24765671730512,122.67900749999933,122.2089999999993,40.63848673696614,49.21466815483427,66.89137752247375
2021-02-19T17:30:00Z,121.145,121.1799,120.17,120.17,440559,599712.75,122.6181057116134,121.6845150000003,123.35476506889125,120.01426493110935,122.56475749999933,121.62099999999933,34.865058081716995,34.37343297584987,50.61999422532255
2021-02-19T18:30:00Z,120.175,120.2999,119.65,119.74,364469,603436.35,122.47771031104689,121.5260150000003,123.29946116851835,119.75256883148225,122.44625749999932,120.9589999999993,32.671768469351846,18.278578476569653,33.95555986908446
2021-02-19T19:30:00Z,119.775,120.02,119.4,120.02,479506,605072.15,122.35782200319095,121.42701500000032,123.30173929775748,119.55229070224317,122.35413249999934,120.5619999999993,35.51641946999666,10.524786038796712,21.05893249707194
2021-02-19T20:30:00Z,120.04,120.38,119.92,120.1,652971,592801.1,122.24768434449871,121.33026500000031,123.26815394228512,119.3923760577155,122.25825749999933,120.23599999999931,36.34395768370426,11.314186821626754,13.372517112330899
2021-02-22T14:30:00Z,119.15,119.85,118.38,118.9808,1020675,619999.4,122.08832413257194,121.18513500000032,123.35630246858035,119.01396753142028,122.12102749999933,119.80215999999932,30.45543766049815,13.931214639745628,11.923395833389556
2021-02-22T15:30:00Z,118.89,119.17,118.3,118.4445,379289,616952.85,121.9105766139099,121.04136000000031,123.51721571088459,118.56550428911603,121.96713999999932,119.45705999999932,28.10553150175174,10.037268271334904,11.760889910902288
2021-02-22T16:30:00Z,118.428,118.73,117.77,117.875,306819,600090.1,121.71371921810942,120.87951500000031,123.71310957873308,118.04592042126754,121.80576499999931,119.08405999999931,25.826637350744576,5.2258804548218585,9.731454455300655
2021-02-22T17:30:00Z,117.89,118.18,117.68,118.12,516681,595000.7,121.53841584161627,120.73151500000031,123.80667158082959,117.65635841917104,121.64626499999932,118.70405999999932,28.512116768473604,3.904244675404231,6.389131133853524
2021-02-22T18:30:00Z,118.17,118.3,117.6347,117.835,327252,582553.55,121.35776141031792,120.55826500000028,123.86732083764491,117.24920916235564,121.48213999999932,118.25105999999933,27.275023476293427,4.11271745865729,4.414280862960984
2021-02-22T19:30:00Z,117.835,117.98,117.4,117.95,566289,569315.6,121.19152914639997,120.39126500000029,123.8685939428311,116.91393605716948,121.33938999999933,118.04489999999933,28.62082853787217,6.424821972457305,4.813928035506134
2021-02-22T20:30:00Z,117.95,118.109,117.7,117.91,575061,565526.25,121.03145455389266,120.26926500000029,123.9111429793739,116.62738702062667,121.20713999999933,117.93799999999933,28.423800718126756,6.686406303849193,5.741315244987788
2021-02-23T14:30:00Z,117.74,118.085,116.31,117.44,1274289,602684.7,120.85626164882473,120.10526500000029,123.94140979609968,116.2691202039009,121.04688999999931,117.85099999999932,26.146205366848903,12.072554281596728,8.3945941859676
2021-02-23T15:30:00Z,117.469,118.03,117.06,117.19,542454,594994.5,120.67741961717473,119.89851500000027,123.8919130463599,115.90511695364064,120.9006399999993,117.66499999999932,24.99874054188915,14.48636251126027,11.081774365568586
2021-02-23T16:30:00Z,117.17,117.5,116.13,116.66,312316,545751.35,120.48144792853206,119.61051500000028,123.6653233205826,115.55570667941795,120.7417649999993,117.42999999999931,22.72207494205304,15.295503930219185,13.951473574358586
2021-02-23T17:30:00Z,116.67,116.85,115.89,116.8,361450,537918,120.30186510275001,119.31401500000027,123.2792871339997,115.34874286600083,120.57851499999931,117.19999999999932,24.673560780566575,15.568182298800105,15.116682913426379
2021-02-23T18:30:00Z,116.79,117.24,116.62,117.22,469234,535947.7,120.15153021968904,119.01951500000027,122.67622683396726,115.36280316603327,120.41776499999932,117.0619999999993,30.355574158490285,20.1279662524061,16.99721749380832
2021-02-23T19:30:00Z,117.21,119.58,117.06,119.43,893546,556126.55,120.11633362360665,118.83851500000026,122.00478017472491,115.6722498252756,120.3427649999993,117.45999999999931,51.21050665726857,42.91017074981454,26.20210643367344
2021-02-23T20:30:00Z,119.45,119.65,118.91,119.23,728056,555418.3,120.07309783708925,118.69976500000027,121.52351349387864,115.8760165061219,120.27451499999931,117.8679999999993,49.75835866823322,64.26889533793789,42.435677446719374
2021-02-24T14:30:00Z,117.78,118.51,116.77,117.635,697685,573343.2,119.95416623528001,118.49501500000027,120.98422077226539,116.00580922773514,120.16563999999933,118.0629999999993,40.013532904673475,69.86495987852456,59.014675322092195
2021-02-24T15:30:00Z,117.65,118.54,117.42,118.29,537220,572291.05,119.87298739453465,118.35201500000028,120.52295178781021,116.18107821219034,120.0771399999993,118.36099999999931,44.79490446350683,64.86093201518753,66.3315957438832
2021-02-24T16:30:00Z,118.29,118.365,117.81,118.06,298353,565180.75,119.78454898504515,118.2465150000003,120.25262720938494,116.24040279061566,119.9655149999993,118.52899999999931,43.48420839488455,55.98404255319159,63.569978148967756
2021-02-24T17:30:00Z,118.031,118.32,117.56,118.18,336887,563801.65,119.70627830284782,118.1685150000003,120.05396867395976,116.28306132604084,119.84726499999931,118.27899999999931,44.39832034557593,60.81560283687955,60.553525801752755
2021-02-24T18:30:00Z,118.22,118.97,118.14,118.95,333070,556479.85,119.66938667831866,118.11501500000031,119.84129162228405,116.38873837771658,119.77101499999931,118.2229999999993,49.988127781476194,66.66666666666674,61.155437352245826
2021-02-24T19:30:00Z,118.96,119.4166,118.84,119.23,291890,538425.8,119.64795318181531,118.07151500000029,119.63134422035102,116.51168577964955,119.7008899999993,118.5419999999993,51.88249439443507,77.03900709219866,68.17375886524819
2021-02-24T20:30:00Z,119.214,119.51,118.99,119.38,521317,513457.9,119.6348822948975,118.09147500000032,119.70657262771279,116.47637737228784,119.6383049999993,118.75999999999931,52.91151378428709,87.67730496453896,77.12765957446798
2021-02-25T14:30:00Z,124.44,125.34,120.62,120.81,3225379,655762.4,119.69220510978055,118.2097500000003,120.21118317389353,116.20831682610707,119.62555499999932,119.3099999999993,61.38890191478609,77.90414274456826,80.8734849337685
2021-02-25T15:30:00Z,120.86,122.43,119.77,121.17,1144461,697644.5,119.764292665401,118.37450000000031,120.7467076215104,116.00229237849022,119.62700749999934,119.90799999999929,63.18576215430674,66.9185522908927,77.49999999999984
2021-02-25T16:30:00Z,121.14,121.44,120.32,121.355,762548,709937.85,119.84188814513753,118.5362500000003,121.23559042861837,115.83690957138222,119.63388249999932,120.38899999999929,64.1100949582683,55.25573192239867,66.69280898595308
2021-02-25T17:30:00Z,121.32,121.895,119.74,121.5,919174,739533.95,119.92277165025277,118.71950000000031,121.68775352683483,115.75124647316579,119.63888249999931,120.84299999999931,64.85492634175398,56.55566881866583,59.57665101065226
2021-02-25T18:30:00Z,121.475,122.385,120.8,122.2,796435,751041.25,120.03385595999654,118.93200000000029,122.23869835327925,115.62530164672133,119.66163249999934,121.40699999999929,68.27760657168145,59.05151689211018,56.95430587772477
2021-02-25T19:30:00Z,122.2,122.2,120.9,121.08,768612,760718.8,120.08488737658207,119.09050000000029,122.4886831909978,115.69231680900278,119.67988249999935,121.46099999999929,58.46658439004567,56.538526043841216,57.381903918205616
2021-02-25T20:30:00Z,121.07,121.72,120.76,120.91,1234660,758737.35,120.12513677284636,119.26400000000028,122.66172364967963,115.86627635032093,119.68463249999934,121.40899999999928,57.12481959597325,53.9867755737068,56.52560616988595
2021-02-26T14:30:00Z,119.7,121.33,118.88,119.9,692775,766253.4,120.1141544912441,119.39950000000029,122.66931482649693,116.12968517350365,119.64900749999933,121.1179999999993,49.81089982168453,43.30429931363428,51.27653364372731
2021-02-26T15:30:00Z,119.76,121.66,119.76,120.32,371313,769203.25,120.12419573557365,119.58250000000028,122.61997016439429,116.54502983560627,119.59650749999932,120.8819999999993,52.532559181050225,38.365587020397136,45.21888730257928
2021-02-26T16:30:00Z,120.4,121.47,120.4,121.05,300806,766171.05,120.1693569192042,119.79500000000027,122.61064379842362,116.97935620157692,119.55450749999935,120.65199999999929,56.90669638241459,37.215773848164616,39.62855339406522
2021-02-26T17:30:00Z,121.08,121.2,120.17,120.72,228403,754129.5,120.1962175572918,119.9700000000003,122.54882725275964,117.39117274724096,119.49475749999935,120.57999999999929,54.463394914847505,38.722507854898595,38.10128957448666
2021-02-26T18:30:00Z,120.75,120.95,120.26,120.88,367874,727845.9,120.22957279839952,120.04250000000029,122.63800091496647,117.44699908503411,119.44050749999936,120.5739999999993,55.46186809762886,37.358853514380506,37.76571173914778
2021-02-26T19:30:00Z,120.86,121.59,120.16,120.23,428272,712856.7,120.22959363750198,120.09250000000029,122.66186276138598,117.5231372386146,119.39613249999937,120.6399999999993,50.60713289715895,29.37192717842878,35.15109618256917
2021-02-26T20:30:00Z,120.2,120.96,119.96,119.98,613529,708648.9,120.21741833811164,120.2097500000003,122.52087629459733,117.89862370540327,119.35238249999936,120.57199999999929,48.83650633088067,23.10343732634765,29.94473933971885
2021-03-01T14:30:00Z,120.37,123.16,120.27,123.03,1031292,733352.5,120.35461744356961,120.44675000000029,122.89017029736733,118.00332970263325,119.39938249999935,120.96799999999931,64.94893416506389,44.96277113895257,32.47937854790954
2021-03-01T15:30:00Z,123.06,123.9,122.55,122.6,699297,753399.7,120.46414829998085,120.67375000000031,123.0300540443808,118.31744595561982,119.46013249999935,121.3439999999993,61.98518142090037,62.69802208563016,43.588076850309996
2021-03-01T16:30:00Z,122.64,123.21,122.625,122.855,405829,756846.8,120.5807752121769,120.90750000000033,123.1528117822579,118.66218821774275,119.53800749999934,121.73899999999931,63.06165598033645,83.41648980402384,63.692427676202065
2021-03-01T17:30:00Z,122.87,123.03,122.52,123.0074,344895,757438.05,120.69914715304633,121.1103700000003,123.34472780572,118.8760121942806,119.61269249999934,122.29447999999931,63.72282691766663,78.50199203187253,74.87216797384205
2021-03-01T18:30:00Z,122.98,123.93,122.94,123.57,384016,762044.35,120.83918875533675,121.32737000000031,123.63101851571723,119.0237214842834,119.69944249999932,123.0124799999993,66.13281491170545,84.75789252231996,82.22545811940533
2021-03-01T19:30:00Z,123.57,123.76,123.4,123.64,482166,760086.8,120.97581369410081,121.54037000000031,123.87200504947991,119.20873495052071,119.81592249999933,123.1344799999993,66.4316246588821,89.78261212575437,84.3474988933155
2021-03-01T20:30:00Z,123.64,123.85,123.29,123.59,499577,623796.7,121.1033349773154,121.67937000000032,124.14771895506351,119.21102104493713,119.94455999999934,123.33247999999931,65.98379833499078,93.4653465346534,89.3352837275758
2021-03-02T14:30:00Z,123.9,124.56,123.37,123.51,774880,605317.65,121.22073327110489,121.79637000000032,124.37635841934443,119.21638158065622,120.08543499999935,123.4634799999993,65.22616123950866,88.54991749174921,90.59929205071887
2021-03-02T15:30:00Z,123.48,123.94,122.57,122.86,314766,582928.55,121.30069750178271,121.8716200000003,124.48332255848102,119.25991744151959,120.20393499999935,123.43399999999932,59.27124046307426,78.14526833118103,86.72017745252776
2021-03-02T16:30:00Z,122.86,123.72,122.64,123.51,261562,550047.95,121.40846835535429,121.97212000000032,124.67208792091179,119.27215207908884,120.34580999999935,123.42199999999931,62.91719637734614,72.78079710144941,79.82532764145977
2021-03-02T17:30:00Z,123.5,123.66,123.2795,123.39,142998,517376.1,121.50512843558091,122.03162000000029,124.80061921523858,119.26262078476199,120.48180999999934,123.3719999999993,61.81699871358293,71.59420289855085,74.17342277706031
2021-03-02T18:30:00Z,123.44,123.96,123.26,123.35,223031,490097.05,121.59512217043063,122.14512000000032,124.93480397743497,119.35543602256567,120.61780999999932,123.32399999999932,61.4313826868235,75.14492753623196,73.17330917874393
2021-03-02T19:30:00Z,123.35,123.69,123.1006,123.37,239339,440331,121.68170157675108,122.26812000000032,125.04602975626595,119.4902102437347,120.76605999999933,123.29599999999932,61.56049854729124,74.13043478260876,73.62318840579707
2021-03-02T20:30:00Z,123.365,123.42,122.42,122.45,564968,433940.65,121.71917954861688,122.39562000000032,124.95233179720196,119.83890820279868,120.89755999999934,123.2139999999993,52.80357831998187,66.21397925745761,71.82978052543267
2021-03-03T14:30:00Z,121.4404,121.94,120.92,121.335,414919,436120.95,121.70043908283068,122.44637000000031,124.87326436192838,120.01947563807225,121.01443499999934,122.77899999999931,44.535134871215405,45.449128166519536,61.93118073552852
2021-03-03T15:30:00Z,121.23,121.655,120.66,121.24,299624,436061.85,121.67797863976577,122.45587000000032,124.86222640002894,120.04951359997169,121.12543499999933,122.34899999999932,43.90432120354167,25.696248196248206,45.78645187340834
2021-03-03T16:30:00Z,121.24,121.395,120.05,120.55,297271,439505.25,121.62295529148452,122.44737000000032,124.87925841930472,120.01548158069592,121.20868499999933,121.7889999999993,39.52523992276024,12.453122758000783,27.866166373589397
2021-03-03T17:30:00Z,120.53,121.22,120.23,120.92,328085,437515.8,121.58866478946088,122.44937000000031,124.87615951785067,120.02258048214996,121.24593499999935,121.29899999999932,42.818805244821185,15.082911668277598,17.74409420750875
2021-03-03T18:30:00Z,120.9,120.9,119.21,119.41,425540,437379.2,121.48238845826766,122.4083700000003,125.00548700236385,119.81125299763676,121.25043499999936,120.69099999999932,34.54911932744234,11.371752630015793,12.969262352097944
2021-03-03T19:30:00Z,119.35,120,118.73,118.84,892498,451327.65,121.35349146030339,122.35137000000032,125.19729295116238,119.50544704883825,121.28055999999935,120.19199999999933,32.03405563686192,8.30519194725631,11.586618748516456
2021-03-03T20:30:00Z,118.81,119.42,118.62,118.78,605376,430031.85,121.2279552915081,122.13887000000031,125.36027985345893,118.91746014654169,121.29280999999935,119.69999999999932,31.771865829824264,2.7729043011474803,7.483282959473082
2021-03-04T14:30:00Z,119.19,120.2899,118.25,119.38,549310,422532.5,121.13781113094673,121.97787000000032,125.40621391564562,118.54952608435502,121.32580999999934,119.46599999999933,37.29856753103296,8.123412509406444,6.400502919269965
2021-03-04T15:30:00Z,119.38,120.8,119.38,120.66,316807,418081.4,121.11450327090054,121.86812000000032,125.31759048312509,118.41864951687555,121.38780999999935,119.4139999999993,47.136461973410086,21.563366688877522,10.819894499810369
2021-03-04T16:30:00Z,120.66,121.52,119.41,119.81,427268,422200.05,121.05086896500295,121.70825000000032,125.22736817783093,118.18913182216971,121.40930999999937,119.49399999999932,42.38103129068352,29.772329246935282,19.81970281507297
2021-03-04T17:30:00Z,119.77,120.165,118.5,119.28,396184,422808.45,120.96448511305158,121.49375000000032,125.05552045155197,117.93197954844867,121.41055999999935,119.58199999999931,39.69210653453184,29.1885580852307,26.841418007014386
2021-03-04T18:30:00Z,119.29,119.33,117.41,119.04,405374,418968.85,120.8706077904637,121.26375000000033,124.83551549475813,117.69198450524253,121.40205999999935,119.63399999999933,38.500870736043716,23.77147775906256,27.5774550304094
2021-03-04T19:30:00Z,119,119.1,118.01,118.65,389509,413465.45,120.76228545922156,121.01675000000031,124.59411254097311,117.43938745902751,121.34805999999935,119.48799999999933,36.57967556739373,21.542074147840577,24.8340366640445
2021-03-04T20:30:00Z,118.67,119.28,118.13,118.69,733925,411417.7,120.66119836364977,120.77575000000031,124.29777963496342,117.25372036503721,121.28605999999934,119.09399999999933,36.92730965730981,24.94792139567527,23.420491100859355
2021-03-05T14:30:00Z,120.14,120.79,118.54,120.79,811349,436246.85,120.667481370301,120.6722500000003,124.06239229046116,117.28210770953945,121.27193499999935,119.28999999999931,51.84966030002474,42.837145385932324,29.775713643149277
2021-03-05T15:30:00Z,120.785,122.12,119.1314,122.04,940311,470184.3,120.73443349857901,120.59875000000031,123.79797471070144,117.39952528929918,121.28543499999932,119.8419999999993,58.19049348456199,68.72688094108747,45.50398257423158
2021-03-05T16:30:00Z,122.14,122.44,121.12,122.385,772774,501673.1,120.81494893767271,120.5485000000003,123.59888702455433,117.49811297544628,121.29005999999933,120.51099999999931,59.76534990969771,92.27704427308963,67.9470235333697
2021-03-05T17:30:00Z,122.41,123.94,122.07,123.755,877400,534391.55,120.95836606266428,120.56875000000032,123.69762659544911,117.43987340455153,121.35693499999934,121.53199999999931,65.34733553713647,98.1249895782289,86.3763049308019
2021-03-05T18:30:00Z,123.77,123.97,122.7,123.49,507582,547803.7,121.0818604010709,120.57475000000031,123.7254744801104,117.42402551989021,121.42143499999933,122.49199999999931,63.511840668285814,96.25213645479317,95.55139010203713
2021-03-05T19:30:00Z,123.49,124.87,123.38,124.45,770850,558097.8,121.24615989370159,120.67475000000032,124.16577631751136,117.18372368248927,121.53518499999934,123.2239999999993,67.11537172858004,94.739940639515,96.37235555751225
2021-03-05T20:30:00Z,124.42,125.35,124.31,124.69,1119517,593327.7,121.41415209400883,120.84250000000031,124.74275191488458,116.94224808511605,121.64443499999933,123.7539999999993,67.96709274266775,92.91351915011585,94.63519874814124
2021-03-08T14:30:00Z,123.97,127.24,123.85,126.9025,1083547,632523.85,121.68187638210595,121.12562500000031,125.83778423829692,116.4134657617037,121.79074749999934,124.6574999999993,74.51911848424311,94.20808779264871,93.95384919409308
2021-03-08T15:30:00Z,126.94,127.85,125.88,127.6,700067,652663.65,121.9705653390764,121.47812500000029,126.95760099566706,115.99864900433352,121.96274749999934,125.42649999999931,76.17367610365048,95.28655139075731,94.13605277784052
2021-03-08T16:30:00Z,127.55,127.555,126.68,127.3,565417,664530.25,122.23053776156048,121.7971250000003,127.82490719472749,115.76934280527313,122.12324749999934,126.1884999999993,73.94952364016515,96.30126583594165,95.26530167311579
2021-03-08T17:30:00Z,127.315,128.46,127.17,128.23,473168,666911.65,122.5231944561185,122.23812500000031,128.77210825579954,115.70414174420108,122.32324749999933,126.9444999999993,76.26332416604365,96.75190559571901,96.11324094080588
2021-03-08T18:30:00Z,128.22,128.39,126.86,127.9,411579,642865.7,122.78547765338102,122.69112500000031,129.471539160437,115.91071083956362,122.52124749999932,127.58649999999929,73.75983421315487,95.76383370928052,96.27233504698027
2021-03-08T19:30:00Z,127.87,128,126.34,127.115,564903,640842.05,122.99667386541121,123.1078750000003,129.9000799576753,116.31567004232531,122.62337249999932,127.6289999999993,68.03816053453832,93.17979040770872,95.2318432375693
2021-03-08T20:30:00Z,127.1,127.93,126.88,127.07,1108002,668776.65,123.1953727012448,123.49237500000031,130.26754759463353,116.71720240536708,122.73512249999933,127.5229999999993,67.71388927919617,89.20290747091117,92.71551052930003
2021-03-09T14:30:00Z,129.02,129.84,126.53,126.65,905175,698195.05,123.36389110606213,123.7918750000003,130.56932379634452,117.01442620365607,122.82999749999934,127.3929999999993,64.61837112386141,81.05947754988394,87.81405847616783
2021-03-09T15:30:00Z,126.64,126.93,125.46,126.45,584602,706061.75,123.51443300332738,124.1238750000003,130.73711748663814,117.51063251336245,122.91606249999931,127.03699999999931,63.13819582363385,72.44087166636429,80.90108556238634
2021-03-09T16:30:00Z,126.47,127.33,126.47,127.01,393690,705937.05,123.68494846657971,124.5103750000003,130.84368106295616,118.17706893704442,123.00206249999933,126.85899999999931,65.51980027856142,64.97085845038339,72.82373588887708
2021-03-09T17:30:00Z,127.03,127.48,126.75,127.48,254769,698406.8,123.8700729316246,124.93237500000029,130.86340894755813,119.00134105244246,123.09806249999933,126.9319999999993,67.4222312053925,63.88283183345256,67.0981873167333
2021-03-09T18:30:00Z,127.49,127.64,127.0696,127.17,178099,687836.3,124.03104498374047,125.3583750000003,130.6080421977445,120.10870780225609,123.18756249999933,126.95199999999932,64.87952994291719,63.06445764650112,63.97271597677891
2021-03-09T19:30:00Z,127.18,127.5,126.55,126.75,326457,667462.9,124.16367693575313,125.7613750000003,130.05127577823262,121.47147422176798,123.26856249999932,126.97199999999933,61.49569469463509,58.009844244642295,61.65237790819853
2021-03-09T20:30:00Z,126.745,126.97,126.14,126.3,552928,654541.85,124.26788781693591,126.03687500000028,129.6720857486476,122.40166425135297,123.35456249999932,126.9419999999993,58.00497735256616,49.32808550887196,56.800795800005
2021-03-10T14:30:00Z,128.25,129.12,127.21,127.27,605022,637777.4,124.41433231367074,126.29837500000028,129.46860301815508,123.12814698184546,123.44856249999933,126.9939999999993,62.894357765623724,43.54657559656767,50.294835116693854
2021-03-10T15:30:00Z,127.33,127.75,126.81,127.62,214084,609842.9,124.57070634715022,126.56012500000028,129.21770494933105,123.90254505066953,123.55431249999933,127.0219999999993,64.50041238231236,43.8469239701889,45.57386169187604
2021-03-10T16:30:00Z,127.63,128.01,126.86,126.92,242512,578098.5,124.68530603753314,126.7183750000003,129.04532916522894,124.39142083477165,123.64356249999932,126.9719999999993,59.000095033473464,41.32420091324217,42.90590015999945
2021-03-10T17:30:00Z,126.925,127.19,126.26,126.57,361281,570783.45,124.77724232838519,126.87237500000029,128.67231213419964,125.07243786580092,123.72356249999935,126.93599999999931,56.40988399125768,35.99695585996971,40.38936024780013
2021-03-10T18:30:00Z,126.59,126.99,126.06,126.75,290839,546782.9,124.87347440992737,126.9873750000003,128.40733580476484,125.56741419523576,123.83106249999935,127.0259999999993,57.44461184402689,29.375951293759652,35.56570268899038
2021-03-10T19:30:00Z,126.75,127.56,126.69,127.4,392253,510419.7,124.99671956066261,127.12287500000029,128.08272560664233,126.16302439335827,123.98268749999934,127.0519999999993,61.04103708563761,33.02891933028935,32.8006088280061
2021-03-10T20:30:00Z,127.38,127.71,127.08,127.35,611635,486824.1,125.11151372843517,127.1452500000003,128.10437186376572,126.18612813623488,124.13543749999936,126.9979999999993,60.61666204852332,38.964992389650085,33.789954337899566
2021-03-11T14:30:00Z,127.31,128.72,126.93,128.08,540787,478860.1,125.25631793680418,127.1692500000003,128.1944342515155,126.14406574848512,124.32368749999935,127.2299999999993,64.4974910787038,53.00920727599395,41.66770633197766
2021-03-11T15:30:00Z,128.1,128.67,127.82,128.615,256887,463433.6,125.42015608622836,127.23500000000031,128.438465828157,126.03153417184362,124.51606249999936,127.6389999999993,67.05937489285625,66.07737213706774,52.68385726757046
2021-03-11T16:30:00Z,128.64,129.35,128.57,128.84,302882,454919.3,125.58697774055868,127.26550000000032,128.59283153339263,125.93816846660799,124.75181249999937,128.05699999999928,68.10188162802574,79.85997057428592,66.31551666244907
2021-03-11T17:30:00Z,128.83,129.8,128.65,129.43,316449,450162.8,125.77444224101923,127.3420000000003,128.95286746803043,125.73113253197016,125.01656249999937,128.4629999999993,70.71879947306674,86.03405471365441,77.32379914166923
2021-03-11T18:30:00Z,129.45,130.2,128.66,129.82,642754,454055.35,125.97178652194512,127.4772500000003,129.41103249799622,125.54346750200436,125.29256249999938,128.95699999999928,72.33449985637739,88.47556271782224,84.78986266858739
2021-03-11T19:30:00Z,129.77,129.9825,123.88,126.56,3446779,570994.2,126.00047986233804,127.45175000000032,129.41949305983812,125.4840069401625,125.47206249999935,128.65299999999928,48.32875326000701,74.44442373381492,82.98468038843039
2021-03-11T20:30:00Z,126.58,126.85,125.8,125.99,892882,570379.55,125.99996864954106,127.4187500000003,129.45993562349338,125.37756437650722,125.60531249999937,128.1279999999993,45.48630645138343,55.5374650930514,72.81915051489605
2021-03-12T14:30:00Z,126.55,127.18,124.68,125.73,1285036,605401.25,125.98679944712443,127.3827500000003,129.51440071002492,125.25109928997567,125.75331249999935,127.50599999999932,44.20904140229193,35.0210970464137,55.000995291093204
2021-03-12T15:30:00Z,125.7,126.6,125.49,126.398,722191,621826.3,126.00685801067934,127.35215000000031,129.5215617427425,125.18273825725812,125.93126249999936,126.89959999999931,48.231174736072546,34.166666666666835,41.57507626871052
2021-03-12T16:30:00Z,126.41,127.67,126.3583,126.79,471156,632645.65,126.04506005893889,127.3176500000003,129.49974067400208,125.1355593259985,126.12501249999937,126.29359999999932,50.487003540542126,38.38607594936732,35.85794655414915
2021-03-12T17:30:00Z,126.79,127.17,125.94,126.61,367281,642104.75,126.07261810484431,127.28965000000031,129.4928697597058,125.08643024029482,126.32401249999934,126.3035999999993,49.42205229677947,43.02742616033777,38.52672292545717
2021-03-12T18:30:00Z,126.6107,126.8368,126.5,126.71,398402,645702,126.103709904608,127.2876500000003,129.49289731256488,125.08240268743572,126.52451249999936,126.44759999999928,50.0523953532372,44.67299578059092,42.02883263009854
2021-03-12T19:30:00Z,126.71,126.74,125.87,126.35,455272,640819.2,126.11572405560273,127.2901500000003,129.49102203389194,125.08927796610867,126.66351249999937,126.57159999999928,47.745461967792565,42.352320675105624,43.350914205344644
2021-03-12T20:30:00Z,126.345,127.37,126.34,127.15,720157,646575.95,126.16617654069528,127.2841500000003,129.48586317604526,125.08243682395535,126.79126249999936,126.7219999999993,52.93663314923838,45.200421940928436,44.0752461322082
2021-03-15T13:30:00Z,128.3,128.57,125.7251,125.86,923080,682025.75,126.15124109968575,127.19615000000029,129.47642334098256,124.91587665901801,126.87813749999934,126.53599999999929,45.14795393158211,40.71729957805926,42.756680731364305
2021-03-15T14:30:00Z,125.875,125.98,124.75,124.81,544979,697149.1,126.08581470457912,127.09065000000028,129.59636668582112,124.58493331417944,126.90451249999933,126.17599999999928,39.99036061958113,32.59493670886099,39.50421940928276
2021-03-15T15:30:00Z,124.8,124.82,124.08,124.52,459977,702083.9,126.0094334994777,126.98815000000027,129.72749738753612,124.24880261246443,126.93026249999932,125.73799999999929,38.676206580303045,18.723628691983283,30.678621659634377
2021-03-15T16:30:00Z,124.545,124.73,124.285,124.35,373221,706203,125.92848552389341,126.86815000000027,129.83918485499802,123.89711514500252,126.92776249999933,125.33799999999928,37.89015163564026,10.7594936708862,20.69268635724336
2021-03-15T17:30:00Z,124.32,124.84,124.295,124.56,356389,704409.8,125.86173013248398,126.72615000000026,129.84950244723223,123.60279755276831,126.92451249999934,124.81999999999928,39.52522905728674,9.568755110048748,13.01729249097261
2021-03-15T18:30:00Z,124.6,124.62,124.2207,124.46,320957,689875.9,125.79335305285062,126.58165000000024,129.84064661086754,123.32265338913295,126.86344999999935,124.53999999999928,38.998734655812356,9.01431157401458,9.78085345164971
2021-03-15T19:30:00Z,124.49,125.77,124.29,125.65,847852,705229.15,125.78636022100424,126.46015000000025,129.66742200431105,123.25287799568946,126.81469999999933,124.70799999999929,47.893647200126914,18.190939429633797,12.258002037898907
2021-03-16T13:30:00Z,125.86,126.59,124.84,126.56,715428,728156.2,125.82409874680891,126.35740000000024,129.4098877984438,123.30491220155668,126.79619999999935,125.11599999999927,53.47992305213809,32.88789903489252,20.03105001284683
2021-03-16T14:30:00Z,126.59,127.27,126.51,127.16,325972,729310.7,125.88926466159873,126.27340000000022,129.13445409939425,123.4123459006062,126.76944999999935,125.67799999999929,56.77074224844679,52.93244246473666,34.670426976420856
2021-03-16T15:30:00Z,127.18,127.99,127.15,127.61,395949,733285.7,125.97320297078903,126.18240000000023,128.73523798147386,123.62956201852661,126.76219999999935,126.28799999999929,59.107192164864806,67.48329621380864,51.1012125711458
2021-03-16T16:30:00Z,127.61,128.77,127.49,128.69,316734,716984.7,126.10572965514079,126.12590000000023,128.38762446590408,123.86417553409638,126.80157499999935,127.13399999999929,64.11945314463341,81.83675956836883,67.41749941563792
2021-03-16T17:30:00Z,128.685,128.81,127.67,127.68,344106,561851.05,126.18252333049978,126.18190000000024,128.5373639372415,123.82643606275897,126.81682499999934,127.53999999999928,57.07402273204335,84.3411111067495,77.88705562964219
2021-03-16T18:30:00Z,127.63,127.82,127.37,127.65,298433,532128.6,126.25410755828028,126.26490000000027,128.7030043373115,123.82679566268904,126.84182499999933,127.75799999999929,56.87412080511787,83.29328891633652,83.15705319715148
2021-03-16T19:30:00Z,127.66,128.1,127.65,127.78,397158,487734.7,126.32854133592515,126.36740000000025,128.87821854375207,123.8565814562484,126.87507499999933,127.8819999999993,57.567677676613656,76.60324171952094,81.41254724753551
2021-03-17T13:30:00Z,126.33,127.13,125.52,127.0489,476875,475468.9,126.3636807829532,126.39994500000026,128.92831883104566,123.87157116895484,126.87604749999932,127.76977999999926,52.4582095375439,72.155743481325,77.3507580390607
2021-03-17T14:30:00Z,127.01,127.42,126.57,127.05,350185,469420.35,126.3971597691506,126.41294500000026,128.95185893109803,123.8740310689025,126.86529749999931,127.44177999999927,52.46504567286414,67.92741367159978,72.22879962414844
2021-03-17T15:30:00Z,127.03,127.15,126.6704,126.96,209766,461544.6,126.42461539016765,126.43044500000026,128.9793558751618,123.88153412483872,126.86004749999934,127.29777999999926,51.808640759239694,61.74899365679895,67.27738360324112
2021-03-17T16:30:00Z,126.95,127.02,126.06,126.61,161284,449688.7,126.43365854186679,126.42544500000027,128.97253440744336,123.87835559255716,126.85654749999932,127.08977999999927,49.2291480403893,58.18064838045088,62.61901856961641
2021-03-17T17:30:00Z,126.56,127.45,126.12,126.49,186930,436271.6,126.43640690567817,126.43244500000026,128.97943607370135,123.88545392629916,126.86129749999934,126.83177999999926,48.340477207544986,53.73295854850779,57.88753352858574
2021-03-17T18:30:00Z,126.51,128.02,126.42,127.28,420310,421279.25,126.47755778832801,126.43894500000026,128.9938789305575,123.884011069443,126.86154749999932,126.87799999999928,54.20182279375284,55.886825562628836,55.9334774971957
2021-03-17T19:30:00Z,127.24,127.44,126.99,127.3,368051,393527.8,126.5176769206047,126.51094500000026,129.07769373517047,123.94419626483004,126.85354749999934,126.92799999999927,54.343057473986136,59.18760205761273,56.26912872291632
2021-03-18T13:30:00Z,125.48,126.54,125.19,125.85,357871,384172.4,126.48510731472155,126.56294500000027,129.02994924594046,124.0959407540601,126.82679749999932,126.70599999999926,43.797585596943804,48.782407397714614,54.61894500598526
2021-03-18T14:30:00Z,125.81,125.86,124.9403,125.38,266214,374484.25,126.43119964083269,126.60594500000028,128.9562345288622,124.25565547113834,126.79704749999932,126.45999999999927,41.019013326219,30.519805881952248,46.163271779093066
2021-03-18T15:30:00Z,125.43,126.28,125,126.04,226382,367142.3,126.41211673152378,126.69044500000027,128.82152478487242,124.55936521512811,126.77929749999933,126.36999999999928,46.18231283542152,19.33763525479715,32.87994951148787
2021-03-18T16:30:00Z,126,126.02,125.07,125.43,172172,357931.45,126.36420859827872,126.73394500000026,128.71987480477847,124.74801519522204,126.73004749999934,125.99999999999928,42.48080553070698,17.478529774056835,22.445323636935274
2021-03-18T17:30:00Z,125.43,125.77,125.22,125.605,170213,350394.25,126.32717403250903,126.79119500000027,128.56645417248697,125.01593582751359,126.68642249999932,125.66099999999929,43.870711331286344,20.703252894471124,19.173139307774903
2021-03-18T18:30:00Z,125.62,125.935,124.985,125.91,588494,337426.35,126.30682407970372,126.80419500000025,128.54938978841656,125.05900021158394,126.63217249999931,125.67299999999928,46.305969727825115,21.460385827005172,19.880722831844242
2021-03-18T19:30:00Z,125.92,126.1,124.82,124.91,582270,330768.45,126.23868631971817,126.72169500000027,128.65150031388643,124.7918896861141,126.53954749999932,125.57899999999927,40.15455298220154,18.179643241447216,20.11442732097437
2021-03-19T13:30:00Z,124.51,125.71,123.77,124.18,1520018,390470.75,126.13826259680509,126.57269500000027,128.78379540240317,124.36159459759735,126.4230474999993,125.20699999999927,36.35755488946581,14.383060418679817,18.0076964957106
2021-03-19T14:30:00Z,124.26,124.7,123.15,123.405,801630,410754.8,126.00493271403411,126.36244500000025,128.91270042436776,123.81218957563274,126.27242249999931,124.80199999999927,32.81039645075633,5.898566151306663,12.820423270477766
2021-03-19T15:30:00Z,123.41,124.01,123.2,123.44,320496,410942.9,125.87981404505683,126.09994500000028,128.7177326593613,123.48215734063925,126.11292249999933,124.36899999999928,33.12770601706846,6.946007971977349,9.075878180654476
2021-03-19T16:30:00Z,123.46,124.07,123.13,123.255,469957,417235.45,125.75177433554187,125.87869500000029,128.66732076002592,123.09006923997465,126.03029749999932,123.83799999999925,32.26046448027505,4.582400770405438,5.808991631229684
2021-03-19T17:30:00Z,123.265,123.765,122.96,123.695,481574,426392.5,125.65144388014959,125.68094500000029,128.49984795496115,122.86204204503943,125.97292249999933,123.59499999999927,36.517142541537524,7.678918126810316,6.402442289730902
2021-03-19T18:30:00Z,123.69,124.025,123.29,123.5,463939,429731.55,125.54649539819107,125.46694500000028,128.26571753622014,122.66817246378042,125.91717249999934,123.45899999999926,35.453836107769305,9.711833448996785,7.324384115404047
2021-03-19T19:30:00Z,123.51,124.63,123.37,124.18,987268,455251.2,125.47983708608419,125.32350000000028,128.07696163939087,122.5700383606097,125.86172249999933,123.61399999999927,41.81625568449636,20.219158472893167,12.536636682899958
2021-03-22T13:30:00Z,124.66,126.45,124.64,125.66,730676,474275.75,125.48862552090935,125.25400000000027,127.89761797535279,122.61038202464776,125.83347249999933,124.05799999999927,52.73615031721432,41.16522685573741,23.69873959254232
2021-03-22T14:30:00Z,125.69,126.7,125.43,126.115,379959,482785.4,125.51918037354793,125.21175000000028,127.77060770405576,122.6528922959448,125.82109749999934,124.62999999999927,55.50117906030676,65.266799302898,42.217061543842725
2021-03-22T15:30:00Z,126.13,126.67,125.92,126.5596,344337,491938.05,125.56993255044803,125.20923000000028,127.76266820367923,122.65579179632132,125.81733749999933,125.20291999999927,58.081753605218566,85.98939164100125,64.14047259987875
2021-03-22T16:30:00Z,126.57,126.93,126.2,126.34,276288,496405.95,125.60749681627983,125.2017300000003,127.74091795286625,122.66254204713434,125.81708749999932,125.77091999999928,56.343709076422336,88.58093903922916,79.945709994376
2021-03-22T17:30:00Z,126.31,126.47,125.87,125.88,213657,486073.3,125.62078965451009,125.13173000000029,127.50997394459056,122.75348605541002,125.78533749999933,126.11091999999925,52.78078011787101,84.97872187574364,86.5163508519912
2021-03-22T18:30:00Z,125.88,127.1,125.88,126.39,523603,493850.9,125.65831211038764,125.0862300000003,127.32768778010298,122.84477221989762,125.79858749999934,126.25691999999927,56.095648750047026,80.51347262277066,84.69104451258102
2021-03-22T19:30:00Z,126.375,126.375,126.03,126.12,499876,500951.15,125.68083347085654,125.09973000000029,127.36257580561413,122.83688419438646,125.83133749999934,126.25791999999929,53.93685378940728,77.57679374698336,81.02299608183243
2021-03-23T13:30:00Z,126.94,127.33,125.72,125.72,354548,505367.85,125.68274403325378,125.1167300000003,127.39281256879684,122.84064743120376,125.86133749999935,126.08999999999928,50.816743391449485,74.11221289939847,77.4008264230507
2021-03-23T14:30:00Z,125.735,126.36,125.29,126.31,300722,509084.85,125.71334188529019,125.1302300000003,127.43112461296654,122.82933538703405,125.91033749999933,126.08399999999926,54.955787488511014,72.04847868463449,74.57916177700531
2021-03-23T15:30:00Z,126.3,126.39,125.61,125.99,196117,510282.1,125.7268374030809,125.15823000000032,127.48650156920233,122.8299584307983,125.94608749999934,126.10599999999927,52.381012336442716,69.71777269260117,71.95948809221125
2021-03-23T16:30:00Z,125.99,126.58,125.74,125.97,173491,510446,125.73869899317452,125.17648000000031,127.52411490985678,122.82884509014384,125.98383749999934,126.02199999999925,52.21634893724694,71.62471395881018,71.13032177868182
2021-03-23T17:30:00Z,125.95,126.18,125.81,126.02,154875,488765.05,125.75242099350747,125.18198000000032,127.53696695324446,122.82699304675619,125.99308749999935,126.00199999999924,52.61736987199104,68.596453466857,69.97964670608933
2021-03-23T18:30:00Z,126.01,126.34,124.97,125.19,318677,475585.4,125.72498582309247,125.1959800000003,127.54765978049383,122.84430021950678,125.95883749999935,125.89599999999925,45.75300844810888,60.80419064026923,67.00845268864533
2021-03-23T19:30:00Z,125.17,125.27,124.22,124.36,807839,439976.45,125.65840114879528,125.20498000000029,127.54237239966163,122.86758760033895,125.88883749999937,125.50599999999926,40.11685773226728,39.34515370079345,56.248599269306425
2021-03-24T13:30:00Z,124.79,125.2771,123.48,123.535,486030,424196.45,125.5548206049516,125.21148000000031,127.52945654646746,122.89350345353316,125.78696249999936,125.01499999999926,35.44320472908366,17.29659170173638,39.148645347599555
2021-03-24T14:30:00Z,123.535,125.3,123.3,124.5144,342826,425312.95,125.50406838031982,125.2652000000003,127.4631599049029,123.06724009509772,125.68257249999935,124.72387999999926,43.81201712709464,12.021391394278018,22.887712265602488
2021-03-24T15:30:00Z,124.53,124.64,124.05,124.315,142429,408936.55,125.44606504469446,125.31820000000032,127.3656830752757,123.27071692472494,125.59844749999938,124.38287999999925,42.60115964872443,18.91622356138484,16.07806888579962
2021-03-24T16:30:00Z,124.28,124.46,123.61,123.69,222128,395964.25,125.36040333519718,125.31795000000031,127.3662268595946,123.26967314040601,125.49944749999936,124.08287999999925,38.96598726351131,21.665839536807336,17.53448483082327
2021-03-24T17:30:00Z,123.73,124.32,123.43,123.95,210283,383281.45,125.29160317250464,125.34045000000033,127.31698284655914,123.36391715344152,125.40369749999938,124.00087999999926,41.21328590452956,16.99751861042196,19.193193902871254
2021-03-24T18:30:00Z,123.95,124.07,123.45,123.52,224373,345136.7,125.2051835055532,125.30745000000032,127.38008235851136,123.23481764148927,125.31547499999938,123.99787999999926,38.67687269040976,10.421836228287951,16.361731458505623
2021-03-24T19:30:00Z,123.52,123.53,122.31,122.32,662069,341706.35,125.06444284674572,125.1404500000003,127.57855625149362,122.70234374850698,125.19722499999936,123.55899999999924,32.63978448062076,7.262430839091983,11.560595225933838
2021-03-25T13:30:00Z,124.21,124.28,122.08,122.165,675286,356472.7,124.9230066103191,124.9429500000003,127.65754906681832,122.22835093318227,125.07734999999938,123.12899999999925,31.94615131500342,2.5157163827001208,6.733327816693225
2021-03-25T14:30:00Z,122.1548,122.31,121.4,121.86,400227,359267.2,124.77359165371817,124.7079700000003,127.62796835410514,121.78797164589547,124.9585999999994,122.76299999999924,30.569500685515763,3.6561336521496224,4.478093624647115
2021-03-25T15:30:00Z,121.8,122.17,121.15,121.77,351449,363025.25,124.62707498768314,124.47947000000029,127.56348857127696,121.39545142872362,124.84059999999938,122.32699999999925,30.1565349814433,7.395748550444722,4.522532861764695
2021-03-25T16:30:00Z,121.76,122.31,121.67,122.03,258586,365271.7,124.50038840291812,124.2869700000003,127.47611241575726,121.09782758424333,124.70934999999938,122.02899999999924,32.973538909122595,12.418013590050718,7.823298597548227
2021-03-25T17:30:00Z,122.04,122.69,121.915,122.2,260699,352126.5,124.38817433448308,124.07747000000029,127.23683861856433,120.91810138143624,124.58184999999938,122.00499999999924,34.82453735807867,16.20164858755857,12.005136909351208
2021-03-25T18:30:00Z,122.23,123.41,122.23,123.25,315676,342916.5,124.33265363524,123.9339700000003,126.96741632851301,120.90052367148759,124.51684999999938,122.22199999999926,44.93872663754053,29.26310250636459,19.29425489465783
2021-03-25T19:30:00Z,123.25,124.12,123.23,123.48,657626,358070.4,124.2910607749844,123.82197000000028,126.74683884287175,120.8971011571288,124.46934999999937,122.54599999999925,46.883200344288475,42.32606727487994,29.263606122934238
2021-03-26T13:30:00Z,124.23,124.7199,122.94,123.06,381350,362101.8,124.23100902986322,123.65947000000028,126.3663674395041,120.95257256049646,124.39484999999938,122.80399999999926,43.83867639235938,50.92369477911655,40.83762152012023
2021-03-26T14:30:00Z,123.08,123.54,123.03,123.04,194256,362008.75,124.17291102840647,123.51197000000029,126.0081156984697,121.01582430153088,124.33509999999937,123.00599999999926,43.69317032881849,51.70377805234792,48.31784670211468
2021-03-26T15:30:00Z,123.04,123.78,122.92,123.48,279805,367324.45,124.13911049043543,123.38747000000028,125.61470246833352,121.16023753166704,124.28197499999938,123.26199999999926,47.79820175751883,54.744896839944055,52.45745655713605
2021-03-26T16:30:00Z,123.46,123.93,123.32,123.8,214596,370310.5,124.12256851529223,123.27647000000029,125.16307378139912,121.38986621860145,124.22922499999939,123.37199999999928,50.617926516960004,64.14745511078758,56.865376667693056
2021-03-26T17:30:00Z,123.81,123.83,121.64,121.67,303810,369567.15,124.0029310267414,123.10047000000029,124.89468280454065,121.30625719545992,124.14822499999939,123.00999999999927,36.48927303912578,51.35531340747181,56.749221786067686
2021-03-26T18:30:00Z,121.61,122.265,121.0238,122.21,805599,369455.15,123.91547097665645,122.99297000000028,124.72913784556954,121.25680215443103,124.09897499999938,122.83999999999926,40.98651760409286,40.29709768855034,51.93328873560311
2021-03-26T19:30:00Z,122.21,123.04,122.14,122.99,549313,372619.3,123.87032605096589,122.96572000000029,124.68401886747922,121.24742113252135,124.08859999999939,122.82999999999927,46.841889496537206,33.28537817111334,41.6459297557117
2021-03-29T13:30:00Z,122.56,122.855,121.9,122.72,497405,380348.25,123.8142125850651,122.87600000000027,124.44212451599356,121.309875484007,124.07059999999937,122.67799999999927,45.17111478221518,43.7271718838777,39.10321591451366
2021-03-29T14:30:00Z,122.67,124.59,122.65,124.54,396240,393038.8,123.84961684920827,122.8872500000003,124.49718004493442,121.27731995506616,124.1027249999994,122.82599999999927,56.44789150051516,64.74031186024929,47.25095397174665
2021-03-29T15:30:00Z,124.59,124.67,123.97,124.22,262060,395035.4,123.86768431997861,122.91375000000028,124.59167394035036,121.2358260596502,124.11584999999941,123.33599999999929,54.33199466697146,75.83308532417077,61.43352302276579
2021-03-29T16:30:00Z,124.22,124.655,124,124.01,207540,394898.25,123.87462654827233,122.91675000000028,124.60227150671557,121.23122849328499,124.12859999999941,123.69599999999927,52.929822941856045,87.46696968877136,76.01345562439701
2021-03-29T17:30:00Z,124.01,124.45,123.375,123.48,158100,391584.6,123.85537647274685,122.91475000000028,124.59749619286269,121.23200380713787,124.1110999999994,123.79399999999927,49.46049560709896,77.907343776774,80.40246626323858
2021-03-29T18:30:00Z,123.45,123.765,123.105,123.4,234230,370192.65,123.8331629862714,122.9687500000003,124.64096970733074,121.29653029266986,124.05459999999941,123.9299999999993,48.93906169114529,70.5121614674931,78.62882497767936
2021-03-29T19:30:00Z,123.38,123.53,123.165,123.53,396043,356230.5,123.8183745479167,123.03700000000029,124.68365843440154,121.39034156559904,123.98997499999942,123.7279999999993,49.86403298901859,66.18327426206031,71.53425983544234
2021-03-30T13:30:00Z,123.53,123.72,122.2818,123.65,576147,365026.5,123.81016115533541,123.12650000000028,124.7005174711856,121.55248252881495,123.91723499999941,123.61399999999928,50.75090369160055,68.04055454497114,68.24533009150805
2021-03-30T14:30:00Z,123.63,124.435,123.34,124.35,353981,365153.1,123.83649475751417,123.25550000000028,124.78597018905586,121.7250298109447,123.86748499999942,123.68199999999929,55.67637365355462,77.01867243637146,70.41416708113417
2021-03-30T15:30:00Z,124.35,124.78,124.16,124.51,319584,368203,123.86934867178178,123.37950000000028,124.89449801966397,121.86450198033658,123.83323499999942,123.88799999999928,56.741323758014204,85.35376489874102,76.80433062669441
2021-03-30T16:30:00Z,124.52,125.11,124.52,124.84,401924,375264.25,123.91669751706071,123.51150000000027,125.05224365148896,121.97075634851157,123.79448499999941,124.17599999999928,58.93294823250182,92.47600601543473,84.94948111684893
2021-03-30T17:30:00Z,124.85,125.04,124.5601,124.69,208234,369892.15,123.95441958939921,123.58350000000027,125.20129201370162,121.96570798629892,123.7587349999994,124.40799999999929,57.50676971067643,91.97525996736165,89.93501029384568
2021-03-30T18:30:00Z,124.67,125.385,124.67,125.18,462976,360159.65,124.01420399967242,123.66850000000026,125.42803715493683,121.9089628450637,123.74523499999941,124.71399999999929,60.840584216905924,92.41051420323414,92.28726006201005
2021-03-30T19:30:00Z,125.2,125.3,124.11,124.65,591661,370675.2,124.0452184387128,123.74800000000027,125.5338622566125,121.96213774338806,123.70373499999941,124.77399999999929,55.74609541699186,87.58292044134235,90.65623153731258
2021-03-31T13:30:00Z,124.15,125.75,124.15,125.18,563917,389158.25,124.10057363682436,123.85500000000027,125.71332720466158,121.99667279533897,123.68348499999942,124.90799999999929,59.40664942582662,85.53074044531307,88.50805836329637
2021-03-31T14:30:00Z,125.205,125.715,125.12,125.34,284015,389368.75,124.16103345941829,123.94800000000028,125.90547388222241,121.99052611777815,123.66773499999942,125.00799999999929,60.469700486549705,83.55096000883192,85.55487363182897
2021-03-31T15:30:00Z,125.325,125.49,124.8,124.84,238484,390563.15,124.19415377847106,124.00000000000026,125.99390069953472,122.00609930046579,123.63823499999944,125.03799999999929,55.57202347435484,81.83495761490128,83.63888602301527
2021-03-31T16:30:00Z,124.83,125.05,124.6,124.76,175242,384134.75,124.22175603317979,124.15450000000025,125.86034260692666,122.44865739307384,123.62748499999944,124.9539999999993,54.80714199444939,77.79828152932373,81.06139971768549
2021-03-31T17:30:00Z,124.74,124.93,124.36,124.92,203304,354020,124.25581671448809,124.29000000000028,125.77237647026308,122.80762352973747,123.64148499999942,125.00799999999929,56.10831448495348,73.76160544374618,77.79828152932357
2021-03-31T18:30:00Z,124.95,125.58,124.74,125.49,365683,344838.5,124.31602077719599,124.41500000000028,125.85893213122343,122.97106786877713,123.69035999999942,125.06999999999928,60.47431721564724,80.00884224285419,77.18957640530789
2021-03-31T19:30:00Z,125.48,125.93,125.22,125.28,633333,351634.9,124.36304415391814,124.54300000000028,125.80571295217405,123.2802870478265,123.70949999999941,125.05799999999927,58.17821479024475,83.58486256236581,79.11843674965525
2021-04-01T13:30:00Z,125.87,126.725,124.85,126.55,518484,357747.1,124.46972492689774,124.64350000000029,126.17961555541167,123.1073844445889,123.76537499999941,125.39999999999927,66.46961584395507,89.83881437796289,84.47750639439415
2021-04-01T14:30:00Z,126.55,127.47,126.32,126.89,511271,370207.65,124.58778712558565,124.7770000000003,126.58305758478456,122.97094241521604,123.84537499999942,125.82599999999927,68.28255579401207,86.58374084363795,86.66913926132207
2021-04-01T15:30:00Z,126.895,127.18,126.57,127.16,276511,373656.2,124.71326092433758,124.9345000000003,126.97917576880889,122.88982423119171,123.9256249999994,126.27399999999928,69.68434088163652,89.4473459004479,88.6233003740161
2021-04-01T16:30:00Z,127.165,127.47,126.76,126.8902,240070,377754.7,124.81945307436989,125.1050100000003,127.20411523965562,123.00590476034499,124.00987999999941,126.55403999999928,66.52059049453916,85.41865079365078,87.14991251257874
2021-04-01T17:30:00Z,126.87,127.45,126.72,127.41,216980,376892.2,124.94582121708355,125.3055100000003,127.4795904417407,123.1314295582599,124.13712999999942,126.98003999999928,69.40281314391908,90.57738095238092,88.48112588215973
2021-04-01T18:30:00Z,127.4,127.62,126.9929,127.13,339208,374050.45,125.05236652356727,125.48551000000032,127.63778585758608,123.33323414241455,124.2612549999994,127.09603999999926,66.10163921828286,88.99940645773971,88.33181273459032
2021-04-01T19:30:00Z,127.14,127.66,127.13,127.65,644740,377480.1,125.17908035168594,125.68551000000029,127.86162474126922,123.50939525873136,124.4060049999994,127.24803999999926,69.04629148318617,94.65642382309055,91.41107041107027
2021-04-05T13:30:00Z,128.7,129.54,128.23,129.4504,496948,384628.45,125.38743740770126,125.94053000000031,128.5774783339538,123.30358166604682,124.59801499999939,127.70611999999929,76.61923054496384,94.67508534175215,92.77697187419399
2021-04-05T14:30:00Z,129.43,130.28,129.43,130.05,663097,401804.1,125.61487948537436,126.21753000000031,129.31831152018842,123.11674847981222,124.79851499999941,128.33807999999925,78.50531111179333,98.03341161674523,95.78830692719585
2021-04-05T15:30:00Z,130.045,130.96,129.98,130.73,347780,399096.9,125.86439755925853,126.51203000000032,130.11215282511893,122.91190717488172,125.0117649999994,129.00207999999927,80.43308369745633,96.96676221676232,96.55841972508644
2021-04-05T16:30:00Z,130.75,131.25,130.57,130.62,215498,399460.1,126.09637816612397,126.80853000000032,130.72265317076787,122.89440682923276,125.19601499999939,129.70007999999928,79.19572719983401,94.49544329261317,96.49853904204012
2021-04-05T17:30:00Z,130.62,131.15,130.54,131.1,322224,392422.5,126.34045727997157,127.10453000000032,131.36162022172772,122.84743977827294,125.38651499999939,130.39007999999927,80.59832328776548,95.0224391825122,95.49488156396244
2021-04-05T18:30:00Z,131.13,131.56,130.92,131.085,381712,381925.05,126.57189838826564,127.42628000000032,131.86166157162884,122.99089842837178,125.58713999999941,130.71699999999927,80.41586796303872,93.82439314840072,94.4474252078419
2021-04-05T19:30:00Z,131.055,131.66,130.98,131.39,576165,382537.45,126.80692773517951,127.73678000000032,132.36495773707156,123.1086022629291,125.79588999999939,130.98499999999927,81.34081419620148,95.55070274604263,94.79917835898505
2021-04-06T13:30:00Z,130.37,131.92,130.37,131.6,518793,394276.35,127.04073613834149,128.04978000000034,132.83142574659226,123.26813425340843,125.99888999999939,131.15899999999925,81.9721497399235,94.41398999642672,94.59636196362322
2021-04-06T14:30:00Z,131.55,131.99,131.02,131.83,298427,397273.5,127.27435876573946,128.39928000000032,133.21311528653996,123.58544471346069,126.1996399999994,131.40099999999927,82.66399627070689,95.78964235205608,95.25144503150834
2021-04-06T15:30:00Z,131.81,131.87,131.11,131.19,243226,400672.7,127.46536565521559,128.72078000000033,133.3757035230988,124.06585647690186,126.43763999999939,131.41899999999927,74.1380286220552,92.0511397035901,94.0849240173575
2021-04-06T16:30:00Z,131.18,131.46,131,131.405,153743,398194.65,127.65754294032703,129.04503000000034,133.49470217173334,124.59535782826735,126.66751499999938,131.48299999999927,75.06832619734186,90.25571185503127,92.69883130355902
2021-04-06T17:30:00Z,131.4,131.59,131.37,131.41,166035,388212.25,127.84058962616474,129.34103000000033,133.58839240458752,125.09366759541315,126.8780149999994,131.48699999999928,75.09076692041957,87.37081106029467,89.8925542063052
2021-04-06T18:30:00Z,131.4,131.62,131.09,131.47,233848,368238,128.01763403464452,129.65053000000034,133.55757954100804,125.74348045899264,127.0967649999994,131.46099999999927,75.3771775769752,88.86437011938892,88.83029767823815
2021-04-06T19:30:00Z,131.48,131.51,131.21,131.47,384693,361548.45,128.18604213051552,129.89653000000038,133.6063021056488,126.18675789435194,127.2700149999994,131.38899999999927,75.37717757697521,87.95463079469539,88.0632706581262
2021-04-07T13:30:00Z,130.91,131.1,129.87,130,386124,355291.1,128.27452788024647,130.05203000000034,133.49586285829855,126.60819714170214,127.41451499999941,131.15099999999924,56.815052979864255,65.91208309619691,80.91036133676027
2021-04-07T14:30:00Z,130,130.03,129.29,129.495,403558,361643.45,128.3340631056003,130.16878000000037,133.36170209204428,126.97585790795645,127.55163999999941,130.76899999999927,52.071070817383614,38.676143452850056,64.18095244791398
2021-04-07T15:30:00Z,129.52,129.85,129.455,129.55,253050,362292.45,128.39337710044907,130.30177000000035,133.13915726646357,127.46438273353712,127.7033899999994,130.39699999999925,52.53590793960561,13.162615740741069,39.250280763262545
2021-04-07T16:30:00Z,129.535,129.73,129.09,129.3668,138170,358351.95,128.4408611443296,130.39961000000037,132.95202902341074,127.84719097658999,127.8525599999994,129.97635999999926,50.769647707857395,8.922349936143556,20.25370304324475
2021-04-07T17:30:00Z,129.34,129.95,129.34,129.88,136879,348235.5,128.51106303972816,130.53711000000038,132.62400886459594,128.45021113540483,128.0113099999994,129.65835999999928,55.30303047067081,15.471945508727387,12.518970395203864
2021-04-07T18:30:00Z,129.87,130.05,129.65,129.74,176155,324806.25,128.57101118413166,130.64161000000038,132.3063808283874,128.97683917161336,128.16355999999942,129.60635999999926,53.84632554326985,19.733333333333434,14.709209592734652
2021-04-07T19:30:00Z,129.74,130.14,129.61,130.11,368748,318396.25,128.64608380929596,130.67459000000036,132.2682765360152,129.08090346398552,128.3075599999994,129.72935999999928,57.06510648282821,28.27586206896562,21.16038030367534
2021-04-08T13:30:00Z,130.88,130.9063,129.75,130.02,354256,302954.2,128.71310411128152,130.6730900000004,132.2691798643339,129.0770001356669,128.4453099999994,129.82335999999927,56.04129783966607,29.885057471264634,25.96475095785442
2021-04-08T14:30:00Z,130,130.37,129.73,130.31,250290,298079.7,128.7910014717068,130.65209000000038,132.25566661963828,129.0485133803625,128.58205999999942,130.01199999999926,58.61764025341638,37.042090465558786,31.734336668596203
2021-04-08T15:30:00Z,130.31,130.54,130.13,130.39,198945,297252.05,128.86900139991624,130.6405900000004,132.24821596863947,129.03296403136133,128.7245599999994,130.11399999999927,59.32583714640209,42.445752271019366,36.45763340261412
2021-04-08T16:30:00Z,130.365,130.49,130.06,130.2,128701,287575.9,128.93392816089593,130.5955900000004,132.19963914358283,128.991540856418,128.85005999999942,130.20599999999928,56.837978583626324,46.380603027459074,41.95614858801227
2021-04-08T17:30:00Z,130.2,130.42,130.19,130.29,104564,273718.5,129.00007800670588,130.5558400000004,132.1487700126041,128.96290998739667,128.9910599999994,130.24199999999922,57.741970700192006,47.56258234519051,45.46297921455618
2021-04-08T18:30:00Z,130.28,130.28,129.61,129.84,146775,252249,129.0410498112568,130.4783400000004,132.05210040903637,128.90457959096443,129.1075599999994,130.20599999999922,51.890011108461,40.765361121092106,44.90284883124709
2021-04-08T19:30:00Z,129.84,130.275,129.7701,130.11,319212,242269.95,129.0931937229028,130.4038400000004,131.89716898755265,128.91051101244815,129.2268099999994,130.16599999999923,54.8468886061577,43.05627807781094,43.79474051469771
2021-04-09T13:30:00Z,130.53,130.53,128.6,128.63,272425,240969.85,129.07059890715146,130.2438400000004,131.77685880779393,128.71082119220688,129.3215599999994,129.81399999999923,40.24540432869247,27.679596333580367,37.16707851082766
2021-04-09T14:30:00Z,128.68,128.95,128.31,128.46,175961,237606.6,129.0408135946075,130.1073400000004,131.7605160175689,128.45416398243188,129.4140599999994,129.46599999999924,38.962301387993044,19.274835330716503,30.003569914035793
2021-04-09T15:30:00Z,128.46,128.98,128.4,128.62,122885,236063.7,129.0202861021876,129.9680900000004,131.62973991952302,128.30644008047776,129.5065599999994,129.13199999999924,40.87297701247917,6.339435298178614,17.764622320825023
2021-04-09T16:30:00Z,128.61,128.625,128.18,128.265,96608,232592.35,128.98344287769066,129.81084000000038,131.49204564627192,128.12963435372885,129.57593499999942,128.81699999999924,38.02856926523783,6.945099920698489,10.853123516531062
2021-04-09T17:30:00Z,128.27,128.5641,128.27,128.51,108828,226341.35,128.96034810316917,129.6628400000004,131.25240314283818,128.0732768571626,129.6566849999994,128.49699999999922,41.076242693643046,9.054054813322212,7.446196677399631
2021-04-09T18:30:00Z,128.51,128.92,128.455,128.85,190316,216622.5,128.95496526886822,129.5318400000004,130.9236170313759,128.14006296862487,129.71418499999942,128.54099999999923,45.11050088546826,13.265842594969547,9.754999109663276
2021-04-09T19:30:00Z,128.86,129.23,128.8,129.04,340135,214323.05,128.9591133045332,129.48384000000038,130.87393850911994,128.09374149088083,129.76793499999943,128.65699999999924,47.28263347636055,22.741444448519673,15.020447285603671
2021-04-12T13:30:00Z,128.49,130.3,128.23,130.13,302770,209283.65,129.0162297287023,129.51559000000037,130.93397684958967,128.09720315041108,129.8421849999994,128.9589999999992,57.63925746106348,46.24904492771901,27.418777323735938
2021-04-12T14:30:00Z,130.09,130.23,129.79,130,131295,203195.9,129.06421852242414,129.53809000000038,130.97213674089383,128.10404325910693,129.9199299999994,129.30599999999922,56.22065107651502,63.76344898230278,44.25131278618036
2021-04-12T15:30:00Z,130.04,130.27,129.89,130.175,114597,202017.25,129.1184029847449,129.57850000000036,131.03631377393907,128.12068622606165,129.9890549999994,129.63899999999924,57.72887799584546,81.54645991104728,63.85298460702288
2021-04-12T16:30:00Z,130.165,130.44,129.88,130.06,171790,203762.8,129.16433454646466,129.58750000000038,131.05483942885596,128.1201605711448,130.0623049999994,129.88099999999923,56.35491923959727,80.670753696358,75.32688752990255
2021-04-12T17:30:00Z,130.04,130.27,130.01,130.225,128084,201359.25,129.2160743246859,129.61175000000037,131.10418517429517,128.11931482570557,130.12667999999945,130.11799999999923,57.903030602640655,83.97163120567386,82.06294827102624
2021-04-12T18:30:00Z,130.22,130.54,130.19,130.41,193599,192601.8,129.2743146015305,129.62675000000036,131.14472653126938,128.10877346873133,130.15066999999945,130.17399999999924,59.63195911894186,87.17093400649117,83.93777296950753
2021-04-12T19:30:00Z,130.41,131,130.32,130.76,434085,196593.25,129.34678705999244,129.66375000000036,131.25268006438023,128.0748199356205,130.16841999999946,130.32599999999923,62.749017502828636,91.00072124053361,87.38109548423274