Datetime,Open,High,Low,Close,Volume
1983-10-24,7401.0,7401.0,7287.0,7287.0,426.0
1983-10-25,7060.0,7174.0,7060.0,7151.0,45.0
1983-10-26,7401.0,7401.0,7038.0,7378.0,607.0
1983-10-27,7424.0,7424.0,7174.0,7174.0,908.0
1983-10-28,7287.0,7605.0,7287.0,7401.0,1907.0
1983-10-29,7446.0,7719.0,7446.0,7719.0,620.0
1983-10-31,7742.0,8150.0,7696.0,8128.0,1577.0
1983-11-01,7969.0,8059.0,7764.0,7764.0,2136.0
1983-11-02,7605.0,7969.0,7515.0,7583.0,1306.0
1983-11-03,7583.0,7810.0,7537.0,7560.0,552.0
1983-11-04,7560.0,7673.0,7560.0,7605.0,494.0
1983-11-05,7515.0,7515.0,7378.0,7492.0,360.0
1983-11-07,7787.0,7810.0,7537.0,7560.0,572.0
1983-11-08,7673.0,7719.0,7515.0,7515.0,795.0
1983-11-09,7719.0,7719.0,7719.0,7719.0,123.0
1983-11-10,7719.0,7719.0,7696.0,7719.0,471.0
1983-11-11,7832.0,7923.0,7719.0,7719.0,737.0
1983-11-12,7719.0,7719.0,7492.0,7719.0,236.0
1983-11-14,7605.0,7605.0,7583.0,7583.0,84.0
1983-11-15,7605.0,7696.0,7515.0,7696.0,335.0
1983-11-16,7855.0,7946.0,7742.0,7832.0,1497.0
1983-11-17,7787.0,7787.0,7605.0,7651.0,486.0
1983-11-18,7605.0,7605.0,7605.0,7605.0,541.0
1983-11-19,7605.0,7605.0,7605.0,7605.0,292.0
1983-11-21,7424.0,7424.0,7424.0,7424.0,28.0
1983-11-22,7560.0,7560.0,7560.0,7560.0,41.0
1983-11-23,7492.0,7515.0,7333.0,7333.0,391.0
1983-11-24,7333.0,7333.0,7265.0,7287.0,451.0
1983-11-25,7560.0,7560.0,7560.0,7560.0,123.0
1983-11-26,7560.0,7560.0,7492.0,7492.0,185.0
1983-11-28,7492.0,7492.0,7446.0,7446.0,537.0
1983-11-29,7446.0,7446.0,7401.0,7401.0,154.0
1983-11-30,7310.0,7401.0,7310.0,7401.0,53.0
1983-12-01,7424.0,7446.0,7287.0,7287.0,692.0
1983-12-02,7333.0,7356.0,7333.0,7333.0,906.0
1983-12-03,7265.0,7265.0,7083.0,7265.0,150.0
1983-12-05,7265.0,7401.0,7174.0,7265.0,2694.0
1983-12-06,7333.0,7378.0,7265.0,7265.0,1837.0
1983-12-07,7083.0,7265.0,7083.0,7265.0,1172.0
1983-12-08,7265.0,7492.0,7265.0,7492.0,2890.0
1983-12-09,7628.0,7719.0,7537.0,7537.0,2043.0
1983-12-10,7492.0,7651.0,7492.0,7651.0,1650.0
1983-12-12,7696.0,7832.0,7696.0,7764.0,2830.0
1983-12-13,7719.0,7900.0,7719.0,7900.0,1240.0
1983-12-14,7878.0,7878.0,7719.0,7719.0,2478.0
1983-12-15,7719.0,7719.0,7583.0,7673.0,1153.0
1983-12-16,7605.0,7719.0,7560.0,7560.0,414.0
1983-12-17,7605.0,7605.0,7492.0,7560.0,601.0
1983-12-19,7515.0,7560.0,7492.0,7492.0,776.0
1983-12-20,7446.0,7446.0,7378.0,7378.0,834.0
1983-12-21,7356.0,7356.0,7310.0,7333.0,646.0
1983-12-22,7378.0,7492.0,7378.0,7492.0,354.0
1983-12-23,7537.0,7605.0,7492.0,7560.0,1001.0
1983-12-24,7696.0,7696.0,7583.0,7605.0,376.0
1984-01-04,7469.0,7469.0,7469.0,7469.0,823.0
1984-01-05,7378.0,7378.0,7378.0,7378.0,16.0
1984-01-06,7219.0,7219.0,7219.0,7219.0,0.0
1984-01-07,7219.0,7219.0,7219.0,7219.0,41.0
1984-01-09,7151.0,7151.0,7151.0,7151.0,0.0
1984-01-10,7038.0,7038.0,6856.0,6856.0,105.0
1984-01-11,6856.0,7537.0,6811.0,7356.0,3230.0
1984-01-12,7605.0,7719.0,7492.0,7492.0,1343.0
1984-01-13,7378.0,7651.0,7378.0,7401.0,2224.0
1984-01-14,7287.0,7333.0,7287.0,7287.0,67.0
1984-01-16,7310.0,7628.0,7310.0,7492.0,749.0
1984-01-17,7605.0,7628.0,7446.0,7446.0,432.0
1984-01-18,7174.0,7378.0,7151.0,7378.0,1058.0
1984-01-19,7265.0,7265.0,7265.0,7265.0,288.0
1984-01-20,7242.0,7265.0,7106.0,7106.0,1077.0
1984-01-21,7106.0,7106.0,7038.0,7038.0,366.0
1984-01-23,7083.0,7083.0,6856.0,7038.0,554.0
1984-01-24,7038.0,7378.0,7038.0,7197.0,1017.0
1984-01-25,7151.0,7151.0,7038.0,7038.0,102.0
1984-01-26,6970.0,7151.0,6879.0,7151.0,395.0
1984-01-27,7265.0,7378.0,7151.0,7151.0,2121.0
1984-01-28,7151.0,7151.0,7038.0,7038.0,82.0
1984-01-30,7265.0,7265.0,6992.0,7151.0,1050.0
1984-01-31,7129.0,7129.0,6970.0,7038.0,1184.0
1984-02-01,7060.0,7719.0,7060.0,7719.0,4167.0
1984-02-02,8059.0,8400.0,7969.0,8400.0,6550.0
1984-02-03,8741.0,8831.0,7787.0,7946.0,4245.0
1984-02-04,7946.0,8286.0,7946.0,8286.0,3172.0
1984-02-06,8423.0,8741.0,8423.0,8513.0,8316.0
1984-02-07,8627.0,9195.0,8627.0,8922.0,11865.0
1984-02-08,8741.0,9535.0,8695.0,9217.0,10619.0
1984-02-09,8831.0,8968.0,8672.0,8741.0,1940.0
1984-02-10,8400.0,8854.0,8400.0,8854.0,3089.0
1984-02-11,8854.0,9195.0,8854.0,9195.0,2665.0
1984-02-13,9422.0,9581.0,9013.0,9081.0,3810.0
1984-02-14,9058.0,9308.0,8854.0,8968.0,4225.0
1984-02-15,8763.0,9195.0,8741.0,9195.0,3534.0
1984-02-16,9354.0,9399.0,8854.0,9081.0,2187.0
1984-02-17,8945.0,9195.0,8854.0,8854.0,1631.0
1984-02-18,8763.0,8854.0,8627.0,8741.0,2476.0
1984-02-20,8763.0,8786.0,8377.0,8377.0,1406.0
1984-02-21,8445.0,8627.0,8286.0,8423.0,3178.0
1984-02-22,8582.0,8741.0,8445.0,8627.0,2381.0
1984-02-23,8854.0,8854.0,8513.0,8513.0,1147.0
1984-02-24,8513.0,8672.0,8400.0,8672.0,1882.0
1984-02-25,8809.0,8854.0,8672.0,8672.0,2092.0
1984-02-27,8741.0,8741.0,8513.0,8627.0,1392.0
1984-02-28,8582.0,8627.0,8400.0,8627.0,1186.0
1984-02-29,8582.0,8582.0,8196.0,8196.0,1071.0
1984-03-02,8332.0,8423.0,8332.0,8400.0,953.0
1984-03-03,8445.0,8445.0,8332.0,8400.0,838.0
1984-03-05,8423.0,8741.0,8423.0,8741.0,1168.0
1984-03-06,8741.0,8741.0,8445.0,8445.0,1299.0
1984-03-07,8718.0,8718.0,8400.0,8513.0,335.0
1984-03-08,8627.0,8741.0,8423.0,8491.0,778.0
1984-03-09,8468.0,8741.0,8468.0,8741.0,867.0
1984-03-12,8854.0,8922.0,8718.0,8741.0,1507.0
1984-03-13,8718.0,8718.0,8582.0,8582.0,234.0
1984-03-14,8627.0,8831.0,8627.0,8831.0,2301.0
1984-03-15,8968.0,9058.0,8741.0,9058.0,4418.0
1984-03-16,9058.0,9104.0,8809.0,9058.0,4171.0
1984-03-17,8968.0,8968.0,8786.0,8786.0,914.0
1984-03-19,8809.0,8990.0,8786.0,8854.0,2519.0
1984-03-20,8899.0,8945.0,8831.0,8854.0,939.0
1984-03-21,8741.0,9149.0,8741.0,9149.0,8025.0
1984-03-22,9217.0,9240.0,8990.0,9217.0,9261.0
1984-03-23,9263.0,9422.0,9104.0,9376.0,6896.0
1984-03-24,9354.0,9717.0,9354.0,9694.0,7704.0
1984-03-26,9989.0,10103.0,9785.0,9944.0,7974.0
1984-03-27,9989.0,10012.0,9762.0,9876.0,4818.0
1984-03-28,9808.0,10443.0,9762.0,10352.0,11805.0
1984-03-29,10216.0,10398.0,10125.0,10125.0,9214.0
1984-03-30,9989.0,10080.0,9717.0,9717.0,3460.0
1984-03-31,9649.0,9944.0,9649.0,9944.0,1353.0
1984-04-02,10012.0,10239.0,9967.0,10012.0,3547.0
1984-04-03,10125.0,10216.0,9876.0,9967.0,6210.0
1984-04-04,9989.0,10012.0,9830.0,9830.0,4074.0
1984-04-06,9876.0,10148.0,9876.0,9876.0,2642.0
1984-04-07,9989.0,9989.0,9876.0,9876.0,3913.0
1984-04-09,9830.0,9921.0,9649.0,9649.0,2074.0
1984-04-10,9626.0,9649.0,9081.0,9195.0,4315.0
1984-04-11,9240.0,9422.0,9195.0,9308.0,2999.0
1984-04-12,9308.0,9444.0,9263.0,9422.0,2945.0
1984-04-13,9399.0,9535.0,9354.0,9399.0,1351.0
1984-04-14,9354.0,9399.0,9354.0,9376.0,776.0
1984-04-16,9376.0,9376.0,8922.0,8922.0,922.0
1984-04-17,8922.0,8922.0,8741.0,8854.0,1040.0
1984-04-18,8854.0,8877.0,8695.0,8695.0,391.0
1984-04-19,8854.0,8854.0,8627.0,8627.0,1371.0
1984-04-20,8627.0,8695.0,8536.0,8536.0,1322.0
1984-04-21,8536.0,8741.0,8536.0,8741.0,1623.0
1984-04-23,8854.0,8854.0,8650.0,8695.0,922.0
1984-04-24,8854.0,9081.0,8854.0,9081.0,1143.0
1984-04-25,8945.0,9308.0,8945.0,9081.0,451.0
1984-04-26,9013.0,9013.0,8627.0,8627.0,432.0
1984-04-27,8627.0,8650.0,8400.0,8513.0,1598.0
1984-04-28,8513.0,8854.0,8468.0,8741.0,475.0
1984-04-30,8877.0,9422.0,8877.0,9081.0,3207.0
1984-05-01,8945.0,8990.0,8809.0,8854.0,1746.0
1984-05-02,8854.0,8854.0,8741.0,8741.0,572.0
1984-05-03,8899.0,9104.0,8899.0,8922.0,1573.0
1984-05-04,8854.0,8877.0,8672.0,8854.0,1040.0
1984-05-07,8854.0,9036.0,8854.0,8899.0,473.0
1984-05-09,8877.0,8877.0,8627.0,8627.0,514.0
1984-05-10,8672.0,8741.0,8332.0,8513.0,191.0
1984-05-11,8536.0,8582.0,8400.0,8513.0,457.0
1984-05-12,8536.0,8741.0,8513.0,8741.0,391.0
1984-05-14,8627.0,8627.0,8627.0,8627.0,205.0
1984-05-15,8536.0,8536.0,8536.0,8536.0,0.0
1984-05-16,8695.0,8695.0,8218.0,8604.0,416.0
1984-05-17,8377.0,8377.0,8059.0,8059.0,504.0
1984-05-18,8082.0,8218.0,7515.0,7719.0,3349.0
1984-05-19,7832.0,8059.0,7832.0,8059.0,1161.0
1984-05-21,8128.0,8128.0,7742.0,7832.0,706.0
1984-05-22,7878.0,8513.0,7878.0,8513.0,541.0
1984-05-23,8627.0,8627.0,8173.0,8355.0,1635.0
1984-05-24,8400.0,9036.0,8286.0,8854.0,3001.0
1984-05-25,8491.0,8899.0,8286.0,8627.0,1610.0
1984-05-26,8400.0,8468.0,8400.0,8400.0,617.0
1984-05-28,8423.0,8423.0,8400.0,8400.0,659.0
1984-05-29,8173.0,8355.0,7969.0,8355.0,747.0
1984-05-30,8627.0,8877.0,8491.0,8582.0,2523.0
1984-05-31,8718.0,8718.0,8037.0,8604.0,1722.0
1984-06-01,8423.0,8741.0,8423.0,8695.0,3180.0
1984-06-02,8877.0,8922.0,8741.0,8809.0,2373.0
1984-06-04,8741.0,8922.0,8513.0,8741.0,2492.0
1984-06-05,8899.0,8899.0,8627.0,8627.0,751.0
1984-06-07,8513.0,8627.0,8218.0,8627.0,712.0
1984-06-08,8423.0,8423.0,8173.0,8173.0,1359.0
1984-06-09,8173.0,8355.0,8128.0,8355.0,1338.0
1984-06-11,8695.0,8695.0,8241.0,8241.0,2171.0
1984-06-12,8400.0,8400.0,8196.0,8286.0,1013.0
1984-06-13,8355.0,8355.0,8128.0,8173.0,700.0
1984-06-14,8173.0,8173.0,7946.0,8037.0,1229.0
1984-06-15,8037.0,8400.0,8037.0,8400.0,1273.0
1984-06-16,8286.0,8355.0,8082.0,8082.0,494.0
1984-06-18,8105.0,8105.0,7946.0,7946.0,1318.0
1984-06-19,7719.0,8059.0,7719.0,7900.0,547.0
1984-06-20,7900.0,7923.0,7900.0,7900.0,473.0
1984-06-21,7787.0,7832.0,7764.0,7764.0,1472.0
1984-06-22,7787.0,7787.0,7515.0,7515.0,1122.0
1984-06-23,7515.0,7719.0,7515.0,7719.0,482.0
1984-06-25,7673.0,7832.0,7560.0,7605.0,986.0
1984-06-26,7651.0,7651.0,7583.0,7583.0,459.0
1984-06-27,7651.0,7651.0,7583.0,7583.0,498.0
1984-06-28,7628.0,7878.0,7605.0,7605.0,562.0
1984-06-29,7605.0,7605.0,7492.0,7492.0,817.0
1984-06-30,7378.0,7446.0,7378.0,7446.0,603.0
1984-07-02,7287.0,7287.0,7219.0,7219.0,253.0
1984-07-03,7151.0,7356.0,7129.0,7129.0,1011.0
1984-07-04,7129.0,7356.0,6901.0,7356.0,2480.0
1984-07-05,7469.0,7492.0,6674.0,6833.0,2548.0
1984-07-06,6879.0,7151.0,6879.0,7151.0,1157.0
1984-07-07,7151.0,7265.0,7038.0,7242.0,758.0
1984-07-09,7038.0,7038.0,6811.0,6811.0,407.0
1984-07-10,6765.0,6856.0,6697.0,6743.0,1753.0
1984-07-11,6833.0,7038.0,6833.0,6924.0,1392.0
1984-07-12,6924.0,6924.0,6811.0,6924.0,1085.0
1984-07-13,6992.0,6992.0,6947.0,6947.0,885.0
1984-07-14,6992.0,7287.0,6992.0,7287.0,1810.0
1984-07-16,7265.0,7378.0,7060.0,7060.0,1526.0
1984-07-18,7424.0,7424.0,7151.0,7174.0,1114.0
1984-07-19,7719.0,7855.0,7605.0,7832.0,9323.0
1984-07-20,7719.0,7719.0,7424.0,7651.0,1584.0
1984-07-21,7764.0,7923.0,7742.0,7923.0,980.0
1984-07-23,7946.0,8128.0,7719.0,8059.0,2801.0
1984-07-24,8286.0,8377.0,7900.0,7969.0,2665.0
1984-07-25,8218.0,8286.0,7719.0,7719.0,6171.0
1984-07-26,7946.0,8173.0,7946.0,8059.0,6435.0
1984-07-27,8059.0,8059.0,7719.0,7719.0,2051.0
1984-07-28,7855.0,7946.0,7628.0,7628.0,1287.0
1984-07-30,7605.0,7742.0,7515.0,7515.0,1330.0
1984-07-31,7537.0,7537.0,7356.0,7378.0,360.0
1984-08-01,7446.0,7492.0,7197.0,7378.0,1823.0
1984-08-02,7401.0,7492.0,7378.0,7492.0,543.0
1984-08-03,7492.0,7515.0,7197.0,7469.0,1343.0
1984-08-04,7424.0,7424.0,7265.0,7265.0,601.0
1984-08-06,7287.0,7287.0,7242.0,7242.0,1308.0
1984-08-07,7174.0,7174.0,7151.0,7174.0,1326.0
1984-08-08,7219.0,7310.0,7219.0,7287.0,1003.0
1984-08-09,7424.0,7515.0,7424.0,7492.0,887.0
1984-08-10,7378.0,7378.0,7174.0,7174.0,803.0
1984-08-11,7197.0,7265.0,7038.0,7038.0,690.0
1984-08-13,7242.0,7242.0,7242.0,7242.0,2.0
1984-08-14,7038.0,7197.0,6924.0,7060.0,1582.0
1984-08-16,6924.0,6924.0,6811.0,6879.0,2152.0
1984-08-17,6811.0,6811.0,6357.0,6470.0,2088.0
1984-08-18,6470.0,6470.0,6334.0,6334.0,889.0
1984-08-20,6130.0,6130.0,6016.0,6016.0,720.0
1984-08-21,6107.0,6107.0,6016.0,6107.0,1954.0
1984-08-22,6130.0,6152.0,6107.0,6152.0,376.0
1984-08-23,6220.0,6220.0,6107.0,6107.0,939.0
1984-08-24,5993.0,5993.0,5721.0,5721.0,1390.0
1984-08-25,5744.0,5789.0,5744.0,5789.0,484.0
1984-08-27,5903.0,6061.0,5880.0,6061.0,599.0
1984-08-28,5971.0,5971.0,5789.0,5903.0,914.0
1984-08-29,5993.0,5993.0,5675.0,5675.0,679.0
1984-08-30,5744.0,6357.0,5721.0,6357.0,2507.0
1984-08-31,6470.0,6584.0,6130.0,6334.0,3837.0
1984-09-01,6288.0,6288.0,6243.0,6288.0,451.0
1984-09-03,6266.0,6447.0,6175.0,6447.0,852.0
1984-09-04,6447.0,6447.0,6311.0,6311.0,504.0
1984-09-05,6130.0,6130.0,5993.0,6016.0,226.0
1984-09-06,6016.0,6130.0,5971.0,6016.0,916.0
1984-09-07,5971.0,5971.0,5857.0,5857.0,700.0
1984-09-08,5812.0,6130.0,5812.0,6016.0,84.0
1984-09-11,6084.0,6084.0,6016.0,6016.0,117.0
1984-09-12,6061.0,6198.0,6061.0,6084.0,624.0
1984-09-13,6084.0,6084.0,6016.0,6016.0,992.0
1984-09-14,5903.0,5903.0,5903.0,5903.0,346.0
1984-09-15,5948.0,5948.0,5857.0,5857.0,389.0
1984-09-17,5857.0,5903.0,5789.0,5903.0,622.0
1984-09-18,6084.0,6130.0,5925.0,6039.0,2783.0
1984-09-19,6107.0,6107.0,5925.0,5925.0,1044.0
1984-09-20,5925.0,5925.0,5834.0,5925.0,447.0
1984-09-21,5880.0,5880.0,5834.0,5834.0,1297.0
1984-09-22,5880.0,5925.0,5834.0,5834.0,702.0
1984-09-24,5880.0,5903.0,5834.0,5903.0,409.0
1984-09-25,5903.0,5903.0,5834.0,5857.0,1217.0
1984-09-26,5857.0,5857.0,5789.0,5857.0,924.0
1984-09-27,5834.0,5834.0,5789.0,5789.0,599.0
1984-09-28,5789.0,5812.0,5789.0,5789.0,788.0
1984-09-29,5789.0,5789.0,5789.0,5789.0,234.0
1984-10-02,5789.0,5789.0,5675.0,5675.0,133.0
1984-10-04,5675.0,5675.0,5494.0,5494.0,723.0
1984-10-05,5585.0,5585.0,5471.0,5585.0,896.0
1984-10-06,5562.0,5585.0,5471.0,5471.0,210.0
1984-10-08,5448.0,5448.0,5267.0,5312.0,490.0
1984-10-10,5267.0,5448.0,5267.0,5448.0,1009.0
1984-10-11,5471.0,5471.0,5244.0,5244.0,638.0
1984-10-12,5199.0,5199.0,5131.0,5199.0,358.0
1984-10-13,5221.0,5448.0,5221.0,5221.0,265.0
1984-10-15,5221.0,5221.0,5131.0,5176.0,628.0
1984-10-16,5176.0,5176.0,5176.0,5176.0,502.0
1984-10-17,5108.0,5108.0,5017.0,5108.0,599.0
1984-10-18,5108.0,5108.0,5108.0,5108.0,411.0
1984-10-19,5108.0,5108.0,4994.0,5085.0,344.0
1984-10-20,4994.0,4994.0,4994.0,4994.0,278.0
1984-10-22,4994.0,4994.0,4767.0,4790.0,957.0
1984-10-23,4790.0,4813.0,4790.0,4813.0,1629.0
1984-10-24,4835.0,4835.0,4654.0,4722.0,1468.0
1984-10-25,4767.0,4767.0,4677.0,4722.0,1009.0
1984-10-26,4722.0,4722.0,4608.0,4722.0,863.0
1984-10-27,4745.0,4767.0,4677.0,4767.0,1524.0
1984-10-29,4972.0,5199.0,4926.0,5199.0,1967.0
1984-10-30,5358.0,5653.0,5244.0,5653.0,5288.0
1984-10-31,5607.0,5607.0,5380.0,5448.0,2344.0
1984-11-01,5448.0,5448.0,5221.0,5358.0,1818.0
1984-11-02,5335.0,5653.0,5131.0,5653.0,1135.0
1984-11-03,5562.0,5562.0,5448.0,5539.0,197.0
1984-11-05,5675.0,5903.0,5630.0,5812.0,2933.0
1984-11-06,5925.0,5993.0,5675.0,5812.0,2733.0
1984-11-07,5789.0,5789.0,5562.0,5653.0,1001.0
1984-11-08,5562.0,5607.0,5494.0,5494.0,1400.0
1984-11-09,5517.0,5517.0,5335.0,5426.0,576.0
1984-11-10,5335.0,5335.0,5335.0,5335.0,0.0
1984-11-12,5131.0,5335.0,5131.0,5131.0,444.0
1984-11-13,5153.0,5153.0,5085.0,5085.0,1505.0
1984-11-14,5040.0,5199.0,4926.0,5108.0,1992.0
1984-11-15,5108.0,5108.0,4949.0,4949.0,477.0
1984-11-16,4949.0,5108.0,4881.0,5062.0,1242.0
1984-11-17,5062.0,5062.0,4881.0,4881.0,154.0
1984-11-19,4926.0,4926.0,4767.0,4881.0,1058.0
1984-11-20,4881.0,4881.0,4767.0,4835.0,3553.0
1984-11-21,4881.0,5108.0,4881.0,4994.0,1983.0
1984-11-22,4949.0,5017.0,4881.0,4994.0,1487.0
1984-11-23,5108.0,5221.0,4881.0,5108.0,1596.0
1984-11-24,5108.0,5108.0,4767.0,5085.0,706.0
1984-11-26,4994.0,5108.0,4994.0,5040.0,856.0
1984-11-27,4994.0,5221.0,4994.0,5221.0,2035.0
1984-11-28,5221.0,5221.0,4881.0,5062.0,1013.0
1984-11-29,5062.0,5199.0,5062.0,5062.0,1137.0
1984-11-30,5085.0,5153.0,5040.0,5085.0,2344.0
1984-12-01,5153.0,5153.0,4994.0,4994.0,671.0
1984-12-03,5017.0,5108.0,5017.0,5040.0,920.0
1984-12-04,5062.0,5176.0,5062.0,5085.0,2875.0
1984-12-05,5153.0,5448.0,5153.0,5403.0,5423.0
1984-12-06,5403.0,5585.0,5290.0,5290.0,4579.0
1984-12-07,5380.0,5562.0,5244.0,5539.0,5238.0
1984-12-08,5607.0,5698.0,5448.0,5562.0,3635.0
1984-12-10,5539.0,5607.0,5335.0,5335.0,1823.0
1984-12-11,5335.0,5494.0,5267.0,5335.0,2653.0
1984-12-12,5358.0,5562.0,5335.0,5335.0,3396.0
1984-12-13,5380.0,5653.0,5380.0,5630.0,5288.0
1984-12-14,5630.0,5675.0,5448.0,5494.0,5092.0
1984-12-15,5471.0,5471.0,5380.0,5448.0,737.0
1984-12-17,5335.0,5426.0,5335.0,5380.0,1821.0
1984-12-18,5380.0,5380.0,5176.0,5199.0,1534.0
1984-12-19,5267.0,5267.0,5108.0,5108.0,962.0
1984-12-20,5176.0,5221.0,5108.0,5176.0,4964.0
1984-12-21,5244.0,5426.0,5244.0,5358.0,3778.0
1984-12-22,5335.0,5335.0,5199.0,5221.0,4025.0
1984-12-24,5221.0,5221.0,4904.0,4904.0,8775.0
1985-01-04,4677.0,4994.0,4677.0,4904.0,1071.0
1985-01-05,5017.0,5221.0,4994.0,5221.0,1338.0
1985-01-07,5698.0,5903.0,5698.0,5903.0,3689.0
1985-01-08,6584.0,6584.0,6266.0,6584.0,22975.0
1985-01-09,7265.0,7265.0,7265.0,7265.0,26942.0
1985-01-10,7265.0,7832.0,7060.0,7356.0,16737.0
1985-01-11,7015.0,7015.0,6674.0,6674.0,10091.0
1985-01-12,6470.0,6947.0,6425.0,6652.0,11348.0
1985-01-14,6697.0,6720.0,6130.0,6447.0,7030.0
1985-01-15,6288.0,6311.0,5766.0,6243.0,4521.0
1985-01-16,6243.0,6357.0,6130.0,6334.0,6091.0
1985-01-17,6243.0,6243.0,5948.0,5948.0,1959.0
1985-01-18,5903.0,6130.0,5857.0,5993.0,3038.0
1985-01-19,5903.0,5903.0,5744.0,5766.0,587.0
1985-01-21,5834.0,5948.0,5789.0,5812.0,2414.0
1985-01-22,5812.0,6493.0,5812.0,6493.0,5494.0
1985-01-23,6720.0,7151.0,6266.0,7151.0,18037.0
1985-01-24,6992.0,7356.0,6629.0,7174.0,16964.0
1985-01-25,6947.0,7038.0,6629.0,6811.0,7123.0
1985-01-26,6720.0,6720.0,6584.0,6697.0,2568.0
1985-01-28,6516.0,6652.0,6425.0,6584.0,4080.0
1985-01-29,6584.0,6652.0,6402.0,6652.0,2490.0
1985-01-30,6765.0,6924.0,6720.0,6811.0,7053.0
1985-01-31,6811.0,7038.0,6697.0,7038.0,8190.0
1985-02-01,6970.0,7038.0,6811.0,6811.0,7879.0
1985-02-02,6538.0,6652.0,6538.0,6538.0,943.0
1985-02-04,6379.0,6379.0,6175.0,6220.0,4929.0
1985-02-05,6084.0,6402.0,6016.0,6243.0,3067.0
1985-02-06,6402.0,6538.0,6243.0,6357.0,3932.0
1985-02-07,6357.0,6357.0,6152.0,6266.0,1518.0
1985-02-08,6357.0,6606.0,6243.0,6243.0,9115.0
1985-02-09,6039.0,6084.0,5834.0,5880.0,5502.0
1985-02-11,5903.0,6084.0,5903.0,6084.0,2610.0
1985-02-13,6016.0,6016.0,5403.0,5403.0,6091.0
1985-02-14,4722.0,4722.0,4722.0,4722.0,10823.0
1985-02-15,4109.0,4722.0,4109.0,4313.0,19613.0
1985-02-16,4313.0,4313.0,3973.0,3973.0,5104.0
1985-02-18,3905.0,4177.0,3882.0,3927.0,4892.0
1985-02-19,3927.0,4200.0,3927.0,4200.0,2816.0
1985-02-21,4245.0,4245.0,3632.0,3859.0,6293.0
1985-02-22,3927.0,4086.0,3519.0,4086.0,9387.0
1985-02-23,4336.0,4745.0,4313.0,4313.0,7372.0
1985-02-25,4359.0,4359.0,4086.0,4313.0,6245.0
1985-02-26,4359.0,4359.0,3973.0,3995.0,5924.0
1985-02-27,3995.0,4154.0,3859.0,4018.0,3514.0
1985-02-28,4109.0,4109.0,3882.0,4018.0,2066.0
1985-03-02,3950.0,3950.0,3700.0,3927.0,679.0
1985-03-04,3859.0,4381.0,3859.0,4245.0,5353.0
1985-03-05,4359.0,4518.0,4268.0,4313.0,7566.0
1985-03-06,4177.0,4177.0,3882.0,4132.0,2659.0
1985-03-07,4086.0,4177.0,3950.0,3950.0,1672.0
1985-03-08,3950.0,3950.0,3905.0,3905.0,1709.0
1985-03-09,3927.0,4041.0,3905.0,4041.0,2622.0
1985-03-11,4018.0,4177.0,4018.0,4086.0,1658.0
1985-03-12,4086.0,4154.0,3950.0,4064.0,3141.0
1985-03-13,4064.0,4154.0,3973.0,3973.0,1520.0
1985-03-14,4086.0,4086.0,4041.0,4086.0,1124.0
1985-03-15,4086.0,4132.0,4086.0,4086.0,1369.0
1985-03-16,4086.0,4109.0,3973.0,3973.0,1668.0
1985-03-18,4086.0,4086.0,3905.0,3973.0,1157.0
1985-03-19,3859.0,3859.0,3746.0,3859.0,1598.0
1985-03-20,3859.0,3859.0,3814.0,3836.0,500.0
1985-03-21,3859.0,3859.0,3746.0,3791.0,1693.0
1985-03-22,3768.0,3768.0,3678.0,3678.0,949.0
1985-03-23,3632.0,3632.0,3178.0,3496.0,3248.0
1985-03-25,3428.0,3791.0,3428.0,3609.0,3767.0
1985-03-26,3655.0,3655.0,3450.0,3587.0,1120.0
1985-03-27,3541.0,3541.0,3450.0,3473.0,2134.0
1985-03-28,3473.0,3564.0,3473.0,3473.0,2123.0
1985-03-29,3428.0,3519.0,3428.0,3519.0,189.0
1985-03-30,3609.0,3746.0,3609.0,3632.0,943.0
1985-04-01,3678.0,3700.0,3678.0,3700.0,1944.0
1985-04-02,3678.0,3678.0,3678.0,3678.0,471.0
1985-04-03,3678.0,3678.0,3428.0,3428.0,1833.0
1985-04-04,3519.0,3541.0,3473.0,3519.0,720.0
1985-04-06,3541.0,3746.0,3541.0,3746.0,823.0
1985-04-08,3859.0,3973.0,3836.0,3859.0,3079.0
1985-04-09,3882.0,4132.0,3859.0,4132.0,6336.0
1985-04-10,4132.0,4200.0,4064.0,4132.0,4249.0
1985-04-11,4064.0,4177.0,4041.0,4086.0,5065.0
1985-04-12,4132.0,4200.0,3859.0,3950.0,4785.0
1985-04-13,4086.0,4086.0,3973.0,4064.0,716.0
1985-04-15,4041.0,4086.0,4041.0,4086.0,2101.0
1985-04-16,4041.0,4154.0,4041.0,4041.0,5011.0
1985-04-17,4064.0,4064.0,3950.0,3950.0,484.0
1985-04-18,3882.0,3905.0,3859.0,3859.0,764.0
1985-04-19,3859.0,4018.0,3791.0,3905.0,3627.0
1985-04-20,3973.0,4086.0,3973.0,4064.0,1827.0
1985-04-22,4064.0,4064.0,3882.0,3882.0,475.0
1985-04-23,3905.0,3950.0,3905.0,3927.0,461.0
1985-04-24,3950.0,4154.0,3859.0,4132.0,2855.0
1985-04-25,4086.0,4132.0,3927.0,3927.0,2115.0
1985-04-26,3973.0,4018.0,3950.0,3973.0,2630.0
1985-04-27,3973.0,4404.0,3973.0,4200.0,8909.0
1985-04-29,4222.0,4381.0,3632.0,4313.0,11255.0
1985-04-30,4313.0,4313.0,4018.0,4018.0,3749.0
1985-05-01,4154.0,4154.0,4086.0,4086.0,1332.0
1985-05-02,4086.0,4132.0,4041.0,4041.0,1730.0
1985-05-03,4041.0,4154.0,3973.0,4086.0,4630.0
1985-05-04,4086.0,4313.0,4086.0,4245.0,3316.0
1985-05-06,4200.0,4313.0,4132.0,4132.0,4472.0
1985-05-07,4268.0,4359.0,4268.0,4291.0,8200.0
1985-05-08,4336.0,4359.0,4222.0,4268.0,4206.0
1985-05-09,4291.0,4291.0,4245.0,4245.0,1225.0
1985-05-10,4200.0,4200.0,4086.0,4109.0,1087.0
1985-05-11,4064.0,4086.0,4064.0,4064.0,632.0
1985-05-13,4018.0,4064.0,4018.0,4018.0,344.0
1985-05-14,4018.0,4018.0,3927.0,3927.0,286.0
1985-05-15,3905.0,3973.0,3905.0,3905.0,243.0
1985-05-16,3927.0,3973.0,3882.0,3882.0,906.0
1985-05-17,3882.0,3995.0,3859.0,3882.0,622.0
1985-05-18,3882.0,4018.0,3882.0,4018.0,166.0
1985-05-20,3859.0,3859.0,3814.0,3814.0,683.0
1985-05-21,3814.0,3973.0,3814.0,3859.0,772.0
1985-05-22,3905.0,3905.0,3859.0,3859.0,560.0
1985-05-23,3882.0,4086.0,3882.0,4064.0,1071.0
1985-05-24,3882.0,3927.0,3882.0,3927.0,879.0
1985-05-25,3927.0,3973.0,3927.0,3973.0,123.0
1985-05-28,4064.0,4064.0,3973.0,3973.0,418.0
1985-05-29,3973.0,3973.0,3905.0,3927.0,531.0
1985-05-30,3927.0,3927.0,3859.0,3859.0,918.0
1985-05-31,4268.0,4268.0,3927.0,3927.0,187.0
1985-06-01,3927.0,4132.0,3882.0,3995.0,2377.0
1985-06-03,4086.0,4086.0,3905.0,3905.0,648.0
1985-06-04,3905.0,3905.0,3859.0,3905.0,2237.0
1985-06-05,3859.0,4041.0,3814.0,4041.0,1697.0
1985-06-07,4018.0,4018.0,3859.0,3859.0,428.0
1985-06-08,3973.0,3973.0,3950.0,3950.0,102.0
1985-06-10,3950.0,3950.0,3859.0,3882.0,1685.0
1985-06-11,3950.0,4041.0,3950.0,3973.0,1458.0
1985-06-12,4109.0,4313.0,4041.0,4086.0,4851.0
1985-06-13,4154.0,4154.0,3995.0,4086.0,1744.0
1985-06-14,4109.0,4245.0,4086.0,4222.0,5996.0
1985-06-15,4177.0,4359.0,4222.0,4359.0,5549.0
1985-06-17,4359.0,4427.0,4200.0,4427.0,5846.0
1985-06-18,4427.0,4427.0,4291.0,4359.0,5947.0
1985-06-19,4313.0,4313.0,4200.0,4245.0,1351.0
1985-06-20,4291.0,4381.0,4222.0,4222.0,2436.0
1985-06-21,4222.0,4381.0,4177.0,4381.0,3549.0
1985-06-22,4404.0,4404.0,4313.0,4359.0,1965.0
1985-06-24,4313.0,4313.0,4200.0,4313.0,737.0
1985-06-25,4313.0,4313.0,4245.0,4291.0,2607.0
1985-06-26,4291.0,4313.0,4245.0,4245.0,1528.0
1985-06-27,4245.0,4313.0,4222.0,4291.0,688.0
1985-06-28,4291.0,4291.0,4245.0,4245.0,1831.0
1985-06-29,4222.0,4222.0,4132.0,4132.0,1767.0
1985-07-01,4132.0,4132.0,4086.0,4132.0,1303.0
1985-07-02,4086.0,4177.0,4086.0,4109.0,949.0
1985-07-03,4154.0,4154.0,3950.0,3950.0,2107.0
1985-07-04,3973.0,4086.0,3973.0,4018.0,1672.0
1985-07-05,4018.0,4018.0,3973.0,3973.0,123.0
1985-07-06,3973.0,3973.0,3927.0,3927.0,729.0
1985-07-08,3927.0,3950.0,3927.0,3927.0,988.0
1985-07-09,3905.0,3927.0,3905.0,3927.0,1977.0
1985-07-10,3973.0,4154.0,3950.0,3950.0,1374.0
1985-07-11,4041.0,4109.0,3973.0,4109.0,2259.0
1985-07-12,4177.0,4200.0,4109.0,4154.0,1720.0
1985-07-13,4154.0,4222.0,4154.0,4222.0,2696.0
1985-07-15,4222.0,4222.0,4154.0,4154.0,1512.0
1985-07-16,4086.0,4154.0,4086.0,4086.0,453.0
1985-07-18,4154.0,4200.0,4086.0,4200.0,4177.0
1985-07-19,4291.0,4449.0,4268.0,4404.0,12940.0
1985-07-20,4427.0,4472.0,4359.0,4427.0,5032.0
1985-07-22,4404.0,4427.0,4381.0,4427.0,2834.0
1985-07-23,4381.0,4381.0,4313.0,4381.0,2169.0
1985-07-24,4381.0,4381.0,4313.0,4313.0,941.0
1985-07-25,4313.0,4336.0,4268.0,4268.0,702.0
1985-07-26,4313.0,4359.0,4291.0,4313.0,1687.0
1985-07-27,4359.0,4359.0,4313.0,4313.0,1178.0
1985-07-29,4268.0,4313.0,4268.0,4291.0,885.0
1985-07-30,4245.0,4313.0,4222.0,4222.0,247.0
1985-07-31,4313.0,4313.0,4222.0,4245.0,638.0
1985-08-01,4245.0,4268.0,4154.0,4200.0,924.0
1985-08-02,4154.0,4154.0,4132.0,4132.0,1503.0
1985-08-03,4086.0,4086.0,4064.0,4064.0,100.0
1985-08-05,4064.0,4132.0,3995.0,4132.0,731.0
1985-08-06,4132.0,4132.0,4018.0,4018.0,632.0
1985-08-07,4018.0,4018.0,3995.0,3995.0,1699.0
1985-08-08,3995.0,3995.0,3973.0,3995.0,550.0
1985-08-09,3995.0,4086.0,3973.0,3973.0,1087.0
1985-08-10,4018.0,4018.0,3973.0,3973.0,1153.0
1985-08-12,3995.0,4200.0,3995.0,4018.0,1314.0
1985-08-13,4018.0,4200.0,3995.0,4200.0,5508.0
1985-08-14,4086.0,4154.0,3995.0,3995.0,1835.0
1985-08-16,3973.0,3973.0,3859.0,3927.0,1672.0
1985-08-17,3882.0,3927.0,3882.0,3927.0,1244.0
1985-08-19,4018.0,4018.0,3995.0,4018.0,731.0
1985-08-20,4086.0,4086.0,4018.0,4018.0,988.0
1985-08-21,3973.0,4268.0,3973.0,4245.0,3627.0
1985-08-22,4291.0,4926.0,4245.0,4926.0,22624.0
1985-08-23,5312.0,5607.0,4767.0,4994.0,32718.0
1985-08-24,4881.0,5335.0,4813.0,5199.0,14537.0
1985-08-26,5176.0,5176.0,4767.0,4949.0,8456.0
1985-08-27,4767.0,5176.0,4654.0,4881.0,8435.0
1985-08-28,4790.0,5176.0,4790.0,4949.0,9739.0
1985-08-29,4972.0,5312.0,4881.0,5290.0,11451.0
1985-08-30,5448.0,5562.0,5108.0,5448.0,15246.0
1985-08-31,5335.0,5426.0,5244.0,5244.0,5207.0
1985-09-02,5131.0,5244.0,4994.0,4994.0,5652.0
1985-09-03,5040.0,5040.0,4767.0,4881.0,2997.0
1985-09-04,4835.0,4972.0,4654.0,4813.0,4985.0
1985-09-05,4881.0,4949.0,4722.0,4767.0,3108.0
1985-09-06,4881.0,4926.0,4699.0,4722.0,3475.0
1985-09-07,4813.0,5062.0,4813.0,4994.0,5788.0
1985-09-09,5085.0,5085.0,4904.0,4994.0,5125.0
1985-09-10,5062.0,5199.0,4972.0,4994.0,11426.0
1985-09-11,4972.0,4994.0,4767.0,4767.0,1841.0
1985-09-12,4813.0,4994.0,4790.0,4949.0,3044.0
1985-09-13,4994.0,5108.0,4949.0,4949.0,2708.0
1985-09-14,4949.0,4949.0,4881.0,4881.0,2694.0
1985-09-16,4881.0,4881.0,4858.0,4858.0,556.0
1985-09-17,4835.0,4881.0,4790.0,4858.0,3269.0
1985-09-18,4835.0,4881.0,4813.0,4858.0,2274.0
1985-09-19,4858.0,5017.0,4858.0,4881.0,1260.0
1985-09-20,4858.0,5017.0,4858.0,4994.0,3089.0
1985-09-21,4904.0,4994.0,4904.0,4904.0,461.0
1985-09-23,4881.0,4904.0,4881.0,4881.0,335.0
1985-09-24,4858.0,4994.0,4858.0,4994.0,5506.0
1985-09-25,5040.0,5630.0,5040.0,5607.0,27461.0
1985-09-26,5721.0,6130.0,5721.0,6130.0,24213.0
1985-09-27,6198.0,6334.0,5903.0,6130.0,17748.0
1985-09-28,6061.0,6130.0,5903.0,6016.0,12590.0
1985-09-30,6107.0,6516.0,6107.0,6470.0,7737.0
1985-10-02,6357.0,6584.0,6152.0,6311.0,18916.0
1985-10-04,6198.0,6198.0,6016.0,6016.0,4727.0
1985-10-05,5857.0,5880.0,5653.0,5675.0,2626.0
1985-10-07,5630.0,5834.0,5562.0,5562.0,5588.0
1985-10-08,5607.0,5675.0,5562.0,5675.0,3675.0
1985-10-10,5766.0,6016.0,5766.0,5903.0,3466.0
1985-10-11,5789.0,5789.0,5675.0,5675.0,1007.0
1985-10-12,5539.0,5653.0,5539.0,5653.0,786.0
1985-10-14,5653.0,5993.0,5653.0,5789.0,3819.0
1985-10-15,5925.0,5993.0,5744.0,5789.0,4152.0
1985-10-16,5698.0,5766.0,5562.0,5675.0,1726.0
1985-10-17,5675.0,5812.0,5585.0,5789.0,2976.0
1985-10-18,5789.0,5971.0,5789.0,5971.0,7998.0
1985-10-19,5903.0,5925.0,5903.0,5903.0,514.0
1985-10-21,5789.0,6357.0,5789.0,6243.0,13295.0
1985-10-22,6357.0,6493.0,6175.0,6402.0,21578.0
1985-10-23,6470.0,6970.0,6357.0,6811.0,30345.0
1985-10-24,6947.0,7197.0,6947.0,6992.0,19786.0
1985-10-25,6992.0,7151.0,6743.0,6924.0,12874.0
1985-10-26,7038.0,7197.0,7038.0,7060.0,9158.0
1985-10-28,7060.0,7219.0,6901.0,7106.0,7230.0
1985-10-29,7083.0,7083.0,6856.0,7083.0,6474.0
1985-10-30,7038.0,7038.0,6811.0,6811.0,4311.0
1985-10-31,6788.0,6788.0,6357.0,6357.0,5351.0
1985-11-01,6311.0,6470.0,6198.0,6357.0,5807.0
1985-11-02,6379.0,6425.0,6357.0,6402.0,3619.0
1985-11-04,6334.0,6470.0,6175.0,6447.0,1509.0
1985-11-05,6379.0,6379.0,6243.0,6243.0,1124.0
1985-11-06,6243.0,6266.0,6152.0,6243.0,1965.0
1985-11-07,6357.0,6357.0,6130.0,6130.0,2344.0
1985-11-08,6084.0,6175.0,6084.0,6130.0,4043.0
1985-11-09,6130.0,6198.0,6130.0,6152.0,778.0
1985-11-11,6198.0,6447.0,6198.0,6357.0,1862.0
1985-11-12,6379.0,6493.0,6379.0,6425.0,3907.0
1985-11-13,6357.0,6357.0,6107.0,6334.0,3934.0
1985-11-14,6266.0,6357.0,6107.0,6243.0,2465.0
1985-11-15,6243.0,6334.0,5993.0,5993.0,2004.0
1985-11-16,6016.0,6084.0,5789.0,5789.0,875.0
1985-11-18,5812.0,5812.0,5131.0,5562.0,2999.0
1985-11-19,5585.0,5607.0,5131.0,5153.0,3520.0
1985-11-20,5221.0,5653.0,5221.0,5630.0,10600.0
1985-11-21,5698.0,6084.0,5494.0,6016.0,9764.0
1985-11-22,5993.0,6107.0,5903.0,5971.0,2315.0
1985-11-23,5903.0,5971.0,5834.0,5971.0,2352.0
1985-11-25,5834.0,5834.0,5471.0,5675.0,1165.0
1985-11-26,5675.0,5675.0,5335.0,5675.0,2525.0
1985-11-27,5698.0,5766.0,5448.0,5675.0,2173.0
1985-11-28,5562.0,5653.0,5562.0,5653.0,737.0
1985-11-29,5653.0,5653.0,5221.0,5448.0,1812.0
1985-11-30,5562.0,5948.0,5562.0,5653.0,2305.0
1985-12-02,5426.0,5448.0,5176.0,5176.0,2504.0
1985-12-03,5199.0,5426.0,5199.0,5312.0,1971.0
1985-12-04,5221.0,5358.0,5199.0,5221.0,1740.0
1985-12-05,5085.0,5085.0,4881.0,4881.0,2923.0
1985-12-06,4994.0,5085.0,4949.0,5085.0,4431.0
1985-12-07,5085.0,5312.0,5085.0,5312.0,2307.0
1985-12-09,5335.0,5448.0,4904.0,5221.0,1821.0
1985-12-10,4994.0,5176.0,4994.0,5040.0,1709.0
1985-12-11,4994.0,5199.0,4904.0,4904.0,4855.0
1985-12-12,4926.0,4926.0,4654.0,4654.0,3798.0
1985-12-13,4540.0,5108.0,4222.0,4994.0,7387.0
1985-12-14,5221.0,5539.0,4994.0,5108.0,6474.0
1985-12-16,5153.0,5153.0,4835.0,4972.0,2875.0
1985-12-17,4949.0,5335.0,4949.0,5335.0,5360.0
1985-12-18,5312.0,5426.0,5108.0,5131.0,1341.0
1985-12-19,5244.0,5335.0,5108.0,5199.0,1071.0
1985-12-20,5199.0,5221.0,5108.0,5108.0,1722.0
1985-12-21,5131.0,5585.0,5108.0,5539.0,8835.0
1985-12-23,5630.0,5925.0,5585.0,5789.0,15314.0
1985-12-24,5812.0,5857.0,5403.0,5562.0,6515.0
1985-12-26,5562.0,5562.0,5176.0,5335.0,10567.0
1986-01-04,5244.0,5539.0,5221.0,5221.0,325.0
1986-01-06,5221.0,5244.0,4994.0,5108.0,1709.0
1986-01-07,5108.0,5675.0,4994.0,5675.0,1763.0
1986-01-08,5675.0,5675.0,5221.0,5448.0,2593.0
1986-01-09,5221.0,5448.0,5221.0,5448.0,1303.0
1986-01-10,5471.0,5539.0,5448.0,5471.0,2877.0
1986-01-11,5494.0,5675.0,5494.0,5562.0,3139.0
1986-01-13,5675.0,5675.0,5562.0,5562.0,1713.0
1986-01-14,5630.0,5789.0,5403.0,5494.0,9335.0
1986-01-15,5517.0,5517.0,5403.0,5403.0,782.0
1986-01-16,5403.0,5403.0,5290.0,5380.0,716.0
1986-01-17,5403.0,5448.0,5335.0,5380.0,1409.0
1986-01-18,5380.0,5426.0,5380.0,5380.0,247.0
1986-01-20,5335.0,5335.0,5244.0,5244.0,1314.0
1986-01-21,5199.0,5221.0,5108.0,5153.0,1190.0
1986-01-22,5221.0,5221.0,5062.0,5199.0,986.0
1986-01-23,5358.0,5358.0,5312.0,5312.0,162.0
1986-01-24,4994.0,5176.0,4994.0,4994.0,661.0
1986-01-25,4994.0,4994.0,4790.0,4949.0,1553.0
1986-01-27,4994.0,4994.0,4881.0,4881.0,537.0
1986-01-28,4994.0,5267.0,4994.0,5267.0,867.0
1986-01-29,5335.0,5335.0,4949.0,4949.0,799.0
1986-01-30,5221.0,5335.0,5221.0,5335.0,1196.0
1986-01-31,5335.0,5335.0,5131.0,5131.0,964.0
1986-02-01,5108.0,5153.0,5085.0,5085.0,525.0
1986-02-03,4994.0,4994.0,4835.0,4972.0,764.0
1986-02-04,4881.0,5199.0,4881.0,5199.0,758.0
1986-02-05,4881.0,5017.0,4881.0,4904.0,236.0
1986-02-06,4904.0,4994.0,4904.0,4994.0,655.0
1986-02-07,4904.0,5244.0,4904.0,5153.0,1244.0
1986-02-08,5244.0,5290.0,5244.0,5244.0,1221.0
1986-02-10,5221.0,5335.0,5199.0,5199.0,2078.0
1986-02-11,5312.0,5448.0,5290.0,5290.0,3792.0
1986-02-12,5267.0,5426.0,5244.0,5290.0,1989.0
1986-02-13,5426.0,5539.0,5403.0,5448.0,2284.0
1986-02-14,5448.0,5448.0,5312.0,5335.0,2768.0
1986-02-15,5448.0,5539.0,5448.0,5448.0,2018.0
1986-02-17,5448.0,5448.0,5312.0,5403.0,1944.0
1986-02-18,5448.0,5448.0,5335.0,5335.0,1650.0
1986-02-19,5335.0,6016.0,5244.0,5675.0,8213.0
1986-02-20,5789.0,5789.0,5448.0,5562.0,3800.0
1986-02-21,5675.0,5903.0,5630.0,5834.0,10394.0
1986-02-22,5880.0,5880.0,5766.0,5834.0,8332.0
1986-02-24,5857.0,6039.0,5857.0,5903.0,9916.0
1986-02-25,5993.0,6357.0,5948.0,6152.0,15192.0
1986-02-26,6130.0,6130.0,5744.0,5880.0,2807.0
1986-02-27,5789.0,6016.0,5789.0,5993.0,3265.0
1986-02-28,5971.0,5993.0,5721.0,5903.0,3318.0
1986-03-03,5812.0,5903.0,5721.0,5789.0,3052.0
1986-03-04,5925.0,6470.0,5903.0,6130.0,12796.0
1986-03-05,6266.0,6606.0,6243.0,6357.0,18441.0
1986-03-06,6584.0,6992.0,6584.0,6788.0,17913.0
1986-03-07,6924.0,7469.0,6924.0,7469.0,20906.0
1986-03-08,7038.0,7378.0,6947.0,7378.0,10199.0
1986-03-11,7515.0,8059.0,7515.0,8059.0,19574.0
1986-03-12,8037.0,8037.0,7378.0,7378.0,14271.0
1986-03-13,7060.0,7946.0,6992.0,7946.0,19798.0
1986-03-14,8150.0,8241.0,7378.0,7469.0,16047.0
1986-03-15,7492.0,7696.0,7265.0,7265.0,5125.0
1986-03-17,7515.0,7515.0,7083.0,7265.0,6571.0
1986-03-18,7265.0,7378.0,6697.0,6833.0,8472.0
1986-03-19,6833.0,7015.0,6811.0,6924.0,5973.0
1986-03-20,6992.0,7060.0,6584.0,6811.0,2832.0
1986-03-21,6811.0,6924.0,6720.0,6811.0,3874.0
1986-03-22,6924.0,7060.0,6924.0,6924.0,2949.0
1986-03-24,7038.0,7151.0,6811.0,6811.0,7716.0
1986-03-25,6811.0,6833.0,6629.0,6697.0,1913.0
1986-03-26,6811.0,6811.0,6584.0,6606.0,2624.0
1986-03-27,6788.0,6788.0,6629.0,6629.0,3621.0
1986-03-28,6697.0,7038.0,6697.0,6833.0,9068.0
1986-03-29,7151.0,7151.0,6924.0,7038.0,2729.0
1986-03-31,7038.0,7038.0,6811.0,6833.0,4593.0
1986-04-01,6856.0,6924.0,6629.0,6629.0,1602.0
1986-04-02,6720.0,6811.0,6629.0,6652.0,4799.0
1986-04-03,6856.0,7333.0,6856.0,7333.0,8462.0
1986-04-04,7265.0,7265.0,6811.0,7129.0,4089.0
1986-04-07,7174.0,7219.0,6879.0,6924.0,3479.0
1986-04-08,6947.0,7038.0,6924.0,6947.0,3485.0
1986-04-09,7219.0,7219.0,6901.0,7015.0,1489.0
1986-04-10,7015.0,7060.0,6811.0,6924.0,3683.0
1986-04-11,6924.0,7038.0,6811.0,6924.0,6499.0
1986-04-12,7038.0,7174.0,6992.0,7060.0,2778.0
1986-04-14,6811.0,7242.0,6811.0,6970.0,1950.0
1986-04-15,6992.0,7151.0,6856.0,7151.0,5182.0
1986-04-16,7287.0,7719.0,7287.0,7492.0,12440.0
1986-04-17,7696.0,7832.0,7378.0,7832.0,27344.0
1986-04-18,8173.0,8513.0,8173.0,8513.0,38289.0
1986-04-19,8695.0,8695.0,7946.0,8423.0,24293.0
1986-04-21,8582.0,9036.0,8377.0,8400.0,30232.0
1986-04-22,8536.0,8741.0,8286.0,8468.0,19448.0
1986-04-23,8491.0,8491.0,7787.0,7787.0,13317.0
1986-04-24,7469.0,7469.0,7106.0,7106.0,14572.0
1986-04-25,7378.0,7560.0,7038.0,7446.0,7432.0
1986-04-26,7560.0,7900.0,7560.0,7855.0,7638.0
1986-04-28,7991.0,8059.0,7605.0,7696.0,5697.0
1986-04-29,7696.0,7696.0,7287.0,7560.0,2284.0
1986-04-30,7560.0,8241.0,7492.0,8241.0,6876.0
1986-05-01,8173.0,8400.0,7969.0,8286.0,9859.0
1986-05-02,8400.0,8445.0,8400.0,8445.0,7885.0
1986-05-03,8264.0,8264.0,8059.0,8173.0,2840.0
1986-05-06,7969.0,8196.0,7742.0,8128.0,3790.0
1986-05-07,7946.0,8173.0,7832.0,7832.0,4307.0
1986-05-08,7946.0,7946.0,7673.0,7673.0,3081.0
1986-05-09,7696.0,7696.0,7537.0,7560.0,4400.0
1986-05-10,7515.0,7832.0,7515.0,7810.0,2430.0
1986-05-12,7900.0,7900.0,7719.0,7742.0,782.0
1986-05-13,7605.0,7742.0,7605.0,7719.0,253.0
1986-05-14,7832.0,7832.0,7673.0,7673.0,953.0
1986-05-15,7605.0,7673.0,7515.0,7673.0,2364.0
1986-05-17,7673.0,7673.0,7605.0,7628.0,1143.0
1986-05-19,7651.0,7787.0,7560.0,7787.0,2556.0
1986-05-20,7719.0,7832.0,7673.0,7810.0,4641.0
1986-05-21,7764.0,8059.0,7764.0,7946.0,8584.0
1986-05-22,8014.0,8014.0,7810.0,7832.0,1707.0
1986-05-23,7923.0,8150.0,7719.0,7719.0,5642.0
1986-05-24,7673.0,7719.0,7492.0,7673.0,3225.0
1986-05-26,7719.0,7719.0,7605.0,7605.0,4478.0
1986-05-27,7628.0,7628.0,7515.0,7537.0,3891.0
1986-05-28,7605.0,7696.0,7537.0,7583.0,3009.0
1986-05-29,7605.0,8105.0,7492.0,7583.0,4449.0
1986-05-30,7651.0,7742.0,7583.0,7719.0,5691.0
1986-05-31,7719.0,7946.0,7719.0,7923.0,6268.0
1986-06-02,7969.0,7969.0,7605.0,7673.0,2976.0
1986-06-03,7537.0,7628.0,7515.0,7515.0,1664.0
1986-06-04,7537.0,7537.0,7401.0,7401.0,1821.0
1986-06-05,7515.0,7515.0,7401.0,7424.0,1695.0
1986-06-07,7424.0,7469.0,7378.0,7401.0,1318.0
1986-06-09,7401.0,7401.0,7287.0,7287.0,2070.0
1986-06-10,7356.0,7356.0,7219.0,7219.0,2029.0
1986-06-11,7242.0,7356.0,7219.0,7265.0,5337.0
1986-06-12,7265.0,7492.0,7242.0,7492.0,3862.0
1986-06-13,7378.0,7492.0,7265.0,7287.0,1720.0
1986-06-14,7287.0,7310.0,7265.0,7265.0,1009.0
1986-06-16,7151.0,7265.0,6833.0,7151.0,609.0
1986-06-17,7038.0,7038.0,6924.0,7038.0,1794.0
1986-06-18,7038.0,7265.0,7015.0,7106.0,3969.0
1986-06-19,7265.0,7696.0,7265.0,7492.0,6919.0
1986-06-20,7583.0,7673.0,7060.0,7151.0,2655.0
1986-06-21,7151.0,7151.0,6947.0,6947.0,2181.0
1986-06-23,6970.0,7242.0,6947.0,7038.0,2278.0
1986-06-24,7151.0,7696.0,7151.0,7696.0,11332.0
1986-06-25,7878.0,7878.0,7265.0,7469.0,4754.0
1986-06-26,7673.0,8150.0,7424.0,8150.0,7778.0
1986-06-27,7878.0,8241.0,7742.0,8150.0,12308.0
1986-06-28,8355.0,8377.0,7787.0,7832.0,6861.0
1986-06-30,7673.0,8037.0,7583.0,7787.0,9628.0
1986-07-01,7605.0,7651.0,7401.0,7605.0,4311.0
1986-07-02,7719.0,7900.0,7605.0,7810.0,4655.0
1986-07-03,7810.0,8150.0,7787.0,8014.0,10510.0
1986-07-04,8218.0,8491.0,8196.0,8196.0,18766.0
1986-07-05,8059.0,8150.0,7946.0,8014.0,8338.0
1986-07-07,8196.0,8445.0,7855.0,7946.0,14080.0
1986-07-08,8309.0,8604.0,8173.0,8400.0,26602.0
1986-07-09,8513.0,9081.0,8513.0,9081.0,29169.0
1986-07-10,9717.0,9717.0,8400.0,8400.0,18706.0
1986-07-11,8741.0,8945.0,8445.0,8854.0,10153.0
1986-07-12,9081.0,9240.0,8741.0,8741.0,9636.0
1986-07-14,8786.0,8922.0,8627.0,8831.0,3219.0
1986-07-15,9036.0,9149.0,8854.0,9081.0,12837.0
1986-07-16,9036.0,9036.0,8741.0,8854.0,2202.0
1986-07-18,8854.0,8922.0,8741.0,8741.0,2375.0
1986-07-19,8854.0,8854.0,8627.0,8741.0,3821.0
1986-07-21,8718.0,8718.0,8423.0,8650.0,1676.0
1986-07-22,8423.0,8627.0,8400.0,8400.0,1625.0
1986-07-23,8513.0,8695.0,8513.0,8627.0,3186.0
1986-07-24,8650.0,8809.0,8582.0,8627.0,3563.0
1986-07-25,8059.0,8582.0,8059.0,8468.0,2305.0
1986-07-26,8332.0,8718.0,8332.0,8604.0,2834.0
1986-07-28,8831.0,8831.0,8491.0,8491.0,3133.0
1986-07-29,8559.0,8627.0,8513.0,8513.0,4705.0
1986-07-30,8513.0,8741.0,8400.0,8445.0,2787.0
1986-07-31,8582.0,8718.0,8423.0,8718.0,3778.0
1986-08-01,8854.0,8854.0,8627.0,8627.0,2329.0
1986-08-02,8582.0,8695.0,8513.0,8695.0,916.0
1986-08-04,8627.0,8741.0,8604.0,8627.0,2986.0
1986-08-05,8831.0,9104.0,8831.0,8968.0,12147.0
1986-08-06,8945.0,9195.0,8763.0,8968.0,11278.0
1986-08-07,8968.0,9058.0,8763.0,8854.0,1942.0
1986-08-08,8831.0,8854.0,8650.0,8741.0,2243.0
1986-08-09,8741.0,8877.0,8650.0,8854.0,2490.0
1986-08-11,8831.0,8831.0,8627.0,8763.0,1149.0
1986-08-12,8718.0,8741.0,8627.0,8627.0,1153.0
1986-08-13,8854.0,9013.0,8809.0,8945.0,8682.0
1986-08-14,9285.0,9285.0,8990.0,9081.0,4482.0
1986-08-16,9195.0,9240.0,9058.0,9058.0,3275.0
1986-08-18,8968.0,9149.0,8854.0,8854.0,3225.0
1986-08-19,8899.0,8990.0,8899.0,8899.0,2253.0
1986-08-20,8968.0,8968.0,8854.0,8899.0,2770.0
1986-08-21,8945.0,8968.0,8604.0,8831.0,8567.0
1986-08-22,8899.0,9285.0,8899.0,9081.0,7418.0
1986-08-23,9172.0,9172.0,8718.0,8718.0,1528.0
1986-08-25,8718.0,8854.0,8672.0,8718.0,1281.0
1986-08-26,8650.0,8672.0,8536.0,8582.0,1338.0
1986-08-27,8582.0,8627.0,8513.0,8582.0,1726.0
1986-08-28,8695.0,8695.0,8355.0,8400.0,1336.0
1986-08-29,8513.0,8968.0,8423.0,8854.0,1617.0
1986-08-30,8899.0,8899.0,8400.0,8604.0,1402.0
1986-09-01,8513.0,8695.0,8423.0,8468.0,203.0
1986-09-02,8491.0,8491.0,8400.0,8445.0,1301.0
1986-09-03,8513.0,8559.0,8445.0,8445.0,731.0
1986-09-04,8513.0,8513.0,8400.0,8513.0,852.0
1986-09-05,8513.0,8513.0,8400.0,8400.0,1338.0
1986-09-06,8400.0,8400.0,8309.0,8400.0,539.0
1986-09-08,8627.0,8695.0,8468.0,8513.0,455.0
1986-09-09,8604.0,8627.0,8513.0,8627.0,2086.0
1986-09-10,8672.0,8741.0,8513.0,8559.0,1532.0
1986-09-11,8627.0,8741.0,8536.0,8695.0,3782.0
1986-09-12,8741.0,8968.0,8741.0,8968.0,11445.0
1986-09-13,8899.0,8899.0,8741.0,8854.0,1919.0
1986-09-15,8741.0,9058.0,8741.0,9036.0,6493.0
1986-09-16,9081.0,9263.0,8899.0,8899.0,7792.0
1986-09-17,9081.0,9172.0,8786.0,9058.0,3755.0
1986-09-20,9149.0,9308.0,9126.0,9308.0,6938.0
1986-09-22,9422.0,9422.0,9172.0,9195.0,9265.0
1986-09-23,9195.0,9195.0,8741.0,9058.0,2564.0
1986-09-24,9058.0,9058.0,8786.0,9036.0,1660.0
1986-09-25,9081.0,9081.0,8854.0,8854.0,2057.0
1986-09-26,8899.0,8968.0,8786.0,8854.0,1893.0
1986-09-27,8741.0,8763.0,8741.0,8763.0,916.0
1986-09-29,8763.0,8854.0,8672.0,8741.0,1631.0
1986-09-30,8741.0,8741.0,8672.0,8741.0,894.0
1986-10-02,8741.0,8968.0,8672.0,8968.0,1310.0
1986-10-04,8922.0,8968.0,8672.0,8854.0,832.0
1986-10-06,8968.0,9036.0,8854.0,8968.0,1567.0
1986-10-07,9104.0,9195.0,8968.0,9058.0,3522.0
1986-10-08,9081.0,9081.0,8854.0,8968.0,1790.0
1986-10-10,9081.0,9081.0,8854.0,8945.0,2020.0
1986-10-11,8968.0,8968.0,8786.0,8854.0,350.0
1986-10-13,8945.0,9081.0,8945.0,8968.0,2653.0
1986-10-14,9058.0,9058.0,8741.0,8763.0,1505.0
1986-10-15,8763.0,8763.0,8650.0,8718.0,2078.0
1986-10-16,8695.0,8695.0,8400.0,8400.0,2041.0
1986-10-17,8400.0,8695.0,8309.0,8513.0,3011.0
1986-10-18,8513.0,8627.0,8423.0,8445.0,517.0
1986-10-20,8513.0,8672.0,8445.0,8445.0,465.0
1986-10-21,8604.0,8627.0,8423.0,8627.0,3384.0
1986-10-22,8513.0,8513.0,8400.0,8400.0,1427.0
1986-10-23,8355.0,8400.0,8286.0,8286.0,1248.0
1986-10-24,8264.0,8286.0,7810.0,8059.0,2074.0
1986-10-25,8059.0,8264.0,8059.0,8150.0,578.0
1986-10-27,8400.0,8400.0,8059.0,8173.0,1213.0
1986-10-28,8173.0,8264.0,8150.0,8264.0,926.0
1986-10-29,8241.0,8286.0,8173.0,8286.0,1639.0
1986-10-30,8423.0,8695.0,8173.0,8173.0,1588.0
1986-10-31,8309.0,8400.0,8059.0,8286.0,492.0
1986-11-01,8286.0,8286.0,8264.0,8264.0,296.0
1986-11-03,8286.0,8286.0,8128.0,8173.0,2696.0
1986-11-04,8173.0,8400.0,8173.0,8377.0,3683.0
1986-11-05,8491.0,8513.0,8400.0,8400.0,2103.0
1986-11-06,8491.0,8491.0,8264.0,8264.0,1283.0
1986-11-07,8286.0,8400.0,8173.0,8264.0,1602.0
1986-11-08,8286.0,8400.0,8286.0,8286.0,805.0
1986-11-10,8309.0,8355.0,8173.0,8173.0,821.0
1986-11-11,8059.0,8059.0,7946.0,8059.0,2877.0
1986-11-12,8105.0,8173.0,8082.0,8082.0,1610.0
1986-11-13,8082.0,8173.0,8082.0,8173.0,1396.0
1986-11-14,8173.0,8173.0,8059.0,8082.0,978.0
1986-11-15,8105.0,8173.0,8059.0,8059.0,1324.0
1986-11-17,8173.0,8286.0,8173.0,8241.0,1536.0
1986-11-18,8241.0,8241.0,8082.0,8082.0,265.0
1986-11-19,8059.0,8128.0,8059.0,8082.0,595.0
1986-11-20,8082.0,8082.0,7969.0,7991.0,1200.0
1986-11-21,8059.0,8286.0,8059.0,8264.0,1779.0
1986-11-22,8400.0,8400.0,8286.0,8286.0,414.0
1986-11-24,8286.0,8286.0,8014.0,8264.0,96.0
1986-11-25,7991.0,8173.0,7991.0,7991.0,753.0
1986-11-26,7991.0,8264.0,7946.0,8264.0,2140.0
1986-11-27,8377.0,8377.0,7991.0,7991.0,739.0
1986-11-28,7923.0,8082.0,7923.0,7969.0,2500.0
1986-11-29,7991.0,8082.0,7900.0,7946.0,426.0
1986-12-01,7946.0,8173.0,7900.0,7900.0,1396.0
1986-12-02,7991.0,8014.0,7900.0,7900.0,2097.0
1986-12-03,7946.0,7969.0,7832.0,7900.0,2513.0
1986-12-04,7900.0,7900.0,7719.0,7832.0,1575.0
1986-12-05,7742.0,7832.0,7492.0,7719.0,1306.0
1986-12-06,7673.0,7696.0,7673.0,7673.0,558.0
1986-12-08,7719.0,7719.0,7537.0,7537.0,605.0
1986-12-09,7537.0,7537.0,7469.0,7492.0,1742.0
1986-12-10,7446.0,7492.0,7401.0,7424.0,840.0
1986-12-11,7515.0,7515.0,7378.0,7401.0,1071.0
1986-12-12,7492.0,7696.0,7401.0,7605.0,2298.0
1986-12-13,7605.0,8286.0,7605.0,8150.0,1967.0
1986-12-15,8355.0,8377.0,8128.0,8377.0,2321.0
1986-12-16,8400.0,8513.0,8128.0,8150.0,2235.0
1986-12-17,7946.0,7946.0,7719.0,7855.0,2059.0
1986-12-18,7832.0,8377.0,7832.0,8059.0,2471.0
1986-12-19,8150.0,8150.0,7878.0,7900.0,2051.0
1986-12-20,7719.0,7787.0,7719.0,7787.0,477.0
1986-12-22,7832.0,7946.0,7810.0,7810.0,2066.0
1986-12-23,7810.0,7810.0,7605.0,7719.0,1357.0
1986-12-24,7719.0,7946.0,7605.0,7946.0,879.0
1986-12-26,7923.0,8059.0,7719.0,7719.0,3734.0
1987-01-05,7492.0,7492.0,7492.0,7492.0,411.0
1987-01-06,7492.0,7492.0,6811.0,6811.0,1112.0
1987-01-07,6697.0,6697.0,6584.0,6584.0,2018.0
1987-01-08,6357.0,6788.0,6130.0,6765.0,3716.0
1987-01-09,6765.0,6765.0,6243.0,6243.0,2673.0
1987-01-10,6130.0,6266.0,6130.0,6152.0,1831.0
1987-01-12,6243.0,6584.0,6243.0,6379.0,1240.0
1987-01-13,6470.0,6584.0,6379.0,6379.0,2943.0
1987-01-14,6357.0,6470.0,6357.0,6470.0,2146.0
1987-01-15,6152.0,6266.0,6152.0,6243.0,762.0
1987-01-16,6152.0,6447.0,6152.0,6357.0,1790.0
1987-01-17,6379.0,6425.0,6243.0,6243.0,1184.0
1987-01-19,6266.0,6334.0,6084.0,6084.0,2713.0
1987-01-20,5948.0,6743.0,5948.0,6743.0,3891.0
1987-01-21,6697.0,6697.0,6130.0,6447.0,1264.0
1987-01-22,6243.0,6288.0,6130.0,6130.0,673.0
1987-01-23,6266.0,6674.0,6266.0,6357.0,2931.0
1987-01-24,6584.0,6584.0,6516.0,6516.0,926.0
1987-01-26,6538.0,6538.0,6357.0,6357.0,420.0
1987-01-27,6357.0,6697.0,6357.0,6697.0,2684.0
1987-01-28,6697.0,6811.0,6584.0,6697.0,1571.0
1987-01-30,6697.0,6811.0,6584.0,6811.0,1625.0
1987-01-31,6924.0,7038.0,6901.0,6901.0,704.0
1987-02-02,6901.0,7038.0,6879.0,6970.0,1330.0
1987-02-03,6970.0,6970.0,6833.0,6833.0,1672.0
1987-02-04,6833.0,7015.0,6697.0,6924.0,1851.0
1987-02-05,6947.0,7356.0,6947.0,7356.0,2371.0
1987-02-06,7424.0,7719.0,7378.0,7605.0,6330.0
1987-02-07,7719.0,7946.0,7719.0,7946.0,2962.0
1987-02-09,8059.0,8513.0,7946.0,8491.0,24303.0
1987-02-10,8491.0,8491.0,7810.0,7810.0,5193.0
1987-02-11,7673.0,8037.0,7673.0,7764.0,8419.0
1987-02-12,7719.0,7923.0,7446.0,7605.0,2828.0
1987-02-13,7628.0,8286.0,7628.0,7946.0,13066.0
1987-02-14,8059.0,8173.0,7946.0,8173.0,12582.0
1987-02-16,7946.0,8037.0,7719.0,8037.0,6375.0
1987-02-17,8037.0,8037.0,7764.0,7923.0,6388.0
1987-02-18,7946.0,7946.0,7787.0,7810.0,4449.0
1987-02-19,7946.0,7946.0,7832.0,7946.0,8398.0
1987-02-20,7946.0,8627.0,7946.0,8513.0,26396.0
1987-02-21,8513.0,8604.0,8400.0,8513.0,6579.0
1987-02-23,8513.0,8513.0,8173.0,8286.0,2677.0
1987-02-24,8264.0,8264.0,8082.0,8173.0,1796.0
1987-02-25,8173.0,8286.0,8105.0,8105.0,4175.0
1987-02-26,8173.0,8218.0,7969.0,8059.0,2490.0
1987-02-27,8105.0,8241.0,8105.0,8196.0,4869.0
1987-02-28,8309.0,8355.0,8241.0,8241.0,2022.0
1987-03-02,8309.0,8309.0,8059.0,8059.0,3145.0
1987-03-03,8173.0,8173.0,7946.0,7946.0,3786.0
1987-03-04,8082.0,8286.0,8082.0,8173.0,3967.0
1987-03-05,8332.0,8400.0,8196.0,8196.0,6447.0
1987-03-06,8173.0,8286.0,8082.0,8196.0,5405.0
1987-03-07,8309.0,8877.0,8286.0,8877.0,9181.0
1987-03-09,8877.0,9195.0,8831.0,9058.0,37054.0
1987-03-11,9195.0,9739.0,9195.0,9739.0,33392.0
1987-03-12,10012.0,10194.0,9399.0,9535.0,23236.0
1987-03-13,9876.0,10216.0,9649.0,10216.0,35042.0
1987-03-14,10897.0,10897.0,10897.0,10897.0,25292.0
1987-03-16,11579.0,11579.0,11579.0,11579.0,21848.0
1987-03-17,12691.0,12691.0,12033.0,12419.0,49573.0
1987-03-18,12146.0,12487.0,11851.0,12260.0,29249.0
1987-03-19,12941.0,13395.0,12941.0,13395.0,35252.0
1987-03-20,13894.0,14053.0,12373.0,12373.0,27402.0
1987-03-21,12033.0,13508.0,11964.0,12532.0,21269.0
1987-03-23,13508.0,13667.0,13259.0,13667.0,25403.0
1987-03-24,14076.0,14235.0,12532.0,12600.0,14078.0
1987-03-25,12033.0,13395.0,11851.0,12714.0,16648.0
1987-03-26,13395.0,13599.0,13077.0,13168.0,16494.0
1987-03-27,12691.0,12714.0,12123.0,12305.0,9043.0
1987-03-28,11692.0,11919.0,11488.0,11806.0,8487.0
1987-03-30,11828.0,12941.0,11828.0,12941.0,11923.0
1987-03-31,13168.0,13372.0,12373.0,12487.0,9008.0
1987-04-01,11806.0,12033.0,11624.0,11715.0,6886.0
1987-04-02,11806.0,12850.0,11806.0,12850.0,14300.0
1987-04-03,11715.0,12487.0,11715.0,12487.0,12487.0
1987-04-04,13576.0,13622.0,13190.0,13622.0,23980.0
1987-04-06,14303.0,14394.0,13281.0,13281.0,15443.0
1987-04-07,12600.0,12827.0,12260.0,12827.0,8895.0
1987-04-08,11919.0,12237.0,11692.0,11692.0,6917.0
1987-04-09,10670.0,11601.0,10670.0,11601.0,11706.0
1987-04-10,12033.0,12033.0,10466.0,10875.0,8851.0
1987-04-11,10670.0,11011.0,10670.0,10897.0,3394.0
1987-04-13,11124.0,11579.0,11124.0,11579.0,7682.0
1987-04-14,11851.0,11896.0,10897.0,11238.0,5992.0
1987-04-15,11124.0,11420.0,11102.0,11420.0,2418.0
1987-04-16,11601.0,11919.0,11238.0,11374.0,6052.0
1987-04-17,11147.0,11420.0,11147.0,11397.0,4210.0
1987-04-18,11397.0,11806.0,11351.0,11806.0,4476.0
1987-04-20,11919.0,12691.0,11919.0,12691.0,14477.0
1987-04-21,12487.0,12487.0,11874.0,12237.0,4183.0
1987-04-22,12169.0,12532.0,11647.0,11806.0,2661.0
1987-04-23,11964.0,12464.0,11919.0,12146.0,4305.0
1987-04-24,12487.0,12487.0,11193.0,11510.0,8532.0
1987-04-25,11465.0,11624.0,11351.0,11579.0,1899.0
1987-04-27,11601.0,11806.0,11420.0,11579.0,2045.0
1987-04-28,11579.0,11579.0,11147.0,11238.0,2688.0
1987-04-29,11238.0,11556.0,11170.0,11238.0,2869.0
1987-04-30,11283.0,11919.0,11147.0,11896.0,5030.0
1987-05-01,11806.0,12123.0,11579.0,12123.0,4515.0
1987-05-02,12033.0,12033.0,11669.0,11919.0,795.0
1987-05-04,11919.0,11919.0,11579.0,11579.0,3260.0
1987-05-06,11806.0,11806.0,11579.0,11715.0,2519.0
1987-05-07,11715.0,11715.0,11579.0,11692.0,3063.0
1987-05-08,11806.0,12373.0,11806.0,12373.0,9116.0
1987-05-09,12668.0,12918.0,12509.0,12646.0,10384.0
1987-05-11,12532.0,12600.0,12260.0,12373.0,5104.0
1987-05-12,12691.0,13508.0,12487.0,13508.0,16883.0
1987-05-13,14076.0,14189.0,13645.0,13781.0,25486.0
1987-05-14,13962.0,14916.0,13962.0,14916.0,28479.0
1987-05-15,15597.0,15756.0,13781.0,13781.0,32494.0
1987-05-16,14417.0,14916.0,14303.0,14530.0,19217.0
1987-05-18,14780.0,15665.0,14757.0,15665.0,29083.0
1987-05-19,15665.0,16119.0,14984.0,15211.0,24808.0
1987-05-20,15438.0,15665.0,14825.0,14961.0,15429.0
1987-05-21,15257.0,16097.0,15257.0,16097.0,20826.0
1987-05-22,16097.0,16732.0,15665.0,16732.0,20597.0
1987-05-23,16800.0,17141.0,16619.0,17005.0,21650.0
1987-05-25,16573.0,16732.0,16119.0,16732.0,15697.0
1987-05-26,16914.0,17777.0,16869.0,17777.0,19145.0
1987-05-27,17663.0,17936.0,17209.0,17482.0,20573.0
1987-05-28,16346.0,16800.0,16346.0,16346.0,14773.0
1987-05-29,17482.0,17482.0,16346.0,16573.0,22837.0
1987-05-30,16573.0,16573.0,15461.0,15779.0,5106.0
1987-06-01,16074.0,16074.0,15438.0,15529.0,8948.0
1987-06-02,15438.0,16028.0,14984.0,16028.0,7113.0
1987-06-03,16346.0,16483.0,15620.0,15665.0,13781.0
1987-06-04,15892.0,16778.0,15892.0,16778.0,10761.0
1987-06-05,17027.0,17027.0,16233.0,16483.0,10367.0
1987-06-08,16619.0,17027.0,16460.0,16573.0,9733.0
1987-06-09,16687.0,17482.0,16346.0,17482.0,24361.0
1987-06-10,17936.0,18049.0,16528.0,17686.0,34700.0
1987-06-11,17958.0,18322.0,17527.0,17663.0,27325.0
1987-06-12,17391.0,17936.0,17277.0,17845.0,19747.0
1987-06-13,17572.0,17572.0,17005.0,17027.0,8101.0
1987-06-15,17731.0,17799.0,16982.0,17027.0,12182.0
1987-06-16,17368.0,17368.0,16119.0,16573.0,8091.0
1987-06-17,16346.0,16346.0,15665.0,16006.0,7271.0
1987-06-18,15665.0,16914.0,15665.0,16914.0,9572.0
1987-06-19,16346.0,16369.0,16006.0,16006.0,4152.0
1987-06-20,15892.0,16346.0,15892.0,16119.0,3436.0
1987-06-22,16528.0,16528.0,15892.0,16346.0,4126.0
1987-06-23,16778.0,16778.0,15870.0,15892.0,2336.0
1987-06-24,15892.0,16346.0,15665.0,16119.0,4290.0
1987-06-25,15665.0,15665.0,15211.0,15552.0,2245.0
1987-06-26,15438.0,15892.0,15438.0,15665.0,2785.0
1987-06-27,16119.0,16324.0,16006.0,16324.0,3716.0
1987-06-29,16914.0,17232.0,16914.0,17232.0,3458.0
1987-06-30,18026.0,18117.0,17277.0,17595.0,13799.0
1987-07-01,17254.0,17459.0,17164.0,17345.0,4295.0
1987-07-02,17027.0,17254.0,17027.0,17254.0,4979.0
1987-07-03,17254.0,17254.0,16914.0,17027.0,6190.0
1987-07-04,17482.0,17936.0,17482.0,17936.0,12679.0
1987-07-06,18140.0,18231.0,17254.0,18026.0,13299.0
1987-07-07,18163.0,18935.0,18163.0,18935.0,24021.0
1987-07-08,19298.0,19616.0,18957.0,19479.0,18399.0
1987-07-09,19298.0,19707.0,18617.0,19570.0,14636.0
1987-07-10,19638.0,20433.0,19638.0,20251.0,24355.0
1987-07-11,20660.0,20751.0,19343.0,20320.0,14790.0
1987-07-13,19411.0,19411.0,19411.0,19411.0,1641.0
1987-07-14,18526.0,18957.0,18503.0,18503.0,11573.0
1987-07-15,17595.0,18163.0,17595.0,17663.0,13181.0
1987-07-16,17890.0,18390.0,17845.0,18390.0,9875.0
1987-07-18,18390.0,18617.0,18163.0,18163.0,4204.0
1987-07-20,18163.0,18163.0,17254.0,17254.0,4783.0
1987-07-21,17232.0,17936.0,16891.0,17731.0,3368.0
1987-07-22,18185.0,18412.0,17958.0,17958.0,10137.0
1987-07-23,18390.0,18730.0,18208.0,18639.0,12137.0
1987-07-24,19048.0,19184.0,18844.0,18844.0,14667.0
1987-07-25,19184.0,19752.0,19184.0,19752.0,11117.0
1987-07-27,20206.0,20660.0,19525.0,20660.0,28833.0
1987-07-28,21568.0,21568.0,21250.0,21319.0,33130.0
1987-07-29,21591.0,21773.0,21114.0,21319.0,23434.0
1987-07-30,21795.0,22227.0,21773.0,22227.0,17001.0
1987-07-31,23135.0,23135.0,23135.0,23135.0,15758.0
1987-08-01,24497.0,24497.0,24497.0,24497.0,24382.0
1987-08-03,23839.0,24497.0,23135.0,24497.0,43107.0
1987-08-04,25655.0,25859.0,25201.0,25541.0,31190.0
1987-08-05,26109.0,26223.0,24179.0,24179.0,30607.0
1987-08-06,24179.0,25541.0,23998.0,25541.0,18527.0
1987-08-07,25541.0,26064.0,24179.0,24179.0,31625.0
1987-08-08,23612.0,25428.0,23612.0,25428.0,11812.0
1987-08-10,26790.0,26790.0,26563.0,26790.0,23529.0
1987-08-11,26790.0,26790.0,25882.0,26109.0,15194.0
1987-08-12,26109.0,27471.0,25451.0,27471.0,14658.0
1987-08-13,28720.0,28834.0,27925.0,28834.0,27976.0
1987-08-14,29061.0,29401.0,28379.0,29197.0,18111.0
1987-08-17,28834.0,29855.0,28379.0,29855.0,16018.0
1987-08-18,30196.0,31217.0,30082.0,31217.0,14296.0
1987-08-19,32580.0,32580.0,30650.0,30650.0,19637.0
1987-08-20,32012.0,32012.0,31263.0,32012.0,27121.0
1987-08-21,33147.0,33374.0,32466.0,33374.0,22765.0
1987-08-22,33147.0,33147.0,32466.0,32920.0,11128.0
1987-08-24,32693.0,32920.0,31558.0,31785.0,12691.0
1987-08-25,31331.0,32466.0,30877.0,31785.0,18605.0
1987-08-26,31785.0,31785.0,30423.0,30423.0,8882.0
1987-08-27,30429.0,30429.0,28799.0,28799.0,2321.0
1987-08-28,27168.0,27168.0,27168.0,27168.0,1926.0
1987-08-29,25538.0,25538.0,25538.0,25538.0,5829.0
1987-08-31,26625.0,26625.0,26625.0,26625.0,3602.0
1987-09-01,27712.0,27712.0,26897.0,27141.0,28642.0
1987-09-02,27440.0,28228.0,27440.0,28228.0,4235.0
1987-09-03,29858.0,29858.0,27712.0,28527.0,16294.0
1987-09-04,29396.0,29858.0,28799.0,29070.0,6299.0
1987-09-05,28771.0,28799.0,27712.0,28391.0,3633.0
1987-09-07,28527.0,29559.0,27956.0,27983.0,4746.0
1987-09-08,27712.0,28255.0,27196.0,27440.0,4544.0
1987-09-09,28500.0,28500.0,27304.0,27440.0,2933.0
1987-09-10,28255.0,29070.0,27983.0,29070.0,8244.0
1987-09-11,29831.0,29940.0,29097.0,29885.0,13898.0
1987-09-12,29885.0,30646.0,29342.0,30619.0,5710.0
1987-09-14,30945.0,32249.0,30945.0,32249.0,13688.0
1987-09-15,32602.0,32602.0,30700.0,30700.0,4323.0
1987-09-16,31108.0,31298.0,30727.0,30972.0,8497.0
1987-09-17,30700.0,30972.0,29885.0,30972.0,5578.0
1987-09-18,31244.0,31515.0,29885.0,30238.0,11198.0
1987-09-19,30456.0,30700.0,30238.0,30374.0,7615.0
1987-09-21,31244.0,31244.0,29070.0,29614.0,8064.0
1987-09-22,29885.0,30374.0,28799.0,29885.0,11266.0
1987-09-23,29586.0,29586.0,28527.0,28554.0,3510.0
1987-09-24,28527.0,28527.0,26924.0,26924.0,2803.0
1987-09-25,25837.0,27848.0,25837.0,26761.0,9706.0
1987-09-26,27467.0,27549.0,26353.0,26897.0,5693.0
1987-09-28,26897.0,27033.0,25810.0,25810.0,2647.0
1987-09-29,24723.0,26082.0,24723.0,25538.0,8697.0
1987-09-30,25837.0,26625.0,25810.0,26625.0,3127.0
1987-10-02,27141.0,27712.0,27141.0,27712.0,3380.0
1987-10-05,27983.0,28255.0,27304.0,27440.0,2921.0
1987-10-06,28527.0,28799.0,27739.0,27983.0,5302.0
1987-10-10,27440.0,27440.0,26625.0,26897.0,403.0
1987-10-12,26353.0,26353.0,25864.0,26082.0,8272.0
1987-10-13,26625.0,27114.0,26217.0,26353.0,8717.0
1987-10-14,25810.0,25810.0,25267.0,25593.0,5263.0
1987-10-15,25593.0,25810.0,25321.0,25457.0,6944.0
1987-10-16,26489.0,26543.0,26353.0,26543.0,1913.0
1987-10-17,27630.0,27630.0,27576.0,27630.0,10419.0
1987-10-19,27440.0,27440.0,26489.0,27440.0,4575.0
1987-10-20,26353.0,26625.0,25810.0,26353.0,7201.0
1987-10-21,26353.0,27168.0,26353.0,26353.0,4192.0
1987-10-22,26897.0,26897.0,26353.0,26353.0,3104.0
1987-10-23,26353.0,27440.0,25946.0,27440.0,7990.0
1987-10-24,28527.0,28527.0,27440.0,27440.0,5786.0
1987-10-26,27440.0,28255.0,27033.0,27576.0,9405.0
1987-10-28,25946.0,26788.0,25946.0,26217.0,1948.0
1987-10-29,25810.0,26761.0,25565.0,26353.0,3677.0
1987-10-30,26380.0,26761.0,26353.0,26625.0,2436.0
1987-10-31,26625.0,26897.0,26353.0,26625.0,731.0
1987-11-02,25538.0,26353.0,25538.0,25810.0,2024.0
1987-11-03,25783.0,26734.0,24750.0,26734.0,4750.0
1987-11-04,25647.0,26299.0,25647.0,25810.0,2397.0
1987-11-05,24723.0,25538.0,24723.0,25267.0,1779.0
1987-11-06,24479.0,24723.0,24180.0,24180.0,1775.0
1987-11-07,23229.0,23636.0,23093.0,23636.0,2574.0
1987-11-09,24723.0,24723.0,24723.0,24723.0,2713.0
1987-11-10,25267.0,25267.0,23636.0,24180.0,2616.0
1987-11-11,23636.0,24207.0,23365.0,23365.0,1998.0
1987-11-12,22984.0,22984.0,22278.0,22278.0,2373.0
1987-11-13,22278.0,22821.0,21191.0,21191.0,3376.0
1987-11-14,20920.0,20920.0,20648.0,20702.0,1345.0
1987-11-16,20702.0,20702.0,19615.0,19615.0,1196.0
1987-11-17,18529.0,18529.0,18529.0,18529.0,7137.0
1987-11-18,19344.0,19344.0,19344.0,19344.0,1516.0
1987-11-19,20430.0,20430.0,20430.0,20430.0,6025.0
1987-11-20,20702.0,20920.0,19344.0,19371.0,4933.0
1987-11-21,18311.0,18746.0,18284.0,18474.0,3434.0
1987-11-23,18474.0,19289.0,18284.0,19289.0,2861.0
1987-11-24,19561.0,19561.0,18773.0,19045.0,4134.0
1987-11-25,19018.0,20132.0,19018.0,20132.0,6414.0
1987-11-26,19806.0,19806.0,19045.0,19289.0,2404.0
1987-11-27,19588.0,20376.0,19588.0,20132.0,6219.0
1987-11-28,20920.0,21218.0,20702.0,21218.0,4723.0
1987-11-30,21463.0,22278.0,21218.0,22278.0,8754.0
1987-12-01,22251.0,23365.0,21762.0,23365.0,8769.0
1987-12-02,24424.0,24451.0,23908.0,24451.0,17442.0
1987-12-03,24995.0,24995.0,23908.0,24479.0,8029.0
1987-12-04,24859.0,25538.0,24479.0,24479.0,15758.0
1987-12-05,24180.0,24424.0,23935.0,24207.0,5807.0
1987-12-07,24451.0,24506.0,23229.0,23229.0,7088.0
1987-12-08,23392.0,23392.0,22142.0,22142.0,4293.0
1987-12-09,23229.0,23229.0,22957.0,23093.0,6066.0
1987-12-10,22522.0,22522.0,22006.0,22006.0,4882.0
1987-12-11,21735.0,22006.0,21463.0,21735.0,5057.0
1987-12-12,22006.0,22061.0,21735.0,21735.0,2577.0
1987-12-14,21463.0,21463.0,20648.0,20648.0,2422.0
1987-12-15,20920.0,21653.0,20865.0,21191.0,8672.0
1987-12-17,22278.0,22278.0,22278.0,22278.0,685.0
1987-12-18,23365.0,23365.0,23365.0,23365.0,2441.0
1987-12-19,24316.0,24316.0,23636.0,23827.0,10374.0
1987-12-21,23365.0,23555.0,22740.0,22740.0,4428.0
1987-12-22,23120.0,23827.0,23093.0,23827.0,3596.0
1987-12-23,24913.0,24913.0,24913.0,24913.0,13692.0
1987-12-24,26000.0,26000.0,26000.0,26000.0,13762.0
1987-12-26,27087.0,27087.0,27005.0,27087.0,11785.0
1988-01-04,29342.0,30972.0,29342.0,30972.0,17151.0
1988-01-05,30429.0,32032.0,29369.0,31787.0,50560.0
1988-01-06,33417.0,33417.0,33417.0,33417.0,25241.0
1988-01-07,35047.0,35047.0,33417.0,34694.0,59692.0
1988-01-08,35591.0,36324.0,35319.0,36324.0,53930.0
1988-01-09,36324.0,36324.0,34694.0,34694.0,25511.0
1988-01-11,34259.0,36324.0,33961.0,36324.0,41187.0
1988-01-12,37954.0,37954.0,37954.0,37954.0,39626.0
1988-01-13,39123.0,39585.0,37248.0,39585.0,56790.0
1988-01-14,39394.0,40128.0,37954.0,38851.0,37677.0
1988-01-15,39666.0,39938.0,38063.0,38824.0,40954.0
1988-01-16,37982.0,37982.0,37194.0,37194.0,24386.0
1988-01-18,35564.0,35564.0,35564.0,35564.0,30401.0
1988-01-19,36406.0,37194.0,36406.0,37194.0,36948.0
1988-01-20,38797.0,38824.0,37791.0,38824.0,60516.0
1988-01-21,39720.0,40345.0,38851.0,38851.0,45820.0
1988-01-22,38009.0,39938.0,37221.0,39883.0,35236.0
1988-01-23,40617.0,40943.0,39394.0,40481.0,19695.0
1988-01-25,39666.0,41432.0,39394.0,41432.0,35683.0
1988-01-26,42790.0,42926.0,41785.0,42790.0,49887.0
1988-01-27,42926.0,43877.0,41568.0,43470.0,46871.0
1988-01-28,45616.0,45643.0,44013.0,45643.0,44901.0
1988-01-29,46187.0,46730.0,43470.0,43470.0,22233.0
1988-01-30,41432.0,42926.0,41405.0,42926.0,22833.0
1988-02-01,45100.0,45100.0,45100.0,45100.0,12248.0
1988-02-02,47273.0,47273.0,43198.0,43470.0,46143.0
1988-02-03,43307.0,45643.0,42247.0,45643.0,22414.0
1988-02-04,47817.0,47817.0,46730.0,47002.0,40073.0
1988-02-05,46187.0,48768.0,45643.0,48632.0,27566.0
1988-02-06,50805.0,50805.0,50805.0,50805.0,14683.0
1988-02-08,52979.0,52979.0,52979.0,52979.0,14551.0
1988-02-09,52435.0,55152.0,51077.0,54337.0,38616.0
1988-02-10,51620.0,52435.0,51620.0,51620.0,19285.0
1988-02-11,49447.0,51485.0,49447.0,51485.0,25531.0
1988-02-12,52979.0,53115.0,49854.0,51077.0,20163.0
1988-02-13,50262.0,51620.0,49990.0,51620.0,8612.0
1988-02-15,53522.0,53522.0,51077.0,51620.0,7708.0
1988-02-16,51349.0,51349.0,49447.0,50534.0,19650.0
1988-02-17,51077.0,51620.0,50534.0,51077.0,16504.0
1988-02-19,52164.0,52707.0,50262.0,50262.0,10963.0
1988-02-20,48903.0,49447.0,48088.0,49447.0,5564.0
1988-02-22,48903.0,49719.0,48224.0,48632.0,14139.0
1988-02-23,48360.0,48632.0,47002.0,47273.0,10337.0
1988-02-24,47817.0,48768.0,47817.0,48088.0,8680.0
1988-02-26,48088.0,48088.0,45915.0,45915.0,3495.0
1988-02-27,43741.0,45100.0,43741.0,44013.0,4552.0
1988-02-29,43198.0,43198.0,41840.0,41840.0,5833.0
1988-03-02,39938.0,41568.0,39666.0,41568.0,14092.0
1988-03-03,43470.0,43470.0,39394.0,39394.0,10314.0
1988-03-04,38308.0,41024.0,38036.0,41024.0,11997.0
1988-03-05,41296.0,42383.0,41024.0,42383.0,10302.0
1988-03-07,42383.0,44013.0,41840.0,43470.0,11385.0
1988-03-08,43470.0,43470.0,41840.0,42111.0,8295.0
1988-03-09,43470.0,44285.0,43470.0,44285.0,9955.0
1988-03-11,46458.0,46458.0,44013.0,44556.0,14415.0
1988-03-12,43606.0,45643.0,43606.0,45372.0,4074.0
1988-03-14,45372.0,46187.0,43198.0,43470.0,6711.0
1988-03-15,43470.0,44828.0,42383.0,44828.0,14055.0
1988-03-16,44828.0,45372.0,44556.0,44828.0,7420.0
1988-03-17,45100.0,45643.0,44828.0,45643.0,11084.0
1988-03-18,45915.0,46187.0,44828.0,45100.0,9245.0
1988-03-19,46187.0,47273.0,45915.0,47273.0,8602.0
1988-03-21,47273.0,47545.0,46458.0,46866.0,8954.0
1988-03-22,47273.0,47273.0,44692.0,44692.0,9026.0
1988-03-23,45915.0,46458.0,44013.0,45100.0,15606.0
1988-03-24,44013.0,44828.0,43877.0,44828.0,4589.0
1988-03-25,45915.0,45915.0,44828.0,45100.0,6202.0
1988-03-26,45100.0,45643.0,44556.0,44828.0,6540.0
1988-03-28,45100.0,45372.0,43741.0,44285.0,6509.0
1988-03-29,43470.0,45100.0,43470.0,44828.0,13474.0
1988-03-30,45649.0,47779.0,45649.0,47779.0,3984.0
1988-03-31,48388.0,49605.0,48083.0,49605.0,6437.0
1988-04-01,50214.0,50518.0,47170.0,47475.0,6973.0
1988-04-02,48083.0,48692.0,47475.0,48083.0,2844.0
1988-04-04,48388.0,48692.0,45953.0,46257.0,4639.0
1988-04-06,45649.0,46257.0,44736.0,45649.0,9667.0
1988-04-07,46562.0,47475.0,45344.0,45344.0,10345.0
1988-04-08,44736.0,45040.0,44127.0,44431.0,6204.0
1988-04-09,45344.0,45649.0,44584.0,45040.0,2517.0
1988-04-11,45040.0,45344.0,44431.0,44736.0,3166.0
1988-04-12,44736.0,46257.0,44736.0,45953.0,5141.0
1988-04-13,46562.0,47475.0,46257.0,47170.0,7807.0
1988-04-14,47018.0,47170.0,45649.0,45649.0,5329.0
1988-04-15,45953.0,46257.0,45344.0,45344.0,4328.0
1988-04-16,45649.0,45953.0,45344.0,45649.0,2715.0
1988-04-18,45040.0,45040.0,43214.0,43214.0,3654.0
1988-04-19,43214.0,43214.0,42301.0,43214.0,3827.0
1988-04-20,43823.0,44127.0,42910.0,42910.0,4389.0
1988-04-21,42605.0,42605.0,41692.0,41692.0,2772.0
1988-04-22,41692.0,41692.0,40171.0,40171.0,3870.0
1988-04-23,41084.0,41997.0,41084.0,41997.0,2661.0
1988-04-25,43214.0,43823.0,42605.0,43518.0,12697.0
1988-04-27,41692.0,42301.0,41692.0,41845.0,18964.0
1988-04-28,42605.0,43671.0,42605.0,43671.0,8217.0
1988-04-29,45497.0,45497.0,45497.0,45497.0,3108.0
1988-04-30,47322.0,47322.0,47322.0,47322.0,21195.0
1988-05-02,48235.0,49757.0,48235.0,49757.0,28660.0
1988-05-03,50822.0,51127.0,50214.0,51127.0,39712.0
1988-05-04,51735.0,51735.0,50214.0,51127.0,40522.0
1988-05-06,51127.0,51127.0,49605.0,49605.0,22933.0
1988-05-07,49605.0,51735.0,49301.0,51127.0,12446.0
1988-05-09,52040.0,52648.0,51279.0,51431.0,25778.0
1988-05-10,51127.0,53866.0,50518.0,52953.0,24598.0
1988-05-11,52953.0,54170.0,52344.0,54170.0,37677.0
1988-05-12,54779.0,55692.0,54779.0,55083.0,33872.0
1988-05-13,54779.0,55692.0,54170.0,55692.0,20225.0
1988-05-14,55387.0,55387.0,53257.0,53257.0,7205.0
1988-05-16,52344.0,55235.0,51887.0,54779.0,22460.0
1988-05-17,54779.0,54779.0,53257.0,53713.0,16175.0
1988-05-18,54779.0,55996.0,54779.0,55996.0,26905.0
1988-05-19,55692.0,55996.0,55083.0,55692.0,17460.0
1988-05-20,56300.0,56909.0,56300.0,56604.0,20908.0
1988-05-21,56300.0,56300.0,54779.0,54779.0,2723.0
1988-05-24,56300.0,57213.0,55692.0,55692.0,27877.0
1988-05-25,55692.0,56300.0,54779.0,56300.0,14516.0
1988-05-26,57213.0,58430.0,53866.0,57213.0,14506.0
1988-05-27,56300.0,56604.0,55692.0,56604.0,11564.0
1988-05-28,56909.0,57517.0,56604.0,56909.0,10203.0
1988-05-30,55996.0,55996.0,54779.0,54779.0,10324.0
1988-05-31,55387.0,56300.0,54779.0,55692.0,9337.0
1988-06-01,56604.0,56604.0,54170.0,54170.0,10139.0
1988-06-02,53866.0,54779.0,53561.0,54474.0,12263.0
1988-06-03,55083.0,55387.0,53257.0,54170.0,7434.0
1988-06-04,53561.0,54170.0,52953.0,53866.0,7331.0
1988-06-07,54170.0,55083.0,52648.0,53257.0,7615.0
1988-06-08,53105.0,53105.0,51431.0,51735.0,8895.0
1988-06-09,52344.0,54170.0,52344.0,54170.0,7220.0
1988-06-10,53866.0,54018.0,52648.0,53257.0,8520.0
1988-06-11,53866.0,55692.0,53866.0,55692.0,3145.0
1988-06-13,55692.0,55692.0,53561.0,54474.0,10190.0
1988-06-14,54474.0,54474.0,53105.0,53561.0,3703.0
1988-06-15,54322.0,54474.0,51735.0,51735.0,4264.0
1988-06-16,51735.0,52953.0,50822.0,52953.0,8530.0
1988-06-17,53561.0,53866.0,51735.0,52344.0,7654.0
1988-06-18,52648.0,53257.0,52344.0,52344.0,4208.0
1988-06-20,52800.0,52953.0,51431.0,51735.0,6365.0
1988-06-21,51735.0,52648.0,51431.0,52040.0,5088.0
1988-06-22,52648.0,52953.0,52344.0,52344.0,6622.0
1988-06-23,51735.0,52953.0,51127.0,52648.0,5112.0
1988-06-24,52648.0,53257.0,52040.0,52344.0,4414.0
1988-06-25,51735.0,52344.0,51127.0,52344.0,3506.0
1988-06-27,52953.0,53257.0,52344.0,52344.0,8703.0
1988-06-28,53257.0,53257.0,52040.0,52040.0,6478.0
1988-06-29,53257.0,53561.0,52800.0,53257.0,8192.0
1988-06-30,53257.0,53561.0,52800.0,53257.0,2993.0
1988-07-01,53257.0,53257.0,52344.0,52800.0,3335.0
1988-07-02,52648.0,53105.0,51735.0,52953.0,1837.0
1988-07-04,52648.0,52953.0,52344.0,52344.0,1567.0
1988-07-05,51735.0,53561.0,51735.0,53257.0,3333.0
1988-07-06,53866.0,53866.0,53257.0,53561.0,8371.0
1988-07-07,52344.0,52953.0,52344.0,52648.0,1973.0
1988-07-08,52344.0,53561.0,52040.0,53561.0,6006.0
1988-07-09,53561.0,53561.0,52648.0,53561.0,2811.0
1988-07-11,53561.0,53561.0,52344.0,52648.0,2799.0
1988-07-12,52648.0,52648.0,51735.0,52496.0,1919.0
1988-07-13,52496.0,52648.0,51735.0,51735.0,1454.0
1988-07-14,51735.0,53257.0,51735.0,53257.0,1992.0
1988-07-15,53257.0,53257.0,52040.0,52040.0,2286.0
1988-07-16,51735.0,51735.0,50822.0,51431.0,4047.0
1988-07-18,51735.0,51735.0,50822.0,50822.0,4021.0
1988-07-19,53257.0,53257.0,53257.0,53257.0,1019.0
1988-07-20,55692.0,55692.0,55692.0,55692.0,16525.0
1988-07-21,54474.0,54779.0,53257.0,54779.0,14840.0
1988-07-22,55996.0,57213.0,55692.0,57213.0,12802.0
1988-07-23,59648.0,59648.0,59648.0,59648.0,9210.0
1988-07-25,62082.0,62082.0,62082.0,62082.0,11352.0
1988-07-26,65126.0,65126.0,65126.0,65126.0,40328.0
1988-07-27,68169.0,68169.0,63300.0,63604.0,61414.0
1988-07-28,60561.0,64821.0,60561.0,63908.0,88899.0
1988-07-29,66952.0,66952.0,66952.0,66952.0,25857.0
1988-07-30,69995.0,69995.0,66952.0,66952.0,46335.0
1988-08-01,65734.0,69691.0,65430.0,69691.0,29606.0
1988-08-02,69691.0,69995.0,66647.0,66647.0,32251.0
1988-08-03,65734.0,68473.0,63908.0,63908.0,43715.0
1988-08-04,61778.0,63604.0,61474.0,62995.0,32587.0
1988-08-05,60865.0,66039.0,60561.0,65430.0,24066.0
1988-08-06,65126.0,66647.0,63908.0,66343.0,23939.0
1988-08-08,69386.0,69386.0,66952.0,68169.0,67973.0
1988-08-09,67560.0,69386.0,66343.0,68473.0,49773.0
1988-08-10,69995.0,69995.0,68473.0,69995.0,51788.0
1988-08-11,71517.0,73038.0,71517.0,73038.0,22672.0
1988-08-12,74560.0,76081.0,73343.0,74256.0,44856.0
1988-08-13,73038.0,73951.0,72430.0,73038.0,9653.0
1988-08-16,74560.0,75473.0,73951.0,74256.0,21860.0
1988-08-17,72734.0,72734.0,71212.0,72125.0,20173.0
1988-08-18,71212.0,73951.0,70908.0,73951.0,19118.0
1988-08-19,70908.0,72734.0,70908.0,70908.0,20181.0
1988-08-20,70908.0,72125.0,69995.0,71517.0,9173.0
1988-08-22,69995.0,70604.0,68473.0,69082.0,18739.0
1988-08-23,69386.0,70908.0,69082.0,69386.0,18280.0
1988-08-24,69386.0,70908.0,69386.0,69995.0,18127.0
1988-08-25,71212.0,72430.0,69995.0,70299.0,14137.0
1988-08-26,70908.0,70908.0,69386.0,70299.0,10950.0
1988-08-27,69995.0,69995.0,68473.0,68473.0,3833.0
1988-08-29,68169.0,68473.0,65430.0,66952.0,8095.0
1988-08-30,67865.0,69386.0,66343.0,66952.0,9675.0
1988-08-31,65430.0,65430.0,63908.0,63908.0,5009.0
1988-09-01,61169.0,63300.0,60865.0,60865.0,15373.0
1988-09-02,61169.0,61169.0,59343.0,59952.0,11974.0
1988-09-03,60256.0,62387.0,60256.0,62387.0,5255.0
1988-09-05,62387.0,62995.0,61169.0,62082.0,9014.0
1988-09-06,62995.0,62995.0,61474.0,61474.0,6612.0
1988-09-07,60865.0,61474.0,59952.0,60256.0,3277.0
1988-09-08,59952.0,62082.0,59648.0,60561.0,5718.0
1988-09-09,60865.0,62995.0,59952.0,62995.0,5823.0
1988-09-10,63908.0,64517.0,62995.0,62995.0,8833.0
1988-09-12,61474.0,62995.0,61474.0,62995.0,4488.0
1988-09-13,62082.0,62387.0,60865.0,61169.0,3059.0
1988-09-14,61778.0,62387.0,61169.0,62387.0,6647.0
1988-09-15,62387.0,62387.0,60865.0,61169.0,2006.0
1988-09-16,60256.0,60865.0,59952.0,59952.0,4171.0
1988-09-19,60865.0,60865.0,57517.0,58735.0,3798.0
1988-09-20,58126.0,59343.0,58126.0,59039.0,2488.0
1988-09-21,59039.0,59039.0,57822.0,58735.0,1913.0
1988-09-22,58735.0,60256.0,58430.0,60256.0,3728.0
1988-09-23,59343.0,59343.0,57822.0,58430.0,844.0
1988-09-24,57822.0,57822.0,57517.0,57517.0,949.0
1988-09-27,56909.0,56909.0,55083.0,55844.0,2645.0
1988-09-28,55844.0,55844.0,55235.0,55692.0,4552.0
1988-09-29,55844.0,56909.0,55387.0,55387.0,5174.0
1988-09-30,55996.0,57822.0,55996.0,57517.0,4095.0
1988-10-04,59039.0,59952.0,58430.0,58735.0,7638.0
1988-10-05,58126.0,60256.0,57822.0,58735.0,4445.0
1988-10-06,59648.0,61169.0,59648.0,60256.0,5720.0
1988-10-07,59952.0,62387.0,59343.0,61778.0,7310.0
1988-10-08,61778.0,62387.0,60865.0,61778.0,5679.0
1988-10-10,61778.0,62995.0,61778.0,62691.0,7205.0
1988-10-11,63604.0,63908.0,61169.0,61778.0,11945.0
1988-10-12,63908.0,63908.0,62387.0,63604.0,11043.0
1988-10-13,64213.0,65430.0,63908.0,65126.0,12765.0
1988-10-14,65126.0,66343.0,64213.0,66039.0,8705.0
1988-10-15,65734.0,66343.0,65126.0,66039.0,4342.0
1988-10-17,66039.0,66039.0,65126.0,65734.0,5638.0
1988-10-18,65430.0,68778.0,65430.0,68778.0,9931.0
1988-10-19,68778.0,68778.0,66343.0,66952.0,9752.0
1988-10-20,68778.0,69995.0,68169.0,68473.0,17433.0
1988-10-21,67560.0,68473.0,66952.0,67865.0,8761.0
1988-10-22,68778.0,69386.0,68778.0,68778.0,4363.0
1988-10-24,68778.0,69386.0,67256.0,69386.0,13155.0
1988-10-25,70299.0,70908.0,66343.0,68473.0,11725.0
1988-10-26,68778.0,69082.0,67560.0,67560.0,14240.0
1988-10-27,67560.0,69691.0,66952.0,69082.0,19293.0
1988-10-28,68778.0,69691.0,67865.0,67865.0,5430.0
1988-10-29,66952.0,66952.0,65734.0,66952.0,2818.0
1988-10-31,66952.0,67865.0,65430.0,65734.0,4558.0
1988-11-01,62995.0,68169.0,62995.0,67256.0,5518.0
1988-11-02,67865.0,68169.0,65734.0,65734.0,5660.0
1988-11-03,65734.0,66343.0,65734.0,66039.0,8270.0
1988-11-04,66952.0,68473.0,66647.0,68169.0,8462.0
1988-11-05,68169.0,68169.0,66039.0,66952.0,1876.0
1988-11-07,66952.0,66952.0,66343.0,66647.0,4014.0
1988-11-08,68473.0,69386.0,67256.0,67256.0,9766.0
1988-11-09,67256.0,67256.0,66343.0,66343.0,2152.0
1988-11-10,64821.0,66343.0,64821.0,66039.0,9364.0
1988-11-11,66343.0,66952.0,66343.0,66647.0,10732.0
1988-11-12,66039.0,66952.0,65734.0,66039.0,6056.0
1988-11-14,65430.0,65430.0,63908.0,64213.0,4950.0
1988-11-15,65126.0,66039.0,65126.0,65734.0,9842.0
1988-11-16,65126.0,65734.0,64517.0,64821.0,4843.0
1988-11-17,64821.0,66647.0,64213.0,66039.0,14967.0
1988-11-18,67865.0,68778.0,67256.0,67865.0,17069.0
1988-11-19,67560.0,67865.0,66952.0,67256.0,6581.0
1988-11-21,67560.0,69386.0,67560.0,69386.0,11632.0
1988-11-22,69995.0,69995.0,67560.0,67560.0,10411.0
1988-11-23,68473.0,69386.0,68169.0,69082.0,12246.0
1988-11-24,68778.0,69082.0,66952.0,67865.0,4581.0
1988-11-25,68473.0,69386.0,67560.0,67560.0,9910.0
1988-11-26,68473.0,68778.0,66952.0,66952.0,6167.0
1988-11-28,67865.0,68169.0,66952.0,66952.0,10100.0
1988-11-29,68169.0,69995.0,68169.0,69995.0,9541.0
1988-11-30,69995.0,69995.0,66952.0,68778.0,9527.0
1988-12-01,67865.0,69082.0,67256.0,69082.0,8225.0
1988-12-02,70299.0,70604.0,69082.0,69386.0,15025.0
1988-12-03,69082.0,69995.0,68473.0,69995.0,4194.0
1988-12-05,71517.0,72734.0,71212.0,72125.0,23519.0
1988-12-06,72125.0,73647.0,71212.0,73647.0,15855.0
1988-12-07,74560.0,75168.0,73951.0,74560.0,18725.0
1988-12-08,74256.0,75168.0,73343.0,74256.0,16006.0
1988-12-09,74256.0,74560.0,71212.0,72734.0,10771.0
1988-12-10,72430.0,72734.0,71517.0,72430.0,4665.0
1988-12-12,73343.0,74560.0,73343.0,73951.0,16461.0
1988-12-13,73647.0,73951.0,71212.0,72430.0,8559.0
1988-12-14,71517.0,74864.0,69691.0,74864.0,11047.0
1988-12-15,76994.0,77603.0,76386.0,76994.0,27121.0
1988-12-16,74864.0,76081.0,74864.0,76081.0,9836.0
1988-12-17,76386.0,77603.0,76081.0,76081.0,10320.0
1988-12-19,76081.0,76081.0,73038.0,73951.0,9929.0
1988-12-20,74560.0,76690.0,72430.0,73038.0,11058.0
1988-12-21,70299.0,74560.0,70299.0,73951.0,13183.0
1988-12-22,73647.0,73647.0,72430.0,73343.0,11575.0
1988-12-23,73038.0,73343.0,71517.0,71821.0,6357.0
1988-12-24,70908.0,71517.0,69995.0,71517.0,4773.0
1988-12-26,73038.0,73951.0,71821.0,73038.0,14871.0
1989-01-04,75777.0,75777.0,75777.0,75777.0,1967.0
1989-01-05,78516.0,78516.0,75777.0,76081.0,18220.0
1989-01-06,74560.0,76081.0,73343.0,75473.0,10415.0
1989-01-07,76386.0,76690.0,72430.0,75473.0,13303.0
1989-01-09,74256.0,74256.0,72430.0,73343.0,6153.0
1989-01-10,73647.0,74256.0,71517.0,71517.0,9385.0
1989-01-11,69995.0,70299.0,69082.0,69995.0,11420.0
1989-01-12,70908.0,71821.0,70604.0,70908.0,10920.0
1989-01-13,70299.0,70908.0,69995.0,69995.0,5285.0
1989-01-14,70604.0,73038.0,69995.0,71821.0,7193.0
1989-01-16,72430.0,72734.0,69082.0,69386.0,9725.0
1989-01-17,69995.0,70908.0,69386.0,69691.0,6342.0
1989-01-18,68473.0,69082.0,67865.0,68778.0,5568.0
1989-01-19,68473.0,69386.0,68169.0,68778.0,7646.0
1989-01-20,68473.0,70604.0,68169.0,70299.0,7012.0
1989-01-21,70299.0,70299.0,68778.0,69082.0,3345.0
1989-01-23,68473.0,70604.0,68473.0,70604.0,6134.0
1989-01-24,70299.0,70908.0,69082.0,69386.0,5778.0
1989-01-25,69082.0,70604.0,68778.0,70299.0,3994.0
1989-01-26,70604.0,70604.0,69082.0,69386.0,4707.0
1989-01-27,69995.0,70604.0,69995.0,69995.0,4867.0
1989-01-28,69691.0,69691.0,69082.0,69386.0,2708.0
1989-01-30,69082.0,69995.0,68778.0,69995.0,5259.0
1989-01-31,70299.0,70604.0,69691.0,69691.0,6466.0
1989-02-01,69691.0,71517.0,69691.0,70908.0,11711.0
1989-02-02,70908.0,70908.0,69691.0,69691.0,12073.0
1989-02-03,70604.0,70908.0,69995.0,70299.0,6765.0
1989-02-04,70299.0,70908.0,69995.0,70299.0,3396.0
1989-02-08,70604.0,71517.0,70604.0,71212.0,7615.0
1989-02-09,71212.0,72125.0,70908.0,71517.0,14613.0
1989-02-10,71212.0,71517.0,69995.0,70908.0,8134.0
1989-02-11,70604.0,70604.0,69995.0,69995.0,2894.0
1989-02-13,69386.0,70908.0,69386.0,70908.0,6447.0
1989-02-14,71517.0,71517.0,69995.0,70604.0,7922.0
1989-02-15,70299.0,70604.0,69691.0,69995.0,6153.0
1989-02-16,69995.0,69995.0,69082.0,69386.0,6948.0
1989-02-17,70299.0,71517.0,69995.0,70908.0,9657.0
1989-02-18,71517.0,72430.0,71517.0,71517.0,10328.0
1989-02-20,72734.0,73647.0,72125.0,72430.0,14852.0
1989-02-21,72430.0,72430.0,71821.0,72430.0,9181.0
1989-02-22,73038.0,73038.0,71821.0,72125.0,12846.0
1989-02-23,73038.0,73038.0,72430.0,72734.0,10604.0
1989-02-24,72734.0,73038.0,72125.0,73038.0,7111.0
1989-02-25,73647.0,73951.0,73343.0,73343.0,12032.0
1989-02-27,72734.0,73038.0,72125.0,72734.0,6773.0
1989-02-28,72125.0,72430.0,71821.0,71821.0,3180.0
1989-03-02,72734.0,72734.0,71517.0,71821.0,3044.0
1989-03-03,71517.0,71517.0,70604.0,71212.0,3359.0
1989-03-04,70908.0,71517.0,69995.0,71212.0,2492.0
1989-03-06,72734.0,73647.0,72430.0,73647.0,6369.0
1989-03-07,73343.0,73951.0,73038.0,73951.0,16195.0
1989-03-08,74560.0,76386.0,74256.0,76081.0,29696.0
1989-03-09,76081.0,76690.0,75168.0,75168.0,30339.0
1989-03-11,76994.0,78212.0,76690.0,76690.0,22701.0
1989-03-13,77603.0,78212.0,76690.0,77299.0,24478.0
1989-03-14,77603.0,78212.0,76690.0,78212.0,35359.0
1989-03-15,80038.0,81255.0,79733.0,80038.0,21759.0
1989-03-16,79125.0,79125.0,77603.0,79125.0,6548.0
1989-03-17,79733.0,79733.0,76081.0,77907.0,12009.0
1989-03-18,76994.0,77907.0,76081.0,77603.0,7545.0
1989-03-20,78820.0,80038.0,76690.0,76994.0,11692.0
1989-03-21,76690.0,76994.0,76081.0,76690.0,9712.0
1989-03-22,76994.0,76994.0,75168.0,75473.0,5477.0
1989-03-23,74864.0,75473.0,74560.0,75168.0,8110.0
1989-03-24,74560.0,75168.0,73647.0,74256.0,8516.0
1989-03-25,74864.0,75168.0,74256.0,75168.0,6610.0
1989-03-27,75168.0,76081.0,74560.0,74560.0,6182.0
1989-03-28,74560.0,76081.0,74560.0,75777.0,6684.0
1989-03-29,76994.0,77299.0,74864.0,75777.0,9037.0
1989-03-30,76081.0,76386.0,75168.0,76081.0,8979.0
1989-03-31,76081.0,77299.0,76081.0,76386.0,12947.0
1989-04-01,77603.0,77907.0,76994.0,76994.0,8623.0
1989-04-03,79125.0,80038.0,78212.0,78820.0,25298.0
1989-04-04,77603.0,78212.0,76690.0,77907.0,9366.0
1989-04-06,77907.0,77907.0,74864.0,76081.0,5139.0
1989-04-07,76081.0,76081.0,75168.0,75473.0,5331.0
1989-04-08,74864.0,76690.0,74560.0,76081.0,3889.0
1989-04-10,76994.0,76994.0,73343.0,74560.0,6503.0
1989-04-11,73951.0,75473.0,73951.0,74864.0,5269.0
1989-04-12,73951.0,73951.0,71821.0,72734.0,3860.0
1989-04-13,73343.0,74560.0,73038.0,74256.0,7525.0
1989-04-14,74256.0,74256.0,72430.0,73647.0,5454.0
1989-04-15,73951.0,74560.0,73647.0,73951.0,2951.0
1989-04-17,73951.0,75473.0,72430.0,73951.0,6987.0
1989-04-18,74560.0,75168.0,73951.0,74560.0,5236.0
1989-04-19,75473.0,75777.0,73343.0,74560.0,4824.0
1989-04-20,73038.0,73951.0,72430.0,73951.0,2239.0
1989-04-21,74864.0,74864.0,73647.0,73951.0,4216.0
1989-04-22,74560.0,74560.0,73951.0,74256.0,8322.0
1989-04-24,77299.0,77299.0,76994.0,77299.0,13410.0
1989-04-25,77907.0,79429.0,77299.0,79125.0,55022.0
1989-04-26,80646.0,80646.0,78820.0,78820.0,25467.0
1989-04-27,78212.0,79733.0,78212.0,79733.0,18057.0
1989-04-28,80038.0,80342.0,77603.0,77907.0,14770.0
1989-04-29,78212.0,78516.0,77907.0,78212.0,5399.0
1989-05-01,78516.0,79125.0,75777.0,77603.0,4711.0
1989-05-02,77603.0,78516.0,76994.0,76994.0,5071.0
1989-05-03,76081.0,76690.0,74560.0,75473.0,5436.0
1989-05-04,75473.0,77299.0,74864.0,76994.0,4602.0
1989-05-06,76994.0,77299.0,76081.0,76386.0,2875.0
1989-05-08,76690.0,77299.0,75473.0,76081.0,4480.0
1989-05-09,76690.0,76994.0,76081.0,76690.0,4560.0
1989-05-10,77299.0,77603.0,76690.0,76690.0,3703.0
1989-05-11,76386.0,76690.0,76081.0,76386.0,4486.0
1989-05-13,76386.0,76386.0,75168.0,75777.0,1732.0
1989-05-15,75777.0,75777.0,74256.0,74864.0,2200.0
1989-05-16,73343.0,76081.0,73343.0,75473.0,4843.0
1989-05-17,76081.0,76386.0,75473.0,75473.0,3440.0
1989-05-18,75168.0,75473.0,74560.0,74864.0,2086.0
1989-05-19,75473.0,76081.0,75168.0,75168.0,4130.0
1989-05-20,75777.0,76081.0,75168.0,75168.0,2224.0
1989-05-22,75777.0,75777.0,74864.0,75473.0,3930.0
1989-05-23,75473.0,75473.0,74560.0,75168.0,6445.0
1989-05-24,75777.0,76386.0,75168.0,76386.0,4443.0
1989-05-25,76081.0,76081.0,75168.0,75473.0,1590.0
1989-05-26,74864.0,75777.0,74864.0,75473.0,3623.0
1989-05-27,75473.0,75777.0,75168.0,75473.0,3015.0
1989-05-29,75473.0,75473.0,74256.0,74256.0,1851.0
1989-05-30,74256.0,74560.0,73038.0,73647.0,3174.0
1989-05-31,73647.0,74256.0,73343.0,73951.0,2665.0
1989-06-01,74560.0,75473.0,74560.0,74560.0,2956.0
1989-06-02,74560.0,74560.0,73038.0,73647.0,1769.0
1989-06-03,73951.0,74560.0,71517.0,73647.0,3572.0
1989-06-05,73038.0,73038.0,70908.0,71821.0,2156.0
1989-06-07,71821.0,72125.0,70908.0,72125.0,12724.0
1989-06-08,73038.0,75168.0,73038.0,75168.0,9241.0
1989-06-09,74560.0,76690.0,74256.0,76386.0,14731.0
1989-06-10,76386.0,76386.0,75168.0,76081.0,8934.0
1989-06-12,75777.0,75777.0,74560.0,75473.0,4894.0
1989-06-13,76386.0,76994.0,74864.0,74864.0,8905.0
1989-06-14,73951.0,76081.0,73951.0,75473.0,3788.0
1989-06-15,75473.0,75473.0,74560.0,74864.0,3810.0
1989-06-16,74256.0,74864.0,72734.0,74560.0,6346.0
1989-06-17,74560.0,74560.0,73647.0,74560.0,2480.0
1989-06-19,73951.0,73951.0,72734.0,73951.0,3934.0
1989-06-20,73343.0,74864.0,72734.0,74864.0,3895.0
1989-06-21,74864.0,74864.0,73038.0,73647.0,1987.0
1989-06-22,73038.0,73343.0,72430.0,73038.0,3967.0
1989-06-23,71821.0,72734.0,71821.0,72430.0,2381.0
1989-06-24,73038.0,74560.0,72430.0,73647.0,4715.0
1989-06-26,74560.0,74560.0,72430.0,73038.0,3623.0
1989-06-27,72125.0,73038.0,72125.0,73038.0,2921.0
1989-06-28,72125.0,73038.0,71212.0,71517.0,4258.0
1989-06-29,71821.0,72430.0,70908.0,71212.0,2605.0
1989-06-30,70604.0,70908.0,69995.0,70604.0,2486.0
1989-07-01,69995.0,70604.0,69386.0,69386.0,1843.0
1989-07-03,69995.0,70908.0,69995.0,70604.0,3543.0
1989-07-04,70908.0,72734.0,70908.0,72430.0,4470.0
1989-07-05,72430.0,72430.0,70604.0,71212.0,2542.0
1989-07-06,70604.0,71212.0,70299.0,70604.0,1474.0
1989-07-07,69995.0,71821.0,69386.0,71517.0,3504.0
1989-07-08,69995.0,70299.0,69386.0,70299.0,869.0
1989-07-10,70908.0,70908.0,69691.0,69691.0,1244.0
1989-07-11,69995.0,71517.0,69995.0,70908.0,4461.0
1989-07-12,71821.0,72430.0,70908.0,71212.0,5586.0
1989-07-13,71212.0,73038.0,70604.0,72734.0,10586.0
1989-07-14,72125.0,73343.0,71821.0,72430.0,5599.0
1989-07-15,73038.0,73038.0,72430.0,72430.0,2360.0
1989-07-18,73038.0,73343.0,71517.0,71517.0,4381.0
1989-07-19,72734.0,72734.0,70908.0,71212.0,4173.0
1989-07-20,71821.0,71821.0,71212.0,71517.0,7102.0
1989-07-21,72430.0,72734.0,71212.0,71517.0,4431.0
1989-07-22,71517.0,71821.0,71212.0,71517.0,3353.0
1989-07-24,71517.0,71517.0,70908.0,71212.0,4146.0
1989-07-25,71517.0,72125.0,71517.0,71821.0,2459.0
1989-07-26,71821.0,72430.0,71212.0,71212.0,4987.0
1989-07-27,71517.0,71517.0,70299.0,70908.0,1398.0
1989-07-28,69995.0,70908.0,69995.0,70908.0,2346.0
1989-07-29,71212.0,71517.0,70908.0,71212.0,2230.0
1989-07-31,71517.0,71517.0,70604.0,70604.0,3629.0
1989-08-01,71212.0,71517.0,70604.0,70604.0,1961.0
1989-08-02,70299.0,70604.0,69995.0,70604.0,1666.0
1989-08-03,70604.0,70604.0,69691.0,69995.0,1643.0
1989-08-04,69995.0,69995.0,69082.0,69082.0,1994.0
1989-08-05,69995.0,70604.0,69691.0,70299.0,5846.0
1989-08-07,70604.0,70908.0,70299.0,70299.0,5036.0
1989-08-08,70604.0,70908.0,69995.0,70299.0,2346.0
1989-08-09,70908.0,71821.0,70604.0,71821.0,6188.0
1989-08-10,72430.0,72430.0,69995.0,71517.0,3988.0
1989-08-11,71212.0,71212.0,70604.0,70604.0,2898.0
1989-08-12,70604.0,70908.0,70299.0,70604.0,3137.0
1989-08-14,70604.0,71212.0,70299.0,70604.0,4542.0
1989-08-16,70604.0,70604.0,68473.0,69691.0,2857.0
1989-08-17,69691.0,70299.0,69386.0,69386.0,2577.0
1989-08-18,69386.0,69386.0,68169.0,68473.0,3740.0
1989-08-19,68778.0,69386.0,68169.0,68169.0,3182.0
1989-08-21,68169.0,68778.0,67865.0,68473.0,4719.0
1989-08-22,68778.0,69691.0,68473.0,69082.0,5545.0
1989-08-23,69691.0,69995.0,69082.0,69082.0,5135.0
1989-08-24,69995.0,72125.0,69995.0,72125.0,4758.0
1989-08-25,72125.0,73038.0,70908.0,71517.0,9224.0
1989-08-26,71517.0,71517.0,70604.0,71212.0,4373.0
1989-08-28,72125.0,73038.0,71212.0,71212.0,9189.0
1989-08-29,71821.0,73647.0,71212.0,73343.0,12753.0
1989-08-30,73343.0,73343.0,71517.0,72125.0,4641.0
1989-08-31,72430.0,73647.0,71517.0,71517.0,11603.0
1989-09-01,74560.0,74560.0,72430.0,72734.0,14803.0
1989-09-02,72430.0,72430.0,71212.0,71821.0,3151.0
1989-09-04,71821.0,71821.0,69995.0,70604.0,3508.0
1989-09-05,70604.0,70604.0,68473.0,69386.0,1748.0
1989-09-06,69691.0,69995.0,68473.0,68473.0,4325.0
1989-09-07,68473.0,68473.0,67560.0,67865.0,3841.0
1989-09-08,68169.0,68169.0,67256.0,67865.0,4496.0
1989-09-09,67865.0,68473.0,67865.0,68169.0,3615.0
1989-09-11,68778.0,69082.0,68473.0,68778.0,3184.0
1989-09-12,68778.0,69386.0,68778.0,69386.0,3009.0
1989-09-16,69691.0,69691.0,68778.0,68778.0,648.0
1989-09-18,67560.0,68169.0,66952.0,67256.0,1862.0
1989-09-19,66952.0,66952.0,66343.0,66343.0,2090.0
1989-09-20,66343.0,66952.0,65430.0,65734.0,2750.0
1989-09-21,65734.0,66952.0,65126.0,65430.0,3087.0
1989-09-22,66343.0,66343.0,65430.0,65734.0,2342.0
1989-09-23,66039.0,66039.0,64821.0,65430.0,1615.0
1989-09-25,65734.0,65734.0,63908.0,64821.0,2268.0
1989-09-26,64821.0,65734.0,63908.0,64821.0,4762.0
1989-09-27,65126.0,65430.0,64821.0,65126.0,4124.0
1989-09-28,65430.0,65734.0,65126.0,65430.0,5259.0
1989-09-29,65430.0,66952.0,64821.0,66952.0,7142.0
1989-09-30,68810.0,69770.0,68490.0,69450.0,3207.0
1989-10-04,69770.0,69770.0,68810.0,69130.0,2807.0
1989-10-05,68170.0,68810.0,67850.0,68170.0,2125.0
1989-10-06,67850.0,69130.0,67850.0,69130.0,5741.0
1989-10-07,70090.0,70410.0,69770.0,69770.0,5955.0
1989-10-10,70410.0,71370.0,70410.0,70410.0,7805.0
1989-10-11,71050.0,71370.0,70410.0,70410.0,5487.0
1989-10-12,70410.0,70730.0,69450.0,70090.0,3079.0
1989-10-13,69770.0,73291.0,69450.0,72971.0,6517.0
1989-10-14,73611.0,73931.0,72010.0,72651.0,8307.0
1989-10-16,73291.0,73291.0,72010.0,72651.0,7580.0
1989-10-17,72651.0,73611.0,72331.0,73291.0,8750.0
1989-10-18,73291.0,73291.0,71690.0,71690.0,2851.0
1989-10-19,71050.0,72651.0,70730.0,72651.0,4542.0
1989-10-20,69450.0,72331.0,69450.0,71370.0,2527.0
1989-10-21,71370.0,71370.0,70730.0,70730.0,1633.0
1989-10-23,69450.0,70410.0,68810.0,69770.0,2202.0
1989-10-24,69130.0,70730.0,69130.0,70410.0,2624.0
1989-10-25,70090.0,70410.0,69770.0,69770.0,1771.0
1989-10-26,69770.0,70410.0,69130.0,69770.0,1683.0
1989-10-27,69770.0,69770.0,68810.0,69450.0,1866.0
1989-10-28,69770.0,70090.0,68810.0,69130.0,1075.0
1989-10-30,69130.0,69130.0,68170.0,68810.0,2317.0
1989-10-31,68170.0,68490.0,67210.0,67530.0,2824.0
1989-11-01,68170.0,68170.0,67210.0,67530.0,2669.0
1989-11-02,67210.0,67530.0,66570.0,67210.0,2607.0
1989-11-03,66570.0,67850.0,66570.0,67530.0,3265.0
1989-11-04,68170.0,68170.0,67530.0,68170.0,3209.0
1989-11-06,67530.0,68490.0,67530.0,67850.0,4453.0
1989-11-07,67530.0,67850.0,66890.0,67530.0,3331.0
1989-11-08,68490.0,69450.0,68490.0,69130.0,8452.0
1989-11-09,70410.0,72331.0,70090.0,72331.0,9024.0
1989-11-10,75531.0,75531.0,74571.0,75531.0,20299.0
1989-11-11,77771.0,77771.0,76811.0,77771.0,18247.0
1989-11-13,76811.0,78411.0,76171.0,77771.0,15911.0
1989-11-14,77451.0,78411.0,75531.0,75531.0,18000.0
1989-11-15,75531.0,76171.0,75211.0,75531.0,17468.0
1989-11-16,76491.0,76811.0,74891.0,75211.0,7636.0
1989-11-17,74571.0,75211.0,72971.0,73611.0,3773.0
1989-11-18,72971.0,74251.0,72971.0,74251.0,4898.0
1989-11-20,73931.0,73931.0,72971.0,72971.0,3157.0
1989-11-21,72971.0,73931.0,72331.0,73291.0,9136.0
1989-11-22,73931.0,75531.0,73931.0,75531.0,11336.0
1989-11-23,76171.0,76811.0,75531.0,75851.0,11772.0
1989-11-24,76171.0,78411.0,75851.0,76811.0,17015.0
1989-11-25,77771.0,77771.0,76171.0,76171.0,4459.0
1989-11-27,76811.0,77131.0,75211.0,75851.0,9585.0
1989-11-28,75851.0,76491.0,75851.0,75851.0,6000.0
1989-11-29,75851.0,76491.0,75851.0,75851.0,3992.0
1989-11-30,75851.0,76171.0,75851.0,75851.0,6344.0
1989-12-01,76171.0,76491.0,74891.0,75531.0,5903.0
1989-12-02,75211.0,75851.0,74891.0,75531.0,4451.0
1989-12-04,75531.0,76171.0,74891.0,75531.0,4369.0
1989-12-05,75851.0,76491.0,75211.0,75531.0,4849.0
1989-12-06,75531.0,76171.0,73611.0,74891.0,4262.0
1989-12-07,74891.0,74891.0,73611.0,74251.0,2667.0
1989-12-08,73291.0,75851.0,72331.0,73611.0,5903.0
1989-12-09,72971.0,72971.0,71370.0,71370.0,1647.0
1989-12-11,70730.0,72331.0,69130.0,70410.0,2290.0
1989-12-12,73611.0,73611.0,73611.0,73611.0,455.0
1989-12-13,76811.0,76811.0,76811.0,76811.0,5257.0
1989-12-14,76811.0,78091.0,74571.0,77451.0,19522.0
1989-12-15,76491.0,76811.0,74891.0,75211.0,3407.0
1989-12-16,75851.0,76171.0,75211.0,75211.0,2919.0
1989-12-18,75211.0,76171.0,73931.0,73931.0,5104.0
1989-12-19,73611.0,73931.0,72331.0,73611.0,6721.0
1989-12-20,74571.0,74571.0,73611.0,73931.0,7436.0
1989-12-21,73611.0,74571.0,73291.0,73931.0,13618.0
1989-12-22,73931.0,74571.0,72971.0,73291.0,9440.0
1989-12-23,73611.0,73611.0,72010.0,73291.0,13777.0
1989-12-26,74251.0,75531.0,74251.0,74891.0,25037.0
1990-01-03,73611.0,77451.0,72971.0,77451.0,7984.0
1990-01-04,79052.0,80652.0,78411.0,79692.0,44543.0
1990-01-05,77771.0,80652.0,77771.0,79052.0,34877.0
1990-01-06,79692.0,80012.0,78091.0,78091.0,9302.0
1990-01-08,78091.0,79052.0,77451.0,78411.0,10621.0
1990-01-09,78411.0,78411.0,77451.0,77771.0,5498.0
1990-01-10,77771.0,78091.0,76171.0,76491.0,4766.0
1990-01-11,76811.0,78411.0,76171.0,76491.0,10613.0
1990-01-12,76491.0,77131.0,75531.0,76171.0,6480.0
1990-01-13,76171.0,76171.0,75211.0,75211.0,2612.0
1990-01-15,74251.0,75211.0,74251.0,74571.0,3833.0
1990-01-16,74891.0,74891.0,73291.0,74251.0,4626.0
1990-01-17,73291.0,74251.0,72971.0,73611.0,4078.0
1990-01-18,74251.0,75211.0,72971.0,73931.0,4960.0
1990-01-19,73931.0,73931.0,72971.0,72971.0,2830.0
1990-01-20,73611.0,75211.0,73291.0,74571.0,3926.0
1990-01-22,76171.0,77771.0,75851.0,76811.0,13064.0
1990-01-23,76811.0,77771.0,75851.0,76811.0,11179.0
1990-01-24,77771.0,78411.0,77131.0,77771.0,18502.0
1990-01-25,77771.0,77771.0,75851.0,75851.0,7898.0
1990-01-29,75211.0,76491.0,75211.0,76171.0,7865.0
1990-01-30,76171.0,76171.0,73611.0,75531.0,6074.0
1990-01-31,75211.0,75531.0,73931.0,75531.0,6919.0
1990-02-01,75211.0,75211.0,73931.0,74571.0,2787.0
1990-02-02,73611.0,74571.0,73291.0,73931.0,4725.0
1990-02-03,73931.0,74251.0,73291.0,74251.0,1200.0
1990-02-05,74251.0,74891.0,73611.0,74251.0,3609.0
1990-02-06,74891.0,75531.0,74571.0,75531.0,6437.0
1990-02-07,76171.0,76171.0,74571.0,74891.0,1503.0
1990-02-08,74891.0,75531.0,73931.0,75531.0,2329.0
1990-02-09,75531.0,75531.0,74571.0,74571.0,4457.0
1990-02-10,74571.0,74571.0,73611.0,74571.0,2088.0
1990-02-12,73931.0,75211.0,73611.0,74571.0,2156.0
1990-02-13,74251.0,75211.0,72971.0,73611.0,5794.0
1990-02-14,73611.0,74571.0,73611.0,74251.0,2929.0
1990-02-15,74251.0,74891.0,73931.0,73931.0,1763.0
1990-02-16,73931.0,74891.0,73931.0,74251.0,3666.0
1990-02-17,74251.0,74251.0,73931.0,73931.0,1804.0
1990-02-19,73931.0,73931.0,72971.0,73611.0,2253.0
1990-02-20,73291.0,73611.0,72971.0,73291.0,3108.0
1990-02-21,73291.0,73291.0,72971.0,72971.0,1757.0
1990-02-22,72651.0,72971.0,72331.0,72971.0,4674.0
1990-02-23,73611.0,73611.0,72331.0,72331.0,1913.0
1990-02-24,72331.0,72331.0,71690.0,72010.0,1777.0
1990-02-26,71690.0,72010.0,71050.0,71050.0,1804.0
1990-02-27,70410.0,74251.0,70410.0,74251.0,4534.0
1990-02-28,73291.0,73931.0,72651.0,72651.0,2910.0
1990-03-02,73931.0,75211.0,73611.0,73931.0,7731.0
1990-03-03,74251.0,74251.0,73291.0,73291.0,1108.0
1990-03-05,73611.0,75211.0,73291.0,73931.0,11049.0
1990-03-06,73931.0,74891.0,73611.0,74251.0,5800.0
1990-03-07,74251.0,74571.0,72651.0,72651.0,2500.0
1990-03-08,72651.0,73931.0,72010.0,72331.0,3096.0
1990-03-09,72331.0,73291.0,72331.0,73291.0,2620.0
1990-03-12,73291.0,73931.0,72651.0,73291.0,4960.0
1990-03-13,73611.0,73931.0,72651.0,72971.0,2830.0
1990-03-14,72971.0,73611.0,72331.0,72331.0,2976.0
1990-03-15,72331.0,72331.0,71690.0,72010.0,1899.0
1990-03-16,72651.0,73611.0,72651.0,73611.0,5811.0
1990-03-17,73611.0,73611.0,72010.0,72971.0,2047.0
1990-03-19,74251.0,74251.0,73291.0,74251.0,4381.0
1990-03-20,74891.0,75531.0,74571.0,75211.0,13087.0
1990-03-21,75531.0,75851.0,73611.0,74891.0,7078.0
1990-03-22,74891.0,74891.0,73931.0,73931.0,4336.0
1990-03-23,74571.0,74571.0,72971.0,73611.0,4474.0
1990-03-24,73291.0,73611.0,72971.0,73291.0,2045.0
1990-03-26,73611.0,73931.0,73291.0,73611.0,4130.0
1990-03-27,73931.0,75531.0,73931.0,73931.0,12294.0
1990-03-28,73931.0,74571.0,73611.0,74251.0,10483.0
1990-03-29,73931.0,75211.0,73931.0,74571.0,5559.0
1990-03-30,74571.0,76811.0,73931.0,76811.0,9826.0
1990-03-31,76491.0,76811.0,75531.0,76491.0,19110.0
1990-04-02,76491.0,79372.0,76491.0,77451.0,37335.0
1990-04-03,77771.0,78731.0,76811.0,77451.0,26184.0
1990-04-04,77131.0,77451.0,75531.0,76171.0,8734.0
1990-04-06,76171.0,76171.0,74571.0,75531.0,4431.0
1990-04-07,75531.0,75531.0,74891.0,74891.0,2259.0
1990-04-09,74891.0,75851.0,74251.0,74571.0,5403.0
1990-04-10,74571.0,75211.0,74251.0,74251.0,2836.0
1990-04-11,74251.0,75531.0,74251.0,75531.0,3419.0
1990-04-12,75531.0,75531.0,73931.0,74891.0,4501.0
1990-04-13,75211.0,75211.0,73611.0,74251.0,2925.0
1990-04-14,74251.0,74251.0,73291.0,73291.0,2130.0
1990-04-16,72651.0,72971.0,71690.0,71690.0,2986.0
1990-04-17,71370.0,73611.0,71370.0,72651.0,5615.0
1990-04-18,72331.0,73291.0,69450.0,70410.0,5230.0
1990-04-19,70410.0,71690.0,68170.0,68170.0,4066.0
1990-04-20,68810.0,69450.0,67530.0,67850.0,3545.0
1990-04-21,67850.0,69130.0,67850.0,69130.0,1477.0
1990-04-23,68810.0,69130.0,68170.0,68170.0,2568.0
1990-04-24,68170.0,69130.0,67850.0,68490.0,2976.0
1990-04-25,68490.0,68490.0,67210.0,67210.0,4136.0
1990-04-26,67210.0,67210.0,64009.0,64009.0,3485.0
1990-04-27,64969.0,65609.0,61769.0,65289.0,4107.0
1990-04-28,64009.0,64009.0,62089.0,62089.0,1977.0
1990-04-30,59529.0,59529.0,59529.0,59529.0,749.0
1990-05-01,61129.0,62089.0,59209.0,62089.0,6099.0
1990-05-03,64329.0,64649.0,64329.0,64649.0,1079.0
1990-05-04,67850.0,67850.0,65930.0,67850.0,7883.0
1990-05-07,68810.0,70730.0,67850.0,68170.0,8303.0
1990-05-08,67850.0,70090.0,67210.0,68170.0,5125.0
1990-05-09,68810.0,68810.0,67530.0,68810.0,5417.0
1990-05-10,68810.0,68810.0,65609.0,65930.0,3957.0
1990-05-11,65289.0,66570.0,64009.0,64649.0,4894.0
1990-05-12,64649.0,65609.0,63049.0,63049.0,2158.0
1990-05-14,62409.0,62409.0,61129.0,61449.0,2733.0
1990-05-15,59529.0,60809.0,59209.0,60809.0,3798.0
1990-05-16,61449.0,63369.0,61449.0,63369.0,1983.0
1990-05-17,65930.0,65930.0,64009.0,64649.0,7621.0
1990-05-18,64009.0,65289.0,64009.0,64649.0,2311.0
1990-05-19,64649.0,67850.0,64649.0,66570.0,7096.0
1990-05-21,67210.0,68490.0,65930.0,67530.0,6519.0
1990-05-22,68170.0,68490.0,67210.0,67530.0,7743.0
1990-05-23,67530.0,68170.0,67210.0,67850.0,3891.0
1990-05-24,67850.0,67850.0,66250.0,66570.0,2801.0
1990-05-25,66890.0,67530.0,66890.0,67210.0,5475.0
1990-05-26,67210.0,67850.0,66250.0,66250.0,1503.0
1990-05-28,65930.0,66570.0,65609.0,65930.0,2311.0
1990-05-29,65609.0,67850.0,65609.0,67850.0,6680.0
1990-05-30,67530.0,71050.0,67530.0,69770.0,18325.0
1990-05-31,71370.0,72331.0,70730.0,71690.0,16636.0
1990-06-01,71370.0,71690.0,69770.0,71050.0,10744.0
1990-06-02,70410.0,71050.0,70090.0,70730.0,3990.0
1990-06-04,71370.0,72651.0,70730.0,72331.0,17648.0
1990-06-05,72010.0,72010.0,70410.0,70730.0,5358.0
1990-06-07,70410.0,71370.0,70090.0,70410.0,4466.0
1990-06-08,69450.0,70730.0,69450.0,69770.0,4616.0
1990-06-09,69130.0,69770.0,68810.0,69130.0,1998.0
1990-06-11,68170.0,68810.0,68170.0,68170.0,2661.0
1990-06-12,68170.0,68810.0,67530.0,67850.0,4575.0
1990-06-13,68170.0,68490.0,67210.0,67210.0,3434.0
1990-06-14,67210.0,67210.0,66250.0,66250.0,5990.0
1990-06-15,66570.0,67210.0,65930.0,65930.0,2772.0
1990-06-16,66250.0,66570.0,66250.0,66250.0,1606.0
1990-06-18,64969.0,65609.0,64009.0,64649.0,2325.0
1990-06-19,64009.0,65930.0,63689.0,64009.0,5732.0
1990-06-20,63049.0,64649.0,62729.0,63049.0,2160.0
1990-06-21,63049.0,64009.0,63049.0,63369.0,1775.0
1990-06-22,63689.0,64329.0,63689.0,64329.0,3726.0
1990-06-23,64329.0,64969.0,64329.0,64649.0,2084.0
1990-06-25,64009.0,64329.0,63689.0,64009.0,1604.0
1990-06-26,63369.0,63689.0,63049.0,63689.0,1849.0
1990-06-27,63369.0,63689.0,62409.0,62729.0,4208.0
1990-06-28,62409.0,63049.0,60489.0,61129.0,5897.0
1990-06-29,60809.0,60809.0,58888.0,59529.0,3866.0
1990-06-30,58568.0,58888.0,57608.0,57608.0,2787.0
1990-07-02,56968.0,58248.0,56968.0,58248.0,1561.0
1990-07-03,59209.0,60809.0,58888.0,60809.0,2630.0
1990-07-04,62409.0,62409.0,60489.0,60489.0,5024.0
1990-07-05,59529.0,59849.0,59209.0,59209.0,974.0
1990-07-06,57608.0,59209.0,57608.0,57928.0,4538.0
1990-07-07,57608.0,57928.0,56968.0,57288.0,735.0
1990-07-09,57288.0,57288.0,56008.0,56648.0,2836.0
1990-07-10,56648.0,56968.0,56328.0,56648.0,1678.0
1990-07-11,56648.0,56648.0,54408.0,54408.0,1633.0
1990-07-12,54408.0,54408.0,52808.0,53128.0,4169.0
1990-07-13,52487.0,53128.0,51847.0,51847.0,2795.0
1990-07-14,51847.0,53448.0,51847.0,51847.0,1396.0
1990-07-16,52487.0,52487.0,51207.0,52167.0,1680.0
1990-07-18,53128.0,53768.0,53128.0,53448.0,2181.0
1990-07-19,53128.0,53448.0,52808.0,52808.0,2537.0
1990-07-20,53128.0,53128.0,52167.0,52167.0,2097.0
1990-07-21,51527.0,51527.0,51207.0,51207.0,692.0
1990-07-23,49287.0,51207.0,49287.0,50887.0,1398.0
1990-07-24,50247.0,51207.0,50247.0,51207.0,1889.0
1990-07-25,51207.0,52167.0,50567.0,51527.0,3112.0
1990-07-26,51527.0,51527.0,50247.0,50247.0,1409.0
1990-07-27,49927.0,50247.0,49607.0,50247.0,2853.0
1990-07-28,49927.0,50887.0,49927.0,50567.0,1656.0
1990-07-30,49927.0,49927.0,49607.0,49927.0,675.0
1990-07-31,49607.0,51207.0,49607.0,50887.0,667.0
1990-08-01,50887.0,53128.0,50887.0,51847.0,2103.0
1990-08-02,52808.0,52808.0,50887.0,51207.0,2387.0
1990-08-03,49607.0,50567.0,49607.0,49927.0,1641.0
1990-08-04,49607.0,49607.0,48967.0,48967.0,539.0
1990-08-06,48967.0,48967.0,48007.0,48007.0,671.0
1990-08-07,48007.0,48007.0,45446.0,46407.0,4783.0
1990-08-08,45766.0,46407.0,44806.0,45766.0,3403.0
1990-08-09,43846.0,45126.0,43846.0,44806.0,5559.0
1990-08-10,44806.0,46727.0,44486.0,46727.0,4791.0
1990-08-11,46727.0,47367.0,46727.0,46727.0,1878.0
1990-08-13,46727.0,47047.0,45446.0,45446.0,1477.0
1990-08-14,44806.0,45446.0,43526.0,44166.0,2840.0
1990-08-16,44166.0,44806.0,42566.0,43846.0,5114.0
1990-08-17,42566.0,44486.0,42246.0,43846.0,4089.0
1990-08-18,43846.0,44166.0,43206.0,43206.0,2191.0
1990-08-20,43206.0,43206.0,41606.0,41606.0,1040.0
1990-08-21,40326.0,40326.0,39686.0,39686.0,4070.0
1990-08-22,39686.0,39686.0,37765.0,39686.0,7263.0
1990-08-23,39045.0,39686.0,37765.0,37765.0,9910.0
1990-08-24,37765.0,38085.0,35845.0,37765.0,7391.0
1990-08-25,37765.0,39686.0,36165.0,39686.0,2198.0
1990-08-27,40646.0,41606.0,40646.0,41606.0,2041.0
1990-08-28,43526.0,43526.0,43526.0,43526.0,595.0
1990-08-29,45446.0,45446.0,42886.0,44806.0,8101.0
1990-08-30,44806.0,45766.0,42886.0,42886.0,6159.0
1990-08-31,41286.0,42246.0,40966.0,40966.0,3751.0
1990-09-01,40966.0,41606.0,40966.0,40966.0,1827.0
1990-09-03,40966.0,42886.0,40966.0,42886.0,1946.0
1990-09-04,44486.0,44486.0,42886.0,43526.0,4527.0
1990-09-05,43206.0,43526.0,41926.0,42246.0,2033.0
1990-09-06,42246.0,42246.0,40646.0,41606.0,2861.0
1990-09-07,41606.0,41606.0,40006.0,41286.0,2519.0
1990-09-08,41286.0,41286.0,40966.0,40966.0,613.0
1990-09-10,40326.0,40966.0,40006.0,40326.0,1718.0
1990-09-11,40326.0,40646.0,40326.0,40326.0,856.0
1990-09-12,40326.0,40326.0,40006.0,40326.0,1215.0
1990-09-13,39365.0,40326.0,38725.0,40326.0,3798.0
1990-09-14,39365.0,39686.0,39045.0,39686.0,1522.0
1990-09-15,39686.0,39686.0,38405.0,39045.0,3160.0
1990-09-17,38405.0,38405.0,37125.0,37125.0,2766.0
1990-09-18,36165.0,39045.0,35845.0,39045.0,4748.0
1990-09-19,39045.0,40006.0,38725.0,39686.0,4027.0
1990-09-20,39045.0,39686.0,37765.0,39686.0,2708.0
1990-09-21,38085.0,39686.0,37765.0,39365.0,2515.0
1990-09-22,38405.0,39365.0,38405.0,39365.0,2072.0
1990-09-24,38725.0,39686.0,38725.0,39686.0,2443.0
1990-09-25,38725.0,41286.0,38725.0,41286.0,1767.0
1990-09-26,39365.0,41926.0,39365.0,41606.0,5246.0
1990-09-27,41606.0,41606.0,40326.0,40326.0,4937.0
1990-09-28,40326.0,40966.0,40326.0,40966.0,1755.0
1990-09-29,40966.0,41926.0,40966.0,41926.0,2090.0
1990-10-05,42246.0,43526.0,42246.0,43526.0,1289.0
1990-10-06,43206.0,43526.0,42246.0,43526.0,2912.0
1990-10-08,42566.0,44486.0,42566.0,44486.0,4696.0
1990-10-10,44486.0,44806.0,43206.0,44806.0,14137.0
1990-10-11,45126.0,45766.0,44806.0,45126.0,4243.0
1990-10-12,44806.0,45766.0,44166.0,45766.0,2358.0
1990-10-13,45446.0,45446.0,44806.0,45446.0,3388.0
1990-10-15,46727.0,47367.0,46727.0,47047.0,4239.0
1990-10-16,47047.0,47687.0,46407.0,47047.0,3487.0
1990-10-17,46087.0,48007.0,46087.0,47687.0,3710.0
1990-10-18,48007.0,48007.0,46407.0,47687.0,2906.0
1990-10-19,48007.0,49607.0,48007.0,49607.0,4968.0
1990-10-20,50887.0,51207.0,49927.0,51207.0,2513.0
1990-10-22,52167.0,53768.0,51207.0,53768.0,6559.0
1990-10-23,56328.0,56328.0,56328.0,56328.0,4284.0
1990-10-24,58888.0,58888.0,58888.0,58888.0,5502.0
1990-10-25,57608.0,57608.0,56328.0,56328.0,5417.0
1990-10-26,53768.0,53768.0,53768.0,53768.0,529.0
1990-10-27,51207.0,51207.0,51207.0,51207.0,1641.0
1990-10-29,53768.0,53768.0,51207.0,51847.0,7201.0
1990-10-30,51847.0,52808.0,49287.0,51847.0,5506.0
1990-10-31,50247.0,50247.0,49287.0,49287.0,2265.0
1990-11-01,46727.0,51847.0,46727.0,51207.0,4637.0
1990-11-02,51847.0,51847.0,49287.0,49927.0,1316.0
1990-11-03,49607.0,50567.0,49607.0,49607.0,1835.0
1990-11-05,48647.0,49287.0,48327.0,48647.0,1913.0
1990-11-06,47687.0,49607.0,47687.0,48967.0,2467.0
1990-11-07,49607.0,49927.0,48647.0,49927.0,2434.0
1990-11-08,50567.0,50567.0,48327.0,48647.0,1392.0
1990-11-09,47367.0,51207.0,46727.0,48967.0,11224.0
1990-11-10,48327.0,48967.0,48327.0,48967.0,3652.0
1990-11-12,48967.0,49287.0,47687.0,49287.0,2770.0
1990-11-13,49287.0,50567.0,49287.0,49287.0,2412.0
1990-11-14,49607.0,50247.0,49287.0,49607.0,4705.0
1990-11-15,50567.0,50887.0,48967.0,49927.0,2680.0
1990-11-16,49287.0,49607.0,48967.0,49287.0,1464.0
1990-11-17,49287.0,49287.0,48327.0,48327.0,232.0
1990-11-19,46407.0,48007.0,45766.0,47367.0,908.0
1990-11-20,46727.0,46727.0,45446.0,46407.0,1569.0
1990-11-21,46087.0,46087.0,45126.0,45126.0,815.0
1990-11-22,44166.0,46727.0,44166.0,45766.0,2626.0
1990-11-23,45766.0,45766.0,44806.0,45766.0,690.0
1990-11-24,45126.0,45766.0,44806.0,45766.0,1032.0
1990-11-26,45126.0,46727.0,45126.0,46727.0,1788.0
1990-11-27,46727.0,48007.0,46727.0,47687.0,2956.0
1990-11-28,48327.0,48967.0,48327.0,48647.0,2739.0
1990-11-29,49607.0,49607.0,48007.0,48967.0,1897.0
1990-11-30,46407.0,48647.0,46407.0,48327.0,1503.0
1990-12-01,50247.0,50887.0,49927.0,50247.0,2616.0
1990-12-03,52167.0,52808.0,51527.0,52808.0,6501.0
1990-12-04,52487.0,52808.0,51527.0,51527.0,4060.0
1990-12-05,51847.0,52808.0,51847.0,52487.0,3930.0
1990-12-06,53128.0,53448.0,51847.0,52167.0,1983.0
1990-12-07,53448.0,54408.0,52487.0,54408.0,7257.0
1990-12-08,55368.0,55368.0,54088.0,54408.0,3668.0
1990-12-10,54408.0,54728.0,53768.0,54088.0,3633.0
1990-12-11,53448.0,53448.0,52167.0,52808.0,2500.0
1990-12-12,52808.0,53768.0,51207.0,53768.0,4004.0
1990-12-13,53768.0,53768.0,52487.0,52808.0,1322.0
1990-12-14,51847.0,52487.0,51527.0,52487.0,3460.0
1990-12-15,52167.0,52167.0,51207.0,51847.0,2222.0
1990-12-17,51527.0,51527.0,49607.0,50887.0,2216.0
1990-12-18,50567.0,51207.0,50567.0,50887.0,3248.0
1990-12-19,50567.0,50887.0,49927.0,49927.0,2818.0
1990-12-20,49607.0,49927.0,49287.0,49607.0,3328.0
1990-12-21,49927.0,51847.0,49607.0,51847.0,5597.0
1990-12-22,52167.0,52487.0,50567.0,51527.0,3815.0
1990-12-24,51207.0,51207.0,49607.0,49927.0,2494.0
1990-12-26,49927.0,50887.0,48007.0,49287.0,8064.0
1991-01-03,49287.0,49927.0,48647.0,48647.0,1464.0
1991-01-04,51207.0,51207.0,49607.0,51207.0,2890.0
1991-01-05,52808.0,53768.0,51847.0,53768.0,6779.0
1991-01-07,52167.0,53128.0,51207.0,51847.0,5603.0
1991-01-08,51207.0,51847.0,50247.0,50247.0,3419.0
1991-01-09,49927.0,51847.0,49607.0,50887.0,5432.0
1991-01-10,49287.0,49927.0,48327.0,49607.0,5848.0
1991-01-11,48967.0,50567.0,47687.0,49927.0,8476.0
1991-01-12,50567.0,51207.0,50247.0,51207.0,6126.0
1991-01-14,49927.0,51527.0,49927.0,50887.0,3532.0
1991-01-15,48327.0,48967.0,48327.0,48327.0,8524.0
1991-01-16,48647.0,48647.0,46727.0,47367.0,3269.0
1991-01-17,46407.0,49287.0,46087.0,49287.0,1670.0
1991-01-18,51847.0,51847.0,49607.0,51847.0,10705.0
1991-01-19,49287.0,51847.0,49287.0,51207.0,4525.0
1991-01-21,49927.0,50567.0,48647.0,48967.0,4531.0
1991-01-22,48007.0,49607.0,48007.0,48647.0,3396.0
1991-01-23,47367.0,48327.0,47367.0,47687.0,1685.0
1991-01-24,46727.0,48327.0,46727.0,48327.0,1400.0
1991-01-25,48967.0,48967.0,48007.0,48647.0,2719.0
1991-01-26,48007.0,48647.0,47367.0,48647.0,1378.0
1991-01-28,48327.0,48647.0,48327.0,48327.0,1590.0
1991-01-29,48967.0,48967.0,48327.0,48967.0,2663.0
1991-01-30,48647.0,50567.0,48647.0,49287.0,4717.0
1991-01-31,49927.0,49927.0,49287.0,49287.0,3483.0
1991-02-01,49287.0,50247.0,49287.0,49287.0,3458.0
1991-02-02,49927.0,49927.0,49287.0,49607.0,1790.0
1991-02-04,49607.0,49927.0,48967.0,49607.0,1062.0
1991-02-05,49607.0,50247.0,49607.0,50247.0,3784.0
1991-02-06,50887.0,51847.0,50567.0,51207.0,11550.0
1991-02-07,51847.0,52167.0,50887.0,51207.0,7319.0
1991-02-08,50887.0,51847.0,49927.0,51847.0,5800.0
1991-02-09,51527.0,52808.0,51527.0,52808.0,11216.0
1991-02-11,52487.0,53128.0,51847.0,51847.0,10965.0
1991-02-12,52167.0,54408.0,52167.0,54408.0,19551.0
1991-02-13,51847.0,55368.0,51847.0,54088.0,15614.0
1991-02-18,56648.0,56648.0,56008.0,56648.0,8487.0
1991-02-19,57928.0,58888.0,56648.0,57288.0,33077.0
1991-02-20,57928.0,58888.0,55368.0,57288.0,23525.0
1991-02-21,56648.0,59209.0,56328.0,58248.0,15653.0
1991-02-22,60809.0,60809.0,58888.0,59529.0,22999.0
1991-02-23,60169.0,60809.0,59529.0,60809.0,10291.0
1991-02-25,62729.0,62729.0,59849.0,60809.0,15110.0
1991-02-26,60809.0,60809.0,58248.0,58248.0,9729.0
1991-02-27,58248.0,59209.0,56648.0,57928.0,10145.0
1991-02-28,57608.0,59529.0,57608.0,58568.0,19936.0
1991-03-02,59849.0,59849.0,58888.0,59209.0,5735.0
1991-03-04,58568.0,59209.0,56968.0,56968.0,5133.0
1991-03-05,56328.0,57608.0,56328.0,56648.0,5971.0
1991-03-06,57288.0,57608.0,56648.0,57288.0,2191.0
1991-03-07,57608.0,58568.0,57608.0,57608.0,4583.0
1991-03-08,56968.0,58568.0,56968.0,57608.0,5487.0
1991-03-09,57608.0,58248.0,56648.0,56648.0,1880.0
1991-03-11,56648.0,57608.0,56648.0,57608.0,1452.0
1991-03-12,56648.0,58248.0,56648.0,57608.0,4995.0
1991-03-13,58248.0,58248.0,56968.0,57288.0,3949.0
1991-03-14,57608.0,57608.0,56648.0,57288.0,2766.0
1991-03-15,57288.0,58568.0,57288.0,57608.0,4128.0
1991-03-16,58248.0,58248.0,56648.0,56968.0,2391.0
1991-03-18,56968.0,56968.0,56008.0,56008.0,1954.0
1991-03-19,55368.0,56008.0,55368.0,56008.0,1495.0
1991-03-20,55688.0,56328.0,55048.0,55048.0,1242.0
1991-03-21,55048.0,55368.0,54088.0,54408.0,4074.0
1991-03-22,54728.0,55688.0,54408.0,54728.0,4278.0
1991-03-23,55048.0,55368.0,55048.0,55048.0,2624.0
1991-03-25,55048.0,55368.0,55048.0,55048.0,3376.0
1991-03-27,55048.0,55048.0,54088.0,54728.0,1998.0
1991-03-28,54408.0,54728.0,54088.0,54728.0,12170.0
1991-03-29,54728.0,55368.0,53768.0,54088.0,2577.0
1991-03-30,54408.0,55368.0,54408.0,55048.0,4084.0
1991-04-01,55048.0,55048.0,53448.0,53448.0,1073.0
1991-04-02,52808.0,53128.0,52487.0,52808.0,1938.0
1991-04-03,53448.0,53768.0,52808.0,53448.0,2136.0
1991-04-04,54088.0,54728.0,53448.0,54728.0,968.0
1991-04-06,54408.0,55368.0,54088.0,54408.0,1720.0
1991-04-08,54408.0,54408.0,53768.0,53768.0,1835.0
1991-04-09,53768.0,54088.0,53448.0,54088.0,939.0
1991-04-10,54408.0,55048.0,53768.0,53768.0,1938.0
1991-04-11,53768.0,53768.0,52808.0,53448.0,1163.0
1991-04-12,53128.0,53128.0,52487.0,52487.0,1170.0
1991-04-13,52167.0,52487.0,52167.0,52487.0,1353.0
1991-04-15,52487.0,52487.0,51847.0,51847.0,964.0
1991-04-16,51527.0,51847.0,51527.0,51847.0,1338.0
1991-04-17,51847.0,51847.0,50887.0,50887.0,832.0
1991-04-18,50887.0,50887.0,49927.0,49927.0,1254.0
1991-04-19,49607.0,51527.0,49607.0,50247.0,471.0
1991-04-20,50567.0,50567.0,49287.0,49287.0,764.0
1991-04-22,49287.0,49287.0,47687.0,49287.0,1641.0
1991-04-23,49927.0,51847.0,48327.0,51847.0,3118.0
1991-04-24,51527.0,52808.0,50567.0,51847.0,2375.0
1991-04-25,51207.0,51847.0,50567.0,50567.0,1180.0
1991-04-26,49607.0,51847.0,49607.0,50887.0,2068.0
1991-04-27,51207.0,51527.0,50887.0,51207.0,1089.0
1991-04-29,51207.0,53768.0,51207.0,52808.0,3949.0
1991-04-30,52808.0,53448.0,52487.0,52487.0,3026.0
1991-05-01,52167.0,52167.0,51527.0,51847.0,1507.0
1991-05-02,51847.0,53768.0,51847.0,52487.0,1994.0
1991-05-03,51527.0,52167.0,51207.0,52167.0,1742.0
1991-05-04,51527.0,51527.0,50567.0,50887.0,3081.0
1991-05-06,50887.0,51207.0,50567.0,51207.0,1524.0
1991-05-07,51847.0,51847.0,50567.0,50887.0,1656.0
1991-05-08,50567.0,50567.0,49927.0,50567.0,1215.0
1991-05-09,49927.0,51527.0,49927.0,50887.0,2080.0
1991-05-10,51207.0,51207.0,50247.0,50567.0,926.0
1991-05-11,50247.0,51847.0,50247.0,50887.0,1229.0
1991-05-13,50567.0,50887.0,50247.0,50567.0,587.0
1991-05-14,50567.0,50887.0,50567.0,50567.0,852.0
1991-05-15,50567.0,50567.0,49927.0,50247.0,865.0
1991-05-16,49927.0,50247.0,49927.0,50247.0,409.0
1991-05-17,49927.0,50247.0,49927.0,49927.0,1097.0
1991-05-18,49607.0,50247.0,49607.0,49927.0,760.0
1991-05-20,49927.0,50567.0,49287.0,49287.0,502.0
1991-05-22,49287.0,49287.0,48647.0,48647.0,1596.0
1991-05-23,48007.0,48327.0,47687.0,48327.0,951.0
1991-05-24,48327.0,48327.0,47687.0,47687.0,1582.0
1991-05-25,47687.0,48007.0,47687.0,47687.0,902.0
1991-05-27,48007.0,48647.0,47687.0,48007.0,2243.0
1991-05-28,48327.0,48647.0,47687.0,48327.0,3110.0
1991-05-29,48647.0,48647.0,48007.0,48647.0,2020.0
1991-05-30,48967.0,48967.0,48327.0,48327.0,953.0
1991-05-31,47687.0,48327.0,47367.0,47687.0,1110.0
1991-06-01,47687.0,47687.0,47367.0,47367.0,113.0
1991-06-03,47047.0,47047.0,46087.0,46407.0,723.0
1991-06-04,45446.0,45766.0,45446.0,45446.0,795.0
1991-06-05,45766.0,47047.0,45766.0,46087.0,5712.0
1991-06-07,45766.0,46087.0,45446.0,45446.0,1019.0
1991-06-08,45126.0,46407.0,45126.0,46407.0,20.0
1991-06-10,45446.0,46087.0,45126.0,45766.0,673.0
1991-06-11,45766.0,45766.0,45446.0,45766.0,409.0
1991-06-12,45766.0,46087.0,45126.0,46087.0,560.0
1991-06-13,46087.0,46087.0,45126.0,46087.0,832.0
1991-06-14,47047.0,47047.0,45766.0,46407.0,844.0
1991-06-15,46087.0,46727.0,45766.0,46407.0,547.0
1991-06-17,45446.0,46407.0,45446.0,46407.0,1293.0
1991-06-18,45126.0,45766.0,45126.0,45446.0,447.0
1991-06-19,45126.0,45446.0,45126.0,45446.0,1699.0
1991-06-21,44806.0,45446.0,43846.0,44486.0,795.0
1991-06-22,43846.0,43846.0,43206.0,43526.0,560.0
1991-06-24,42566.0,45446.0,41926.0,45126.0,906.0
1991-06-25,44486.0,47047.0,44486.0,46407.0,8993.0
1991-06-26,46407.0,47047.0,46087.0,46727.0,5182.0
1991-06-27,46727.0,47367.0,46087.0,47367.0,8851.0
1991-06-28,47047.0,47367.0,46407.0,47047.0,5088.0
1991-06-29,47047.0,48967.0,46727.0,48007.0,13666.0
1991-07-01,48007.0,48647.0,47367.0,47367.0,3615.0
1991-07-02,47367.0,48007.0,46407.0,46407.0,7139.0
1991-07-03,45766.0,46087.0,44486.0,44486.0,6029.0
1991-07-04,44806.0,45126.0,43846.0,44806.0,5038.0
1991-07-05,45446.0,45766.0,44806.0,45126.0,4412.0
1991-07-06,45766.0,45766.0,44486.0,44806.0,1287.0
1991-07-08,44806.0,45446.0,44806.0,45126.0,2195.0
1991-07-09,45446.0,45446.0,44486.0,44806.0,4472.0
1991-07-10,44486.0,44486.0,42886.0,43846.0,2914.0
1991-07-11,43206.0,44806.0,43206.0,43526.0,2760.0
1991-07-12,43846.0,44806.0,43846.0,44486.0,4375.0
1991-07-13,42566.0,45766.0,42566.0,45446.0,4733.0
1991-07-15,45766.0,45766.0,44166.0,44166.0,3850.0
1991-07-16,44166.0,44166.0,43206.0,43846.0,1268.0
1991-07-18,44166.0,45126.0,43846.0,44806.0,6699.0
1991-07-19,45126.0,45766.0,44806.0,45126.0,5494.0
1991-07-20,43206.0,46407.0,43206.0,44166.0,3637.0
1991-07-22,42566.0,45446.0,42566.0,44166.0,5716.0
1991-07-23,44166.0,44486.0,43846.0,44166.0,3707.0
1991-07-24,44806.0,46087.0,44806.0,46087.0,15388.0
1991-07-25,46727.0,47047.0,44806.0,45766.0,12601.0
1991-07-26,45766.0,47687.0,45766.0,47687.0,11507.0
1991-07-27,49607.0,49607.0,48967.0,49607.0,9185.0
1991-07-29,50247.0,52167.0,49607.0,51847.0,17400.0
1991-07-30,49287.0,54408.0,49287.0,52808.0,20402.0
1991-07-31,52808.0,53448.0,50247.0,50247.0,9210.0
1991-08-01,49607.0,50247.0,48967.0,49927.0,11002.0
1991-08-02,49927.0,52487.0,49927.0,52487.0,13497.0
1991-08-03,54408.0,55048.0,54088.0,55048.0,15913.0
1991-08-05,56328.0,56648.0,54408.0,55688.0,21502.0
1991-08-06,55688.0,55688.0,53768.0,54408.0,8855.0
1991-08-07,55048.0,55368.0,52808.0,52808.0,15314.0
1991-08-08,52167.0,53448.0,51847.0,52808.0,8837.0
1991-08-09,54408.0,55368.0,53768.0,55368.0,16758.0
1991-08-10,55368.0,55368.0,53128.0,53128.0,7597.0
1991-08-12,52487.0,54408.0,52167.0,52487.0,12397.0
1991-08-13,52808.0,53128.0,51207.0,51847.0,5961.0
1991-08-14,51207.0,51207.0,49607.0,49607.0,7098.0
1991-08-16,48007.0,49607.0,48007.0,49607.0,3590.0
1991-08-17,49607.0,49607.0,48327.0,48967.0,1398.0
1991-08-19,48967.0,50247.0,46407.0,46407.0,9960.0
1991-08-20,44806.0,47367.0,44486.0,47367.0,7164.0
1991-08-21,46727.0,49287.0,46407.0,48007.0,10143.0
1991-08-22,50567.0,50567.0,50567.0,50567.0,3267.0
1991-08-23,52487.0,52487.0,49287.0,49287.0,9677.0
1991-08-24,49927.0,49927.0,48647.0,48967.0,2434.0
1991-08-26,48967.0,49607.0,48327.0,48967.0,4459.0
1991-08-27,48967.0,48967.0,48007.0,48007.0,2846.0
1991-08-28,48007.0,48327.0,47367.0,47687.0,1520.0
1991-08-29,47367.0,48007.0,47047.0,47367.0,1746.0
1991-08-30,47367.0,48327.0,47367.0,47687.0,2193.0
1991-08-31,48007.0,48007.0,46727.0,47367.0,1027.0
1991-09-02,46727.0,47047.0,46407.0,46407.0,1192.0
1991-09-03,46087.0,47047.0,45766.0,46407.0,846.0
1991-09-04,45766.0,48007.0,45766.0,47367.0,2978.0
1991-09-05,46727.0,46727.0,46087.0,46087.0,1773.0
1991-09-06,46087.0,46727.0,45766.0,46727.0,613.0
1991-09-07,47047.0,47047.0,46087.0,46087.0,461.0
1991-09-09,45446.0,46727.0,45446.0,46407.0,1233.0
1991-09-10,46727.0,46727.0,45766.0,46727.0,1610.0
1991-09-11,46407.0,47687.0,46407.0,47047.0,2082.0
1991-09-12,47047.0,47367.0,46087.0,47367.0,1244.0
1991-09-13,46087.0,47367.0,46087.0,47367.0,3341.0
1991-09-14,47367.0,48007.0,47367.0,48007.0,702.0
1991-09-16,46727.0,48967.0,46727.0,48007.0,7393.0
1991-09-17,48007.0,48007.0,47047.0,47367.0,1299.0
1991-09-18,47367.0,48327.0,47047.0,47367.0,3464.0
1991-09-19,46727.0,47367.0,46407.0,47367.0,1235.0
1991-09-20,46727.0,48007.0,46727.0,48007.0,964.0
1991-09-24,47687.0,48007.0,47047.0,47047.0,622.0
1991-09-25,46727.0,47367.0,46087.0,47367.0,1701.0
1991-09-26,46727.0,47047.0,46727.0,47047.0,2016.0
1991-09-27,46727.0,47687.0,46407.0,47687.0,1722.0
1991-09-28,47687.0,48007.0,47367.0,47687.0,1835.0
1991-09-30,48007.0,49287.0,48007.0,49287.0,6225.0
1991-10-01,49927.0,49927.0,48647.0,48647.0,1709.0
1991-10-02,48327.0,48327.0,47367.0,47687.0,2461.0
1991-10-04,47367.0,49287.0,47367.0,49287.0,3409.0
1991-10-05,49287.0,49287.0,48327.0,48327.0,1196.0
1991-10-07,47687.0,49287.0,47687.0,48967.0,6793.0
1991-10-08,48967.0,50247.0,48967.0,48967.0,10098.0
1991-10-09,49287.0,49607.0,47687.0,48007.0,3240.0
1991-10-10,48007.0,48327.0,48007.0,48007.0,2311.0
1991-10-11,48327.0,48967.0,47687.0,47687.0,1746.0
1991-10-12,47047.0,47687.0,47047.0,47687.0,496.0
1991-10-14,48007.0,49607.0,48007.0,49607.0,9968.0
1991-10-15,50567.0,51527.0,49607.0,49927.0,25288.0
1991-10-16,50567.0,51207.0,49607.0,49927.0,21191.0
1991-10-17,50247.0,50887.0,49607.0,49927.0,10316.0
1991-10-18,50247.0,50247.0,48967.0,48967.0,4375.0
1991-10-19,49287.0,49607.0,49287.0,49607.0,2490.0
1991-10-21,49927.0,50567.0,49607.0,50247.0,4793.0
1991-10-22,50887.0,50887.0,49287.0,49287.0,1512.0
1991-10-23,48967.0,50887.0,48967.0,49287.0,7906.0
1991-10-24,50247.0,50247.0,47687.0,48327.0,3918.0
1991-10-25,48007.0,48327.0,47047.0,47047.0,2016.0
1991-10-26,47047.0,47047.0,45126.0,45446.0,2570.0
1991-10-28,45446.0,45766.0,44806.0,44806.0,3337.0
1991-10-29,44806.0,46087.0,44806.0,44806.0,1946.0
1991-10-30,44806.0,46087.0,44806.0,45126.0,3528.0
1991-10-31,45446.0,46087.0,45126.0,45126.0,2241.0
1991-11-01,45766.0,45766.0,45126.0,45126.0,2045.0
1991-11-02,45126.0,45126.0,44486.0,44806.0,306.0
1991-11-04,44486.0,44806.0,44166.0,44166.0,1087.0
1991-11-05,44166.0,46087.0,43206.0,45446.0,2859.0
1991-11-06,46087.0,47367.0,46087.0,47367.0,4661.0
1991-11-07,48007.0,48007.0,46727.0,47047.0,3089.0
1991-11-08,47687.0,47687.0,46087.0,46727.0,2690.0
1991-11-09,45766.0,47047.0,45766.0,46407.0,1812.0
1991-11-11,46087.0,47367.0,46087.0,46087.0,5014.0
1991-11-12,46087.0,47687.0,45766.0,47687.0,4010.0
1991-11-13,46087.0,47687.0,46087.0,46727.0,1662.0
1991-11-14,46087.0,47047.0,46087.0,47047.0,1555.0
1991-11-15,47047.0,47047.0,45766.0,46407.0,1520.0
1991-11-16,46407.0,46407.0,46087.0,46087.0,970.0
1991-11-18,46087.0,46407.0,45446.0,46087.0,1736.0
1991-11-19,45766.0,46087.0,45446.0,45446.0,844.0
1991-11-20,46105.0,47093.0,45446.0,46434.0,1843.0
1991-11-21,45446.0,46434.0,45446.0,45776.0,698.0
1991-11-22,45776.0,45776.0,45117.0,45117.0,1100.0
1991-11-23,45117.0,45117.0,45117.0,45117.0,191.0
1991-11-25,45117.0,45446.0,44458.0,44458.0,261.0
1991-11-26,42812.0,45446.0,42812.0,44458.0,2496.0
1991-11-27,44458.0,44458.0,44129.0,44458.0,988.0
1991-11-28,44458.0,46105.0,44458.0,46105.0,1005.0
1991-11-29,44129.0,46764.0,44129.0,44788.0,2356.0
1991-11-30,45117.0,45117.0,44458.0,44458.0,181.0
1991-12-02,43471.0,45117.0,43471.0,43471.0,370.0
1991-12-03,42812.0,44129.0,42812.0,42812.0,817.0
1991-12-04,42483.0,42483.0,41165.0,41824.0,2333.0
1991-12-05,41824.0,41824.0,40836.0,40836.0,2696.0
1991-12-06,40836.0,42153.0,40836.0,42153.0,1596.0
1991-12-07,42153.0,42153.0,40177.0,40177.0,1643.0
1991-12-09,39519.0,39519.0,38531.0,38860.0,2766.0
1991-12-10,37213.0,40507.0,37213.0,40507.0,1870.0
1991-12-11,39519.0,41165.0,39519.0,40507.0,2935.0
1991-12-12,40507.0,42483.0,40507.0,42483.0,4422.0
1991-12-13,43800.0,44458.0,43141.0,43141.0,6532.0
1991-12-14,43471.0,43471.0,42153.0,42483.0,2173.0
1991-12-16,41824.0,42812.0,41495.0,41495.0,2890.0
1991-12-17,41495.0,41495.0,40507.0,41495.0,2412.0
1991-12-18,41495.0,41824.0,39519.0,39848.0,1818.0
1991-12-19,38860.0,40836.0,38860.0,39848.0,2960.0
1991-12-20,40177.0,40507.0,38531.0,38531.0,2162.0
1991-12-21,38531.0,38531.0,36884.0,36884.0,1120.0
1991-12-23,36225.0,36225.0,34908.0,34908.0,3333.0
1991-12-24,34908.0,36884.0,34908.0,36884.0,6052.0
1991-12-26,37213.0,38201.0,34908.0,36225.0,6293.0
1992-01-03,38640.0,38640.0,38640.0,38640.0,1771.0
1992-01-04,39330.0,40710.0,39330.0,40710.0,4122.0
1992-01-06,41055.0,41400.0,38640.0,38985.0,5590.0
1992-01-07,37950.0,40365.0,37605.0,38640.0,4138.0
1992-01-08,38640.0,38985.0,37605.0,38985.0,5590.0
1992-01-09,37950.0,41055.0,37950.0,41055.0,6861.0
1992-01-10,41400.0,42090.0,40020.0,40020.0,5656.0
1992-01-11,40710.0,41400.0,40020.0,41400.0,2533.0
1992-01-13,41745.0,42780.0,41400.0,41400.0,12660.0
1992-01-14,40710.0,41400.0,40710.0,41055.0,3452.0
1992-01-15,41400.0,41400.0,40365.0,41400.0,7685.0
1992-01-16,41400.0,43125.0,41400.0,41400.0,4857.0
1992-01-17,41400.0,43125.0,41400.0,41400.0,3003.0
1992-01-18,41400.0,41745.0,41400.0,41400.0,3096.0
1992-01-20,41400.0,43125.0,41400.0,42435.0,2818.0
1992-01-21,42435.0,43470.0,42435.0,42435.0,6165.0
1992-01-22,43125.0,44505.0,42435.0,44505.0,8375.0
1992-01-23,46575.0,46575.0,44505.0,46575.0,9408.0
1992-01-24,47955.0,47955.0,45195.0,45540.0,6773.0
1992-01-25,46230.0,46230.0,44505.0,45540.0,2754.0
1992-01-27,46575.0,47610.0,46230.0,47610.0,11080.0
1992-01-28,48300.0,48300.0,46575.0,46920.0,7348.0
1992-01-29,46920.0,46920.0,44850.0,44850.0,5850.0
1992-01-30,42780.0,45540.0,42780.0,45540.0,1930.0
1992-01-31,45195.0,46920.0,45195.0,46575.0,4194.0
1992-02-01,46920.0,47265.0,45885.0,45885.0,2525.0
1992-02-06,45885.0,47955.0,45885.0,47955.0,3199.0
1992-02-07,48990.0,48990.0,47265.0,47265.0,1229.0
1992-02-08,47610.0,49335.0,47610.0,49335.0,9177.0
1992-02-10,49335.0,50715.0,48645.0,50370.0,11692.0
1992-02-11,50025.0,50025.0,48300.0,48300.0,3347.0
1992-02-12,47610.0,48300.0,46230.0,46230.0,1524.0
1992-02-13,46230.0,47610.0,45540.0,46230.0,5003.0
1992-02-14,45885.0,46575.0,45885.0,46230.0,1411.0
1992-02-15,46920.0,46920.0,44160.0,44160.0,1116.0
1992-02-17,44850.0,45885.0,44505.0,45885.0,2834.0
1992-02-18,45540.0,45885.0,43815.0,44850.0,1003.0
1992-02-19,44850.0,45540.0,44160.0,44850.0,1097.0
1992-02-20,44160.0,44505.0,43125.0,43125.0,434.0
1992-02-21,42090.0,43815.0,42090.0,43815.0,1139.0
1992-02-22,43815.0,44850.0,43815.0,44160.0,1095.0
1992-02-24,44160.0,44505.0,43470.0,43815.0,671.0
1992-02-25,43815.0,44850.0,43125.0,44160.0,1524.0
1992-02-26,43125.0,43470.0,42090.0,42435.0,819.0
1992-02-27,42435.0,43125.0,41745.0,41745.0,1042.0
1992-02-28,41745.0,41745.0,40365.0,40710.0,1734.0
1992-02-29,40710.0,40710.0,40365.0,40365.0,821.0
1992-03-02,38295.0,41745.0,38295.0,40710.0,801.0
1992-03-03,40710.0,41400.0,40365.0,40365.0,1122.0
1992-03-04,40365.0,42090.0,39330.0,42090.0,1631.0
1992-03-05,40710.0,41745.0,40710.0,40710.0,1238.0
1992-03-06,40020.0,41400.0,40020.0,41055.0,1097.0
1992-03-07,41055.0,41400.0,41055.0,41055.0,1295.0
1992-03-09,39330.0,42090.0,39330.0,41055.0,2169.0
1992-03-11,40365.0,41055.0,40365.0,40710.0,737.0
1992-03-12,40710.0,41400.0,40020.0,40020.0,2290.0
1992-03-13,40020.0,41055.0,39675.0,39675.0,2818.0
1992-03-14,37605.0,39330.0,37605.0,38295.0,793.0
1992-03-16,38295.0,38985.0,37950.0,37950.0,2014.0
1992-03-17,37260.0,38985.0,37260.0,38640.0,5920.0
1992-03-18,38640.0,38640.0,38640.0,38640.0,2630.0
1992-03-19,38640.0,39330.0,36570.0,37950.0,8087.0
1992-03-20,36915.0,37950.0,36915.0,37950.0,1715.0
1992-03-21,36570.0,38640.0,36570.0,38295.0,1190.0
1992-03-23,38640.0,38985.0,37605.0,37950.0,1551.0
1992-03-25,36225.0,36915.0,35880.0,36570.0,2373.0
1992-03-26,36570.0,38640.0,36225.0,37950.0,6874.0
1992-03-27,36225.0,40020.0,36225.0,38640.0,4700.0
1992-03-28,39675.0,39675.0,36915.0,36915.0,1886.0
1992-03-30,36915.0,36915.0,36225.0,36225.0,2327.0
1992-03-31,36225.0,37950.0,35190.0,36225.0,1353.0
1992-04-01,35535.0,38295.0,35535.0,38295.0,2006.0
1992-04-02,38295.0,39675.0,36225.0,36225.0,2329.0
1992-04-03,37950.0,37950.0,36570.0,36570.0,611.0
1992-04-04,36915.0,37260.0,36570.0,36570.0,706.0
1992-04-06,36570.0,37260.0,36225.0,37260.0,3015.0
1992-04-07,37950.0,38295.0,36570.0,37260.0,2725.0
1992-04-08,37950.0,38985.0,37260.0,38640.0,5611.0
1992-04-09,38640.0,40710.0,38640.0,40710.0,6116.0
1992-04-10,41745.0,42435.0,41400.0,42435.0,13006.0
1992-04-11,42090.0,42435.0,40365.0,41400.0,3829.0
1992-04-13,39330.0,40710.0,39330.0,40710.0,1759.0
1992-04-14,38985.0,40365.0,38985.0,39675.0,1454.0
1992-04-15,39675.0,39675.0,38640.0,39330.0,1499.0
1992-04-16,39675.0,41400.0,39675.0,41400.0,2690.0
1992-04-17,42090.0,42435.0,41055.0,41055.0,2014.0
1992-04-18,41055.0,43125.0,41055.0,43125.0,5199.0
1992-04-20,42780.0,43815.0,41745.0,41745.0,3114.0
1992-04-21,42435.0,42435.0,40365.0,40710.0,2198.0
1992-04-22,40710.0,42090.0,40020.0,40710.0,2130.0
1992-04-23,40710.0,42435.0,40020.0,40020.0,2696.0
1992-04-24,40365.0,42090.0,40365.0,42090.0,5903.0
1992-04-25,43470.0,44160.0,43125.0,44160.0,15075.0
1992-04-27,46230.0,46230.0,44160.0,46230.0,27634.0
1992-04-28,46230.0,46230.0,44160.0,44160.0,5378.0
1992-04-29,43125.0,46230.0,43125.0,46230.0,11777.0
1992-04-30,46230.0,46230.0,44505.0,44850.0,5586.0
1992-05-01,44850.0,45540.0,43470.0,43470.0,4342.0
1992-05-02,41745.0,43125.0,41745.0,43125.0,2428.0
1992-05-04,43470.0,44160.0,43125.0,43125.0,4138.0
1992-05-06,44160.0,44160.0,43125.0,43125.0,3349.0
1992-05-07,43125.0,44505.0,42090.0,43125.0,2140.0
1992-05-08,43815.0,44160.0,42435.0,42435.0,2494.0
1992-05-09,40365.0,42090.0,40365.0,40710.0,521.0
1992-05-11,38985.0,41400.0,38985.0,38985.0,1058.0
1992-05-12,38985.0,40365.0,38985.0,40365.0,1507.0
1992-05-13,40365.0,41055.0,40365.0,40710.0,1404.0
1992-05-14,41055.0,41055.0,39330.0,39675.0,863.0
1992-05-15,38985.0,40365.0,38985.0,39330.0,1044.0
1992-05-16,38640.0,38640.0,37950.0,37950.0,512.0
1992-05-18,37950.0,39330.0,37605.0,38295.0,1623.0
1992-05-19,38985.0,38985.0,37950.0,37950.0,1981.0
1992-05-20,38640.0,40020.0,38640.0,39330.0,2537.0
1992-05-21,40020.0,40365.0,38640.0,39330.0,2123.0
1992-05-22,40365.0,41400.0,40365.0,41400.0,5963.0
1992-05-23,42435.0,43470.0,42435.0,43470.0,8985.0
1992-05-25,44505.0,44850.0,41745.0,43470.0,7380.0
1992-05-26,43470.0,43470.0,41400.0,41400.0,1748.0
1992-05-27,41400.0,42780.0,41400.0,42435.0,3609.0
1992-05-28,41055.0,42090.0,40710.0,40710.0,2323.0
1992-05-29,40710.0,42780.0,39675.0,40710.0,2531.0
1992-05-30,41745.0,42090.0,41055.0,41055.0,2045.0
1992-06-01,41745.0,42435.0,41400.0,41745.0,3868.0
1992-06-02,41745.0,42090.0,40710.0,40710.0,1359.0
1992-06-03,40710.0,42090.0,40710.0,41745.0,2449.0
1992-06-04,41400.0,42435.0,40710.0,41745.0,2381.0
1992-06-05,41745.0,42090.0,41400.0,41745.0,3073.0
1992-06-08,41400.0,41400.0,40020.0,41400.0,836.0
1992-06-09,39330.0,41055.0,39330.0,41055.0,2436.0
1992-06-10,40365.0,42435.0,40365.0,42435.0,3279.0
1992-06-11,42435.0,43125.0,41400.0,42435.0,3524.0
1992-06-12,42435.0,42435.0,41400.0,42090.0,1499.0
1992-06-13,42090.0,42090.0,41745.0,42090.0,1258.0
1992-06-15,41400.0,42435.0,41400.0,41400.0,2577.0
1992-06-16,41400.0,41400.0,40365.0,41055.0,828.0
1992-06-17,41400.0,43125.0,41400.0,42090.0,9513.0
1992-06-18,42090.0,42090.0,40020.0,41055.0,630.0
1992-06-19,41055.0,41055.0,40365.0,40365.0,1190.0
1992-06-20,39675.0,40365.0,39330.0,40020.0,1909.0
1992-06-22,40020.0,40020.0,38985.0,38985.0,1258.0
1992-06-23,38640.0,39675.0,38640.0,38640.0,1427.0
1992-06-24,38640.0,38985.0,38295.0,38295.0,768.0
1992-06-25,37950.0,38640.0,37950.0,38640.0,1625.0
1992-06-26,38640.0,38985.0,37260.0,37260.0,955.0
1992-06-27,37950.0,38295.0,37260.0,38295.0,2134.0
1992-06-29,38640.0,38640.0,37260.0,38640.0,523.0
1992-06-30,38640.0,39330.0,38295.0,39330.0,1347.0
1992-07-01,39330.0,39675.0,37950.0,39675.0,1448.0
1992-07-02,38985.0,39675.0,38985.0,39675.0,1153.0
1992-07-03,38295.0,39330.0,37950.0,39330.0,931.0
1992-07-04,37950.0,38985.0,37950.0,38640.0,529.0
1992-07-06,37950.0,37950.0,37260.0,37950.0,663.0
1992-07-07,36915.0,38640.0,36915.0,38640.0,1223.0
1992-07-08,37605.0,39330.0,37260.0,37605.0,2943.0
1992-07-09,37605.0,37605.0,36915.0,36915.0,521.0
1992-07-10,36915.0,37260.0,36225.0,36225.0,1172.0
1992-07-11,34845.0,36225.0,34845.0,36225.0,894.0
1992-07-13,35535.0,36225.0,35535.0,35535.0,1027.0
1992-07-14,36225.0,36570.0,35535.0,36570.0,1114.0
1992-07-15,36225.0,37260.0,34845.0,35880.0,3168.0
1992-07-16,35880.0,35880.0,35190.0,35190.0,690.0
1992-07-18,35190.0,35190.0,34466.0,34500.0,1147.0
1992-07-20,34845.0,34845.0,34431.0,34500.0,539.0
1992-07-21,35190.0,35190.0,34155.0,34155.0,442.0
1992-07-22,34500.0,35535.0,34155.0,35190.0,1664.0
1992-07-23,35535.0,36915.0,35535.0,35880.0,2785.0
1992-07-24,36225.0,36225.0,34845.0,35190.0,564.0
1992-07-25,35190.0,35190.0,33120.0,34500.0,2286.0
1992-07-27,34845.0,35535.0,34500.0,34500.0,2642.0
1992-07-28,34500.0,34845.0,34500.0,34500.0,1431.0
1992-07-29,34845.0,34845.0,34500.0,34500.0,1025.0
1992-07-30,34155.0,34845.0,34155.0,34328.0,1085.0
1992-07-31,34500.0,34500.0,33810.0,33810.0,599.0
1992-08-01,33810.0,33810.0,32775.0,32775.0,96.0
1992-08-03,31740.0,32085.0,31740.0,31740.0,628.0
1992-08-04,31223.0,31223.0,30705.0,31050.0,1139.0
1992-08-05,29670.0,30705.0,29670.0,30360.0,2039.0
1992-08-06,29670.0,31395.0,29670.0,31395.0,863.0
1992-08-07,30084.0,31740.0,30015.0,30084.0,964.0
1992-08-08,30360.0,30602.0,30050.0,30050.0,482.0
1992-08-10,30360.0,31395.0,30360.0,31395.0,605.0
1992-08-11,31395.0,31430.0,31395.0,31395.0,871.0
1992-08-12,31050.0,31050.0,30188.0,30188.0,243.0
1992-08-13,30015.0,30015.0,29325.0,29325.0,1205.0
1992-08-14,28635.0,28808.0,28290.0,28290.0,896.0
1992-08-17,27600.0,27600.0,26910.0,26944.0,1271.0
1992-08-18,25909.0,28325.0,25909.0,27255.0,1983.0
1992-08-19,27600.0,28290.0,27255.0,28290.0,2735.0
1992-08-20,27600.0,27600.0,26910.0,26910.0,179.0
1992-08-21,25530.0,25875.0,25530.0,25530.0,1604.0
1992-08-22,26220.0,26910.0,25530.0,26910.0,1823.0
1992-08-24,27600.0,28290.0,27600.0,28221.0,1594.0
1992-08-25,28911.0,29601.0,28635.0,29601.0,3139.0
1992-08-26,30291.0,30981.0,30291.0,30981.0,2389.0
1992-08-27,31395.0,31395.0,29670.0,30705.0,1938.0
1992-08-28,30705.0,30705.0,29325.0,29325.0,1602.0
1992-08-29,28980.0,30705.0,28635.0,30705.0,5737.0
1992-08-31,32085.0,32085.0,31395.0,32085.0,3843.0
1992-09-01,33465.0,33465.0,32085.0,32085.0,8573.0
1992-09-02,32603.0,32603.0,31395.0,32085.0,2612.0
1992-09-03,32430.0,33120.0,32085.0,32085.0,3920.0
1992-09-04,30740.0,31740.0,30705.0,30705.0,1184.0
1992-09-05,30360.0,30360.0,29670.0,30015.0,1402.0
1992-09-07,29325.0,31395.0,29325.0,31395.0,2035.0
1992-09-08,32085.0,32775.0,31395.0,32775.0,6760.0
1992-09-09,33465.0,33810.0,32775.0,32775.0,4630.0
1992-09-14,33120.0,33120.0,31395.0,31395.0,1172.0
1992-09-15,31395.0,31740.0,31050.0,31395.0,2702.0
1992-09-16,31395.0,32085.0,31050.0,31568.0,1744.0
1992-09-17,31050.0,31223.0,30705.0,31016.0,1699.0
1992-09-18,31085.0,31085.0,31016.0,31016.0,1633.0
1992-09-19,31016.0,31395.0,31016.0,31395.0,951.0
1992-09-21,31568.0,31568.0,30015.0,30015.0,1547.0
1992-09-22,30015.0,30360.0,28980.0,30015.0,2904.0
1992-09-23,30015.0,30360.0,30015.0,30188.0,2290.0
1992-09-24,29670.0,31395.0,29670.0,31050.0,2134.0
1992-09-25,31050.0,31050.0,30429.0,30981.0,1338.0
1992-09-26,29670.0,30947.0,29670.0,30533.0,1837.0
1992-09-28,30705.0,30705.0,29325.0,29325.0,1439.0
1992-09-29,28980.0,29325.0,28635.0,29325.0,1295.0
1992-09-30,27945.0,29670.0,27945.0,28635.0,807.0
1992-10-01,27945.0,28808.0,27945.0,27945.0,1989.0
1992-10-02,27945.0,28290.0,27600.0,27600.0,2836.0
1992-10-05,27600.0,27600.0,26220.0,26565.0,1635.0
1992-10-06,25875.0,26875.0,25875.0,26737.0,2713.0
1992-10-07,26737.0,27911.0,26565.0,27911.0,2797.0
1992-10-08,27911.0,28221.0,26634.0,26910.0,1790.0
1992-10-09,27117.0,27773.0,26806.0,27117.0,2424.0
1992-10-10,27117.0,27393.0,26875.0,27393.0,1258.0
1992-10-12,26599.0,27082.0,26496.0,26496.0,2051.0
1992-10-13,26910.0,26910.0,26599.0,26875.0,1295.0
1992-10-14,26875.0,27428.0,26875.0,27255.0,1534.0
1992-10-15,27255.0,27255.0,26910.0,26910.0,805.0
1992-10-16,27255.0,27393.0,26910.0,26910.0,1695.0
1992-10-17,26910.0,27428.0,26910.0,27428.0,1120.0
1992-10-19,27945.0,28808.0,27945.0,28463.0,7483.0
1992-10-20,28463.0,28842.0,27945.0,28325.0,1825.0
1992-10-21,29153.0,29705.0,28808.0,29705.0,4490.0
1992-10-22,30015.0,31085.0,30015.0,31050.0,9958.0
1992-10-23,31050.0,32430.0,30360.0,31740.0,12984.0
1992-10-24,30360.0,32430.0,30360.0,30705.0,8194.0
1992-10-26,31395.0,32085.0,31395.0,32085.0,2941.0
1992-10-27,33465.0,33465.0,31050.0,31740.0,9515.0
1992-10-28,31395.0,32775.0,30705.0,31637.0,5514.0
1992-10-29,31775.0,33017.0,31395.0,33017.0,6872.0
1992-10-30,33810.0,33810.0,32430.0,32775.0,7755.0
1992-10-31,33465.0,34155.0,33293.0,34155.0,8285.0
1992-11-02,35190.0,35535.0,34845.0,35535.0,10501.0
1992-11-03,35535.0,35535.0,34155.0,34845.0,10981.0
1992-11-04,34845.0,35535.0,33810.0,35190.0,9018.0
1992-11-05,36225.0,37260.0,35190.0,37260.0,11509.0
1992-11-06,37950.0,39330.0,37950.0,39330.0,25875.0
1992-11-07,41055.0,41400.0,40710.0,41400.0,10495.0
1992-11-09,43470.0,43470.0,43470.0,43470.0,10201.0
1992-11-10,44850.0,45540.0,43125.0,44850.0,35798.0
1992-11-11,43470.0,44850.0,42780.0,42780.0,13476.0
1992-11-12,42780.0,42780.0,40710.0,40710.0,7780.0
1992-11-13,38640.0,42090.0,38640.0,42090.0,23828.0
1992-11-14,41400.0,42435.0,40020.0,40020.0,9587.0
1992-11-16,38640.0,39330.0,37950.0,37950.0,8328.0
1992-11-17,37950.0,40020.0,37950.0,40020.0,16084.0
1992-11-18,39675.0,41400.0,38985.0,38985.0,20583.0
1992-11-19,39330.0,40710.0,39330.0,39675.0,5500.0
1992-11-20,39675.0,40710.0,39675.0,39675.0,15938.0
1992-11-21,40020.0,41745.0,40020.0,41745.0,8499.0
1992-11-23,43125.0,43125.0,41745.0,41745.0,10217.0
1992-11-24,41745.0,42090.0,40020.0,40020.0,3561.0
1992-11-25,40710.0,41400.0,39675.0,39675.0,4144.0
1992-11-26,40365.0,41745.0,40365.0,41745.0,5411.0
1992-11-27,43125.0,43125.0,40020.0,41400.0,13260.0
1992-11-28,41400.0,42435.0,40710.0,41400.0,5244.0
1992-11-30,42435.0,43125.0,41745.0,43125.0,7162.0
1992-12-01,41400.0,43125.0,41400.0,42435.0,4981.0
1992-12-02,41055.0,42435.0,41055.0,41400.0,4220.0
1992-12-03,41400.0,41400.0,40020.0,40710.0,1680.0
1992-12-04,40710.0,41400.0,39675.0,40020.0,2743.0
1992-12-05,39330.0,39330.0,38640.0,38640.0,1409.0
1992-12-07,38640.0,38640.0,36570.0,37950.0,2414.0
1992-12-08,38640.0,39675.0,37950.0,39675.0,3767.0
1992-12-09,39675.0,40020.0,38985.0,39675.0,2881.0
1992-12-10,39675.0,41400.0,39675.0,41055.0,8293.0
1992-12-11,38985.0,41400.0,38985.0,40365.0,2783.0
1992-12-12,40365.0,41400.0,40365.0,40365.0,2677.0
1992-12-14,41055.0,42435.0,41055.0,42435.0,14518.0
1992-12-15,43125.0,43125.0,42435.0,43125.0,9428.0
1992-12-16,43815.0,44160.0,43125.0,43470.0,16727.0
1992-12-17,43815.0,44505.0,42780.0,43125.0,11741.0
1992-12-19,45195.0,45195.0,44160.0,44160.0,5681.0
1992-12-21,42435.0,44160.0,42435.0,43470.0,5481.0
1992-12-22,43470.0,44505.0,43470.0,44160.0,7442.0
1992-12-23,44505.0,46230.0,44505.0,46230.0,18708.0
1992-12-24,47955.0,47955.0,46575.0,47610.0,15287.0
1992-12-26,48300.0,48990.0,47955.0,48300.0,9119.0
1992-12-28,49335.0,49335.0,46920.0,47265.0,10759.0
1993-01-04,49056.0,49414.0,49056.0,49414.0,4247.0
1993-01-05,50130.0,51562.0,49414.0,50488.0,23935.0
1993-01-06,50488.0,50488.0,49056.0,49414.0,16183.0
1993-01-07,50130.0,50846.0,49056.0,50130.0,14945.0
1993-01-08,50130.0,50846.0,49414.0,50130.0,17680.0
1993-01-09,50846.0,51204.0,50130.0,50130.0,7910.0
1993-01-11,49414.0,50846.0,48698.0,49772.0,15351.0
1993-01-12,49056.0,49772.0,48698.0,48698.0,9136.0
1993-01-13,49056.0,50130.0,49056.0,49414.0,11266.0
1993-01-14,49414.0,49414.0,47624.0,47982.0,7409.0
1993-01-15,48340.0,49056.0,47624.0,47624.0,15013.0
1993-01-16,47982.0,48698.0,47266.0,47266.0,5011.0
1993-01-18,47624.0,48340.0,47266.0,47624.0,6429.0
1993-01-19,47266.0,49056.0,47266.0,49056.0,10026.0
1993-01-20,49772.0,51204.0,49414.0,50130.0,27453.0
1993-01-21,49772.0,50846.0,49414.0,49414.0,8724.0
1993-01-25,50130.0,50488.0,49056.0,49056.0,10058.0
1993-01-26,49414.0,50488.0,49056.0,50130.0,18560.0
1993-01-27,50488.0,50846.0,48698.0,49056.0,5601.0
1993-01-28,49056.0,49772.0,47624.0,47624.0,7160.0
1993-01-29,47624.0,47982.0,45833.0,47624.0,10081.0
1993-01-30,46549.0,47266.0,46549.0,46549.0,2134.0
1993-02-01,45833.0,47266.0,45833.0,46191.0,4119.0
1993-02-02,46549.0,46549.0,45833.0,46549.0,1781.0
1993-02-03,44759.0,47624.0,44759.0,47624.0,4954.0
1993-02-04,47624.0,47624.0,46549.0,46907.0,3061.0
1993-02-05,46907.0,49056.0,46549.0,46907.0,10977.0
1993-02-06,47624.0,47624.0,46907.0,46907.0,2313.0
1993-02-08,46549.0,47266.0,45833.0,47266.0,2923.0
1993-02-09,47266.0,48698.0,46907.0,47266.0,4451.0
1993-02-10,47266.0,47624.0,46549.0,47266.0,1909.0
1993-02-11,47266.0,47982.0,47266.0,47624.0,3755.0
1993-02-12,47266.0,48340.0,46907.0,47266.0,6289.0
1993-02-13,47266.0,47266.0,46907.0,47266.0,1384.0
1993-02-15,46549.0,47624.0,46549.0,46907.0,2290.0
1993-02-16,46907.0,47624.0,46549.0,46549.0,1738.0
1993-02-17,46549.0,46549.0,44759.0,45475.0,3110.0
1993-02-18,45117.0,45117.0,43685.0,44043.0,3001.0
1993-02-19,44043.0,44401.0,42969.0,43327.0,2585.0
1993-02-20,43327.0,44043.0,42611.0,42969.0,861.0
1993-02-22,43685.0,45117.0,43685.0,45117.0,4820.0
1993-02-23,45475.0,45833.0,45117.0,45475.0,3190.0
1993-02-24,45475.0,45475.0,44759.0,45117.0,2618.0
1993-02-25,46549.0,46549.0,43685.0,44401.0,3516.0
1993-02-26,42252.0,44401.0,42252.0,42611.0,2150.0
1993-02-27,42611.0,42969.0,41178.0,41894.0,1932.0
1993-03-02,41536.0,41894.0,40820.0,40820.0,1670.0
1993-03-03,41178.0,41536.0,39388.0,40104.0,3600.0
1993-03-04,40462.0,40462.0,39388.0,39388.0,1932.0
1993-03-05,39030.0,39388.0,37597.0,39030.0,4309.0
1993-03-06,39030.0,39388.0,36881.0,38314.0,3893.0
1993-03-08,38314.0,40462.0,38314.0,40462.0,6664.0
1993-03-09,41536.0,42611.0,41178.0,42611.0,20025.0
1993-03-11,43327.0,43327.0,41536.0,42611.0,21061.0
1993-03-12,42969.0,44759.0,42969.0,44401.0,17505.0
1993-03-13,43327.0,45475.0,43327.0,45475.0,19141.0
1993-03-15,45475.0,46549.0,44759.0,44759.0,19473.0
1993-03-16,44759.0,46191.0,44401.0,44401.0,10534.0
1993-03-17,45117.0,46549.0,45117.0,46549.0,13235.0
1993-03-18,46907.0,47624.0,45833.0,46191.0,15384.0
1993-03-19,46907.0,46907.0,45475.0,46549.0,12848.0
1993-03-20,46549.0,48340.0,46549.0,48340.0,13898.0
1993-03-22,47624.0,48698.0,46907.0,47266.0,16859.0
1993-03-23,47624.0,48340.0,47624.0,47624.0,11542.0
1993-03-24,46549.0,47624.0,46549.0,47624.0,5162.0
1993-03-25,48340.0,48340.0,46549.0,46549.0,6981.0
1993-03-26,45833.0,46907.0,45833.0,45833.0,6876.0
1993-03-27,45833.0,46191.0,45475.0,45475.0,5735.0
1993-03-29,43327.0,46191.0,43327.0,45475.0,4486.0
1993-03-30,46191.0,46191.0,45833.0,46191.0,3819.0
1993-03-31,46549.0,47982.0,46191.0,46907.0,10508.0
1993-04-01,47266.0,47266.0,45833.0,46907.0,4175.0
1993-04-02,45833.0,48698.0,45833.0,48698.0,15979.0
1993-04-03,49414.0,49772.0,48698.0,49414.0,10079.0
1993-04-06,49772.0,50130.0,49056.0,49414.0,10847.0
1993-04-07,49414.0,50130.0,49056.0,49056.0,10541.0
1993-04-08,49056.0,49414.0,48340.0,49056.0,8973.0
1993-04-09,49414.0,51204.0,49414.0,50846.0,34980.0
1993-04-10,51562.0,51562.0,50130.0,50130.0,16727.0
1993-04-12,50846.0,52279.0,50130.0,52279.0,32795.0
1993-04-13,52279.0,52279.0,51204.0,51562.0,14640.0
1993-04-14,51562.0,51921.0,49414.0,49414.0,18270.0
1993-04-15,49772.0,50488.0,48340.0,50488.0,7193.0
1993-04-16,50846.0,50846.0,48340.0,49056.0,11550.0
1993-04-17,49056.0,49772.0,49056.0,49414.0,4665.0
1993-04-19,49772.0,50488.0,49772.0,50488.0,8326.0
1993-04-20,50846.0,51921.0,49772.0,50488.0,24062.0
1993-04-21,49414.0,50488.0,49414.0,50488.0,9768.0
1993-04-22,50488.0,51562.0,50488.0,50846.0,13923.0
1993-04-23,51204.0,51921.0,50846.0,51204.0,17773.0
1993-04-24,51204.0,52637.0,51204.0,51921.0,21757.0
1993-04-26,52279.0,52279.0,50130.0,50130.0,2702.0
1993-04-27,50130.0,50846.0,49056.0,49772.0,4099.0
1993-04-28,50488.0,50488.0,49414.0,50488.0,6223.0
1993-04-29,49056.0,50130.0,49056.0,49772.0,1285.0
1993-04-30,49414.0,50130.0,48698.0,49056.0,2997.0
1993-05-01,49056.0,49414.0,48340.0,48698.0,836.0
1993-05-03,48698.0,49056.0,48698.0,49056.0,1135.0
1993-05-04,48698.0,49414.0,48698.0,48698.0,1588.0
1993-05-06,48698.0,49056.0,47982.0,47982.0,1876.0
1993-05-07,47982.0,47982.0,46907.0,47266.0,2634.0
1993-05-08,47266.0,47266.0,46191.0,47266.0,1007.0
1993-05-10,46549.0,47982.0,46549.0,47624.0,1561.0
1993-05-11,47624.0,48340.0,47266.0,47266.0,1767.0
1993-05-12,47266.0,47266.0,46549.0,47266.0,1936.0
1993-05-13,47266.0,49056.0,47266.0,49056.0,2774.0
1993-05-14,49056.0,49772.0,48340.0,49414.0,4152.0
1993-05-15,49772.0,50130.0,48698.0,48698.0,1928.0
1993-05-17,49056.0,50846.0,49056.0,50846.0,13443.0
1993-05-18,50846.0,51204.0,50130.0,50846.0,6182.0
1993-05-19,50130.0,51921.0,50130.0,50846.0,15612.0
1993-05-20,51204.0,51921.0,50846.0,50846.0,13968.0
1993-05-21,50846.0,51921.0,50846.0,51921.0,12870.0
1993-05-22,52637.0,53711.0,52637.0,53353.0,41154.0
1993-05-24,54427.0,54785.0,53711.0,53711.0,51938.0
1993-05-25,54427.0,54427.0,52995.0,52995.0,15627.0
1993-05-26,52995.0,53711.0,51562.0,52637.0,16673.0
1993-05-27,52995.0,53711.0,52637.0,52637.0,15258.0
1993-05-29,53353.0,54785.0,53353.0,54427.0,27772.0
1993-05-31,55501.0,55501.0,54785.0,55501.0,60759.0
1993-06-01,55859.0,56217.0,54427.0,54427.0,40847.0
1993-06-02,54427.0,55859.0,54427.0,55501.0,20276.0
1993-06-03,56576.0,58366.0,56217.0,58008.0,63116.0
1993-06-04,59440.0,59440.0,56576.0,57292.0,45289.0
1993-06-05,57292.0,57292.0,55859.0,56217.0,17901.0
1993-06-07,56217.0,58366.0,55859.0,58366.0,27262.0
1993-06-08,59440.0,61231.0,58008.0,59440.0,71234.0
1993-06-09,60514.0,60514.0,58366.0,58724.0,43540.0
1993-06-10,59440.0,59440.0,56934.0,56934.0,8868.0
1993-06-11,56934.0,56934.0,55859.0,56934.0,13233.0
1993-06-12,57650.0,58366.0,56576.0,56934.0,9651.0
1993-06-14,57292.0,58724.0,57292.0,57650.0,24785.0
1993-06-15,57292.0,58008.0,56934.0,56934.0,5516.0
1993-06-16,56576.0,57292.0,56217.0,56934.0,7212.0
1993-06-17,56576.0,58008.0,56576.0,57650.0,9898.0
1993-06-18,58008.0,58008.0,56576.0,56576.0,3368.0
1993-06-19,56576.0,57292.0,55859.0,55859.0,4595.0
1993-06-21,55143.0,56217.0,55143.0,55859.0,5051.0
1993-06-22,55859.0,56576.0,55501.0,56217.0,6845.0
1993-06-23,55859.0,55859.0,54785.0,55859.0,5881.0
1993-06-24,55501.0,55501.0,54427.0,54427.0,2626.0
1993-06-25,54785.0,55501.0,54427.0,55143.0,8106.0
1993-06-26,55859.0,56576.0,54785.0,54785.0,6421.0
1993-06-28,53711.0,55859.0,53711.0,54069.0,4698.0
1993-06-29,54785.0,56934.0,54785.0,56934.0,22472.0
1993-06-30,57292.0,58008.0,56217.0,56217.0,25035.0
1993-07-01,56576.0,57292.0,56217.0,56934.0,11715.0
1993-07-02,56934.0,57650.0,55501.0,55859.0,7782.0
1993-07-03,55143.0,57650.0,55143.0,56934.0,9467.0
1993-07-05,56934.0,57650.0,56576.0,57650.0,9041.0
1993-07-06,58008.0,58366.0,56934.0,56934.0,8614.0
1993-07-07,57292.0,57650.0,56934.0,57292.0,2869.0
1993-07-08,57650.0,58724.0,57650.0,58008.0,19160.0
1993-07-09,58008.0,59440.0,57650.0,58724.0,30452.0
1993-07-10,59082.0,59082.0,58008.0,58724.0,8408.0
1993-07-12,58724.0,59440.0,58008.0,58008.0,10147.0
1993-07-13,58008.0,58724.0,57292.0,57292.0,4074.0
1993-07-14,57292.0,57650.0,56934.0,56934.0,1786.0
1993-07-15,56576.0,57650.0,56576.0,56934.0,2381.0
1993-07-16,57292.0,57292.0,56217.0,56934.0,2488.0
1993-07-19,55501.0,56934.0,55501.0,56217.0,2142.0
1993-07-20,56217.0,56934.0,55501.0,55501.0,1666.0
1993-07-21,55859.0,55859.0,55501.0,55501.0,3506.0
1993-07-22,55501.0,55859.0,54785.0,54785.0,4387.0
1993-07-23,54069.0,54785.0,53353.0,54785.0,4097.0
1993-07-24,55143.0,55143.0,53711.0,53711.0,3804.0
1993-07-26,54069.0,54427.0,53711.0,54427.0,6771.0
1993-07-27,54785.0,55143.0,54069.0,55143.0,8215.0
1993-07-28,55501.0,55501.0,54785.0,55143.0,9852.0
1993-07-29,54785.0,54785.0,54069.0,54427.0,4976.0
1993-07-30,53711.0,53711.0,52995.0,53711.0,3209.0
1993-07-31,53353.0,54069.0,52637.0,53711.0,3683.0
1993-08-02,53711.0,53711.0,52637.0,52995.0,1969.0
1993-08-03,52995.0,53353.0,52637.0,53353.0,1658.0
1993-08-04,53353.0,53353.0,52995.0,53353.0,4886.0
1993-08-05,53711.0,54427.0,53711.0,54427.0,5681.0
1993-08-06,52279.0,53711.0,52279.0,53353.0,1792.0
1993-08-07,52637.0,52637.0,51921.0,52279.0,3466.0
1993-08-09,51921.0,52995.0,51204.0,51204.0,5415.0
1993-08-10,52279.0,52637.0,51204.0,52637.0,3691.0
1993-08-11,53353.0,53711.0,51921.0,53353.0,6126.0
1993-08-12,52637.0,54427.0,52637.0,54069.0,4618.0
1993-08-13,51204.0,51204.0,51204.0,51204.0,6.0
1993-08-14,49056.0,49414.0,49056.0,49056.0,9074.0
1993-08-16,49414.0,51204.0,49414.0,51204.0,4494.0
1993-08-17,50846.0,51921.0,50488.0,51204.0,7589.0
1993-08-18,51562.0,52995.0,51204.0,52995.0,7288.0
1993-08-19,53711.0,55143.0,52995.0,55143.0,10979.0
1993-08-20,54785.0,55501.0,53711.0,53711.0,6987.0
1993-08-21,54427.0,55143.0,54427.0,55143.0,7673.0
1993-08-23,57292.0,57292.0,55501.0,55859.0,8161.0
1993-08-24,55501.0,55501.0,53711.0,53711.0,5751.0
1993-08-25,54069.0,54427.0,52637.0,52637.0,3283.0
1993-08-26,52995.0,52995.0,51921.0,51921.0,4159.0
1993-08-27,51562.0,52279.0,50846.0,51204.0,6371.0
1993-08-28,50846.0,51562.0,50488.0,51562.0,4122.0
1993-08-30,51204.0,51204.0,49772.0,50488.0,4552.0
1993-08-31,48698.0,51204.0,48340.0,49414.0,2459.0
1993-09-01,49056.0,49772.0,48340.0,49772.0,2076.0
1993-09-02,49772.0,50488.0,48340.0,49414.0,2220.0
1993-09-03,48340.0,50488.0,48340.0,49772.0,2801.0
1993-09-04,48698.0,49414.0,47982.0,47982.0,510.0
1993-09-06,47266.0,49056.0,47266.0,48698.0,1462.0
1993-09-07,46549.0,50130.0,46549.0,50130.0,2770.0
1993-09-08,48698.0,49414.0,48698.0,49056.0,1998.0
1993-09-09,49772.0,50846.0,49772.0,50130.0,4389.0
1993-09-10,50488.0,51562.0,50488.0,50488.0,4216.0
1993-09-11,50846.0,50846.0,50130.0,50488.0,951.0
1993-09-13,51204.0,51562.0,50846.0,50846.0,3337.0
1993-09-14,50846.0,50846.0,49414.0,49414.0,1524.0
1993-09-15,49772.0,49772.0,48698.0,48698.0,718.0
1993-09-16,48698.0,48698.0,47982.0,48698.0,782.0
1993-09-17,48340.0,49056.0,47982.0,48340.0,2282.0
1993-09-18,48698.0,49056.0,48340.0,48340.0,500.0
1993-09-20,49056.0,49056.0,48698.0,49056.0,2422.0
1993-09-21,49056.0,49414.0,48698.0,49414.0,2451.0
1993-09-22,49414.0,50488.0,49414.0,49772.0,3646.0
1993-09-23,50130.0,50488.0,49772.0,50130.0,3131.0
1993-09-24,50488.0,51204.0,50488.0,50488.0,4406.0
1993-09-25,49414.0,50846.0,49414.0,50488.0,1411.0
1993-09-27,51204.0,51921.0,51204.0,51921.0,5193.0
1993-09-28,51921.0,52279.0,51562.0,52279.0,4457.0
1993-10-02,50846.0,52637.0,50846.0,51562.0,2690.0
1993-10-04,50846.0,51204.0,50846.0,50846.0,1709.0
1993-10-05,51562.0,51562.0,50846.0,51562.0,1106.0
1993-10-06,51204.0,52279.0,51204.0,51562.0,3872.0
1993-10-07,51562.0,52279.0,51562.0,51562.0,6260.0
1993-10-08,51921.0,52279.0,51204.0,51562.0,2898.0
1993-10-09,50846.0,51204.0,50846.0,51204.0,1015.0
1993-10-11,50488.0,51921.0,50488.0,51921.0,1155.0
1993-10-12,52637.0,53353.0,52279.0,52637.0,8328.0
1993-10-13,52995.0,54069.0,52995.0,53711.0,5310.0
1993-10-14,54427.0,54427.0,53353.0,53353.0,10164.0
1993-10-15,52995.0,53711.0,52995.0,53353.0,3895.0
1993-10-16,53353.0,53711.0,52995.0,53711.0,2663.0
1993-10-18,54069.0,54427.0,51562.0,54427.0,4299.0
1993-10-19,54427.0,54427.0,52995.0,53353.0,1456.0
1993-10-20,52637.0,53353.0,52637.0,53353.0,1314.0
1993-10-21,52637.0,54785.0,52637.0,53353.0,5180.0
1993-10-22,52637.0,52637.0,52279.0,52637.0,1112.0
1993-10-23,51562.0,53353.0,51562.0,53353.0,1992.0
1993-10-25,53353.0,54069.0,52637.0,54069.0,3860.0
1993-10-26,54069.0,54069.0,52995.0,53353.0,208.0
1993-10-27,52995.0,54069.0,52995.0,53353.0,5393.0
1993-10-28,52995.0,53711.0,52995.0,52995.0,4103.0
1993-10-29,52995.0,53731.0,50787.0,50787.0,3712.0
1993-10-30,50051.0,51891.0,50051.0,51523.0,3483.0
1993-11-01,51891.0,52627.0,51523.0,52259.0,4437.0
1993-11-02,52259.0,52259.0,50051.0,50051.0,554.0
1993-11-03,50787.0,51523.0,48211.0,48211.0,3858.0
1993-11-04,48579.0,49315.0,48579.0,48947.0,5034.0
1993-11-05,49315.0,50051.0,48947.0,49683.0,4206.0
1993-11-06,49683.0,49683.0,47843.0,48579.0,2391.0
1993-11-08,47843.0,49315.0,47843.0,48947.0,6105.0
1993-11-09,46739.0,48947.0,46739.0,47843.0,8118.0
1993-11-10,47475.0,47843.0,45634.0,45634.0,1306.0
1993-11-11,45634.0,47843.0,45634.0,47475.0,17108.0
1993-11-12,48211.0,49683.0,47843.0,49683.0,18692.0
1993-11-13,48947.0,50419.0,48579.0,48947.0,3804.0
1993-11-15,50051.0,51155.0,48947.0,51155.0,14360.0
1993-11-16,52259.0,52259.0,49683.0,51155.0,7228.0
1993-11-17,51155.0,51155.0,50051.0,50787.0,10429.0
1993-11-18,51155.0,52627.0,50419.0,50419.0,7724.0
1993-11-19,51523.0,52627.0,50419.0,51523.0,19127.0
1993-11-20,51891.0,52259.0,51155.0,52259.0,13927.0
1993-11-22,52995.0,52995.0,51523.0,52259.0,16533.0
1993-11-23,50419.0,51523.0,50419.0,51523.0,11653.0
1993-11-24,51891.0,51891.0,50419.0,51155.0,12596.0
1993-11-25,51155.0,51523.0,50787.0,51155.0,21261.0
1993-11-26,51155.0,51155.0,50419.0,51155.0,6091.0
1993-11-27,51155.0,51155.0,50419.0,51155.0,9605.0
1993-11-29,51155.0,51155.0,49683.0,49683.0,7280.0
1993-11-30,49683.0,50051.0,48579.0,50051.0,13896.0
1993-12-01,50787.0,50787.0,49683.0,50787.0,12310.0
1993-12-02,49683.0,51155.0,49683.0,51155.0,11045.0
1993-12-03,50419.0,51523.0,50051.0,50051.0,3386.0
1993-12-04,50051.0,50419.0,50051.0,50051.0,2568.0
1993-12-06,48211.0,50419.0,48211.0,49683.0,4890.0
1993-12-07,48947.0,48947.0,48211.0,48211.0,1610.0
1993-12-08,47843.0,50051.0,47843.0,49315.0,7199.0
1993-12-09,48947.0,49315.0,47107.0,47843.0,6964.0
1993-12-10,47843.0,47843.0,46739.0,47107.0,3852.0
1993-12-11,47843.0,48579.0,46739.0,46739.0,4556.0
1993-12-13,47107.0,47843.0,47107.0,47107.0,2696.0
1993-12-14,47475.0,48211.0,47107.0,47107.0,5675.0
1993-12-15,47843.0,47843.0,46739.0,47107.0,4849.0
1993-12-16,47475.0,47843.0,46002.0,46002.0,6157.0
1993-12-17,46002.0,46370.0,45266.0,45266.0,2074.0
1993-12-18,45634.0,45634.0,44162.0,44530.0,2082.0
1993-12-20,44530.0,46739.0,44530.0,45266.0,9220.0
1993-12-21,46002.0,46370.0,45634.0,46002.0,3347.0
1993-12-22,46002.0,47107.0,46002.0,47107.0,3874.0
1993-12-23,47843.0,48579.0,46370.0,46370.0,3207.0
1993-12-24,46739.0,48579.0,46739.0,48579.0,5207.0
1993-12-27,49683.0,50419.0,47843.0,48947.0,8779.0
1993-12-28,49315.0,49315.0,47475.0,47475.0,4249.0
1994-01-03,47857.0,49772.0,47857.0,49772.0,1100.0
1994-01-04,47475.0,50920.0,47475.0,50155.0,6165.0
1994-01-05,47857.0,50920.0,47857.0,49389.0,31330.0
1994-01-06,50155.0,51686.0,49389.0,51686.0,39104.0
1994-01-07,53983.0,53983.0,53983.0,53983.0,33740.0
1994-01-08,56280.0,56280.0,54749.0,56280.0,65052.0
1994-01-10,56280.0,57046.0,53983.0,53983.0,46329.0
1994-01-11,52835.0,55515.0,51686.0,55515.0,47763.0
1994-01-12,55515.0,55515.0,53218.0,53218.0,18721.0
1994-01-13,50920.0,53218.0,50920.0,50920.0,12308.0
1994-01-14,49006.0,50920.0,48623.0,49772.0,12077.0
1994-01-15,49772.0,52069.0,49772.0,51686.0,8085.0
1994-01-17,51686.0,53983.0,49772.0,53983.0,54705.0
1994-01-18,56280.0,56280.0,55515.0,56280.0,50735.0
1994-01-19,58578.0,58578.0,58578.0,58578.0,58075.0
1994-01-20,61641.0,61641.0,55515.0,56280.0,90567.0
1994-01-21,55515.0,56663.0,53983.0,53983.0,17786.0
1994-01-22,52069.0,53983.0,51686.0,52069.0,19918.0
1994-01-24,52835.0,54366.0,52835.0,54366.0,20801.0
1994-01-25,56663.0,56663.0,53983.0,53983.0,46395.0
1994-01-26,53983.0,54366.0,52069.0,52069.0,24625.0
1994-01-27,52452.0,53600.0,49772.0,50537.0,24487.0
1994-01-28,48240.0,52835.0,48240.0,52835.0,24437.0
1994-01-29,55132.0,55132.0,55132.0,55132.0,7508.0
1994-01-31,57429.0,57429.0,57429.0,57429.0,32197.0
1994-02-01,60492.0,60492.0,60492.0,60492.0,50393.0
1994-02-02,63555.0,63555.0,63555.0,63555.0,16467.0
1994-02-03,66618.0,66618.0,66618.0,66618.0,113279.0
1994-02-04,69681.0,69681.0,69681.0,69681.0,16199.0
1994-02-05,72744.0,72744.0,66618.0,67383.0,213172.0
1994-02-07,66618.0,70446.0,65469.0,68149.0,83444.0
1994-02-08,69298.0,70446.0,65469.0,65469.0,50585.0
1994-02-12,63172.0,66618.0,62789.0,62789.0,24458.0
1994-02-14,61258.0,63938.0,60109.0,60109.0,17071.0
1994-02-15,60875.0,63172.0,60875.0,63172.0,8526.0
1994-02-16,66235.0,66235.0,66235.0,66235.0,6210.0
1994-02-17,69298.0,69298.0,69298.0,69298.0,24781.0
1994-02-18,71978.0,72361.0,66235.0,68532.0,82982.0
1994-02-19,69681.0,71595.0,69298.0,71595.0,41712.0
1994-02-21,73509.0,73509.0,68532.0,68532.0,54804.0
1994-02-22,68915.0,70064.0,65469.0,65469.0,101290.0
1994-02-23,67383.0,68532.0,62406.0,62406.0,67427.0
1994-02-24,59343.0,63938.0,59343.0,59343.0,116111.0
1994-02-25,60875.0,62406.0,60492.0,61258.0,59742.0
1994-02-26,62789.0,62789.0,59726.0,61258.0,29859.0
1994-02-28,62789.0,64321.0,58195.0,58195.0,79149.0
1994-03-02,57429.0,57429.0,55132.0,55515.0,23858.0
1994-03-03,55898.0,57812.0,55515.0,57429.0,41877.0
1994-03-04,57812.0,60492.0,57046.0,60492.0,48568.0
1994-03-05,59726.0,60492.0,58578.0,58578.0,15134.0
1994-03-07,58578.0,58960.0,55898.0,58578.0,14914.0
1994-03-08,57046.0,58195.0,55898.0,57429.0,14603.0
1994-03-09,57429.0,57429.0,55132.0,55898.0,7082.0
1994-03-10,55898.0,57046.0,55515.0,56663.0,12469.0
1994-03-11,58195.0,58960.0,57046.0,58960.0,31060.0
1994-03-12,58960.0,58960.0,56663.0,58195.0,15130.0
1994-03-14,58195.0,58960.0,56663.0,58195.0,23251.0
1994-03-15,58195.0,58195.0,56663.0,56663.0,6122.0
1994-03-16,56280.0,58578.0,56280.0,58578.0,15208.0
1994-03-17,58578.0,59726.0,56663.0,56663.0,8880.0
1994-03-18,56663.0,57429.0,55515.0,56280.0,4762.0
1994-03-19,56663.0,56663.0,55515.0,55898.0,3652.0
1994-03-21,55898.0,55898.0,54749.0,54749.0,5842.0
1994-03-22,54749.0,54749.0,53983.0,53983.0,5901.0
1994-03-23,53983.0,55132.0,53983.0,54366.0,7634.0
1994-03-24,54749.0,55515.0,53983.0,53983.0,4245.0
1994-03-25,53600.0,54366.0,52069.0,52835.0,7646.0
1994-03-26,54366.0,54366.0,53218.0,53600.0,2801.0
1994-03-28,52835.0,54749.0,52835.0,53600.0,4346.0
1994-03-29,54366.0,54366.0,52835.0,52835.0,4540.0
1994-03-30,52835.0,55132.0,52835.0,55132.0,8153.0
1994-03-31,55898.0,56280.0,53600.0,54749.0,7362.0
1994-04-01,54749.0,56280.0,52835.0,54366.0,7234.0
1994-04-02,54749.0,55898.0,54749.0,55898.0,5695.0
1994-04-04,55898.0,56663.0,55132.0,55515.0,3998.0
1994-04-06,55515.0,55515.0,54749.0,55132.0,5537.0
1994-04-07,55515.0,56280.0,54749.0,55132.0,13293.0
1994-04-08,54366.0,55898.0,54366.0,54749.0,2601.0
1994-04-09,54749.0,55515.0,54366.0,54749.0,3345.0
1994-04-11,53983.0,57046.0,53983.0,57046.0,9024.0
1994-04-12,58195.0,58195.0,55515.0,56280.0,9185.0
1994-04-13,56280.0,56663.0,55132.0,55132.0,4682.0
1994-04-14,55132.0,55515.0,54749.0,55132.0,3390.0
1994-04-15,55132.0,55515.0,54749.0,54749.0,2167.0
1994-04-16,54749.0,55132.0,53983.0,54366.0,4225.0
1994-04-18,54366.0,54366.0,53600.0,53600.0,2352.0
1994-04-19,53983.0,53983.0,52835.0,52835.0,1332.0
1994-04-20,52835.0,53218.0,52452.0,52452.0,2377.0
1994-04-21,52452.0,52835.0,51686.0,51686.0,4126.0
1994-04-22,52069.0,52452.0,51686.0,51686.0,3005.0
1994-04-23,51686.0,51686.0,50155.0,50155.0,3351.0
1994-04-25,50155.0,50537.0,49006.0,49006.0,3916.0
1994-04-26,49006.0,50537.0,49006.0,49389.0,8901.0
1994-04-27,49389.0,50537.0,48623.0,48623.0,3936.0
1994-04-28,49006.0,49389.0,48623.0,49006.0,5160.0
1994-04-29,49006.0,50537.0,49006.0,49389.0,5858.0
1994-04-30,49772.0,50155.0,49389.0,49389.0,1695.0
1994-05-02,49772.0,50920.0,49389.0,50537.0,6456.0
1994-05-03,51303.0,51686.0,49389.0,49389.0,2984.0
1994-05-04,48623.0,51686.0,48623.0,51686.0,13876.0
1994-05-06,50155.0,52452.0,50155.0,50155.0,13810.0
1994-05-07,50537.0,52452.0,50537.0,52452.0,4886.0
1994-05-09,53983.0,54366.0,53600.0,53983.0,20455.0
1994-05-10,51686.0,54366.0,51686.0,53218.0,9920.0
1994-05-11,52452.0,53983.0,52452.0,53218.0,9502.0
1994-05-12,53600.0,55132.0,53600.0,54749.0,22762.0
1994-05-13,54749.0,55132.0,54366.0,55132.0,16595.0
1994-05-14,53983.0,55898.0,53983.0,55132.0,11665.0
1994-05-16,54366.0,55132.0,53983.0,53983.0,5879.0
1994-05-17,54749.0,54749.0,52835.0,53600.0,4084.0
1994-05-19,53600.0,54366.0,53218.0,54366.0,7426.0
1994-05-20,53600.0,53983.0,52835.0,52835.0,3710.0
1994-05-21,52835.0,53983.0,52835.0,53218.0,3640.0
1994-05-23,53600.0,53600.0,52835.0,52835.0,3298.0
1994-05-24,52835.0,53600.0,52835.0,52835.0,10295.0
1994-05-25,53600.0,53600.0,52069.0,52069.0,4826.0
1994-05-26,52452.0,52452.0,50920.0,50920.0,5580.0
1994-05-27,51686.0,51686.0,50920.0,50920.0,5133.0
1994-05-28,51303.0,52835.0,50920.0,52452.0,3695.0
1994-05-30,52835.0,52835.0,51303.0,51303.0,2183.0
1994-05-31,51303.0,52069.0,51303.0,51686.0,2072.0
1994-06-01,52069.0,52835.0,51303.0,51303.0,4301.0
1994-06-02,51303.0,53600.0,51303.0,53600.0,11266.0
1994-06-03,55515.0,55898.0,55132.0,55515.0,42660.0
1994-06-04,55515.0,56280.0,53218.0,53218.0,20093.0
1994-06-07,53218.0,55515.0,52452.0,55515.0,31392.0
1994-06-08,56280.0,57812.0,54366.0,54366.0,58586.0
1994-06-09,55132.0,55515.0,53600.0,53983.0,18092.0
1994-06-10,54366.0,54749.0,52452.0,52452.0,9142.0
1994-06-11,52069.0,53600.0,51686.0,51686.0,4838.0
1994-06-13,51686.0,52452.0,51686.0,52452.0,5559.0
1994-06-14,51686.0,52452.0,50537.0,50537.0,7376.0
1994-06-15,49772.0,50537.0,49006.0,49389.0,18195.0
1994-06-16,49772.0,50920.0,49772.0,50155.0,8003.0
1994-06-17,51303.0,52452.0,50920.0,51686.0,8979.0
1994-06-18,51303.0,52069.0,50920.0,51686.0,2379.0
1994-06-20,53218.0,53600.0,52069.0,52452.0,11016.0
1994-06-21,52452.0,52452.0,52069.0,52069.0,4486.0
1994-06-22,52069.0,54366.0,52069.0,53600.0,6305.0
1994-06-23,54749.0,54749.0,52835.0,52835.0,6622.0
1994-06-24,52835.0,53600.0,52835.0,52835.0,8450.0
1994-06-25,52835.0,53600.0,52835.0,53218.0,5174.0
1994-06-27,53600.0,54749.0,53600.0,54749.0,14146.0
1994-06-28,55132.0,55132.0,52835.0,52835.0,8215.0
1994-06-29,53983.0,55132.0,53218.0,53218.0,10505.0
1994-06-30,53600.0,54749.0,53600.0,54366.0,10662.0
1994-07-01,54749.0,56663.0,54366.0,56663.0,23508.0
1994-07-02,57429.0,58960.0,57046.0,58960.0,55119.0
1994-07-04,58960.0,59726.0,56663.0,57812.0,24001.0
1994-07-05,58195.0,58960.0,56280.0,58195.0,23955.0
1994-07-06,58960.0,58960.0,56280.0,56280.0,11781.0
1994-07-07,56663.0,57046.0,55132.0,55132.0,9035.0
1994-07-08,55132.0,56663.0,55132.0,56280.0,12160.0
1994-07-09,56280.0,56663.0,55515.0,56280.0,5205.0
1994-07-11,53983.0,55515.0,53983.0,54366.0,11564.0
1994-07-12,54749.0,56663.0,54749.0,56663.0,7162.0
1994-07-13,57429.0,57812.0,54749.0,54749.0,8106.0
1994-07-14,55515.0,55515.0,54749.0,54749.0,5339.0
1994-07-15,55132.0,55515.0,54749.0,54749.0,5098.0
1994-07-16,55132.0,55132.0,53600.0,53983.0,2649.0
1994-07-18,53600.0,53983.0,53218.0,53218.0,2346.0
1994-07-19,52452.0,53600.0,52452.0,53600.0,2688.0
1994-07-20,53600.0,53983.0,52835.0,52835.0,2453.0
1994-07-21,52835.0,53600.0,52835.0,53218.0,3817.0
1994-07-22,52835.0,53983.0,52835.0,53218.0,3322.0
1994-07-23,53600.0,53600.0,53218.0,53218.0,2616.0
1994-07-25,53218.0,53218.0,52452.0,53218.0,2430.0
1994-07-26,53218.0,53600.0,52835.0,53600.0,9539.0
1994-07-27,53983.0,54366.0,53218.0,53983.0,4731.0
1994-07-28,53983.0,53983.0,52452.0,53600.0,11140.0
1994-07-29,51303.0,53600.0,51303.0,53218.0,1017.0
1994-07-30,53218.0,53218.0,52452.0,52452.0,1765.0
1994-08-01,51686.0,52452.0,51686.0,52452.0,1198.0
1994-08-02,52452.0,52452.0,51686.0,51686.0,1759.0
1994-08-03,50920.0,52069.0,50920.0,51303.0,4198.0
1994-08-04,51303.0,51303.0,50920.0,50920.0,6872.0
1994-08-05,50920.0,51686.0,49772.0,50155.0,1989.0
1994-08-06,50155.0,52452.0,49772.0,52452.0,247.0
1994-08-08,50155.0,53600.0,50155.0,53600.0,2449.0
1994-08-09,51303.0,53218.0,51303.0,52069.0,2416.0
1994-08-10,53218.0,53600.0,52835.0,53600.0,4317.0
1994-08-11,53600.0,54366.0,52835.0,53600.0,11103.0
1994-08-12,53600.0,54749.0,52835.0,52835.0,6120.0
1994-08-13,55132.0,55132.0,55132.0,55132.0,10551.0
1994-08-16,55898.0,55898.0,52835.0,53983.0,9480.0
1994-08-17,54366.0,54366.0,51686.0,51686.0,6252.0
1994-08-18,51686.0,53218.0,51686.0,52069.0,6973.0
1994-08-19,52835.0,53983.0,52835.0,53600.0,20426.0
1994-08-20,54366.0,55898.0,54366.0,55898.0,13577.0
1994-08-22,55898.0,56280.0,53600.0,53600.0,13968.0
1994-08-23,53600.0,53983.0,52835.0,53600.0,9861.0
1994-08-24,53218.0,54366.0,52069.0,53218.0,3631.0
1994-08-25,53983.0,54749.0,53600.0,53600.0,4148.0
1994-08-26,53983.0,54749.0,53600.0,53600.0,4764.0
1994-08-27,54366.0,55132.0,53983.0,54749.0,8448.0
1994-08-29,54749.0,54749.0,53600.0,53983.0,7113.0
1994-08-30,53983.0,53983.0,53218.0,53983.0,4979.0
1994-08-31,53983.0,53983.0,53600.0,53600.0,5213.0
1994-09-01,53983.0,55898.0,53600.0,55898.0,14121.0
1994-09-02,55898.0,55898.0,53600.0,53600.0,5918.0
1994-09-03,53600.0,53600.0,52835.0,53218.0,4713.0
1994-09-05,53218.0,54749.0,53218.0,53600.0,6375.0
1994-09-06,54366.0,54366.0,51686.0,51686.0,5228.0
1994-09-07,51686.0,52069.0,51303.0,51686.0,3427.0
1994-09-08,51303.0,53983.0,51303.0,53983.0,7712.0
1994-09-09,53983.0,54366.0,52069.0,53218.0,5835.0
1994-09-10,52835.0,53600.0,52069.0,52452.0,2047.0
1994-09-12,52452.0,53218.0,52452.0,52835.0,3963.0
1994-09-13,53218.0,53600.0,51686.0,52452.0,2974.0
1994-09-14,52069.0,52452.0,50155.0,51686.0,3722.0
1994-09-15,51686.0,51686.0,49389.0,49772.0,3409.0
1994-09-16,50155.0,50920.0,49389.0,49389.0,2265.0
1994-09-17,49772.0,50920.0,49006.0,50920.0,4381.0
1994-09-22,50920.0,52452.0,50920.0,50920.0,4229.0
1994-09-23,50537.0,50920.0,50155.0,50920.0,3825.0
1994-09-24,50920.0,50920.0,50537.0,50920.0,2146.0
1994-09-26,50920.0,53218.0,50920.0,52069.0,6048.0
1994-09-27,52069.0,52835.0,50920.0,51303.0,4692.0
1994-09-28,51686.0,53600.0,50920.0,53600.0,8384.0
1994-09-29,54366.0,54749.0,51686.0,52452.0,15398.0
1994-09-30,52835.0,54749.0,52835.0,54749.0,11995.0
1994-10-01,55898.0,56280.0,54749.0,54749.0,11297.0
1994-10-04,55898.0,57046.0,55898.0,57046.0,27655.0
1994-10-05,58195.0,59343.0,55898.0,56663.0,38011.0
1994-10-06,57429.0,58960.0,56663.0,58960.0,37996.0
1994-10-07,60492.0,60492.0,57046.0,57046.0,22977.0
1994-10-08,57429.0,59343.0,57046.0,58578.0,18317.0
1994-10-10,60109.0,61641.0,58578.0,59726.0,55617.0
1994-10-11,60109.0,61258.0,58960.0,59343.0,18636.0
1994-10-12,60109.0,60109.0,57429.0,57429.0,14265.0
1994-10-13,57429.0,59343.0,56663.0,58578.0,13711.0
1994-10-14,58578.0,59343.0,56663.0,56663.0,6363.0
1994-10-15,57046.0,57812.0,56663.0,56663.0,6299.0
1994-10-17,57046.0,58960.0,57046.0,58960.0,20142.0
1994-10-18,60109.0,60492.0,57429.0,57429.0,14032.0
1994-10-19,57429.0,58195.0,55132.0,55515.0,18781.0
1994-10-20,56663.0,57812.0,56663.0,57812.0,19186.0
1994-10-21,57812.0,60875.0,56663.0,58195.0,45544.0
1994-10-22,58195.0,60109.0,55898.0,56280.0,18770.0
1994-10-24,56280.0,57429.0,53983.0,55132.0,15402.0
1994-10-25,55132.0,57429.0,55132.0,57429.0,18127.0
1994-10-26,58578.0,60492.0,58578.0,60492.0,30040.0
1994-10-27,61641.0,63555.0,60109.0,61258.0,41649.0
1994-10-28,61641.0,62789.0,58578.0,59726.0,26007.0
1994-10-29,60109.0,60875.0,58578.0,58578.0,9298.0
1994-10-31,58578.0,61641.0,58578.0,61641.0,16203.0
1994-11-01,63555.0,63555.0,58578.0,61258.0,46844.0
1994-11-02,62406.0,62789.0,59343.0,60492.0,21978.0
1994-11-03,60875.0,63555.0,60109.0,63555.0,29604.0
1994-11-04,64703.0,66618.0,64321.0,66618.0,51852.0
1994-11-05,66618.0,68149.0,66618.0,67383.0,20002.0
1994-11-07,67383.0,70446.0,66235.0,68532.0,65481.0
1994-11-08,67383.0,69681.0,65469.0,65469.0,17596.0
1994-11-09,63938.0,66235.0,63555.0,63555.0,16821.0
1994-11-10,62789.0,65086.0,62406.0,62789.0,11367.0
1994-11-11,63172.0,64703.0,61258.0,63555.0,7455.0
1994-11-12,63555.0,64321.0,62023.0,62789.0,3098.0
1994-11-14,61641.0,63555.0,61641.0,62789.0,12442.0
1994-11-15,63555.0,65086.0,63555.0,65086.0,16550.0
1994-11-16,65469.0,67383.0,63555.0,65086.0,36101.0
1994-11-17,66618.0,68149.0,66235.0,68149.0,38686.0
1994-11-18,68915.0,70064.0,66618.0,66618.0,42658.0
1994-11-19,67001.0,68532.0,67001.0,68532.0,30249.0
1994-11-21,70064.0,71212.0,67766.0,68149.0,61089.0
1994-11-22,70446.0,70829.0,65086.0,65086.0,31707.0
1994-11-23,65086.0,66235.0,63938.0,63938.0,15736.0
1994-11-24,62789.0,64703.0,60875.0,61258.0,12026.0
1994-11-25,62406.0,62406.0,59726.0,60109.0,9554.0
1994-11-26,60492.0,62023.0,59726.0,59726.0,5007.0
1994-11-28,59726.0,60492.0,57429.0,58960.0,14722.0
1994-11-29,59726.0,60109.0,58960.0,59343.0,13251.0
1994-11-30,60109.0,61258.0,60109.0,60492.0,16642.0
1994-12-01,60492.0,62023.0,58960.0,60875.0,8277.0
1994-12-02,61258.0,63938.0,61258.0,63555.0,19516.0
1994-12-03,63938.0,65469.0,63938.0,64321.0,13169.0
1994-12-05,65852.0,67383.0,65086.0,67383.0,44730.0
1994-12-06,67383.0,68532.0,65852.0,67383.0,31631.0
1994-12-07,67383.0,70446.0,67383.0,70446.0,57943.0
1994-12-08,70446.0,73126.0,70446.0,71595.0,47985.0
1994-12-09,71978.0,72744.0,68915.0,69298.0,25568.0
1994-12-10,68915.0,69298.0,66618.0,68532.0,15005.0
1994-12-12,68149.0,71595.0,68149.0,71595.0,33060.0
1994-12-13,72744.0,72744.0,69298.0,69681.0,6375.0
1994-12-14,70064.0,70064.0,66618.0,66618.0,11010.0
1994-12-15,66618.0,67383.0,65086.0,65469.0,6029.0
1994-12-16,65086.0,67766.0,64703.0,67001.0,11616.0
1994-12-17,65469.0,68149.0,65469.0,68149.0,3489.0
1994-12-19,67001.0,69681.0,67001.0,67383.0,10211.0
1994-12-20,67766.0,68532.0,67001.0,67383.0,12221.0
1994-12-21,67383.0,68532.0,67001.0,68149.0,6153.0
1994-12-22,68915.0,71212.0,68915.0,71212.0,23617.0
1994-12-23,69681.0,72361.0,68915.0,69681.0,19141.0
1994-12-24,68915.0,69681.0,68915.0,69681.0,4262.0
1994-12-26,70064.0,70829.0,68532.0,68532.0,13853.0
1994-12-27,67383.0,70064.0,67001.0,68915.0,5376.0
1994-12-28,68915.0,70446.0,68915.0,70446.0,8305.0
1995-01-03,71640.0,73630.0,71640.0,73630.0,10297.0
1995-01-04,74824.0,76814.0,73232.0,76814.0,38847.0
1995-01-05,76814.0,77610.0,73630.0,74028.0,31369.0
1995-01-06,73630.0,76814.0,72038.0,73232.0,30024.0
1995-01-07,73232.0,75620.0,73232.0,74028.0,15583.0
1995-01-09,74824.0,74824.0,72436.0,72436.0,7580.0
1995-01-10,72834.0,73232.0,70048.0,70048.0,19998.0
1995-01-11,68854.0,70048.0,68058.0,68058.0,5248.0
1995-01-12,69252.0,69650.0,67262.0,67262.0,12959.0
1995-01-13,67660.0,68854.0,64476.0,64476.0,9541.0
1995-01-14,64476.0,65670.0,62486.0,65670.0,6800.0
1995-01-16,67660.0,67660.0,63680.0,63680.0,10384.0
1995-01-17,64874.0,65272.0,61292.0,63282.0,15285.0
1995-01-18,63680.0,64476.0,62486.0,64078.0,11264.0
1995-01-19,62884.0,65670.0,62884.0,63680.0,9968.0
1995-01-20,64078.0,64874.0,63282.0,64476.0,4970.0
1995-01-21,63680.0,64078.0,63282.0,64078.0,3864.0
1995-01-23,62486.0,64476.0,62088.0,62088.0,6680.0
1995-01-24,61292.0,61292.0,58904.0,58904.0,2710.0
1995-01-25,58904.0,60894.0,56914.0,58904.0,5848.0
1995-01-26,59700.0,59700.0,57710.0,58904.0,6923.0
1995-01-27,56516.0,58904.0,56516.0,56516.0,2929.0
1995-01-28,55720.0,57710.0,55720.0,57710.0,2546.0
1995-02-02,58506.0,60098.0,58506.0,60098.0,4890.0
1995-02-03,60098.0,62088.0,60098.0,60894.0,4694.0
1995-02-04,60894.0,62088.0,60894.0,61292.0,2325.0
1995-02-06,61292.0,61292.0,58904.0,58904.0,3277.0
1995-02-07,58904.0,60894.0,58904.0,59700.0,4152.0
1995-02-08,60496.0,62884.0,59700.0,62884.0,3285.0
1995-02-09,63282.0,63282.0,61690.0,62088.0,1926.0
1995-02-10,62486.0,63282.0,61292.0,61292.0,3106.0
1995-02-11,58506.0,62486.0,58506.0,61292.0,2014.0
1995-02-13,61690.0,63282.0,61292.0,62088.0,3312.0
1995-02-14,60894.0,62088.0,58904.0,60098.0,1750.0
1995-02-15,60098.0,60098.0,58506.0,58506.0,2399.0
1995-02-16,58506.0,59700.0,57710.0,58904.0,1891.0
1995-02-17,58904.0,59700.0,57710.0,58108.0,2447.0
1995-02-18,57710.0,58108.0,56914.0,57710.0,2791.0
1995-02-20,58108.0,59700.0,58108.0,59700.0,1944.0
1995-02-21,58108.0,59700.0,56914.0,56914.0,1178.0
1995-02-22,56914.0,57710.0,56516.0,57312.0,1516.0
1995-02-23,57710.0,57710.0,55720.0,56118.0,2082.0
1995-02-24,54924.0,54924.0,53730.0,53730.0,1419.0
1995-02-25,53730.0,56118.0,53730.0,54924.0,2640.0
1995-02-27,52934.0,53730.0,52536.0,52536.0,1981.0
1995-02-28,51740.0,53332.0,51740.0,52934.0,3421.0
1995-03-02,52934.0,55322.0,52934.0,55322.0,3854.0
1995-03-03,56118.0,57710.0,56118.0,57710.0,5421.0
1995-03-04,58108.0,58904.0,57710.0,58506.0,3112.0
1995-03-06,57710.0,58904.0,56914.0,58108.0,2655.0
1995-03-07,58506.0,59302.0,56914.0,58108.0,3650.0
1995-03-08,58108.0,60098.0,57710.0,59700.0,5965.0
1995-03-09,60098.0,61292.0,58506.0,61292.0,11076.0
1995-03-10,60098.0,62088.0,59700.0,60496.0,4177.0
1995-03-11,61292.0,61292.0,60098.0,60496.0,3098.0
1995-03-13,60098.0,60098.0,57710.0,59700.0,9644.0
1995-03-14,58506.0,59700.0,58506.0,59700.0,8876.0
1995-03-15,59302.0,59700.0,58108.0,58108.0,4260.0
1995-03-16,57710.0,57710.0,56118.0,56516.0,2175.0
1995-03-17,56516.0,56914.0,54128.0,54924.0,5842.0
1995-03-18,54924.0,54924.0,54128.0,54128.0,1501.0
1995-03-20,54924.0,56118.0,53332.0,54526.0,1878.0
1995-03-21,55322.0,56914.0,55322.0,55720.0,3664.0
1995-03-22,55720.0,55720.0,55322.0,55322.0,1128.0
1995-03-23,55322.0,56516.0,55322.0,55720.0,1647.0
1995-03-24,54526.0,55322.0,54526.0,54924.0,7630.0
1995-03-25,55720.0,55720.0,54128.0,54128.0,2305.0
1995-03-27,54128.0,56118.0,54128.0,55322.0,2150.0
1995-03-28,55720.0,55720.0,54526.0,54526.0,2496.0
1995-03-29,54526.0,54526.0,53730.0,53730.0,2535.0
1995-03-30,53332.0,54526.0,53332.0,53730.0,1608.0
1995-03-31,52934.0,54526.0,52934.0,54526.0,2663.0
1995-04-01,54924.0,54924.0,53730.0,54526.0,809.0
1995-04-03,53730.0,53730.0,52934.0,53730.0,1246.0
1995-04-04,53730.0,53730.0,51740.0,51740.0,1969.0
1995-04-06,51342.0,51740.0,49352.0,50148.0,3662.0
1995-04-07,50148.0,52536.0,50148.0,52536.0,3116.0
1995-04-08,52536.0,52536.0,50944.0,50944.0,1112.0
1995-04-10,49750.0,51740.0,49750.0,50148.0,3238.0
1995-04-11,49352.0,51740.0,49352.0,51740.0,2498.0
1995-04-12,49750.0,52934.0,49750.0,50944.0,2292.0
1995-04-13,51740.0,51740.0,50148.0,50944.0,2933.0
1995-04-14,50148.0,51740.0,50148.0,51342.0,3040.0
1995-04-15,50944.0,52536.0,50944.0,52536.0,3017.0
1995-04-17,52934.0,53332.0,51740.0,52536.0,5704.0
1995-04-18,52536.0,53332.0,52138.0,52536.0,6320.0
1995-04-19,52138.0,52536.0,50944.0,50944.0,3633.0
1995-04-20,51342.0,51342.0,50148.0,50148.0,1567.0
1995-04-21,50148.0,50148.0,47362.0,47362.0,3003.0
1995-04-22,46566.0,47362.0,45770.0,45770.0,2474.0
1995-04-24,45770.0,45770.0,44974.0,44974.0,1827.0
1995-04-25,45770.0,46168.0,44974.0,46168.0,7358.0
1995-04-26,46566.0,46964.0,46168.0,46566.0,21242.0
1995-04-27,47760.0,49352.0,47760.0,49352.0,35749.0
1995-04-28,49352.0,50944.0,47760.0,49750.0,26637.0
1995-04-29,49750.0,49750.0,48954.0,49750.0,3837.0
1995-05-02,49750.0,52536.0,49750.0,52536.0,17643.0
1995-05-03,53332.0,53730.0,51740.0,51740.0,11198.0
1995-05-04,52138.0,52138.0,50546.0,50546.0,7922.0
1995-05-06,51740.0,51740.0,49352.0,49352.0,3681.0
1995-05-08,49352.0,50148.0,48158.0,49750.0,8893.0
1995-05-09,50148.0,50546.0,49352.0,49352.0,6268.0
1995-05-10,48954.0,49750.0,48556.0,48556.0,1155.0
1995-05-11,47760.0,48954.0,47760.0,48954.0,2167.0
1995-05-12,47760.0,49750.0,46964.0,48954.0,4181.0
1995-05-13,49750.0,51740.0,49750.0,50944.0,3677.0
1995-05-15,51342.0,51342.0,48954.0,49750.0,4933.0
1995-05-16,48954.0,49750.0,48556.0,48954.0,2092.0
1995-05-17,49352.0,49352.0,47760.0,48158.0,2428.0
1995-05-18,48158.0,50546.0,47760.0,48158.0,6394.0
1995-05-19,48954.0,49352.0,48556.0,49352.0,3516.0
1995-05-20,49750.0,49750.0,48158.0,48954.0,1582.0
1995-05-22,46566.0,48556.0,46566.0,46964.0,2375.0
1995-05-23,46964.0,47760.0,46964.0,46964.0,2208.0
1995-05-24,46964.0,47760.0,46964.0,47760.0,2181.0
1995-05-25,47760.0,49750.0,47362.0,49750.0,3219.0
1995-05-26,48954.0,50148.0,48954.0,48954.0,2455.0
1995-05-27,48158.0,49352.0,48158.0,49352.0,1106.0
1995-05-29,52138.0,52138.0,51342.0,52138.0,11031.0
1995-05-30,53730.0,54924.0,53332.0,53730.0,33425.0
1995-05-31,53332.0,54924.0,52536.0,54128.0,18731.0
1995-06-01,52934.0,54526.0,52934.0,54128.0,17308.0
1995-06-02,54526.0,54526.0,53332.0,53332.0,9669.0
1995-06-03,53332.0,53730.0,52934.0,53332.0,8410.0
1995-06-05,53332.0,53730.0,52536.0,52536.0,8464.0
1995-06-07,52934.0,53332.0,52138.0,52934.0,8948.0
1995-06-08,52536.0,52536.0,51342.0,51342.0,2700.0
1995-06-09,51342.0,51740.0,50944.0,51342.0,2020.0
1995-06-10,51342.0,51740.0,51342.0,51740.0,1744.0
1995-06-12,51740.0,51740.0,50944.0,51342.0,2410.0
1995-06-13,51342.0,52536.0,51342.0,51740.0,3876.0
1995-06-14,52138.0,52138.0,50944.0,50944.0,1330.0
1995-06-15,50944.0,50944.0,50546.0,50546.0,2723.0
1995-06-16,50546.0,50546.0,49750.0,49750.0,1814.0
1995-06-17,49352.0,50546.0,49352.0,50546.0,1907.0
1995-06-19,49352.0,50546.0,49352.0,50148.0,980.0
1995-06-20,50546.0,50944.0,50148.0,50546.0,2941.0
1995-06-21,49750.0,50148.0,49750.0,49750.0,1981.0
1995-06-22,48158.0,49750.0,48158.0,48954.0,2399.0
1995-06-23,49352.0,50148.0,48158.0,49352.0,2336.0
1995-06-24,49750.0,50148.0,47760.0,47760.0,389.0
1995-06-26,46566.0,48556.0,46566.0,47760.0,4758.0
1995-06-28,46566.0,49352.0,46566.0,48158.0,1102.0
1995-06-29,46566.0,50944.0,46566.0,50546.0,3333.0
1995-06-30,49750.0,51740.0,48556.0,51342.0,8334.0
1995-07-01,54128.0,54128.0,52536.0,52536.0,18088.0
1995-07-03,52536.0,53332.0,50944.0,52934.0,5652.0
1995-07-04,52138.0,52934.0,51740.0,52536.0,9657.0
1995-07-05,52536.0,53332.0,51740.0,52536.0,12924.0
1995-07-06,52934.0,53332.0,49750.0,50944.0,9269.0
1995-07-07,50944.0,52536.0,50944.0,52536.0,7209.0
1995-07-08,52536.0,53730.0,52536.0,52536.0,5292.0
1995-07-10,51740.0,54526.0,51740.0,53332.0,13359.0
1995-07-11,54128.0,54128.0,52138.0,52536.0,8907.0
1995-07-12,51740.0,52536.0,51342.0,52138.0,5658.0
1995-07-13,52138.0,54924.0,52138.0,54924.0,9500.0
1995-07-14,58108.0,58108.0,56914.0,58108.0,55158.0
1995-07-15,58108.0,59700.0,58108.0,59700.0,17919.0
1995-07-18,60496.0,60894.0,57312.0,57312.0,18675.0
1995-07-19,57312.0,58108.0,55720.0,57710.0,13822.0
1995-07-20,58108.0,60894.0,58108.0,60894.0,40977.0
1995-07-21,62088.0,64078.0,60894.0,60894.0,62071.0
1995-07-22,61690.0,62088.0,59302.0,60894.0,19691.0
1995-07-24,61690.0,62884.0,60894.0,61292.0,14998.0
1995-07-25,57710.0,60894.0,57710.0,58506.0,8742.0
1995-07-26,57710.0,58506.0,57312.0,57710.0,8196.0
1995-07-27,58108.0,58506.0,56118.0,56118.0,6194.0
1995-07-28,57312.0,57312.0,54924.0,55322.0,3672.0
1995-07-29,55720.0,56914.0,54526.0,55720.0,11812.0
1995-07-31,54526.0,56516.0,54526.0,56516.0,2426.0
1995-08-01,55720.0,57312.0,54924.0,57312.0,8235.0
1995-08-02,54128.0,57312.0,54128.0,55720.0,3751.0
1995-08-03,56118.0,56118.0,54924.0,55720.0,2342.0
1995-08-04,54924.0,57710.0,54924.0,57312.0,9375.0
1995-08-05,58108.0,58904.0,57710.0,58506.0,5868.0
1995-08-07,58108.0,58904.0,58108.0,58904.0,8771.0
1995-08-08,58904.0,59700.0,57710.0,58506.0,7947.0
1995-08-09,58904.0,61690.0,58904.0,61690.0,22808.0
1995-08-10,63680.0,65272.0,62088.0,63680.0,109332.0
1995-08-11,64476.0,66864.0,62884.0,66864.0,63956.0
1995-08-12,66864.0,66864.0,64874.0,64874.0,15367.0
1995-08-14,64078.0,66068.0,63680.0,63680.0,33901.0
1995-08-16,63680.0,64476.0,62088.0,63680.0,12267.0
1995-08-17,63680.0,66466.0,63680.0,64078.0,44261.0
1995-08-18,64078.0,65272.0,63680.0,64476.0,18906.0
1995-08-19,64874.0,67660.0,64476.0,67660.0,38318.0
1995-08-21,68058.0,68456.0,66068.0,66864.0,35586.0
1995-08-22,67660.0,67660.0,65670.0,67262.0,17466.0
1995-08-23,67262.0,67262.0,65670.0,66864.0,12430.0
1995-08-24,66068.0,67660.0,66068.0,66466.0,6132.0
1995-08-25,66068.0,66068.0,62884.0,62884.0,7001.0
1995-08-26,61292.0,64476.0,61292.0,63282.0,4793.0
1995-08-28,63282.0,64476.0,62884.0,62884.0,2315.0
1995-08-29,62486.0,63282.0,62088.0,62884.0,4974.0
1995-08-30,63282.0,63680.0,62486.0,62884.0,5290.0
1995-08-31,62486.0,63680.0,61690.0,63680.0,4653.0
1995-09-01,63680.0,63680.0,61690.0,62088.0,5199.0
1995-09-02,62088.0,62088.0,60894.0,61292.0,4078.0
1995-09-04,61690.0,63282.0,61292.0,63282.0,6639.0
1995-09-05,63282.0,63680.0,62884.0,63680.0,7729.0
1995-09-06,63680.0,65272.0,63282.0,64078.0,12780.0
1995-09-07,65670.0,65670.0,64078.0,64476.0,9259.0
1995-09-11,63680.0,64476.0,62884.0,63680.0,3569.0
1995-09-12,61292.0,64476.0,61292.0,64476.0,13734.0
1995-09-13,64874.0,68058.0,64874.0,68058.0,47903.0
1995-09-14,68058.0,68854.0,65670.0,65670.0,14906.0
1995-09-15,66068.0,66466.0,64874.0,66068.0,9997.0
1995-09-16,66466.0,67262.0,66068.0,66864.0,9787.0
1995-09-18,65670.0,67262.0,65670.0,66864.0,7500.0
1995-09-19,67262.0,69252.0,64874.0,64874.0,19199.0
1995-09-20,65670.0,65670.0,63680.0,64874.0,7863.0
1995-09-21,65272.0,65670.0,62884.0,63680.0,21335.0
1995-09-22,63680.0,63680.0,62486.0,62486.0,10926.0
1995-09-23,62088.0,62884.0,61292.0,62884.0,4084.0
1995-09-25,62088.0,62486.0,61690.0,61690.0,1942.0
1995-09-26,61292.0,62486.0,60894.0,62486.0,2169.0
1995-09-27,62088.0,62884.0,61690.0,61690.0,7065.0
1995-09-28,61690.0,62088.0,61292.0,62088.0,7677.0
1995-09-29,62088.0,62088.0,60496.0,61292.0,11618.0
1995-09-30,60496.0,60894.0,60098.0,60496.0,10112.0
1995-10-02,60496.0,60496.0,59700.0,59700.0,2962.0
1995-10-04,58904.0,59302.0,58904.0,59302.0,1464.0
1995-10-05,58904.0,59302.0,57710.0,59302.0,2797.0
1995-10-06,59700.0,61690.0,59700.0,60098.0,14955.0
1995-10-07,60098.0,60894.0,59302.0,60098.0,2097.0
1995-10-09,61292.0,62486.0,60098.0,60894.0,4733.0
1995-10-10,60894.0,62088.0,60496.0,61292.0,25424.0
1995-10-11,60496.0,61292.0,60098.0,60098.0,2311.0
1995-10-12,61292.0,61690.0,60894.0,60894.0,5951.0
1995-10-13,60496.0,62088.0,60496.0,61690.0,6501.0
1995-10-14,61690.0,62088.0,60894.0,60894.0,1952.0
1995-10-16,61690.0,61690.0,59700.0,60894.0,3458.0
1995-10-17,59700.0,61690.0,59700.0,60894.0,1242.0
1995-10-18,58904.0,60894.0,58904.0,59700.0,21782.0
1995-10-19,59302.0,59302.0,58904.0,58904.0,6979.0
1995-10-20,57710.0,59302.0,57710.0,57710.0,5049.0
1995-10-21,57710.0,59302.0,57710.0,59302.0,3491.0
1995-10-23,56516.0,58108.0,56516.0,57710.0,7415.0
1995-10-24,56914.0,58506.0,56914.0,58108.0,2486.0
1995-10-25,58108.0,58108.0,57312.0,57710.0,6470.0
1995-10-26,57710.0,58904.0,56914.0,58108.0,2084.0
1995-10-27,58108.0,59700.0,58108.0,58904.0,2498.0
1995-10-28,58506.0,58904.0,57710.0,58904.0,648.0
1995-10-30,56118.0,58904.0,56118.0,58108.0,525.0
1995-10-31,56914.0,58506.0,56914.0,58506.0,3232.0
1995-11-01,58108.0,58506.0,58108.0,58108.0,3182.0
1995-11-02,58108.0,58506.0,57710.0,57710.0,6629.0
1995-11-03,57710.0,58506.0,56914.0,56914.0,700.0
1995-11-04,56914.0,56914.0,56914.0,56914.0,10817.0
1995-11-06,56914.0,58108.0,56914.0,57312.0,9243.0
1995-11-07,57312.0,58108.0,57312.0,58108.0,8516.0
1995-11-08,58904.0,58904.0,58108.0,58506.0,7249.0
1995-11-09,58506.0,60098.0,57710.0,58506.0,8825.0
1995-11-10,58506.0,59700.0,57710.0,59700.0,8229.0
1995-11-11,59700.0,60894.0,59700.0,60894.0,13258.0
1995-11-13,61292.0,61292.0,59302.0,60098.0,7335.0
1995-11-14,60098.0,60098.0,58904.0,59700.0,6375.0
1995-11-15,59700.0,60496.0,59302.0,60496.0,5671.0
1995-11-16,59700.0,61690.0,59700.0,60894.0,15511.0
1995-11-17,60496.0,61690.0,60496.0,61292.0,5242.0
1995-11-18,61292.0,61292.0,60098.0,60098.0,3483.0
1995-11-20,59302.0,60098.0,56914.0,56914.0,13033.0
1995-11-21,54128.0,56914.0,54128.0,56914.0,9002.0
1995-11-22,56516.0,56914.0,54924.0,55322.0,3578.0
1995-11-23,55322.0,56914.0,55322.0,56516.0,4410.0
1995-11-24,56914.0,57312.0,56516.0,56516.0,4884.0
1995-11-25,56516.0,56914.0,55720.0,55720.0,3380.0
1995-11-27,55720.0,56914.0,55720.0,56914.0,4777.0
1995-11-28,56914.0,57710.0,56914.0,57312.0,3913.0
1995-11-29,57312.0,57312.0,56914.0,56914.0,2408.0
1995-11-30,56118.0,56516.0,54526.0,55322.0,642.0
1995-12-01,55322.0,56516.0,55322.0,56516.0,3524.0
1995-12-02,56118.0,56118.0,55720.0,55720.0,1289.0
1995-12-04,54924.0,55720.0,54924.0,55720.0,1870.0
1995-12-05,55720.0,56516.0,55720.0,56516.0,3254.0
1995-12-06,56516.0,57312.0,56516.0,56914.0,3108.0
1995-12-07,56914.0,56914.0,55720.0,56516.0,3609.0
1995-12-08,56118.0,56118.0,55720.0,55720.0,673.0
1995-12-09,55720.0,55720.0,54526.0,54924.0,3182.0
1995-12-11,54924.0,54924.0,53332.0,53730.0,2113.0
1995-12-12,50546.0,53730.0,50546.0,53730.0,2095.0
1995-12-13,53730.0,53730.0,50944.0,52934.0,2088.0
1995-12-14,50944.0,53332.0,50944.0,52138.0,3372.0
1995-12-15,50944.0,53332.0,50944.0,53332.0,3574.0
1995-12-16,52536.0,54128.0,52536.0,53730.0,8629.0
1995-12-18,53730.0,54526.0,53730.0,54526.0,15276.0
1995-12-19,53730.0,56914.0,53730.0,56914.0,17571.0
1995-12-20,56118.0,56914.0,55720.0,55720.0,4731.0
1995-12-21,54924.0,56516.0,54924.0,56516.0,5281.0
1995-12-22,56516.0,56516.0,53332.0,54128.0,1242.0
1995-12-23,52934.0,56516.0,52934.0,56118.0,1252.0
1995-12-26,54924.0,56118.0,53730.0,56118.0,1168.0
1995-12-27,54924.0,55322.0,52934.0,55322.0,3512.0
1996-01-03,55732.0,56142.0,55732.0,55732.0,671.0
1996-01-04,52863.0,55322.0,52863.0,54503.0,537.0
1996-01-05,52044.0,52863.0,51634.0,52863.0,492.0
1996-01-06,52863.0,52863.0,52863.0,52863.0,61.0
1996-01-08,51224.0,53273.0,51224.0,52454.0,805.0
1996-01-09,49585.0,53273.0,49585.0,53273.0,4157.0
1996-01-10,54503.0,54503.0,52863.0,52863.0,2587.0
1996-01-11,50814.0,54503.0,50814.0,53683.0,11072.0
1996-01-12,53683.0,53683.0,52863.0,53273.0,2766.0
1996-01-13,52863.0,53273.0,52863.0,52863.0,1514.0
1996-01-15,54503.0,54503.0,51634.0,52454.0,6929.0
1996-01-16,52454.0,52454.0,51224.0,52454.0,2521.0
1996-01-17,52454.0,52454.0,50814.0,50814.0,2655.0
1996-01-18,48356.0,50814.0,48356.0,50814.0,2362.0
1996-01-19,50405.0,50814.0,49175.0,49585.0,1499.0
1996-01-20,49175.0,50405.0,48356.0,50405.0,887.0
1996-01-22,47946.0,51224.0,47946.0,49175.0,2150.0
1996-01-23,49175.0,50405.0,48356.0,48765.0,3005.0
1996-01-24,48765.0,49995.0,48765.0,49995.0,3122.0
1996-01-25,49995.0,50405.0,49995.0,50405.0,933.0
1996-01-26,50814.0,50814.0,49995.0,49995.0,2640.0
1996-01-27,49995.0,49995.0,49175.0,49585.0,791.0
1996-01-29,49585.0,50814.0,48765.0,50814.0,3670.0
1996-01-30,50814.0,52044.0,49175.0,49585.0,10798.0
1996-01-31,49175.0,50405.0,49175.0,49585.0,617.0
1996-02-01,48356.0,51224.0,48356.0,49995.0,6783.0
1996-02-02,48356.0,51224.0,48356.0,49995.0,7992.0
1996-02-03,49995.0,50405.0,49175.0,49175.0,1893.0
1996-02-05,49585.0,49995.0,49175.0,49175.0,1884.0
1996-02-06,50405.0,51224.0,49995.0,49995.0,7827.0
1996-02-07,50405.0,50814.0,49585.0,50814.0,1569.0
1996-02-08,51224.0,52454.0,51224.0,51634.0,4459.0
1996-02-09,51224.0,52044.0,51224.0,51224.0,2039.0
1996-02-10,51224.0,51224.0,50405.0,50405.0,387.0
1996-02-12,49175.0,50814.0,49175.0,49585.0,1295.0
1996-02-13,49585.0,49585.0,48356.0,49175.0,926.0
1996-02-14,49175.0,50405.0,49175.0,50405.0,4851.0
1996-02-15,50405.0,52454.0,49175.0,51634.0,10050.0
1996-02-16,51224.0,53683.0,51224.0,53273.0,16521.0
1996-02-17,53683.0,54503.0,53273.0,54503.0,5479.0
1996-02-21,54912.0,55322.0,53683.0,53683.0,8584.0
1996-02-22,52863.0,54093.0,52863.0,54093.0,4014.0
1996-02-23,53273.0,54093.0,53273.0,54093.0,1409.0
1996-02-24,52863.0,53683.0,52863.0,53683.0,1283.0
1996-02-26,53683.0,54093.0,52863.0,54093.0,11595.0
1996-02-27,54093.0,54503.0,52863.0,54503.0,4546.0
1996-02-28,54503.0,54503.0,53273.0,53683.0,3732.0
1996-02-29,53683.0,54503.0,52454.0,54503.0,5456.0
1996-03-02,54503.0,55322.0,54503.0,54503.0,762.0
1996-03-04,54912.0,55732.0,54503.0,54503.0,10674.0
1996-03-05,54912.0,54912.0,54093.0,54503.0,3022.0
1996-03-06,54503.0,54912.0,54093.0,54912.0,12050.0
1996-03-07,54912.0,55322.0,54503.0,54503.0,9381.0
1996-03-08,54503.0,54912.0,52863.0,54503.0,6161.0
1996-03-09,54093.0,54093.0,52863.0,54093.0,2721.0
1996-03-11,53273.0,54093.0,52863.0,52863.0,1831.0
1996-03-12,51634.0,53273.0,51634.0,53273.0,5055.0
1996-03-13,50814.0,54503.0,50814.0,53683.0,4383.0
1996-03-14,54503.0,54503.0,51634.0,53683.0,8435.0
1996-03-15,54503.0,54503.0,53273.0,53273.0,1670.0
1996-03-16,53683.0,53683.0,52454.0,53273.0,951.0
1996-03-18,51634.0,53683.0,51634.0,52454.0,329.0
1996-03-19,52044.0,53273.0,52044.0,52863.0,4628.0
1996-03-20,52863.0,53273.0,51224.0,52863.0,3104.0
1996-03-21,52863.0,52863.0,50405.0,50405.0,4183.0
1996-03-22,50405.0,52454.0,50405.0,51634.0,3712.0
1996-03-23,52454.0,52454.0,51224.0,51224.0,329.0
1996-03-25,51224.0,51224.0,50405.0,50405.0,572.0
1996-03-26,50405.0,52044.0,50405.0,50814.0,959.0
1996-03-27,51634.0,51634.0,50814.0,51634.0,2721.0
1996-03-28,51224.0,51634.0,50405.0,51224.0,463.0
1996-03-29,51634.0,52863.0,51634.0,52454.0,1769.0
1996-03-30,52454.0,52454.0,52044.0,52454.0,4212.0
1996-04-01,52454.0,54093.0,52454.0,54093.0,11787.0
1996-04-02,54093.0,56961.0,52044.0,55322.0,17283.0
1996-04-03,54503.0,55732.0,54503.0,54912.0,5998.0
1996-04-04,54912.0,57781.0,54093.0,56142.0,9671.0
1996-04-06,54912.0,56142.0,54912.0,55732.0,13482.0
1996-04-08,55732.0,56142.0,53683.0,54503.0,1645.0
1996-04-09,54503.0,55322.0,52044.0,53683.0,2385.0
1996-04-10,53683.0,54093.0,52863.0,52863.0,1238.0
1996-04-12,54503.0,55732.0,53273.0,55732.0,3518.0
1996-04-13,56552.0,56552.0,55322.0,55322.0,1930.0
1996-04-15,56142.0,56142.0,54503.0,54503.0,4513.0
1996-04-16,54912.0,56142.0,54503.0,55322.0,21053.0
1996-04-17,55322.0,57781.0,55322.0,57781.0,8443.0
1996-04-18,58191.0,58601.0,56142.0,58191.0,8487.0
1996-04-19,58191.0,58191.0,56961.0,57781.0,4167.0
1996-04-20,57781.0,59010.0,56961.0,58191.0,8060.0
1996-04-22,57781.0,59420.0,57371.0,58191.0,9420.0
1996-04-23,58191.0,58191.0,55732.0,55732.0,15017.0
1996-04-24,55732.0,55732.0,54093.0,54912.0,8178.0
1996-04-25,55732.0,56142.0,54912.0,56142.0,4954.0
1996-04-26,55322.0,56552.0,55322.0,55732.0,1514.0
1996-04-27,55732.0,56552.0,55732.0,55732.0,2848.0
1996-04-29,56552.0,57371.0,56142.0,56961.0,6305.0
1996-04-30,57371.0,57371.0,55322.0,57371.0,7879.0
1996-05-02,57781.0,59010.0,57371.0,57371.0,30877.0
1996-05-03,57371.0,57781.0,56142.0,57781.0,7199.0
1996-05-04,57781.0,57781.0,56552.0,56961.0,4101.0
1996-05-06,56961.0,57781.0,56552.0,57371.0,6447.0
1996-05-07,57781.0,58191.0,56961.0,57781.0,5765.0
1996-05-08,57781.0,59420.0,57371.0,57371.0,22798.0
1996-05-09,57371.0,59830.0,57371.0,57781.0,26538.0
1996-05-10,59010.0,59420.0,58191.0,58191.0,14809.0
1996-05-11,58601.0,59420.0,58601.0,59010.0,6282.0
1996-05-13,59420.0,62289.0,59420.0,62289.0,40528.0
1996-05-14,63928.0,64338.0,60650.0,61469.0,71218.0
1996-05-15,61469.0,63108.0,61059.0,61059.0,33318.0
1996-05-16,61879.0,61879.0,60240.0,60240.0,14176.0
1996-05-17,59420.0,61469.0,59420.0,61469.0,29297.0
1996-05-18,61469.0,62289.0,60240.0,60240.0,9947.0
1996-05-20,60240.0,61469.0,60240.0,61059.0,10837.0
1996-05-21,61469.0,61469.0,60650.0,61059.0,14712.0
1996-05-22,61059.0,62699.0,60240.0,61879.0,94539.0
1996-05-23,62289.0,63108.0,59420.0,61879.0,41146.0
1996-05-25,61879.0,63518.0,61469.0,62699.0,11531.0
1996-05-27,63518.0,63928.0,60650.0,60650.0,29849.0
1996-05-28,60650.0,60650.0,58191.0,58191.0,8711.0
1996-05-29,58625.0,61231.0,58625.0,59059.0,3475.0
1996-05-30,59059.0,59928.0,58191.0,59494.0,5215.0
1996-05-31,59494.0,59928.0,58625.0,59059.0,1763.0
1996-06-01,60796.0,60796.0,58625.0,58625.0,3353.0
1996-06-03,58625.0,58625.0,57757.0,57757.0,3339.0
1996-06-04,56888.0,57757.0,56454.0,57322.0,2070.0
1996-06-05,57322.0,58191.0,56454.0,57757.0,2807.0
1996-06-07,57757.0,60362.0,57757.0,59494.0,7908.0
1996-06-08,56454.0,59494.0,56454.0,59059.0,665.0
1996-06-10,59059.0,59928.0,58625.0,59928.0,8610.0
1996-06-11,59059.0,60362.0,59059.0,60362.0,4443.0
1996-06-12,59059.0,59059.0,57757.0,57757.0,1248.0
1996-06-13,57757.0,59059.0,57322.0,59059.0,1149.0
1996-06-14,59059.0,59059.0,56888.0,57757.0,2150.0
1996-06-15,55585.0,56888.0,55585.0,56888.0,640.0
1996-06-17,56454.0,57322.0,55585.0,57322.0,2187.0
1996-06-18,54717.0,59059.0,54717.0,58625.0,3944.0
1996-06-19,56888.0,58625.0,56888.0,58625.0,9679.0
1996-06-20,56454.0,57757.0,56454.0,57757.0,2659.0
1996-06-21,56454.0,57322.0,55585.0,57322.0,1196.0
1996-06-22,55585.0,57322.0,55585.0,55585.0,191.0
1996-06-24,54283.0,54717.0,53414.0,53414.0,638.0
1996-06-25,53414.0,54717.0,52111.0,53414.0,15083.0
1996-06-26,52545.0,52980.0,50808.0,50808.0,3026.0
1996-06-27,49506.0,50808.0,49506.0,49940.0,3866.0
1996-06-28,49506.0,50808.0,49506.0,49940.0,2006.0
1996-06-29,49940.0,49940.0,49071.0,49940.0,1122.0
1996-07-01,50374.0,52111.0,50374.0,52111.0,1808.0
1996-07-02,52111.0,52111.0,51243.0,52111.0,2144.0
1996-07-03,52111.0,52111.0,50808.0,51677.0,3324.0
1996-07-04,52111.0,52545.0,51243.0,51677.0,8314.0
1996-07-05,52111.0,54717.0,51243.0,53414.0,10044.0
1996-07-06,53414.0,53414.0,52111.0,52111.0,997.0
1996-07-08,50808.0,52111.0,50374.0,50374.0,1102.0
1996-07-09,49940.0,51677.0,49940.0,51677.0,1361.0
1996-07-10,50374.0,51677.0,50374.0,50808.0,341.0
1996-07-11,50808.0,51243.0,49940.0,49940.0,1691.0
1996-07-12,49071.0,49071.0,49071.0,49071.0,912.0
1996-07-13,48203.0,49071.0,48203.0,48203.0,850.0
1996-07-15,47334.0,47769.0,46031.0,46466.0,723.0
1996-07-16,46031.0,46466.0,44729.0,46466.0,2632.0
1996-07-18,46466.0,48637.0,46466.0,47769.0,1466.0
1996-07-19,48637.0,48637.0,46900.0,46900.0,6581.0
1996-07-20,46900.0,47334.0,46466.0,46466.0,4564.0
1996-07-22,46466.0,46900.0,46466.0,46466.0,7290.0
1996-07-23,44729.0,47334.0,44729.0,46466.0,5784.0
1996-07-24,46466.0,46466.0,45597.0,45597.0,1773.0
1996-07-25,45597.0,45597.0,44729.0,44729.0,2568.0
1996-07-26,44729.0,45597.0,44729.0,45163.0,1746.0
1996-07-27,44729.0,46031.0,44729.0,45597.0,916.0
1996-07-29,43426.0,46466.0,43426.0,46031.0,2692.0
1996-07-30,44729.0,46031.0,44729.0,45163.0,924.0
1996-07-31,45163.0,47769.0,45163.0,47769.0,2795.0
1996-08-01,47769.0,47769.0,47334.0,47334.0,1757.0
1996-08-02,46466.0,46900.0,45597.0,46466.0,970.0
1996-08-03,45597.0,46031.0,45163.0,46031.0,916.0
1996-08-05,47334.0,47334.0,45597.0,46466.0,2002.0
1996-08-06,46466.0,46900.0,46466.0,46900.0,1532.0
1996-08-07,47769.0,47769.0,45597.0,46466.0,642.0
1996-08-08,46466.0,47769.0,46031.0,47334.0,867.0
1996-08-09,46466.0,46900.0,46031.0,46900.0,1771.0
1996-08-10,45597.0,47334.0,45597.0,47334.0,1470.0
1996-08-12,46466.0,46900.0,46031.0,46031.0,813.0
1996-08-13,46900.0,46900.0,46031.0,46031.0,902.0
1996-08-14,45597.0,46466.0,45163.0,46466.0,1013.0
1996-08-16,46031.0,46031.0,44729.0,45597.0,436.0
1996-08-17,43426.0,45597.0,43426.0,44729.0,32.0
1996-08-19,44729.0,44729.0,43426.0,44294.0,589.0
1996-08-20,43860.0,44294.0,43426.0,43426.0,1320.0
1996-08-21,43426.0,43426.0,42557.0,42557.0,459.0
1996-08-22,42557.0,42557.0,41255.0,42123.0,1483.0
1996-08-23,42123.0,43426.0,41689.0,43426.0,3423.0
1996-08-24,43382.0,44294.0,42557.0,43382.0,4523.0
1996-08-26,40907.0,42557.0,40907.0,42123.0,1145.0
1996-08-27,41255.0,42123.0,41255.0,41472.0,593.0
1996-08-28,42557.0,42557.0,41255.0,41255.0,22.0
1996-08-29,42557.0,42557.0,40169.0,42557.0,1654.0
1996-08-30,42514.0,42557.0,41689.0,42557.0,2214.0
1996-08-31,42557.0,42557.0,40082.0,42557.0,212.0
1996-09-02,42123.0,42123.0,41255.0,41255.0,1647.0
1996-09-03,40386.0,40820.0,39083.0,40386.0,3800.0
1996-09-04,40820.0,41255.0,40603.0,41255.0,5582.0
1996-09-05,41298.0,41298.0,39518.0,40820.0,914.0
1996-09-06,40603.0,40603.0,39518.0,39518.0,774.0
1996-09-07,39518.0,40386.0,39083.0,39083.0,1404.0
1996-09-09,39083.0,39518.0,39083.0,39518.0,910.0
1996-09-10,39952.0,41211.0,39952.0,40820.0,3273.0
1996-09-11,38649.0,40820.0,38649.0,39952.0,494.0
1996-09-12,40386.0,40386.0,39518.0,40386.0,1221.0
1996-09-13,39518.0,40386.0,39518.0,39952.0,704.0
1996-09-14,39952.0,39952.0,39083.0,39083.0,319.0
1996-09-16,39083.0,39083.0,38432.0,39083.0,261.0
1996-09-17,38649.0,39083.0,38215.0,38649.0,758.0
1996-09-18,38779.0,39083.0,37998.0,37998.0,939.0
1996-09-19,37824.0,37867.0,37303.0,37303.0,1750.0
1996-09-20,36999.0,37737.0,35609.0,36043.0,8029.0
1996-09-21,35175.0,37129.0,33916.0,36869.0,14617.0
1996-09-23,34741.0,37867.0,34741.0,36000.0,13319.0
1996-09-24,36478.0,36478.0,35001.0,35566.0,5222.0
1996-09-25,36043.0,37346.0,36043.0,37303.0,2665.0
1996-09-30,37780.0,37780.0,36043.0,36478.0,1683.0
1996-10-01,36478.0,36478.0,35566.0,35609.0,11636.0
1996-10-02,35609.0,37737.0,35609.0,37737.0,17909.0
1996-10-04,39083.0,39518.0,37346.0,38215.0,13132.0
1996-10-05,38215.0,39083.0,38215.0,38649.0,4484.0
1996-10-07,39083.0,40951.0,38649.0,40820.0,7459.0
1996-10-08,38519.0,41255.0,38519.0,40386.0,5873.0
1996-10-09,39518.0,42775.0,39518.0,42557.0,11667.0
1996-10-10,42992.0,43860.0,42123.0,43426.0,10164.0
1996-10-11,43860.0,43860.0,41689.0,41689.0,7945.0
1996-10-12,41689.0,42557.0,41689.0,42123.0,2956.0
1996-10-14,40386.0,42123.0,40386.0,41472.0,9037.0
1996-10-15,41689.0,42992.0,41255.0,42992.0,5438.0
1996-10-16,43426.0,43426.0,40820.0,41689.0,2162.0
1996-10-17,42557.0,43426.0,41689.0,42557.0,8186.0
1996-10-18,41255.0,43426.0,41255.0,41689.0,7214.0
1996-10-19,41689.0,41689.0,41255.0,41689.0,1627.0
1996-10-21,41689.0,43426.0,41689.0,42123.0,23755.0
1996-10-22,42123.0,42123.0,40386.0,41689.0,4235.0
1996-10-23,40603.0,41211.0,40386.0,40603.0,3878.0
1996-10-24,40690.0,41211.0,39778.0,39778.0,4424.0
1996-10-25,39300.0,39518.0,37998.0,38649.0,4663.0
1996-10-26,39083.0,39083.0,37737.0,37737.0,212.0
1996-10-28,37737.0,37737.0,36130.0,36695.0,5681.0
1996-10-29,35609.0,37346.0,35609.0,36912.0,4204.0
1996-10-30,36955.0,37824.0,36955.0,37824.0,3174.0
1996-10-31,38432.0,40082.0,38432.0,40082.0,6903.0
1996-11-01,40820.0,40820.0,39083.0,39518.0,6476.0
1996-11-02,39952.0,39952.0,39083.0,39518.0,2875.0
1996-11-04,39518.0,41211.0,38432.0,39127.0,8981.0
1996-11-05,39083.0,39083.0,37390.0,37563.0,1093.0
1996-11-06,37563.0,39778.0,37563.0,39778.0,2886.0
1996-11-07,40212.0,41906.0,38215.0,40212.0,10133.0
1996-11-08,38649.0,39518.0,38649.0,38649.0,1328.0
1996-11-09,37780.0,37780.0,36912.0,36912.0,1512.0
1996-11-11,36999.0,38649.0,36912.0,36912.0,4095.0
1996-11-12,37780.0,38432.0,37563.0,37780.0,3631.0
1996-11-13,37780.0,38215.0,36912.0,36912.0,2088.0
1996-11-14,36912.0,37563.0,36912.0,37346.0,1161.0
1996-11-15,35175.0,38215.0,35175.0,37390.0,2140.0
1996-11-16,37433.0,37780.0,37346.0,37563.0,799.0
1996-11-18,37563.0,38215.0,37563.0,37780.0,1429.0
1996-11-19,36912.0,37780.0,36912.0,36912.0,1965.0
1996-11-20,37346.0,37346.0,36521.0,36912.0,1724.0
1996-11-21,36912.0,36912.0,36043.0,36043.0,2482.0
1996-11-22,36043.0,36043.0,35392.0,35392.0,1238.0
1996-11-25,36043.0,36043.0,34741.0,36000.0,774.0
1996-11-26,33134.0,35609.0,33134.0,35609.0,1042.0
1996-11-27,36043.0,36043.0,35609.0,36043.0,393.0
1996-11-28,36478.0,37303.0,36478.0,37303.0,2202.0
1996-11-29,37780.0,37780.0,35653.0,37346.0,352.0
1996-11-30,36912.0,36912.0,35696.0,35696.0,308.0
1996-12-02,35609.0,35826.0,35262.0,35262.0,2780.0
1996-12-03,34784.0,35262.0,34784.0,35175.0,2480.0
1996-12-04,34741.0,34741.0,33004.0,33004.0,5623.0
1996-12-05,33004.0,34220.0,33004.0,33481.0,2228.0
1996-12-06,33004.0,34263.0,32569.0,32569.0,1151.0
1996-12-07,32569.0,33785.0,32569.0,33004.0,685.0
1996-12-09,33438.0,33872.0,31267.0,31267.0,999.0
1996-12-10,30832.0,33438.0,30832.0,32569.0,675.0
1996-12-11,33221.0,33221.0,32569.0,32569.0,1701.0
1996-12-12,32569.0,32960.0,32569.0,32960.0,175.0
1996-12-13,30832.0,32178.0,30832.0,32092.0,622.0
1996-12-14,32092.0,32092.0,30919.0,32092.0,308.0
1996-12-16,30398.0,32092.0,30398.0,30572.0,856.0
1996-12-17,28661.0,31353.0,28661.0,30615.0,1178.0
1996-12-18,30615.0,31918.0,30615.0,31049.0,1796.0
1996-12-19,31701.0,33004.0,31701.0,32482.0,1926.0
1996-12-20,33438.0,33438.0,32135.0,32135.0,5049.0
1996-12-21,29616.0,31267.0,29616.0,31267.0,1211.0
1996-12-23,31267.0,31267.0,30398.0,30398.0,1151.0
1996-12-24,30398.0,30441.0,29964.0,30398.0,1565.0
1996-12-26,30311.0,30398.0,29095.0,29573.0,2366.0
1996-12-27,29573.0,30398.0,29095.0,29920.0,1159.0
1997-01-03,29518.0,31307.0,29518.0,30860.0,2628.0
1997-01-04,30860.0,33319.0,30815.0,32649.0,5693.0
1997-01-06,31307.0,32872.0,31307.0,31799.0,4128.0
1997-01-07,31754.0,33543.0,30860.0,31754.0,6709.0
1997-01-08,31754.0,33990.0,30860.0,33990.0,13002.0
1997-01-09,33543.0,35779.0,32201.0,35332.0,18103.0
1997-01-10,34214.0,35779.0,34214.0,35779.0,14934.0
1997-01-11,35332.0,36227.0,35332.0,35779.0,8631.0
1997-01-13,35332.0,36182.0,34885.0,35690.0,5553.0
1997-01-14,34438.0,37121.0,34438.0,36897.0,13045.0
1997-01-15,36897.0,37121.0,35332.0,36674.0,5417.0
1997-01-16,36674.0,36674.0,35779.0,36674.0,20808.0
1997-01-17,37121.0,39357.0,36674.0,37971.0,36970.0
1997-01-18,38418.0,38418.0,37121.0,37121.0,9552.0
1997-01-20,37121.0,38910.0,37121.0,38239.0,15552.0
1997-01-21,38508.0,38508.0,36674.0,36674.0,8874.0
1997-01-22,36674.0,39581.0,36674.0,39313.0,46951.0
1997-01-23,39313.0,40252.0,37792.0,38463.0,24707.0
1997-01-24,37792.0,38373.0,36674.0,38239.0,13276.0
1997-01-25,37568.0,38463.0,37568.0,38194.0,3994.0
1997-01-27,41236.0,41236.0,37076.0,37434.0,8126.0
1997-01-28,36674.0,38016.0,36674.0,36763.0,4624.0
1997-01-29,36674.0,36674.0,34438.0,36227.0,7393.0
1997-01-30,35332.0,36674.0,35332.0,36450.0,8332.0
1997-01-31,38642.0,38642.0,36763.0,37121.0,19469.0
1997-02-01,37121.0,37971.0,36674.0,36674.0,1940.0
1997-02-03,36674.0,38016.0,36227.0,36719.0,17617.0
1997-02-04,37121.0,37568.0,36227.0,37568.0,3440.0
1997-02-05,38016.0,39357.0,37792.0,38016.0,11538.0
1997-02-06,38239.0,38463.0,38016.0,38239.0,10382.0
1997-02-10,38239.0,38910.0,38239.0,38463.0,10030.0
1997-02-11,38686.0,40252.0,38686.0,39805.0,20122.0
1997-02-12,39805.0,40252.0,38910.0,39357.0,7051.0
1997-02-13,39357.0,40252.0,38910.0,39089.0,7001.0
1997-02-14,36227.0,39805.0,36227.0,38686.0,2515.0
1997-02-15,38463.0,39357.0,38463.0,38597.0,3666.0
1997-02-17,38686.0,38955.0,38016.0,38910.0,19370.0
1997-02-18,38910.0,39805.0,38463.0,39805.0,12018.0
1997-02-19,39805.0,40699.0,39134.0,40028.0,22556.0
1997-02-20,40252.0,40475.0,39357.0,40028.0,10318.0
1997-02-21,40028.0,40252.0,38910.0,38910.0,10159.0
1997-02-22,38016.0,38910.0,37568.0,38016.0,2325.0
1997-02-24,37121.0,38016.0,37121.0,37568.0,2628.0
1997-02-25,37568.0,38016.0,36003.0,37121.0,8402.0
1997-02-26,37121.0,37121.0,36227.0,36227.0,2562.0
1997-02-27,34885.0,36450.0,34885.0,36227.0,4150.0
1997-02-28,36227.0,36227.0,34885.0,35779.0,2342.0
1997-03-03,35779.0,37121.0,34482.0,34706.0,4400.0
1997-03-04,35332.0,35332.0,33543.0,33990.0,3794.0
1997-03-05,34080.0,34840.0,33319.0,33319.0,3967.0
1997-03-06,32872.0,35958.0,32872.0,35958.0,10102.0
1997-03-07,36182.0,36182.0,33319.0,35198.0,5669.0
1997-03-08,34840.0,34840.0,33498.0,33498.0,1114.0
1997-03-10,33990.0,33990.0,32201.0,32201.0,3452.0
1997-03-11,31307.0,33051.0,30904.0,30904.0,2064.0
1997-03-12,31128.0,33096.0,31083.0,32201.0,7263.0
1997-03-13,32201.0,33096.0,31754.0,32201.0,3415.0
1997-03-14,32201.0,32649.0,31530.0,31754.0,7858.0
1997-03-15,29294.0,32201.0,29294.0,32201.0,4052.0
1997-03-17,32201.0,32649.0,31396.0,32201.0,3771.0
1997-03-18,32201.0,32201.0,31307.0,32022.0,4002.0
1997-03-19,31307.0,31754.0,30412.0,30412.0,2548.0
1997-03-20,29965.0,29965.0,28176.0,28847.0,4441.0
1997-03-21,30412.0,30412.0,26566.0,26566.0,4838.0
1997-03-22,24509.0,26834.0,24509.0,25448.0,5217.0
1997-03-24,23435.0,23435.0,23435.0,23435.0,6332.0
1997-03-25,23569.0,25269.0,23569.0,25269.0,6361.0
1997-03-26,25940.0,26834.0,25269.0,26611.0,3054.0
1997-03-27,25940.0,27729.0,25493.0,26387.0,7574.0
1997-03-28,26432.0,27058.0,25716.0,25716.0,3195.0
1997-03-29,25716.0,27774.0,25716.0,27774.0,2721.0
1997-03-31,28221.0,29071.0,28221.0,28221.0,6532.0
1997-04-01,28221.0,28623.0,27818.0,28221.0,3854.0
1997-04-02,27729.0,27729.0,26879.0,27729.0,5978.0
1997-04-03,27729.0,29071.0,27729.0,27952.0,4243.0
1997-04-04,27505.0,28623.0,27505.0,28176.0,945.0
1997-04-07,28623.0,30412.0,28623.0,30412.0,6686.0
1997-04-08,31083.0,31307.0,30412.0,31307.0,7821.0
1997-04-09,31307.0,32201.0,30636.0,30636.0,4052.0
1997-04-10,31083.0,31754.0,30636.0,31307.0,5763.0
1997-04-11,30860.0,32201.0,29518.0,32201.0,3118.0
1997-04-12,32201.0,32201.0,30860.0,31038.0,906.0
1997-04-14,29965.0,31307.0,29965.0,30860.0,3281.0
1997-04-15,31307.0,31307.0,30189.0,30189.0,4688.0
1997-04-16,30502.0,30860.0,30412.0,30860.0,5524.0
1997-04-17,30010.0,30010.0,29294.0,29384.0,3333.0
1997-04-18,29205.0,29518.0,29205.0,29339.0,1549.0
1997-04-19,29294.0,29339.0,28444.0,28444.0,1435.0
1997-04-21,28847.0,29518.0,28444.0,28444.0,3782.0
1997-04-22,28623.0,29741.0,28623.0,29071.0,1557.0
1997-04-23,29071.0,29071.0,28623.0,28847.0,1165.0
1997-04-24,29294.0,29741.0,28847.0,29071.0,3625.0
1997-04-25,29920.0,30860.0,29071.0,30860.0,3162.0
1997-04-26,30860.0,30860.0,29965.0,30189.0,2375.0
1997-04-28,30189.0,30860.0,30189.0,30412.0,4810.0
1997-04-29,30412.0,31665.0,30412.0,31665.0,12153.0
1997-04-30,32201.0,32649.0,31665.0,31799.0,5875.0
1997-05-02,32201.0,32649.0,31307.0,31396.0,2000.0
1997-05-03,31307.0,32649.0,31307.0,31307.0,1100.0
1997-05-06,31307.0,32559.0,29965.0,30636.0,2727.0
1997-05-07,30860.0,30860.0,29965.0,30368.0,1355.0
1997-05-08,29741.0,31307.0,28400.0,30278.0,1085.0
1997-05-09,29518.0,30815.0,28623.0,29518.0,1479.0
1997-05-10,29071.0,30412.0,27729.0,29071.0,1277.0
1997-05-12,30412.0,30412.0,28176.0,28623.0,3378.0
1997-05-13,28176.0,29071.0,27282.0,29071.0,1858.0
1997-05-15,27774.0,30636.0,27774.0,30412.0,15699.0
1997-05-16,30412.0,30412.0,29384.0,29965.0,2327.0
1997-05-17,29965.0,30412.0,29518.0,29518.0,1330.0
1997-05-19,29607.0,31844.0,29607.0,31262.0,7401.0
1997-05-20,31307.0,31307.0,30412.0,30636.0,8384.0
1997-05-21,30860.0,32201.0,30860.0,31307.0,4628.0
1997-05-22,31352.0,32201.0,30904.0,31352.0,10563.0
1997-05-23,28892.0,31307.0,28892.0,30949.0,5671.0
1997-05-24,31307.0,32157.0,30412.0,30412.0,8777.0
1997-05-26,30412.0,30770.0,29518.0,30368.0,3687.0
1997-05-27,30368.0,31307.0,29518.0,31262.0,3963.0
1997-05-28,31307.0,33543.0,31217.0,33454.0,23280.0
1997-05-29,34035.0,34885.0,33319.0,33319.0,26295.0
1997-05-30,33543.0,34840.0,33141.0,33990.0,21405.0
1997-05-31,33498.0,34885.0,32693.0,34885.0,10021.0
1997-06-02,35332.0,37568.0,35332.0,35824.0,28664.0
1997-06-03,35824.0,38686.0,35332.0,38686.0,30146.0
1997-06-04,40028.0,40207.0,37121.0,37121.0,42644.0
1997-06-05,36271.0,37121.0,35824.0,36719.0,8470.0
1997-06-07,36674.0,38016.0,36227.0,36674.0,9041.0
1997-06-09,35824.0,38016.0,35824.0,38016.0,5798.0
1997-06-10,38597.0,38686.0,36003.0,36227.0,5891.0
1997-06-11,36227.0,36227.0,35332.0,35332.0,3893.0
1997-06-12,35332.0,36227.0,35332.0,35779.0,12390.0
1997-06-13,38642.0,38642.0,36674.0,38642.0,27744.0
1997-06-14,41594.0,41728.0,40297.0,41594.0,75072.0
1997-06-16,40297.0,42935.0,39447.0,40475.0,33610.0
1997-06-17,40207.0,40699.0,37792.0,38463.0,14648.0
1997-06-18,38016.0,38910.0,35422.0,35422.0,9848.0
1997-06-19,35779.0,35779.0,34438.0,35198.0,16826.0
1997-06-20,35779.0,35779.0,33543.0,34661.0,6571.0
1997-06-21,34885.0,34885.0,34438.0,34438.0,4247.0
1997-06-23,34393.0,34661.0,33767.0,33767.0,9988.0
1997-06-24,33767.0,33856.0,33096.0,33096.0,2064.0
1997-06-25,33319.0,33319.0,32649.0,32649.0,5487.0
1997-06-26,30144.0,33319.0,30144.0,33096.0,7090.0
1997-06-27,32201.0,32872.0,31262.0,31262.0,5489.0
1997-06-28,31307.0,32201.0,31307.0,32201.0,1763.0
1997-06-30,32425.0,33096.0,32201.0,32649.0,3293.0
1997-07-01,32649.0,33990.0,32425.0,33990.0,4255.0
1997-07-02,34214.0,35332.0,33767.0,34438.0,4064.0
1997-07-03,35824.0,36227.0,34661.0,34885.0,8458.0
1997-07-04,35377.0,35779.0,34885.0,35108.0,3071.0
1997-07-05,35332.0,35332.0,33543.0,33811.0,9185.0
1997-07-07,35153.0,35153.0,33543.0,33543.0,4472.0
1997-07-08,33543.0,34393.0,33096.0,34035.0,14261.0
1997-07-09,34214.0,34214.0,33096.0,33677.0,1452.0
1997-07-10,33677.0,33677.0,32783.0,33096.0,1952.0
1997-07-11,33096.0,33096.0,32201.0,32872.0,737.0
1997-07-12,31799.0,32201.0,31799.0,32201.0,539.0
1997-07-14,31307.0,33096.0,31307.0,32649.0,5112.0
1997-07-15,32291.0,33543.0,32201.0,33096.0,8262.0
1997-07-16,33006.0,33006.0,31307.0,32649.0,6771.0
1997-07-18,32201.0,32872.0,32201.0,32649.0,5825.0
1997-07-19,31799.0,32649.0,31754.0,32649.0,1009.0
1997-07-21,31799.0,32649.0,31799.0,32649.0,9080.0
1997-07-22,31754.0,32201.0,31754.0,31754.0,2673.0
1997-07-23,31754.0,32649.0,31307.0,32559.0,4379.0
1997-07-24,31978.0,31978.0,31754.0,31754.0,1322.0
1997-07-25,31754.0,32649.0,31754.0,31933.0,13324.0
1997-07-26,31754.0,32649.0,31307.0,32649.0,1367.0
1997-07-28,33096.0,33543.0,32201.0,32693.0,2908.0
1997-07-29,31799.0,32604.0,31307.0,32604.0,1017.0
1997-07-30,32559.0,32559.0,31575.0,31575.0,840.0
1997-07-31,31307.0,32604.0,31262.0,32604.0,7090.0
1997-08-01,30055.0,32380.0,30055.0,32291.0,1590.0
1997-08-02,31530.0,31888.0,30860.0,31888.0,650.0
1997-08-04,31307.0,31754.0,31083.0,31083.0,2632.0
1997-08-05,31396.0,32649.0,31307.0,32649.0,10784.0
1997-08-06,32649.0,32872.0,32201.0,32872.0,3392.0
1997-08-07,31530.0,33543.0,31530.0,33543.0,9204.0
1997-08-08,33543.0,33543.0,32693.0,33096.0,2748.0
1997-08-09,33543.0,34885.0,33543.0,34438.0,7698.0
1997-08-11,34438.0,34438.0,33543.0,33767.0,2544.0
1997-08-12,34885.0,35332.0,34438.0,34795.0,7113.0
1997-08-13,34572.0,34840.0,34035.0,34214.0,4179.0
1997-08-14,34214.0,36674.0,33096.0,35690.0,19351.0
1997-08-16,35645.0,36674.0,33990.0,35422.0,10149.0
1997-08-18,35556.0,35556.0,33543.0,34885.0,1643.0
1997-08-19,34885.0,35779.0,33543.0,33767.0,3339.0
1997-08-20,33543.0,33990.0,32649.0,33767.0,4233.0
1997-08-21,33319.0,33543.0,32693.0,32693.0,2315.0
1997-08-22,33096.0,33990.0,32649.0,33990.0,6966.0
1997-08-23,33543.0,33990.0,33543.0,33990.0,1130.0
1997-08-25,34885.0,34885.0,33096.0,34438.0,13085.0
1997-08-26,34661.0,34885.0,33543.0,34438.0,9049.0
1997-08-27,34438.0,36227.0,34438.0,34438.0,19996.0
1997-08-28,34706.0,34885.0,32649.0,34885.0,35462.0
1997-08-29,34885.0,35108.0,33588.0,34214.0,10753.0
1997-08-30,33901.0,33990.0,32783.0,33543.0,2307.0
1997-09-01,33543.0,34438.0,32649.0,33409.0,6746.0
1997-09-02,32872.0,33543.0,32649.0,33543.0,3355.0
1997-09-03,32693.0,34438.0,32693.0,34438.0,24178.0
1997-09-04,34303.0,34303.0,33543.0,34303.0,2966.0
1997-09-05,34303.0,36674.0,33767.0,36674.0,52929.0
1997-09-06,39134.0,39134.0,35869.0,36674.0,62298.0
1997-09-08,37121.0,37792.0,36450.0,36897.0,36503.0
1997-09-09,36897.0,36897.0,35779.0,35779.0,9292.0
1997-09-10,35377.0,36227.0,35108.0,36182.0,13186.0
1997-09-11,35824.0,36674.0,35824.0,36227.0,9158.0
1997-09-12,37524.0,37524.0,34930.0,36719.0,11348.0
1997-09-13,37121.0,37166.0,36405.0,36450.0,2684.0
1997-09-18,36316.0,37479.0,36227.0,37076.0,4599.0
1997-09-19,36674.0,36674.0,35377.0,35377.0,1876.0
1997-09-20,34706.0,36450.0,34706.0,34706.0,828.0
1997-09-22,34706.0,34706.0,33588.0,33990.0,3481.0
1997-09-23,33543.0,33543.0,33096.0,33185.0,2587.0
1997-09-24,32738.0,33990.0,32738.0,33990.0,2309.0
1997-09-25,33990.0,34438.0,33319.0,33543.0,12572.0
1997-09-26,33319.0,33319.0,31754.0,31754.0,1516.0
1997-09-27,31307.0,31754.0,30636.0,30636.0,1380.0
1997-09-29,30636.0,30636.0,29563.0,29607.0,1330.0
1997-09-30,29741.0,31933.0,29741.0,31933.0,13385.0
1997-10-01,31754.0,33990.0,31754.0,31754.0,3848.0
1997-10-02,31352.0,31754.0,31217.0,31352.0,2731.0
1997-10-04,30949.0,31978.0,30949.0,31978.0,1643.0
1997-10-06,31978.0,33990.0,31978.0,32649.0,11187.0
1997-10-07,32425.0,32425.0,31352.0,31352.0,4433.0
1997-10-08,31307.0,31754.0,30860.0,30860.0,2381.0
1997-10-09,29965.0,31754.0,29965.0,30412.0,3155.0
1997-10-10,30860.0,31530.0,30636.0,30860.0,2570.0
1997-10-11,30860.0,33096.0,30860.0,31307.0,1600.0
1997-10-13,28892.0,31307.0,28892.0,30860.0,12314.0
1997-10-14,30860.0,31530.0,30502.0,30502.0,8606.0
1997-10-15,30323.0,30323.0,28847.0,29965.0,10347.0
1997-10-16,29965.0,29965.0,27639.0,27729.0,11332.0
1997-10-17,28623.0,29920.0,27729.0,28400.0,4431.0
1997-10-18,29518.0,29518.0,28176.0,28623.0,1073.0
1997-10-20,29071.0,29071.0,26387.0,26387.0,2610.0
1997-10-21,26432.0,28489.0,26432.0,27505.0,3170.0
1997-10-22,29071.0,29697.0,28623.0,29697.0,5269.0
1997-10-23,30770.0,31083.0,29518.0,30412.0,3724.0
1997-10-24,28400.0,29518.0,28400.0,28579.0,7601.0
1997-10-25,27282.0,28221.0,26834.0,26879.0,3164.0
1997-10-27,28176.0,28176.0,26432.0,26834.0,1586.0
1997-10-28,25940.0,25940.0,24688.0,24688.0,3120.0
1997-10-29,25940.0,26655.0,25045.0,26611.0,3604.0
1997-10-30,24509.0,26611.0,24509.0,24822.0,4562.0
1997-10-31,23704.0,24598.0,23704.0,24151.0,3778.0
1997-11-01,25269.0,26074.0,24285.0,26074.0,2750.0
1997-11-03,26074.0,27505.0,25493.0,26745.0,7646.0
1997-11-04,24822.0,28847.0,24822.0,28847.0,4482.0
1997-11-05,28847.0,29965.0,27505.0,29518.0,11128.0
1997-11-06,28623.0,29518.0,28176.0,28444.0,18515.0
1997-11-07,28176.0,28176.0,26208.0,26208.0,3920.0
1997-11-08,24598.0,25493.0,24151.0,24151.0,6775.0
1997-11-10,24151.0,26074.0,24151.0,26074.0,8483.0
1997-11-11,25895.0,26387.0,24061.0,25045.0,5947.0
1997-11-12,25135.0,25269.0,24151.0,24598.0,12493.0
1997-11-13,25045.0,25493.0,24419.0,24822.0,16043.0
1997-11-14,24866.0,24866.0,24240.0,24598.0,5370.0
1997-11-15,24598.0,25045.0,24598.0,25045.0,4220.0
1997-11-17,24822.0,25403.0,23167.0,23167.0,5096.0
1997-11-18,22809.0,23256.0,21915.0,22899.0,4222.0
1997-11-19,22899.0,23704.0,22362.0,23704.0,3534.0
1997-11-20,23793.0,23793.0,21825.0,22362.0,7906.0
1997-11-21,22809.0,24151.0,20573.0,22362.0,4455.0
1997-11-22,22317.0,22317.0,20573.0,20573.0,1775.0
1997-11-24,18963.0,18963.0,18963.0,18963.0,1145.0
1997-11-25,17487.0,17487.0,17487.0,17487.0,1071.0
1997-11-26,16100.0,16100.0,16100.0,16100.0,1631.0
1997-11-27,14848.0,14893.0,14848.0,14848.0,8042.0
1997-11-28,13685.0,13685.0,13685.0,13685.0,3660.0
1997-11-29,12612.0,12612.0,12612.0,12612.0,0.0
1997-12-01,11628.0,12612.0,11628.0,11628.0,23667.0
1997-12-02,10733.0,10733.0,10733.0,10733.0,2929.0
1997-12-03,9884.0,9884.0,9884.0,9884.0,175.0
1997-12-04,9928.0,10644.0,9168.0,10644.0,68849.0
1997-12-05,11404.0,11494.0,9794.0,9884.0,68672.0
1997-12-06,9123.0,9123.0,9123.0,9123.0,6896.0
1997-12-08,8408.0,9571.0,8408.0,8408.0,46658.0
1997-12-09,8050.0,9079.0,7826.0,9079.0,59319.0
1997-12-10,8408.0,9168.0,8363.0,8721.0,36365.0
1997-12-11,8497.0,8944.0,8050.0,8050.0,26056.0
1997-12-12,7424.0,7961.0,7424.0,7424.0,23393.0
1997-12-13,7603.0,8005.0,6842.0,7782.0,19390.0
1997-12-15,8363.0,8363.0,8363.0,8363.0,3481.0
1997-12-16,8989.0,8989.0,8989.0,8989.0,15709.0
1997-12-17,9705.0,9705.0,9705.0,9705.0,14687.0
1997-12-19,10465.0,10465.0,9615.0,10465.0,80234.0
1997-12-20,10286.0,11270.0,9660.0,10733.0,43715.0
1997-12-22,10510.0,10644.0,9884.0,9884.0,45703.0
1997-12-23,9123.0,9168.0,9123.0,9123.0,2756.0
1997-12-24,8408.0,8631.0,8408.0,8408.0,34025.0
1997-12-26,9079.0,9079.0,8631.0,9079.0,35658.0
1997-12-27,8363.0,8363.0,8363.0,8363.0,7142.0
1998-01-03,7737.0,8229.0,7737.0,7826.0,17512.0
1998-01-05,7871.0,8452.0,7871.0,8452.0,14051.0
1998-01-06,8855.0,9123.0,8005.0,9123.0,27068.0
1998-01-07,8944.0,9392.0,8497.0,8497.0,21903.0
1998-01-08,8721.0,8900.0,8318.0,8766.0,7010.0
1998-01-09,8318.0,8318.0,8095.0,8095.0,7854.0
1998-01-10,8184.0,8721.0,8184.0,8721.0,9960.0
1998-01-12,9392.0,9392.0,8721.0,9392.0,24818.0
1998-01-13,9392.0,10107.0,8855.0,10107.0,36657.0
1998-01-14,10912.0,10912.0,10510.0,10912.0,52303.0
1998-01-15,11762.0,11762.0,11762.0,11762.0,20393.0
1998-01-16,12701.0,12701.0,10823.0,10823.0,84064.0
1998-01-17,11047.0,11628.0,10018.0,11136.0,31103.0
1998-01-19,11404.0,11986.0,10733.0,11986.0,56011.0
1998-01-20,11538.0,12165.0,11047.0,11986.0,35909.0
1998-01-21,11628.0,11852.0,11047.0,11852.0,57552.0
1998-01-22,11852.0,11852.0,10912.0,10912.0,22171.0
1998-01-23,10107.0,10912.0,10063.0,10912.0,24332.0
1998-01-24,10957.0,11360.0,10689.0,11360.0,17874.0
1998-01-26,10555.0,11136.0,10465.0,11136.0,11818.0
1998-01-30,11986.0,11986.0,11628.0,11986.0,11136.0
1998-01-31,12522.0,12522.0,11047.0,11986.0,21609.0
1998-02-02,11225.0,11225.0,11047.0,11047.0,5737.0
1998-02-03,10778.0,11047.0,10197.0,10286.0,23292.0
1998-02-04,10286.0,11091.0,9839.0,10465.0,10907.0
1998-02-05,10063.0,11091.0,9884.0,10510.0,13921.0
1998-02-06,10063.0,10912.0,9928.0,10063.0,8324.0
1998-02-07,9839.0,10286.0,9392.0,9705.0,7100.0
1998-02-09,9839.0,10063.0,9436.0,9705.0,7937.0
1998-02-10,9839.0,10063.0,9615.0,9839.0,7731.0
1998-02-11,9436.0,9615.0,9213.0,9258.0,7403.0
1998-02-12,8944.0,9213.0,8542.0,8944.0,14143.0
1998-02-13,9392.0,9660.0,8944.0,9660.0,15435.0
1998-02-14,9660.0,10241.0,9526.0,9660.0,20220.0
1998-02-16,9660.0,9660.0,8989.0,8989.0,7957.0
1998-02-17,8318.0,8989.0,8318.0,8944.0,5020.0
1998-02-18,8318.0,8855.0,8318.0,8721.0,3916.0
1998-02-19,8721.0,8989.0,8497.0,8855.0,8586.0
1998-02-20,8587.0,9168.0,8587.0,8721.0,9187.0
1998-02-21,8318.0,8944.0,8139.0,8721.0,2721.0
1998-02-23,8721.0,9392.0,8497.0,9392.0,28804.0
1998-02-24,8810.0,9615.0,8810.0,9526.0,8202.0
1998-02-25,9526.0,10286.0,9258.0,9392.0,17427.0
1998-02-26,9392.0,9615.0,9079.0,9123.0,6917.0
1998-02-27,9168.0,9660.0,9168.0,9392.0,12250.0
1998-02-28,10107.0,10107.0,10063.0,10107.0,16148.0
1998-03-02,10957.0,10957.0,10197.0,10353.0,13400.0
1998-03-03,10286.0,11583.0,10286.0,11091.0,33996.0
1998-03-04,11091.0,11181.0,10286.0,11181.0,18653.0
1998-03-05,11181.0,12030.0,11181.0,11494.0,37619.0
1998-03-06,10733.0,11136.0,10599.0,10733.0,6486.0
1998-03-07,10286.0,10733.0,9481.0,9839.0,3691.0
1998-03-09,11002.0,11002.0,9392.0,9660.0,5726.0
1998-03-10,9794.0,9928.0,9392.0,9928.0,4445.0
1998-03-11,10107.0,10286.0,9615.0,9749.0,11424.0
1998-03-12,10197.0,10286.0,9705.0,9839.0,7512.0
1998-03-13,9839.0,11002.0,9615.0,10957.0,59078.0
1998-03-14,11136.0,11449.0,10420.0,10644.0,10666.0
1998-03-16,10957.0,11091.0,10286.0,10599.0,17563.0
1998-03-17,10376.0,11583.0,10376.0,10957.0,45620.0
1998-03-18,10957.0,11807.0,10957.0,11673.0,58021.0
1998-03-19,11852.0,11852.0,11181.0,11181.0,25789.0
1998-03-20,11315.0,12075.0,11181.0,11181.0,25156.0
1998-03-21,11404.0,12254.0,11404.0,11852.0,44629.0
1998-03-23,12478.0,13260.0,12030.0,13193.0,100459.0
1998-03-24,12746.0,12791.0,11852.0,11941.0,38507.0
1998-03-25,11986.0,12299.0,11538.0,12008.0,25624.0
1998-03-26,11784.0,11852.0,11069.0,11181.0,30965.0
1998-03-27,11315.0,11628.0,10778.0,11628.0,25646.0
1998-03-28,11583.0,11896.0,10733.0,10801.0,22355.0
1998-03-30,10376.0,10823.0,9884.0,10174.0,19996.0
1998-03-31,10733.0,10912.0,10286.0,10286.0,16403.0
1998-04-01,10331.0,10331.0,9839.0,9928.0,14914.0
1998-04-02,9973.0,11114.0,9615.0,11114.0,48331.0
1998-04-03,11852.0,12030.0,10733.0,11628.0,70101.0
1998-04-04,11628.0,12522.0,11181.0,12075.0,40087.0
1998-04-06,12120.0,12701.0,11628.0,12075.0,50657.0
1998-04-07,12075.0,12701.0,12075.0,12254.0,51864.0
1998-04-08,12433.0,12478.0,11181.0,11360.0,29272.0
1998-04-09,11494.0,11628.0,11047.0,11225.0,36194.0
1998-04-10,10555.0,11673.0,10555.0,11181.0,26850.0
1998-04-11,11225.0,12030.0,11225.0,11986.0,16782.0
1998-04-13,11986.0,11986.0,11404.0,11807.0,23675.0
1998-04-14,11807.0,11807.0,11002.0,11181.0,18078.0
1998-04-15,11181.0,11181.0,10510.0,10733.0,14836.0
1998-04-16,10778.0,11047.0,10510.0,10733.0,10874.0
1998-04-17,10957.0,10957.0,10555.0,10733.0,11997.0
1998-04-18,10733.0,10912.0,9615.0,9839.0,13118.0
1998-04-20,10063.0,10197.0,9660.0,9884.0,9232.0
1998-04-21,9884.0,10197.0,9660.0,9839.0,8172.0
1998-04-22,9839.0,10957.0,9839.0,10286.0,8845.0
1998-04-23,9839.0,10286.0,9056.0,9526.0,10061.0
1998-04-24,9213.0,9839.0,9213.0,9302.0,8996.0
1998-04-25,8497.0,9168.0,8497.0,8721.0,4235.0
1998-04-27,8542.0,8721.0,8318.0,8497.0,6423.0
1998-04-28,8497.0,8721.0,8229.0,8229.0,3553.0
1998-04-29,7871.0,8944.0,7871.0,8944.0,2616.0
1998-04-30,8944.0,9168.0,8721.0,8721.0,4363.0
1998-05-02,8944.0,8944.0,8274.0,8274.0,657.0
1998-05-04,8274.0,8274.0,7603.0,7603.0,5112.0
1998-05-06,7603.0,8229.0,6977.0,7603.0,5566.0
1998-05-07,7916.0,8050.0,7155.0,7826.0,3520.0
1998-05-08,7200.0,7737.0,7200.0,7245.0,3036.0
1998-05-09,6932.0,7603.0,6932.0,7603.0,1479.0
1998-05-11,7155.0,7379.0,6932.0,6932.0,3878.0
1998-05-12,6104.0,6395.0,6104.0,6261.0,9140.0
1998-05-13,5590.0,5814.0,5523.0,5523.0,8347.0
1998-05-14,4874.0,5903.0,4874.0,4919.0,10104.0
1998-05-15,5366.0,5366.0,5009.0,5098.0,6991.0
1998-05-16,5098.0,5702.0,4874.0,5411.0,10532.0
1998-05-18,5680.0,6037.0,5456.0,5903.0,8310.0
1998-05-19,5903.0,6485.0,5680.0,6395.0,13157.0
1998-05-20,6261.0,6842.0,6261.0,6529.0,8458.0
1998-05-21,6708.0,6798.0,5858.0,5858.0,16014.0
1998-05-22,5858.0,5903.0,5456.0,5814.0,6109.0
1998-05-23,5903.0,6462.0,5590.0,5590.0,4614.0
1998-05-25,5590.0,5814.0,5232.0,5232.0,8017.0
1998-05-26,4964.0,5366.0,4964.0,5344.0,5376.0
1998-05-27,5344.0,5814.0,4964.0,5769.0,5918.0
1998-05-28,5769.0,6037.0,5590.0,5590.0,5143.0
1998-05-29,5903.0,6261.0,5903.0,6261.0,11476.0
1998-05-30,6485.0,6619.0,6037.0,6306.0,3551.0
1998-06-01,6082.0,6350.0,5948.0,6127.0,7308.0
1998-06-02,5680.0,6306.0,5680.0,5993.0,7774.0
1998-06-03,6127.0,6172.0,5724.0,6015.0,3446.0
1998-06-05,5993.0,6127.0,5769.0,5769.0,2160.0
1998-06-08,6037.0,6082.0,5814.0,6082.0,5724.0
1998-06-09,5858.0,5993.0,5366.0,5680.0,8804.0
1998-06-10,5948.0,5993.0,5456.0,5456.0,4554.0
1998-06-11,5366.0,5590.0,5143.0,5590.0,6293.0
1998-06-12,5545.0,5545.0,5143.0,5366.0,4746.0
1998-06-13,5143.0,5143.0,4919.0,5053.0,2694.0
1998-06-15,5053.0,5188.0,4696.0,4696.0,4983.0
1998-06-16,4472.0,4696.0,4204.0,4472.0,6398.0
1998-06-17,4472.0,5009.0,4271.0,5009.0,11754.0
1998-06-18,5143.0,5590.0,4964.0,5590.0,18177.0
1998-06-19,5366.0,5501.0,4964.0,4964.0,8101.0
1998-06-20,4964.0,5210.0,4785.0,4807.0,2729.0
1998-06-22,4830.0,5188.0,4696.0,5009.0,4896.0
1998-06-23,4517.0,5009.0,4517.0,4874.0,13017.0
1998-06-24,4472.0,4718.0,4383.0,4584.0,11531.0
1998-06-25,4561.0,4561.0,4383.0,4517.0,6505.0
1998-06-26,4606.0,4696.0,4427.0,4561.0,11651.0
1998-06-27,4427.0,4651.0,4427.0,4651.0,5559.0
1998-06-29,4651.0,4763.0,4517.0,4517.0,7786.0
1998-06-30,4383.0,4383.0,4159.0,4315.0,4319.0
1998-07-01,4248.0,4651.0,4248.0,4606.0,12015.0
1998-07-02,4427.0,4561.0,4248.0,4427.0,4006.0
1998-07-03,4338.0,4427.0,4338.0,4338.0,4350.0
1998-07-04,4137.0,4248.0,4047.0,4248.0,2364.0
1998-07-06,4248.0,4248.0,3958.0,4069.0,9607.0
1998-07-07,4025.0,4226.0,4025.0,4137.0,7329.0
1998-07-08,4338.0,4629.0,4248.0,4629.0,16488.0
1998-07-09,4942.0,5143.0,4673.0,4830.0,27871.0
1998-07-10,4740.0,4740.0,4271.0,4271.0,15878.0
1998-07-11,4204.0,4405.0,4025.0,4181.0,14242.0
1998-07-13,4025.0,4248.0,4025.0,4204.0,12940.0
1998-07-14,4204.0,4293.0,4114.0,4204.0,10765.0
1998-07-15,4114.0,4561.0,4114.0,4472.0,11529.0
1998-07-16,4383.0,4830.0,4383.0,4696.0,18029.0
1998-07-18,4919.0,5255.0,4919.0,5255.0,12728.0
1998-07-20,5523.0,5881.0,5411.0,5881.0,35143.0
1998-07-21,5970.0,6216.0,5814.0,5903.0,42382.0
1998-07-22,5903.0,6395.0,5590.0,5903.0,34321.0
1998-07-23,5926.0,6350.0,5814.0,5814.0,25270.0
1998-07-24,5635.0,5993.0,5344.0,5590.0,19973.0
1998-07-25,5366.0,5545.0,5366.0,5366.0,2181.0
1998-07-27,5009.0,5590.0,5009.0,5322.0,4554.0
1998-07-28,5232.0,5366.0,5053.0,5053.0,11340.0
1998-07-29,5411.0,5657.0,5277.0,5635.0,33740.0
1998-07-30,5612.0,6037.0,5456.0,5858.0,41078.0
1998-07-31,6216.0,6552.0,6172.0,6552.0,53693.0
1998-08-01,7334.0,7334.0,6708.0,6932.0,138780.0
1998-08-03,6485.0,6708.0,6104.0,6104.0,60545.0
1998-08-04,6104.0,6708.0,5993.0,6104.0,92916.0
1998-08-05,6149.0,6596.0,5903.0,6350.0,138215.0
1998-08-06,6261.0,6261.0,5635.0,5635.0,59014.0
1998-08-07,5769.0,5814.0,5366.0,5635.0,64177.0
1998-08-08,5635.0,5635.0,5188.0,5277.0,23539.0
1998-08-10,5277.0,5277.0,4919.0,5009.0,20853.0
1998-08-11,5165.0,5545.0,5076.0,5188.0,41793.0
1998-08-12,5277.0,5277.0,4919.0,5053.0,25877.0
1998-08-13,5501.0,5501.0,5053.0,5098.0,21240.0
1998-08-14,4964.0,5366.0,4919.0,5277.0,20705.0
1998-08-17,5366.0,5501.0,5188.0,5277.0,22435.0
1998-08-18,4942.0,5098.0,4830.0,4964.0,23834.0
1998-08-19,5232.0,5501.0,5009.0,5277.0,35644.0
1998-08-20,5366.0,5366.0,5143.0,5366.0,30368.0
1998-08-21,5501.0,5501.0,5076.0,5076.0,23329.0
1998-08-22,5188.0,5188.0,4964.0,5053.0,6369.0
1998-08-24,5053.0,5143.0,4740.0,4874.0,21883.0
1998-08-25,4785.0,5053.0,4785.0,4964.0,15064.0
1998-08-26,4919.0,5255.0,4830.0,5165.0,39591.0
1998-08-27,5120.0,5366.0,4986.0,5277.0,25319.0
1998-08-28,4964.0,5143.0,4874.0,5031.0,13536.0
1998-08-29,4874.0,5098.0,4874.0,5009.0,6066.0
1998-08-31,5053.0,5366.0,5053.0,5366.0,30430.0
1998-09-01,5523.0,5747.0,5188.0,5590.0,56833.0
1998-09-02,5501.0,5590.0,5277.0,5366.0,39931.0
1998-09-03,5456.0,5993.0,5366.0,5635.0,102818.0
1998-09-04,5680.0,5680.0,5411.0,5478.0,28432.0
1998-09-05,5501.0,5635.0,5456.0,5590.0,17662.0
1998-09-07,5680.0,5858.0,5635.0,5680.0,31260.0
1998-09-08,5993.0,6015.0,5680.0,5680.0,29035.0
1998-09-09,5612.0,5814.0,5501.0,5680.0,15598.0
1998-09-10,5501.0,5657.0,5434.0,5434.0,10971.0
1998-09-11,5411.0,5545.0,5277.0,5277.0,19979.0
1998-09-12,5232.0,5366.0,5188.0,5322.0,11684.0
1998-09-14,5366.0,5366.0,5232.0,5344.0,6925.0
1998-09-15,5456.0,5456.0,5299.0,5322.0,12143.0
1998-09-16,5456.0,5680.0,5456.0,5456.0,15445.0
1998-09-17,5545.0,5545.0,5232.0,5277.0,9801.0
1998-09-18,5232.0,5456.0,5143.0,5188.0,14007.0
1998-09-19,5255.0,5322.0,5188.0,5188.0,7533.0
1998-09-21,5277.0,5545.0,5210.0,5344.0,33153.0
1998-09-22,5210.0,5411.0,5188.0,5210.0,11861.0
1998-09-23,5143.0,5366.0,5053.0,5053.0,6235.0
1998-09-24,4964.0,5366.0,4964.0,5366.0,13680.0
1998-09-25,5277.0,5322.0,5188.0,5188.0,5386.0
1998-09-26,5366.0,5366.0,5277.0,5366.0,6396.0
1998-09-28,5456.0,5545.0,5232.0,5322.0,12802.0
1998-09-29,5232.0,5501.0,5232.0,5389.0,37388.0
1998-09-30,5411.0,5769.0,5411.0,5635.0,55393.0
1998-10-01,5680.0,5769.0,5411.0,5590.0,35409.0
1998-10-02,5545.0,5769.0,5456.0,5635.0,27194.0
1998-10-07,5702.0,6261.0,5657.0,5948.0,111672.0
1998-10-08,6037.0,6172.0,5814.0,5814.0,69166.0
1998-10-09,5948.0,6261.0,5814.0,6127.0,65569.0
1998-10-10,6261.0,6395.0,6037.0,6082.0,26722.0
1998-10-12,5858.0,6395.0,5858.0,6261.0,71414.0
1998-10-13,6440.0,6485.0,5970.0,6037.0,49493.0
1998-10-14,6127.0,6172.0,5858.0,5903.0,25239.0
1998-10-15,5970.0,6596.0,5926.0,6596.0,69730.0
1998-10-16,6529.0,6932.0,6037.0,6216.0,91251.0
1998-10-17,6485.0,6932.0,6216.0,6865.0,79174.0
1998-10-19,7155.0,7513.0,6842.0,7021.0,185993.0
1998-10-20,7021.0,7155.0,6753.0,7066.0,41156.0
1998-10-21,7155.0,7603.0,6999.0,7021.0,165679.0
1998-10-22,6842.0,7290.0,6842.0,6977.0,44226.0
1998-10-23,7111.0,7155.0,6775.0,6887.0,69314.0
1998-10-24,6932.0,7021.0,6574.0,6708.0,25585.0
1998-10-26,6574.0,6574.0,6306.0,6306.0,18927.0
1998-10-27,6306.0,6440.0,6216.0,6440.0,19197.0
1998-10-28,6440.0,6842.0,6350.0,6395.0,22157.0
1998-10-29,6395.0,6418.0,6172.0,6216.0,32749.0
1998-10-30,6239.0,6462.0,6239.0,6440.0,17186.0
1998-10-31,6485.0,6708.0,6485.0,6663.0,15693.0
1998-11-02,6842.0,7155.0,6708.0,6887.0,38460.0
1998-11-03,6909.0,6977.0,6663.0,6708.0,43144.0
1998-11-04,6708.0,7290.0,6619.0,7088.0,59851.0
1998-11-05,7245.0,7871.0,7155.0,7603.0,146249.0
1998-11-06,7826.0,8497.0,7647.0,7983.0,219029.0
1998-11-07,8139.0,8139.0,7603.0,7916.0,79353.0
1998-11-09,8050.0,8855.0,7916.0,8855.0,115817.0
1998-11-10,9615.0,9839.0,8497.0,8542.0,282821.0
1998-11-11,8139.0,8341.0,7916.0,7916.0,85998.0
1998-11-12,7961.0,8274.0,7670.0,7826.0,87055.0
1998-11-13,8274.0,8363.0,8050.0,8072.0,92969.0
1998-11-14,8095.0,8631.0,7826.0,8631.0,40963.0
1998-11-16,8721.0,9347.0,8452.0,8900.0,100478.0
1998-11-17,8944.0,9168.0,8497.0,8587.0,55708.0
1998-11-18,8855.0,8855.0,8229.0,8363.0,72701.0
1998-11-19,8318.0,8587.0,8184.0,8564.0,68389.0
1998-11-20,8721.0,8855.0,8274.0,8318.0,69947.0
1998-11-21,8452.0,8542.0,8318.0,8542.0,18354.0
1998-11-23,8497.0,9258.0,8497.0,8631.0,102719.0
1998-11-24,8944.0,8989.0,8676.0,8766.0,65761.0
1998-11-25,9079.0,9817.0,9079.0,9817.0,144710.0
1998-11-26,10286.0,10420.0,9615.0,10286.0,211644.0
1998-11-27,10241.0,10241.0,9638.0,10152.0,59853.0
1998-11-28,10331.0,11360.0,10286.0,11002.0,64498.0
1998-11-30,10957.0,12321.0,10957.0,12075.0,243627.0
1998-12-01,12478.0,13417.0,12299.0,13417.0,230596.0
1998-12-02,13417.0,13417.0,11807.0,11807.0,144815.0
1998-12-03,11628.0,12522.0,11315.0,11807.0,145250.0
1998-12-04,12522.0,12970.0,12075.0,12522.0,100867.0
1998-12-05,13193.0,14021.0,13193.0,14021.0,100194.0
1998-12-07,15206.0,16123.0,14759.0,16123.0,138324.0
1998-12-08,18538.0,18538.0,17442.0,18538.0,148544.0
1998-12-09,18560.0,21311.0,18560.0,21311.0,323982.0
1998-12-10,23704.0,24464.0,22809.0,24464.0,167047.0
1998-12-11,26253.0,28131.0,25493.0,28131.0,188147.0
1998-12-14,32336.0,32336.0,32336.0,32336.0,21838.0
1998-12-15,37166.0,37166.0,37166.0,37166.0,32111.0
1998-12-16,42712.0,42712.0,31620.0,32067.0,298596.0
1998-12-17,27595.0,29965.0,27282.0,27282.0,110158.0
1998-12-18,27282.0,28176.0,23212.0,25448.0,254922.0
1998-12-21,29249.0,29249.0,28176.0,29249.0,129870.0
1998-12-22,31217.0,32336.0,25045.0,27729.0,201097.0
1998-12-23,27729.0,29518.0,23569.0,25045.0,112449.0
1998-12-24,25045.0,26834.0,23256.0,25403.0,85162.0
1998-12-28,23256.0,26387.0,23256.0,25045.0,60386.0
1999-01-04,26387.0,28802.0,25940.0,28802.0,80129.0
1999-01-05,29071.0,30412.0,27729.0,28936.0,132863.0
1999-01-06,29115.0,29518.0,27282.0,28176.0,74707.0
1999-01-07,28623.0,29294.0,27371.0,27550.0,95701.0
1999-01-08,27058.0,29071.0,27058.0,27952.0,65660.0
1999-01-11,29026.0,29026.0,27505.0,28623.0,84326.0
1999-01-12,28668.0,29294.0,26432.0,27282.0,62862.0
1999-01-13,26387.0,27908.0,25716.0,27684.0,68538.0
1999-01-14,24598.0,26745.0,23569.0,23704.0,45583.0
1999-01-15,23704.0,25493.0,23480.0,25403.0,59739.0
1999-01-18,25940.0,26387.0,24598.0,24822.0,46576.0
1999-01-19,24151.0,28534.0,23927.0,26834.0,111991.0
1999-01-20,27058.0,27282.0,24598.0,24777.0,44502.0
1999-01-21,23480.0,25493.0,22138.0,22138.0,35176.0
1999-01-22,21467.0,23256.0,20573.0,21736.0,63456.0
1999-01-25,22586.0,22809.0,21065.0,21244.0,33985.0
1999-01-26,21915.0,22362.0,19678.0,19678.0,33273.0
1999-01-27,19902.0,21020.0,19008.0,20797.0,45902.0
1999-01-28,22362.0,22362.0,20170.0,20908.0,32583.0
1999-01-29,20170.0,21959.0,20170.0,21244.0,29200.0
1999-02-01,21244.0,22228.0,20797.0,21870.0,36159.0
1999-02-02,22362.0,22362.0,20349.0,21110.0,27183.0
1999-02-03,21244.0,21870.0,20349.0,21557.0,38513.0
1999-02-04,21244.0,21467.0,20573.0,21020.0,21866.0
1999-02-05,20573.0,21423.0,20394.0,20797.0,27159.0
1999-02-08,20349.0,21020.0,19902.0,19902.0,19491.0
1999-02-09,19455.0,19455.0,17442.0,17465.0,37901.0
1999-02-10,17889.0,20081.0,17442.0,20081.0,48675.0
1999-02-11,20618.0,22004.0,20215.0,21467.0,132513.0
1999-02-12,21915.0,23033.0,21915.0,22586.0,70338.0
1999-02-18,23033.0,23927.0,22586.0,23167.0,70600.0
1999-02-19,23122.0,24061.0,21065.0,23704.0,74660.0
1999-02-22,23256.0,24822.0,23033.0,23927.0,119090.0
1999-02-23,23569.0,24151.0,21534.0,23212.0,94918.0
1999-02-24,23704.0,23704.0,21959.0,22809.0,193466.0
1999-02-25,21512.0,23480.0,21467.0,23480.0,80457.0
1999-02-26,23480.0,23927.0,22496.0,22943.0,50049.0
1999-03-02,23927.0,24106.0,23480.0,23927.0,58118.0
1999-03-03,24151.0,24285.0,23167.0,23480.0,33905.0
1999-03-04,24151.0,25493.0,23927.0,24151.0,83586.0
1999-03-05,24151.0,25493.0,23569.0,25045.0,46255.0
1999-03-08,28802.0,28802.0,26924.0,28802.0,181817.0
1999-03-09,30860.0,32201.0,29115.0,29876.0,187179.0
1999-03-10,27103.0,29965.0,27103.0,29965.0,73022.0
1999-03-11,30412.0,31754.0,29741.0,30412.0,116138.0
1999-03-12,30815.0,31173.0,29294.0,29876.0,67773.0
1999-03-15,30412.0,31083.0,28623.0,28847.0,81052.0
1999-03-16,28176.0,29339.0,27550.0,28668.0,109066.0
1999-03-17,31307.0,31307.0,29160.0,29786.0,180268.0
1999-03-18,27818.0,29786.0,27729.0,27729.0,56699.0
1999-03-19,28400.0,28534.0,27505.0,28534.0,62799.0
1999-03-22,27326.0,28802.0,27326.0,27371.0,49522.0
1999-03-23,28266.0,29518.0,27639.0,28266.0,45789.0
1999-03-24,28534.0,29205.0,27371.0,29205.0,52377.0
1999-03-25,29473.0,29965.0,28221.0,28623.0,54441.0
1999-03-26,28668.0,29339.0,28266.0,28489.0,28769.0
1999-03-29,27729.0,28758.0,27505.0,27774.0,33767.0
1999-03-30,28221.0,28847.0,28221.0,28623.0,50805.0
1999-03-31,29071.0,29205.0,27818.0,28176.0,38445.0
1999-04-01,27952.0,28936.0,27952.0,28444.0,46613.0
1999-04-02,28623.0,28847.0,28042.0,28847.0,102882.0
1999-04-06,29115.0,30278.0,28623.0,30189.0,127697.0
1999-04-07,31083.0,31530.0,29294.0,29294.0,95139.0
1999-04-08,28847.0,29741.0,28221.0,29428.0,48688.0
1999-04-09,29965.0,31083.0,28847.0,30502.0,175345.0
1999-04-12,31307.0,33006.0,30860.0,32425.0,225613.0
1999-04-13,32425.0,34661.0,31396.0,33543.0,263199.0
1999-04-14,33990.0,34527.0,31844.0,32425.0,136668.0
1999-04-15,32693.0,36674.0,32425.0,36629.0,330401.0
1999-04-16,36182.0,38463.0,34438.0,35332.0,254898.0
1999-04-19,35332.0,36227.0,33543.0,34751.0,183640.0
1999-04-20,34885.0,35645.0,33588.0,34393.0,107550.0
1999-04-21,34035.0,35556.0,32201.0,32201.0,138013.0
1999-04-22,31575.0,33051.0,30904.0,31530.0,73154.0
1999-04-23,31754.0,32649.0,31352.0,31978.0,78535.0
1999-04-26,31978.0,34661.0,30860.0,33677.0,131248.0
1999-04-27,33990.0,34482.0,32514.0,32872.0,119247.0
1999-04-28,32649.0,33543.0,31754.0,33364.0,119193.0
1999-04-29,33096.0,35108.0,32649.0,32649.0,124638.0
1999-04-30,32917.0,33543.0,31844.0,31978.0,46902.0
1999-05-03,32022.0,32872.0,31307.0,32827.0,64414.0
1999-05-04,33588.0,33767.0,32470.0,32872.0,72761.0
1999-05-06,33096.0,35690.0,32872.0,34885.0,202938.0
1999-05-07,35153.0,35377.0,33096.0,33454.0,91216.0
1999-05-10,32783.0,33543.0,32201.0,32246.0,62111.0
1999-05-11,32470.0,32872.0,30860.0,30860.0,103663.0
1999-05-12,29563.0,30815.0,28623.0,28668.0,61787.0
1999-05-13,28266.0,28847.0,26655.0,26655.0,66824.0
1999-05-14,25493.0,27282.0,25045.0,25940.0,65767.0
1999-05-17,26387.0,26745.0,25672.0,25716.0,30300.0
1999-05-18,24688.0,26387.0,24688.0,25716.0,35644.0
1999-05-19,25716.0,26163.0,25135.0,25314.0,43113.0
1999-05-20,25358.0,25403.0,22720.0,22943.0,52867.0
1999-05-21,22407.0,23256.0,22272.0,22496.0,34181.0
1999-05-24,22496.0,22809.0,21602.0,21780.0,26063.0
1999-05-25,21915.0,22362.0,21288.0,21959.0,34152.0
1999-05-26,21691.0,25180.0,21691.0,24598.0,73309.0
1999-05-27,25045.0,25045.0,23256.0,23256.0,45577.0
1999-05-28,24374.0,25045.0,22809.0,24464.0,52554.0
1999-05-31,25895.0,26700.0,24509.0,24509.0,61981.0
1999-06-01,24374.0,25716.0,24061.0,24330.0,30852.0
1999-06-02,24598.0,24911.0,23748.0,24822.0,44055.0
1999-06-03,25269.0,26745.0,24240.0,25090.0,55910.0
1999-06-04,25716.0,25716.0,24822.0,25269.0,44040.0
1999-06-07,26163.0,29026.0,25582.0,29026.0,118112.0
1999-06-08,30815.0,32201.0,29876.0,30636.0,225749.0
1999-06-09,30636.0,31978.0,28981.0,29026.0,87735.0
1999-06-10,29115.0,31217.0,28176.0,29607.0,81779.0
1999-06-11,29786.0,30815.0,28176.0,28176.0,57490.0
1999-06-14,28400.0,29071.0,27371.0,27371.0,32014.0
1999-06-15,27416.0,30278.0,27416.0,28579.0,135760.0
1999-06-16,28042.0,29294.0,27997.0,28623.0,46900.0
1999-06-17,27997.0,28623.0,27774.0,27774.0,39428.0
1999-06-18,27058.0,27774.0,26521.0,26790.0,47781.0
1999-06-21,27282.0,27729.0,25493.0,25716.0,44712.0
1999-06-22,25716.0,27863.0,24866.0,27282.0,62131.0
1999-06-23,29071.0,29071.0,27505.0,27729.0,58374.0
1999-06-24,28802.0,29473.0,27729.0,28176.0,84682.0
1999-06-25,29071.0,29249.0,27729.0,28355.0,65019.0
1999-06-28,29071.0,29071.0,28310.0,28310.0,70338.0
1999-06-29,29026.0,32514.0,28847.0,31083.0,289090.0
1999-06-30,31307.0,31352.0,28981.0,29965.0,118789.0
1999-07-01,29965.0,30904.0,29563.0,30010.0,125258.0
1999-07-02,30815.0,34214.0,30815.0,33543.0,271363.0
1999-07-05,37076.0,38552.0,35556.0,38552.0,418241.0
1999-07-06,40252.0,42577.0,38016.0,39581.0,548604.0
1999-07-07,40744.0,42622.0,39849.0,40252.0,308198.0
1999-07-08,41683.0,46290.0,41370.0,46290.0,407801.0
1999-07-09,46290.0,48302.0,43427.0,46290.0,239460.0
1999-07-12,46290.0,48749.0,42980.0,43830.0,253002.0
1999-07-13,42488.0,43830.0,38955.0,39357.0,160943.0
1999-07-14,39357.0,40699.0,34885.0,36227.0,176055.0
1999-07-15,36227.0,37568.0,35779.0,37524.0,144403.0
1999-07-16,37345.0,43114.0,36674.0,42756.0,289493.0
1999-07-19,42756.0,42756.0,40252.0,40297.0,171328.0
1999-07-20,44680.0,44680.0,40744.0,40923.0,204063.0
1999-07-21,40475.0,40699.0,37211.0,37568.0,102355.0
1999-07-22,36227.0,38239.0,35332.0,37881.0,119148.0
1999-07-23,37792.0,39134.0,33096.0,34259.0,153214.0
1999-07-26,34259.0,37568.0,31888.0,34214.0,158982.0
1999-07-27,34214.0,35779.0,34214.0,35511.0,100167.0
1999-07-28,35556.0,36674.0,34885.0,35019.0,118375.0
1999-07-29,33990.0,36003.0,33990.0,35466.0,110057.0
1999-07-30,35287.0,35332.0,33051.0,33096.0,101543.0
1999-08-02,32649.0,33990.0,32201.0,33454.0,84544.0
1999-08-03,33543.0,35556.0,32649.0,34214.0,101844.0
1999-08-04,34527.0,36897.0,34527.0,35511.0,163864.0
1999-08-05,36674.0,38463.0,34885.0,35779.0,180340.0
1999-08-06,35779.0,36227.0,34482.0,36227.0,81526.0
1999-08-09,36227.0,37300.0,35556.0,36003.0,90986.0
1999-08-10,36629.0,37300.0,36048.0,36853.0,116923.0
1999-08-11,33543.0,36540.0,33543.0,36227.0,90520.0
1999-08-12,38016.0,38910.0,37076.0,37568.0,169142.0
1999-08-13,37568.0,37792.0,35779.0,36450.0,124755.0
1999-08-16,36450.0,37076.0,35108.0,35779.0,116929.0
1999-08-17,36003.0,36674.0,33543.0,33543.0,159538.0
1999-08-18,32524.0,33300.0,31601.0,32766.0,92215.0
1999-08-19,31990.0,37572.0,31990.0,36650.0,182417.0
1999-08-20,34514.0,36165.0,34466.0,35194.0,104853.0
1999-08-23,34951.0,36116.0,34708.0,35000.0,92765.0
1999-08-24,36165.0,37378.0,34951.0,35728.0,145878.0
1999-08-25,37815.0,41019.0,37815.0,39805.0,335658.0
1999-08-26,39563.0,39854.0,38009.0,38932.0,134499.0
1999-08-27,38106.0,38932.0,36407.0,38349.0,109777.0
1999-08-30,38834.0,41019.0,37864.0,37912.0,161835.0
1999-08-31,37378.0,38786.0,36165.0,36407.0,64885.0
1999-09-01,36650.0,36941.0,34223.0,34223.0,84698.0
1999-09-02,32766.0,34223.0,32330.0,32524.0,89317.0
1999-09-03,32038.0,33883.0,32038.0,33252.0,79870.0
1999-09-06,33349.0,34223.0,33252.0,33980.0,68525.0
1999-09-07,33495.0,34902.0,32766.0,34902.0,58522.0
1999-09-08,34514.0,35873.0,33592.0,33980.0,99811.0
1999-09-09,34417.0,34757.0,33543.0,34708.0,60912.0
1999-09-10,33980.0,35436.0,33980.0,35339.0,84476.0
1999-09-13,35533.0,36165.0,33543.0,34223.0,104040.0
1999-09-14,34223.0,34805.0,33737.0,33786.0,71024.0
1999-09-15,33883.0,34223.0,33009.0,33009.0,62277.0
1999-09-16,33737.0,33834.0,32281.0,32524.0,55224.0
1999-09-17,27912.0,31553.0,27912.0,31310.0,58922.0
1999-09-20,29854.0,33252.0,29854.0,31262.0,44627.0
1999-09-21,31310.0,32281.0,31067.0,31116.0,56934.0
1999-09-22,30582.0,31553.0,30000.0,30242.0,57568.0
1999-09-27,30582.0,33446.0,30097.0,30728.0,155105.0
1999-09-28,30145.0,30582.0,28883.0,29368.0,92621.0
1999-09-29,29368.0,30970.0,28640.0,28883.0,117794.0
1999-09-30,28398.0,29708.0,28155.0,28155.0,61429.0
1999-10-01,27184.0,28155.0,24757.0,25485.0,61760.0
1999-10-04,25776.0,27135.0,25631.0,26116.0,62739.0
1999-10-05,25970.0,26456.0,23300.0,23543.0,32055.0
1999-10-06,23834.0,25242.0,23786.0,25242.0,62912.0
1999-10-07,26213.0,27912.0,25776.0,27669.0,97155.0
1999-10-08,30097.0,31310.0,28689.0,29271.0,207755.0
1999-10-11,29805.0,30048.0,27961.0,28592.0,54903.0
1999-10-12,28543.0,29563.0,28543.0,28980.0,52993.0
1999-10-13,28834.0,29563.0,27718.0,29126.0,45348.0
1999-10-14,28155.0,30825.0,28155.0,30097.0,85959.0
1999-10-15,30582.0,31504.0,29417.0,30097.0,85928.0
1999-10-18,27669.0,29077.0,27669.0,27718.0,42812.0
1999-10-19,28883.0,29029.0,27912.0,28252.0,57000.0
1999-10-20,28883.0,29126.0,28398.0,28980.0,60471.0
1999-10-21,29611.0,30097.0,27912.0,28106.0,67555.0
1999-10-22,26699.0,28106.0,26262.0,27184.0,84806.0
1999-10-25,27184.0,27621.0,25485.0,25728.0,69840.0
1999-10-26,24805.0,25728.0,24757.0,25000.0,54175.0
1999-10-27,24514.0,25000.0,24514.0,24514.0,68630.0
1999-10-28,24174.0,25194.0,24174.0,25194.0,57274.0
1999-10-29,25194.0,25485.0,24514.0,25000.0,92180.0
1999-11-01,24854.0,26165.0,24854.0,25873.0,107892.0
1999-11-02,26359.0,27038.0,25873.0,26407.0,143936.0
1999-11-03,26213.0,26553.0,25000.0,25728.0,108114.0
1999-11-04,25728.0,26456.0,25533.0,25825.0,95796.0
1999-11-05,26213.0,28058.0,25970.0,26844.0,268691.0
1999-11-08,27669.0,28592.0,26844.0,26941.0,130772.0
1999-11-09,26699.0,26941.0,26262.0,26893.0,82290.0
1999-11-10,26796.0,27184.0,25970.0,26067.0,101543.0
1999-11-11,25728.0,26165.0,24951.0,25436.0,168312.0
1999-11-12,25436.0,26407.0,24854.0,25631.0,162486.0
1999-11-15,24757.0,27038.0,24757.0,26310.0,193499.0
1999-11-16,25776.0,26262.0,25145.0,25145.0,133382.0
1999-11-17,25728.0,25970.0,23883.0,23883.0,125789.0
1999-11-18,23883.0,24174.0,22864.0,23300.0,103751.0
1999-11-19,23082.0,24660.0,23082.0,23543.0,109460.0
1999-11-22,23543.0,24368.0,23543.0,23543.0,64741.0
1999-11-23,23543.0,23786.0,22766.0,22815.0,77237.0
1999-11-24,22572.0,22815.0,20873.0,21674.0,114544.0
1999-11-25,20970.0,23058.0,20970.0,21844.0,119597.0
1999-11-26,23058.0,23252.0,20145.0,20315.0,73581.0
1999-11-29,19563.0,20800.0,18689.0,20145.0,117842.0
1999-11-30,19902.0,21601.0,19902.0,20703.0,153575.0
1999-12-01,19902.0,20388.0,19053.0,19174.0,80925.0
1999-12-02,19441.0,21601.0,18883.0,19951.0,216240.0
1999-12-03,21310.0,22669.0,20873.0,21407.0,262553.0
1999-12-06,23300.0,23300.0,20388.0,20873.0,122052.0
1999-12-07,20436.0,21796.0,19417.0,19902.0,87364.0
1999-12-08,19902.0,20291.0,18932.0,19417.0,48370.0
1999-12-09,19320.0,19854.0,19174.0,19708.0,59183.0
1999-12-10,19417.0,22645.0,18980.0,22645.0,220945.0
1999-12-13,23543.0,25000.0,22378.0,22815.0,267153.0
1999-12-14,23058.0,23446.0,22160.0,22572.0,124669.0
1999-12-15,23300.0,24029.0,20873.0,21262.0,122116.0
1999-12-16,20922.0,22184.0,20631.0,21116.0,68012.0
1999-12-17,20412.0,21553.0,20145.0,20388.0,67918.0
1999-12-20,20873.0,22305.0,20145.0,20145.0,92063.0
1999-12-21,20631.0,20631.0,19174.0,19805.0,106526.0
1999-12-22,19660.0,20728.0,18932.0,19757.0,138683.0
1999-12-23,20339.0,20364.0,19660.0,19902.0,93307.0
1999-12-24,22330.0,22330.0,20873.0,21359.0,185494.0
1999-12-27,22135.0,22281.0,20388.0,20388.0,73908.0
1999-12-28,20388.0,21456.0,19174.0,21456.0,102820.0
2000-01-04,20873.0,24514.0,20485.0,22427.0,165523.0
2000-01-05,22281.0,22281.0,20145.0,20873.0,83732.0
2000-01-06,21383.0,21383.0,19417.0,19514.0,37187.0
2000-01-07,19660.0,20145.0,19174.0,19563.0,51388.0
2000-01-10,19902.0,20097.0,19514.0,19708.0,59054.0
2000-01-11,19563.0,19902.0,19053.0,19150.0,82741.0
2000-01-12,19902.0,19902.0,18786.0,18883.0,78537.0
2000-01-13,18495.0,18834.0,18228.0,18592.0,48045.0
2000-01-14,18276.0,18932.0,17742.0,17839.0,50068.0
2000-01-17,17864.0,18179.0,17305.0,17524.0,62242.0
2000-01-18,17500.0,17621.0,16674.0,16941.0,55811.0
2000-01-19,16893.0,17233.0,15291.0,15291.0,58374.0
2000-01-20,15291.0,15728.0,14660.0,14854.0,67335.0
2000-01-21,15072.0,15922.0,14417.0,15048.0,193897.0
2000-01-24,15097.0,15728.0,14951.0,15145.0,85143.0
2000-01-25,14708.0,15145.0,14563.0,15145.0,108011.0
2000-01-26,15145.0,16407.0,14805.0,15922.0,168693.0
2000-01-27,16262.0,18276.0,15631.0,17912.0,220201.0
2000-01-28,17718.0,18106.0,16504.0,16747.0,144511.0
2000-01-31,16262.0,17912.0,16043.0,17233.0,144333.0
2000-02-01,17475.0,17864.0,16650.0,16990.0,82362.0
2000-02-02,17160.0,17184.0,16553.0,16990.0,250761.0
2000-02-03,17281.0,17378.0,16723.0,16990.0,185828.0
2000-02-07,17135.0,17330.0,16796.0,16893.0,144061.0
2000-02-08,16893.0,16893.0,16067.0,16092.0,101428.0
2000-02-09,15679.0,15970.0,15412.0,15436.0,111993.0
2000-02-10,15097.0,15266.0,14708.0,14805.0,91371.0
2000-02-11,14466.0,14927.0,14320.0,14441.0,89986.0
2000-02-14,14150.0,14247.0,13640.0,13640.0,80473.0
2000-02-15,13495.0,13980.0,13373.0,13446.0,62632.0
2000-02-16,13640.0,14514.0,13446.0,13834.0,67656.0
2000-02-17,13834.0,13883.0,13155.0,13495.0,51695.0
2000-02-18,13203.0,13422.0,12427.0,12621.0,72934.0
2000-02-21,11796.0,12135.0,11213.0,11359.0,65503.0
2000-02-22,11359.0,11650.0,10436.0,11432.0,114785.0
2000-02-23,11650.0,13131.0,11650.0,13131.0,124784.0
2000-02-24,13131.0,13349.0,12184.0,12864.0,96449.0
2000-02-25,12864.0,14757.0,12135.0,13592.0,126067.0
2000-02-28,12864.0,13786.0,12742.0,13592.0,77639.0
2000-02-29,14126.0,14126.0,12864.0,13106.0,69419.0
2000-03-02,13155.0,13567.0,12766.0,13009.0,106629.0
2000-03-03,13203.0,14563.0,13203.0,14563.0,178420.0
2000-03-06,14563.0,16747.0,14077.0,16747.0,255236.0
2000-03-07,16747.0,17839.0,15776.0,16747.0,173598.0
2000-03-08,16262.0,19223.0,15898.0,18883.0,230979.0
2000-03-09,19417.0,21699.0,19126.0,21699.0,384290.0
2000-03-10,21601.0,22961.0,19902.0,20873.0,287557.0
2000-03-13,21359.0,21601.0,20145.0,20388.0,161357.0
2000-03-14,20388.0,20825.0,18932.0,20339.0,187146.0
2000-03-15,17330.0,22815.0,17305.0,20436.0,365188.0
2000-03-16,20388.0,22330.0,20242.0,21844.0,321920.0
2000-03-17,21844.0,22233.0,18567.0,18567.0,271077.0
2000-03-20,18883.0,19660.0,17233.0,17330.0,93783.0
2000-03-21,17961.0,17961.0,16990.0,17718.0,125956.0
2000-03-22,17475.0,17718.0,16796.0,17135.0,61981.0
2000-03-23,17330.0,17330.0,16504.0,16941.0,55624.0
2000-03-24,16990.0,18203.0,16529.0,17233.0,62809.0
2000-03-27,16577.0,18106.0,16577.0,18106.0,54239.0
2000-03-28,18106.0,19271.0,17645.0,19223.0,73517.0
2000-03-29,18689.0,18932.0,17233.0,17233.0,35042.0
2000-03-30,16577.0,17475.0,16504.0,17233.0,30813.0
2000-03-31,16504.0,16941.0,16359.0,16699.0,23885.0
2000-04-03,17500.0,19199.0,16844.0,17427.0,109828.0
2000-04-04,17572.0,17572.0,14951.0,17233.0,43972.0
2000-04-06,17281.0,17961.0,15970.0,15970.0,29420.0
2000-04-07,14660.0,16796.0,14660.0,16699.0,44178.0
2000-04-10,19077.0,19199.0,17961.0,19199.0,366327.0
2000-04-11,19199.0,19830.0,17087.0,17111.0,211168.0
2000-04-12,17233.0,17378.0,16529.0,17087.0,93793.0
2000-04-14,16116.0,18640.0,16019.0,18203.0,160084.0
2000-04-17,15776.0,18640.0,15776.0,16504.0,110428.0
2000-04-18,17475.0,17815.0,16504.0,17718.0,85197.0
2000-04-19,17038.0,18446.0,17038.0,18203.0,82884.0
2000-04-20,18009.0,19611.0,17961.0,18567.0,172325.0
2000-04-21,18446.0,18786.0,18009.0,18689.0,102017.0
2000-04-24,18786.0,19271.0,18373.0,18543.0,95103.0
2000-04-25,18543.0,18689.0,17572.0,17621.0,48253.0
2000-04-26,17961.0,17961.0,16262.0,16990.0,79952.0
2000-04-27,16262.0,17233.0,16019.0,16019.0,39667.0
2000-04-28,16043.0,16844.0,15873.0,16019.0,45958.0
2000-05-02,16067.0,16601.0,15533.0,16601.0,47165.0
2000-05-03,16165.0,17330.0,15776.0,16262.0,91000.0
2000-05-04,16019.0,16990.0,15582.0,16019.0,158012.0
2000-05-08,16189.0,16262.0,15776.0,15776.0,74139.0
2000-05-09,15679.0,15776.0,14902.0,15048.0,50317.0
2000-05-10,14684.0,15000.0,14271.0,14611.0,74611.0
2000-05-12,14563.0,14563.0,13398.0,13592.0,69244.0
2000-05-15,13883.0,14902.0,12961.0,14077.0,174605.0
2000-05-16,14174.0,15169.0,13786.0,15169.0,93925.0
2000-05-17,15266.0,15291.0,14077.0,14077.0,50210.0
2000-05-18,13349.0,14004.0,12621.0,13834.0,40996.0
2000-05-19,13592.0,14320.0,13349.0,14174.0,66043.0
2000-05-22,13592.0,14029.0,12257.0,13543.0,51825.0
2000-05-23,12864.0,14271.0,12864.0,13398.0,67497.0
2000-05-24,13640.0,15388.0,13446.0,15388.0,247222.0
2000-05-25,15436.0,17233.0,14563.0,16262.0,354983.0
2000-05-26,16019.0,16019.0,14126.0,16019.0,150734.0
2000-05-29,14563.0,16990.0,14563.0,16990.0,154751.0
2000-05-30,16990.0,17961.0,16747.0,17961.0,216293.0
2000-05-31,17961.0,18446.0,17500.0,17815.0,225722.0
2000-06-01,17961.0,19660.0,17475.0,19174.0,518343.0
2000-06-02,19393.0,19563.0,17766.0,17961.0,290525.0
2000-06-05,19174.0,20655.0,19174.0,20655.0,545491.0
2000-06-07,22815.0,23737.0,21844.0,23737.0,468441.0
2000-06-08,27281.0,27281.0,20873.0,23300.0,1572096.0
2000-06-09,19951.0,21844.0,19805.0,20388.0,638346.0
2000-06-12,20436.0,20582.0,19029.0,19563.0,377393.0
2000-06-13,17718.0,19344.0,17087.0,17087.0,274849.0
2000-06-14,17475.0,19635.0,17233.0,18932.0,406318.0
2000-06-15,18689.0,19417.0,16092.0,16504.0,255882.0
2000-06-16,16067.0,17475.0,16067.0,17087.0,197403.0
2000-06-19,16577.0,17354.0,16019.0,16019.0,136563.0
2000-06-20,16019.0,16990.0,15533.0,16990.0,110704.0
2000-06-21,17233.0,17669.0,16067.0,16650.0,142053.0
2000-06-22,16771.0,17427.0,16407.0,16796.0,68233.0
2000-06-23,16504.0,17572.0,16504.0,17378.0,140768.0
2000-06-26,17038.0,17621.0,16601.0,17087.0,94628.0
2000-06-27,17427.0,17718.0,16796.0,17621.0,137832.0
2000-06-28,17669.0,19271.0,17524.0,17621.0,341321.0
2000-06-29,17475.0,17718.0,16990.0,17475.0,130346.0
2000-06-30,17038.0,18398.0,17038.0,18325.0,147184.0
2000-07-03,18446.0,18446.0,17669.0,17961.0,62043.0
2000-07-04,18398.0,18737.0,17378.0,17524.0,122145.0
2000-07-05,17087.0,17572.0,16092.0,17087.0,119251.0
2000-07-06,17233.0,18203.0,16699.0,18155.0,221583.0
2000-07-07,18519.0,20582.0,18495.0,19174.0,734595.0
2000-07-10,20000.0,20000.0,18689.0,18834.0,382224.0
2000-07-11,19174.0,21359.0,19029.0,19223.0,753047.0
2000-07-12,19368.0,20194.0,18009.0,18689.0,294390.0
2000-07-13,18665.0,19344.0,18203.0,18665.0,159336.0
2000-07-14,18228.0,19660.0,18228.0,18349.0,243271.0
2000-07-18,17961.0,18179.0,16747.0,17354.0,109019.0
2000-07-19,16990.0,17572.0,16674.0,16941.0,158852.0
2000-07-20,17063.0,17378.0,16529.0,16650.0,94879.0
2000-07-21,17063.0,17184.0,16650.0,16771.0,90693.0
2000-07-24,16553.0,16553.0,14466.0,14757.0,87173.0
2000-07-25,14126.0,15533.0,13592.0,14975.0,192805.0
2000-07-26,14975.0,15412.0,14271.0,14975.0,73609.0
2000-07-27,15000.0,15194.0,14417.0,14417.0,54478.0
2000-07-28,14126.0,14417.0,13640.0,13883.0,45369.0
2000-07-31,13640.0,13737.0,13106.0,13495.0,45616.0
2000-08-01,13737.0,14805.0,13495.0,14466.0,96459.0
2000-08-02,14320.0,14854.0,13907.0,14635.0,52513.0
2000-08-03,14830.0,14878.0,14271.0,14344.0,52245.0
2000-08-04,14101.0,14538.0,13907.0,14514.0,58629.0
2000-08-07,14320.0,14417.0,13834.0,14077.0,23057.0
2000-08-08,14077.0,14417.0,13834.0,14077.0,24338.0
2000-08-09,14563.0,14805.0,14199.0,14417.0,40077.0
2000-08-10,14417.0,14466.0,13883.0,14271.0,40567.0
2000-08-11,14077.0,14733.0,14077.0,14733.0,47623.0
2000-08-14,15655.0,16432.0,15048.0,15388.0,78055.0
2000-08-16,14611.0,15436.0,14611.0,14854.0,67073.0
2000-08-17,14854.0,14854.0,14126.0,14271.0,64789.0
2000-08-18,14320.0,14514.0,14101.0,14126.0,37520.0
2000-08-21,14077.0,14417.0,13980.0,14320.0,46261.0
2000-08-22,14320.0,14563.0,14126.0,14563.0,35728.0
2000-08-23,14805.0,15048.0,14126.0,14296.0,111064.0
2000-08-24,14538.0,14538.0,13834.0,13980.0,43898.0
2000-08-25,14029.0,14223.0,13737.0,14029.0,41785.0
2000-08-28,13737.0,14199.0,13737.0,14150.0,64002.0
2000-08-29,14344.0,15048.0,14174.0,14538.0,128659.0
2000-08-30,14563.0,14854.0,14174.0,14199.0,50169.0
2000-08-31,14223.0,14296.0,13640.0,14174.0,48241.0
2000-09-01,13737.0,14029.0,13737.0,13786.0,44514.0
2000-09-04,13786.0,13786.0,13495.0,13665.0,36072.0
2000-09-05,13689.0,13810.0,13543.0,13689.0,18259.0
2000-09-06,13470.0,13640.0,13470.0,13495.0,26872.0
2000-09-07,13689.0,13956.0,13373.0,13592.0,52377.0
2000-09-08,13592.0,13689.0,13300.0,13349.0,24398.0
2000-09-14,13106.0,13155.0,12791.0,13082.0,74854.0
2000-09-15,13106.0,13592.0,12864.0,12864.0,71257.0
2000-09-18,12669.0,12669.0,10946.0,11262.0,46523.0
2000-09-19,11067.0,11262.0,10679.0,10703.0,56507.0
2000-09-20,10728.0,11407.0,10679.0,10679.0,100593.0
2000-09-21,10776.0,11019.0,10266.0,10485.0,58063.0
2000-09-22,10315.0,10315.0,9514.0,9514.0,66457.0
2000-09-25,9296.0,10169.0,9296.0,9951.0,73066.0
2000-09-26,10048.0,10048.0,9563.0,9660.0,61204.0
2000-09-27,9563.0,9951.0,9563.0,9757.0,88825.0
2000-09-28,9951.0,10000.0,9660.0,9684.0,91713.0
2000-09-29,9757.0,9805.0,9660.0,9660.0,60104.0
2000-10-02,9538.0,9538.0,9296.0,9368.0,60625.0
2000-10-04,9247.0,9805.0,9223.0,9538.0,232802.0
2000-10-05,9635.0,10194.0,9538.0,10194.0,209880.0
2000-10-06,10194.0,10242.0,9708.0,9830.0,103885.0
2000-10-09,9733.0,9878.0,9466.0,9466.0,143983.0
2000-10-10,9514.0,9878.0,9344.0,9441.0,162163.0
2000-10-11,10194.0,10582.0,9368.0,9611.0,368191.0
2000-10-12,9271.0,9466.0,8907.0,9053.0,152687.0
2000-10-13,8713.0,8713.0,8009.0,8228.0,140232.0
2000-10-16,8616.0,8883.0,8398.0,8495.0,114276.0
2000-10-17,8155.0,8349.0,7524.0,7548.0,79903.0
2000-10-18,7524.0,8203.0,7111.0,7645.0,142133.0
2000-10-19,7427.0,7694.0,7305.0,7427.0,57226.0
2000-10-20,7669.0,7766.0,7524.0,7669.0,67841.0
2000-10-23,7718.0,7912.0,7378.0,7402.0,36766.0
2000-10-24,7330.0,7500.0,7281.0,7378.0,38680.0
2000-10-25,7427.0,7621.0,7354.0,7402.0,46945.0
2000-10-26,7281.0,7427.0,7135.0,7257.0,32381.0
2000-10-27,7305.0,7378.0,7208.0,7208.0,25966.0
2000-10-30,7160.0,7330.0,7135.0,7160.0,44362.0
2000-10-31,7208.0,7402.0,6917.0,7402.0,53100.0
2000-11-01,7572.0,8009.0,7330.0,7766.0,102089.0
2000-11-02,7961.0,8932.0,7912.0,8932.0,88015.0
2000-11-03,8932.0,9514.0,8592.0,8834.0,174743.0
2000-11-06,8495.0,9101.0,8446.0,8737.0,97347.0
2000-11-07,8495.0,8640.0,8058.0,8252.0,54845.0
2000-11-08,8033.0,8349.0,8033.0,8033.0,36814.0
2000-11-09,7839.0,8106.0,7791.0,8106.0,28530.0
2000-11-10,8082.0,8252.0,7912.0,8252.0,24378.0
2000-11-13,8155.0,8155.0,7839.0,7839.0,25867.0
2000-11-14,7936.0,8349.0,7936.0,8179.0,40511.0
2000-11-15,8470.0,8495.0,8058.0,8058.0,36921.0
2000-11-16,8106.0,8155.0,7961.0,8058.0,37481.0
2000-11-17,8106.0,8203.0,7961.0,8179.0,30543.0
2000-11-20,8131.0,8252.0,8009.0,8106.0,20124.0
2000-11-21,8106.0,8106.0,7718.0,7791.0,27770.0
2000-11-22,7864.0,7912.0,7645.0,7669.0,33458.0
2000-11-23,7669.0,7912.0,7548.0,7572.0,26023.0
2000-11-24,7718.0,7766.0,7451.0,7597.0,19602.0
2000-11-27,7742.0,8155.0,7621.0,7912.0,43301.0
2000-11-28,8009.0,8155.0,7912.0,7961.0,44541.0
2000-11-29,8106.0,8106.0,7791.0,7912.0,24849.0
2000-11-30,7961.0,7961.0,7621.0,7839.0,25356.0
2000-12-01,7766.0,7815.0,7645.0,7742.0,17108.0
2000-12-04,7669.0,7864.0,7500.0,7500.0,17250.0
2000-12-05,7427.0,7694.0,7427.0,7694.0,12625.0
2000-12-06,7791.0,7961.0,7742.0,7791.0,37506.0
2000-12-07,7718.0,7815.0,7572.0,7572.0,17569.0
2000-12-08,7621.0,8155.0,7621.0,7888.0,55063.0
2000-12-11,8009.0,8009.0,7815.0,7815.0,36892.0
2000-12-12,7839.0,7961.0,7766.0,7864.0,43428.0
2000-12-13,7912.0,8058.0,7815.0,8058.0,45124.0
2000-12-14,8106.0,8349.0,7961.0,8252.0,48988.0
2000-12-15,8228.0,8446.0,8131.0,8276.0,42048.0
2000-12-18,8252.0,8834.0,8179.0,8543.0,56145.0
2000-12-19,8543.0,8543.0,8009.0,8155.0,42417.0
2000-12-20,7839.0,8106.0,7621.0,7766.0,40592.0
2000-12-21,7330.0,7645.0,7330.0,7572.0,25900.0
2000-12-22,7378.0,7815.0,7378.0,7718.0,33361.0
2000-12-26,7912.0,8495.0,7791.0,8470.0,55129.0
2001-01-02,8834.0,9733.0,8786.0,9733.0,199908.0
2001-01-03,9660.0,10679.0,8980.0,9223.0,352575.0
2001-01-04,10048.0,10606.0,9514.0,10606.0,363173.0
2001-01-05,10582.0,12184.0,10242.0,12184.0,537575.0
2001-01-08,12184.0,12766.0,10946.0,11650.0,321265.0
2001-01-09,11407.0,11844.0,10679.0,11553.0,229401.0
2001-01-10,11553.0,12330.0,10242.0,10242.0,370649.0
2001-01-11,10679.0,11504.0,10000.0,11504.0,216928.0
2001-01-12,11723.0,13058.0,10752.0,10898.0,554914.0
2001-01-15,11165.0,11359.0,10291.0,10752.0,221511.0
2001-01-16,10776.0,11140.0,10533.0,10752.0,189293.0
2001-01-17,10606.0,11359.0,10048.0,10388.0,197403.0
2001-01-18,10388.0,10582.0,10145.0,10145.0,131032.0
2001-01-19,10533.0,10679.0,10121.0,10194.0,118773.0
2001-01-22,10728.0,11723.0,10679.0,11723.0,196775.0
2001-01-26,13349.0,13470.0,11917.0,12087.0,646563.0
2001-01-29,12402.0,13883.0,11771.0,13883.0,800112.0
2001-01-30,14077.0,14368.0,11917.0,12135.0,693430.0
2001-01-31,12233.0,12791.0,11310.0,12718.0,292074.0
2001-02-01,12087.0,12645.0,11893.0,11893.0,180569.0
2001-02-02,12135.0,12281.0,11359.0,11407.0,173816.0
2001-02-05,10266.0,10825.0,10097.0,10218.0,140586.0
2001-02-06,10194.0,10849.0,10194.0,10558.0,155291.0
2001-02-07,10800.0,11067.0,10266.0,10364.0,184965.0
2001-02-08,10339.0,10679.0,10339.0,10582.0,75766.0
2001-02-09,10582.0,11359.0,10485.0,10873.0,141773.0
2001-02-12,10849.0,11067.0,10582.0,10752.0,72176.0
2001-02-13,11116.0,11165.0,10728.0,10825.0,87714.0
2001-02-14,10873.0,11844.0,10873.0,11456.0,215646.0
2001-02-15,11456.0,11456.0,10995.0,11067.0,102820.0
2001-02-16,11092.0,11601.0,10970.0,11116.0,116917.0
2001-02-19,10873.0,11165.0,10679.0,10849.0,85022.0
2001-02-20,10849.0,11650.0,10703.0,11504.0,150598.0
2001-02-21,11213.0,11601.0,11067.0,11213.0,103137.0
2001-02-22,11165.0,11553.0,11019.0,11383.0,132874.0
2001-02-23,11553.0,11771.0,11213.0,11213.0,107624.0
2001-02-26,11456.0,11456.0,11043.0,11262.0,100705.0
2001-02-27,11262.0,11480.0,10922.0,10970.0,69148.0
2001-02-28,10825.0,11067.0,10703.0,10703.0,66099.0
2001-03-02,10485.0,10582.0,9781.0,10048.0,61979.0
2001-03-05,9781.0,9951.0,9344.0,9951.0,51098.0
2001-03-06,10315.0,10436.0,9854.0,9854.0,64033.0
2001-03-07,9927.0,10097.0,9757.0,9975.0,59430.0
2001-03-08,10000.0,10194.0,9854.0,10145.0,73286.0
2001-03-09,9951.0,10000.0,9830.0,9902.0,44660.0
2001-03-12,9708.0,9878.0,9563.0,9587.0,47410.0
2001-03-13,9223.0,9223.0,8543.0,8640.0,40979.0
2001-03-14,8980.0,9174.0,8907.0,9126.0,55760.0
2001-03-15,8300.0,9029.0,8300.0,8980.0,43989.0
2001-03-16,9223.0,9344.0,9077.0,9077.0,46063.0
2001-03-19,8883.0,9223.0,8883.0,9029.0,32352.0
2001-03-20,9393.0,9393.0,8883.0,8883.0,29379.0
2001-03-21,8640.0,8932.0,8592.0,8859.0,31499.0
2001-03-22,8495.0,9077.0,8495.0,8713.0,51710.0
2001-03-23,8932.0,8932.0,8689.0,8713.0,28388.0
2001-03-26,8834.0,9781.0,8834.0,9417.0,125997.0
2001-03-27,9271.0,9320.0,8834.0,8907.0,52948.0
2001-03-28,8980.0,9126.0,8713.0,8713.0,34185.0
2001-03-29,8640.0,9077.0,8640.0,8762.0,50296.0
2001-03-30,8762.0,8859.0,8495.0,8859.0,34152.0
2001-04-02,8980.0,8980.0,8640.0,8737.0,21601.0
2001-04-03,8592.0,8640.0,8398.0,8543.0,18589.0
2001-04-04,8398.0,8834.0,8325.0,8495.0,32900.0
2001-04-06,8762.0,8883.0,8616.0,8689.0,43290.0
2001-04-09,8689.0,8689.0,8398.0,8398.0,10864.0
2001-04-10,8422.0,8495.0,8325.0,8398.0,14440.0
2001-04-11,8519.0,8543.0,8373.0,8398.0,25671.0
2001-04-12,8495.0,8592.0,8422.0,8495.0,22054.0
2001-04-13,8592.0,9126.0,8495.0,8834.0,48550.0
2001-04-16,8980.0,9004.0,8737.0,8737.0,36925.0
2001-04-17,8786.0,9053.0,8737.0,8932.0,48826.0
2001-04-18,9174.0,9271.0,8980.0,9247.0,66505.0
2001-04-19,10194.0,10194.0,9271.0,9296.0,131390.0
2001-04-20,9514.0,9708.0,9320.0,9368.0,70598.0
2001-04-23,9466.0,9538.0,9247.0,9271.0,36843.0
2001-04-24,9004.0,9199.0,8980.0,9029.0,37790.0
2001-04-25,9029.0,9199.0,8980.0,9029.0,25583.0
2001-04-26,9320.0,9320.0,8907.0,8932.0,30904.0
2001-04-27,9126.0,9320.0,9029.0,9053.0,44438.0
2001-04-30,9199.0,9538.0,9174.0,9344.0,47390.0
2001-05-02,9611.0,9611.0,9271.0,9368.0,38145.0
2001-05-03,9223.0,9611.0,9174.0,9611.0,61468.0
2001-05-04,9611.0,10242.0,9368.0,9830.0,190220.0
2001-05-07,9854.0,10169.0,9708.0,10169.0,72930.0
2001-05-08,10194.0,10558.0,9975.0,10097.0,71508.0
2001-05-09,10097.0,10097.0,9563.0,9563.0,54153.0
2001-05-10,9611.0,9854.0,9563.0,9708.0,32531.0
2001-05-11,9708.0,9902.0,9611.0,9854.0,45680.0
2001-05-14,9951.0,9951.0,9757.0,9927.0,39372.0
2001-05-15,9951.0,9951.0,9805.0,9830.0,27482.0
2001-05-16,9902.0,9902.0,9635.0,9635.0,39385.0
2001-05-17,9757.0,9951.0,9733.0,9830.0,44576.0
2001-05-18,9951.0,10533.0,9854.0,10412.0,144758.0
2001-05-21,11650.0,11966.0,11286.0,11966.0,163034.0
2001-05-22,12500.0,12524.0,11650.0,11917.0,420460.0
2001-05-23,13495.0,13689.0,12864.0,13689.0,555402.0
2001-05-24,13689.0,14805.0,13228.0,14611.0,985017.0
2001-05-25,14708.0,14708.0,13713.0,14223.0,257967.0
2001-05-28,13762.0,13932.0,12912.0,12912.0,170217.0
2001-05-29,12621.0,13300.0,12621.0,13009.0,176719.0
2001-05-30,13009.0,13228.0,12815.0,13106.0,80892.0
2001-05-31,12621.0,12839.0,12184.0,12621.0,100783.0
2001-06-01,12669.0,13592.0,12233.0,13203.0,177501.0
2001-06-04,13203.0,13883.0,13203.0,13713.0,166435.0
2001-06-05,13883.0,13956.0,12378.0,12378.0,129291.0
2001-06-07,12524.0,13373.0,12475.0,12961.0,191629.0
2001-06-08,13106.0,13252.0,12718.0,13252.0,105680.0
2001-06-11,13131.0,13980.0,13106.0,13252.0,130362.0
2001-06-12,12888.0,13252.0,12815.0,12985.0,97386.0
2001-06-13,12888.0,13203.0,12766.0,13106.0,60316.0
2001-06-14,13373.0,14150.0,13276.0,13883.0,226527.0
2001-06-15,13592.0,13737.0,13325.0,13640.0,69671.0
2001-06-18,13932.0,14174.0,13640.0,13689.0,133914.0
2001-06-19,13203.0,14708.0,13203.0,13640.0,379231.0
2001-06-20,13737.0,13737.0,12621.0,13033.0,144774.0
2001-06-21,13300.0,13373.0,12621.0,12912.0,94782.0
2001-06-22,12766.0,13495.0,12766.0,12961.0,148602.0
2001-06-25,13033.0,13567.0,13033.0,13203.0,80929.0
2001-06-26,13252.0,13422.0,12864.0,13009.0,57661.0
2001-06-27,12718.0,13252.0,12718.0,12839.0,57434.0
2001-06-28,12839.0,12961.0,12669.0,12766.0,45015.0
2001-06-29,12864.0,13131.0,12766.0,12864.0,45344.0
2001-07-02,12864.0,13446.0,12864.0,13009.0,107225.0
2001-07-03,13155.0,13203.0,12669.0,12694.0,37308.0
2001-07-04,12694.0,12718.0,12378.0,12621.0,37098.0
2001-07-05,12621.0,12864.0,12524.0,12572.0,22769.0
2001-07-06,12305.0,12451.0,11990.0,12038.0,31944.0
2001-07-09,11699.0,11796.0,10436.0,10995.0,46189.0
2001-07-10,11359.0,11359.0,10922.0,11092.0,33666.0
2001-07-11,10849.0,10922.0,10485.0,10582.0,32014.0
2001-07-12,10825.0,11092.0,10825.0,11092.0,29359.0
2001-07-13,11116.0,11310.0,10558.0,10582.0,25879.0
2001-07-16,10922.0,11747.0,10873.0,11165.0,66515.0
2001-07-18,11407.0,11504.0,10922.0,11019.0,23525.0
2001-07-19,11019.0,11019.0,10461.0,10849.0,20795.0
2001-07-20,10825.0,10946.0,10679.0,10728.0,10433.0
2001-07-23,10679.0,10873.0,10121.0,10194.0,91237.0
2001-07-24,9951.0,10873.0,9708.0,10606.0,54507.0
2001-07-25,10412.0,10752.0,10218.0,10412.0,24069.0
2001-07-26,10679.0,10800.0,10485.0,10485.0,21471.0
2001-07-27,10679.0,10825.0,10582.0,10825.0,28145.0
2001-07-30,10728.0,10825.0,10485.0,10485.0,20311.0
2001-07-31,10339.0,11067.0,10339.0,10922.0,32624.0
2001-08-01,11019.0,11407.0,10970.0,11359.0,32957.0
2001-08-02,11359.0,11747.0,11019.0,11310.0,56901.0
2001-08-03,11213.0,11796.0,11213.0,11262.0,62191.0
2001-08-06,11262.0,12038.0,11262.0,11699.0,85663.0
2001-08-07,11893.0,12766.0,11699.0,12330.0,170114.0
2001-08-08,12621.0,13009.0,12330.0,12378.0,117057.0
2001-08-09,12135.0,12233.0,11699.0,11699.0,60988.0
2001-08-10,11699.0,12038.0,11699.0,11893.0,99213.0
2001-08-13,12961.0,13665.0,12427.0,13665.0,348916.0
2001-08-14,13980.0,15339.0,13349.0,14126.0,784845.0
2001-08-16,14126.0,16019.0,14126.0,16019.0,756089.0
2001-08-17,16213.0,16844.0,14951.0,15533.0,1117967.0
2001-08-20,15048.0,16116.0,14077.0,14368.0,592960.0
2001-08-21,15048.0,16504.0,13737.0,16504.0,411995.0
2001-08-22,15970.0,18665.0,15800.0,16310.0,1857612.0
2001-08-23,16165.0,16844.0,15339.0,15364.0,553322.0
2001-08-24,15339.0,16310.0,14587.0,15776.0,438100.0
2001-08-27,16067.0,17669.0,15291.0,15533.0,765217.0
2001-08-28,15776.0,16262.0,15339.0,15825.0,229315.0
2001-08-29,15485.0,16067.0,13616.0,14174.0,377900.0
2001-08-30,13737.0,16092.0,13592.0,15849.0,772256.0
2001-08-31,15242.0,15995.0,14466.0,14805.0,805208.0
2001-09-03,15291.0,15582.0,14417.0,14563.0,430504.0
2001-09-04,14611.0,15218.0,14611.0,15048.0,284378.0
2001-09-05,14854.0,16165.0,14854.0,15776.0,752575.0
2001-09-06,16067.0,16699.0,15436.0,16262.0,855614.0
2001-09-07,15995.0,17572.0,15728.0,15825.0,943319.0
2001-09-10,15825.0,16359.0,15679.0,16116.0,298887.0
2001-09-11,16262.0,16383.0,14635.0,15048.0,243279.0
2001-09-12,12791.0,12791.0,12791.0,12791.0,66296.0
2001-09-13,12548.0,14271.0,12524.0,13810.0,668805.0
2001-09-14,13883.0,14271.0,11796.0,12597.0,438849.0
2001-09-17,12864.0,13252.0,11407.0,11601.0,261039.0
2001-09-18,12281.0,13325.0,12184.0,13325.0,479798.0
2001-09-19,13446.0,14684.0,13325.0,13543.0,625947.0
2001-09-20,13689.0,15291.0,13009.0,13932.0,857769.0
2001-09-21,13932.0,14466.0,13349.0,13567.0,374145.0
2001-09-24,13689.0,14563.0,13592.0,14417.0,477773.0
2001-09-25,14660.0,14951.0,12912.0,13203.0,384284.0
2001-09-26,13446.0,14126.0,13276.0,13810.0,325568.0
2001-09-27,13786.0,15388.0,13640.0,14708.0,918912.0
2001-09-28,14830.0,15145.0,14271.0,14563.0,325741.0
2001-10-04,15291.0,15631.0,14805.0,15097.0,485684.0
2001-10-05,14805.0,15339.0,14417.0,14611.0,280932.0
2001-10-08,14466.0,14757.0,13980.0,14199.0,188761.0
2001-10-09,14368.0,14514.0,14247.0,14393.0,146288.0
2001-10-10,14320.0,14830.0,14029.0,14101.0,148239.0
2001-10-11,14344.0,14514.0,14077.0,14247.0,126836.0
2001-10-12,14417.0,14975.0,14174.0,14805.0,330403.0
2001-10-15,14805.0,14975.0,14563.0,14587.0,103222.0
2001-10-16,14951.0,15194.0,14757.0,14927.0,182159.0
2001-10-17,15194.0,15849.0,15194.0,15339.0,393723.0
2001-10-18,15072.0,16189.0,14951.0,15436.0,494653.0
2001-10-19,16116.0,16699.0,15703.0,16262.0,504912.0
2001-10-22,16359.0,16432.0,15898.0,15970.0,153663.0
2001-10-23,16165.0,16310.0,15388.0,15533.0,173835.0
2001-10-24,15388.0,15655.0,15194.0,15339.0,108469.0
2001-10-25,15533.0,15752.0,15242.0,15388.0,121511.0
2001-10-26,15388.0,15558.0,15024.0,15436.0,105253.0
2001-10-29,15291.0,15533.0,14757.0,14902.0,88738.0
2001-10-30,14563.0,15242.0,14490.0,14563.0,124434.0
2001-10-31,14490.0,14878.0,14466.0,14611.0,63505.0
2001-11-01,14611.0,14781.0,14466.0,14660.0,61307.0
2001-11-02,14975.0,15121.0,14708.0,14951.0,85005.0
2001-11-05,15048.0,15339.0,14951.0,15339.0,79188.0
2001-11-06,15631.0,15825.0,15461.0,15461.0,150248.0
2001-11-07,15533.0,15631.0,14854.0,14902.0,72530.0
2001-11-08,14902.0,15145.0,14854.0,15048.0,94889.0
2001-11-09,15097.0,15266.0,14902.0,14975.0,59919.0
2001-11-12,15097.0,15509.0,14902.0,15461.0,147903.0
2001-11-13,15485.0,15679.0,15024.0,15242.0,102262.0
2001-11-14,15436.0,17087.0,15242.0,16407.0,540562.0
2001-11-15,16650.0,16650.0,15703.0,15800.0,228659.0
2001-11-16,16019.0,16844.0,15800.0,16262.0,389894.0
2001-11-19,16577.0,16990.0,16359.0,16359.0,246812.0
2001-11-20,17087.0,17645.0,16407.0,16601.0,574470.0
2001-11-21,16601.0,16966.0,16067.0,16213.0,179252.0
2001-11-22,16067.0,16359.0,15679.0,16213.0,116476.0
2001-11-23,16262.0,16868.0,16092.0,16504.0,214501.0
2001-11-26,17451.0,18980.0,17038.0,18980.0,620057.0
2001-11-27,20145.0,21165.0,18980.0,20024.0,915554.0
2001-11-28,19757.0,20242.0,18689.0,18834.0,424561.0
2001-11-29,18834.0,20873.0,18300.0,20873.0,384002.0
2001-11-30,21796.0,22621.0,20606.0,21116.0,667687.0
2001-12-03,21116.0,21504.0,20291.0,21456.0,266263.0
2001-12-04,21359.0,22281.0,20825.0,20922.0,358604.0
2001-12-05,21165.0,21407.0,20485.0,20946.0,266759.0
2001-12-06,21796.0,22572.0,20825.0,20946.0,520292.0
2001-12-07,20922.0,21286.0,20533.0,20800.0,152495.0
2001-12-10,20145.0,20995.0,19393.0,19660.0,198334.0
2001-12-11,19174.0,19951.0,18956.0,19660.0,128247.0
2001-12-12,19902.0,19902.0,19223.0,19223.0,109046.0
2001-12-13,18932.0,19393.0,18543.0,18932.0,116989.0
2001-12-14,18932.0,19878.0,18834.0,19417.0,124809.0
2001-12-17,19660.0,20000.0,18689.0,18932.0,150880.0
2001-12-18,18956.0,19029.0,17330.0,17475.0,104891.0
2001-12-19,17718.0,17961.0,16747.0,17135.0,92448.0
2001-12-20,17184.0,18543.0,17184.0,18203.0,139000.0
2001-12-21,17961.0,18155.0,17475.0,17718.0,79417.0
2001-12-24,17766.0,18422.0,17766.0,18349.0,84087.0
2001-12-26,19174.0,19174.0,18349.0,18932.0,84093.0
2001-12-27,18446.0,18907.0,18082.0,18689.0,86497.0
2001-12-28,18834.0,19417.0,18543.0,19271.0,145499.0
2002-01-02,19174.0,19684.0,18834.0,19514.0,122452.0
2002-01-03,19417.0,19951.0,18932.0,18932.0,142710.0
2002-01-04,18932.0,19320.0,18665.0,18786.0,130494.0
2002-01-07,19223.0,19757.0,19174.0,19466.0,204635.0
2002-01-08,19660.0,21359.0,19490.0,20048.0,496832.0
2002-01-09,20048.0,20485.0,19417.0,20388.0,223156.0
2002-01-10,20388.0,22038.0,20048.0,20679.0,442102.0
2002-01-11,21359.0,21626.0,19660.0,20145.0,211976.0
2002-01-14,19878.0,20145.0,19441.0,19708.0,100969.0
2002-01-15,19514.0,20097.0,18980.0,19029.0,107659.0
2002-01-16,19126.0,19417.0,18446.0,18446.0,63546.0
2002-01-17,18009.0,18592.0,17912.0,18592.0,83938.0
2002-01-18,18834.0,19004.0,18228.0,18349.0,79066.0
2002-01-21,18203.0,19174.0,18203.0,18932.0,64779.0
2002-01-22,19320.0,19490.0,18640.0,18640.0,83537.0
2002-01-23,18640.0,19223.0,18446.0,18810.0,60673.0
2002-01-24,19223.0,20048.0,19223.0,19733.0,174833.0
2002-01-25,20145.0,20533.0,19902.0,20000.0,168680.0
2002-01-28,20582.0,20582.0,19708.0,19902.0,102015.0
2002-01-29,20097.0,20194.0,19611.0,19854.0,99277.0
2002-01-30,19174.0,19514.0,18810.0,18883.0,62124.0
2002-01-31,19174.0,19320.0,18592.0,18834.0,71677.0
2002-02-01,19029.0,19417.0,18203.0,18349.0,144904.0
2002-02-04,18689.0,18786.0,17524.0,17742.0,59960.0
2002-02-05,17184.0,17912.0,17184.0,17815.0,51265.0
2002-02-06,17718.0,18398.0,17669.0,17815.0,54192.0
2002-02-07,17475.0,17888.0,17160.0,17160.0,52191.0
2002-02-08,17184.0,17378.0,17038.0,17281.0,35574.0
2002-02-14,17572.0,17961.0,17572.0,17961.0,51019.0
2002-02-15,18349.0,19174.0,18203.0,18689.0,124619.0
2002-02-18,18834.0,18834.0,18300.0,18592.0,69263.0
2002-02-19,18932.0,18932.0,18349.0,18349.0,62698.0
2002-02-20,18252.0,18640.0,17961.0,18203.0,48171.0
2002-02-21,18349.0,18495.0,18033.0,18300.0,44630.0
2002-02-22,18009.0,18203.0,17766.0,18106.0,38083.0
2002-02-25,18106.0,18470.0,17839.0,17888.0,54491.0
2002-02-26,17961.0,18300.0,17912.0,18131.0,69123.0
2002-02-27,18203.0,20655.0,18203.0,20582.0,439617.0
2002-02-28,20339.0,20582.0,19417.0,19757.0,184992.0
2002-03-04,20533.0,20631.0,19757.0,19854.0,191979.0
2002-03-05,20048.0,20291.0,19611.0,19757.0,125250.0
2002-03-06,19466.0,20776.0,19466.0,19684.0,209604.0
2002-03-07,19660.0,19854.0,18907.0,18907.0,126063.0
2002-03-08,18592.0,19053.0,18592.0,18713.0,55747.0
2002-03-11,18810.0,18932.0,18446.0,18834.0,75693.0
2002-03-12,18932.0,19320.0,18616.0,19053.0,100931.0
2002-03-13,18810.0,19563.0,18810.0,19174.0,92771.0
2002-03-14,19417.0,19660.0,19199.0,19660.0,165578.0
2002-03-15,19660.0,20509.0,19563.0,20097.0,253738.0
2002-03-18,20922.0,21359.0,20485.0,20849.0,323929.0
2002-03-19,20946.0,21116.0,20194.0,20388.0,146364.0
2002-03-20,20194.0,20631.0,19708.0,19902.0,138040.0
2002-03-21,19902.0,20194.0,19805.0,19854.0,94996.0
2002-03-22,19854.0,20315.0,19563.0,20048.0,118372.0
2002-03-25,20291.0,21456.0,20218.0,20582.0,334037.0
2002-03-26,20388.0,20728.0,19660.0,19805.0,104854.0
2002-03-27,20339.0,20388.0,19805.0,19805.0,121175.0
2002-03-28,19902.0,20194.0,19417.0,19417.0,115724.0
2002-03-29,19417.0,19660.0,19029.0,19271.0,76057.0
2002-04-01,19563.0,19563.0,18349.0,18349.0,101268.0
2002-04-02,18349.0,18786.0,18349.0,18786.0,75890.0
2002-04-03,19150.0,19854.0,19029.0,19368.0,161468.0
2002-04-04,19174.0,19635.0,19174.0,19320.0,64735.0
2002-04-08,19733.0,20097.0,19368.0,19417.0,116872.0
2002-04-09,19199.0,19417.0,18737.0,18834.0,68437.0
2002-04-10,18834.0,18834.0,18203.0,18203.0,78115.0
2002-04-11,18203.0,18592.0,18155.0,18252.0,74080.0
2002-04-12,18106.0,18252.0,17864.0,18252.0,62277.0
2002-04-15,18252.0,18640.0,18203.0,18373.0,46655.0
2002-04-16,18470.0,18810.0,18373.0,18592.0,63188.0
2002-04-17,18932.0,18932.0,18495.0,18689.0,69790.0
2002-04-18,18689.0,18907.0,18373.0,18398.0,67119.0
2002-04-19,18543.0,18689.0,18276.0,18300.0,69603.0
2002-04-22,18300.0,18543.0,17718.0,17839.0,125384.0
2002-04-23,17839.0,17839.0,17135.0,17378.0,83036.0
2002-04-24,17281.0,17572.0,16504.0,16771.0,48974.0
2002-04-25,16529.0,16941.0,15970.0,16116.0,76561.0
2002-04-26,16262.0,16699.0,16019.0,16310.0,58155.0
2002-04-29,15922.0,16213.0,14902.0,14927.0,57815.0
2002-04-30,14927.0,15339.0,14684.0,14854.0,32222.0
2002-05-02,15339.0,15388.0,15000.0,15266.0,31713.0
2002-05-03,16116.0,16213.0,15631.0,15922.0,72390.0
2002-05-06,15873.0,16456.0,15533.0,15533.0,59987.0
2002-05-07,15533.0,15776.0,15339.0,15533.0,24880.0
2002-05-08,15558.0,15922.0,15558.0,15679.0,30152.0
2002-05-09,16067.0,16116.0,15679.0,15873.0,44156.0
2002-05-10,15873.0,16019.0,15339.0,15436.0,41675.0
2002-05-13,15097.0,15703.0,15097.0,15412.0,24475.0
2002-05-14,15558.0,15679.0,15315.0,15461.0,27204.0
2002-05-15,15461.0,15703.0,15461.0,15703.0,43928.0
2002-05-16,15679.0,15728.0,15048.0,15048.0,37147.0
2002-05-17,15436.0,16092.0,15194.0,15776.0,94136.0
2002-05-20,16262.0,16262.0,15679.0,15752.0,40070.0
2002-05-21,15825.0,15922.0,15194.0,15194.0,36894.0
2002-05-22,15218.0,16043.0,15145.0,15776.0,148325.0
2002-05-23,16019.0,16019.0,15242.0,15291.0,78273.0
2002-05-24,15533.0,15582.0,15242.0,15291.0,31315.0
2002-05-27,15436.0,15533.0,14854.0,15000.0,38898.0
2002-05-28,14854.0,15000.0,14466.0,14563.0,52594.0
2002-05-29,14563.0,14563.0,13859.0,14077.0,49336.0
2002-05-30,14004.0,14174.0,13737.0,13834.0,41597.0
2002-05-31,13592.0,13907.0,13179.0,13203.0,67059.0
2002-06-03,13373.0,13373.0,13058.0,13106.0,33549.0
2002-06-04,12961.0,13252.0,12718.0,13106.0,66972.0
2002-06-05,13179.0,13932.0,13155.0,13689.0,112020.0
2002-06-07,13543.0,13567.0,13252.0,13446.0,66531.0
2002-06-10,13470.0,13689.0,13470.0,13689.0,43692.0
2002-06-11,13689.0,14271.0,13616.0,13786.0,130496.0
2002-06-12,13786.0,13859.0,13543.0,13567.0,50838.0
2002-06-14,13689.0,13980.0,13567.0,13640.0,55127.0
2002-06-17,13495.0,13713.0,13422.0,13446.0,34134.0
2002-06-18,13665.0,13665.0,13349.0,13373.0,42532.0
2002-06-19,13422.0,13422.0,12572.0,12621.0,66214.0
2002-06-20,12160.0,12694.0,12160.0,12621.0,49827.0
2002-06-21,12378.0,12718.0,12305.0,12621.0,24221.0
2002-06-24,12378.0,12572.0,12233.0,12233.0,20391.0
2002-06-25,12233.0,12475.0,11941.0,12087.0,32809.0
2002-06-26,11893.0,11893.0,10922.0,11165.0,41772.0
2002-06-27,11262.0,11504.0,11116.0,11213.0,55801.0
2002-06-28,11407.0,12063.0,11334.0,11747.0,58568.0
2002-07-02,11407.0,11747.0,11262.0,11674.0,32321.0
2002-07-03,11553.0,12038.0,11432.0,11990.0,38112.0
2002-07-04,12281.0,12766.0,12135.0,12427.0,71836.0
2002-07-05,12669.0,12815.0,12330.0,12524.0,62599.0
2002-07-08,13009.0,13009.0,12305.0,12378.0,63950.0
2002-07-09,12475.0,12669.0,12354.0,12669.0,39096.0
2002-07-10,12427.0,12961.0,12427.0,12766.0,70029.0
2002-07-11,12669.0,12742.0,12451.0,12524.0,40110.0
2002-07-12,12669.0,12961.0,12669.0,12815.0,28524.0
2002-07-15,12766.0,12961.0,12669.0,12669.0,21662.0
2002-07-16,12669.0,12864.0,12378.0,12378.0,50730.0
2002-07-18,12475.0,12694.0,12281.0,12378.0,20402.0
2002-07-19,12135.0,12281.0,11893.0,12063.0,24575.0
2002-07-22,11650.0,11650.0,11189.0,11262.0,39959.0
2002-07-23,10970.0,11650.0,10849.0,11504.0,57446.0
2002-07-24,11286.0,11310.0,11043.0,11165.0,34846.0
2002-07-25,11650.0,11771.0,11262.0,11383.0,33357.0
2002-07-26,11213.0,11359.0,10970.0,11140.0,24633.0
2002-07-29,10970.0,11262.0,10970.0,11189.0,42961.0
2002-07-30,11456.0,12864.0,11310.0,12864.0,327608.0
2002-07-31,13106.0,13665.0,12378.0,12912.0,310895.0
2002-08-01,12912.0,13155.0,12524.0,12621.0,97615.0
2002-08-02,12572.0,13689.0,12257.0,13058.0,260753.0
2002-08-05,13252.0,14563.0,12718.0,12864.0,413366.0
2002-08-06,12815.0,13252.0,12184.0,12524.0,109350.0
2002-08-07,12718.0,12985.0,12475.0,12524.0,92524.0
2002-08-08,12766.0,13980.0,12766.0,13592.0,244497.0
2002-08-09,13834.0,13834.0,13276.0,13349.0,100142.0
2002-08-12,13519.0,14368.0,13446.0,14077.0,207516.0
2002-08-13,14077.0,14441.0,13834.0,14053.0,109377.0
2002-08-14,13834.0,14199.0,13300.0,13932.0,107698.0
2002-08-16,14174.0,14296.0,13495.0,13495.0,79641.0
2002-08-19,13446.0,13543.0,13228.0,13252.0,100740.0
2002-08-20,13349.0,13834.0,13300.0,13495.0,130054.0
2002-08-21,13737.0,14223.0,13689.0,13956.0,168429.0
2002-08-22,13956.0,14174.0,13762.0,13907.0,69640.0
2002-08-23,14029.0,14368.0,13786.0,14029.0,99900.0
2002-08-26,13956.0,14514.0,13956.0,14199.0,120093.0
2002-08-27,14320.0,14320.0,13786.0,13834.0,52420.0
2002-08-28,13859.0,14199.0,13786.0,13956.0,78874.0
2002-08-29,13689.0,14077.0,13689.0,13980.0,43558.0
2002-08-30,14126.0,15048.0,13883.0,14344.0,249274.0
2002-09-02,14805.0,15121.0,14320.0,14660.0,1259836.0
2002-09-03,14660.0,14805.0,14223.0,14320.0,203880.0
2002-09-04,14077.0,14514.0,13932.0,14271.0,214009.0
2002-09-05,14344.0,15339.0,14344.0,14563.0,614329.0
2002-09-06,14514.0,14805.0,13932.0,14029.0,167515.0
2002-09-09,14126.0,14150.0,12621.0,12621.0,178270.0
2002-09-10,12718.0,13252.0,12718.0,12961.0,74493.0
2002-09-11,13009.0,13203.0,12815.0,12888.0,59846.0
2002-09-12,12742.0,13422.0,12742.0,13228.0,97437.0
2002-09-13,13009.0,13058.0,12791.0,12815.0,61940.0
2002-09-16,12912.0,13155.0,12766.0,12864.0,72829.0
2002-09-17,13009.0,13495.0,12961.0,13495.0,73696.0
2002-09-18,13252.0,13349.0,12985.0,13106.0,46829.0
2002-09-19,13300.0,13300.0,12864.0,12864.0,33948.0
2002-09-23,12621.0,12815.0,12038.0,12038.0,85707.0
2002-09-24,11990.0,12233.0,11844.0,11893.0,63548.0
2002-09-25,11893.0,11893.0,11407.0,11504.0,50072.0
2002-09-26,11650.0,11966.0,11504.0,11601.0,48035.0
2002-09-27,11674.0,12330.0,11674.0,11941.0,140961.0
2002-09-30,11601.0,11771.0,11213.0,11383.0,48140.0
2002-10-01,11165.0,11650.0,11165.0,11626.0,41764.0
2002-10-02,11966.0,11966.0,11504.0,11504.0,49718.0
2002-10-04,11262.0,12014.0,11262.0,11553.0,55422.0
2002-10-07,11480.0,11480.0,11067.0,11189.0,56661.0
2002-10-08,11067.0,11456.0,11067.0,11359.0,68523.0
2002-10-09,11650.0,11796.0,11262.0,11334.0,79134.0
2002-10-10,11116.0,11213.0,10922.0,10970.0,66544.0
2002-10-11,11262.0,11359.0,10946.0,11067.0,49961.0
2002-10-14,11553.0,11577.0,11189.0,11456.0,57154.0
2002-10-15,11504.0,11796.0,11407.0,11650.0,62529.0
2002-10-16,11844.0,12087.0,11650.0,11650.0,62988.0
2002-10-17,11553.0,11820.0,11456.0,11747.0,63000.0
2002-10-18,12063.0,12475.0,11917.0,12184.0,218681.0
2002-10-21,12184.0,12233.0,11796.0,11844.0,80259.0
2002-10-22,12135.0,12184.0,11626.0,11699.0,62712.0
2002-10-23,11674.0,12257.0,11674.0,12135.0,113252.0
2002-10-24,12378.0,12402.0,11990.0,12038.0,54107.0
2002-10-25,11941.0,12087.0,11941.0,11966.0,26664.0
2002-10-28,12087.0,12451.0,12087.0,12451.0,72917.0
2002-10-29,12330.0,12669.0,12281.0,12281.0,70289.0
2002-10-30,12500.0,12500.0,12038.0,12087.0,48871.0
2002-10-31,12111.0,12233.0,11893.0,11941.0,30807.0
2002-11-01,11796.0,11990.0,11796.0,11868.0,24553.0
2002-11-04,11990.0,12135.0,11966.0,12063.0,35729.0
2002-11-05,12135.0,12135.0,11941.0,11990.0,30790.0
2002-11-06,12038.0,12160.0,11966.0,12111.0,37331.0
2002-11-07,12233.0,12475.0,12184.0,12233.0,78823.0
2002-11-08,12233.0,12451.0,12160.0,12354.0,45486.0
2002-11-11,12354.0,12451.0,12184.0,12208.0,45420.0
2002-11-12,12038.0,12184.0,12014.0,12087.0,27465.0
2002-11-13,12038.0,12184.0,11917.0,11990.0,27591.0
2002-11-14,11844.0,12111.0,11844.0,11941.0,28407.0
2002-11-15,12184.0,12184.0,11990.0,12063.0,28121.0
2002-11-18,12135.0,12766.0,12135.0,12621.0,121459.0
2002-11-19,12621.0,13058.0,12475.0,12985.0,123620.0
2002-11-20,13106.0,13131.0,12888.0,12961.0,64829.0
2002-11-21,13106.0,13203.0,12815.0,12912.0,77820.0
2002-11-22,13106.0,13106.0,12742.0,12864.0,69314.0
2002-11-25,12766.0,12985.0,12766.0,12936.0,37516.0
2002-11-26,12985.0,13543.0,12985.0,13446.0,178490.0
2002-11-27,13495.0,13616.0,13252.0,13373.0,85254.0
2002-11-28,13567.0,13616.0,13252.0,13349.0,88954.0
2002-11-29,13276.0,13495.0,13179.0,13398.0,47586.0
2002-12-02,13446.0,13519.0,13276.0,13349.0,49526.0
2002-12-03,13349.0,13737.0,13300.0,13665.0,154625.0
2002-12-04,13495.0,13543.0,13203.0,13228.0,74668.0
2002-12-05,13252.0,13519.0,13179.0,13422.0,55026.0
2002-12-06,13228.0,13422.0,13203.0,13373.0,45701.0
2002-12-09,13495.0,14004.0,13495.0,13592.0,197722.0
2002-12-10,13495.0,13543.0,13325.0,13446.0,47462.0
2002-12-11,13592.0,13616.0,13203.0,13228.0,67644.0
2002-12-12,13106.0,13422.0,13106.0,13325.0,48048.0
2002-12-13,13349.0,13373.0,13228.0,13325.0,37386.0
2002-12-16,13179.0,13300.0,13033.0,13058.0,51607.0
2002-12-17,13179.0,13228.0,12888.0,13009.0,100408.0
2002-12-18,12985.0,13203.0,12912.0,13106.0,93554.0
2002-12-20,13398.0,13567.0,13228.0,13276.0,114266.0
2002-12-23,13349.0,13446.0,12864.0,13058.0,87117.0
2002-12-24,13009.0,13300.0,12864.0,13106.0,107464.0
2002-12-26,13058.0,13373.0,13009.0,13349.0,165735.0
2002-12-27,11917.0,12475.0,11383.0,11383.0,97444.0
2002-12-30,11019.0,11116.0,10315.0,10339.0,76407.0
2003-01-02,10339.0,10728.0,10291.0,10533.0,77157.0
2003-01-03,10728.0,10922.0,10728.0,10825.0,64152.0
2003-01-06,11019.0,11019.0,10800.0,10922.0,30523.0
2003-01-07,11116.0,11213.0,10606.0,10606.0,45647.0
2003-01-08,10679.0,10922.0,10606.0,10679.0,48160.0
2003-01-09,10509.0,10582.0,10364.0,10485.0,40363.0
2003-01-10,10509.0,10655.0,9951.0,10121.0,52751.0
2003-01-13,9975.0,10315.0,9975.0,10266.0,28370.0
2003-01-14,10291.0,10339.0,10145.0,10315.0,30080.0
2003-01-15,10339.0,10655.0,10339.0,10388.0,43983.0
2003-01-16,10291.0,10485.0,10194.0,10242.0,18463.0
2003-01-17,10412.0,10412.0,10097.0,10097.0,28164.0
2003-01-20,9902.0,10048.0,9781.0,9927.0,36377.0
2003-01-21,9927.0,9975.0,9733.0,9781.0,33429.0
2003-01-22,9733.0,9757.0,9538.0,9587.0,36948.0
2003-01-23,9538.0,9660.0,9466.0,9514.0,28435.0
2003-01-24,9538.0,9611.0,9174.0,9223.0,19862.0
2003-01-27,8980.0,9004.0,8859.0,8883.0,17755.0
2003-01-28,8762.0,9004.0,8737.0,8980.0,24672.0
2003-01-29,9077.0,9174.0,8762.0,8834.0,30943.0
2003-01-30,8883.0,9101.0,8883.0,9101.0,22592.0
2003-02-03,9077.0,9271.0,8980.0,9223.0,16661.0
2003-02-04,9223.0,9441.0,9223.0,9368.0,25422.0
2003-02-05,9368.0,9393.0,9223.0,9368.0,16502.0
2003-02-06,9368.0,9466.0,9174.0,9174.0,19497.0
2003-02-07,9174.0,9174.0,8980.0,9053.0,14673.0
2003-02-10,8980.0,9053.0,8932.0,9004.0,14955.0
2003-02-11,8980.0,9126.0,8592.0,8859.0,24020.0
2003-02-12,8810.0,8907.0,8689.0,8859.0,13023.0
2003-02-13,8883.0,9514.0,8883.0,9126.0,86872.0
2003-02-14,9223.0,9271.0,9004.0,9174.0,21294.0
2003-02-17,9466.0,9757.0,9417.0,9757.0,66890.0
2003-02-18,9757.0,10388.0,9538.0,10000.0,89935.0
2003-02-19,10194.0,10194.0,9733.0,9781.0,49932.0
2003-02-20,9805.0,9927.0,9563.0,9830.0,35127.0
2003-02-21,9854.0,9951.0,9611.0,9708.0,16710.0
2003-02-24,9805.0,10169.0,9805.0,9902.0,52882.0
2003-02-25,9708.0,9805.0,9587.0,9587.0,25278.0
2003-02-26,10194.0,11019.0,9975.0,9975.0,160274.0
2003-02-27,9975.0,10388.0,9951.0,10024.0,92166.0
2003-02-28,10242.0,10291.0,9708.0,9805.0,42137.0
2003-03-03,9733.0,9902.0,9708.0,9733.0,37209.0
2003-03-04,9684.0,9708.0,9393.0,9466.0,29668.0
2003-03-05,9223.0,9320.0,9077.0,9126.0,31655.0
2003-03-06,9101.0,9271.0,8883.0,8980.0,42342.0
2003-03-07,8859.0,9077.0,8762.0,8786.0,26425.0
2003-03-10,8713.0,8786.0,8592.0,8689.0,36738.0
2003-03-11,8446.0,8616.0,8300.0,8398.0,42141.0
2003-03-12,8519.0,8810.0,8446.0,8592.0,32585.0
2003-03-13,8616.0,8810.0,8470.0,8592.0,36371.0
2003-03-14,9077.0,9126.0,8810.0,9053.0,34094.0
2003-03-17,8980.0,9077.0,8446.0,8592.0,38460.0
2003-03-18,8980.0,9223.0,8762.0,9174.0,70888.0
2003-03-19,9126.0,9805.0,9077.0,9660.0,151869.0
2003-03-20,10072.0,10315.0,9805.0,10097.0,176785.0
2003-03-21,10291.0,10291.0,9951.0,10145.0,69364.0
2003-03-24,10291.0,10582.0,10000.0,10339.0,123249.0
2003-03-25,9854.0,9975.0,9490.0,9611.0,87762.0
2003-03-26,9805.0,9902.0,9611.0,9708.0,43696.0
2003-03-27,9441.0,9708.0,9441.0,9538.0,24163.0
2003-03-28,9587.0,9660.0,9490.0,9660.0,20896.0
2003-03-31,9514.0,9660.0,9320.0,9344.0,14421.0
2003-04-01,9223.0,9781.0,9174.0,9781.0,33472.0
2003-04-02,9830.0,10339.0,9708.0,9902.0,95289.0
2003-04-03,10291.0,10388.0,9902.0,10048.0,50327.0
2003-04-04,9951.0,10509.0,9854.0,10461.0,110867.0
2003-04-07,10873.0,12014.0,10679.0,12014.0,361908.0
2003-04-08,11699.0,12888.0,11504.0,12087.0,620164.0
2003-04-09,11893.0,11990.0,10970.0,11140.0,150421.0
2003-04-10,11310.0,11383.0,10825.0,11043.0,84555.0
2003-04-11,10995.0,12063.0,10995.0,11456.0,174234.0
2003-04-14,11310.0,11577.0,11237.0,11359.0,84113.0
2003-04-15,11650.0,11674.0,11213.0,11237.0,66939.0
2003-04-16,11432.0,12427.0,11237.0,11893.0,283517.0
2003-04-17,11674.0,11820.0,11310.0,11407.0,110498.0
2003-04-18,11650.0,11747.0,11359.0,11553.0,54952.0
2003-04-21,11456.0,11601.0,11334.0,11359.0,61336.0
2003-04-22,11213.0,11747.0,11213.0,11432.0,87201.0
2003-04-23,11480.0,11699.0,11286.0,11310.0,73426.0
2003-04-24,11504.0,11504.0,11043.0,11092.0,38145.0
2003-04-25,10946.0,10946.0,10364.0,10388.0,118646.0
2003-04-28,10169.0,10825.0,10169.0,10752.0,41290.0
2003-04-29,10970.0,11165.0,10800.0,11067.0,26681.0
2003-04-30,11019.0,11165.0,10898.0,10898.0,19734.0
2003-05-02,11067.0,11092.0,10873.0,10922.0,28160.0
2003-05-06,11019.0,11359.0,10970.0,11067.0,23863.0
2003-05-07,11213.0,11262.0,11019.0,11165.0,27463.0
2003-05-09,11577.0,12063.0,11529.0,11626.0,191289.0
2003-05-12,11893.0,11990.0,11577.0,11796.0,64636.0
2003-05-13,11844.0,11844.0,11334.0,11383.0,61373.0
2003-05-14,11286.0,11504.0,11165.0,11456.0,34834.0
2003-05-15,11504.0,11504.0,11310.0,11432.0,37974.0
2003-05-16,11432.0,11504.0,11165.0,11262.0,31114.0
2003-05-19,11067.0,11262.0,11019.0,11019.0,53881.0
2003-05-20,11067.0,11237.0,10922.0,11237.0,15260.0
2003-05-21,11189.0,11456.0,10995.0,11407.0,41559.0
2003-05-22,11237.0,11480.0,11213.0,11262.0,20402.0
2003-05-23,11359.0,11456.0,11165.0,11237.0,32519.0
2003-05-26,11189.0,11359.0,11067.0,11140.0,32962.0
2003-05-27,11116.0,11771.0,10995.0,11310.0,93122.0
2003-05-28,11529.0,11529.0,11359.0,11432.0,33733.0
2003-05-29,11529.0,11747.0,11310.0,11626.0,65201.0
2003-05-30,11529.0,11747.0,11456.0,11456.0,35868.0
2003-06-02,11310.0,11699.0,11310.0,11577.0,74115.0
2003-06-03,11674.0,11771.0,11480.0,11553.0,39088.0
2003-06-04,11674.0,11674.0,11456.0,11456.0,40757.0
2003-06-05,11650.0,11650.0,11262.0,11359.0,35458.0
2003-06-09,11213.0,11286.0,11165.0,11213.0,25296.0
2003-06-10,11140.0,11262.0,11116.0,11165.0,18822.0
2003-06-11,11165.0,11334.0,11165.0,11237.0,21592.0
2003-06-12,11237.0,11407.0,11140.0,11237.0,31062.0
2003-06-13,11359.0,11359.0,11019.0,11213.0,32793.0
2003-06-16,11237.0,11286.0,11165.0,11189.0,25789.0
2003-06-17,11407.0,11650.0,11310.0,11650.0,80063.0
2003-06-18,11893.0,12208.0,11577.0,11820.0,127573.0
2003-06-19,11941.0,11941.0,11577.0,11674.0,40231.0
2003-06-20,11553.0,11699.0,11529.0,11553.0,23178.0
2003-06-23,11432.0,11601.0,11213.0,11432.0,36740.0
2003-06-24,11359.0,11359.0,11213.0,11310.0,17899.0
2003-06-25,11237.0,11407.0,11237.0,11262.0,16044.0
2003-06-26,11189.0,11310.0,11092.0,11140.0,20146.0
2003-06-27,11140.0,11310.0,11092.0,11165.0,15402.0
2003-06-30,11116.0,11310.0,11116.0,11116.0,15608.0
2003-07-01,11262.0,11262.0,10946.0,11165.0,30621.0
2003-07-02,11140.0,11310.0,11092.0,11310.0,33072.0
2003-07-03,11432.0,11432.0,11116.0,11189.0,51743.0
2003-07-04,11262.0,11262.0,11116.0,11165.0,18746.0
2003-07-07,11116.0,11359.0,11067.0,11359.0,31419.0
2003-07-08,11432.0,11480.0,11019.0,11310.0,53553.0
2003-07-09,11189.0,11286.0,11140.0,11165.0,21361.0
2003-07-10,11116.0,11699.0,11116.0,11456.0,92982.0
2003-07-11,11262.0,11456.0,11262.0,11310.0,15612.0
2003-07-14,11286.0,11359.0,11213.0,11310.0,17825.0
2003-07-15,11237.0,11529.0,11237.0,11310.0,20958.0
2003-07-16,11310.0,11432.0,11213.0,11383.0,24670.0
2003-07-18,11262.0,11383.0,11116.0,11262.0,35749.0
2003-07-21,11189.0,11456.0,11165.0,11359.0,31557.0
2003-07-22,11310.0,11310.0,11140.0,11213.0,22740.0
2003-07-23,11262.0,11407.0,11092.0,11237.0,31163.0
2003-07-24,11189.0,11407.0,11165.0,11310.0,33306.0
2003-07-25,11310.0,11650.0,11213.0,11310.0,25548.0
2003-07-28,11407.0,11504.0,11310.0,11334.0,21835.0
2003-07-29,11310.0,11650.0,11310.0,11480.0,24003.0
2003-07-30,11626.0,11626.0,11407.0,11407.0,19615.0
2003-07-31,11286.0,11456.0,11286.0,11310.0,7324.0
2003-08-01,11310.0,11456.0,11213.0,11359.0,13330.0
2003-08-04,11359.0,11359.0,11189.0,11262.0,20295.0
2003-08-05,11189.0,11383.0,11189.0,11237.0,10450.0
2003-08-06,11213.0,11456.0,11213.0,11237.0,13672.0
2003-08-07,11237.0,11334.0,11213.0,11334.0,8817.0
2003-08-08,11334.0,11966.0,11334.0,11504.0,47923.0
2003-08-11,11553.0,11699.0,11480.0,11626.0,28576.0
2003-08-12,11796.0,11796.0,11432.0,11432.0,19979.0
2003-08-13,11359.0,11553.0,11286.0,11553.0,18507.0
2003-08-14,11407.0,12038.0,11407.0,11990.0,82474.0
2003-08-18,12135.0,12475.0,11844.0,11893.0,78904.0
2003-08-19,12135.0,12135.0,11771.0,11796.0,36431.0
2003-08-20,11796.0,12621.0,11747.0,12087.0,122885.0
2003-08-21,12281.0,12572.0,11941.0,12354.0,96337.0
2003-08-22,12669.0,12669.0,12208.0,12208.0,39630.0
2003-08-25,12208.0,12427.0,12087.0,12087.0,30049.0
2003-08-26,12087.0,12257.0,11771.0,11771.0,41054.0
2003-08-27,11699.0,11990.0,11699.0,11844.0,18489.0
2003-08-28,11917.0,11990.0,11456.0,11553.0,40058.0
2003-08-29,11553.0,11699.0,11310.0,11504.0,17715.0
2003-09-01,11407.0,11650.0,11359.0,11456.0,12510.0
2003-09-02,11480.0,11771.0,11456.0,11699.0,15635.0
2003-09-03,11747.0,11893.0,11601.0,11601.0,18373.0
2003-09-04,11747.0,12233.0,11650.0,11868.0,41022.0
2003-09-05,12038.0,12087.0,11553.0,11601.0,19823.0
2003-09-08,11456.0,11553.0,11189.0,11213.0,23549.0
2003-09-09,11140.0,11262.0,11067.0,11237.0,22889.0
2003-09-15,11601.0,11650.0,11237.0,11262.0,27200.0
2003-09-16,11213.0,11456.0,11213.0,11359.0,14063.0
2003-09-17,11359.0,11407.0,11189.0,11213.0,20037.0
2003-09-18,11165.0,11213.0,11067.0,11140.0,18276.0
2003-09-19,11092.0,11310.0,11019.0,11067.0,28026.0
2003-09-22,10946.0,10946.0,10388.0,10558.0,17493.0
2003-09-23,10436.0,10582.0,10339.0,10461.0,8250.0
2003-09-24,10485.0,10558.0,10436.0,10533.0,8963.0
2003-09-25,10315.0,10412.0,10218.0,10242.0,10110.0
2003-09-26,10291.0,10461.0,10218.0,10218.0,6960.0
2003-09-29,10097.0,10194.0,10000.0,10145.0,11070.0
2003-09-30,10048.0,10339.0,10048.0,10218.0,8562.0
2003-10-01,10194.0,10388.0,10000.0,10242.0,10137.0
2003-10-02,10533.0,10533.0,10291.0,10485.0,8818.0
2003-10-06,10485.0,10776.0,10364.0,10582.0,12246.0
2003-10-07,10461.0,10558.0,10364.0,10436.0,8139.0
2003-10-08,10364.0,10364.0,10145.0,10194.0,16556.0
2003-10-09,10194.0,10364.0,10048.0,10194.0,11857.0
2003-10-10,10194.0,10436.0,10097.0,10291.0,10831.0
2003-10-13,10194.0,10291.0,10097.0,10194.0,11564.0
2003-10-14,10218.0,10339.0,10145.0,10145.0,14753.0
2003-10-15,10169.0,10315.0,10145.0,10194.0,9241.0
2003-10-16,10194.0,10364.0,10145.0,10194.0,10691.0
2003-10-17,10194.0,10315.0,10194.0,10218.0,9892.0
2003-10-20,10412.0,10509.0,10339.0,10436.0,18884.0
2003-10-21,10509.0,10509.0,10291.0,10388.0,8425.0
2003-10-22,10485.0,10485.0,10218.0,10242.0,10864.0
2003-10-23,10218.0,10291.0,10121.0,10145.0,11303.0
2003-10-24,10000.0,10194.0,9975.0,10194.0,9927.0
2003-10-27,10194.0,10218.0,10121.0,10169.0,3392.0
2003-10-28,10121.0,10291.0,10097.0,10145.0,7913.0
2003-10-29,10169.0,10339.0,10048.0,10072.0,16898.0
2003-10-30,10072.0,10169.0,10024.0,10048.0,10814.0
2003-10-31,10024.0,10169.0,9927.0,9975.0,20515.0
2003-11-03,9951.0,10194.0,9951.0,10097.0,10584.0
2003-11-04,10169.0,10436.0,10169.0,10194.0,22120.0
2003-11-05,10194.0,10339.0,10121.0,10339.0,8998.0
2003-11-06,10412.0,10485.0,10339.0,10339.0,11704.0
2003-11-07,10339.0,10509.0,10194.0,10436.0,13168.0
2003-11-10,10315.0,10461.0,10242.0,10364.0,12543.0
2003-11-11,10194.0,10412.0,10169.0,10388.0,17557.0
2003-11-12,10266.0,10461.0,10242.0,10266.0,7832.0
2003-11-13,10364.0,10509.0,10266.0,10509.0,23821.0
2003-11-14,10533.0,11262.0,10436.0,10946.0,72349.0
2003-11-17,10995.0,11116.0,10631.0,10679.0,24980.0
2003-11-18,10582.0,10849.0,10364.0,10485.0,12395.0
2003-11-19,10266.0,10364.0,10145.0,10242.0,15208.0
2003-11-20,10339.0,10339.0,10145.0,10218.0,14205.0
2003-11-21,10194.0,10242.0,10145.0,10169.0,8120.0
2003-11-24,10121.0,10194.0,9951.0,10048.0,12611.0
2003-11-25,10145.0,10218.0,10048.0,10072.0,6056.0
2003-11-26,10145.0,10194.0,10048.0,10121.0,18964.0
2003-11-27,10194.0,10194.0,9927.0,10000.0,15981.0
2003-11-28,9951.0,10097.0,9951.0,10024.0,18281.0
2003-12-01,10024.0,10242.0,10024.0,10097.0,20074.0
2003-12-02,10169.0,10169.0,10048.0,10097.0,13985.0
2003-12-03,10169.0,10169.0,10000.0,10048.0,9398.0
2003-12-04,10048.0,10145.0,10000.0,10024.0,13631.0
2003-12-05,10024.0,10121.0,9951.0,9951.0,16959.0
2003-12-08,9951.0,10048.0,9878.0,10000.0,9754.0
2003-12-09,9951.0,10121.0,9927.0,10000.0,5113.0
2003-12-10,9951.0,10024.0,9927.0,10000.0,17141.0
2003-12-11,10048.0,10048.0,9951.0,9975.0,4064.0
2003-12-12,10024.0,10266.0,10000.0,10169.0,18377.0
2003-12-15,10679.0,11019.0,10412.0,10485.0,62768.0
2003-12-16,10339.0,10388.0,10194.0,10218.0,13015.0
2003-12-17,10194.0,10364.0,10121.0,10194.0,16201.0
2003-12-18,10194.0,10388.0,10145.0,10339.0,21506.0
2003-12-19,10412.0,10412.0,10194.0,10242.0,28300.0
2003-12-22,10291.0,10339.0,10072.0,10072.0,6441.0
2003-12-23,10121.0,10194.0,10048.0,10048.0,10915.0
2003-12-24,10048.0,10388.0,10024.0,10097.0,22067.0
2003-12-26,10194.0,10315.0,10000.0,10097.0,28294.0
2003-12-29,9854.0,10097.0,9757.0,9854.0,9818.0
2003-12-30,9951.0,9975.0,9781.0,9878.0,17075.0
2004-01-02,9805.0,9951.0,9781.0,9781.0,10843.0
2004-01-05,9854.0,9902.0,9781.0,9878.0,11006.0
2004-01-06,9854.0,9951.0,9805.0,9854.0,15207.0
2004-01-07,9757.0,9830.0,9708.0,9757.0,17596.0
2004-01-08,9854.0,9854.0,9635.0,9635.0,18202.0
2004-01-09,9611.0,9805.0,9611.0,9660.0,26326.0
2004-01-12,9660.0,9805.0,9611.0,9708.0,16556.0
2004-01-13,9733.0,9781.0,9611.0,9660.0,18031.0
2004-01-14,9563.0,9805.0,9563.0,9611.0,13484.0
2004-01-15,9611.0,9660.0,9514.0,9538.0,12217.0
2004-01-16,9490.0,9660.0,9490.0,9587.0,17433.0
2004-01-19,9563.0,9878.0,9538.0,9538.0,42322.0
2004-01-20,9587.0,10097.0,9587.0,9854.0,45118.0
2004-01-26,9854.0,9854.0,9611.0,9708.0,10825.0
2004-01-27,9635.0,9757.0,9611.0,9611.0,5821.0
2004-01-28,9538.0,9708.0,9538.0,9587.0,6629.0
2004-01-29,9538.0,9660.0,9538.0,9635.0,5792.0
2004-01-30,9660.0,9660.0,9514.0,9611.0,12936.0
2004-02-02,9635.0,9708.0,9538.0,9538.0,7808.0
2004-02-03,9563.0,9563.0,9199.0,9538.0,44829.0
2004-02-04,9514.0,9635.0,9199.0,9271.0,47769.0
2004-02-05,9271.0,9417.0,9271.0,9368.0,15466.0
2004-02-06,9368.0,9441.0,9296.0,9320.0,10343.0
2004-02-09,9344.0,9417.0,9320.0,9393.0,11585.0
2004-02-10,9320.0,9417.0,9320.0,9368.0,9084.0
2004-02-11,9344.0,9417.0,9223.0,9296.0,16186.0
2004-02-12,9320.0,9320.0,9150.0,9247.0,9749.0
2004-02-13,9223.0,9320.0,9174.0,9271.0,9145.0
2004-02-16,9393.0,9611.0,9320.0,9441.0,36523.0
2004-02-17,9490.0,9514.0,9368.0,9393.0,11277.0
2004-02-18,9441.0,9441.0,9320.0,9417.0,14740.0
2004-02-19,9368.0,9514.0,9368.0,9393.0,12448.0
2004-02-20,9368.0,9563.0,9320.0,9538.0,14086.0
2004-02-23,9587.0,9733.0,9514.0,9733.0,19392.0
2004-02-24,9781.0,9975.0,9684.0,9854.0,78786.0
2004-02-25,9927.0,9927.0,9684.0,9757.0,19246.0
2004-02-26,9781.0,9902.0,9708.0,9805.0,26549.0
2004-02-27,9757.0,10072.0,9757.0,10072.0,25799.0
2004-03-02,11577.0,11577.0,11577.0,11577.0,33752.0
2004-03-03,13252.0,13300.0,12427.0,13300.0,938095.0
2004-03-04,13252.0,13495.0,12233.0,13009.0,493542.0
2004-03-05,12815.0,13131.0,12160.0,12233.0,262331.0
2004-03-08,12402.0,12718.0,11941.0,12427.0,239797.0
2004-03-09,12427.0,12500.0,11796.0,11820.0,136409.0
2004-03-10,11699.0,12135.0,11601.0,12087.0,138953.0
2004-03-11,11796.0,12257.0,11771.0,12160.0,110655.0
2004-03-12,11990.0,12087.0,11019.0,11529.0,146869.0
2004-03-15,11650.0,12233.0,11432.0,12233.0,137039.0
2004-03-16,12038.0,12597.0,12038.0,12330.0,103495.0
2004-03-17,12475.0,12500.0,12233.0,12475.0,66480.0
2004-03-18,12669.0,12864.0,12402.0,12621.0,79336.0
2004-03-19,12864.0,13252.0,12475.0,12475.0,173725.0
2004-03-22,12354.0,12402.0,11990.0,11990.0,72637.0
2004-03-23,11796.0,12087.0,11747.0,12014.0,52354.0
2004-03-24,11917.0,12063.0,11868.0,11868.0,32922.0
2004-03-25,11820.0,11990.0,11747.0,11820.0,24546.0
2004-03-26,11893.0,12135.0,11820.0,11941.0,48945.0
2004-03-29,11941.0,12257.0,11796.0,12184.0,23626.0
2004-03-30,12184.0,12281.0,12038.0,12087.0,18062.0
2004-03-31,12038.0,12135.0,11917.0,12111.0,27482.0
2004-04-01,11990.0,12135.0,11941.0,12038.0,20833.0
2004-04-02,12038.0,12257.0,11966.0,12087.0,27735.0
2004-04-06,12305.0,12524.0,12111.0,12354.0,88091.0
2004-04-07,12354.0,13398.0,12233.0,12864.0,171168.0
2004-04-08,13033.0,13082.0,12766.0,12985.0,49155.0
2004-04-09,12985.0,13349.0,12888.0,13155.0,65520.0
2004-04-12,13349.0,14757.0,13155.0,14126.0,219265.0
2004-04-13,14393.0,14563.0,13786.0,14417.0,99546.0
2004-04-14,14344.0,14878.0,14126.0,14563.0,133996.0
2004-04-16,14587.0,15898.0,14587.0,15873.0,278874.0
2004-04-19,15873.0,15873.0,14951.0,15606.0,181465.0
2004-04-20,15606.0,15776.0,15242.0,15679.0,95371.0
2004-04-21,15533.0,15898.0,15485.0,15558.0,118973.0
2004-04-22,15533.0,15728.0,15436.0,15436.0,135500.0
2004-04-23,15533.0,15533.0,14563.0,14684.0,220148.0
2004-04-26,14441.0,14466.0,14077.0,14271.0,85994.0
2004-04-27,14296.0,15145.0,14271.0,14854.0,77707.0
2004-04-28,14805.0,14805.0,14466.0,14490.0,32818.0
2004-04-29,14223.0,14393.0,13713.0,13883.0,43855.0
2004-04-30,13616.0,13980.0,13616.0,13883.0,22101.0
2004-05-03,14126.0,14271.0,14029.0,14174.0,35331.0
2004-05-04,13980.0,14296.0,13980.0,14126.0,31260.0
2004-05-06,13980.0,14150.0,13373.0,13495.0,82053.0
2004-05-07,13300.0,13349.0,13009.0,13349.0,32238.0
2004-05-10,13252.0,13252.0,12524.0,12621.0,76067.0
2004-05-11,12135.0,12669.0,11723.0,12451.0,31754.0
2004-05-12,12305.0,12815.0,12305.0,12500.0,11527.0
2004-05-13,12160.0,12791.0,12160.0,12427.0,16667.0
2004-05-14,12378.0,12815.0,12184.0,12669.0,50313.0
2004-05-17,12669.0,12864.0,11990.0,12354.0,33400.0
2004-05-18,12208.0,12645.0,12160.0,12500.0,38171.0
2004-05-19,12621.0,13106.0,12281.0,13106.0,27336.0
2004-05-20,12621.0,12864.0,12402.0,12402.0,55766.0
2004-05-21,12572.0,12864.0,12451.0,12621.0,14190.0
2004-05-24,12718.0,12888.0,12548.0,12548.0,6337.0
2004-05-25,12427.0,12621.0,12402.0,12572.0,5123.0
2004-05-27,12572.0,12742.0,12572.0,12718.0,12098.0
2004-05-28,12864.0,12864.0,12718.0,12815.0,9817.0
2004-05-31,12815.0,13131.0,12621.0,12864.0,5648.0
2004-06-01,12766.0,12961.0,12669.0,12815.0,8281.0
2004-06-02,12815.0,13033.0,12621.0,12936.0,16416.0
2004-06-03,12791.0,12985.0,12669.0,12864.0,81740.0
2004-06-04,12961.0,13009.0,12718.0,12864.0,8106.0
2004-06-07,12864.0,13009.0,12718.0,12791.0,9920.0
2004-06-08,12791.0,12912.0,12791.0,12815.0,13418.0
2004-06-09,12912.0,12912.0,12475.0,12475.0,10098.0
2004-06-10,12524.0,12621.0,12475.0,12621.0,12034.0
2004-06-11,12621.0,12669.0,12208.0,12597.0,185738.0
2004-06-14,12597.0,12718.0,12597.0,12597.0,103929.0
2004-06-15,12184.0,12597.0,12160.0,12160.0,48832.0
2004-06-16,12184.0,12354.0,12135.0,12354.0,8167.0
2004-06-17,12111.0,12354.0,11990.0,11990.0,933.0
2004-06-18,11747.0,12305.0,11723.0,11723.0,2430.0
2004-06-21,11723.0,11966.0,11189.0,11480.0,6363.0
2004-06-22,11189.0,11189.0,10776.0,10970.0,12068.0
2004-06-23,10728.0,11067.0,10728.0,10800.0,3961.0
2004-06-24,10776.0,11092.0,10776.0,10970.0,5463.0
2004-06-25,10800.0,11432.0,10800.0,11165.0,1794.0
2004-06-28,10970.0,11456.0,10970.0,11310.0,2031.0
2004-06-29,11092.0,11286.0,10970.0,11189.0,2255.0
2004-06-30,11213.0,11359.0,11165.0,11189.0,1926.0
2004-07-01,11650.0,11650.0,11092.0,11310.0,3337.0
2004-07-02,11165.0,11165.0,10922.0,10970.0,7991.0
2004-07-05,11116.0,11116.0,10849.0,10970.0,4091.0
2004-07-06,11092.0,11116.0,10825.0,11067.0,5156.0
2004-07-07,10752.0,11019.0,10752.0,10970.0,3588.0
2004-07-08,11165.0,11165.0,10849.0,10995.0,1141.0
2004-07-09,10995.0,11019.0,10776.0,10898.0,2453.0
2004-07-12,10922.0,11019.0,10800.0,10922.0,2916.0
2004-07-13,10776.0,10970.0,10776.0,10825.0,1704.0
2004-07-14,10776.0,10970.0,10679.0,10776.0,4956.0
2004-07-15,10582.0,10776.0,10388.0,10509.0,8851.0
2004-07-16,10291.0,10631.0,10291.0,10631.0,3036.0
2004-07-19,10315.0,10631.0,10315.0,10533.0,2958.0
2004-07-20,10436.0,10655.0,10436.0,10533.0,1192.0
2004-07-21,10728.0,10728.0,10461.0,10582.0,2162.0
2004-07-22,10388.0,10776.0,10388.0,10461.0,1946.0
2004-07-23,10461.0,11407.0,10461.0,10679.0,2142.0
2004-07-26,10388.0,10728.0,10388.0,10679.0,1530.0
2004-07-27,10800.0,10800.0,10533.0,10679.0,562.0
2004-07-28,10485.0,10776.0,10485.0,10728.0,1880.0
2004-07-29,10776.0,10776.0,10509.0,10631.0,3693.0
2004-07-30,10800.0,10800.0,10436.0,10582.0,1827.0
2004-08-02,10291.0,10582.0,10218.0,10242.0,4313.0
2004-08-03,10194.0,10242.0,9975.0,9975.0,3769.0
2004-08-04,10000.0,10145.0,9878.0,10145.0,2721.0
2004-08-05,10145.0,10436.0,10048.0,10364.0,2068.0
2004-08-06,9975.0,10461.0,9975.0,10461.0,2311.0
2004-08-09,10242.0,10679.0,10242.0,10485.0,4691.0
2004-08-10,10485.0,10631.0,10194.0,10606.0,3052.0
2004-08-11,10655.0,11262.0,10655.0,10970.0,14551.0
2004-08-12,10970.0,11577.0,10970.0,11359.0,13637.0
2004-08-13,11407.0,11480.0,11262.0,11407.0,8979.0
2004-08-16,11334.0,11601.0,11237.0,11601.0,9603.0
2004-08-17,11893.0,11990.0,11844.0,11917.0,13748.0
2004-08-18,12038.0,12038.0,11601.0,11650.0,14659.0
2004-08-19,11747.0,11747.0,11262.0,11262.0,5446.0
2004-08-20,11650.0,12524.0,11432.0,11577.0,15967.0
2004-08-23,11432.0,11796.0,11432.0,11650.0,6268.0
2004-08-24,11504.0,11844.0,11407.0,11650.0,5079.0
2004-08-25,11456.0,11844.0,11456.0,11650.0,10813.0
2004-08-26,11674.0,12063.0,11529.0,11990.0,19090.0
2004-08-27,11747.0,11990.0,11747.0,11966.0,7914.0
2004-08-30,11966.0,11966.0,11553.0,11601.0,2251.0
2004-08-31,11504.0,11941.0,11504.0,11893.0,5057.0
2004-09-01,12063.0,12330.0,11844.0,12038.0,15295.0
2004-09-02,12233.0,12233.0,11990.0,12160.0,7938.0
2004-09-03,12160.0,12305.0,11893.0,11990.0,11884.0
2004-09-06,11844.0,12135.0,11796.0,11893.0,2686.0
2004-09-07,11820.0,12063.0,11820.0,11893.0,7333.0
2004-09-08,11796.0,12063.0,11771.0,11844.0,9548.0
2004-09-09,11723.0,12524.0,11699.0,12233.0,33330.0
2004-09-10,12475.0,12475.0,12087.0,12160.0,13098.0
2004-09-13,12184.0,12766.0,11868.0,11941.0,15126.0
2004-09-14,11796.0,11844.0,11456.0,11456.0,27883.0
2004-09-15,11626.0,11626.0,11407.0,11553.0,7624.0
2004-09-16,11334.0,11650.0,11334.0,11334.0,7500.0
2004-09-17,11310.0,11553.0,11310.0,11456.0,4550.0
2004-09-20,11650.0,11650.0,11504.0,11553.0,5199.0
2004-09-21,11626.0,11626.0,11456.0,11480.0,4630.0
2004-09-22,11334.0,11917.0,11165.0,11213.0,15865.0
2004-09-23,11165.0,11213.0,11019.0,11043.0,9886.0
2004-09-24,11043.0,11140.0,10946.0,11043.0,7978.0
2004-09-30,10825.0,11432.0,10825.0,10995.0,10238.0
2004-10-01,11067.0,11140.0,10970.0,11116.0,4511.0
2004-10-04,11359.0,11553.0,11092.0,11359.0,13275.0
2004-10-05,11359.0,11529.0,11262.0,11262.0,3909.0
2004-10-06,11213.0,11383.0,11019.0,11262.0,9092.0
2004-10-07,11262.0,11262.0,11067.0,11092.0,9813.0
2004-10-08,11043.0,11116.0,11019.0,11067.0,8221.0
2004-10-11,11262.0,11310.0,11092.0,11189.0,16576.0
2004-10-12,11189.0,12864.0,11189.0,12839.0,71605.0
2004-10-13,12718.0,12718.0,11917.0,11990.0,40523.0
2004-10-14,11990.0,13592.0,11990.0,12669.0,73761.0
2004-10-15,12669.0,13567.0,12354.0,12621.0,50513.0
2004-10-18,13106.0,14514.0,12815.0,14514.0,363785.0
2004-10-19,14514.0,14805.0,14029.0,14805.0,183158.0
2004-10-20,14902.0,14902.0,12961.0,12985.0,116060.0
2004-10-21,13155.0,13470.0,12038.0,12184.0,104959.0
2004-10-22,12135.0,12330.0,11917.0,12135.0,54764.0
2004-10-25,11941.0,12548.0,11699.0,12305.0,75667.0
2004-10-26,12378.0,12791.0,12233.0,12572.0,60107.0
2004-10-27,12864.0,13325.0,12645.0,12645.0,62391.0
2004-10-28,12985.0,12985.0,12645.0,12669.0,25723.0
2004-10-29,12524.0,12839.0,12524.0,12621.0,21510.0
2004-11-01,12621.0,13834.0,12621.0,13398.0,81646.0
2004-11-02,13640.0,13640.0,13058.0,13252.0,25974.0
2004-11-03,13252.0,13762.0,12936.0,13737.0,39092.0
2004-11-04,13640.0,14029.0,13519.0,13737.0,23992.0
2004-11-05,13859.0,13980.0,13349.0,13349.0,17925.0
2004-11-08,13592.0,13640.0,13203.0,13276.0,13526.0
2004-11-09,13398.0,13398.0,12888.0,13276.0,10856.0
2004-11-10,13398.0,13519.0,13082.0,13349.0,41306.0
2004-11-11,13422.0,13689.0,13422.0,13640.0,26388.0
2004-11-12,13810.0,14126.0,13519.0,13883.0,51611.0
2004-11-15,13762.0,14077.0,13665.0,13883.0,32641.0
2004-11-16,13762.0,13980.0,13640.0,13859.0,23267.0
2004-11-17,13932.0,14660.0,13859.0,14466.0,47665.0
2004-11-18,14223.0,14611.0,14150.0,14563.0,58900.0
2004-11-19,14174.0,14514.0,14126.0,14174.0,25300.0
2004-11-22,14126.0,14150.0,13883.0,14150.0,23071.0
2004-11-23,14029.0,14174.0,13980.0,14174.0,5654.0
2004-11-24,14417.0,14417.0,13834.0,14174.0,21487.0
2004-11-25,14077.0,14223.0,13834.0,14174.0,17979.0
2004-11-26,14029.0,14126.0,13834.0,13834.0,10679.0
2004-11-29,13592.0,14077.0,13373.0,14077.0,18731.0
2004-11-30,14077.0,14174.0,14029.0,14077.0,15555.0
2004-12-01,14296.0,14296.0,14077.0,14174.0,28492.0
2004-12-02,13883.0,14271.0,13883.0,14199.0,13054.0
2004-12-03,14053.0,14320.0,14053.0,14320.0,23469.0
2004-12-06,14150.0,14320.0,14101.0,14174.0,28791.0
2004-12-07,14174.0,14854.0,13980.0,14805.0,50785.0
2004-12-08,14805.0,15339.0,14757.0,15315.0,41933.0
2004-12-09,15242.0,16067.0,15242.0,16019.0,69924.0
2004-12-10,16019.0,16674.0,14951.0,15776.0,46594.0
2004-12-13,15776.0,15922.0,15388.0,15728.0,20822.0
2004-12-14,15606.0,15849.0,15364.0,15679.0,24536.0
2004-12-15,15679.0,16019.0,13349.0,15995.0,46908.0
2004-12-16,15776.0,16043.0,15364.0,16019.0,29021.0
2004-12-17,15873.0,16019.0,15242.0,15679.0,62303.0
2004-12-20,15485.0,16504.0,15194.0,16359.0,96653.0
2004-12-21,15825.0,16262.0,15291.0,15776.0,19338.0
2004-12-22,15533.0,15970.0,15436.0,15776.0,6617.0
2004-12-23,15776.0,15776.0,15291.0,15339.0,10264.0
2004-12-24,15048.0,15533.0,15048.0,15291.0,10596.0
2004-12-27,15509.0,15509.0,14805.0,14805.0,12533.0
2004-12-28,14660.0,14902.0,14611.0,14757.0,14067.0
2004-12-29,15121.0,15121.0,14611.0,14854.0,3924.0
2004-12-30,14854.0,15922.0,14854.0,15291.0,5778.0
2005-01-03,15533.0,15533.0,15145.0,15436.0,3395.0
2005-01-04,15436.0,16504.0,15436.0,15898.0,18360.0
2005-01-05,15922.0,16237.0,14635.0,16019.0,11449.0
2005-01-06,16456.0,18422.0,16043.0,17961.0,101832.0
2005-01-07,17961.0,19368.0,17524.0,19053.0,88093.0
2005-01-10,19393.0,19417.0,18446.0,19101.0,52559.0
2005-01-11,19271.0,19563.0,18689.0,19029.0,19930.0
2005-01-12,18786.0,19271.0,18786.0,19174.0,20199.0
2005-01-13,18640.0,19417.0,18470.0,19174.0,16399.0
2005-01-14,18689.0,19174.0,18567.0,19029.0,10797.0
2005-01-17,18713.0,19417.0,18713.0,19247.0,16649.0
2005-01-18,19174.0,19902.0,19077.0,19101.0,52902.0
2005-01-19,18956.0,19587.0,18640.0,18640.0,20296.0
2005-01-20,18640.0,18737.0,17864.0,17961.0,22400.0
2005-01-21,17912.0,18398.0,17912.0,17936.0,19635.0
2005-01-24,18203.0,18349.0,17864.0,18228.0,21487.0
2005-01-25,18446.0,18446.0,17936.0,17936.0,23536.0
2005-01-26,18349.0,18349.0,17912.0,18203.0,16467.0
2005-01-27,18252.0,19805.0,18252.0,19514.0,37864.0
2005-01-28,19563.0,19660.0,19174.0,19393.0,23290.0
2005-01-31,19393.0,19563.0,18956.0,19563.0,8595.0
2005-02-01,19708.0,20339.0,19271.0,19368.0,20711.0
2005-02-02,18980.0,20388.0,18980.0,20388.0,19992.0
2005-02-03,20631.0,23446.0,20388.0,23446.0,196631.0
2005-02-04,24271.0,26941.0,23786.0,26165.0,293429.0
2005-02-07,26650.0,26796.0,25776.0,26310.0,98001.0
2005-02-11,25728.0,26553.0,25000.0,26213.0,68863.0
2005-02-14,26699.0,27864.0,26213.0,26407.0,81787.0
2005-02-15,26213.0,27572.0,25873.0,26650.0,88145.0
2005-02-16,26650.0,27038.0,25728.0,26213.0,63281.0
2005-02-17,26262.0,27038.0,25922.0,26796.0,42365.0
2005-02-18,26796.0,26796.0,25922.0,26213.0,40722.0
2005-02-21,26990.0,26990.0,24854.0,25582.0,48882.0
2005-02-22,25776.0,26796.0,24271.0,24271.0,74330.0
2005-02-23,24271.0,27912.0,23300.0,27912.0,210121.0
2005-02-24,28640.0,29223.0,27766.0,28640.0,100600.0
2005-02-25,29174.0,29951.0,28155.0,28883.0,134774.0
2005-02-28,30097.0,31699.0,30097.0,31553.0,522081.0
2005-03-02,32621.0,32621.0,30388.0,32524.0,84571.0
2005-03-03,32038.0,33252.0,31067.0,31504.0,79666.0
2005-03-04,31116.0,31213.0,29417.0,30582.0,72672.0
2005-03-07,30145.0,30873.0,28640.0,29611.0,44203.0
2005-03-08,28252.0,29611.0,26990.0,28640.0,52232.0
2005-03-09,28252.0,30048.0,27669.0,29611.0,45555.0
2005-03-10,29126.0,29611.0,28398.0,28543.0,29617.0
2005-03-11,29368.0,31941.0,28737.0,31456.0,144028.0
2005-03-14,31456.0,31747.0,29902.0,30097.0,67065.0
2005-03-15,30145.0,30728.0,27864.0,28398.0,73605.0
2005-03-16,27135.0,28883.0,27038.0,28883.0,55537.0
2005-03-17,27718.0,28398.0,27330.0,27718.0,33658.0
2005-03-18,27330.0,27912.0,25873.0,27184.0,34649.0
2005-03-21,26262.0,26990.0,24757.0,24757.0,47492.0
2005-03-22,24902.0,25728.0,24757.0,24951.0,40194.0
2005-03-23,25242.0,25485.0,22475.0,23640.0,58660.0
2005-03-24,23640.0,25000.0,23446.0,24611.0,86251.0
2005-03-25,24660.0,25728.0,24417.0,25145.0,41261.0
2005-03-28,25000.0,25970.0,25000.0,25242.0,31195.0
2005-03-29,24757.0,26456.0,24757.0,25533.0,29870.0
2005-03-30,25291.0,26310.0,25291.0,26213.0,38313.0
2005-03-31,26213.0,27281.0,26213.0,26699.0,35216.0
2005-04-01,26019.0,27669.0,26019.0,26699.0,56497.0
2005-04-04,26650.0,26796.0,24514.0,24902.0,91750.0
2005-04-06,24611.0,25048.0,24150.0,24417.0,97666.0
2005-04-07,24514.0,25339.0,24514.0,24660.0,66364.0
2005-04-08,24854.0,25291.0,24611.0,24951.0,95964.0
2005-04-11,24757.0,25873.0,24757.0,25582.0,43590.0
2005-04-12,25970.0,25970.0,24757.0,24757.0,33314.0
2005-04-13,24757.0,25145.0,24466.0,24708.0,29993.0
2005-04-14,24466.0,25873.0,24126.0,24902.0,65835.0
2005-04-15,24757.0,25339.0,24150.0,25339.0,48799.0
2005-04-18,24757.0,25728.0,24271.0,24757.0,29884.0
2005-04-19,24805.0,25242.0,24708.0,24805.0,16582.0
2005-04-20,24902.0,25194.0,24199.0,24320.0,39248.0
2005-04-21,24029.0,25242.0,23203.0,25097.0,66216.0
2005-04-22,25194.0,25242.0,24563.0,24611.0,17746.0
2005-04-25,24368.0,24805.0,24199.0,24271.0,8794.0
2005-04-26,24271.0,24320.0,23616.0,23616.0,36218.0
2005-04-27,23349.0,23446.0,21650.0,21844.0,103929.0
2005-04-28,21868.0,22354.0,21262.0,21262.0,38470.0
2005-04-29,20631.0,21116.0,19344.0,19757.0,121047.0
2005-05-02,19975.0,20291.0,18762.0,19174.0,101656.0
2005-05-03,19417.0,20145.0,19223.0,19975.0,62656.0
2005-05-04,19927.0,21189.0,19927.0,20898.0,50556.0
2005-05-06,20922.0,22233.0,20922.0,22184.0,56608.0
2005-05-09,21796.0,22669.0,21601.0,22572.0,37160.0
2005-05-10,22427.0,22815.0,21844.0,21844.0,19491.0
2005-05-11,21529.0,22233.0,21504.0,21844.0,16599.0
2005-05-12,21601.0,22572.0,21601.0,22572.0,35285.0
2005-05-13,22378.0,22815.0,22184.0,22233.0,33048.0
2005-05-16,22281.0,22621.0,22087.0,22475.0,14605.0
2005-05-17,22645.0,22766.0,22135.0,22427.0,22777.0
2005-05-18,22475.0,22572.0,22305.0,22354.0,21450.0
2005-05-19,23009.0,23033.0,22475.0,22961.0,28207.0
2005-05-20,23276.0,24101.0,22815.0,23543.0,31775.0
2005-05-23,23689.0,24126.0,23592.0,23810.0,17932.0
2005-05-24,23810.0,24126.0,23810.0,23810.0,14867.0
2005-05-25,23349.0,24029.0,23349.0,23592.0,18921.0
2005-05-26,23786.0,23786.0,23300.0,23592.0,13021.0
2005-05-27,23592.0,24150.0,23592.0,24004.0,18900.0
2005-05-30,24029.0,24029.0,23422.0,23422.0,23195.0
2005-05-31,24708.0,25242.0,24199.0,25000.0,90561.0
2005-06-01,26456.0,28737.0,26213.0,28737.0,257244.0
2005-06-02,30000.0,30533.0,29126.0,30533.0,252283.0
2005-06-03,30436.0,30776.0,29126.0,29854.0,65392.0
2005-06-07,29368.0,29951.0,28883.0,29174.0,49858.0
2005-06-08,28980.0,30194.0,28786.0,28980.0,71994.0
2005-06-09,28980.0,29951.0,28446.0,28980.0,84750.0
2005-06-10,29514.0,30242.0,28786.0,30048.0,133125.0
2005-06-13,30582.0,31019.0,29805.0,30970.0,225869.0
2005-06-14,31310.0,31310.0,30145.0,30242.0,74258.0
2005-06-15,30242.0,32330.0,30242.0,31407.0,155488.0
2005-06-16,32330.0,35242.0,32330.0,33980.0,229722.0
2005-06-17,34854.0,34854.0,33592.0,34223.0,54585.0
2005-06-20,34029.0,34368.0,33203.0,34077.0,42919.0
2005-06-21,33689.0,35436.0,33592.0,35436.0,63405.0
2005-06-22,35679.0,36796.0,34854.0,36165.0,96123.0
2005-06-23,36262.0,36553.0,35533.0,36504.0,45470.0
2005-06-24,35922.0,39320.0,35728.0,38300.0,78440.0
2005-06-27,38300.0,38300.0,36941.0,37378.0,46321.0
2005-06-28,37135.0,37718.0,35533.0,35922.0,46803.0
2005-06-29,36067.0,36553.0,35291.0,35922.0,47452.0
2005-06-30,35922.0,37378.0,35485.0,37087.0,59975.0
2005-07-01,36504.0,37087.0,36213.0,36407.0,39634.0
2005-07-04,36650.0,37864.0,36359.0,36407.0,54176.0
2005-07-05,36504.0,37475.0,36407.0,36844.0,83603.0
2005-07-06,36504.0,36844.0,34951.0,35388.0,68944.0
2005-07-07,35194.0,35825.0,34660.0,34951.0,53318.0
2005-07-08,34951.0,34951.0,32281.0,32524.0,111394.0
2005-07-11,33203.0,34708.0,32572.0,33058.0,159140.0
2005-07-12,33300.0,33689.0,33058.0,33349.0,47168.0
2005-07-13,33592.0,35533.0,33495.0,34951.0,115625.0
2005-07-14,34951.0,36601.0,34174.0,36165.0,72748.0
2005-07-15,36310.0,36553.0,35145.0,35291.0,34004.0
2005-07-18,34854.0,36893.0,34466.0,36893.0,126321.0
2005-07-19,37864.0,38106.0,36650.0,36941.0,78028.0
2005-07-20,37378.0,38834.0,37184.0,38009.0,110094.0
2005-07-21,38592.0,39805.0,38349.0,39271.0,92913.0
2005-07-22,38834.0,39271.0,37961.0,38834.0,37208.0
2005-07-25,38592.0,39029.0,38009.0,38689.0,36338.0
2005-07-26,38834.0,39805.0,38155.0,39805.0,55544.0
2005-07-27,40242.0,41747.0,39951.0,41019.0,98925.0
2005-07-28,41601.0,41601.0,40097.0,40242.0,59679.0
2005-07-29,40291.0,40873.0,39563.0,40873.0,42357.0
2005-08-01,40533.0,40873.0,39417.0,39708.0,62358.0
2005-08-02,40194.0,40194.0,38786.0,38834.0,52750.0
2005-08-03,38834.0,40582.0,38106.0,38349.0,170890.0
2005-08-04,38106.0,38349.0,35728.0,36844.0,115502.0
2005-08-05,35582.0,36650.0,35048.0,35922.0,49938.0
2005-08-08,34951.0,36601.0,34708.0,35533.0,61561.0
2005-08-09,35048.0,36553.0,35048.0,36553.0,45076.0
2005-08-10,37135.0,39368.0,36893.0,39126.0,88349.0
2005-08-11,39126.0,39514.0,38446.0,39320.0,40380.0
2005-08-12,40485.0,41067.0,39805.0,40776.0,101314.0
2005-08-16,40776.0,41407.0,40097.0,40679.0,55477.0
2005-08-17,39854.0,40582.0,39611.0,40291.0,27571.0
2005-08-18,40776.0,41019.0,39126.0,39126.0,37823.0
2005-08-19,39320.0,39320.0,38009.0,38349.0,39789.0
2005-08-22,38398.0,39223.0,38349.0,39223.0,30088.0
2005-08-23,39563.0,39660.0,38009.0,38640.0,52513.0
2005-08-24,38640.0,38640.0,37087.0,37378.0,53868.0
2005-08-25,37378.0,37815.0,36699.0,37427.0,24963.0
2005-08-26,37378.0,37815.0,36359.0,37135.0,33503.0
2005-08-29,36310.0,36407.0,33980.0,34223.0,57253.0
2005-08-30,34271.0,35436.0,34223.0,35048.0,36987.0
2005-08-31,34563.0,36213.0,34563.0,35970.0,31703.0
2005-09-01,35922.0,36893.0,35922.0,36407.0,14860.0
2005-09-02,36407.0,36601.0,35922.0,36504.0,24549.0
2005-09-05,36213.0,36310.0,34902.0,35048.0,53310.0
2005-09-06,35048.0,35728.0,34951.0,35000.0,29095.0
2005-09-07,35436.0,35436.0,33980.0,34708.0,83242.0
2005-09-08,34854.0,35291.0,34757.0,35194.0,39753.0
2005-09-09,34951.0,35291.0,34563.0,34708.0,29025.0
2005-09-12,34951.0,35339.0,34320.0,34466.0,39368.0
2005-09-13,34466.0,34563.0,33980.0,33980.0,26009.0
2005-09-14,33980.0,34514.0,33495.0,34514.0,38524.0
2005-09-15,34223.0,35631.0,34174.0,35436.0,52497.0
2005-09-16,35485.0,36262.0,34951.0,36116.0,24726.0
2005-09-20,36796.0,37135.0,36310.0,36893.0,38324.0
2005-09-21,36893.0,37087.0,36213.0,36407.0,18614.0
2005-09-22,36213.0,36407.0,35436.0,35922.0,43030.0
2005-09-23,36650.0,39029.0,36165.0,37864.0,100684.0
2005-09-26,38737.0,38980.0,37864.0,37912.0,37374.0
2005-09-27,38106.0,39563.0,37524.0,39563.0,57933.0
2005-09-28,40048.0,41019.0,39320.0,40291.0,66134.0
2005-09-29,40776.0,41262.0,39611.0,41213.0,103751.0
2005-09-30,40922.0,43398.0,40339.0,42233.0,104130.0
2005-10-04,42669.0,44223.0,42475.0,43495.0,71433.0
2005-10-05,43446.0,43446.0,42378.0,43155.0,83129.0
2005-10-06,42718.0,45922.0,42621.0,45631.0,202040.0
2005-10-07,47038.0,52427.0,46844.0,52427.0,293258.0
2005-10-10,53640.0,57524.0,53398.0,55825.0,308982.0
2005-10-11,55825.0,57038.0,54854.0,56796.0,118227.0
2005-10-12,59708.0,65291.0,57767.0,61893.0,210405.0
2005-10-13,59708.0,63834.0,58009.0,62621.0,176086.0
2005-10-14,63834.0,63834.0,59951.0,62135.0,74946.0
2005-10-17,62621.0,62621.0,56553.0,57281.0,48607.0
2005-10-18,55582.0,58980.0,54854.0,58980.0,62724.0
2005-10-19,58980.0,60194.0,55339.0,58252.0,57356.0
2005-10-20,58737.0,60679.0,57767.0,60679.0,36729.0
2005-10-21,58495.0,66019.0,58495.0,65776.0,138576.0
2005-10-24,66747.0,68446.0,64805.0,68446.0,67394.0
2005-10-25,69174.0,69174.0,65291.0,67961.0,75421.0
2005-10-26,66990.0,67961.0,65533.0,67961.0,31818.0
2005-10-27,68203.0,68203.0,66019.0,67475.0,58769.0
2005-10-28,64805.0,66019.0,63349.0,65533.0,44067.0
2005-10-31,64805.0,66262.0,60194.0,61407.0,73440.0
2005-11-01,60679.0,63592.0,60679.0,63106.0,60133.0
2005-11-02,65776.0,69902.0,65533.0,69902.0,82646.0
2005-11-03,70873.0,71359.0,65776.0,67233.0,174076.0
2005-11-04,67718.0,72330.0,67233.0,71844.0,72001.0
2005-11-07,71844.0,74271.0,70145.0,72087.0,44910.0
2005-11-08,72087.0,73786.0,71116.0,73543.0,43931.0
2005-11-09,74271.0,75728.0,72572.0,75242.0,68748.0
2005-11-10,76213.0,84466.0,75242.0,83009.0,97965.0
2005-11-11,83737.0,84223.0,80825.0,82767.0,56405.0
2005-11-14,81553.0,83495.0,80339.0,83252.0,33266.0
2005-11-15,82524.0,83980.0,80582.0,82524.0,28934.0
2005-11-16,81553.0,82038.0,79854.0,81067.0,47027.0
2005-11-17,81310.0,83737.0,81067.0,83009.0,33129.0
2005-11-18,81553.0,83009.0,80582.0,82524.0,29059.0
2005-11-21,81310.0,81796.0,79126.0,80825.0,32210.0
2005-11-22,81553.0,81796.0,77669.0,77669.0,25198.0
2005-11-23,78640.0,80582.0,76456.0,80582.0,63095.0
2005-11-24,79854.0,87378.0,79611.0,82281.0,72419.0
2005-11-25,83980.0,84951.0,81796.0,82767.0,34822.0
2005-11-28,83252.0,83252.0,79368.0,79368.0,34199.0
2005-11-29,79126.0,80097.0,74271.0,74757.0,34447.0
2005-11-30,75242.0,78640.0,75242.0,78155.0,31353.0
2005-12-01,76213.0,83495.0,76213.0,78640.0,25501.0
2005-12-02,79126.0,79854.0,77184.0,78640.0,14065.0
2005-12-05,77184.0,78398.0,75000.0,75728.0,28603.0
2005-12-06,74271.0,76456.0,70388.0,70388.0,43255.0
2005-12-07,70873.0,71844.0,59951.0,61165.0,516915.0
2005-12-08,63592.0,64077.0,58980.0,64077.0,514250.0
2005-12-09,64563.0,64805.0,62135.0,62864.0,178051.0
2005-12-12,61165.0,62621.0,59708.0,61165.0,228296.0
2005-12-13,62135.0,68203.0,61893.0,68203.0,302254.0
2005-12-14,69417.0,70145.0,66262.0,67233.0,147558.0
2005-12-15,67961.0,69174.0,66262.0,67475.0,115260.0
2005-12-16,66504.0,70873.0,65776.0,69902.0,150206.0
2005-12-19,69174.0,70145.0,67961.0,68203.0,98649.0
2005-12-20,67233.0,68203.0,65776.0,67718.0,78051.0
2005-12-21,67475.0,68446.0,66262.0,67718.0,64107.0
2005-12-22,67961.0,68203.0,64805.0,64805.0,94029.0
2005-12-23,64563.0,65048.0,60194.0,61893.0,86804.0
2005-12-26,62378.0,64563.0,62378.0,62378.0,50342.0
2005-12-27,62378.0,64320.0,60194.0,61165.0,82027.0
2005-12-28,60194.0,61650.0,58980.0,60194.0,55175.0
2005-12-29,60679.0,61407.0,58980.0,58980.0,68689.0
2006-01-02,58980.0,59223.0,52669.0,53155.0,220584.0
2006-01-03,53398.0,56310.0,52669.0,55582.0,140378.0
2006-01-04,57767.0,59951.0,56067.0,56067.0,157719.0
2006-01-05,58737.0,64320.0,57281.0,63349.0,243532.0
2006-01-06,64077.0,67233.0,62135.0,64563.0,143132.0
2006-01-09,65291.0,66019.0,60436.0,62378.0,111236.0
2006-01-10,62135.0,62378.0,59708.0,60194.0,70417.0
2006-01-11,59951.0,61407.0,59223.0,60679.0,64997.0
2006-01-12,61407.0,64563.0,61165.0,64563.0,82840.0
2006-01-13,65533.0,65776.0,62621.0,64805.0,72979.0
2006-01-16,64563.0,64805.0,62621.0,62864.0,76877.0
2006-01-17,63592.0,64563.0,62378.0,63106.0,87310.0
2006-01-18,62621.0,62864.0,57281.0,60436.0,81716.0
2006-01-19,59951.0,61407.0,58495.0,60436.0,47924.0
2006-01-20,60679.0,64320.0,59466.0,60194.0,112180.0
2006-01-23,58009.0,59951.0,51213.0,53398.0,129254.0
2006-01-24,54126.0,56067.0,49514.0,55097.0,111029.0
2006-01-25,55097.0,58495.0,55097.0,58495.0,62467.0
2006-01-26,58495.0,61407.0,57524.0,59223.0,68923.0
2006-01-27,61165.0,62378.0,58980.0,61650.0,69409.0
2006-01-31,62135.0,63106.0,60922.0,61407.0,34972.0
2006-02-01,60194.0,60679.0,56796.0,58252.0,72522.0
2006-02-02,59466.0,59466.0,57281.0,58980.0,29033.0
2006-02-03,56553.0,57524.0,54126.0,54368.0,41356.0
2006-02-06,52427.0,54611.0,51699.0,53883.0,28938.0
2006-02-07,52669.0,55097.0,52669.0,54126.0,26653.0
2006-02-08,53640.0,55825.0,53155.0,53155.0,19793.0
2006-02-09,54368.0,54611.0,53155.0,53640.0,15978.0
2006-02-10,53398.0,54854.0,53398.0,54126.0,13162.0
2006-02-13,53883.0,54126.0,51941.0,52912.0,34203.0
2006-02-14,52912.0,53398.0,51941.0,53398.0,32688.0
2006-02-15,55097.0,55097.0,51699.0,51941.0,21961.0
2006-02-16,51941.0,52184.0,50970.0,51456.0,23316.0
2006-02-17,51456.0,52184.0,50728.0,51699.0,18830.0
2006-02-20,51941.0,55339.0,51699.0,54854.0,34469.0
2006-02-21,54611.0,55339.0,53883.0,54854.0,23331.0
2006-02-22,54368.0,56067.0,54368.0,54854.0,38205.0
2006-02-23,55825.0,57524.0,55339.0,55825.0,42564.0
2006-02-24,55825.0,56310.0,54611.0,56067.0,20206.0
2006-02-27,56796.0,58737.0,56067.0,57524.0,31046.0
2006-02-28,58252.0,58252.0,56310.0,57038.0,19116.0
2006-03-02,57524.0,58009.0,56796.0,57524.0,17425.0
2006-03-03,56553.0,56796.0,54611.0,54854.0,22563.0
2006-03-06,54854.0,55825.0,54368.0,54854.0,13797.0
2006-03-07,54368.0,54611.0,52669.0,54611.0,32782.0
2006-03-08,53640.0,54611.0,53155.0,53640.0,15351.0
2006-03-09,53883.0,55825.0,53398.0,54126.0,18421.0
2006-03-10,54126.0,56310.0,53883.0,56067.0,19083.0
2006-03-13,56310.0,57281.0,56310.0,57038.0,16519.0
2006-03-14,57281.0,57767.0,56310.0,57524.0,20742.0
2006-03-15,58009.0,58009.0,56796.0,57281.0,24271.0
2006-03-16,58252.0,60436.0,57767.0,60436.0,87308.0
2006-03-17,61650.0,61893.0,59708.0,60922.0,48607.0
2006-03-20,61407.0,61407.0,60194.0,60436.0,25228.0
2006-03-21,60922.0,61165.0,59466.0,60922.0,37723.0
2006-03-22,60436.0,60436.0,57767.0,58252.0,35790.0
2006-03-23,59466.0,60436.0,58009.0,58009.0,36708.0
2006-03-24,57281.0,59223.0,57281.0,59223.0,32286.0
2006-03-27,60194.0,62135.0,59951.0,61165.0,64418.0
2006-03-28,61165.0,61893.0,59466.0,61407.0,54561.0
2006-03-29,60679.0,61650.0,59223.0,61650.0,33318.0
2006-03-30,62378.0,63592.0,62135.0,62621.0,92776.0
2006-03-31,62135.0,65048.0,61893.0,65048.0,70669.0
2006-04-03,65291.0,66747.0,64563.0,66504.0,62881.0
2006-04-04,66504.0,66504.0,64805.0,65533.0,51032.0
2006-04-05,65776.0,66747.0,63834.0,63834.0,54626.0
2006-04-06,64563.0,65533.0,63106.0,65048.0,44289.0
2006-04-07,64563.0,65776.0,64320.0,65291.0,29048.0
2006-04-10,64077.0,67233.0,64077.0,67233.0,56718.0
2006-04-11,67475.0,67475.0,65291.0,66019.0,40879.0
2006-04-12,65776.0,70873.0,65291.0,69417.0,93741.0
2006-04-13,70873.0,71844.0,69660.0,71116.0,59108.0
2006-04-14,71844.0,72572.0,70145.0,72330.0,59253.0
2006-04-17,72330.0,72572.0,68932.0,70388.0,51179.0
2006-04-18,69660.0,71116.0,68446.0,69174.0,36025.0
2006-04-19,70388.0,75242.0,69174.0,75242.0,136863.0
2006-04-20,76213.0,82524.0,75728.0,81553.0,189083.0
2006-04-21,82524.0,83252.0,80097.0,81067.0,87674.0
2006-04-24,81067.0,82281.0,79611.0,82038.0,56589.0
2006-04-25,83009.0,84708.0,78155.0,79611.0,87182.0
2006-04-26,80582.0,81067.0,78883.0,80582.0,89967.0
2006-04-27,81310.0,81310.0,77669.0,78398.0,59223.0
2006-04-28,77669.0,77912.0,74271.0,76699.0,65703.0
2006-05-02,75242.0,78883.0,75242.0,77669.0,65244.0
2006-05-03,78640.0,80582.0,76699.0,77669.0,69483.0
2006-05-04,77427.0,77669.0,75000.0,76213.0,40883.0
2006-05-08,77184.0,77427.0,73786.0,74271.0,37884.0
2006-05-09,74757.0,81310.0,74757.0,81310.0,159398.0
2006-05-10,81796.0,88834.0,80582.0,87621.0,287246.0
2006-05-11,90534.0,100728.0,89805.0,99271.0,549861.0
2006-05-12,98058.0,98300.0,92718.0,95873.0,146532.0
2006-05-15,94660.0,95145.0,89805.0,91747.0,123048.0
2006-05-16,91990.0,93446.0,82524.0,83737.0,229852.0
2006-05-17,84223.0,86650.0,80339.0,86407.0,197797.0
2006-05-18,81553.0,82524.0,77427.0,79126.0,181231.0
2006-05-19,77912.0,88106.0,76699.0,86893.0,249294.0
2006-05-22,87135.0,89320.0,84466.0,84466.0,193839.0
2006-05-23,83009.0,83495.0,76213.0,78398.0,138733.0
2006-05-24,77912.0,81310.0,75728.0,79611.0,127977.0
2006-05-25,80097.0,81067.0,76213.0,76213.0,76634.0
2006-05-26,78398.0,80582.0,77669.0,78640.0,84304.0
2006-05-29,79854.0,80825.0,77427.0,77669.0,52613.0
2006-05-30,77669.0,77912.0,72572.0,72572.0,119978.0
2006-06-01,71359.0,72572.0,67475.0,68689.0,65951.0
2006-06-02,70873.0,70873.0,66504.0,69902.0,67053.0
2006-06-05,69902.0,70388.0,67475.0,68203.0,46659.0
2006-06-07,64805.0,65533.0,63106.0,65533.0,48181.0
2006-06-08,64563.0,64805.0,60679.0,61650.0,67587.0
2006-06-09,63106.0,65048.0,62378.0,65048.0,65298.0
2006-06-12,63592.0,67475.0,62621.0,66990.0,59494.0
2006-06-13,65048.0,66019.0,63834.0,64563.0,38024.0
2006-06-14,64563.0,71116.0,64320.0,70388.0,90180.0
2006-06-15,71116.0,72330.0,68932.0,70873.0,40951.0
2006-06-16,72330.0,73786.0,71359.0,71601.0,41147.0
2006-06-19,70388.0,70388.0,66504.0,66747.0,32464.0
2006-06-20,65776.0,66019.0,63592.0,64077.0,30764.0
2006-06-21,64320.0,65533.0,62621.0,65291.0,20246.0
2006-06-22,66262.0,67233.0,65048.0,65291.0,41817.0
2006-06-23,64563.0,64563.0,62378.0,63106.0,27240.0
2006-06-26,63592.0,63592.0,61650.0,62135.0,28032.0
2006-06-27,62135.0,63592.0,61893.0,62135.0,21293.0
2006-06-28,60194.0,61165.0,59466.0,60436.0,26192.0
2006-06-29,61650.0,64563.0,61165.0,63834.0,51705.0
2006-06-30,66990.0,68932.0,64320.0,67961.0,117148.0
2006-07-03,66990.0,70145.0,66504.0,69902.0,26482.0
2006-07-04,70873.0,73058.0,70145.0,70388.0,39333.0
2006-07-05,66990.0,71359.0,66262.0,70631.0,32984.0
2006-07-06,70873.0,70873.0,67961.0,68446.0,16582.0
2006-07-07,70145.0,73786.0,69660.0,73058.0,47117.0
2006-07-10,72815.0,76213.0,72087.0,74514.0,31091.0
2006-07-11,74757.0,74757.0,71844.0,72330.0,29808.0
2006-07-12,72330.0,77184.0,71601.0,76941.0,93809.0
2006-07-13,76213.0,79611.0,75242.0,78155.0,53090.0
2006-07-14,76699.0,76941.0,74271.0,76941.0,46612.0
2006-07-18,75970.0,76699.0,73543.0,73786.0,24858.0
2006-07-19,74271.0,77669.0,74271.0,75000.0,36371.0
2006-07-20,77912.0,79368.0,75970.0,76699.0,45740.0
2006-07-21,75485.0,76699.0,74757.0,75970.0,9368.0
2006-07-24,75242.0,75242.0,73786.0,74757.0,9684.0
2006-07-25,76213.0,77669.0,75728.0,75728.0,30826.0
2006-07-26,77184.0,81310.0,76941.0,79854.0,75367.0
2006-07-27,80582.0,83009.0,80097.0,82038.0,45400.0
2006-07-28,82038.0,82281.0,78883.0,79854.0,39565.0
2006-07-31,80582.0,81310.0,77427.0,77427.0,30541.0
2006-08-01,76699.0,79126.0,74271.0,74757.0,49451.0
2006-08-02,74514.0,75485.0,73058.0,74757.0,41700.0
2006-08-03,75000.0,75242.0,70145.0,72087.0,89544.0
2006-08-04,72330.0,73300.0,70631.0,71844.0,50752.0
2006-08-07,71844.0,74514.0,71844.0,72572.0,52876.0
2006-08-08,72815.0,73543.0,71359.0,72330.0,40318.0
2006-08-09,72330.0,72330.0,69902.0,71359.0,69154.0
2006-08-10,70631.0,73786.0,70388.0,72087.0,95575.0
2006-08-11,72815.0,72815.0,70388.0,70388.0,51526.0
2006-08-14,70631.0,70631.0,66262.0,66990.0,70637.0
2006-08-16,67961.0,68689.0,66504.0,66747.0,43047.0
2006-08-17,67233.0,68932.0,66747.0,68446.0,64758.0
2006-08-18,68689.0,71116.0,67718.0,69417.0,48418.0
2006-08-21,70388.0,70388.0,66990.0,67718.0,30407.0
2006-08-22,67475.0,69174.0,67475.0,68932.0,23941.0
2006-08-23,68932.0,69417.0,67961.0,69174.0,30207.0
2006-08-24,69417.0,72572.0,69174.0,72572.0,58891.0
2006-08-25,73058.0,73786.0,71359.0,72572.0,38950.0
2006-08-28,73300.0,73300.0,71116.0,71601.0,22252.0
2006-08-29,72572.0,74271.0,71844.0,71844.0,59919.0
2006-08-30,72572.0,74029.0,71359.0,73058.0,43315.0
2006-08-31,73058.0,74757.0,72572.0,73543.0,44490.0
2006-09-01,73786.0,75485.0,73300.0,73300.0,42444.0
2006-09-04,74271.0,74271.0,71601.0,72330.0,37267.0
2006-09-05,72087.0,72572.0,71116.0,71844.0,20323.0
2006-09-06,71844.0,71844.0,69902.0,70388.0,45763.0
2006-09-07,69417.0,70873.0,69174.0,69660.0,19633.0
2006-09-08,69660.0,72572.0,69417.0,72330.0,33075.0
2006-09-11,73300.0,73300.0,70388.0,71116.0,23933.0
2006-09-12,70388.0,70873.0,69417.0,69417.0,17007.0
2006-09-13,70873.0,70873.0,69660.0,69660.0,10825.0
2006-09-14,70388.0,70631.0,69174.0,70388.0,42722.0
2006-09-15,70145.0,71601.0,69902.0,71601.0,13880.0
2006-09-18,72330.0,72330.0,71359.0,71844.0,25457.0
2006-09-19,72330.0,73786.0,71601.0,72330.0,35499.0
2006-09-20,72087.0,72330.0,70388.0,70873.0,18838.0
2006-09-21,71601.0,72330.0,71116.0,72087.0,27307.0
2006-09-22,72330.0,72330.0,69174.0,69902.0,35557.0
2006-09-25,69902.0,70631.0,69174.0,69660.0,16478.0
2006-09-26,69902.0,70388.0,68446.0,68446.0,15874.0
2006-09-27,68689.0,69660.0,68689.0,68932.0,15728.0
2006-09-28,69174.0,71601.0,67961.0,70145.0,34478.0
2006-09-29,70388.0,70388.0,68689.0,69417.0,25027.0
2006-10-02,69417.0,69902.0,68446.0,68446.0,13348.0
2006-10-04,68203.0,68932.0,67475.0,68932.0,24905.0
2006-10-09,69660.0,69660.0,63592.0,64563.0,46672.0
2006-10-10,63834.0,65291.0,63834.0,63834.0,32272.0
2006-10-11,63106.0,64563.0,61650.0,62378.0,32965.0
2006-10-12,62378.0,63834.0,62135.0,63106.0,44444.0
2006-10-13,64320.0,65291.0,63834.0,64077.0,39871.0
2006-10-16,64805.0,66019.0,63592.0,65533.0,32195.0
2006-10-17,66019.0,66019.0,63592.0,65048.0,24304.0
2006-10-18,64320.0,64805.0,63349.0,64077.0,24227.0
2006-10-19,64077.0,66747.0,64077.0,66019.0,64835.0
2006-10-20,66504.0,67475.0,65776.0,66504.0,39852.0
2006-10-23,66747.0,68446.0,66262.0,68446.0,44567.0
2006-10-24,69660.0,71844.0,68932.0,70145.0,63824.0
2006-10-25,70145.0,72572.0,70145.0,72330.0,48799.0
2006-10-26,72330.0,72572.0,71601.0,72330.0,35670.0
2006-10-27,73300.0,75970.0,72330.0,73543.0,45729.0
2006-10-30,73543.0,73543.0,70388.0,70873.0,15607.0
2006-10-31,72087.0,75970.0,72087.0,75970.0,92426.0
2006-11-01,77427.0,80825.0,76699.0,78883.0,139299.0
2006-11-02,78883.0,82038.0,77912.0,79126.0,74459.0
2006-11-03,79368.0,82767.0,78155.0,82038.0,110525.0
2006-11-06,81310.0,84223.0,80825.0,83980.0,58267.0
2006-11-07,84223.0,84466.0,81553.0,82524.0,54946.0
2006-11-08,83009.0,83009.0,77184.0,77184.0,100299.0
2006-11-09,77184.0,82038.0,76456.0,82038.0,79539.0
2006-11-10,81067.0,83009.0,80097.0,82038.0,45414.0
2006-11-13,82038.0,82281.0,80582.0,81796.0,29060.0
2006-11-14,82038.0,85194.0,81067.0,84466.0,55681.0
2006-11-15,84466.0,84951.0,81310.0,84951.0,44322.0
2006-11-16,84223.0,84951.0,81796.0,82281.0,52249.0
2006-11-17,82524.0,82524.0,79368.0,79854.0,45291.0
2006-11-20,79368.0,80582.0,78640.0,79611.0,70828.0
2006-11-21,79611.0,80825.0,78398.0,79611.0,47937.0
2006-11-22,79611.0,84466.0,79611.0,84223.0,71025.0
2006-11-23,83495.0,85922.0,83009.0,85679.0,45563.0
2006-11-24,84466.0,90291.0,84466.0,88592.0,82281.0
2006-11-27,87378.0,87864.0,85679.0,85679.0,60971.0
2006-11-28,83737.0,90291.0,82767.0,89805.0,62382.0
2006-11-29,89563.0,92718.0,89563.0,92718.0,58951.0
2006-11-30,93689.0,95388.0,91747.0,94417.0,82463.0
2006-12-01,94417.0,95631.0,92475.0,95145.0,34942.0
2006-12-04,93689.0,94417.0,92233.0,92233.0,20406.0
2006-12-05,92718.0,92961.0,87378.0,88349.0,51137.0
2006-12-06,89805.0,90048.0,86165.0,89805.0,32271.0
2006-12-07,89563.0,92961.0,88106.0,90534.0,53135.0
2006-12-08,89077.0,91747.0,87864.0,88834.0,29734.0
2006-12-11,87378.0,89320.0,86407.0,86407.0,24745.0
2006-12-12,85922.0,87864.0,83495.0,83495.0,31242.0
2006-12-13,82767.0,86407.0,82767.0,84951.0,46672.0
2006-12-14,84951.0,90048.0,84223.0,89805.0,43905.0
2006-12-15,90776.0,91747.0,88834.0,90534.0,24572.0
2006-12-18,89320.0,90534.0,87135.0,88592.0,49832.0
2006-12-19,87378.0,88106.0,84951.0,85922.0,39752.0
2006-12-20,85679.0,86893.0,83737.0,86165.0,41156.0
2006-12-21,86165.0,86165.0,83009.0,83009.0,39711.0
2006-12-22,82281.0,83980.0,82281.0,83980.0,24765.0
2006-12-26,83495.0,84223.0,81796.0,83009.0,27714.0
2006-12-27,82524.0,82524.0,80339.0,81067.0,19071.0
2006-12-28,81553.0,82767.0,80097.0,81310.0,26848.0
2007-01-02,82038.0,82281.0,77427.0,78398.0,32355.0
2007-01-03,78640.0,79368.0,75485.0,75728.0,48532.0
2007-01-04,76699.0,76699.0,72572.0,75000.0,62368.0
2007-01-05,74757.0,76699.0,73786.0,76456.0,43327.0
2007-01-08,75728.0,76456.0,74029.0,74757.0,22202.0
2007-01-09,75970.0,78155.0,75000.0,76699.0,49234.0
2007-01-10,77184.0,77184.0,73786.0,75485.0,49209.0
2007-01-11,75970.0,76213.0,72815.0,73543.0,56701.0
2007-01-12,73058.0,74029.0,70873.0,71116.0,70472.0
2007-01-15,72087.0,72572.0,66504.0,67718.0,117690.0
2007-01-16,67233.0,67475.0,63834.0,66504.0,143211.0
2007-01-17,66747.0,67233.0,64805.0,64805.0,73081.0
2007-01-18,64805.0,68203.0,64805.0,67233.0,91550.0
2007-01-19,66990.0,68689.0,65533.0,66747.0,52071.0
2007-01-22,67718.0,67961.0,65048.0,65533.0,31537.0
2007-01-23,65291.0,66019.0,63834.0,64805.0,43902.0
2007-01-24,65776.0,68203.0,65776.0,67961.0,52271.0
2007-01-25,69417.0,69417.0,66990.0,66990.0,37043.0
2007-01-26,66990.0,67961.0,66504.0,67718.0,34018.0
2007-01-29,68203.0,69174.0,67961.0,67961.0,32299.0
2007-01-30,68689.0,69417.0,66990.0,67233.0,26014.0
2007-01-31,67475.0,67961.0,64563.0,65776.0,46699.0
2007-02-01,66747.0,67475.0,66019.0,66990.0,30227.0
2007-02-02,67718.0,69902.0,67475.0,69417.0,61867.0
2007-02-05,69902.0,70873.0,68689.0,69417.0,41305.0
2007-02-06,68932.0,69417.0,67475.0,67961.0,42799.0
2007-02-07,68446.0,70145.0,67718.0,70145.0,80147.0
2007-02-08,70388.0,70873.0,68203.0,68203.0,48280.0
2007-02-09,68446.0,68932.0,66504.0,68932.0,61666.0
2007-02-12,67233.0,67961.0,66504.0,66747.0,39206.0
2007-02-13,66019.0,68446.0,66019.0,67961.0,34858.0
2007-02-14,68689.0,70145.0,68446.0,68446.0,43728.0
2007-02-15,69174.0,69417.0,67718.0,68203.0,39771.0
2007-02-16,67718.0,68446.0,67233.0,67961.0,32121.0
2007-02-20,67961.0,68932.0,67475.0,67475.0,46962.0
2007-02-21,67233.0,67961.0,66504.0,67961.0,34751.0
2007-02-22,68446.0,74514.0,68203.0,74514.0,193213.0
2007-02-23,74514.0,77184.0,73058.0,76456.0,112780.0
2007-02-26,76456.0,76456.0,74271.0,75000.0,52508.0
2007-02-27,75000.0,78155.0,73058.0,73058.0,107889.0
2007-02-28,68446.0,72572.0,68446.0,71844.0,58297.0
2007-03-02,70873.0,75728.0,70873.0,74271.0,53582.0
2007-03-05,75000.0,76456.0,73300.0,73300.0,73255.0
2007-03-06,74029.0,76456.0,74029.0,76456.0,49473.0
2007-03-07,76699.0,77184.0,75000.0,75242.0,32482.0
2007-03-08,74271.0,78155.0,74271.0,76699.0,60473.0
2007-03-09,77912.0,79126.0,77184.0,77669.0,53895.0
2007-03-12,78640.0,79611.0,75728.0,75728.0,56695.0
2007-03-13,75728.0,77427.0,75000.0,75000.0,50747.0
2007-03-14,72815.0,75485.0,72572.0,74271.0,60177.0
2007-03-15,75242.0,75970.0,74271.0,74271.0,39906.0
2007-03-16,75000.0,78640.0,74271.0,77912.0,80708.0
2007-03-19,77912.0,79126.0,77184.0,79126.0,41167.0
2007-03-20,79854.0,79854.0,77184.0,77184.0,46143.0
2007-03-21,77184.0,77427.0,74757.0,75000.0,66948.0
2007-03-22,75728.0,75970.0,73543.0,74271.0,59593.0
2007-03-23,74514.0,74757.0,73058.0,73543.0,46543.0
2007-03-26,73543.0,75485.0,73543.0,75485.0,44685.0
2007-03-27,75485.0,75970.0,74757.0,74757.0,28722.0
2007-03-28,74757.0,74757.0,72330.0,72572.0,45606.0
2007-03-29,72330.0,73786.0,72087.0,73058.0,31358.0
2007-03-30,73300.0,75242.0,73300.0,75242.0,42905.0
2007-04-02,75485.0,75728.0,74271.0,74271.0,25311.0
2007-04-03,73786.0,74271.0,71116.0,71844.0,55950.0
2007-04-04,72572.0,73786.0,71601.0,71844.0,37993.0
2007-04-05,72815.0,72815.0,71359.0,72087.0,38495.0
2007-04-06,72330.0,73300.0,71844.0,71844.0,42797.0
2007-04-09,72087.0,75242.0,72087.0,74757.0,71142.0
2007-04-10,75728.0,82038.0,75000.0,77184.0,147659.0
2007-04-11,78640.0,79611.0,76941.0,77184.0,136140.0
2007-04-12,76699.0,78640.0,76213.0,77669.0,80651.0
2007-04-13,78640.0,78640.0,76941.0,76941.0,68107.0
2007-04-16,77184.0,78398.0,76213.0,78398.0,62008.0
2007-04-17,78640.0,80825.0,77912.0,79368.0,128309.0
2007-04-18,79126.0,80097.0,78640.0,80097.0,66487.0
2007-04-19,81067.0,81067.0,77912.0,77912.0,109990.0
2007-04-20,78398.0,80825.0,78398.0,79611.0,83460.0
2007-04-23,81310.0,83980.0,80825.0,82038.0,131586.0
2007-04-24,82038.0,84466.0,81310.0,83252.0,146410.0
2007-04-25,83495.0,83737.0,78640.0,79854.0,194537.0
2007-04-26,80097.0,81067.0,75242.0,75242.0,204591.0
2007-04-27,75242.0,77184.0,73300.0,74029.0,86613.0
2007-04-30,74029.0,75485.0,72330.0,74271.0,52758.0
2007-05-02,74271.0,76456.0,74271.0,75970.0,50774.0
2007-05-03,76456.0,76699.0,74757.0,75728.0,31105.0
2007-05-04,76213.0,76213.0,73300.0,73786.0,74666.0
2007-05-07,74514.0,74757.0,73300.0,74029.0,65202.0
2007-05-08,74271.0,74514.0,71359.0,71601.0,75093.0
2007-05-09,71359.0,71359.0,67961.0,70145.0,88879.0
2007-05-10,71601.0,73543.0,70873.0,73058.0,83119.0
2007-05-11,72572.0,74271.0,71601.0,73543.0,63560.0
2007-05-14,73786.0,74271.0,70873.0,72815.0,62739.0
2007-05-15,72815.0,72815.0,70631.0,70873.0,43697.0
2007-05-16,70388.0,70388.0,67718.0,68689.0,163308.0
2007-05-17,68932.0,69660.0,67233.0,69174.0,127659.0
2007-05-18,69174.0,75242.0,68203.0,75242.0,269711.0
2007-05-21,75728.0,80097.0,75485.0,79854.0,265902.0
2007-05-22,81553.0,83495.0,78640.0,78640.0,343858.0
2007-05-23,79368.0,80097.0,75485.0,78398.0,156362.0
2007-05-25,77184.0,79854.0,75970.0,79611.0,93586.0
2007-05-28,80825.0,80825.0,77669.0,79611.0,78943.0
2007-05-29,79854.0,79854.0,76941.0,78155.0,93050.0
2007-05-30,78398.0,81067.0,76941.0,79368.0,137024.0
2007-05-31,81553.0,84466.0,80582.0,82038.0,311522.0
2007-06-01,83495.0,85436.0,79368.0,79368.0,280514.0
2007-06-04,80097.0,80582.0,77427.0,80582.0,146253.0
2007-06-05,80097.0,80582.0,77912.0,78883.0,99231.0
2007-06-07,77669.0,90534.0,76941.0,90534.0,549247.0
2007-06-08,89563.0,90291.0,82281.0,82281.0,388613.0
2007-06-11,79854.0,81067.0,70145.0,72330.0,390301.0
2007-06-12,73300.0,75485.0,72330.0,75242.0,106796.0
2007-06-13,74514.0,74514.0,72815.0,73058.0,110762.0
2007-06-14,71844.0,73058.0,70145.0,72572.0,149846.0
2007-06-15,73786.0,78398.0,73543.0,74514.0,222215.0
2007-06-18,75485.0,75728.0,72572.0,75000.0,119583.0
2007-06-19,75242.0,78640.0,74757.0,75970.0,221506.0
2007-06-20,77184.0,78398.0,74271.0,74514.0,154908.0
2007-06-21,74514.0,75242.0,73543.0,74514.0,115343.0
2007-06-22,74757.0,74757.0,71844.0,73058.0,99537.0
2007-06-25,71601.0,72815.0,70873.0,71116.0,110184.0
2007-06-26,71116.0,72087.0,70388.0,71844.0,89344.0
2007-06-27,72572.0,74029.0,71844.0,73300.0,97886.0
2007-06-28,74029.0,74514.0,72572.0,73786.0,127047.0
2007-06-29,73543.0,73543.0,69902.0,69902.0,224386.0
2007-07-02,70873.0,71844.0,70145.0,71601.0,49526.0
2007-07-03,73058.0,73058.0,71116.0,71601.0,98317.0
2007-07-04,72087.0,72572.0,70873.0,72330.0,80602.0
2007-07-05,72815.0,73058.0,71601.0,72087.0,75983.0
2007-07-06,72572.0,72572.0,69660.0,70145.0,99595.0
2007-07-09,69902.0,70873.0,69417.0,70388.0,69369.0
2007-07-10,70631.0,72087.0,70145.0,70388.0,50733.0
2007-07-11,69417.0,70145.0,68689.0,69174.0,56343.0
2007-07-12,69417.0,70631.0,69417.0,69902.0,44744.0
2007-07-13,71116.0,71359.0,69174.0,69902.0,87058.0
2007-07-16,69660.0,72330.0,69660.0,71116.0,75536.0
2007-07-18,69902.0,70145.0,67718.0,68932.0,126937.0
2007-07-19,68932.0,70631.0,68446.0,70145.0,77385.0
2007-07-20,73058.0,74271.0,71601.0,74029.0,225331.0
2007-07-23,74757.0,78398.0,74271.0,78398.0,255424.0
2007-07-24,79126.0,79368.0,75970.0,77427.0,173557.0
2007-07-25,76456.0,82281.0,75728.0,80097.0,209732.0
2007-07-26,81067.0,81310.0,77427.0,77427.0,99541.0
2007-07-27,75242.0,81067.0,74514.0,79854.0,198947.0
2007-07-30,79854.0,83495.0,79126.0,80582.0,201982.0
2007-07-31,81553.0,87864.0,80339.0,86165.0,322287.0
2007-08-01,84951.0,89805.0,83252.0,83252.0,226253.0
2007-08-02,85922.0,88834.0,83495.0,87864.0,214403.0
2007-08-03,89805.0,93446.0,88349.0,89805.0,162051.0
2007-08-06,87621.0,90291.0,85436.0,86893.0,98519.0
2007-08-07,89320.0,92961.0,89077.0,91504.0,160542.0
2007-08-08,92233.0,92233.0,88349.0,89805.0,232115.0
2007-08-09,89805.0,93446.0,88834.0,92233.0,135499.0
2007-08-10,89563.0,95145.0,89320.0,91990.0,194278.0
2007-08-13,95631.0,95631.0,88834.0,92233.0,90955.0
2007-08-14,90776.0,92718.0,88834.0,89077.0,77561.0
2007-08-16,83009.0,83980.0,75728.0,75728.0,160791.0
2007-08-17,77669.0,77669.0,70388.0,72087.0,158780.0
2007-08-20,76213.0,80097.0,74514.0,79611.0,115622.0
2007-08-21,81067.0,81553.0,74514.0,74757.0,189162.0
2007-08-22,74514.0,79126.0,74271.0,76456.0,183837.0
2007-08-23,78883.0,81310.0,77184.0,77912.0,145327.0
2007-08-24,77184.0,81553.0,77184.0,81310.0,94042.0
2007-08-27,82767.0,83252.0,79611.0,80582.0,75847.0
2007-08-28,80097.0,81553.0,79126.0,80582.0,42136.0
2007-08-29,76699.0,78640.0,75970.0,77427.0,124094.0
2007-08-30,78640.0,79126.0,75728.0,75970.0,114102.0
2007-08-31,76456.0,78398.0,76456.0,78155.0,77598.0
2007-09-03,78640.0,84223.0,77669.0,83495.0,164295.0
2007-09-04,83495.0,86165.0,81796.0,82524.0,103862.0
2007-09-05,83495.0,83980.0,79611.0,79611.0,69914.0
2007-09-06,79126.0,80582.0,77669.0,79126.0,73499.0
2007-09-07,79611.0,81067.0,76213.0,77184.0,67688.0
2007-09-10,74757.0,78883.0,74514.0,76213.0,62974.0
2007-09-11,76213.0,77184.0,74029.0,74757.0,62379.0
2007-09-12,75485.0,75970.0,71844.0,73786.0,105766.0
2007-09-13,73543.0,75000.0,72330.0,74514.0,62131.0
2007-09-14,75485.0,79611.0,74514.0,78640.0,111054.0
2007-09-17,79611.0,79611.0,76213.0,77184.0,70484.0
2007-09-18,76699.0,76699.0,73058.0,73300.0,60708.0
2007-09-19,75970.0,76699.0,74029.0,74757.0,60329.0
2007-09-20,74029.0,75000.0,72815.0,73058.0,37143.0
2007-09-21,73300.0,74514.0,72087.0,73543.0,49991.0
2007-09-27,74271.0,74757.0,72330.0,74757.0,66790.0
2007-09-28,74757.0,74757.0,73058.0,74029.0,34375.0
2007-10-01,74029.0,75728.0,73786.0,74029.0,55788.0
2007-10-02,75242.0,76941.0,74757.0,76213.0,121503.0
2007-10-04,76213.0,77184.0,74271.0,75728.0,87003.0
2007-10-05,75728.0,76213.0,74271.0,74757.0,72191.0
2007-10-08,76699.0,76941.0,73786.0,74271.0,84641.0
2007-10-09,74271.0,75242.0,72087.0,72087.0,84366.0
2007-10-10,72572.0,73058.0,71359.0,72087.0,82617.0
2007-10-11,72087.0,73786.0,71601.0,73786.0,50489.0
2007-10-12,73058.0,75000.0,72330.0,73786.0,50943.0
2007-10-15,74271.0,74757.0,71844.0,72572.0,59011.0
2007-10-16,71844.0,72330.0,69660.0,69660.0,84321.0
2007-10-17,69902.0,70631.0,68203.0,69174.0,45494.0
2007-10-18,69417.0,71844.0,68689.0,69902.0,51541.0
2007-10-19,70631.0,70631.0,65776.0,66747.0,62368.0
2007-10-22,62621.0,64320.0,61893.0,63106.0,73687.0
2007-10-23,64563.0,64563.0,61650.0,63106.0,90479.0
2007-10-24,63592.0,67718.0,62621.0,64320.0,161907.0
2007-10-25,65533.0,69174.0,64320.0,69174.0,147570.0
2007-10-26,68689.0,69174.0,66504.0,68203.0,102217.0
2007-10-29,68932.0,70145.0,66019.0,66747.0,58286.0
2007-10-30,66747.0,66747.0,63592.0,63834.0,69828.0
2007-10-31,64563.0,65048.0,64077.0,64805.0,47053.0
2007-11-01,65291.0,68203.0,64563.0,66747.0,63787.0
2007-11-02,64320.0,64805.0,63592.0,63592.0,44570.0
2007-11-05,63834.0,64320.0,61893.0,62378.0,49209.0
2007-11-06,62378.0,63349.0,58737.0,61650.0,101673.0
2007-11-07,61650.0,61893.0,57524.0,58252.0,111972.0
2007-11-08,56796.0,61165.0,56553.0,60679.0,73878.0
2007-11-09,59708.0,60679.0,56310.0,57524.0,74233.0
2007-11-12,57281.0,58980.0,54368.0,54854.0,48334.0
2007-11-13,54126.0,55825.0,53155.0,53883.0,49777.0
2007-11-14,55339.0,57524.0,54854.0,57524.0,70549.0
2007-11-15,57524.0,60436.0,56067.0,57767.0,88596.0
2007-11-16,57524.0,60194.0,56067.0,59708.0,69296.0
2007-11-19,59708.0,61165.0,58252.0,59223.0,59486.0
2007-11-20,57767.0,58252.0,55582.0,58252.0,29532.0
2007-11-21,57524.0,57767.0,55339.0,55339.0,30559.0
2007-11-22,53398.0,54126.0,47087.0,47087.0,235607.0
2007-11-23,48300.0,51699.0,47572.0,50000.0,236602.0
2007-11-26,50970.0,52669.0,50242.0,51941.0,52222.0
2007-11-27,50970.0,51699.0,49757.0,51213.0,33507.0
2007-11-28,52184.0,56310.0,51456.0,55339.0,85590.0
2007-11-29,55582.0,59223.0,55339.0,56796.0,63880.0
2007-11-30,56796.0,58737.0,56553.0,57524.0,32924.0
2007-12-03,58980.0,58980.0,56310.0,56310.0,25084.0
2007-12-04,55825.0,57767.0,54854.0,56310.0,21813.0
2007-12-05,55582.0,58737.0,55339.0,58737.0,25636.0
2007-12-06,59223.0,62135.0,58252.0,61165.0,69988.0
2007-12-07,61407.0,61407.0,59466.0,60679.0,40728.0
2007-12-10,61650.0,61650.0,58737.0,58737.0,11380.0
2007-12-11,59223.0,60436.0,57524.0,57767.0,24254.0
2007-12-12,57038.0,59951.0,56067.0,59708.0,28941.0
2007-12-13,60194.0,60922.0,58495.0,60679.0,33003.0
2007-12-14,61165.0,62378.0,60679.0,61650.0,41818.0
2007-12-17,59951.0,61893.0,58980.0,58980.0,25350.0
2007-12-18,58980.0,67475.0,58252.0,66019.0,80317.0
2007-12-20,68446.0,75242.0,64805.0,65048.0,524556.0
2007-12-21,66019.0,69417.0,64077.0,68446.0,150440.0
2007-12-24,69902.0,72330.0,69174.0,70873.0,113758.0
2007-12-26,72330.0,74029.0,69417.0,70388.0,113208.0
2007-12-27,69174.0,70873.0,68689.0,70631.0,56155.0
2007-12-28,69174.0,69660.0,67475.0,67475.0,65515.0
2008-01-02,68932.0,77427.0,67718.0,77427.0,330342.0
2008-01-03,76213.0,79854.0,74757.0,77427.0,449038.0
2008-01-04,77912.0,79611.0,72815.0,79611.0,296171.0
2008-01-07,76456.0,80097.0,75485.0,75485.0,199000.0
2008-01-08,76699.0,77912.0,73300.0,73786.0,160662.0
2008-01-09,71844.0,72330.0,69660.0,72087.0,190424.0
2008-01-10,73058.0,74029.0,69902.0,71359.0,98750.0
2008-01-11,72087.0,72330.0,69174.0,69417.0,86304.0
2008-01-14,67961.0,69417.0,66019.0,66504.0,79059.0
2008-01-15,66990.0,68203.0,62864.0,64077.0,92648.0
2008-01-16,61893.0,66504.0,60679.0,62621.0,62467.0
2008-01-17,64320.0,65533.0,61893.0,64320.0,42101.0
2008-01-18,62621.0,65533.0,60922.0,65291.0,46912.0
2008-01-21,64563.0,65291.0,60436.0,60922.0,59004.0
2008-01-22,58009.0,58980.0,51941.0,56310.0,60580.0
2008-01-23,58495.0,63349.0,57281.0,61893.0,110634.0
2008-01-24,62135.0,63106.0,60194.0,61407.0,87842.0
2008-01-25,62621.0,63349.0,60922.0,61650.0,42886.0
2008-01-28,60194.0,63349.0,57524.0,58495.0,27254.0
2008-01-29,59708.0,60436.0,57281.0,57767.0,27948.0
2008-01-30,58495.0,58980.0,52912.0,53398.0,41123.0
2008-01-31,51699.0,56067.0,51213.0,55339.0,33831.0
2008-02-01,55825.0,57038.0,54611.0,55097.0,27949.0
2008-02-04,56067.0,58980.0,55582.0,58495.0,44083.0
2008-02-05,57767.0,60194.0,56796.0,59951.0,19855.0
2008-02-11,56796.0,57767.0,56067.0,56796.0,30689.0
2008-02-12,58009.0,58009.0,56067.0,56553.0,23416.0
2008-02-13,57281.0,57524.0,55582.0,56310.0,43880.0
2008-02-14,57524.0,60436.0,57524.0,59223.0,40731.0
2008-02-15,58252.0,61650.0,58009.0,59708.0,33053.0
2008-02-18,60436.0,61650.0,59223.0,60194.0,29649.0
2008-02-19,61650.0,61650.0,60194.0,61407.0,21352.0
2008-02-20,61407.0,61407.0,58980.0,58980.0,31517.0
2008-02-21,60194.0,60194.0,58737.0,58737.0,15729.0
2008-02-22,58737.0,59951.0,56796.0,59708.0,18079.0
2008-02-25,60679.0,60922.0,58980.0,60679.0,27239.0
2008-02-26,60679.0,60922.0,58737.0,59466.0,23495.0
2008-02-27,59708.0,60436.0,58737.0,58737.0,20044.0
2008-02-28,58495.0,59951.0,58495.0,59223.0,17369.0
2008-02-29,58737.0,60194.0,58737.0,59708.0,14409.0
2008-03-03,57524.0,58737.0,57524.0,58009.0,18705.0
2008-03-04,58252.0,59223.0,57524.0,58980.0,22874.0
2008-03-05,59223.0,59466.0,57767.0,57767.0,25673.0
2008-03-06,58009.0,58980.0,57038.0,57281.0,41921.0
2008-03-07,56553.0,56553.0,54611.0,54854.0,31688.0
2008-03-10,53398.0,54126.0,50242.0,50242.0,49555.0
2008-03-11,50000.0,51699.0,49514.0,50970.0,36929.0
2008-03-12,53155.0,53398.0,50970.0,51213.0,36023.0
2008-03-13,50485.0,52184.0,49514.0,49757.0,27779.0
2008-03-14,50242.0,51213.0,48300.0,48786.0,47261.0
2008-03-17,48009.0,48495.0,45922.0,46601.0,27632.0
2008-03-18,46601.0,47330.0,45631.0,46359.0,37299.0
2008-03-19,47330.0,48252.0,46213.0,46262.0,55458.0
2008-03-20,45582.0,47281.0,45291.0,46601.0,41436.0
2008-03-21,47572.0,50485.0,47087.0,50000.0,44328.0
2008-03-24,50728.0,50970.0,49029.0,50000.0,27501.0
2008-03-25,50970.0,51213.0,49271.0,49271.0,28820.0
2008-03-26,49514.0,51456.0,49271.0,50000.0,37008.0
2008-03-27,49271.0,50242.0,47815.0,48058.0,52377.0
2008-03-28,48543.0,50485.0,48155.0,49271.0,133922.0
2008-03-31,49757.0,53398.0,49514.0,52427.0,144496.0
2008-04-01,53398.0,53640.0,51699.0,52184.0,40584.0
2008-04-02,53883.0,53883.0,51213.0,51699.0,80803.0
2008-04-03,52184.0,53155.0,51456.0,51941.0,39896.0
2008-04-04,51699.0,52184.0,50485.0,50970.0,43888.0
2008-04-07,51456.0,53155.0,51213.0,51213.0,81330.0
2008-04-08,51941.0,52912.0,51456.0,51699.0,82255.0
2008-04-10,51213.0,54126.0,50970.0,54126.0,105010.0
2008-04-11,54368.0,54611.0,52912.0,54126.0,52907.0
2008-04-14,52427.0,52669.0,51213.0,51456.0,42744.0
2008-04-15,51456.0,52184.0,50970.0,51699.0,30304.0
2008-04-16,52184.0,53640.0,51941.0,53398.0,46585.0
2008-04-17,53883.0,55339.0,52427.0,52427.0,33792.0
2008-04-18,52427.0,53640.0,52184.0,52912.0,29568.0
2008-04-21,54126.0,55339.0,53398.0,54611.0,47713.0
2008-04-22,54854.0,55339.0,54126.0,54611.0,41492.0
2008-04-23,54854.0,56067.0,54611.0,55582.0,40236.0
2008-04-24,55825.0,56310.0,54368.0,54611.0,34311.0
2008-04-25,55097.0,56067.0,54368.0,54854.0,29278.0
2008-04-28,55339.0,55339.0,53883.0,53883.0,24392.0
2008-04-29,53883.0,56310.0,53398.0,53640.0,68665.0
2008-04-30,54611.0,55825.0,54368.0,55339.0,33778.0
2008-05-02,56310.0,60194.0,55825.0,58737.0,90559.0
2008-05-06,58737.0,59466.0,57524.0,59223.0,45590.0
2008-05-07,59223.0,60194.0,57281.0,57767.0,56735.0
2008-05-08,56796.0,60679.0,56796.0,59708.0,51129.0
2008-05-09,60679.0,61650.0,59223.0,61165.0,54342.0
2008-05-13,61893.0,62135.0,59466.0,60436.0,43933.0
2008-05-14,60679.0,60679.0,58252.0,59951.0,37206.0
2008-05-15,59951.0,62621.0,58980.0,62378.0,91902.0
2008-05-16,62864.0,62864.0,61165.0,62378.0,39333.0
2008-05-19,62621.0,62621.0,59708.0,59708.0,59069.0
2008-05-20,62135.0,63592.0,60922.0,62621.0,107260.0
2008-05-21,61893.0,64320.0,61650.0,61893.0,76984.0
2008-05-22,60922.0,63349.0,59708.0,63349.0,67329.0
2008-05-23,63349.0,63592.0,61650.0,61650.0,42712.0
2008-05-26,60922.0,63106.0,60194.0,63106.0,44090.0
2008-05-27,62621.0,64320.0,61893.0,61893.0,40443.0
2008-05-28,61893.0,62621.0,58495.0,60679.0,88922.0
2008-05-29,60679.0,61407.0,59708.0,59708.0,62751.0
2008-05-30,60436.0,60436.0,58737.0,59223.0,47352.0
2008-06-02,59223.0,59466.0,57038.0,57038.0,57879.0
2008-06-03,55825.0,58495.0,55825.0,57038.0,37392.0
2008-06-04,57767.0,61165.0,57524.0,60679.0,89499.0
2008-06-05,60679.0,61165.0,58980.0,59223.0,57827.0
2008-06-09,57767.0,60922.0,57281.0,60679.0,46305.0
2008-06-10,61165.0,61165.0,58737.0,59223.0,43969.0
2008-06-11,60194.0,63349.0,59951.0,63106.0,83639.0
2008-06-12,62621.0,64805.0,61893.0,63592.0,82825.0
2008-06-13,65533.0,65533.0,61407.0,61407.0,64352.0
2008-06-16,62135.0,63349.0,60194.0,61165.0,51607.0
2008-06-17,60922.0,60922.0,58737.0,59708.0,58879.0
2008-06-18,59223.0,60679.0,58737.0,58980.0,56240.0
2008-06-19,58252.0,58252.0,54126.0,54611.0,111296.0
2008-06-20,55339.0,57767.0,54854.0,57281.0,60729.0
2008-06-23,56796.0,56796.0,55097.0,56310.0,33860.0
2008-06-24,56553.0,57524.0,54368.0,55339.0,33582.0
2008-06-25,55582.0,58252.0,53883.0,57038.0,53222.0
2008-06-26,58980.0,60436.0,57524.0,58495.0,95837.0
2008-06-27,56553.0,57281.0,54854.0,56067.0,28001.0
2008-06-30,54854.0,57038.0,54854.0,55097.0,23407.0
2008-07-01,55097.0,56796.0,54368.0,55582.0,29419.0
2008-07-02,55825.0,55825.0,49757.0,50485.0,57110.0
2008-07-03,48786.0,50970.0,47087.0,49514.0,42459.0
2008-07-04,49271.0,50485.0,48398.0,48786.0,36808.0
2008-07-07,47961.0,48786.0,46456.0,46844.0,41801.0
2008-07-08,47767.0,47961.0,44660.0,45631.0,39282.0
2008-07-09,47087.0,49757.0,46844.0,47912.0,39228.0
2008-07-10,46699.0,51213.0,46601.0,51213.0,33659.0
2008-07-11,51213.0,53398.0,50242.0,52669.0,25912.0
2008-07-14,51213.0,52427.0,50970.0,51699.0,16982.0
2008-07-15,51456.0,52184.0,48106.0,48446.0,31922.0
2008-07-16,48543.0,50485.0,47767.0,48058.0,65670.0
2008-07-17,50000.0,50728.0,49029.0,49271.0,22499.0
2008-07-18,50242.0,52427.0,50000.0,50485.0,25206.0
2008-07-21,51456.0,52669.0,51456.0,52427.0,20717.0
2008-07-22,52184.0,53155.0,51456.0,52669.0,21284.0
2008-07-23,53398.0,56553.0,53398.0,55339.0,64436.0
2008-07-24,55825.0,57038.0,54854.0,55825.0,28818.0
2008-07-25,54611.0,55097.0,53640.0,54611.0,12827.0
2008-07-28,55097.0,56553.0,54854.0,55582.0,12691.0
2008-07-29,55339.0,55339.0,52669.0,53398.0,33694.0
2008-07-30,54368.0,54368.0,51456.0,51941.0,37370.0
2008-07-31,52912.0,55097.0,52427.0,53640.0,35257.0
2008-08-01,53640.0,54126.0,50970.0,51456.0,24794.0
2008-08-04,51456.0,51699.0,49514.0,49757.0,9836.0
2008-08-05,49757.0,51456.0,48203.0,48543.0,19923.0
2008-08-06,50000.0,50728.0,49271.0,50485.0,11391.0
2008-08-07,50242.0,50970.0,47087.0,48300.0,60442.0
2008-08-08,47621.0,48252.0,46941.0,47524.0,66207.0
2008-08-11,48300.0,48786.0,47864.0,48300.0,38421.0
2008-08-12,48543.0,48786.0,47669.0,48106.0,15990.0
2008-08-13,48106.0,48786.0,47572.0,48300.0,14071.0
2008-08-14,47718.0,48446.0,47330.0,48398.0,18522.0
2008-08-18,49514.0,50000.0,47864.0,48252.0,37563.0
2008-08-19,47767.0,48203.0,46941.0,47815.0,20688.0
2008-08-20,47718.0,49029.0,47184.0,48543.0,25253.0
2008-08-21,48786.0,48786.0,46601.0,46601.0,23485.0
2008-08-22,46067.0,46893.0,45097.0,45533.0,17122.0
2008-08-25,46601.0,46699.0,45000.0,45097.0,21824.0
2008-08-26,43689.0,45097.0,43689.0,44902.0,11712.0
2008-08-27,44660.0,44902.0,43640.0,44417.0,20117.0
2008-08-28,44417.0,44708.0,42038.0,42184.0,40899.0
2008-08-29,42621.0,43203.0,42330.0,43009.0,23871.0
2008-09-01,41747.0,41747.0,36601.0,36601.0,56869.0
2008-09-02,34951.0,36407.0,31116.0,31116.0,150104.0
2008-09-03,31553.0,33980.0,31553.0,33834.0,188687.0
2008-09-04,33980.0,35048.0,32475.0,33155.0,102542.0
2008-09-05,32038.0,35194.0,31553.0,33786.0,81153.0
2008-09-08,35388.0,38834.0,34951.0,38737.0,106065.0
2008-09-09,38737.0,39271.0,37427.0,38592.0,47122.0
2008-09-10,37621.0,40339.0,37621.0,38737.0,60638.0
2008-09-11,38592.0,40000.0,38155.0,38640.0,40425.0
2008-09-12,39757.0,40048.0,39320.0,39563.0,38150.0
2008-09-16,33980.0,36747.0,33980.0,34951.0,46128.0
2008-09-17,35922.0,38106.0,35922.0,37330.0,34174.0
2008-09-18,35533.0,36747.0,34757.0,35922.0,58828.0
2008-09-19,38349.0,38349.0,36650.0,36699.0,47187.0
2008-09-22,37378.0,37378.0,35922.0,36165.0,29303.0
2008-09-23,35873.0,36504.0,35485.0,36407.0,32419.0
2008-09-24,36747.0,36893.0,35825.0,36310.0,39648.0
2008-09-25,36213.0,37378.0,35825.0,36553.0,34830.0
2008-09-26,36893.0,39563.0,36796.0,39077.0,107056.0
2008-09-29,39320.0,39660.0,37621.0,38155.0,50333.0
2008-09-30,35048.0,37378.0,34466.0,37378.0,24620.0
2008-10-01,38106.0,38495.0,37378.0,37524.0,20844.0
2008-10-02,38106.0,38106.0,35048.0,35048.0,44104.0
2008-10-06,34466.0,34660.0,32330.0,33155.0,32585.0
2008-10-07,30825.0,32864.0,30825.0,32572.0,27888.0
2008-10-08,31407.0,32572.0,27718.0,27718.0,53229.0
2008-10-09,27766.0,28834.0,25533.0,25970.0,100028.0
2008-10-10,24101.0,24951.0,23131.0,23786.0,56310.0
2008-10-13,23834.0,27184.0,23834.0,27135.0,41006.0
2008-10-14,29077.0,31165.0,28737.0,31165.0,46478.0
2008-10-15,30922.0,31601.0,29660.0,30097.0,41091.0
2008-10-16,27378.0,27912.0,25582.0,25582.0,65059.0
2008-10-17,26456.0,26796.0,22427.0,24320.0,65311.0
2008-10-20,24514.0,25485.0,23276.0,25242.0,31064.0
2008-10-21,27135.0,27135.0,25242.0,25291.0,40810.0
2008-10-22,25485.0,25485.0,22087.0,23349.0,46596.0
2008-10-23,20922.0,21820.0,19854.0,20145.0,53291.0
2008-10-24,19417.0,19660.0,17135.0,17135.0,45532.0
2008-10-27,15728.0,17961.0,14611.0,15485.0,49055.0
2008-10-28,13883.0,17135.0,13834.0,16844.0,105188.0
2008-10-29,17961.0,18689.0,14805.0,15800.0,64398.0
2008-10-30,16990.0,18155.0,16723.0,18155.0,38665.0
2008-10-31,19368.0,19902.0,17961.0,18203.0,69733.0
2008-11-03,18131.0,18543.0,16771.0,18519.0,210419.0
2008-11-04,20145.0,21286.0,19466.0,21286.0,88006.0
2008-11-05,24466.0,24466.0,24466.0,24466.0,30249.0
2008-11-06,24757.0,25533.0,22912.0,23956.0,336146.0
2008-11-07,21359.0,24951.0,21359.0,24660.0,151433.0
2008-11-10,24951.0,25873.0,22912.0,24223.0,150823.0
2008-11-11,23300.0,25145.0,23058.0,23762.0,94479.0
2008-11-12,23058.0,23519.0,22233.0,22475.0,51118.0
2008-11-13,20485.0,20873.0,19126.0,19684.0,83642.0
2008-11-14,21359.0,22621.0,20873.0,22621.0,66246.0
2008-11-17,23300.0,25194.0,22815.0,22815.0,173714.0
2008-11-18,22330.0,22330.0,21116.0,21116.0,48372.0
2008-11-19,21456.0,21820.0,18932.0,19441.0,53432.0
2008-11-20,17281.0,17961.0,16529.0,16529.0,84317.0
2008-11-21,15412.0,19004.0,14660.0,18907.0,66195.0
2008-11-24,18349.0,20485.0,18058.0,18058.0,125847.0
2008-11-25,19174.0,19417.0,17063.0,17208.0,47474.0
2008-11-26,17475.0,19271.0,17475.0,19150.0,73467.0
2008-11-27,19708.0,20631.0,19393.0,19708.0,87680.0
2008-11-28,20145.0,21747.0,19660.0,19878.0,89295.0
2008-12-01,20121.0,20606.0,19878.0,19902.0,64838.0
2008-12-02,18252.0,20242.0,18009.0,19854.0,59839.0
2008-12-03,20436.0,21456.0,19902.0,20631.0,76647.0
2008-12-04,21601.0,21601.0,19174.0,19393.0,44998.0
2008-12-05,19393.0,19854.0,19077.0,19563.0,29445.0
2008-12-08,19902.0,21456.0,19902.0,21116.0,89658.0
2008-12-09,21553.0,21601.0,20606.0,21116.0,47368.0
2008-12-10,21213.0,22111.0,20388.0,21456.0,76290.0
2008-12-11,21893.0,23640.0,21553.0,22815.0,105805.0
2008-12-12,22791.0,26213.0,22038.0,25242.0,251146.0
2008-12-15,27669.0,29029.0,27427.0,29029.0,61905.0
2008-12-16,33349.0,33349.0,30000.0,30776.0,509387.0
2008-12-17,32330.0,32427.0,27961.0,29611.0,269147.0
2008-12-18,29854.0,34029.0,28446.0,31990.0,340203.0
2008-12-19,31990.0,34611.0,31553.0,32621.0,240397.0
2008-12-22,33883.0,36456.0,33495.0,35000.0,313755.0
2008-12-23,35000.0,35000.0,31553.0,31553.0,128359.0
2008-12-24,30388.0,31067.0,27184.0,28932.0,191794.0
2008-12-26,28980.0,31067.0,28155.0,28640.0,120407.0
2008-12-29,29563.0,29757.0,28300.0,29320.0,52495.0
2008-12-30,29126.0,29951.0,28495.0,29708.0,85567.0
2009-01-02,29563.0,29708.0,27669.0,28640.0,151312.0
2009-01-05,29174.0,29271.0,27912.0,28155.0,129195.0
2009-01-06,28737.0,31407.0,28737.0,30825.0,201419.0
2009-01-07,32038.0,33883.0,31553.0,32572.0,229433.0
2009-01-08,31796.0,37427.0,30291.0,37427.0,404837.0
2009-01-09,38543.0,38543.0,34466.0,34466.0,331471.0
2009-01-12,33495.0,33495.0,31019.0,31796.0,129207.0
2009-01-13,31359.0,34077.0,30728.0,33252.0,131144.0
2009-01-14,32135.0,33737.0,32087.0,32864.0,107067.0
2009-01-15,30825.0,31796.0,28640.0,28737.0,112565.0
2009-01-16,29757.0,31796.0,29126.0,31796.0,79206.0
2009-01-19,32233.0,33349.0,30922.0,32087.0,109863.0
2009-01-20,31553.0,34174.0,31165.0,33689.0,188253.0
2009-01-21,31893.0,34174.0,31844.0,32718.0,97839.0
2009-01-22,34029.0,34126.0,31990.0,31990.0,84878.0
2009-01-23,31067.0,31990.0,30097.0,30485.0,58083.0
2009-01-28,31310.0,32038.0,30873.0,31747.0,56614.0
2009-01-29,32281.0,32718.0,30873.0,31067.0,74615.0
2009-01-30,30388.0,31941.0,30291.0,31310.0,39165.0
2009-02-02,31067.0,31747.0,30339.0,30825.0,42943.0
2009-02-03,30825.0,31553.0,30485.0,31067.0,37102.0
2009-02-04,31747.0,32718.0,31650.0,31844.0,81737.0
2009-02-05,31553.0,32621.0,30436.0,30436.0,71720.0
2009-02-06,31019.0,31310.0,30485.0,30873.0,28565.0
2009-02-09,31796.0,33640.0,31310.0,32669.0,143099.0
2009-02-10,33446.0,35728.0,32378.0,35436.0,219241.0
2009-02-11,34271.0,38834.0,33640.0,37864.0,297798.0
2009-02-12,38106.0,38349.0,35388.0,35533.0,155493.0
2009-02-13,35922.0,36941.0,35194.0,35533.0,124060.0
2009-02-16,35436.0,37378.0,34563.0,35922.0,98818.0
2009-02-17,35825.0,36893.0,33640.0,33640.0,96238.0
2009-02-18,33446.0,34951.0,31553.0,34951.0,94694.0
2009-02-19,35000.0,36359.0,33883.0,35970.0,106771.0
2009-02-20,34951.0,35728.0,33252.0,33252.0,54141.0
2009-02-23,33009.0,35145.0,32524.0,34563.0,66488.0
2009-02-24,32961.0,33446.0,32766.0,33349.0,47060.0
2009-02-25,34320.0,34466.0,31067.0,31067.0,50027.0
2009-02-26,31310.0,32621.0,29660.0,30242.0,41201.0
2009-02-27,30097.0,32475.0,30097.0,32475.0,41249.0
2009-03-02,31262.0,31650.0,30194.0,30582.0,26279.0
2009-03-03,28252.0,30970.0,27912.0,29320.0,47116.0
2009-03-04,30194.0,30825.0,29611.0,30776.0,31175.0
2009-03-05,31504.0,31941.0,29951.0,30048.0,45396.0
2009-03-06,29174.0,29854.0,29126.0,29805.0,21245.0
2009-03-09,30825.0,30825.0,29611.0,30194.0,36939.0
2009-03-10,29611.0,31990.0,29611.0,31844.0,70137.0
2009-03-11,33009.0,33058.0,32135.0,32669.0,60529.0
2009-03-12,32524.0,33203.0,31456.0,31456.0,36431.0
2009-03-13,32038.0,33446.0,31893.0,33446.0,44638.0
2009-03-16,34320.0,35485.0,33737.0,34417.0,80283.0
2009-03-17,35194.0,36407.0,34611.0,35922.0,104085.0
2009-03-18,36650.0,37184.0,35485.0,36067.0,87405.0
2009-03-19,36601.0,36747.0,34466.0,34466.0,63776.0
2009-03-20,34514.0,35825.0,33737.0,35825.0,69515.0
2009-03-23,36262.0,36456.0,35679.0,36407.0,75194.0
2009-03-24,37475.0,38592.0,36941.0,38106.0,158582.0
2009-03-25,38155.0,38349.0,37087.0,37766.0,75562.0
2009-03-26,38155.0,38980.0,37718.0,38543.0,96547.0
2009-03-27,38834.0,38834.0,35631.0,35631.0,125196.0
2009-03-30,36019.0,37621.0,35485.0,36019.0,78197.0
2009-03-31,36650.0,37621.0,36067.0,37135.0,57738.0
2009-04-01,37135.0,38834.0,36213.0,38786.0,91229.0
2009-04-02,39805.0,43640.0,39757.0,42233.0,326036.0
2009-04-03,42475.0,43252.0,40533.0,42233.0,186776.0
2009-04-06,41941.0,42815.0,41262.0,41844.0,167516.0
2009-04-07,41504.0,41893.0,40048.0,41844.0,110579.0
2009-04-08,40631.0,42815.0,40582.0,40582.0,88659.0
2009-04-09,41456.0,43398.0,41310.0,42718.0,118560.0
2009-04-10,43737.0,44660.0,42233.0,43980.0,129267.0
2009-04-13,45631.0,46601.0,44126.0,45436.0,135626.0
2009-04-14,45000.0,45533.0,43495.0,45145.0,70581.0
2009-04-15,43786.0,44029.0,40582.0,43543.0,99575.0
2009-04-16,44563.0,45145.0,42087.0,42087.0,70069.0
2009-04-17,42912.0,42912.0,39902.0,39951.0,77153.0
2009-04-20,39854.0,40485.0,38786.0,40388.0,54332.0
2009-04-21,39126.0,40436.0,38592.0,40291.0,35561.0
2009-04-22,40873.0,41796.0,40388.0,41310.0,65587.0
2009-04-23,41747.0,41990.0,40533.0,41504.0,64252.0
2009-04-24,41601.0,41990.0,39223.0,39320.0,101622.0
2009-04-27,39563.0,39902.0,38592.0,38834.0,53911.0
2009-04-28,39271.0,42475.0,38106.0,38834.0,172349.0
2009-04-29,39660.0,40485.0,38834.0,39757.0,64839.0
2009-04-30,40291.0,41262.0,40000.0,40776.0,77392.0
2009-05-04,41504.0,42669.0,40776.0,41990.0,73275.0
2009-05-06,42961.0,43398.0,41504.0,43349.0,113653.0
2009-05-07,44417.0,44417.0,42233.0,42961.0,71182.0
2009-05-08,43106.0,44174.0,42718.0,43106.0,76392.0
2009-05-11,43834.0,43932.0,42815.0,42961.0,47515.0
2009-05-12,42281.0,42669.0,41504.0,41650.0,42192.0
2009-05-13,41990.0,42281.0,40631.0,41747.0,64738.0
2009-05-14,41504.0,41553.0,40728.0,41359.0,40448.0
2009-05-15,41844.0,42135.0,40873.0,41553.0,37359.0
2009-05-18,42233.0,42815.0,40825.0,42815.0,48799.0
2009-05-19,43689.0,45145.0,42864.0,44757.0,160452.0
2009-05-20,44951.0,45728.0,44271.0,44660.0,91469.0
2009-05-21,44368.0,44660.0,43155.0,43446.0,69518.0
2009-05-22,42815.0,44223.0,42378.0,42378.0,59360.0
2009-05-25,41747.0,43495.0,36067.0,43203.0,99374.0
2009-05-26,43786.0,44029.0,40873.0,41019.0,69569.0
2009-05-27,41747.0,41747.0,40291.0,40339.0,37015.0
2009-05-28,39466.0,40582.0,38834.0,40339.0,34830.0
2009-05-29,41067.0,41067.0,39854.0,40048.0,28004.0
2009-06-01,40728.0,40728.0,39514.0,40533.0,47814.0
2009-06-02,41165.0,42038.0,39902.0,39902.0,70263.0
2009-06-03,40291.0,41699.0,39757.0,41553.0,59620.0
2009-06-04,41844.0,44514.0,41747.0,42087.0,217160.0
2009-06-05,43203.0,43203.0,40533.0,41747.0,63639.0
2009-06-08,41941.0,42233.0,40970.0,40970.0,40717.0
2009-06-09,41262.0,42524.0,40097.0,40097.0,56746.0
2009-06-10,40582.0,40922.0,39320.0,40000.0,59461.0
2009-06-11,40922.0,42378.0,40776.0,42135.0,91672.0
2009-06-12,42718.0,43349.0,41893.0,42038.0,71481.0
2009-06-15,42135.0,42135.0,40631.0,40825.0,36689.0
2009-06-16,40436.0,41747.0,40388.0,41116.0,29520.0
2009-06-17,40922.0,42961.0,40533.0,42718.0,87834.0
2009-06-18,42815.0,44029.0,41990.0,43689.0,111788.0
2009-06-19,43932.0,44174.0,42572.0,43640.0,72396.0
2009-06-22,43980.0,44077.0,42815.0,43689.0,42673.0
2009-06-23,42378.0,42815.0,40776.0,40825.0,49744.0
2009-06-24,41456.0,41941.0,40533.0,41165.0,30835.0
2009-06-25,41262.0,41747.0,40825.0,41262.0,44025.0
2009-06-26,41650.0,41650.0,40485.0,41019.0,33551.0
2009-06-29,41407.0,41407.0,39660.0,39660.0,40118.0
2009-06-30,40291.0,40485.0,39417.0,40242.0,32504.0
2009-07-01,39951.0,40631.0,39805.0,40291.0,28183.0
2009-07-02,40533.0,40533.0,39660.0,40194.0,31125.0
2009-07-03,39563.0,39902.0,39514.0,39563.0,30829.0
2009-07-06,39660.0,39660.0,38300.0,38495.0,82411.0
2009-07-07,38349.0,38495.0,37378.0,37766.0,65347.0
2009-07-08,37378.0,38349.0,37378.0,37669.0,28869.0
2009-07-09,37621.0,38446.0,37621.0,37912.0,22106.0
2009-07-10,38300.0,38300.0,36553.0,36747.0,40743.0
2009-07-13,36407.0,36893.0,34660.0,34951.0,42918.0
2009-07-14,35194.0,35631.0,33300.0,33300.0,65277.0
2009-07-15,33252.0,34514.0,33252.0,34029.0,56608.0
2009-07-16,34805.0,35388.0,34320.0,34708.0,25036.0
2009-07-17,35339.0,35339.0,33495.0,33932.0,46716.0
2009-07-20,33932.0,34951.0,33786.0,34708.0,46567.0
2009-07-21,35436.0,35582.0,34854.0,35291.0,53728.0
2009-07-22,35679.0,35873.0,34951.0,35291.0,47531.0
2009-07-23,35291.0,35388.0,34320.0,34708.0,48311.0
2009-07-24,35000.0,35679.0,34757.0,35388.0,50859.0
2009-07-27,35485.0,35776.0,35097.0,35388.0,55107.0
2009-07-28,35533.0,36116.0,35145.0,35194.0,67475.0
2009-07-29,35485.0,35533.0,34757.0,34757.0,47851.0
2009-07-30,34563.0,34902.0,34126.0,34466.0,42113.0
2009-07-31,34660.0,35242.0,34611.0,34951.0,49464.0
2009-08-03,34951.0,37475.0,34854.0,37281.0,101938.0
2009-08-04,37621.0,37669.0,36310.0,36893.0,92960.0
2009-08-05,36893.0,37233.0,36601.0,37087.0,57418.0
2009-08-06,37087.0,38495.0,37087.0,37864.0,85752.0
2009-08-07,38300.0,39320.0,38009.0,38786.0,109466.0
2009-08-10,39417.0,39563.0,38398.0,38398.0,59780.0
2009-08-11,38349.0,38737.0,37524.0,38106.0,32933.0
2009-08-12,37864.0,37864.0,36893.0,37572.0,44979.0
2009-08-13,37864.0,37864.0,36893.0,37475.0,76647.0
2009-08-14,37864.0,37864.0,37087.0,37087.0,72058.0
2009-08-17,36844.0,37184.0,35388.0,35679.0,51345.0
2009-08-18,34951.0,36310.0,34757.0,35388.0,43523.0
2009-08-19,35533.0,36116.0,35436.0,35436.0,40970.0
2009-08-20,35679.0,35922.0,34951.0,35922.0,26506.0
2009-08-21,36116.0,36116.0,34417.0,34854.0,42839.0
2009-08-24,35436.0,36407.0,34854.0,36359.0,53885.0
2009-08-25,36310.0,36699.0,35679.0,35679.0,27695.0
2009-08-26,35776.0,36067.0,35339.0,35873.0,20550.0
2009-08-27,35533.0,37961.0,35533.0,37864.0,127765.0
2009-08-28,38252.0,38398.0,36844.0,37378.0,51611.0
2009-08-31,37621.0,37621.0,35388.0,35825.0,73116.0
2009-09-01,35825.0,35825.0,34951.0,35485.0,36454.0
2009-09-02,34805.0,35485.0,34611.0,34611.0,37728.0
2009-09-03,34708.0,35097.0,34077.0,34223.0,54300.0
2009-09-04,34271.0,34708.0,34223.0,34611.0,27863.0
2009-09-07,34708.0,34757.0,34271.0,34417.0,23039.0
2009-09-08,34514.0,34805.0,34271.0,34466.0,28766.0
2009-09-09,34514.0,34611.0,33543.0,34029.0,48371.0
2009-09-10,34029.0,34660.0,34029.0,34611.0,31323.0
2009-09-11,34708.0,34757.0,34223.0,34368.0,25265.0
2009-09-14,34563.0,34563.0,34126.0,34174.0,17465.0
2009-09-15,34417.0,34611.0,34174.0,34271.0,19448.0
2009-09-16,34368.0,34805.0,34368.0,34368.0,36778.0
2009-09-17,34660.0,35339.0,34514.0,35145.0,49484.0
2009-09-18,35388.0,36650.0,34805.0,36359.0,73847.0
2009-09-21,36407.0,36844.0,35485.0,35825.0,36481.0
2009-09-22,35922.0,36165.0,35436.0,35485.0,25107.0
2009-09-23,35533.0,35582.0,34514.0,34708.0,30765.0
2009-09-24,34708.0,35679.0,34271.0,34660.0,36054.0
2009-09-25,34708.0,34951.0,34077.0,34611.0,25848.0
2009-09-28,34320.0,34563.0,33689.0,33980.0,27608.0
2009-09-29,33980.0,34417.0,33834.0,34029.0,26285.0
2009-09-30,33980.0,34077.0,33252.0,33446.0,29500.0
2009-10-01,33737.0,33737.0,32378.0,32864.0,26605.0
2009-10-05,32475.0,33155.0,32281.0,32864.0,14082.0
2009-10-06,32961.0,33203.0,32184.0,32524.0,17169.0
2009-10-07,33155.0,33155.0,32281.0,32524.0,14388.0
2009-10-08,32524.0,32718.0,32233.0,32669.0,10641.0
2009-10-09,32864.0,33592.0,32524.0,33495.0,25109.0
2009-10-12,33834.0,35097.0,33349.0,35000.0,56180.0
2009-10-13,35000.0,35339.0,34320.0,35194.0,45209.0
2009-10-14,35194.0,35776.0,34951.0,35242.0,29332.0
2009-10-15,35339.0,35436.0,34320.0,34320.0,25602.0
2009-10-16,34466.0,34611.0,33932.0,34320.0,13155.0
2009-10-19,33932.0,34417.0,33398.0,34417.0,13841.0
2009-10-20,34223.0,34854.0,33980.0,34368.0,16469.0
2009-10-21,34029.0,34368.0,33883.0,34368.0,13388.0
2009-10-22,34223.0,34223.0,33495.0,33883.0,14474.0
2009-10-23,33980.0,34174.0,33592.0,33786.0,12503.0
2009-10-26,33543.0,33932.0,33252.0,33252.0,17574.0
2009-10-27,33058.0,33495.0,32669.0,32766.0,18659.0
2009-10-28,32815.0,32815.0,31116.0,31116.0,31993.0
2009-10-29,30631.0,30970.0,30048.0,30388.0,21436.0
2009-10-30,31019.0,31650.0,30728.0,31407.0,14815.0
2009-11-02,31019.0,31116.0,30097.0,30097.0,13700.0
2009-11-03,30339.0,30582.0,30097.0,30388.0,8718.0
2009-11-04,30922.0,30922.0,30194.0,30631.0,6500.0
2009-11-05,30436.0,30582.0,29951.0,30000.0,9372.0
2009-11-06,30339.0,30728.0,30097.0,30339.0,8156.0
2009-11-09,30582.0,32087.0,30582.0,31456.0,34132.0
2009-11-10,31893.0,31893.0,30970.0,31116.0,12636.0
2009-11-11,30922.0,31553.0,30922.0,31067.0,6880.0
2009-11-12,31116.0,31262.0,30970.0,31019.0,6329.0
2009-11-13,31019.0,31067.0,30339.0,30436.0,6470.0
2009-11-16,30582.0,30825.0,30339.0,30728.0,8285.0
2009-11-17,30485.0,30679.0,30242.0,30388.0,15842.0
2009-11-18,30339.0,30631.0,30339.0,30436.0,9626.0
2009-11-19,30436.0,30825.0,30339.0,30533.0,12859.0
2009-11-20,30533.0,30533.0,29223.0,29951.0,37648.0
2009-11-23,29951.0,30145.0,29902.0,30000.0,11409.0
2009-11-24,30145.0,30533.0,28543.0,28883.0,52417.0
2009-11-25,29271.0,29271.0,28300.0,28640.0,39051.0
2009-11-26,28640.0,28980.0,28495.0,28495.0,11399.0
2009-11-27,28203.0,28203.0,26796.0,26941.0,29527.0
2009-11-30,27427.0,27524.0,26893.0,27038.0,48760.0
2009-12-01,27087.0,27233.0,26796.0,26941.0,20723.0
2009-12-02,27233.0,27815.0,26990.0,27669.0,19448.0
2009-12-03,27718.0,28300.0,27718.0,28106.0,18161.0
2009-12-04,28155.0,29854.0,28106.0,29854.0,73066.0
2009-12-07,30339.0,30339.0,29563.0,29951.0,20402.0
2009-12-08,29951.0,29951.0,28980.0,29466.0,21469.0
2009-12-09,29271.0,29320.0,28883.0,29320.0,18892.0
2009-12-10,29320.0,29757.0,28980.0,29514.0,15425.0
2009-12-11,29757.0,30631.0,29514.0,30388.0,24219.0
2009-12-14,30242.0,31165.0,30242.0,31067.0,21479.0
2009-12-15,30873.0,31165.0,30485.0,30631.0,15023.0
2009-12-16,30339.0,31213.0,30339.0,30825.0,16651.0
2009-12-17,31067.0,31067.0,30728.0,30873.0,10214.0
2009-12-18,30679.0,30776.0,30242.0,30582.0,12607.0
2009-12-21,30776.0,31359.0,30485.0,31213.0,17426.0
2009-12-22,31067.0,31844.0,31019.0,31359.0,17245.0
2009-12-23,31359.0,31796.0,30776.0,30776.0,22926.0
2009-12-24,31019.0,31844.0,30776.0,31456.0,31715.0
2009-12-28,31796.0,31941.0,31310.0,31893.0,29074.0
2009-12-29,31359.0,31844.0,31116.0,31699.0,16578.0
2009-12-30,31650.0,32330.0,31213.0,32330.0,17034.0
2010-01-04,32330.0,32378.0,31699.0,31893.0,18514.0
2010-01-05,31796.0,31844.0,31019.0,31019.0,28780.0
2010-01-06,30970.0,31310.0,30873.0,31262.0,16385.0
2010-01-07,31116.0,31601.0,31116.0,31262.0,20378.0
2010-01-08,31310.0,31359.0,30582.0,31067.0,27921.0
2010-01-11,31165.0,31165.0,30728.0,30970.0,21887.0
2010-01-12,31067.0,31990.0,30679.0,30873.0,24943.0
2010-01-13,30679.0,30728.0,30097.0,30097.0,30045.0
2010-01-14,30291.0,30533.0,30097.0,30291.0,14063.0
2010-01-15,30339.0,30970.0,30291.0,30922.0,18346.0
2010-01-18,30970.0,31213.0,30388.0,30679.0,18397.0
2010-01-19,30728.0,30873.0,30436.0,30582.0,13420.0
2010-01-20,30679.0,30728.0,30097.0,30145.0,27125.0
2010-01-21,30339.0,30582.0,30000.0,30145.0,17703.0
2010-01-22,29951.0,30097.0,29077.0,29368.0,25373.0
2010-01-25,29466.0,29466.0,28446.0,28786.0,23093.0
2010-01-26,28932.0,29029.0,28155.0,28398.0,17340.0
2010-01-27,28155.0,28834.0,28106.0,28398.0,18037.0
2010-01-28,28543.0,28737.0,28155.0,28640.0,16774.0
2010-01-29,28349.0,28349.0,27669.0,27718.0,23082.0
2010-02-01,27427.0,27718.0,26893.0,27087.0,19812.0
2010-02-02,27135.0,27378.0,26504.0,26504.0,25777.0
2010-02-03,26844.0,27233.0,26747.0,27184.0,19903.0
2010-02-04,27281.0,27281.0,26650.0,26747.0,34354.0
2010-02-05,25679.0,26019.0,25485.0,25970.0,30794.0
2010-02-08,26116.0,26116.0,25242.0,25242.0,13679.0
2010-02-09,25242.0,25485.0,24757.0,25097.0,23461.0
2010-02-10,25242.0,25291.0,24805.0,24854.0,10712.0
2010-02-11,25145.0,25436.0,24951.0,25242.0,29931.0
2010-02-12,25436.0,25436.0,25000.0,25048.0,19740.0
2010-02-16,25000.0,25145.0,24757.0,25097.0,29662.0
2010-02-17,25291.0,25631.0,25194.0,25339.0,36859.0
2010-02-18,25485.0,25485.0,24757.0,24854.0,46762.0
2010-02-19,24951.0,24951.0,24247.0,24368.0,49481.0
2010-02-22,24514.0,24854.0,24514.0,24805.0,20417.0
2010-02-23,24805.0,24805.0,24466.0,24514.0,13958.0
2010-02-24,24320.0,24660.0,24271.0,24320.0,19833.0
2010-02-25,24417.0,24660.0,24029.0,24126.0,24544.0
2010-02-26,24077.0,24466.0,24029.0,24320.0,14482.0
2010-03-02,24368.0,24563.0,24199.0,24199.0,25345.0
2010-03-03,24271.0,24611.0,24247.0,24514.0,12315.0
2010-03-04,24611.0,24902.0,24368.0,24514.0,14912.0
2010-03-05,24660.0,25000.0,24417.0,24951.0,39351.0
2010-03-08,24951.0,25194.0,24757.0,25145.0,24467.0
2010-03-09,25145.0,25145.0,24514.0,24660.0,29016.0
2010-03-10,24708.0,24708.0,23810.0,23932.0,67402.0
2010-03-11,23980.0,24126.0,23883.0,24101.0,25879.0
2010-03-12,24150.0,24417.0,24101.0,24199.0,17596.0
2010-03-15,24320.0,24320.0,24077.0,24150.0,14646.0
2010-03-16,24150.0,24417.0,24053.0,24223.0,15435.0
2010-03-17,24271.0,24417.0,24271.0,24417.0,16682.0
2010-03-18,24563.0,25873.0,24466.0,25485.0,80517.0
2010-03-19,25728.0,25873.0,25485.0,25533.0,37611.0
2010-03-22,25679.0,25679.0,25048.0,25242.0,18235.0
2010-03-23,25339.0,25582.0,25242.0,25582.0,19209.0
2010-03-24,25873.0,26601.0,25485.0,25582.0,40076.0
2010-03-25,25582.0,25582.0,24805.0,24854.0,34008.0
2010-03-26,25194.0,25728.0,24757.0,25194.0,27548.0
2010-03-29,24805.0,25000.0,24563.0,24660.0,21849.0
2010-03-30,24757.0,25000.0,24514.0,24611.0,9882.0
2010-03-31,24611.0,24854.0,24417.0,24563.0,10486.0
2010-04-01,24951.0,24951.0,24466.0,24757.0,17129.0
2010-04-02,24708.0,24951.0,24368.0,24514.0,27132.0
2010-04-05,24611.0,24611.0,23762.0,23956.0,36799.0
2010-04-06,24029.0,24029.0,23349.0,23446.0,30985.0
2010-04-07,23422.0,23883.0,23422.0,23689.0,9696.0
2010-04-08,23713.0,23932.0,23689.0,23859.0,8765.0
2010-04-09,23689.0,23834.0,23470.0,23543.0,16813.0
2010-04-12,23495.0,23737.0,23398.0,23422.0,12256.0
2010-04-13,23543.0,23689.0,23252.0,23325.0,22420.0
2010-04-14,23373.0,23567.0,23373.0,23543.0,8475.0
2010-04-15,23592.0,23883.0,23592.0,23640.0,21087.0
2010-04-16,23640.0,23834.0,23470.0,23470.0,13442.0
2010-04-19,23325.0,23349.0,22936.0,22961.0,24660.0
2010-04-20,23058.0,23300.0,23009.0,23058.0,7621.0
2010-04-21,23131.0,23300.0,22815.0,22864.0,21908.0
2010-04-22,22839.0,23058.0,22766.0,22912.0,21384.0
2010-04-23,23033.0,23033.0,22766.0,22912.0,21116.0
2010-04-26,23131.0,23373.0,23058.0,23179.0,16058.0
2010-04-27,23155.0,23300.0,22864.0,22936.0,18531.0
2010-04-28,22718.0,22766.0,22402.0,22524.0,16987.0
2010-04-29,22694.0,22694.0,21966.0,22281.0,28075.0
2010-04-30,22257.0,22524.0,21941.0,21990.0,16477.0
2010-05-03,21844.0,21990.0,21116.0,21189.0,21189.0
2010-05-04,21092.0,21456.0,21043.0,21092.0,10273.0
2010-05-06,20558.0,20728.0,20388.0,20485.0,22264.0
2010-05-07,20048.0,20048.0,18203.0,19514.0,30733.0
2010-05-10,19563.0,19854.0,19563.0,19635.0,25308.0
2010-05-11,19805.0,20194.0,19660.0,19757.0,19177.0
2010-05-12,19951.0,19951.0,19611.0,19611.0,8042.0
2010-05-13,19708.0,19878.0,19466.0,19563.0,15188.0
2010-05-14,19660.0,19660.0,19320.0,19563.0,22800.0
2010-05-17,19368.0,19490.0,18689.0,19174.0,25169.0
2010-05-18,19174.0,19271.0,18907.0,18980.0,14263.0
2010-05-19,19150.0,19174.0,18689.0,19053.0,7751.0
2010-05-20,19004.0,19805.0,19004.0,19174.0,24528.0
2010-05-24,19271.0,19271.0,18737.0,18980.0,8581.0
2010-05-25,19029.0,19029.0,17766.0,18300.0,16973.0
2010-05-26,18276.0,19174.0,18276.0,18737.0,6851.0
2010-05-27,18737.0,19271.0,18470.0,18932.0,5006.0
2010-05-28,19344.0,19344.0,18932.0,19174.0,4787.0
2010-05-31,19150.0,19830.0,18980.0,19830.0,13741.0
2010-06-01,19757.0,20582.0,19757.0,20509.0,27754.0
2010-06-03,20655.0,20655.0,19878.0,20145.0,15320.0
2010-06-04,20145.0,20266.0,19368.0,19466.0,12870.0
2010-06-07,18786.0,19126.0,18786.0,19101.0,12985.0
2010-06-08,18883.0,19538.0,18883.0,19417.0,4159.0
2010-06-09,19441.0,19708.0,19271.0,19466.0,4843.0
2010-06-10,19660.0,19708.0,19417.0,19611.0,4407.0
2010-06-11,19854.0,20000.0,19466.0,19587.0,15357.0
2010-06-14,19611.0,20315.0,19611.0,20291.0,21493.0
2010-06-15,20388.0,20412.0,19902.0,19902.0,13371.0
2010-06-16,20194.0,20194.0,19660.0,19854.0,8071.0
2010-06-17,19757.0,19975.0,19587.0,19805.0,7964.0
2010-06-18,19902.0,20315.0,19805.0,19927.0,11391.0
2010-06-21,20048.0,20800.0,19951.0,20703.0,25175.0
2010-06-22,20679.0,20873.0,20436.0,20631.0,10803.0
2010-06-23,20631.0,20776.0,20388.0,20655.0,6662.0
2010-06-24,20776.0,22111.0,20606.0,21844.0,29487.0
2010-06-25,21844.0,23009.0,21577.0,22087.0,32780.0
2010-06-28,22087.0,22087.0,20825.0,21213.0,13734.0
2010-06-29,21359.0,21359.0,20266.0,20412.0,14415.0
2010-06-30,20364.0,20364.0,19878.0,20145.0,14396.0
2010-07-01,20145.0,20242.0,19733.0,20072.0,14906.0
2010-07-02,19902.0,20000.0,19708.0,19781.0,18756.0
2010-07-05,19684.0,19805.0,19611.0,19684.0,11422.0
2010-07-06,19708.0,19708.0,19368.0,19684.0,11310.0
2010-07-07,19854.0,19854.0,19368.0,19490.0,8734.0
2010-07-08,19514.0,19781.0,19417.0,19587.0,11789.0
2010-07-09,19587.0,19660.0,19441.0,19490.0,7661.0
2010-07-12,19490.0,19490.0,19004.0,19417.0,10938.0
2010-07-13,19271.0,19563.0,19199.0,19417.0,10358.0
2010-07-14,19611.0,20072.0,19320.0,19975.0,22705.0
2010-07-15,20097.0,20097.0,19708.0,19902.0,8180.0
2010-07-16,19757.0,20072.0,19344.0,19538.0,15331.0
2010-07-19,19320.0,19902.0,17961.0,19830.0,11340.0
2010-07-20,19927.0,20631.0,19854.0,20533.0,41791.0
2010-07-21,20388.0,20631.0,19902.0,20000.0,12928.0
2010-07-22,20000.0,20000.0,19271.0,19417.0,14659.0
2010-07-23,19660.0,19660.0,19393.0,19417.0,9249.0
2010-07-26,19466.0,19684.0,19417.0,19417.0,4983.0
2010-07-27,19635.0,19635.0,19393.0,19417.0,8936.0
2010-07-28,19466.0,19490.0,19344.0,19368.0,8158.0
2010-07-29,19514.0,19563.0,19174.0,19247.0,12244.0
2010-07-30,19174.0,19441.0,19150.0,19368.0,8798.0
2010-08-02,19514.0,19514.0,19247.0,19320.0,5226.0
2010-08-03,19320.0,19417.0,19223.0,19223.0,8022.0
2010-08-04,19247.0,19417.0,19223.0,19393.0,7434.0
2010-08-05,19271.0,19417.0,19101.0,19368.0,9581.0
2010-08-06,19441.0,19441.0,19126.0,19199.0,12725.0
2010-08-09,19199.0,19368.0,19077.0,19126.0,8322.0
2010-08-10,19223.0,19611.0,19174.0,19466.0,6336.0
2010-08-11,19441.0,19563.0,19296.0,19393.0,6804.0
2010-08-12,19344.0,19660.0,19126.0,19344.0,15339.0
2010-08-13,19296.0,19635.0,19174.0,19587.0,12792.0
2010-08-16,19587.0,19902.0,19368.0,19902.0,16877.0
2010-08-17,19733.0,19878.0,19635.0,19708.0,11808.0
2010-08-18,19587.0,19708.0,19296.0,19368.0,14544.0
2010-08-19,19271.0,19368.0,18956.0,19077.0,18390.0
2010-08-20,18932.0,19077.0,18859.0,19077.0,7664.0
2010-08-23,19417.0,20000.0,19417.0,19854.0,28215.0
2010-08-24,19854.0,19951.0,19368.0,19514.0,12214.0
2010-08-25,19417.0,19733.0,19271.0,19466.0,8570.0
2010-08-26,19514.0,19805.0,19320.0,19393.0,8273.0
2010-08-27,19368.0,19708.0,19199.0,19320.0,9974.0
2010-08-30,19708.0,19757.0,19150.0,19247.0,12457.0
2010-08-31,19004.0,19320.0,18932.0,19320.0,9805.0
2010-09-01,19320.0,19417.0,19126.0,19368.0,11346.0
2010-09-02,19417.0,19587.0,19174.0,19271.0,7107.0
2010-09-03,19393.0,19393.0,19150.0,19247.0,8573.0
2010-09-06,19126.0,19223.0,18907.0,19077.0,15471.0
2010-09-07,19077.0,19174.0,19004.0,19126.0,8849.0
2010-09-08,18980.0,19077.0,18883.0,18907.0,9633.0
2010-09-09,18907.0,18907.0,18592.0,18689.0,8225.0
2010-09-10,18616.0,18956.0,18616.0,18786.0,5129.0
2010-09-13,18786.0,18980.0,18713.0,18834.0,6550.0
2010-09-14,18883.0,19271.0,18883.0,19101.0,9779.0
2010-09-15,19126.0,19174.0,18834.0,19150.0,9365.0
2010-09-16,19296.0,19951.0,19004.0,19902.0,23821.0
2010-09-17,20194.0,20242.0,19368.0,19635.0,15233.0
2010-09-20,19635.0,19635.0,18883.0,19320.0,29667.0
2010-09-24,19466.0,19733.0,19271.0,19660.0,15495.0
2010-09-27,19805.0,20242.0,19563.0,20194.0,31498.0
2010-09-28,20339.0,20631.0,20121.0,20533.0,38198.0
2010-09-29,20679.0,21990.0,20242.0,21359.0,60453.0
2010-09-30,21601.0,21893.0,21213.0,21868.0,41171.0
2010-10-01,21844.0,22888.0,21844.0,22791.0,60052.0
2010-10-04,23058.0,23689.0,22864.0,23592.0,61075.0
2010-10-05,23300.0,23689.0,22718.0,22888.0,53111.0
2010-10-06,23058.0,23495.0,22815.0,23106.0,33671.0
2010-10-07,23155.0,23932.0,22815.0,23762.0,30406.0
2010-10-08,23737.0,23883.0,23373.0,23786.0,26026.0
2010-10-11,23810.0,24514.0,23300.0,24029.0,54447.0
2010-10-12,23786.0,24368.0,23665.0,23980.0,30356.0
2010-10-13,23786.0,24902.0,23762.0,24708.0,32513.0
2010-10-14,25242.0,25631.0,24757.0,24951.0,42557.0
2010-10-15,24805.0,27135.0,24708.0,26213.0,109491.0
2010-10-18,26553.0,27621.0,26213.0,26456.0,78906.0
2010-10-19,26310.0,26407.0,25000.0,25000.0,42460.0
2010-10-20,24368.0,25194.0,24174.0,24951.0,33199.0
2010-10-21,24951.0,25825.0,24660.0,25485.0,31979.0
2010-10-22,25242.0,25631.0,24805.0,25291.0,32144.0
2010-10-25,25291.0,25436.0,24708.0,25048.0,28354.0
2010-10-26,25048.0,25776.0,24757.0,25776.0,27983.0
2010-10-27,25873.0,26747.0,25728.0,25922.0,34721.0
2010-10-28,25776.0,26213.0,24708.0,25000.0,24976.0
2010-10-29,24951.0,25048.0,23058.0,23058.0,61893.0
2010-11-01,23155.0,23300.0,22038.0,23252.0,66395.0
2010-11-02,23373.0,23373.0,22427.0,22645.0,39779.0
2010-11-03,22766.0,24199.0,22475.0,24126.0,28926.0
2010-11-04,24320.0,24320.0,23398.0,23422.0,22258.0
2010-11-05,23980.0,23980.0,22815.0,22815.0,20361.0
2010-11-08,22815.0,22961.0,22378.0,22548.0,20514.0
2010-11-09,22427.0,22742.0,22354.0,22524.0,10297.0
2010-11-10,22645.0,22645.0,22014.0,22281.0,22619.0
2010-11-11,22160.0,22669.0,22160.0,22427.0,19807.0
2010-11-12,22427.0,22742.0,21674.0,21723.0,26911.0
2010-11-15,21601.0,21844.0,21237.0,21456.0,17383.0
2010-11-16,21213.0,21601.0,20509.0,20873.0,16068.0
2010-11-17,20388.0,21165.0,20169.0,20776.0,15516.0
2010-11-18,20873.0,21796.0,20873.0,21796.0,8036.0
2010-11-19,21844.0,22087.0,21456.0,21504.0,5378.0
2010-11-22,21820.0,21844.0,21165.0,21262.0,15233.0
2010-11-23,21165.0,21456.0,21019.0,21286.0,8729.0
2010-11-24,20145.0,20873.0,20145.0,20873.0,17160.0
2010-11-25,20946.0,21359.0,20873.0,21189.0,8250.0
2010-11-26,21213.0,21286.0,20582.0,20849.0,6650.0
2010-11-29,20849.0,21456.0,20266.0,20728.0,6153.0
2010-11-30,20679.0,21165.0,20631.0,21116.0,10710.0
2010-12-01,21116.0,21844.0,20970.0,21796.0,14646.0
2010-12-02,22281.0,22281.0,21674.0,21893.0,11053.0
2010-12-03,22087.0,22087.0,21359.0,21407.0,5623.0
2010-12-06,21626.0,23131.0,21407.0,23009.0,42824.0
2010-12-07,23422.0,23786.0,22669.0,22694.0,13649.0
2010-12-08,22694.0,22694.0,22111.0,22281.0,11292.0
2010-12-09,22111.0,22257.0,21893.0,22233.0,7881.0
2010-12-10,22572.0,22985.0,22257.0,22815.0,23340.0
2010-12-13,22621.0,23082.0,22621.0,22791.0,12390.0
2010-12-14,22839.0,22864.0,22572.0,22572.0,11898.0
2010-12-15,22961.0,22961.0,22548.0,22815.0,6766.0
2010-12-16,22669.0,22912.0,22500.0,22791.0,8615.0
2010-12-17,22791.0,23373.0,22718.0,23058.0,16498.0
2010-12-20,22597.0,22597.0,22087.0,22524.0,14406.0
2010-12-21,22475.0,23106.0,22475.0,22766.0,5154.0
2010-12-22,22912.0,23058.0,22597.0,22621.0,7544.0
2010-12-23,22815.0,22961.0,22330.0,22378.0,7712.0
2010-12-24,22427.0,22475.0,21868.0,21893.0,7797.0
2010-12-27,21650.0,22038.0,20873.0,21723.0,11208.0
2010-12-28,21723.0,22766.0,21723.0,22087.0,14237.0
2010-12-29,22766.0,22766.0,22281.0,22524.0,8662.0
2010-12-30,22572.0,22766.0,22281.0,22621.0,12320.0
2011-01-03,22864.0,23276.0,22766.0,23252.0,10940.0
2011-01-04,23252.0,23543.0,23058.0,23543.0,19509.0
2011-01-05,23834.0,23883.0,23155.0,23349.0,12782.0
2011-01-06,23689.0,23762.0,23155.0,23762.0,16011.0
2011-01-07,23980.0,25097.0,23786.0,25097.0,48378.0
2011-01-10,25000.0,25000.0,24271.0,24514.0,21681.0
2011-01-11,24757.0,24757.0,24077.0,24466.0,21133.0
2011-01-12,24271.0,26893.0,24271.0,26844.0,108754.0
2011-01-13,27718.0,27815.0,26310.0,27427.0,66032.0
2011-01-14,27427.0,28737.0,26990.0,27669.0,106504.0
2011-01-17,27912.0,28640.0,27330.0,27330.0,157191.0
2011-01-18,27330.0,27330.0,25970.0,26213.0,81117.0
2011-01-19,26456.0,26456.0,25825.0,26067.0,42289.0
2011-01-20,25970.0,26067.0,25242.0,25582.0,38822.0
2011-01-21,25048.0,25582.0,24951.0,25048.0,28631.0
2011-01-24,25000.0,25922.0,25000.0,25776.0,27146.0
2011-01-25,25922.0,26504.0,25145.0,25242.0,26559.0
2011-01-26,25533.0,25679.0,25048.0,25631.0,13719.0
2011-01-27,25776.0,25776.0,25000.0,25000.0,15799.0
2011-01-28,25194.0,25436.0,24271.0,24271.0,32701.0
2011-01-31,24174.0,24271.0,23398.0,23543.0,28620.0
2011-02-01,23956.0,24174.0,23543.0,23616.0,23751.0
2011-02-07,23980.0,24514.0,23737.0,23834.0,16875.0
2011-02-08,23980.0,24757.0,23786.0,23834.0,22512.0
2011-02-09,23834.0,24223.0,23398.0,23446.0,26838.0
2011-02-10,23300.0,23907.0,23106.0,23349.0,28089.0
2011-02-11,23398.0,23640.0,22912.0,23106.0,29479.0
2011-02-14,22961.0,23300.0,21407.0,21699.0,48074.0
2011-02-15,21893.0,22087.0,21116.0,21504.0,27246.0
2011-02-16,21504.0,22281.0,21456.0,22014.0,16597.0
2011-02-17,22427.0,22427.0,21116.0,21407.0,24003.0
2011-02-18,21407.0,22330.0,21310.0,22281.0,14269.0
2011-02-21,22281.0,22500.0,21844.0,22184.0,10104.0
2011-02-22,21893.0,22160.0,21310.0,21383.0,24446.0
2011-02-23,21189.0,21844.0,21189.0,21699.0,10771.0
2011-02-24,21699.0,22038.0,21359.0,21796.0,9354.0
2011-02-25,22038.0,23300.0,21553.0,22572.0,14475.0
2011-02-28,22815.0,22815.0,21990.0,22742.0,10131.0
2011-03-02,21844.0,22694.0,21844.0,22427.0,14908.0
2011-03-03,22427.0,23058.0,22427.0,22985.0,32421.0
2011-03-04,23106.0,23567.0,22961.0,23349.0,9928.0
2011-03-07,23300.0,23300.0,22815.0,23058.0,11687.0
2011-03-08,23058.0,23300.0,22572.0,22961.0,6328.0
2011-03-09,23373.0,23495.0,22645.0,22912.0,8777.0
2011-03-10,22912.0,23009.0,22669.0,22742.0,6315.0
2011-03-11,22645.0,22985.0,22330.0,22524.0,4824.0
2011-03-14,22524.0,22742.0,21116.0,22135.0,12147.0
2011-03-15,22087.0,22475.0,21019.0,21359.0,17368.0
2011-03-16,21359.0,22281.0,21359.0,21747.0,12922.0
2011-03-17,21844.0,21844.0,21262.0,21626.0,9218.0
2011-03-18,21626.0,21941.0,21359.0,21796.0,9482.0
2011-03-21,21820.0,22548.0,21820.0,22305.0,13711.0
2011-03-22,22330.0,22475.0,21650.0,21941.0,9417.0
2011-03-23,22087.0,22281.0,21650.0,21796.0,11085.0
2011-03-24,22135.0,22233.0,21747.0,22135.0,9044.0
2011-03-25,22330.0,22378.0,21699.0,21844.0,10644.0
2011-03-28,21941.0,22135.0,21601.0,21796.0,6101.0
2011-03-29,21796.0,21917.0,21407.0,21844.0,9482.0
2011-03-30,21601.0,21844.0,21480.0,21626.0,13425.0
2011-03-31,21601.0,21796.0,21359.0,21456.0,25570.0
2011-04-01,21601.0,21650.0,21189.0,21407.0,18715.0
2011-04-04,21383.0,21383.0,20752.0,20898.0,30638.0
2011-04-05,20946.0,21019.0,20364.0,20533.0,20017.0
2011-04-06,20533.0,20703.0,20388.0,20436.0,12706.0
2011-04-07,20485.0,20631.0,20145.0,20485.0,14943.0
2011-04-08,20485.0,21067.0,20266.0,21067.0,30886.0
2011-04-11,21165.0,21286.0,20631.0,20825.0,19896.0
2011-04-12,21092.0,21092.0,20485.0,20509.0,12281.0
2011-04-13,20339.0,20582.0,19757.0,20339.0,24658.0
2011-04-14,20339.0,20339.0,19393.0,19757.0,29496.0
2011-04-15,19417.0,20461.0,18665.0,19635.0,83003.0
2011-04-18,19684.0,19684.0,18106.0,18543.0,80865.0
2011-04-19,18446.0,18859.0,18349.0,18592.0,19096.0
2011-04-20,18592.0,18592.0,17985.0,18082.0,37724.0
2011-04-21,18228.0,19199.0,18155.0,18980.0,38045.0
2011-04-22,19029.0,19199.0,18592.0,18932.0,18828.0
2011-04-25,18737.0,19126.0,18713.0,19004.0,12391.0
2011-04-26,18762.0,19029.0,18446.0,18592.0,10837.0
2011-04-27,19150.0,19344.0,18689.0,19247.0,20925.0
2011-04-28,19393.0,20072.0,19320.0,19805.0,19831.0
2011-04-29,19854.0,20145.0,19271.0,19708.0,13474.0
2011-05-02,20000.0,20509.0,19975.0,20218.0,21534.0
2011-05-03,20145.0,20145.0,19344.0,19563.0,18154.0
2011-05-04,19805.0,20169.0,19563.0,20145.0,15013.0
2011-05-06,20072.0,20145.0,19538.0,19563.0,6272.0
2011-05-09,20048.0,20048.0,19466.0,19611.0,3859.0
2011-05-11,20048.0,20048.0,19660.0,20000.0,13284.0
2011-05-12,20048.0,20048.0,19684.0,19733.0,11474.0
2011-05-13,19902.0,19902.0,19514.0,19805.0,5054.0
2011-05-16,19660.0,19660.0,18786.0,19029.0,19476.0
2011-05-17,19174.0,19174.0,18689.0,18980.0,4200.0
2011-05-18,18616.0,19101.0,18616.0,19077.0,5376.0
2011-05-19,19077.0,19417.0,18689.0,19344.0,10960.0
2011-05-20,19029.0,19757.0,19029.0,19611.0,5867.0
2011-05-23,19611.0,19611.0,19174.0,19223.0,8408.0
2011-05-24,19223.0,19854.0,19077.0,19660.0,7093.0
2011-05-25,19757.0,19757.0,19320.0,19466.0,9913.0
2011-05-26,19466.0,19781.0,19174.0,19490.0,11020.0
2011-05-27,19514.0,19514.0,19199.0,19490.0,5114.0
2011-05-30,19466.0,19854.0,19417.0,19733.0,11321.0
2011-05-31,19344.0,19660.0,18033.0,18373.0,38256.0
2011-06-01,18592.0,19174.0,18592.0,18980.0,18921.0
2011-06-02,18883.0,18980.0,18495.0,18932.0,7568.0
2011-06-03,19368.0,19368.0,18543.0,18932.0,14541.0
2011-06-07,18932.0,19296.0,18495.0,18640.0,11921.0
2011-06-08,18640.0,19077.0,18640.0,18980.0,8573.0
2011-06-09,18980.0,19490.0,18932.0,19417.0,10883.0
2011-06-10,19514.0,19805.0,19247.0,19393.0,10120.0
2011-06-13,19635.0,19635.0,18689.0,18980.0,5017.0
2011-06-14,19393.0,19393.0,18932.0,18980.0,7898.0
2011-06-15,19393.0,19466.0,18932.0,19441.0,8693.0
2011-06-16,19417.0,19587.0,19053.0,19126.0,7488.0
2011-06-17,19368.0,19393.0,18956.0,19150.0,7556.0
2011-06-20,18956.0,19393.0,18932.0,18932.0,8782.0
2011-06-21,18932.0,19320.0,18689.0,18883.0,11355.0
2011-06-22,19126.0,19296.0,18640.0,18689.0,15855.0
2011-06-23,18689.0,18834.0,18373.0,18543.0,10843.0
2011-06-24,18543.0,18883.0,18543.0,18640.0,9834.0
2011-06-27,18640.0,18932.0,18592.0,18737.0,3590.0
2011-06-28,18859.0,19126.0,18689.0,18883.0,8997.0
2011-06-29,19174.0,19441.0,18907.0,19344.0,14380.0
2011-06-30,19344.0,19708.0,19223.0,19393.0,16947.0
2011-07-01,19393.0,19733.0,19368.0,19708.0,12030.0
2011-07-04,19878.0,21067.0,19878.0,20995.0,43796.0
2011-07-05,20995.0,21480.0,20679.0,21286.0,27257.0
2011-07-06,21286.0,21650.0,20873.0,21456.0,25381.0
2011-07-07,21699.0,22912.0,21699.0,22815.0,54937.0
2011-07-08,22669.0,23689.0,22669.0,22912.0,41272.0
2011-07-11,22912.0,23155.0,22402.0,23155.0,27809.0
2011-07-12,23058.0,23300.0,22669.0,23106.0,27416.0
2011-07-13,23300.0,24708.0,23300.0,24514.0,66824.0
2011-07-14,24320.0,24757.0,23810.0,24320.0,28154.0
2011-07-15,24223.0,24563.0,24029.0,24271.0,24098.0
2011-07-18,24514.0,24563.0,24126.0,24271.0,25333.0
2011-07-19,24417.0,26213.0,24417.0,26165.0,66055.0
2011-07-20,26601.0,27912.0,26504.0,26893.0,86009.0
2011-07-21,27330.0,27961.0,26699.0,27961.0,61531.0
2011-07-22,28155.0,28446.0,26699.0,27669.0,52397.0
2011-07-25,27669.0,28252.0,27184.0,27815.0,37177.0
2011-07-26,27621.0,27669.0,26067.0,26650.0,67762.0
2011-07-27,26699.0,26699.0,25242.0,25825.0,83285.0
2011-07-28,25485.0,26456.0,25048.0,26213.0,49403.0
2011-07-29,25922.0,26213.0,24563.0,24757.0,50822.0
2011-08-01,25000.0,26067.0,25000.0,25825.0,21999.0
2011-08-02,25339.0,25339.0,23834.0,24077.0,47975.0
2011-08-03,23592.0,24029.0,23300.0,23640.0,29308.0
2011-08-04,23737.0,24174.0,22330.0,22815.0,32061.0
2011-08-05,20995.0,22208.0,20873.0,21844.0,33486.0
2011-08-08,20922.0,21747.0,19684.0,20922.0,36332.0
2011-08-09,20097.0,20825.0,18932.0,20558.0,60330.0
2011-08-10,21359.0,22281.0,21116.0,21601.0,27784.0
2011-08-11,21019.0,22184.0,19781.0,22135.0,17159.0
2011-08-12,22378.0,23009.0,22330.0,22669.0,19514.0
2011-08-16,22961.0,23300.0,22718.0,22888.0,15917.0
2011-08-17,22815.0,22936.0,22330.0,22718.0,13788.0
2011-08-18,22718.0,22718.0,21359.0,21577.0,21939.0
2011-08-19,20800.0,20873.0,20145.0,20291.0,31023.0
2011-08-22,20194.0,20533.0,19368.0,19563.0,18988.0
2011-08-23,19902.0,20873.0,19805.0,20728.0,15322.0
2011-08-24,21747.0,21747.0,20582.0,21262.0,11920.0
2011-08-25,20946.0,21699.0,20873.0,20873.0,9473.0
2011-08-26,21286.0,21286.0,20825.0,21286.0,8670.0
2011-08-29,21529.0,21796.0,20898.0,20995.0,19503.0
2011-08-30,21165.0,21165.0,20194.0,20485.0,34121.0
2011-08-31,20752.0,21310.0,20388.0,21116.0,17229.0
2011-09-01,21116.0,23058.0,21116.0,22572.0,30813.0
2011-09-02,22330.0,22888.0,21941.0,22815.0,11752.0
2011-09-05,22087.0,22548.0,21699.0,21699.0,16963.0
2011-09-06,20703.0,23689.0,20703.0,22330.0,33246.0
2011-09-07,23203.0,23203.0,21796.0,22815.0,32698.0
2011-09-08,22815.0,23106.0,22621.0,22912.0,21073.0
2011-09-09,22912.0,26213.0,22548.0,23543.0,26660.0
2011-09-14,23592.0,24320.0,23058.0,23155.0,34041.0
2011-09-15,22985.0,23131.0,19733.0,20169.0,86617.0
2011-09-16,20582.0,21019.0,20048.0,20728.0,22615.0
2011-09-19,20655.0,22305.0,20655.0,21504.0,20373.0
2011-09-20,21796.0,21796.0,20873.0,21116.0,11777.0
2011-09-21,21140.0,21699.0,21140.0,21334.0,9057.0
2011-09-22,21092.0,21359.0,20485.0,20873.0,12817.0
2011-09-23,19902.0,20509.0,19830.0,20194.0,15785.0
2011-09-26,20436.0,22281.0,17912.0,19368.0,21832.0
2011-09-27,19684.0,22135.0,19684.0,22135.0,30600.0
2011-09-28,22572.0,23980.0,22572.0,23859.0,63827.0
2011-09-29,24757.0,25631.0,22791.0,23543.0,71705.0
2011-09-30,23567.0,23640.0,22281.0,22281.0,18832.0
2011-10-04,21310.0,21310.0,19902.0,20873.0,16189.0
2011-10-05,20679.0,21237.0,19733.0,19757.0,23139.0
2011-10-06,20024.0,20533.0,19927.0,20169.0,8039.0
2011-10-07,20533.0,21067.0,20291.0,20849.0,13529.0
2011-10-10,21116.0,21601.0,20679.0,21043.0,11367.0
2011-10-11,21359.0,21577.0,20145.0,20728.0,25116.0
2011-10-12,20291.0,21067.0,20145.0,20606.0,7637.0
2011-10-13,20606.0,21116.0,20291.0,21019.0,9711.0
2011-10-14,21092.0,21213.0,20631.0,20849.0,8876.0
2011-10-17,21116.0,21601.0,20946.0,21019.0,13901.0
2011-10-18,21189.0,21213.0,20752.0,20922.0,8040.0
2011-10-19,21019.0,21237.0,20728.0,20752.0,6186.0
2011-10-20,20509.0,21019.0,20509.0,20533.0,8740.0
2011-10-21,21019.0,21116.0,20388.0,20631.0,5391.0
2011-10-24,21844.0,21844.0,20776.0,21237.0,14502.0
2011-10-25,21237.0,21529.0,21019.0,21359.0,11314.0
2011-10-26,21359.0,23980.0,21359.0,23810.0,46639.0
2011-10-27,25242.0,25339.0,23398.0,24271.0,67651.0
2011-10-28,25000.0,25145.0,22961.0,23543.0,46558.0
2011-10-31,23058.0,24077.0,23058.0,23713.0,13111.0
2011-11-01,23713.0,24029.0,23300.0,23446.0,14267.0
2011-11-02,22961.0,23398.0,22233.0,23398.0,12701.0
2011-11-03,23422.0,23422.0,22718.0,22936.0,8604.0
2011-11-04,23300.0,24368.0,23058.0,24174.0,43197.0
2011-11-07,24320.0,24368.0,23689.0,24077.0,16019.0
2011-11-08,24126.0,24126.0,23592.0,23883.0,15639.0
2011-11-09,23616.0,23859.0,22572.0,22864.0,20219.0
2011-11-10,22427.0,22669.0,21868.0,21941.0,16487.0
2011-11-11,21990.0,23495.0,21990.0,23276.0,28916.0
2011-11-14,24004.0,24004.0,23082.0,23155.0,18395.0
2011-11-15,22718.0,23155.0,22330.0,22330.0,12021.0
2011-11-16,22087.0,22766.0,22063.0,22087.0,17406.0
2011-11-17,22087.0,22257.0,21844.0,22257.0,12728.0
2011-11-18,22257.0,22257.0,21893.0,21893.0,7848.0
2011-11-21,21917.0,21941.0,21601.0,21917.0,10775.0
2011-11-22,21941.0,21941.0,20509.0,21796.0,4711.0
2011-11-23,21359.0,21553.0,20631.0,20631.0,15833.0
2011-11-24,20145.0,21820.0,20145.0,21116.0,8861.0
2011-11-25,21116.0,21771.0,21019.0,21067.0,6591.0
2011-11-28,20898.0,21747.0,20898.0,21067.0,2919.0
2011-11-29,21019.0,21553.0,20873.0,20995.0,9533.0
2011-11-30,20873.0,20873.0,20436.0,20582.0,14720.0
2011-12-01,20873.0,20898.0,20145.0,20582.0,17345.0
2011-12-02,20582.0,20776.0,20388.0,20776.0,11068.0
2011-12-05,20946.0,21310.0,20728.0,21310.0,20767.0
2011-12-06,21650.0,22427.0,21383.0,21747.0,26133.0
2011-12-07,22160.0,22160.0,21601.0,21601.0,17049.0
2011-12-08,21407.0,21650.0,21116.0,21359.0,5829.0
2011-12-09,20946.0,21529.0,20946.0,20995.0,12054.0
2011-12-12,21043.0,21747.0,21043.0,21626.0,5663.0
2011-12-13,21601.0,21699.0,21116.0,21577.0,17550.0
2011-12-14,21601.0,22378.0,21601.0,21626.0,13441.0
2011-12-15,21407.0,21626.0,20873.0,20873.0,14442.0
2011-12-16,20873.0,20898.0,20218.0,20266.0,20756.0
2011-12-19,20169.0,20194.0,18932.0,19417.0,26641.0
2011-12-20,19417.0,19733.0,19320.0,19563.0,15497.0
2011-12-21,20582.0,20606.0,19708.0,20388.0,15330.0
2011-12-22,20388.0,20873.0,20121.0,20412.0,5549.0
2011-12-23,20631.0,20631.0,20097.0,20533.0,5090.0
2011-12-26,20533.0,20970.0,20533.0,20825.0,52846.0
2011-12-27,20970.0,21067.0,20631.0,20970.0,11002.0
2011-12-28,20436.0,21067.0,20339.0,21067.0,15038.0
2011-12-29,21189.0,21189.0,20388.0,20849.0,5916.0
2012-01-02,20849.0,20849.0,20194.0,20582.0,5776.0
2012-01-03,20388.0,20849.0,20388.0,20655.0,8084.0
2012-01-04,20776.0,21456.0,20655.0,21067.0,25746.0
2012-01-05,21383.0,23980.0,21359.0,23592.0,84354.0
2012-01-06,23495.0,23834.0,22572.0,23446.0,29015.0
2012-01-09,23762.0,25000.0,23762.0,24611.0,93942.0
2012-01-10,24660.0,26067.0,24660.0,25291.0,94002.0
2012-01-11,24223.0,25485.0,23058.0,25339.0,278693.0
2012-01-12,25485.0,25582.0,24854.0,25097.0,92217.0
2012-01-13,25097.0,25582.0,24271.0,24466.0,75602.0
2012-01-16,24126.0,25242.0,23907.0,25242.0,83349.0
2012-01-17,25291.0,25582.0,25000.0,25000.0,64516.0
2012-01-18,24902.0,26213.0,24757.0,26213.0,171188.0
2012-01-19,26116.0,27815.0,25728.0,26165.0,170542.0
2012-01-20,26165.0,26553.0,25436.0,26213.0,59146.0
2012-01-25,26116.0,26456.0,25679.0,25679.0,43883.0
2012-01-26,25631.0,26116.0,25291.0,25922.0,48349.0
2012-01-27,26213.0,26359.0,25825.0,25922.0,41578.0
2012-01-30,25922.0,26747.0,25533.0,25922.0,45569.0
2012-01-31,25679.0,25970.0,24805.0,25728.0,81948.0
2012-02-01,25533.0,25970.0,25436.0,25582.0,34487.0
2012-02-02,25631.0,25825.0,25000.0,25194.0,68733.0
2012-02-03,25339.0,25339.0,24563.0,24951.0,63620.0
2012-02-06,25388.0,25436.0,24660.0,25048.0,57112.0
2012-02-07,24805.0,25145.0,24514.0,24805.0,50054.0
2012-02-08,24660.0,24951.0,24150.0,24563.0,64076.0
2012-02-09,24660.0,25825.0,24199.0,25728.0,105426.0
2012-02-10,25922.0,27330.0,25728.0,27087.0,237119.0
2012-02-13,27184.0,28300.0,26747.0,27961.0,164913.0
2012-02-14,27669.0,28349.0,27135.0,27912.0,84951.0
2012-02-15,27961.0,29271.0,27912.0,28834.0,131391.0
2012-02-16,29029.0,29223.0,28106.0,28980.0,82196.0
2012-02-17,29126.0,29368.0,28543.0,28980.0,59615.0
2012-02-20,29029.0,29077.0,28398.0,28883.0,44581.0
2012-02-21,28883.0,28980.0,28203.0,28640.0,47543.0
2012-02-22,28883.0,30533.0,28592.0,30291.0,140297.0
2012-02-23,30339.0,31310.0,29757.0,30436.0,88661.0
2012-02-24,30728.0,30825.0,29611.0,30291.0,73011.0
2012-02-27,30097.0,30097.0,28786.0,29126.0,78452.0
2012-02-28,29126.0,29854.0,28786.0,29854.0,43277.0
2012-02-29,30194.0,30194.0,29563.0,29611.0,22333.0
2012-03-02,29223.0,29514.0,28834.0,28980.0,64294.0
2012-03-05,28932.0,30000.0,28883.0,29126.0,61400.0
2012-03-06,28883.0,29611.0,28883.0,29320.0,51611.0
2012-03-07,28737.0,29757.0,28349.0,29563.0,60327.0
2012-03-08,29708.0,30048.0,29126.0,30048.0,53061.0
2012-03-09,30485.0,30485.0,29223.0,29854.0,68899.0
2012-03-12,30000.0,30000.0,29271.0,29368.0,38762.0
2012-03-13,29368.0,30048.0,29126.0,30048.0,41181.0
2012-03-14,30242.0,30436.0,29660.0,29951.0,46827.0
2012-03-15,29660.0,29951.0,29320.0,29563.0,46805.0
2012-03-16,29514.0,30097.0,29271.0,29951.0,45901.0
2012-03-19,29854.0,30533.0,29611.0,29902.0,45183.0
2012-03-20,29805.0,30485.0,29805.0,30145.0,35946.0
2012-03-21,30242.0,31262.0,29951.0,30436.0,78962.0
2012-03-22,30631.0,30631.0,29223.0,30000.0,60695.0
2012-03-23,29805.0,30194.0,29466.0,30145.0,25417.0
2012-03-26,30097.0,30922.0,30097.0,30436.0,37549.0
2012-03-27,31019.0,31019.0,30097.0,30242.0,30818.0
2012-03-28,29611.0,30242.0,29611.0,29902.0,28243.0
2012-03-29,29563.0,29854.0,29417.0,29854.0,31974.0
2012-03-30,29854.0,30097.0,29563.0,29854.0,28295.0
2012-04-02,29854.0,30339.0,29757.0,29951.0,28926.0
2012-04-03,29951.0,30048.0,29466.0,29466.0,28854.0
2012-04-04,29466.0,29854.0,28446.0,28980.0,47401.0
2012-04-05,28689.0,29077.0,28155.0,28980.0,26015.0
2012-04-06,29368.0,29368.0,28543.0,28932.0,20084.0
2012-04-09,28932.0,29174.0,24611.0,27184.0,45019.0
2012-04-10,27184.0,28398.0,27184.0,27621.0,31869.0
2012-04-12,27669.0,27718.0,26747.0,27621.0,39430.0
2012-04-13,27669.0,28786.0,27475.0,28640.0,31027.0
2012-04-16,28543.0,28592.0,27961.0,28495.0,6397.0
2012-04-17,28155.0,28446.0,27815.0,27864.0,18402.0
2012-04-18,28349.0,28592.0,27864.0,28203.0,9279.0
2012-04-19,28300.0,28349.0,27524.0,27864.0,16439.0
2012-04-20,27572.0,27961.0,27038.0,27330.0,25202.0
2012-04-23,27330.0,27912.0,26747.0,27572.0,12657.0
2012-04-24,27572.0,27718.0,27135.0,27281.0,19558.0
2012-04-25,27281.0,27766.0,26990.0,27330.0,27571.0
2012-04-26,27669.0,28640.0,27475.0,27669.0,31660.0
2012-04-27,27669.0,27766.0,27427.0,27766.0,25216.0
2012-04-30,27669.0,28106.0,27135.0,27475.0,17011.0
2012-05-02,27475.0,27475.0,26553.0,27087.0,28485.0
2012-05-03,26699.0,27378.0,26699.0,26893.0,24335.0
2012-05-04,27038.0,27038.0,26456.0,26893.0,14732.0
2012-05-07,26407.0,26699.0,25922.0,26407.0,23005.0
2012-05-08,26262.0,26699.0,26262.0,26262.0,17317.0
2012-05-09,26019.0,26262.0,24902.0,25194.0,32374.0
2012-05-10,25145.0,25436.0,24514.0,24514.0,35487.0
2012-05-11,24854.0,25291.0,24514.0,24902.0,29720.0
2012-05-14,24223.0,24660.0,23859.0,23980.0,41282.0
2012-05-15,23810.0,23980.0,22912.0,23058.0,33775.0
2012-05-16,22572.0,24126.0,22572.0,22864.0,31432.0
2012-05-17,23325.0,23519.0,22694.0,22742.0,37692.0
2012-05-18,22330.0,23203.0,21650.0,22427.0,30601.0
2012-05-21,22524.0,22766.0,21966.0,22427.0,22635.0
2012-05-22,22791.0,23737.0,22621.0,23470.0,24605.0
2012-05-23,23446.0,23810.0,23058.0,23567.0,15624.0
2012-05-24,23446.0,23665.0,22815.0,22839.0,15386.0
2012-05-25,22766.0,23203.0,22766.0,22791.0,9804.0
2012-05-29,23155.0,23446.0,22766.0,23446.0,16067.0
2012-05-30,23567.0,23980.0,23179.0,23446.0,9321.0
2012-05-31,23082.0,25679.0,23058.0,25048.0,47661.0
2012-06-01,24757.0,25242.0,24271.0,25000.0,25435.0
2012-06-04,23834.0,24029.0,23155.0,23834.0,22460.0
2012-06-05,23786.0,24077.0,22791.0,23398.0,18288.0
2012-06-07,23737.0,24004.0,23398.0,23907.0,18546.0
2012-06-08,23786.0,23907.0,22936.0,23179.0,19622.0
2012-06-11,23325.0,23834.0,23179.0,23810.0,10937.0
2012-06-12,23689.0,24126.0,23300.0,24077.0,12742.0
2012-06-13,24077.0,24563.0,23325.0,24368.0,25831.0
2012-06-14,24368.0,24417.0,23786.0,24126.0,15046.0
2012-06-15,23980.0,24417.0,23543.0,24417.0,28267.0
2012-06-18,24708.0,24757.0,24417.0,24466.0,16564.0
2012-06-19,24320.0,24320.0,23713.0,23932.0,36655.0
2012-06-20,23956.0,24029.0,23640.0,23834.0,23300.0
2012-06-21,23883.0,23883.0,23276.0,23495.0,29922.0
2012-06-22,23058.0,23252.0,22864.0,23009.0,19896.0
2012-06-25,23033.0,23252.0,22111.0,22524.0,63910.0
2012-06-26,22038.0,22572.0,21723.0,21990.0,54515.0
2012-06-27,22330.0,22330.0,21844.0,21917.0,12565.0
2012-06-28,22184.0,22281.0,21917.0,21941.0,8225.0
2012-06-29,21941.0,22378.0,21820.0,22281.0,8835.0
2012-07-02,22524.0,22718.0,22451.0,22572.0,18473.0
2012-07-03,22791.0,22791.0,22548.0,22645.0,11545.0
2012-07-04,22645.0,22742.0,22378.0,22621.0,16212.0
2012-07-05,22766.0,22766.0,22330.0,22427.0,14896.0
2012-07-06,22402.0,22718.0,22087.0,22548.0,11614.0
2012-07-09,22354.0,22621.0,22233.0,22354.0,8937.0
2012-07-10,22378.0,22718.0,22281.0,22330.0,8608.0
2012-07-11,22330.0,22330.0,22087.0,22257.0,8876.0
2012-07-12,22451.0,22912.0,22063.0,22233.0,18938.0
2012-07-13,22451.0,22572.0,21577.0,22281.0,17162.0
2012-07-16,22572.0,22572.0,21941.0,22257.0,8640.0
2012-07-17,22135.0,23058.0,22135.0,22839.0,37828.0
2012-07-18,23082.0,23082.0,22160.0,22160.0,14802.0
2012-07-19,22500.0,22500.0,22160.0,22184.0,11232.0
2012-07-20,22330.0,22330.0,21844.0,21941.0,14685.0
2012-07-23,21941.0,21941.0,20995.0,21262.0,17900.0
2012-07-24,21262.0,21262.0,20461.0,20728.0,14243.0
2012-07-25,20776.0,20776.0,19878.0,19878.0,13999.0
2012-07-26,20339.0,20339.0,19878.0,19878.0,9754.0
2012-07-27,20048.0,20315.0,19975.0,20048.0,12423.0
2012-07-30,20339.0,20485.0,20218.0,20218.0,8473.0
2012-07-31,20145.0,20582.0,20145.0,20582.0,6882.0
2012-08-01,20582.0,20582.0,20388.0,20582.0,8855.0
2012-08-02,20582.0,20655.0,20291.0,20388.0,4904.0
2012-08-03,20048.0,20485.0,20048.0,20364.0,4394.0
2012-08-06,20436.0,20606.0,20145.0,20291.0,15346.0
2012-08-07,20072.0,20631.0,20072.0,20509.0,10322.0
2012-08-08,20509.0,21165.0,20485.0,21019.0,14631.0
2012-08-09,21019.0,21626.0,20849.0,21383.0,23744.0
2012-08-10,21529.0,21601.0,20898.0,20995.0,11982.0
2012-08-13,20970.0,21092.0,20752.0,20776.0,16421.0
2012-08-14,21019.0,21359.0,20970.0,21359.0,13910.0
2012-08-16,21407.0,21529.0,20800.0,20873.0,13307.0
2012-08-17,20873.0,21262.0,20873.0,21019.0,4810.0
2012-08-20,21334.0,21334.0,20752.0,20752.0,14590.0
2012-08-21,20873.0,20873.0,20631.0,20631.0,13386.0
2012-08-22,20728.0,20728.0,20388.0,20412.0,12246.0
2012-08-23,20631.0,20631.0,20388.0,20436.0,20032.0
2012-08-24,20388.0,20412.0,20072.0,20194.0,16121.0
2012-08-27,20485.0,20485.0,20169.0,20242.0,8192.0
2012-08-28,20364.0,20388.0,19684.0,19781.0,27705.0
2012-08-29,19902.0,19927.0,19563.0,19733.0,18200.0
2012-08-30,19635.0,19878.0,19271.0,19878.0,37029.0
2012-08-31,19878.0,19878.0,19611.0,19878.0,15165.0
2012-09-03,19514.0,19708.0,19077.0,19247.0,56056.0
2012-09-04,19126.0,19174.0,18956.0,19029.0,23226.0
2012-09-05,19029.0,19150.0,18956.0,18980.0,21804.0
2012-09-06,19126.0,19320.0,18980.0,18980.0,8463.0
2012-09-07,19271.0,19271.0,18980.0,19199.0,16148.0
2012-09-10,19199.0,19587.0,19101.0,19368.0,17983.0
2012-09-11,19393.0,19611.0,19247.0,19296.0,9616.0
2012-09-12,19417.0,19466.0,19271.0,19393.0,24194.0
2012-09-13,19393.0,19417.0,19174.0,19223.0,15614.0
2012-09-14,19417.0,20194.0,19320.0,19902.0,53196.0
2012-09-17,20194.0,20655.0,20000.0,20631.0,38458.0
2012-09-18,20412.0,20485.0,19805.0,20242.0,36910.0
2012-09-19,19975.0,20266.0,19854.0,20242.0,21505.0
2012-09-20,20461.0,20461.0,19781.0,19951.0,21537.0
2012-09-21,19854.0,20072.0,19660.0,19902.0,32003.0
2012-09-24,19927.0,20024.0,19563.0,19660.0,19388.0
2012-09-25,19563.0,19660.0,19417.0,19466.0,14697.0
2012-09-26,19441.0,19466.0,19320.0,19466.0,14766.0
2012-09-27,19320.0,19805.0,19174.0,19684.0,17294.0
2012-09-28,19684.0,19830.0,19296.0,19490.0,10662.0
2012-10-02,19271.0,19563.0,19247.0,19441.0,16943.0
2012-10-04,19466.0,19587.0,19271.0,19344.0,17858.0
2012-10-05,19368.0,19441.0,19199.0,19417.0,26470.0
2012-10-08,19417.0,19417.0,19199.0,19247.0,14169.0
2012-10-09,19223.0,19417.0,19223.0,19271.0,11608.0
2012-10-10,19271.0,19271.0,19053.0,19077.0,11776.0
2012-10-11,19029.0,19174.0,18834.0,18932.0,33439.0
2012-10-12,18980.0,19029.0,18713.0,18810.0,22030.0
2012-10-15,18786.0,18859.0,18300.0,18300.0,28942.0
2012-10-16,18325.0,18422.0,17912.0,18009.0,34759.0
2012-10-17,18058.0,18203.0,17961.0,18106.0,33635.0
2012-10-18,18131.0,18349.0,17961.0,18009.0,29585.0
2012-10-19,17985.0,18033.0,17718.0,17742.0,24605.0
2012-10-22,17742.0,17839.0,17451.0,17597.0,21530.0
2012-10-23,17572.0,17572.0,17257.0,17305.0,22377.0
2012-10-24,17330.0,17330.0,16966.0,17014.0,29386.0
2012-10-25,17014.0,17087.0,16893.0,16990.0,21378.0
2012-10-26,16990.0,17111.0,16043.0,16116.0,35836.0
2012-10-29,16116.0,16504.0,15485.0,15533.0,35522.0
2012-10-30,15728.0,15728.0,14684.0,15339.0,49427.0
2012-10-31,15121.0,15315.0,14878.0,15242.0,43788.0
2012-11-01,15145.0,15145.0,14441.0,14805.0,83497.0
2012-11-02,14902.0,15606.0,14902.0,15558.0,18874.0
2012-11-05,15461.0,15631.0,15266.0,15631.0,20713.0
2012-11-06,15655.0,15849.0,15509.0,15849.0,8561.0
2012-11-07,15898.0,16067.0,15776.0,15873.0,13096.0
2012-11-08,15533.0,15752.0,15291.0,15655.0,18140.0
2012-11-09,15558.0,15873.0,15339.0,15873.0,6242.0
2012-11-12,15873.0,15873.0,15533.0,15582.0,11788.0
2012-11-13,15582.0,15728.0,15218.0,15218.0,8978.0
2012-11-14,15097.0,15412.0,15048.0,15315.0,8239.0
2012-11-15,15703.0,16990.0,15509.0,16941.0,82955.0
2012-11-16,16941.0,16941.0,16165.0,16504.0,33520.0
2012-11-19,16844.0,16844.0,16286.0,16456.0,12981.0
2012-11-20,16747.0,16747.0,16310.0,16334.0,13767.0
2012-11-21,16359.0,16456.0,16019.0,16237.0,13868.0
2012-11-22,16237.0,16383.0,15995.0,16213.0,22054.0
2012-11-23,16019.0,16165.0,15461.0,15800.0,22472.0
2012-11-26,15631.0,15922.0,15582.0,15776.0,15971.0
2012-11-27,15655.0,15970.0,15655.0,15970.0,19992.0
2012-11-28,15970.0,15970.0,15679.0,15898.0,13932.0
2012-11-29,15898.0,16432.0,15728.0,16359.0,10213.0
2012-11-30,16432.0,16480.0,15849.0,15873.0,24705.0
2012-12-03,15679.0,15970.0,15655.0,15922.0,10374.0
2012-12-04,15946.0,16237.0,15752.0,16237.0,7751.0
2012-12-05,16237.0,16383.0,16043.0,16165.0,5980.0
2012-12-06,16043.0,16723.0,16043.0,16601.0,21518.0
2012-12-07,16601.0,16650.0,16359.0,16601.0,13110.0
2012-12-10,16674.0,16674.0,16407.0,16504.0,8324.0
2012-12-11,16504.0,16504.0,16286.0,16407.0,13355.0
2012-12-12,16650.0,16650.0,16480.0,16626.0,11102.0
2012-12-13,16626.0,16699.0,16456.0,16674.0,13221.0
2012-12-14,16504.0,16626.0,16359.0,16504.0,15341.0
2012-12-17,16504.0,16577.0,15873.0,16359.0,18974.0
2012-12-18,16189.0,16310.0,15970.0,16237.0,17080.0
2012-12-20,16116.0,16650.0,16067.0,16480.0,12648.0
2012-12-21,16504.0,17135.0,16480.0,16504.0,51112.0
2012-12-24,16747.0,16941.0,16310.0,16941.0,30127.0
2012-12-26,16941.0,17063.0,16820.0,17038.0,27766.0
2012-12-27,17014.0,17038.0,16771.0,17038.0,12763.0
2012-12-28,16868.0,17063.0,16844.0,17014.0,13025.0
2013-01-02,17038.0,17160.0,16917.0,17111.0,16699.0
2013-01-03,17233.0,17766.0,17233.0,17669.0,94864.0
2013-01-04,17742.0,18106.0,17524.0,18033.0,45911.0
2013-01-07,18179.0,18179.0,17791.0,18106.0,30876.0
2013-01-08,18082.0,18252.0,17888.0,18033.0,20286.0
2013-01-09,18082.0,18640.0,18082.0,18495.0,39954.0
2013-01-10,18665.0,18665.0,18325.0,18665.0,22624.0
2013-01-11,18519.0,18786.0,18422.0,18689.0,27766.0
2013-01-14,18567.0,20169.0,18567.0,20169.0,106617.0
2013-01-15,20339.0,20339.0,19684.0,19902.0,59414.0
2013-01-16,19708.0,20315.0,19660.0,20194.0,39904.0
2013-01-17,20194.0,20582.0,19441.0,19902.0,38094.0
2013-01-18,19951.0,20169.0,19174.0,20000.0,58947.0
2013-01-21,20485.0,20485.0,19927.0,20339.0,34969.0
2013-01-22,20485.0,20485.0,19781.0,19854.0,33068.0
2013-01-23,19902.0,19902.0,19344.0,19344.0,33370.0
2013-01-24,19368.0,19660.0,19029.0,19223.0,31070.0
2013-01-25,19320.0,19393.0,18932.0,19344.0,27593.0
2013-01-28,19368.0,20121.0,19368.0,19902.0,33715.0
2013-01-29,20097.0,20097.0,19708.0,19733.0,21093.0
2013-01-30,19902.0,20266.0,19733.0,20194.0,32190.0
2013-01-31,20291.0,20291.0,19660.0,19951.0,24556.0
2013-02-01,20097.0,20097.0,19563.0,19975.0,20520.0
2013-02-04,20072.0,20072.0,19563.0,19684.0,18016.0
2013-02-05,19223.0,19271.0,18349.0,18422.0,53374.0
2013-02-06,18252.0,18810.0,18252.0,18398.0,22629.0
2013-02-07,18689.0,18810.0,18519.0,18665.0,10775.0
2013-02-08,18567.0,18786.0,18470.0,18713.0,15489.0
2013-02-12,18567.0,18883.0,18567.0,18689.0,8434.0
2013-02-13,18567.0,19077.0,18567.0,19004.0,26235.0
2013-02-14,19029.0,19199.0,18932.0,19004.0,11775.0
2013-02-15,19053.0,19053.0,18713.0,18907.0,9523.0
2013-02-18,18932.0,18932.0,18495.0,18543.0,22758.0
2013-02-19,18446.0,18519.0,18325.0,18446.0,14739.0
2013-02-20,18543.0,18567.0,18203.0,18398.0,33438.0
2013-02-21,17912.0,18446.0,17645.0,18398.0,56492.0
2013-02-22,18373.0,18398.0,17936.0,18131.0,26886.0
2013-02-25,18300.0,18446.0,18203.0,18203.0,17343.0
2013-02-26,18203.0,18398.0,17985.0,18228.0,8092.0
2013-02-27,18106.0,18398.0,18058.0,18106.0,13818.0
2013-02-28,18106.0,18398.0,18033.0,18325.0,18503.0
2013-03-04,18325.0,18325.0,17912.0,18058.0,24134.0
2013-03-05,18058.0,18082.0,17669.0,17936.0,18516.0
2013-03-06,17961.0,18058.0,17839.0,17961.0,19314.0
2013-03-07,17961.0,17961.0,17742.0,17839.0,10561.0
2013-03-08,17839.0,18033.0,17597.0,17839.0,12996.0
2013-03-11,17742.0,17742.0,17354.0,17669.0,9828.0
2013-03-12,18106.0,18446.0,17936.0,18349.0,34068.0
2013-03-13,18422.0,18543.0,18276.0,18543.0,25938.0
2013-03-14,18616.0,19490.0,18398.0,19393.0,68298.0
2013-03-15,19514.0,20000.0,19223.0,20000.0,48960.0
2013-03-18,20048.0,20194.0,19660.0,19975.0,39644.0
2013-03-19,20097.0,20169.0,19126.0,19830.0,58944.0
2013-03-20,19902.0,20485.0,19563.0,20364.0,60072.0
2013-03-21,20388.0,20485.0,20145.0,20364.0,32569.0
2013-03-22,20364.0,20364.0,19708.0,20145.0,28856.0
2013-03-25,20291.0,20631.0,20169.0,20388.0,37333.0
2013-03-26,20582.0,20776.0,20194.0,20679.0,38600.0
2013-03-27,20558.0,21310.0,20485.0,20946.0,44107.0
2013-03-28,20970.0,21116.0,20048.0,20194.0,48804.0
2013-03-29,20436.0,20800.0,20072.0,20194.0,59719.0
2013-04-01,20291.0,20533.0,20072.0,20097.0,37728.0
2013-04-02,20242.0,20242.0,19490.0,19587.0,65914.0
2013-04-03,19708.0,19878.0,19490.0,19708.0,23320.0
2013-04-04,19660.0,19660.0,18932.0,19247.0,32161.0
2013-04-05,19247.0,19247.0,18446.0,18543.0,52270.0
2013-04-08,18859.0,18859.0,18203.0,18470.0,16683.0
2013-04-09,18252.0,18519.0,17961.0,18470.0,22719.0
2013-04-10,18470.0,18786.0,18228.0,18737.0,18363.0
2013-04-11,18737.0,18737.0,18033.0,18616.0,51792.0
2013-04-12,18616.0,18616.0,18300.0,18470.0,20886.0
2013-04-15,18252.0,18786.0,18155.0,18349.0,18322.0
2013-04-16,18228.0,18373.0,17475.0,17912.0,22106.0
2013-04-17,18203.0,18203.0,17111.0,17718.0,34013.0
2013-04-18,17305.0,17669.0,17305.0,17548.0,14553.0
2013-04-19,17500.0,18179.0,17500.0,18058.0,14655.0
2013-04-22,18155.0,18228.0,17791.0,18179.0,11014.0
2013-04-23,18203.0,18325.0,17864.0,18155.0,8244.0
2013-04-24,18179.0,18495.0,18155.0,18422.0,13958.0
2013-04-25,18495.0,18495.0,17888.0,18009.0,13554.0
2013-04-26,18058.0,18228.0,17718.0,18131.0,10840.0
2013-04-29,18155.0,18252.0,17912.0,17985.0,9532.0
2013-04-30,17985.0,18495.0,17985.0,18495.0,19845.0
2013-05-02,18932.0,18932.0,18373.0,18543.0,19761.0
2013-05-03,18737.0,19368.0,18713.0,19344.0,38817.0
2013-05-06,19708.0,19708.0,19247.0,19368.0,21086.0
2013-05-07,19223.0,20072.0,19223.0,19854.0,39316.0
2013-05-08,20024.0,20364.0,19757.0,20291.0,28455.0
2013-05-09,20291.0,20776.0,20291.0,20558.0,41260.0
2013-05-10,20388.0,20606.0,20145.0,20558.0,30490.0
2013-05-13,20266.0,20703.0,20024.0,20145.0,38930.0
2013-05-14,20097.0,21189.0,19805.0,20364.0,68614.0
2013-05-15,20606.0,20606.0,19708.0,19757.0,75765.0
2013-05-16,20024.0,20121.0,19660.0,20072.0,36519.0
2013-05-20,20145.0,20364.0,18276.0,19004.0,139666.0
2013-05-21,19296.0,19296.0,18543.0,18737.0,50786.0
2013-05-22,18762.0,19150.0,18713.0,19150.0,23630.0
2013-05-23,18932.0,19174.0,18786.0,19150.0,26370.0
2013-05-24,19150.0,19417.0,18956.0,19126.0,11726.0
2013-05-27,19174.0,19417.0,18956.0,19053.0,11138.0
2013-05-28,19053.0,19757.0,19053.0,19466.0,37462.0
2013-05-29,19490.0,20655.0,19368.0,20606.0,89322.0
2013-05-30,20533.0,20825.0,20412.0,20606.0,59838.0
2013-05-31,20509.0,20825.0,20315.0,20606.0,69671.0
2013-06-03,20558.0,20606.0,20242.0,20533.0,27412.0
2013-06-04,20922.0,20922.0,19854.0,20291.0,46952.0
2013-06-05,20339.0,20509.0,19902.0,20436.0,41628.0
2013-06-07,20509.0,20970.0,19902.0,20946.0,61856.0
2013-06-10,21140.0,22572.0,21140.0,21990.0,178215.0
2013-06-11,22305.0,22572.0,21820.0,22014.0,132156.0
2013-06-12,22014.0,22839.0,21456.0,21626.0,92862.0
2013-06-13,19077.0,21844.0,18980.0,21504.0,309358.0
2013-06-14,21504.0,22548.0,21504.0,22330.0,76105.0
2013-06-17,22135.0,22645.0,22014.0,22281.0,64677.0
2013-06-18,22281.0,23228.0,21868.0,23033.0,102001.0
2013-06-19,23252.0,23519.0,22864.0,23422.0,105226.0
2013-06-20,23203.0,23470.0,22742.0,23300.0,50056.0
2013-06-21,22621.0,23179.0,22135.0,22378.0,78791.0
2013-06-24,22330.0,22985.0,21771.0,22839.0,90896.0
2013-06-25,22888.0,22888.0,21626.0,21747.0,78741.0
2013-06-26,22330.0,22330.0,20024.0,21237.0,136042.0
2013-06-27,21189.0,21189.0,20364.0,20509.0,590339.0
2013-06-28,21019.0,21917.0,20849.0,21893.0,182401.0
2013-07-01,21601.0,22063.0,20776.0,21990.0,69386.0
2013-07-02,22184.0,22378.0,21553.0,21966.0,69230.0
2013-07-03,21966.0,22257.0,21262.0,21262.0,63895.0
2013-07-04,21116.0,21699.0,20679.0,21529.0,42756.0
2013-07-05,21601.0,21601.0,21092.0,21407.0,27832.0
2013-07-08,21116.0,21334.0,20388.0,21189.0,63247.0
2013-07-09,21189.0,21626.0,20703.0,21626.0,42124.0
2013-07-10,21771.0,21893.0,21116.0,21359.0,38166.0
2013-07-11,21140.0,21480.0,21092.0,21407.0,37238.0
2013-07-12,21626.0,21626.0,20728.0,20752.0,30747.0
2013-07-15,20631.0,20825.0,20388.0,20655.0,28737.0
2013-07-16,20752.0,21092.0,20291.0,20412.0,49195.0
2013-07-17,20412.0,20606.0,19757.0,20194.0,47068.0
2013-07-18,20048.0,20291.0,19878.0,20000.0,43607.0
2013-07-19,20000.0,20412.0,19854.0,20315.0,40255.0
2013-07-22,20194.0,20752.0,20194.0,20315.0,38806.0
2013-07-23,20145.0,20461.0,19805.0,19902.0,54773.0
2013-07-24,19902.0,20436.0,19902.0,20000.0,35839.0
2013-07-25,19975.0,20266.0,19854.0,20000.0,887011.0
2013-07-26,20266.0,20291.0,19271.0,19393.0,76161.0
2013-07-29,19247.0,19247.0,18349.0,18592.0,129249.0
2013-07-30,18592.0,18762.0,18300.0,18567.0,57741.0
2013-07-31,18689.0,19101.0,17985.0,18932.0,91635.0
2013-08-01,18932.0,18980.0,18640.0,18834.0,26569.0
2013-08-02,18689.0,19660.0,18689.0,19611.0,49737.0
2013-08-05,19684.0,20169.0,19368.0,20024.0,62190.0
2013-08-06,20048.0,20728.0,19757.0,20679.0,73703.0
2013-08-07,20679.0,21966.0,20558.0,21699.0,154304.0
2013-08-08,21699.0,22233.0,21529.0,21699.0,72391.0
2013-08-09,21650.0,22208.0,21359.0,21868.0,69013.0
2013-08-12,21699.0,22694.0,21674.0,22427.0,41620.0
2013-08-13,22427.0,22475.0,21699.0,22014.0,39972.0
2013-08-14,21796.0,22111.0,21140.0,21601.0,52992.0
2013-08-16,21504.0,21868.0,21262.0,21504.0,28255.0
2013-08-19,21796.0,21917.0,21456.0,21844.0,27056.0
2013-08-20,21601.0,22281.0,21407.0,21844.0,49969.0
2013-08-21,21893.0,22063.0,20898.0,21966.0,39864.0
2013-08-22,21917.0,21917.0,20922.0,21140.0,21187.0
2013-08-23,21140.0,21334.0,20849.0,21165.0,25134.0
2013-08-26,21262.0,21504.0,20995.0,21359.0,17430.0
2013-08-27,21359.0,21359.0,20631.0,21165.0,20469.0
2013-08-28,20873.0,21359.0,20509.0,21359.0,21228.0
2013-08-29,21383.0,21529.0,20970.0,21480.0,23146.0
2013-08-30,21504.0,22135.0,21383.0,21407.0,29884.0
2013-09-02,21529.0,21529.0,20558.0,20558.0,23272.0
2013-09-03,20558.0,21019.0,19927.0,20097.0,27660.0
2013-09-04,20145.0,20461.0,20048.0,20145.0,24247.0
2013-09-05,20291.0,20582.0,19902.0,20072.0,23034.0
2013-09-06,20242.0,20339.0,20000.0,20291.0,12135.0
2013-09-09,20339.0,20849.0,20291.0,20776.0,26966.0
2013-09-10,20922.0,20970.0,20218.0,20388.0,18780.0
2013-09-11,20388.0,21116.0,20291.0,21019.0,33620.0
2013-09-12,21116.0,21116.0,20606.0,20995.0,23306.0
2013-09-13,21019.0,21019.0,20631.0,20679.0,9298.0
2013-09-16,20679.0,20679.0,20072.0,20121.0,24539.0
2013-09-17,20121.0,20266.0,19902.0,19902.0,11376.0
2013-09-23,19927.0,20097.0,19563.0,19830.0,17002.0
2013-09-24,19805.0,19854.0,19417.0,19684.0,23985.0
2013-09-25,19733.0,19733.0,19417.0,19466.0,10015.0
2013-09-26,19490.0,19805.0,19441.0,19781.0,11919.0
2013-09-27,19781.0,20145.0,19587.0,19830.0,18919.0
2013-09-30,19830.0,19975.0,19587.0,19975.0,11591.0
2013-10-01,20000.0,20145.0,19660.0,19805.0,21795.0
2013-10-02,19902.0,19902.0,19247.0,19271.0,27373.0
2013-10-04,19368.0,19368.0,18689.0,18810.0,28252.0
2013-10-07,18592.0,18859.0,18276.0,18567.0,28207.0
2013-10-08,18349.0,19029.0,18325.0,18640.0,17896.0
2013-10-10,18640.0,18834.0,18082.0,18373.0,30733.0
2013-10-11,18665.0,18907.0,18276.0,18349.0,21508.0
2013-10-14,18567.0,18786.0,18203.0,18300.0,18028.0
2013-10-15,18446.0,19733.0,18446.0,19733.0,37071.0
2013-10-16,19417.0,20169.0,19174.0,19174.0,84349.0
2013-10-17,19223.0,19684.0,19004.0,19417.0,42186.0
2013-10-18,19514.0,20194.0,19441.0,19902.0,46862.0
2013-10-21,19902.0,20194.0,19684.0,20048.0,36341.0
2013-10-22,20145.0,20339.0,19805.0,20169.0,27914.0
2013-10-23,20048.0,20364.0,19587.0,20072.0,34305.0
2013-10-24,20048.0,20315.0,19733.0,20266.0,26384.0
2013-10-25,20145.0,20291.0,19805.0,20121.0,17727.0
2013-10-28,19902.0,20000.0,19538.0,19805.0,26703.0
2013-10-29,19635.0,19757.0,19053.0,19271.0,43135.0
2013-10-30,19247.0,19344.0,18932.0,19053.0,27129.0
2013-10-31,19223.0,19223.0,18470.0,18786.0,46606.0
2013-11-01,18567.0,18980.0,18203.0,18349.0,36173.0
2013-11-04,18446.0,18616.0,18228.0,18422.0,17567.0
2013-11-05,18349.0,18495.0,17621.0,17766.0,53665.0
2013-11-06,17961.0,18131.0,17257.0,17330.0,29347.0
2013-11-07,17548.0,17548.0,16990.0,17427.0,25654.0
2013-11-08,17257.0,17451.0,17014.0,17233.0,13700.0
2013-11-11,17257.0,17257.0,16165.0,16383.0,43867.0
2013-11-12,16480.0,16868.0,16383.0,16747.0,16771.0
2013-11-13,16747.0,16820.0,15849.0,16383.0,28357.0
2013-11-14,16286.0,16504.0,15849.0,16310.0,14286.0
2013-11-15,16213.0,16286.0,15121.0,15436.0,74779.0
2013-11-18,15558.0,15776.0,15339.0,15582.0,36440.0
2013-11-19,15582.0,16286.0,15364.0,16116.0,26574.0
2013-11-20,16116.0,16189.0,15825.0,16165.0,16976.0
2013-11-21,16189.0,16699.0,15922.0,16553.0,17364.0
2013-11-22,16529.0,16796.0,16359.0,16480.0,9701.0
2013-11-25,16383.0,16844.0,16383.0,16553.0,9617.0
2013-11-26,16553.0,16553.0,15679.0,16043.0,36431.0
2013-11-27,15898.0,16165.0,15849.0,16019.0,13513.0
2013-11-28,16019.0,16286.0,15849.0,15995.0,24030.0
2013-11-29,16116.0,16189.0,15873.0,16116.0,18502.0
2013-12-02,16334.0,16334.0,15728.0,16019.0,25730.0
2013-12-03,16019.0,16043.0,15364.0,15558.0,20399.0
2013-12-04,15752.0,15752.0,14927.0,15291.0,41758.0
2013-12-05,15097.0,15242.0,14951.0,15145.0,17338.0
2013-12-06,14975.0,15752.0,14975.0,15679.0,9037.0
2013-12-09,15606.0,15776.0,14927.0,14975.0,25554.0
2013-12-10,14951.0,15582.0,14830.0,14975.0,25531.0
2013-12-11,14951.0,15242.0,14733.0,14854.0,12534.0
2013-12-12,14878.0,15218.0,14708.0,15194.0,12156.0
2013-12-13,15024.0,15121.0,14951.0,14951.0,6264.0
2013-12-16,14927.0,15024.0,14660.0,14757.0,12848.0
2013-12-17,14708.0,14878.0,14490.0,14611.0,22238.0
2013-12-18,14466.0,14708.0,14247.0,14393.0,24184.0
2013-12-19,14441.0,14684.0,14320.0,14393.0,11504.0
2013-12-20,14344.0,14902.0,14320.0,14902.0,7476.0
2013-12-23,14830.0,15266.0,14830.0,15048.0,9921.0
2013-12-24,14902.0,15339.0,14854.0,15072.0,10069.0
2013-12-26,15097.0,15315.0,14830.0,14830.0,13723.0
2013-12-27,14854.0,15048.0,14538.0,15048.0,17823.0
2013-12-30,15145.0,15145.0,14733.0,15145.0,5666.0
2014-01-02,15145.0,15145.0,14660.0,14757.0,13663.0
2014-01-03,14854.0,14927.0,14563.0,14757.0,10047.0
2014-01-06,15000.0,15000.0,14708.0,14757.0,5006.0
2014-01-07,14757.0,14951.0,14757.0,14854.0,3945.0
2014-01-08,14951.0,15000.0,14708.0,14854.0,9350.0
2014-01-09,14927.0,15533.0,14830.0,15533.0,21892.0
2014-01-10,15631.0,15800.0,15291.0,15800.0,19146.0
2014-01-13,15825.0,15825.0,15412.0,15558.0,15844.0
2014-01-14,15533.0,15655.0,15145.0,15291.0,7584.0
2014-01-15,15364.0,15728.0,15169.0,15728.0,12955.0
2014-01-16,15728.0,16359.0,15728.0,16262.0,28196.0
2014-01-17,16213.0,16480.0,16019.0,16480.0,19008.0
2014-01-20,16504.0,16504.0,16092.0,16189.0,6260.0
2014-01-21,16359.0,16359.0,15752.0,15800.0,11623.0
2014-01-22,15825.0,16092.0,15606.0,16092.0,19612.0
2014-01-23,16092.0,16189.0,15703.0,15703.0,7818.0
2014-01-24,15703.0,15946.0,15169.0,15582.0,23337.0
2014-01-27,15194.0,15242.0,14781.0,14854.0,21756.0
2014-01-28,14805.0,15000.0,14514.0,14587.0,27718.0
2014-01-29,14781.0,14951.0,14514.0,14878.0,16754.0
2014-02-03,14854.0,14854.0,14393.0,14393.0,54508.0
2014-02-04,14077.0,14296.0,13786.0,13810.0,45297.0
2014-02-05,13834.0,13883.0,13203.0,13495.0,81890.0
2014-02-06,13349.0,13883.0,13349.0,13810.0,48990.0
2014-02-07,13883.0,14296.0,13810.0,14077.0,32953.0
2014-02-10,14126.0,14199.0,13810.0,13883.0,28136.0
2014-02-11,13932.0,14150.0,13859.0,13883.0,19024.0
2014-02-12,14101.0,14101.0,13810.0,13883.0,17069.0
2014-02-13,13883.0,13932.0,13689.0,13689.0,12567.0
2014-02-14,13689.0,13980.0,13665.0,13834.0,19473.0
2014-02-17,13956.0,14927.0,13932.0,14781.0,64065.0
2014-02-18,14320.0,14902.0,14126.0,14466.0,83671.0
2014-02-19,14587.0,15291.0,14368.0,15266.0,126461.0
2014-02-20,15266.0,16165.0,15048.0,15533.0,227976.0
2014-02-21,15655.0,15849.0,15072.0,15339.0,73256.0
2014-02-24,15315.0,15800.0,14951.0,15461.0,87160.0
2014-02-25,15412.0,15849.0,14902.0,15048.0,95361.0
2014-02-26,15048.0,15145.0,14660.0,14805.0,44688.0
2014-02-27,14878.0,15291.0,14660.0,15291.0,31688.0
2014-02-28,15266.0,15825.0,15194.0,15679.0,56828.0
2014-03-03,15631.0,15631.0,15194.0,15291.0,34352.0
2014-03-04,15097.0,15436.0,14733.0,14757.0,54258.0
2014-03-05,14854.0,15364.0,14611.0,15048.0,66304.0
2014-03-06,12791.0,12791.0,12791.0,12791.0,24698.0
2014-03-07,12524.0,13543.0,12233.0,13495.0,1061424.0
2014-03-10,13567.0,13810.0,13106.0,13543.0,257186.0
2014-03-11,13592.0,13640.0,13106.0,13398.0,169617.0
2014-03-12,13179.0,13325.0,11917.0,12475.0,323859.0
2014-03-13,12500.0,12548.0,11432.0,12500.0,155426.0
2014-03-14,12378.0,12791.0,12184.0,12184.0,100559.0
2014-03-17,12184.0,12233.0,11189.0,11650.0,187528.0
2014-03-18,11868.0,12087.0,11456.0,11941.0,109531.0
2014-03-19,11844.0,12038.0,11626.0,11868.0,59563.0
2014-03-20,11771.0,11796.0,11262.0,11601.0,74226.0
2014-03-21,11626.0,12014.0,11504.0,11796.0,47947.0
2014-03-24,11893.0,12160.0,11796.0,11990.0,51077.0
2014-03-25,12111.0,12839.0,12087.0,12742.0,125569.0
2014-03-26,12815.0,12888.0,12451.0,12791.0,54380.0
2014-03-27,12864.0,12864.0,12135.0,12451.0,127495.0
2014-03-28,12427.0,12694.0,12305.0,12572.0,82235.0
2014-03-31,12669.0,12669.0,12038.0,12330.0,48647.0
2014-04-01,12184.0,12572.0,12135.0,12451.0,54099.0
2014-04-02,12500.0,12621.0,12135.0,12233.0,47427.0
2014-04-03,12257.0,12402.0,11796.0,11893.0,55817.0
2014-04-04,13009.0,13543.0,12038.0,12038.0,736435.0
2014-04-07,12063.0,12305.0,11893.0,11990.0,160755.0
2014-04-08,11941.0,12233.0,11941.0,12208.0,55000.0
2014-04-09,12257.0,12378.0,12063.0,12184.0,49861.0
2014-04-10,12208.0,12718.0,12184.0,12694.0,99244.0
2014-04-11,12524.0,12815.0,12378.0,12815.0,57329.0
2014-04-14,12766.0,12791.0,12427.0,12791.0,66329.0
2014-04-15,12864.0,12864.0,12475.0,12524.0,55047.0
2014-04-16,12500.0,12572.0,12402.0,12524.0,39352.0
2014-04-17,12548.0,12597.0,11893.0,12087.0,128841.0
2014-04-18,12135.0,12815.0,12135.0,12645.0,122643.0
2014-04-21,12669.0,12669.0,12087.0,12111.0,92519.0
2014-04-22,12014.0,12500.0,12014.0,12500.0,109432.0
2014-04-23,12500.0,12500.0,12500.0,12500.0,0.0
2014-04-24,12500.0,12500.0,12500.0,12500.0,0.0
2014-04-25,12500.0,12500.0,12500.0,12500.0,0.0
2014-04-28,12500.0,12500.0,12500.0,12500.0,0.0
2014-04-29,12500.0,12500.0,12500.0,12500.0,0.0
2014-04-30,12500.0,12500.0,12500.0,12500.0,0.0
2014-05-02,12500.0,12500.0,12500.0,12500.0,0.0
2014-05-07,12500.0,12500.0,12500.0,12500.0,0.0
2014-05-08,12500.0,12500.0,12500.0,12500.0,0.0
2014-05-09,12500.0,12500.0,12500.0,12500.0,0.0
2014-05-12,12500.0,12500.0,12500.0,12500.0,0.0
2014-05-13,12500.0,12500.0,12500.0,12500.0,0.0
2014-05-14,12500.0,12500.0,12500.0,12500.0,0.0
2014-05-15,12500.0,12500.0,12500.0,12500.0,0.0
2014-05-16,12500.0,12500.0,12500.0,12500.0,0.0
2014-05-19,12500.0,12500.0,12500.0,12500.0,0.0
2014-05-20,12500.0,12500.0,12500.0,12500.0,0.0
2014-05-21,12500.0,12500.0,12500.0,12500.0,0.0
2014-05-22,12500.0,12500.0,12500.0,12500.0,0.0
2014-05-23,12500.0,12500.0,11700.0,12150.0,231005.0
2014-05-26,12050.0,13000.0,12000.0,12350.0,87845.0
2014-05-27,12350.0,12750.0,12350.0,12550.0,37454.0
2014-05-28,12400.0,12650.0,12250.0,12500.0,34042.0
2014-05-29,12200.0,12300.0,12000.0,12300.0,60559.0
2014-05-30,12150.0,12200.0,12000.0,12000.0,33739.0
2014-06-02,12000.0,12050.0,11250.0,11400.0,92222.0
2014-06-03,11500.0,11650.0,11100.0,11600.0,33025.0
2014-06-05,11750.0,11750.0,10750.0,10950.0,49824.0
2014-06-09,10950.0,11300.0,10700.0,11200.0,26037.0
2014-06-10,11000.0,11250.0,10950.0,11200.0,17549.0
2014-06-11,11200.0,11200.0,10950.0,11000.0,17829.0
2014-06-12,11000.0,11050.0,10750.0,11000.0,49029.0
2014-06-13,11050.0,11050.0,10800.0,10950.0,17855.0
2014-06-16,11000.0,11150.0,10650.0,11150.0,24269.0
2014-06-17,11050.0,11350.0,11000.0,11200.0,17211.0
2014-06-18,11050.0,11500.0,11050.0,11350.0,13726.0
2014-06-19,11200.0,11500.0,11200.0,11400.0,20336.0
2014-06-20,11450.0,11450.0,11050.0,11200.0,27313.0
2014-06-23,11200.0,11200.0,10700.0,10700.0,19734.0
2014-06-24,10950.0,10950.0,9990.0,10200.0,67238.0
2014-06-25,10200.0,10200.0,10000.0,10050.0,38445.0
2014-06-26,10100.0,10300.0,9990.0,9990.0,21280.0
2014-06-27,9990.0,10050.0,9700.0,9900.0,43236.0
2014-06-30,9900.0,10100.0,9800.0,9800.0,46324.0
2014-07-01,9800.0,9950.0,9540.0,9610.0,64109.0
2014-07-02,9630.0,9700.0,9470.0,9560.0,49732.0
2014-07-03,9500.0,9950.0,9460.0,9910.0,37802.0
2014-07-04,9910.0,10150.0,9900.0,10100.0,15629.0
2014-07-07,10100.0,10150.0,9950.0,10150.0,26844.0
2014-07-08,10150.0,10250.0,9970.0,10150.0,14804.0
2014-07-09,10200.0,10200.0,9740.0,9830.0,33290.0
2014-07-10,9950.0,9950.0,9720.0,9840.0,7735.0
2014-07-11,9980.0,9980.0,9500.0,9550.0,46263.0
2014-07-14,9690.0,10400.0,9570.0,10100.0,41892.0
2014-07-15,10000.0,10450.0,10000.0,10050.0,40564.0
2014-07-16,10000.0,10250.0,9950.0,10000.0,14668.0
2014-07-17,10050.0,10400.0,10000.0,10200.0,33478.0
2014-07-18,10050.0,10200.0,9960.0,10100.0,28926.0
2014-07-21,10050.0,10200.0,9800.0,9900.0,31527.0
2014-07-22,9950.0,10500.0,9820.0,10300.0,39124.0
2014-07-23,10300.0,11800.0,10300.0,11800.0,276856.0
2014-07-24,11800.0,12350.0,11000.0,11050.0,312652.0
2014-07-25,11200.0,12000.0,10850.0,11300.0,161635.0
2014-07-28,11300.0,11450.0,10800.0,11000.0,109753.0
2014-07-29,11050.0,11350.0,10800.0,11250.0,76770.0
2014-07-30,11250.0,11250.0,10400.0,10500.0,117001.0
2014-07-31,10400.0,10650.0,10000.0,10100.0,98093.0
2014-08-01,10100.0,10150.0,9780.0,9860.0,96279.0
2014-08-04,9890.0,9960.0,9760.0,9920.0,61442.0
2014-08-05,9980.0,9980.0,9460.0,9500.0,145967.0
2014-08-06,9530.0,9620.0,9380.0,9480.0,60904.0
2014-08-07,9470.0,9510.0,8060.0,8100.0,760977.0
2014-08-08,8150.0,8280.0,8000.0,8270.0,98995.0
2014-08-11,8320.0,8400.0,8060.0,8130.0,88633.0
2014-08-12,8100.0,8200.0,7990.0,8090.0,52684.0
2014-08-13,8020.0,8130.0,7940.0,8130.0,64024.0
2014-08-14,8140.0,8180.0,7960.0,8060.0,47685.0
2014-08-18,8110.0,8200.0,8030.0,8160.0,23425.0
2014-08-19,8200.0,8200.0,8030.0,8160.0,41656.0
2014-08-20,8160.0,8160.0,8070.0,8160.0,36357.0
2014-08-21,8150.0,8250.0,8080.0,8160.0,31995.0
2014-08-22,8200.0,8200.0,8080.0,8180.0,21763.0
2014-08-25,8170.0,8210.0,8100.0,8110.0,25037.0
2014-08-26,8110.0,8200.0,8110.0,8160.0,12605.0
2014-08-27,8170.0,8250.0,8120.0,8220.0,22271.0
2014-08-28,8210.0,8400.0,8210.0,8370.0,46995.0
2014-08-29,8330.0,8420.0,8230.0,8230.0,40880.0
2014-09-01,8230.0,8360.0,8210.0,8280.0,28219.0
2014-09-02,8280.0,8590.0,8220.0,8500.0,63080.0
2014-09-03,8500.0,8770.0,8370.0,8650.0,58239.0
2014-09-04,8660.0,8980.0,8550.0,8550.0,42734.0
2014-09-05,8470.0,8550.0,8340.0,8400.0,41094.0
2014-09-11,8350.0,8510.0,8300.0,8380.0,24003.0
2014-09-12,8450.0,8480.0,8320.0,8390.0,18375.0
2014-09-15,8420.0,8610.0,8270.0,8450.0,33468.0
2014-09-16,8590.0,8980.0,8520.0,8720.0,73161.0
2014-09-17,8720.0,8760.0,8510.0,8690.0,25369.0
2014-09-18,8690.0,8710.0,8460.0,8460.0,50806.0
2014-09-19,8510.0,8660.0,8410.0,8410.0,136004.0
2014-09-22,8440.0,8540.0,8370.0,8480.0,28047.0
2014-09-23,8470.0,8530.0,8350.0,8530.0,63060.0
2014-09-24,8530.0,8700.0,8520.0,8540.0,37651.0
2014-09-25,8520.0,8560.0,8400.0,8430.0,40586.0
2014-09-26,8400.0,8460.0,8370.0,8430.0,42405.0
2014-09-29,8420.0,8450.0,8270.0,8270.0,45326.0
2014-09-30,8280.0,8390.0,8220.0,8240.0,31657.0
2014-10-01,8400.0,8430.0,8150.0,8290.0,27859.0
2014-10-02,8220.0,8300.0,8150.0,8200.0,29895.0
2014-10-06,8200.0,8400.0,8140.0,8140.0,20604.0
2014-10-07,8160.0,8290.0,8140.0,8210.0,16963.0
2014-10-08,8150.0,8230.0,8100.0,8200.0,14823.0
2014-10-10,8200.0,8200.0,7950.0,8010.0,28135.0
2014-10-13,7920.0,8090.0,7550.0,7580.0,52955.0
2014-10-14,7360.0,7800.0,7360.0,7720.0,16473.0
2014-10-15,7730.0,7810.0,7520.0,7560.0,8140.0
2014-10-16,7550.0,7570.0,7330.0,7450.0,21321.0
2014-10-17,7450.0,7480.0,7170.0,7270.0,32915.0
2014-10-20,7230.0,7370.0,7100.0,7180.0,38918.0
2014-10-21,7180.0,7270.0,7080.0,7160.0,33192.0
2014-10-22,7170.0,7350.0,7070.0,7190.0,23356.0
2014-10-23,7240.0,7350.0,7180.0,7350.0,24964.0
2014-10-24,7350.0,7390.0,7100.0,7200.0,17826.0
2014-10-27,7200.0,7350.0,7140.0,7250.0,45437.0
2014-10-28,7320.0,7350.0,7200.0,7280.0,7357.0
2014-10-29,7320.0,8170.0,7200.0,8020.0,138647.0
2014-10-30,7730.0,7820.0,7600.0,7630.0,25978.0
2014-10-31,7750.0,7780.0,7340.0,7420.0,20953.0
2014-11-03,7600.0,7600.0,7060.0,7250.0,13925.0
2014-11-04,7370.0,7370.0,7100.0,7130.0,16756.0
2014-11-05,7220.0,7220.0,7020.0,7110.0,16252.0
2014-11-06,7220.0,7220.0,7080.0,7080.0,5541.0
2014-11-07,7090.0,7200.0,7090.0,7200.0,16986.0
2014-11-10,7190.0,7280.0,7050.0,7130.0,20933.0
2014-11-11,7110.0,7230.0,7080.0,7110.0,10115.0
2014-11-12,7100.0,7270.0,7100.0,7230.0,15220.0
2014-11-13,7240.0,7340.0,7160.0,7260.0,24605.0
2014-11-14,7270.0,7290.0,7170.0,7220.0,9750.0
2014-11-17,7280.0,7280.0,6990.0,7100.0,29020.0
2014-11-18,7030.0,7200.0,7030.0,7150.0,18997.0
2014-11-19,7190.0,7190.0,7030.0,7080.0,4519.0
2014-11-20,7010.0,7140.0,6950.0,6960.0,22628.0
2014-11-21,6970.0,7030.0,6780.0,6860.0,43042.0
2014-11-24,6860.0,7040.0,6860.0,6880.0,54176.0
2014-11-25,6890.0,6970.0,6770.0,6970.0,87572.0
2014-11-26,6970.0,7120.0,6910.0,7080.0,24907.0
2014-11-27,7240.0,7370.0,7170.0,7250.0,52650.0
2014-11-28,7250.0,7280.0,7050.0,7100.0,20462.0
2014-12-01,7150.0,7150.0,6920.0,6960.0,32888.0
2014-12-02,7000.0,7050.0,6810.0,6820.0,18509.0
2014-12-03,6800.0,6910.0,6750.0,6760.0,20199.0
2014-12-04,6830.0,6830.0,6750.0,6820.0,21115.0
2014-12-05,6920.0,6920.0,6800.0,6800.0,19639.0
2014-12-08,6840.0,6850.0,6750.0,6770.0,15264.0
2014-12-09,6770.0,6780.0,6650.0,6720.0,27882.0
2014-12-10,6770.0,6770.0,6600.0,6670.0,12734.0
2014-12-11,6670.0,6740.0,6450.0,6480.0,29660.0
2014-12-12,6500.0,6570.0,6400.0,6400.0,23946.0
2014-12-15,6420.0,6420.0,6260.0,6390.0,19237.0
2014-12-16,6390.0,6420.0,6260.0,6280.0,12082.0
2014-12-17,6200.0,6390.0,6200.0,6380.0,28826.0
2014-12-18,6330.0,6490.0,6330.0,6360.0,30629.0
2014-12-19,6360.0,6510.0,6350.0,6360.0,14635.0
2014-12-22,6310.0,6500.0,6250.0,6330.0,24678.0
2014-12-23,6470.0,6610.0,6310.0,6570.0,37209.0
2014-12-24,6570.0,6720.0,6570.0,6700.0,28858.0
2014-12-26,6640.0,6840.0,6630.0,6790.0,27640.0
2014-12-29,6790.0,6870.0,6680.0,6700.0,10612.0
2014-12-30,6890.0,6900.0,6700.0,6710.0,32800.0
2015-01-02,6660.0,6900.0,6660.0,6820.0,27220.0
2015-01-05,6800.0,6890.0,6760.0,6800.0,13539.0
2015-01-06,6810.0,6820.0,6720.0,6740.0,58077.0
2015-01-07,6810.0,6840.0,6720.0,6760.0,34760.0
2015-01-08,6750.0,6840.0,6720.0,6730.0,32698.0
2015-01-09,6820.0,6880.0,6730.0,6780.0,19538.0
2015-01-12,6780.0,6850.0,6470.0,6650.0,53339.0
2015-01-13,6670.0,6770.0,6620.0,6650.0,17087.0
2015-01-14,6650.0,6710.0,6630.0,6640.0,31246.0
2015-01-15,6600.0,6690.0,6600.0,6640.0,27258.0
2015-01-16,6700.0,6700.0,6590.0,6620.0,39744.0
2015-01-19,6650.0,6710.0,6600.0,6680.0,23825.0
2015-01-20,6650.0,7090.0,6620.0,7090.0,48187.0
2015-01-21,7070.0,7100.0,6850.0,7090.0,32161.0
2015-01-22,7070.0,7180.0,6810.0,6810.0,61396.0
2015-01-23,6840.0,7200.0,6840.0,6950.0,25132.0
2015-01-26,6950.0,7480.0,6950.0,7370.0,49325.0
2015-01-27,7370.0,7510.0,7360.0,7410.0,32095.0
2015-01-28,7250.0,7730.0,7250.0,7650.0,48732.0
2015-01-29,7800.0,8350.0,7700.0,8130.0,78980.0
2015-01-30,8180.0,8240.0,7980.0,8000.0,35267.0
2015-02-02,8260.0,8260.0,8000.0,8110.0,45257.0
2015-02-03,8380.0,8500.0,8110.0,8350.0,45451.0
2015-02-04,8440.0,8720.0,8210.0,8680.0,81438.0
2015-02-05,8590.0,8680.0,8150.0,8430.0,47455.0
2015-02-06,8490.0,8570.0,8400.0,8530.0,18274.0
2015-02-09,8520.0,9100.0,8450.0,8670.0,35225.0
2015-02-10,8700.0,8740.0,8210.0,8290.0,74244.0
2015-02-11,8300.0,8580.0,8290.0,8410.0,31381.0
2015-02-12,8800.0,8820.0,8550.0,8760.0,64488.0
2015-02-13,8800.0,9400.0,8750.0,9310.0,138073.0
2015-02-16,9320.0,9970.0,9310.0,9820.0,151062.0
2015-02-17,9630.0,10250.0,9630.0,9950.0,155258.0
2015-02-23,10150.0,10150.0,9700.0,9880.0,38466.0
2015-02-24,10000.0,10000.0,9690.0,9750.0,47917.0
2015-02-25,9750.0,10200.0,9730.0,10050.0,91002.0
2015-02-26,10250.0,11250.0,10150.0,10950.0,208278.0
2015-02-27,10950.0,11100.0,10800.0,10900.0,62468.0
2015-03-02,10950.0,11400.0,10800.0,11150.0,127110.0
2015-03-03,11150.0,11300.0,10950.0,11100.0,52845.0
2015-03-04,11100.0,11400.0,10500.0,11000.0,70399.0
2015-03-05,11000.0,11600.0,10800.0,11300.0,128233.0
2015-03-06,11400.0,11550.0,11100.0,11450.0,49893.0
2015-03-09,11450.0,11650.0,11200.0,11200.0,59011.0
2015-03-10,11150.0,11300.0,10550.0,10650.0,47875.0
2015-03-11,10650.0,10700.0,10350.0,10550.0,39609.0
2015-03-12,10500.0,11350.0,10050.0,11300.0,103379.0
2015-03-13,11050.0,11800.0,11050.0,11500.0,148163.0
2015-03-16,11500.0,11800.0,11200.0,11750.0,75752.0
2015-03-17,11950.0,11950.0,11750.0,11900.0,66827.0
2015-03-18,11900.0,12000.0,11700.0,11800.0,62222.0
2015-03-19,12000.0,12150.0,11850.0,12100.0,92223.0
2015-03-20,12200.0,12600.0,12000.0,12550.0,104989.0
2015-03-23,12700.0,12850.0,12600.0,12700.0,39289.0
2015-03-24,12800.0,13500.0,12800.0,13300.0,106089.0
2015-03-25,13500.0,14800.0,13450.0,14450.0,186368.0
2015-03-26,14200.0,14650.0,13800.0,14550.0,108894.0
2015-03-27,14700.0,14750.0,13400.0,13900.0,133380.0
2015-03-30,14000.0,14050.0,13500.0,13750.0,66952.0
2015-03-31,14150.0,14550.0,13900.0,14450.0,57119.0
2015-04-01,14600.0,15800.0,14350.0,15700.0,217779.0
2015-04-02,15700.0,16000.0,15300.0,15700.0,105724.0
2015-04-03,16500.0,17200.0,15700.0,16950.0,203254.0
2015-04-06,17300.0,17850.0,16600.0,17650.0,190190.0
2015-04-07,17900.0,18000.0,16800.0,17650.0,138553.0
2015-04-08,17150.0,17750.0,17150.0,17700.0,166078.0
2015-04-09,17950.0,19250.0,17750.0,18500.0,168230.0
2015-04-10,19000.0,19100.0,18400.0,18550.0,77224.0
2015-04-13,19100.0,19100.0,17450.0,18300.0,204016.0
2015-04-14,18350.0,18550.0,17650.0,18200.0,159064.0
2015-04-15,18250.0,18450.0,17900.0,18000.0,66481.0
2015-04-16,17500.0,18200.0,16800.0,18100.0,256247.0
2015-04-17,18200.0,18250.0,17350.0,17900.0,104545.0
2015-04-20,17550.0,18100.0,17550.0,17850.0,100604.0
2015-04-21,18050.0,18150.0,17650.0,17700.0,82680.0
2015-04-22,17700.0,18250.0,16700.0,18150.0,180970.0
2015-04-23,18250.0,19100.0,17400.0,17500.0,160041.0
2015-04-24,17300.0,18000.0,16900.0,17650.0,153652.0
2015-04-27,17900.0,17900.0,17350.0,17650.0,45919.0
2015-04-28,17700.0,18700.0,17450.0,18350.0,119576.0
2015-04-29,18350.0,18350.0,17550.0,18200.0,66191.0
2015-04-30,18250.0,18550.0,17100.0,17300.0,52846.0
2015-05-04,16900.0,17300.0,16200.0,16650.0,74052.0
2015-05-06,16000.0,17100.0,16000.0,16650.0,44699.0
2015-05-07,16700.0,17350.0,16100.0,17350.0,54691.0
2015-05-08,17700.0,17700.0,17100.0,17200.0,30488.0
2015-05-11,17500.0,17800.0,17250.0,17600.0,30751.0
2015-05-12,17200.0,17800.0,17100.0,17600.0,34112.0
2015-05-13,17700.0,17700.0,16800.0,17650.0,69420.0
2015-05-14,17500.0,18250.0,17350.0,18100.0,42824.0
2015-05-15,18300.0,18350.0,17750.0,18000.0,36566.0
2015-05-18,18000.0,18150.0,16900.0,18150.0,82351.0
2015-05-19,18050.0,19150.0,18000.0,18300.0,92428.0
2015-05-20,18300.0,18300.0,17200.0,17200.0,79208.0
2015-05-21,17200.0,17550.0,17050.0,17300.0,57976.0
2015-05-22,17450.0,18000.0,16650.0,17100.0,100870.0
2015-05-26,16900.0,17250.0,16500.0,17100.0,56130.0
2015-05-27,17200.0,17350.0,16800.0,17150.0,55092.0
2015-05-28,17900.0,17900.0,17400.0,17850.0,56206.0
2015-05-29,17850.0,18600.0,17750.0,18550.0,111990.0
2015-06-01,19000.0,19000.0,17950.0,18350.0,81291.0
2015-06-02,18800.0,18800.0,18000.0,18400.0,59403.0
2015-06-03,18400.0,19000.0,18150.0,18800.0,76645.0
2015-06-04,18850.0,19100.0,18400.0,18550.0,43726.0
2015-06-05,18700.0,18850.0,18200.0,18200.0,46512.0
2015-06-08,18550.0,20900.0,18250.0,20900.0,301938.0
2015-06-09,21650.0,21950.0,20900.0,21500.0,208575.0
2015-06-10,21950.0,23550.0,21300.0,22400.0,214870.0
2015-06-11,22450.0,23200.0,21550.0,22350.0,107046.0
2015-06-12,22550.0,22850.0,21700.0,22400.0,73869.0
2015-06-15,22400.0,22450.0,20400.0,21000.0,117513.0
2015-06-16,21350.0,21800.0,20600.0,21550.0,70713.0
2015-06-17,21800.0,22400.0,20800.0,21800.0,79125.0
2015-06-18,21800.0,22100.0,21500.0,21950.0,50795.0
2015-06-19,22350.0,22600.0,21250.0,21350.0,57446.0
2015-06-22,21600.0,21800.0,20800.0,20800.0,41485.0
2015-06-23,21450.0,21700.0,20200.0,20800.0,73047.0
2015-06-24,20750.0,21400.0,20400.0,21200.0,49037.0
2015-06-25,20700.0,21550.0,20250.0,21000.0,85162.0
2015-06-26,21750.0,21750.0,20700.0,20800.0,56046.0
2015-06-29,20300.0,20950.0,20100.0,20950.0,66919.0
2015-06-30,21150.0,21400.0,20200.0,21200.0,42492.0
2015-07-01,21300.0,22850.0,21250.0,22500.0,100707.0
2015-07-02,23050.0,23050.0,22050.0,22450.0,60358.0
2015-07-03,22650.0,22650.0,21500.0,21500.0,49979.0
2015-07-06,20800.0,21300.0,20100.0,20200.0,63974.0
2015-07-07,20400.0,20850.0,19450.0,20300.0,62816.0
2015-07-08,20150.0,20800.0,19150.0,20700.0,49319.0
2015-07-09,20000.0,20750.0,19700.0,20750.0,44261.0
2015-07-10,21150.0,21250.0,19800.0,20700.0,45569.0
2015-07-13,21600.0,25850.0,21000.0,25200.0,213863.0
2015-07-14,25800.0,25800.0,24350.0,24650.0,98967.0
2015-07-15,25300.0,25750.0,24200.0,24500.0,73913.0
2015-07-16,24600.0,24900.0,23850.0,24250.0,67780.0
2015-07-17,24550.0,24900.0,23550.0,24300.0,44419.0
2015-07-20,24600.0,25450.0,24200.0,24550.0,45874.0
2015-07-21,24750.0,24750.0,23900.0,24150.0,27587.0
2015-07-22,24250.0,24750.0,23100.0,23650.0,38762.0
2015-07-23,23400.0,23500.0,21500.0,22550.0,102496.0
2015-07-24,23000.0,23050.0,21950.0,22750.0,39063.0
2015-07-27,22700.0,23000.0,21550.0,21650.0,28402.0
2015-07-28,21100.0,22000.0,20600.0,22000.0,48161.0
2015-07-29,22000.0,23100.0,21350.0,22600.0,46623.0
2015-07-30,22650.0,22750.0,21300.0,22350.0,66864.0
2015-07-31,21850.0,22650.0,21850.0,22300.0,10946.0
2015-08-03,22300.0,23000.0,21800.0,22100.0,21289.0
2015-08-04,21800.0,22600.0,21650.0,22450.0,13935.0
2015-08-05,22450.0,22600.0,21850.0,22400.0,23880.0
2015-08-06,22600.0,24200.0,22450.0,23900.0,58996.0
2015-08-07,24000.0,24350.0,23550.0,24100.0,36780.0
2015-08-10,24000.0,24350.0,23550.0,24050.0,39106.0
2015-08-11,24200.0,24700.0,23200.0,23800.0,40286.0
2015-08-12,24250.0,24250.0,22450.0,22600.0,25771.0
2015-08-13,22900.0,23450.0,22450.0,23300.0,20704.0
2015-08-17,23900.0,23900.0,21900.0,22150.0,32810.0
2015-08-18,22100.0,22450.0,20700.0,21850.0,50645.0
2015-08-19,21450.0,21900.0,20650.0,21100.0,38499.0
2015-08-20,20150.0,21250.0,20150.0,20800.0,39939.0
2015-08-21,20000.0,20600.0,19750.0,20400.0,96350.0
2015-08-24,19600.0,21250.0,19000.0,19900.0,47434.0
2015-08-25,19950.0,20250.0,18500.0,20000.0,106052.0
2015-08-26,20150.0,20700.0,19800.0,20350.0,32280.0
2015-08-27,20650.0,23650.0,20350.0,23350.0,94896.0
2015-08-28,22950.0,23200.0,22350.0,23150.0,39618.0
2015-08-31,23150.0,23200.0,21400.0,21550.0,43099.0
2015-09-01,21750.0,22150.0,20750.0,21200.0,46940.0
2015-09-02,20250.0,21350.0,20250.0,21200.0,53119.0
2015-09-03,21450.0,21700.0,20850.0,20850.0,8503.0
2015-09-04,20600.0,21000.0,19750.0,20200.0,26235.0
2015-09-07,20050.0,21000.0,19550.0,20600.0,13614.0
2015-09-08,20250.0,21300.0,20250.0,21050.0,14911.0
2015-09-09,20850.0,21400.0,20650.0,21150.0,11874.0
2015-09-10,21250.0,21250.0,20600.0,20600.0,8028.0
2015-09-11,20700.0,21500.0,20600.0,21400.0,15459.0
2015-09-14,21000.0,21400.0,20350.0,20950.0,21382.0
2015-09-15,20650.0,21200.0,20300.0,20750.0,6717.0
2015-09-16,20750.0,21300.0,20700.0,20850.0,11864.0
2015-09-17,21300.0,21300.0,20850.0,21000.0,32884.0
2015-09-18,20750.0,21200.0,20750.0,21000.0,19535.0
2015-09-21,20600.0,21100.0,20450.0,20950.0,29245.0
2015-09-22,20600.0,21250.0,20600.0,20600.0,14623.0
2015-09-23,20800.0,20800.0,19700.0,19850.0,20356.0
2015-09-24,20100.0,20100.0,19500.0,19850.0,34662.0
2015-09-25,20100.0,20100.0,19350.0,19950.0,28601.0
2015-09-30,19300.0,20100.0,19100.0,19950.0,37856.0
2015-10-01,20050.0,20600.0,19600.0,20000.0,19550.0
2015-10-02,20300.0,20700.0,19900.0,20650.0,20757.0
2015-10-05,20150.0,21200.0,20150.0,20850.0,13981.0
2015-10-06,21000.0,21000.0,20200.0,20800.0,9836.0
2015-10-07,20950.0,20950.0,20300.0,20600.0,13068.0
2015-10-08,20400.0,20800.0,20250.0,20300.0,9355.0
2015-10-12,20200.0,20550.0,20050.0,20200.0,9477.0
2015-10-13,20100.0,20450.0,20000.0,20350.0,22244.0
2015-10-14,20250.0,20600.0,19500.0,20600.0,27246.0
2015-10-15,20300.0,21000.0,20200.0,20600.0,13995.0
2015-10-16,20700.0,21000.0,20150.0,21000.0,14356.0
2015-10-19,21250.0,21250.0,20000.0,20350.0,13218.0
2015-10-20,20350.0,20650.0,19750.0,20350.0,15210.0
2015-10-21,20450.0,20500.0,19650.0,19700.0,12603.0
2015-10-22,20000.0,20000.0,17750.0,18300.0,63934.0
2015-10-23,18550.0,18650.0,17050.0,17150.0,32881.0
2015-10-26,17200.0,17750.0,17000.0,17500.0,18984.0
2015-10-27,17850.0,17900.0,17100.0,17350.0,24407.0
2015-10-28,17400.0,17700.0,17250.0,17300.0,11452.0
2015-10-29,17250.0,17500.0,17000.0,17050.0,8141.0
2015-10-30,17050.0,17300.0,16400.0,17000.0,20385.0
2015-11-02,17450.0,17450.0,16450.0,17050.0,10926.0
2015-11-03,17400.0,17450.0,16550.0,16850.0,11477.0
2015-11-04,17200.0,17200.0,15400.0,16700.0,92190.0
2015-11-05,17000.0,17050.0,16350.0,16850.0,12899.0
2015-11-06,16850.0,16900.0,16350.0,16450.0,18087.0
2015-11-09,16950.0,16950.0,15300.0,15300.0,21826.0
2015-11-10,15400.0,15650.0,14500.0,15150.0,26947.0
2015-11-11,14700.0,15200.0,13700.0,14150.0,65397.0
2015-11-12,14350.0,15350.0,14300.0,15350.0,33209.0
2015-11-13,15400.0,15400.0,14550.0,14700.0,27795.0
2015-11-16,14250.0,14600.0,13300.0,14050.0,37883.0
2015-11-17,14050.0,14550.0,13650.0,14000.0,13801.0
2015-11-18,14450.0,14450.0,13600.0,14150.0,20019.0
2015-11-19,14200.0,14500.0,13900.0,14500.0,31052.0
2015-11-20,14500.0,14550.0,14200.0,14450.0,15097.0
2015-11-23,14250.0,14550.0,13850.0,14300.0,27491.0
2015-11-24,14550.0,15000.0,14550.0,14600.0,19080.0
2015-11-25,14700.0,15050.0,14700.0,14900.0,10682.0
2015-11-26,14900.0,15050.0,14450.0,14450.0,9766.0
2015-11-27,14450.0,14900.0,14200.0,14350.0,13036.0
2015-11-30,14300.0,14450.0,13400.0,14350.0,18489.0
2015-12-01,14300.0,14400.0,13700.0,14400.0,22682.0
2015-12-02,14500.0,14850.0,13650.0,13650.0,24570.0
2015-12-03,13550.0,13700.0,12900.0,13700.0,32187.0
2015-12-04,13700.0,14150.0,13450.0,13800.0,9414.0
2015-12-07,13550.0,13700.0,13200.0,13300.0,14803.0
2015-12-08,13550.0,13550.0,13000.0,13300.0,19343.0
2015-12-09,13300.0,13450.0,13000.0,13000.0,13390.0
2015-12-10,13000.0,13000.0,12100.0,12100.0,27703.0
2015-12-11,12350.0,12600.0,11500.0,11500.0,23823.0
2015-12-14,11400.0,11700.0,10650.0,11000.0,41536.0
2015-12-15,11550.0,11600.0,10750.0,10900.0,27409.0
2015-12-16,11000.0,11250.0,10800.0,10900.0,33145.0
2015-12-17,11550.0,12600.0,10950.0,11250.0,63081.0
2015-12-18,11300.0,11950.0,11200.0,11250.0,27560.0
2015-12-21,11100.0,11350.0,10850.0,11050.0,18244.0
2015-12-22,11300.0,13900.0,11050.0,13200.0,127835.0
2015-12-23,13100.0,13750.0,12150.0,13750.0,74865.0
2015-12-24,13950.0,14100.0,13150.0,13700.0,40361.0
2015-12-28,13350.0,14250.0,13200.0,13850.0,46988.0
2015-12-29,13850.0,14300.0,13550.0,14100.0,32131.0
2015-12-30,13900.0,14300.0,13750.0,14200.0,32592.0
2016-01-04,13850.0,14150.0,13700.0,13800.0,27494.0
2016-01-05,13400.0,13950.0,13150.0,13150.0,30774.0
2016-01-06,13300.0,13400.0,12750.0,13200.0,28593.0
2016-01-07,13100.0,13550.0,12950.0,13400.0,22513.0
2016-01-08,13050.0,13500.0,13000.0,13350.0,20739.0
2016-01-11,14200.0,16200.0,13200.0,14200.0,86203.0
2016-01-12,14500.0,14700.0,13950.0,14500.0,24696.0
2016-01-13,14700.0,15300.0,14300.0,15300.0,34509.0
2016-01-14,14900.0,15400.0,14600.0,15000.0,21947.0
2016-01-15,14950.0,15100.0,14100.0,14100.0,30549.0
2016-01-18,13950.0,14550.0,13850.0,14500.0,14730.0
2016-01-19,14650.0,14700.0,14150.0,14300.0,10512.0
2016-01-20,14450.0,14450.0,13050.0,14150.0,26205.0
2016-01-21,13750.0,14000.0,13300.0,13800.0,21529.0
2016-01-22,13750.0,14250.0,13450.0,13950.0,6678.0
2016-01-25,14300.0,14300.0,13800.0,13950.0,7807.0
2016-01-26,14150.0,14150.0,13500.0,13550.0,5504.0
2016-01-27,13550.0,14000.0,12300.0,13200.0,25344.0
2016-01-28,13050.0,13700.0,12800.0,13400.0,11756.0
2016-01-29,13400.0,14400.0,13400.0,14050.0,14069.0
2016-02-01,14700.0,14700.0,13600.0,14050.0,15678.0
2016-02-02,14100.0,14500.0,13600.0,13950.0,12070.0
2016-02-03,14150.0,14400.0,13600.0,13800.0,11093.0
2016-02-04,13600.0,13900.0,13500.0,13800.0,8805.0
2016-02-05,13550.0,13900.0,13350.0,13700.0,11112.0
2016-02-11,13150.0,13600.0,12850.0,13200.0,10576.0
2016-02-12,13000.0,13500.0,12400.0,12600.0,11316.0
2016-02-15,12950.0,13450.0,12400.0,12550.0,6157.0
2016-02-16,12550.0,12950.0,12550.0,12650.0,6377.0
2016-02-17,12650.0,12850.0,12450.0,12500.0,10137.0
2016-02-18,12750.0,12750.0,12250.0,12450.0,11556.0
2016-02-19,12600.0,13200.0,12450.0,13050.0,8385.0
2016-02-22,12900.0,13150.0,12700.0,13050.0,6533.0
2016-02-23,13000.0,14100.0,12900.0,13250.0,30027.0
2016-02-24,13450.0,13450.0,12850.0,13050.0,24575.0
2016-02-25,13100.0,13400.0,12900.0,13000.0,28869.0
2016-02-26,13000.0,13400.0,12800.0,13400.0,17770.0
2016-02-29,13400.0,13650.0,13250.0,13450.0,13982.0
2016-03-02,13300.0,13700.0,13300.0,13600.0,22068.0
2016-03-03,13600.0,14350.0,13450.0,14000.0,37221.0
2016-03-04,14300.0,14400.0,13800.0,14350.0,25710.0
2016-03-07,14150.0,14700.0,14150.0,14500.0,15269.0
2016-03-08,14300.0,14800.0,13900.0,14450.0,11352.0
2016-03-09,14350.0,14450.0,14100.0,14400.0,5012.0
2016-03-10,14700.0,14700.0,14100.0,14400.0,4680.0
2016-03-11,14450.0,14650.0,13900.0,14000.0,7647.0
2016-03-14,14200.0,14200.0,13800.0,13850.0,8501.0
2016-03-15,13850.0,13850.0,13450.0,13800.0,13108.0
2016-03-16,14000.0,14800.0,14000.0,14250.0,21279.0
2016-03-17,14150.0,14250.0,13800.0,13850.0,24458.0
2016-03-18,13800.0,14350.0,13800.0,14300.0,68588.0
2016-03-21,14750.0,14750.0,14300.0,14350.0,13579.0
2016-03-22,14400.0,14400.0,13800.0,14100.0,23706.0
2016-03-23,14150.0,14300.0,13850.0,13950.0,22584.0
2016-03-24,14000.0,14050.0,13650.0,14000.0,18175.0
2016-03-25,13950.0,13950.0,13500.0,13550.0,13728.0
2016-03-28,13550.0,13750.0,13200.0,13500.0,7426.0
2016-03-29,13500.0,13800.0,13250.0,13400.0,11987.0
2016-03-30,13450.0,13850.0,13400.0,13750.0,16317.0
2016-03-31,13800.0,13900.0,13350.0,13450.0,7435.0
2016-04-01,13400.0,13650.0,13150.0,13350.0,12741.0
2016-04-04,13250.0,13400.0,13000.0,13050.0,12774.0
2016-04-05,13000.0,13050.0,12700.0,12850.0,17028.0
2016-04-06,12950.0,13250.0,12550.0,13250.0,16471.0
2016-04-07,13500.0,13800.0,13350.0,13450.0,14361.0
2016-04-08,13500.0,13700.0,13150.0,13600.0,13012.0
2016-04-11,13500.0,14350.0,13500.0,14000.0,17612.0
2016-04-12,14050.0,14300.0,13700.0,14150.0,21716.0
2016-04-14,14450.0,14450.0,14100.0,14300.0,18793.0
2016-04-15,14100.0,14400.0,13800.0,13900.0,13446.0
2016-04-18,13650.0,14300.0,13650.0,14200.0,7117.0
2016-04-19,14200.0,14550.0,14000.0,14550.0,21231.0
2016-04-20,14600.0,16500.0,14350.0,16050.0,98656.0
2016-04-21,16500.0,17950.0,15500.0,17700.0,105075.0
2016-04-22,17250.0,17650.0,16800.0,17000.0,197141.0
2016-04-25,17000.0,19000.0,17000.0,18100.0,131806.0
2016-04-26,18150.0,18450.0,17500.0,17550.0,50974.0
2016-04-27,17550.0,17800.0,16300.0,16800.0,86096.0
2016-04-28,16900.0,17700.0,16800.0,17600.0,54779.0
2016-04-29,17100.0,17600.0,17000.0,17550.0,32254.0
2016-05-02,17550.0,17850.0,16650.0,16700.0,29892.0
2016-05-03,17200.0,19450.0,17100.0,17150.0,160407.0
2016-05-04,17700.0,19250.0,16900.0,17350.0,162647.0
2016-05-09,17100.0,17200.0,16650.0,16700.0,36562.0
2016-05-10,16750.0,17800.0,16650.0,17200.0,28189.0
2016-05-11,17050.0,17200.0,16650.0,17100.0,17155.0
2016-05-12,16800.0,17350.0,16650.0,16900.0,16628.0
2016-05-13,16750.0,17100.0,16550.0,17100.0,18507.0
2016-05-16,17150.0,17200.0,16300.0,16300.0,29581.0
2016-05-17,16050.0,16200.0,15750.0,16050.0,24259.0
2016-05-18,16050.0,16350.0,15850.0,15850.0,11218.0
2016-05-19,15850.0,16250.0,15250.0,15250.0,20287.0
2016-05-20,15200.0,15950.0,15200.0,15700.0,24868.0
2016-05-23,15750.0,16100.0,15050.0,15350.0,17455.0
2016-05-24,15150.0,15550.0,14600.0,14950.0,21970.0
2016-05-25,15000.0,15600.0,14950.0,15500.0,20312.0
2016-05-26,15600.0,15750.0,14900.0,15000.0,33930.0
2016-05-27,15000.0,15100.0,14600.0,14800.0,25712.0
2016-05-30,14750.0,14800.0,14450.0,14500.0,15446.0
2016-05-31,14950.0,15500.0,14400.0,15050.0,40563.0
2016-06-01,15050.0,16050.0,15050.0,16000.0,49587.0
2016-06-02,16100.0,16400.0,15700.0,15700.0,22250.0
2016-06-03,15700.0,15900.0,15400.0,15500.0,21234.0
2016-06-07,15500.0,16000.0,15300.0,15400.0,15089.0
2016-06-08,15450.0,15700.0,15100.0,15200.0,19303.0
2016-06-09,15400.0,15400.0,14750.0,14800.0,26995.0
2016-06-10,14950.0,15200.0,14650.0,15000.0,15249.0
2016-06-13,15250.0,15250.0,14600.0,15050.0,12401.0
2016-06-14,15150.0,15150.0,14600.0,14650.0,18451.0
2016-06-15,14650.0,14700.0,14400.0,14500.0,13293.0
2016-06-16,14450.0,15050.0,14400.0,14850.0,28396.0
2016-06-17,15250.0,15300.0,14500.0,14600.0,23190.0
2016-06-20,14800.0,15050.0,14200.0,14950.0,8942.0
2016-06-21,15150.0,15150.0,14700.0,14850.0,6903.0
2016-06-22,14700.0,15100.0,14700.0,14900.0,8854.0
2016-06-23,15050.0,15050.0,14700.0,14850.0,7230.0
2016-06-24,15300.0,15300.0,13350.0,13450.0,55999.0
2016-06-27,12900.0,13950.0,12900.0,13550.0,57267.0
2016-06-28,13200.0,14050.0,13200.0,13950.0,8226.0
2016-06-29,14300.0,14400.0,14100.0,14250.0,4224.0
2016-06-30,14300.0,14400.0,13800.0,13800.0,14283.0
2016-07-01,14100.0,14800.0,13900.0,14700.0,21980.0
2016-07-04,14450.0,15000.0,14400.0,14500.0,19944.0
2016-07-05,14900.0,14900.0,14300.0,14450.0,6465.0
2016-07-06,14450.0,14650.0,14250.0,14350.0,16176.0
2016-07-07,14600.0,14700.0,14250.0,14500.0,9278.0
2016-07-08,14500.0,14600.0,14100.0,14600.0,4752.0
2016-07-11,14550.0,14850.0,14450.0,14650.0,7489.0
2016-07-12,15000.0,15000.0,14550.0,14800.0,21154.0
2016-07-13,15000.0,15250.0,14750.0,14850.0,12616.0
2016-07-14,14750.0,15150.0,14600.0,14750.0,6774.0
2016-07-15,14950.0,15000.0,14550.0,14650.0,7507.0
2016-07-18,14600.0,15050.0,14350.0,14600.0,9777.0
2016-07-19,14550.0,14700.0,14250.0,14650.0,19500.0
2016-07-20,14500.0,14850.0,14300.0,14800.0,22607.0
2016-07-21,14800.0,15000.0,14300.0,14600.0,21248.0
2016-07-22,14600.0,14950.0,14200.0,14950.0,35488.0
2016-07-25,14750.0,15300.0,14750.0,15000.0,15254.0
2016-07-26,15100.0,15750.0,14700.0,15700.0,31093.0
2016-07-27,15800.0,15800.0,15400.0,15600.0,15769.0
2016-07-28,15550.0,15600.0,15250.0,15400.0,11755.0
2016-07-29,15650.0,15800.0,15100.0,15400.0,31933.0
2016-08-01,15400.0,15550.0,14850.0,15450.0,55537.0
2016-08-02,15150.0,16800.0,15150.0,16800.0,108475.0
2016-08-03,16800.0,16950.0,16300.0,16500.0,42477.0
2016-08-04,16200.0,16700.0,16200.0,16500.0,28649.0
2016-08-05,16400.0,16700.0,15650.0,15900.0,47245.0
2016-08-08,16200.0,16450.0,15900.0,16200.0,19070.0
2016-08-09,16400.0,16650.0,15800.0,16000.0,18761.0
2016-08-10,16050.0,16500.0,15950.0,16450.0,17970.0
2016-08-11,16950.0,16950.0,16000.0,16200.0,15819.0
2016-08-12,16200.0,16300.0,15700.0,15750.0,30883.0
2016-08-16,15650.0,16150.0,15650.0,15800.0,9711.0
2016-08-17,15800.0,16300.0,15800.0,16200.0,18780.0
2016-08-18,16100.0,16600.0,16100.0,16350.0,16994.0
2016-08-19,16600.0,16850.0,16300.0,16800.0,31450.0
2016-08-22,16800.0,16850.0,16100.0,16350.0,27716.0
2016-08-23,16100.0,16600.0,16000.0,16150.0,32947.0
2016-08-24,16350.0,16550.0,15450.0,15600.0,40949.0
2016-08-25,15650.0,15650.0,14950.0,15000.0,33423.0
2016-08-26,14950.0,15250.0,14500.0,15100.0,17398.0
2016-08-29,15100.0,15250.0,14600.0,15100.0,16728.0
2016-08-30,15000.0,15200.0,14750.0,14750.0,13683.0
2016-08-31,14600.0,14950.0,14350.0,14900.0,30542.0
2016-09-01,15000.0,15000.0,14500.0,14750.0,4627.0
2016-09-02,14700.0,14700.0,14450.0,14550.0,7132.0
2016-09-05,14500.0,14850.0,14450.0,14650.0,7298.0
2016-09-06,14650.0,14950.0,14550.0,14850.0,9689.0
2016-09-07,14750.0,14950.0,14550.0,14900.0,6906.0
2016-09-08,14650.0,15150.0,14300.0,15000.0,32771.0
2016-09-09,14950.0,15000.0,14350.0,14600.0,50485.0
2016-09-12,14600.0,14950.0,14250.0,14400.0,10001.0
2016-09-13,14650.0,14650.0,14000.0,14050.0,14466.0
2016-09-19,13950.0,14250.0,13800.0,14000.0,15232.0
2016-09-20,14100.0,14400.0,14000.0,14200.0,3665.0
2016-09-21,14100.0,14300.0,14000.0,14200.0,9512.0
2016-09-22,14100.0,14550.0,14100.0,14400.0,10017.0
2016-09-23,14400.0,14450.0,13700.0,14400.0,33232.0
2016-09-26,14300.0,14500.0,14100.0,14400.0,11515.0
2016-09-27,14600.0,14600.0,14250.0,14500.0,3188.0
2016-09-28,14700.0,14700.0,14200.0,14300.0,2097.0
2016-09-29,14500.0,14550.0,14200.0,14400.0,3485.0
2016-09-30,14150.0,14300.0,14050.0,14050.0,76629.0
2016-10-04,14050.0,14400.0,13800.0,13900.0,11586.0
2016-10-05,13800.0,13950.0,13700.0,13800.0,13140.0
2016-10-06,13800.0,14150.0,13800.0,14100.0,5342.0
2016-10-07,14000.0,14150.0,13600.0,14100.0,22416.0
2016-10-10,13950.0,14200.0,13700.0,14150.0,11386.0
2016-10-11,14200.0,14200.0,13850.0,14200.0,19580.0
2016-10-12,14200.0,14450.0,14100.0,14250.0,6079.0
2016-10-13,14100.0,14250.0,13900.0,14150.0,7645.0
2016-10-14,13900.0,14300.0,13900.0,14150.0,20691.0
2016-10-17,14350.0,14350.0,14000.0,14200.0,4273.0
2016-10-18,14050.0,14300.0,13950.0,14050.0,6086.0
2016-10-19,13800.0,14100.0,13800.0,13900.0,5749.0
2016-10-20,13900.0,14000.0,13550.0,13550.0,12887.0
2016-10-21,13800.0,13800.0,13300.0,13500.0,8638.0
2016-10-24,13650.0,13850.0,13500.0,13650.0,7764.0
2016-10-25,13950.0,13950.0,13450.0,13600.0,8290.0
2016-10-26,13550.0,13750.0,13300.0,13650.0,12866.0
2016-10-27,13600.0,13900.0,13300.0,13700.0,5205.0
2016-10-28,13650.0,13650.0,13250.0,13300.0,12470.0
2016-10-31,13200.0,13600.0,12400.0,13350.0,47631.0
2016-11-01,13300.0,13300.0,12950.0,13000.0,5444.0
2016-11-02,13250.0,13250.0,12500.0,12500.0,9379.0
2016-11-03,12500.0,12800.0,12150.0,12450.0,13939.0
2016-11-04,12650.0,12650.0,11950.0,11950.0,23111.0
2016-11-07,11950.0,12300.0,11950.0,12150.0,10078.0
2016-11-08,12400.0,12450.0,12100.0,12350.0,8718.0
2016-11-09,12350.0,12500.0,11350.0,11550.0,21464.0
2016-11-10,11650.0,12400.0,11650.0,12000.0,9054.0
2016-11-11,12000.0,12300.0,12000.0,12200.0,1829.0
2016-11-14,12150.0,12500.0,12100.0,12400.0,2193.0
2016-11-15,12250.0,12500.0,12150.0,12450.0,7259.0
2016-11-16,12300.0,12500.0,12250.0,12400.0,5395.0
2016-11-17,12400.0,12500.0,12050.0,12100.0,6466.0
2016-11-18,12000.0,12150.0,11750.0,11750.0,7863.0
2016-11-21,12050.0,12050.0,11300.0,11400.0,8608.0
2016-11-22,11550.0,11600.0,11200.0,11300.0,6149.0
2016-11-23,11300.0,11500.0,11200.0,11250.0,8396.0
2016-11-24,11350.0,11550.0,11150.0,11350.0,4377.0
2016-11-25,11300.0,11500.0,11200.0,11400.0,2920.0
2016-11-28,11400.0,11400.0,11000.0,11000.0,3736.0
2016-11-29,11350.0,11350.0,10950.0,11050.0,5849.0
2016-11-30,11050.0,11350.0,10850.0,11000.0,3507.0
2016-12-01,11000.0,11100.0,10800.0,11100.0,6782.0
2016-12-02,11200.0,11200.0,11000.0,11100.0,2966.0
2016-12-05,10900.0,11050.0,10850.0,11050.0,4593.0
2016-12-06,11050.0,11400.0,10900.0,11300.0,3187.0
2016-12-07,11300.0,11300.0,11000.0,11100.0,2601.0
2016-12-08,11100.0,11250.0,10800.0,10850.0,9609.0
2016-12-09,11000.0,11200.0,10800.0,11200.0,10124.0
2016-12-12,11200.0,11500.0,11200.0,11350.0,4325.0
2016-12-13,11400.0,11900.0,11400.0,11850.0,12611.0
2016-12-14,12000.0,12000.0,11600.0,11650.0,2764.0
2016-12-15,11650.0,11650.0,11150.0,11300.0,23165.0
2016-12-16,11400.0,11400.0,11100.0,11250.0,5124.0
2016-12-19,11200.0,11500.0,11150.0,11250.0,5977.0
2016-12-20,11250.0,11400.0,11250.0,11350.0,5463.0
2016-12-21,11450.0,11550.0,11350.0,11500.0,8038.0
2016-12-22,11400.0,11600.0,11250.0,11400.0,5878.0
2016-12-23,11400.0,11400.0,11200.0,11300.0,4274.0
2016-12-26,11300.0,11300.0,10400.0,10750.0,55411.0
2016-12-27,10850.0,10900.0,10650.0,10900.0,14232.0
2016-12-28,10900.0,11000.0,10800.0,11000.0,3787.0
2016-12-29,11000.0,11250.0,10950.0,11200.0,7356.0
2017-01-02,11350.0,11400.0,11150.0,11200.0,5210.0
2017-01-03,11200.0,11350.0,11000.0,11250.0,7599.0
2017-01-04,11350.0,11350.0,11100.0,11350.0,7164.0
2017-01-05,11500.0,11500.0,11300.0,11400.0,3780.0
2017-01-06,11500.0,11500.0,11300.0,11500.0,2086.0
2017-01-09,11400.0,11550.0,11400.0,11550.0,2974.0
2017-01-10,11500.0,11550.0,11250.0,11350.0,6588.0
2017-01-11,11300.0,11300.0,10850.0,11150.0,20420.0
2017-01-12,11150.0,11150.0,10800.0,11150.0,10877.0
2017-01-13,11150.0,11350.0,11000.0,11050.0,14142.0
2017-01-16,11000.0,11200.0,10850.0,11000.0,8789.0
2017-01-17,11050.0,11600.0,11000.0,11250.0,13905.0
2017-01-18,11350.0,11500.0,11150.0,11500.0,8150.0
2017-01-19,11500.0,11550.0,11400.0,11400.0,7267.0
2017-01-20,11400.0,11600.0,11400.0,11450.0,7788.0
2017-01-23,11600.0,13150.0,11600.0,12850.0,92216.0
2017-01-24,12850.0,12900.0,12200.0,12250.0,31956.0
2017-01-25,12150.0,12750.0,11800.0,12700.0,49584.0
2017-01-26,12800.0,13600.0,12500.0,13150.0,51043.0
2017-01-31,13200.0,13500.0,13000.0,13200.0,14295.0
2017-02-01,13050.0,13100.0,12500.0,12550.0,32192.0
2017-02-02,12550.0,12900.0,12250.0,12500.0,33299.0
2017-02-03,12300.0,12650.0,11950.0,12500.0,47243.0
2017-02-06,12550.0,12800.0,12250.0,12500.0,19224.0
2017-02-07,12350.0,12500.0,12100.0,12300.0,22233.0
2017-02-08,12200.0,12400.0,11950.0,12050.0,19352.0
2017-02-09,11950.0,12200.0,11750.0,12050.0,26920.0
2017-02-10,12050.0,12450.0,11850.0,12200.0,11820.0
2017-02-13,12200.0,12600.0,12050.0,12250.0,12212.0
2017-02-14,12350.0,12400.0,11950.0,12150.0,23078.0
2017-02-15,12150.0,12250.0,12000.0,12000.0,10605.0
2017-02-16,12000.0,12250.0,11950.0,12150.0,7300.0
2017-02-17,12050.0,12150.0,11850.0,12150.0,13293.0
2017-02-20,12450.0,13400.0,12300.0,13400.0,95089.0
2017-02-21,13550.0,14500.0,13400.0,13950.0,164623.0
2017-02-22,14050.0,14550.0,13700.0,13700.0,49717.0
2017-02-23,13700.0,14000.0,13450.0,13600.0,30914.0
2017-02-24,13750.0,14400.0,13750.0,14250.0,43163.0
2017-02-27,13900.0,14950.0,13800.0,14850.0,55380.0
2017-02-28,14850.0,15400.0,14700.0,14850.0,42834.0
2017-03-02,14700.0,15350.0,14700.0,15000.0,35826.0
2017-03-03,15000.0,15100.0,14350.0,14700.0,34935.0
2017-03-06,14700.0,14900.0,14400.0,14700.0,18444.0
2017-03-07,14700.0,15000.0,14500.0,14900.0,28190.0
2017-03-08,15000.0,15050.0,14650.0,14650.0,8357.0
2017-03-09,14750.0,14850.0,14500.0,14650.0,12814.0
2017-03-10,14450.0,15050.0,14150.0,15050.0,26394.0
2017-03-13,15200.0,15400.0,14850.0,15050.0,33196.0
2017-03-14,15300.0,15600.0,15100.0,15400.0,32781.0
2017-03-15,15600.0,15600.0,14800.0,14850.0,32052.0
2017-03-16,14800.0,15150.0,14650.0,14800.0,18131.0
2017-03-17,14900.0,15200.0,14400.0,14950.0,13403.0
2017-03-20,14750.0,15200.0,14600.0,14800.0,12381.0
2017-03-21,14700.0,14750.0,14300.0,14650.0,22420.0
2017-03-22,14400.0,14600.0,14200.0,14250.0,18026.0
2017-03-23,14250.0,14350.0,14050.0,14200.0,23260.0
2017-03-24,14300.0,14300.0,13950.0,14050.0,16143.0
2017-03-27,13850.0,14250.0,13750.0,13900.0,12635.0
2017-03-28,13900.0,14500.0,13750.0,14500.0,6370.0
2017-03-29,14450.0,14600.0,14300.0,14450.0,11511.0
2017-03-30,14450.0,14600.0,14000.0,14250.0,10323.0
2017-03-31,14050.0,14400.0,14050.0,14400.0,6264.0
2017-04-03,14450.0,14450.0,13950.0,14100.0,13815.0
2017-04-04,14350.0,14350.0,13900.0,14100.0,18382.0
2017-04-05,14150.0,14300.0,13950.0,14200.0,10614.0
2017-04-06,14200.0,14250.0,13900.0,14000.0,11541.0
2017-04-07,14000.0,14150.0,13600.0,13600.0,20143.0
2017-04-10,13950.0,13950.0,13450.0,13850.0,16435.0
2017-04-11,13950.0,14100.0,13500.0,14000.0,14697.0
2017-04-12,14050.0,14050.0,13550.0,13700.0,16493.0
2017-04-13,13600.0,14150.0,13600.0,13900.0,11960.0
2017-04-14,13850.0,14100.0,13500.0,13750.0,11531.0
2017-04-17,13650.0,13900.0,13650.0,13800.0,9157.0
2017-04-18,13750.0,14150.0,13750.0,13900.0,5182.0
2017-04-19,13900.0,14200.0,13600.0,14000.0,15212.0
2017-04-20,14200.0,14250.0,13900.0,14000.0,5770.0
2017-04-21,14100.0,14100.0,13850.0,13950.0,3554.0
2017-04-24,14000.0,14000.0,13650.0,13750.0,24265.0
2017-04-25,13850.0,13850.0,13500.0,13600.0,27199.0
2017-04-26,13600.0,13950.0,13550.0,13700.0,25982.0
2017-04-27,13900.0,14050.0,13550.0,13600.0,13123.0
2017-04-28,13600.0,13700.0,13400.0,13450.0,11678.0
2017-05-02,13150.0,13450.0,13150.0,13400.0,11665.0
2017-05-04,13350.0,13650.0,13300.0,13500.0,15918.0
2017-05-08,13500.0,14100.0,13400.0,14000.0,45027.0
2017-05-10,14000.0,14350.0,13950.0,14250.0,22965.0
2017-05-11,14100.0,14300.0,13850.0,14100.0,16709.0
2017-05-12,14100.0,14200.0,13550.0,13700.0,41461.0
2017-05-15,13650.0,13700.0,13200.0,13400.0,45177.0
2017-05-16,13450.0,13800.0,13200.0,13250.0,44762.0
2017-05-17,13400.0,13450.0,13000.0,13450.0,35325.0
2017-05-18,13400.0,13400.0,12900.0,13050.0,31075.0
2017-05-19,13200.0,13350.0,12950.0,13350.0,19475.0
2017-05-22,13300.0,13500.0,13200.0,13450.0,14324.0
2017-05-23,13550.0,13900.0,13250.0,13850.0,26617.0
2017-05-24,13900.0,13950.0,13700.0,13900.0,15171.0
2017-05-25,14000.0,14300.0,13550.0,14200.0,60264.0
2017-05-26,14200.0,14300.0,14000.0,14150.0,36616.0
2017-05-29,14300.0,14500.0,14150.0,14400.0,47060.0
2017-05-30,14350.0,14500.0,13950.0,14400.0,22247.0
2017-05-31,14300.0,14550.0,14150.0,14400.0,26923.0
2017-06-01,14800.0,16200.0,14550.0,15150.0,443804.0
2017-06-02,15200.0,15650.0,15050.0,15050.0,88844.0
2017-06-05,15250.0,15300.0,14800.0,15000.0,58324.0
2017-06-07,15100.0,15100.0,14500.0,14650.0,37120.0
2017-06-08,14600.0,14900.0,14250.0,14650.0,60972.0
2017-06-09,14700.0,14700.0,14350.0,14550.0,19593.0
2017-06-12,14700.0,14700.0,14300.0,14550.0,29141.0
2017-06-13,14600.0,14600.0,14300.0,14350.0,25544.0
2017-06-14,14300.0,15000.0,14200.0,14800.0,41789.0
2017-06-15,14800.0,15050.0,14450.0,14500.0,15264.0
2017-06-16,14650.0,14650.0,14000.0,14050.0,50136.0
2017-06-19,14050.0,14050.0,13700.0,14050.0,35308.0
2017-06-20,14050.0,14050.0,13600.0,13600.0,31245.0
2017-06-21,13800.0,13850.0,13250.0,13450.0,27009.0
2017-06-22,13500.0,13600.0,13150.0,13400.0,25282.0
2017-06-23,13400.0,13600.0,13250.0,13500.0,10656.0
2017-06-26,13500.0,13500.0,13300.0,13450.0,7751.0
2017-06-27,13500.0,13600.0,13200.0,13350.0,21371.0
2017-06-28,13200.0,13450.0,13150.0,13250.0,10631.0
2017-06-29,13250.0,13500.0,13150.0,13500.0,9166.0
2017-06-30,13500.0,13500.0,13150.0,13150.0,20683.0
2017-07-03,13150.0,13200.0,12800.0,13000.0,19748.0
2017-07-04,12900.0,13150.0,12750.0,12850.0,9895.0
2017-07-05,12850.0,13100.0,12850.0,13000.0,13761.0
2017-07-06,12950.0,13200.0,12800.0,13100.0,8226.0
2017-07-07,13050.0,13100.0,12800.0,13000.0,15213.0
2017-07-10,12900.0,12900.0,12650.0,12850.0,10704.0
2017-07-11,12900.0,13300.0,12850.0,13300.0,34798.0
2017-07-12,13250.0,13250.0,12900.0,13200.0,13195.0
2017-07-13,13200.0,13200.0,12950.0,12950.0,9152.0
2017-07-14,13000.0,13050.0,12750.0,12800.0,9235.0
2017-07-17,12800.0,13100.0,12650.0,12800.0,14263.0
2017-07-18,12800.0,13000.0,12450.0,12600.0,17084.0
2017-07-19,12600.0,12800.0,12550.0,12750.0,4359.0
2017-07-20,12700.0,12850.0,12500.0,12650.0,16775.0
2017-07-21,12600.0,13100.0,12450.0,13000.0,18515.0
2017-07-24,13050.0,13100.0,12750.0,12900.0,19499.0
2017-07-25,12900.0,12950.0,12550.0,12750.0,24474.0
2017-07-26,12850.0,13000.0,12600.0,12750.0,25885.0
2017-07-27,12850.0,12850.0,12700.0,12800.0,9867.0
2017-07-28,12750.0,12850.0,12450.0,12750.0,13270.0
2017-07-31,12750.0,12750.0,12500.0,12700.0,7385.0
2017-08-01,12700.0,13000.0,12600.0,12700.0,33604.0
2017-08-02,12800.0,12800.0,12450.0,12450.0,31657.0
2017-08-03,12400.0,12500.0,11600.0,11750.0,72820.0
2017-08-04,11600.0,11850.0,11600.0,11650.0,22765.0
2017-08-07,11650.0,11750.0,11500.0,11650.0,15172.0
2017-08-08,11550.0,11750.0,11500.0,11600.0,10402.0
2017-08-09,11600.0,11800.0,11300.0,11300.0,28946.0
2017-08-10,11300.0,11400.0,10800.0,11000.0,65821.0
2017-08-11,10900.0,11100.0,10600.0,10800.0,43391.0
2017-08-14,10900.0,10950.0,10500.0,10500.0,43575.0
2017-08-16,10600.0,10800.0,10400.0,10450.0,46780.0
2017-08-17,10600.0,10800.0,10400.0,10550.0,50000.0
2017-08-18,10550.0,10800.0,10450.0,10750.0,21582.0
2017-08-21,10750.0,10950.0,10650.0,10900.0,13832.0
2017-08-22,10850.0,11000.0,10500.0,10800.0,25080.0
2017-08-23,10800.0,10800.0,10350.0,10650.0,35186.0
2017-08-24,10550.0,10650.0,10450.0,10600.0,8023.0
2017-08-25,10600.0,10700.0,10500.0,10600.0,12786.0
2017-08-28,10700.0,10750.0,10450.0,10700.0,13491.0
2017-08-29,10700.0,10750.0,10550.0,10600.0,15042.0
2017-08-30,10700.0,10750.0,10450.0,10600.0,22095.0
2017-08-31,10450.0,10550.0,10200.0,10300.0,80749.0
2017-09-01,10300.0,10450.0,10200.0,10450.0,22161.0
2017-09-04,10350.0,10450.0,10250.0,10300.0,20896.0
2017-09-05,10350.0,10350.0,10050.0,10300.0,21557.0
2017-09-06,10300.0,10350.0,10150.0,10250.0,7871.0
2017-09-07,10200.0,10350.0,9950.0,10100.0,58580.0
2017-09-08,10100.0,10150.0,9930.0,9970.0,26326.0
2017-09-11,9900.0,10200.0,9800.0,9970.0,57963.0
2017-09-12,9910.0,9950.0,9670.0,9840.0,47048.0
2017-09-13,9730.0,9850.0,9700.0,9830.0,26372.0
2017-09-14,9830.0,9910.0,9520.0,9600.0,52031.0
2017-09-15,9490.0,9640.0,9480.0,9590.0,21363.0
2017-09-18,9590.0,9640.0,9490.0,9610.0,13895.0
2017-09-19,9630.0,10200.0,9580.0,10100.0,30286.0
2017-09-20,10100.0,10100.0,9900.0,10000.0,12154.0
2017-09-21,10000.0,10000.0,9510.0,9750.0,22144.0
2017-09-22,9800.0,9800.0,9370.0,9370.0,29476.0
2017-09-25,9500.0,9500.0,9090.0,9310.0,13841.0
2017-09-26,9260.0,9390.0,9060.0,9100.0,40262.0
2017-09-27,9180.0,9370.0,9110.0,9360.0,12855.0
2017-09-28,9510.0,9510.0,9220.0,9440.0,11610.0
2017-09-29,9300.0,9850.0,9300.0,9700.0,27511.0
2017-10-10,9750.0,9800.0,9670.0,9690.0,14784.0
2017-10-11,9720.0,9800.0,9570.0,9650.0,39433.0
2017-10-12,9700.0,9750.0,9600.0,9680.0,11012.0
2017-10-13,9700.0,9700.0,9630.0,9670.0,3089.0
2017-10-16,9670.0,9750.0,9580.0,9650.0,11030.0
2017-10-17,9600.0,9760.0,9590.0,9610.0,12813.0
2017-10-18,9660.0,9740.0,9500.0,9500.0,7985.0
2017-10-19,9500.0,10000.0,9450.0,9750.0,62801.0
2017-10-20,9850.0,12100.0,9680.0,10300.0,1173197.0
2017-10-23,10400.0,11150.0,9990.0,10000.0,1060883.0
2017-10-24,10050.0,10400.0,9750.0,9850.0,285562.0
2017-10-25,9810.0,9910.0,9570.0,9570.0,156602.0
2017-10-26,9600.0,9670.0,9400.0,9440.0,112736.0
2017-10-27,9570.0,9920.0,9430.0,9770.0,134480.0
2017-10-30,9850.0,9940.0,9670.0,9680.0,103911.0
2017-10-31,9620.0,9800.0,9570.0,9800.0,38061.0
2017-11-01,9830.0,9910.0,9680.0,9710.0,156093.0
2017-11-02,9820.0,12600.0,9740.0,12600.0,4088778.0
2017-11-03,12100.0,12150.0,11050.0,11200.0,2679062.0
2017-11-06,11850.0,11900.0,10200.0,10350.0,1023419.0
2017-11-07,10450.0,10650.0,10150.0,10450.0,964547.0
2017-11-08,10350.0,10450.0,10000.0,10150.0,538268.0
2017-11-09,10100.0,10250.0,9930.0,10000.0,295006.0
2017-11-10,9900.0,10100.0,9900.0,9910.0,208008.0
2017-11-13,10000.0,10350.0,10000.0,10250.0,218562.0
2017-11-14,10250.0,10500.0,10200.0,10350.0,314512.0
2017-11-15,10400.0,10400.0,9950.0,9950.0,279891.0
2017-11-16,10050.0,10250.0,9980.0,10250.0,145192.0
2017-11-17,10400.0,10450.0,10150.0,10200.0,206886.0
2017-11-20,10100.0,10200.0,9990.0,10000.0,162345.0
2017-11-21,10050.0,10400.0,10000.0,10100.0,197774.0
2017-11-22,10150.0,10350.0,10100.0,10350.0,185831.0
2017-11-23,10400.0,10600.0,10300.0,10400.0,150631.0
2017-11-24,10400.0,10550.0,10150.0,10500.0,183672.0
2017-11-27,10650.0,10700.0,10350.0,10500.0,150024.0
2017-11-28,10600.0,10950.0,10500.0,10850.0,320915.0
2017-11-29,10850.0,11100.0,10650.0,10900.0,201194.0
2017-11-30,11000.0,11050.0,10650.0,10900.0,232278.0
2017-12-01,10900.0,11000.0,10500.0,10500.0,158851.0
2017-12-04,10500.0,10950.0,10400.0,10900.0,141127.0
2017-12-05,10900.0,10900.0,10600.0,10600.0,125176.0
2017-12-06,10750.0,11300.0,10750.0,10800.0,353337.0
2017-12-07,10900.0,10900.0,10250.0,10400.0,150076.0
2017-12-08,10300.0,10450.0,10050.0,10100.0,106834.0
2017-12-11,10100.0,10300.0,10050.0,10200.0,61901.0
2017-12-12,10200.0,10350.0,10150.0,10250.0,46292.0
2017-12-13,10250.0,10550.0,10250.0,10500.0,67768.0
2017-12-14,10500.0,10650.0,10400.0,10400.0,69301.0
2017-12-15,10450.0,10500.0,10200.0,10400.0,49074.0
2017-12-18,10300.0,10450.0,10150.0,10200.0,53321.0
2017-12-19,10200.0,10300.0,10050.0,10100.0,76205.0
2017-12-20,9970.0,9970.0,9640.0,9640.0,142361.0
2017-12-21,9750.0,9900.0,9600.0,9630.0,74188.0
2017-12-22,9650.0,9810.0,9620.0,9740.0,23929.0
2017-12-26,9810.0,9920.0,9780.0,9830.0,46862.0
2017-12-27,9840.0,9930.0,9700.0,9880.0,49344.0
2017-12-28,9880.0,9970.0,9710.0,9780.0,50297.0
2018-01-02,9700.0,9810.0,9610.0,9800.0,66922.0
2018-01-03,9810.0,9880.0,9710.0,9830.0,43473.0
2018-01-04,9810.0,10850.0,9810.0,10000.0,297115.0
2018-01-05,10100.0,10400.0,10050.0,10200.0,60932.0
2018-01-08,10200.0,10550.0,10000.0,10150.0,136423.0
2018-01-09,10150.0,10200.0,10000.0,10100.0,58999.0
2018-01-10,10150.0,10500.0,10100.0,10500.0,93536.0
2018-01-11,10500.0,10700.0,10300.0,10550.0,87273.0
2018-01-12,10600.0,10600.0,10300.0,10400.0,58994.0
2018-01-15,10450.0,10500.0,10300.0,10400.0,35879.0
2018-01-16,10500.0,10550.0,10200.0,10400.0,63658.0
2018-01-17,10500.0,10500.0,10200.0,10350.0,36625.0
2018-01-18,10350.0,10350.0,10200.0,10300.0,27958.0
2018-01-19,10400.0,10500.0,10250.0,10350.0,92532.0
2018-01-22,10500.0,10750.0,10400.0,10700.0,131197.0
2018-01-23,10800.0,10850.0,10600.0,10650.0,86318.0
2018-01-24,10650.0,10700.0,10550.0,10700.0,57071.0
2018-01-25,10700.0,11100.0,10600.0,11050.0,189078.0
2018-01-26,11150.0,11150.0,10750.0,11000.0,101713.0
2018-01-29,11000.0,11000.0,10850.0,10900.0,105071.0
2018-01-30,10900.0,11000.0,10550.0,10650.0,106810.0
2018-01-31,10550.0,10750.0,10500.0,10600.0,51582.0
2018-02-01,10700.0,11050.0,10600.0,11000.0,122807.0
2018-02-02,11050.0,11100.0,10750.0,10800.0,64255.0
2018-02-05,10600.0,10650.0,10300.0,10450.0,70136.0
2018-02-06,10100.0,10350.0,9900.0,10250.0,91768.0
2018-02-07,10400.0,10450.0,9990.0,9990.0,63646.0
2018-02-08,10000.0,10250.0,9990.0,10050.0,56840.0
2018-02-09,9910.0,9950.0,9780.0,9820.0,74357.0
2018-02-12,9850.0,9910.0,9760.0,9800.0,46888.0
2018-02-13,9880.0,9920.0,9750.0,9830.0,38706.0
2018-02-14,9750.0,9870.0,9680.0,9790.0,40792.0
2018-02-19,9840.0,9940.0,9810.0,9910.0,24384.0
2018-02-20,9950.0,10300.0,9950.0,10250.0,49288.0
2018-02-21,10250.0,10250.0,10050.0,10200.0,38244.0
2018-02-22,10250.0,10250.0,10000.0,10200.0,34463.0
2018-02-23,10150.0,10350.0,10150.0,10250.0,39476.0
2018-02-26,10350.0,10400.0,10250.0,10350.0,32984.0
2018-02-27,10350.0,10400.0,10250.0,10250.0,34113.0
2018-02-28,10200.0,10400.0,10100.0,10100.0,45839.0
2018-03-02,10000.0,10000.0,9870.0,9950.0,27852.0
2018-03-05,9950.0,9960.0,9730.0,9770.0,28319.0
2018-03-06,9670.0,9900.0,9670.0,9880.0,34908.0
2018-03-07,9910.0,10350.0,9890.0,10050.0,68284.0
2018-03-08,10150.0,10700.0,10150.0,10550.0,101205.0
2018-03-09,10600.0,10850.0,10400.0,10700.0,72391.0
2018-03-12,10700.0,10850.0,10600.0,10800.0,53209.0
2018-03-13,10750.0,10750.0,10400.0,10550.0,52687.0
2018-03-14,10500.0,10550.0,10200.0,10300.0,36982.0
2018-03-15,10300.0,10300.0,10150.0,10200.0,34873.0
2018-03-16,10350.0,10350.0,10100.0,10200.0,26934.0
2018-03-19,10200.0,10250.0,9990.0,10250.0,43292.0
2018-03-20,10200.0,10200.0,10000.0,10100.0,36862.0
2018-03-21,10100.0,10150.0,10000.0,10100.0,32131.0
2018-03-22,10050.0,10150.0,9970.0,9980.0,58793.0
2018-03-23,9900.0,9900.0,9700.0,9700.0,87263.0
2018-03-26,9670.0,9880.0,9670.0,9850.0,17399.0
2018-03-27,9870.0,10050.0,9870.0,10000.0,21569.0
2018-03-28,10000.0,10100.0,9840.0,9840.0,26196.0
2018-03-29,9900.0,9940.0,9780.0,9930.0,17717.0
2018-03-30,9930.0,10100.0,9860.0,9940.0,19306.0
2018-04-02,10000.0,10300.0,10000.0,10200.0,36303.0
2018-04-03,10200.0,10650.0,10150.0,10450.0,75593.0
2018-04-04,10450.0,10450.0,10000.0,10000.0,37327.0
2018-04-05,10000.0,10300.0,10000.0,10100.0,27446.0
2018-04-06,10100.0,10250.0,10000.0,10200.0,19099.0
2018-04-09,10200.0,10350.0,10100.0,10200.0,25148.0
2018-04-10,10200.0,10300.0,10000.0,10100.0,20807.0
2018-04-11,10100.0,10200.0,9950.0,9950.0,40348.0
2018-04-12,9980.0,10100.0,9950.0,9960.0,29820.0
2018-04-13,10000.0,10050.0,9900.0,9910.0,25301.0
2018-04-16,9910.0,9950.0,9830.0,9920.0,36207.0
2018-04-17,9920.0,9960.0,9840.0,9900.0,31874.0
2018-04-18,9920.0,10150.0,9920.0,10100.0,41274.0
2018-04-19,10250.0,10750.0,10150.0,10700.0,212489.0
2018-04-20,10750.0,10750.0,10400.0,10650.0,69798.0
2018-04-23,10950.0,11400.0,10650.0,10800.0,253887.0
2018-04-24,10900.0,11100.0,10650.0,11000.0,79842.0
2018-04-25,10850.0,11000.0,10600.0,10600.0,55221.0
2018-04-26,10600.0,10800.0,10550.0,10600.0,52459.0
2018-04-27,10700.0,10800.0,10400.0,10600.0,35674.0
2018-04-30,10800.0,11700.0,10750.0,11550.0,257332.0
2018-05-02,11850.0,12250.0,11600.0,12150.0,285403.0
2018-05-03,12250.0,12250.0,11400.0,11550.0,143083.0
2018-05-04,11500.0,12000.0,11450.0,11750.0,84575.0
2018-05-08,11800.0,11800.0,11100.0,11200.0,72384.0
2018-05-09,11100.0,11400.0,10800.0,11300.0,47142.0
2018-05-10,11300.0,11350.0,11000.0,11200.0,77318.0
2018-05-11,11200.0,11550.0,11000.0,11500.0,76560.0
2018-05-14,11600.0,12050.0,11550.0,12050.0,136968.0
2018-05-15,12050.0,12050.0,11650.0,11800.0,61906.0
2018-05-16,11400.0,11650.0,11150.0,11300.0,114934.0
2018-05-17,11250.0,11750.0,11250.0,11500.0,54505.0
2018-05-18,11500.0,11650.0,11250.0,11350.0,72300.0
2018-05-21,11350.0,11750.0,11300.0,11550.0,55520.0
2018-05-23,11550.0,11800.0,11200.0,11450.0,46424.0
2018-05-24,11600.0,11600.0,10950.0,11100.0,68993.0
2018-05-25,10600.0,10700.0,10000.0,10550.0,63778.0
2018-05-28,10950.0,11450.0,10850.0,11350.0,127727.0
2018-05-29,11400.0,11500.0,11050.0,11100.0,78557.0
2018-05-30,11050.0,11100.0,10550.0,10900.0,77009.0
2018-05-31,10900.0,11500.0,10900.0,11100.0,120871.0
2018-06-01,11100.0,11350.0,10950.0,11200.0,113958.0
2018-06-04,11250.0,11350.0,11100.0,11300.0,39838.0
2018-06-05,11150.0,11250.0,10850.0,11000.0,49311.0
2018-06-07,11050.0,11300.0,10800.0,11250.0,54243.0
2018-06-08,11250.0,11250.0,10850.0,11050.0,45633.0
2018-06-11,11000.0,11150.0,10800.0,10950.0,91221.0
2018-06-12,10950.0,11050.0,10650.0,10850.0,55238.0
2018-06-14,10800.0,10800.0,10450.0,10550.0,70391.0
2018-06-15,10500.0,10600.0,10300.0,10450.0,35599.0
2018-06-18,10400.0,10500.0,10000.0,10200.0,56116.0
2018-06-19,10050.0,10400.0,9830.0,9910.0,91281.0
2018-06-20,9820.0,10100.0,9810.0,9980.0,57797.0
2018-06-21,10100.0,10300.0,9930.0,10150.0,55435.0
2018-06-22,10150.0,10250.0,9810.0,9950.0,30487.0
2018-06-25,9910.0,10050.0,9890.0,9950.0,32992.0
2018-06-26,9970.0,9970.0,9800.0,9890.0,28039.0
2018-06-27,9890.0,9950.0,9630.0,9800.0,36991.0
2018-06-28,9800.0,9900.0,9590.0,9900.0,31993.0
2018-06-29,9990.0,9990.0,9600.0,9800.0,28918.0
2018-07-02,9560.0,9660.0,8860.0,8890.0,174326.0
2018-07-03,9020.0,9020.0,8130.0,8600.0,136882.0
2018-07-04,8480.0,8700.0,8200.0,8580.0,45224.0
2018-07-05,8570.0,8570.0,8150.0,8300.0,57039.0
2018-07-06,8260.0,8480.0,8250.0,8450.0,19526.0
2018-07-09,8470.0,8490.0,8280.0,8380.0,39687.0
2018-07-10,8410.0,8670.0,8400.0,8580.0,36260.0
2018-07-11,8580.0,8580.0,8450.0,8550.0,20812.0
2018-07-12,8560.0,8590.0,8360.0,8480.0,33016.0
2018-07-13,8500.0,8570.0,8440.0,8510.0,18715.0
2018-07-16,8550.0,8600.0,8450.0,8530.0,21645.0
2018-07-17,8550.0,8610.0,8470.0,8550.0,24243.0
2018-07-18,8550.0,8650.0,8420.0,8470.0,27812.0
2018-07-19,8480.0,8530.0,8330.0,8400.0,17215.0
2018-07-20,8330.0,8400.0,8240.0,8290.0,26729.0
2018-07-23,8350.0,8350.0,7840.0,7840.0,72169.0
2018-07-24,7900.0,8120.0,7800.0,7920.0,34556.0
2018-07-25,7920.0,8040.0,7870.0,7870.0,30428.0
2018-07-26,7950.0,8070.0,7890.0,8020.0,17856.0
2018-07-27,8080.0,8780.0,8010.0,8250.0,320351.0
2018-07-30,8300.0,8410.0,8250.0,8330.0,21141.0
2018-07-31,8350.0,8450.0,8300.0,8340.0,20252.0
2018-08-01,8530.0,8530.0,8280.0,8390.0,17234.0
2018-08-02,8320.0,8430.0,8310.0,8350.0,13253.0
2018-08-03,8150.0,8170.0,8010.0,8070.0,88059.0
2018-08-06,8040.0,8110.0,8030.0,8100.0,17589.0
2018-08-07,8060.0,8080.0,8000.0,8020.0,16202.0
2018-08-08,8070.0,8150.0,8000.0,8060.0,18165.0
2018-08-09,8080.0,8080.0,7980.0,8010.0,12280.0
2018-08-10,8060.0,8130.0,7970.0,8120.0,20410.0
2018-08-13,8110.0,8110.0,7940.0,7990.0,17940.0
2018-08-14,8080.0,8080.0,7520.0,7920.0,31449.0
2018-08-16,8000.0,8220.0,7640.0,7920.0,39349.0
2018-08-17,8000.0,8040.0,7850.0,7970.0,13065.0
2018-08-20,8010.0,8030.0,7810.0,7980.0,21019.0
2018-08-21,7840.0,7970.0,7800.0,7880.0,24171.0
2018-08-22,7870.0,8040.0,7850.0,7950.0,14299.0
2018-08-23,7970.0,8000.0,7900.0,7950.0,9925.0
2018-08-24,7950.0,8090.0,7920.0,8050.0,26152.0
2018-08-27,8050.0,8150.0,7910.0,8050.0,16432.0
2018-08-28,8090.0,8150.0,8000.0,8130.0,20302.0
2018-08-29,8130.0,8130.0,8000.0,8040.0,7472.0
2018-08-30,8120.0,8120.0,7990.0,8040.0,6326.0
2018-08-31,8080.0,8080.0,7960.0,7960.0,52781.0
2018-09-03,7960.0,8060.0,7950.0,7970.0,15391.0
2018-09-04,7960.0,8060.0,7950.0,8060.0,5043.0
2018-09-05,8060.0,8060.0,7970.0,8020.0,21283.0
2018-09-06,7950.0,8050.0,7950.0,8000.0,8538.0
2018-09-07,7950.0,8050.0,7950.0,8030.0,25937.0
2018-09-10,8070.0,8170.0,7920.0,8140.0,36000.0
2018-09-11,8210.0,8430.0,8160.0,8400.0,53278.0
2018-09-12,8320.0,8400.0,8150.0,8250.0,35617.0
2018-09-13,8200.0,8560.0,8200.0,8510.0,59328.0
2018-09-14,8520.0,8700.0,8350.0,8420.0,62260.0
2018-09-17,8330.0,8520.0,8330.0,8480.0,18438.0
2018-09-18,8480.0,8550.0,8370.0,8480.0,35909.0
2018-09-19,8390.0,8520.0,8340.0,8380.0,27191.0
2018-09-20,8400.0,8530.0,8190.0,8250.0,44228.0
2018-09-21,8250.0,8400.0,8120.0,8220.0,16549.0
2018-09-27,8250.0,8290.0,8160.0,8190.0,20591.0
2018-09-28,8200.0,8200.0,7850.0,8060.0,19176.0
2018-10-01,8060.0,8150.0,7980.0,8100.0,13347.0
2018-10-02,8120.0,8180.0,8050.0,8090.0,7106.0
2018-10-04,8170.0,8170.0,7920.0,7950.0,20615.0
2018-10-05,7900.0,8010.0,7730.0,7800.0,33690.0
2018-10-08,7750.0,7830.0,7670.0,7670.0,17490.0
2018-10-10,7630.0,7850.0,7500.0,7610.0,27087.0
2018-10-11,7470.0,7630.0,6980.0,7020.0,36705.0
2018-10-12,6400.0,7200.0,6400.0,7200.0,50523.0
2018-10-15,7200.0,7390.0,7200.0,7350.0,15075.0
2018-10-16,7200.0,7410.0,7200.0,7220.0,15148.0
2018-10-17,7300.0,7360.0,7230.0,7320.0,12902.0
2018-10-18,7320.0,7350.0,7180.0,7300.0,5430.0
2018-10-19,7300.0,7300.0,7110.0,7240.0,12439.0
2018-10-22,7250.0,7300.0,7130.0,7130.0,10075.0
2018-10-23,7200.0,7200.0,6930.0,7000.0,21278.0
2018-10-24,6850.0,7100.0,6730.0,6730.0,16493.0
2018-10-25,6500.0,6630.0,6240.0,6350.0,50591.0
2018-10-26,6310.0,6410.0,6150.0,6280.0,21135.0
2018-10-29,6060.0,6340.0,5970.0,6190.0,34546.0
2018-10-30,5800.0,6050.0,5800.0,6000.0,31168.0
2018-10-31,6050.0,6050.0,5820.0,5920.0,43717.0
2018-11-01,5940.0,6110.0,5840.0,5980.0,24607.0
2018-11-02,6010.0,6410.0,6010.0,6360.0,33993.0
2018-11-05,6400.0,6410.0,6150.0,6270.0,22487.0
2018-11-06,6350.0,6490.0,6160.0,6400.0,39896.0
2018-11-07,6400.0,6600.0,6330.0,6360.0,33964.0
2018-11-08,6400.0,6590.0,6400.0,6510.0,16671.0
2018-11-09,6500.0,6630.0,6420.0,6520.0,5964.0
2018-11-12,6500.0,6500.0,6420.0,6450.0,22690.0
2018-11-13,6400.0,6400.0,6220.0,6400.0,16098.0
2018-11-14,6430.0,6430.0,6290.0,6380.0,9967.0
2018-11-15,6250.0,6460.0,6250.0,6460.0,4495.0
2018-11-16,6500.0,6680.0,6450.0,6600.0,20458.0
2018-11-19,6520.0,7130.0,6520.0,6820.0,204653.0
2018-11-20,6800.0,6800.0,6650.0,6700.0,20563.0
2018-11-21,6540.0,6730.0,6540.0,6680.0,24846.0
2018-11-22,6800.0,6800.0,6610.0,6610.0,17948.0
2018-11-23,6610.0,8260.0,6600.0,7120.0,2052575.0
2018-11-26,7000.0,7690.0,6870.0,7160.0,555830.0
2018-11-27,7200.0,7570.0,7200.0,7280.0,197716.0
2018-11-28,7200.0,7330.0,7200.0,7280.0,53583.0
2018-11-29,7310.0,7420.0,7240.0,7300.0,40929.0
2018-11-30,7300.0,7400.0,7210.0,7300.0,39354.0
2018-12-03,7370.0,7380.0,7250.0,7300.0,40853.0
2018-12-04,7350.0,7460.0,7250.0,7450.0,45000.0
2018-12-05,7310.0,7420.0,7260.0,7400.0,16705.0
2018-12-06,7350.0,7430.0,7210.0,7330.0,28443.0
2018-12-07,7460.0,8110.0,7460.0,7740.0,621293.0
2018-12-10,7540.0,7780.0,7500.0,7640.0,60116.0
2018-12-11,7610.0,7620.0,7200.0,7280.0,74540.0
2018-12-12,7200.0,7450.0,7200.0,7360.0,20196.0
2018-12-13,7370.0,7450.0,7270.0,7390.0,29071.0
2018-12-14,7300.0,7450.0,7300.0,7390.0,39577.0
2018-12-17,7390.0,7410.0,7230.0,7370.0,11515.0
2018-12-18,7230.0,7400.0,7210.0,7310.0,23643.0
2018-12-19,7370.0,7370.0,7190.0,7190.0,23518.0
2018-12-20,7230.0,7270.0,7120.0,7160.0,11650.0
2018-12-21,7190.0,7330.0,7000.0,7280.0,25129.0
2018-12-24,7270.0,7270.0,7090.0,7170.0,11508.0
2018-12-26,7170.0,7170.0,6840.0,6940.0,30078.0
2018-12-27,6940.0,7080.0,6930.0,7000.0,12426.0
2018-12-28,6980.0,7130.0,6980.0,7130.0,5319.0
2019-01-02,7150.0,7150.0,6990.0,7120.0,7821.0
2019-01-03,7070.0,7290.0,6940.0,7250.0,34772.0
2019-01-04,7160.0,7170.0,7070.0,7120.0,10883.0
2019-01-07,7280.0,7320.0,7130.0,7250.0,29372.0
2019-01-08,7250.0,7420.0,7230.0,7370.0,30775.0
2019-01-09,7470.0,7520.0,7430.0,7490.0,27130.0
2019-01-10,7580.0,7580.0,7400.0,7490.0,17701.0
2019-01-11,7410.0,7830.0,7410.0,7780.0,57136.0
2019-01-14,8090.0,8150.0,7900.0,8000.0,99153.0
2019-01-15,7930.0,8070.0,7930.0,8010.0,25547.0
2019-01-16,8170.0,8770.0,8150.0,8230.0,83652.0
2019-01-17,8310.0,8310.0,8010.0,8070.0,30201.0
2019-01-18,8040.0,8180.0,8040.0,8180.0,26014.0
2019-01-21,8200.0,8440.0,8200.0,8390.0,47386.0
2019-01-22,8390.0,8440.0,8230.0,8230.0,21554.0
2019-01-23,8230.0,8460.0,8160.0,8430.0,23776.0
2019-01-24,8500.0,8500.0,8270.0,8380.0,19313.0
2019-01-25,8490.0,8490.0,8230.0,8370.0,21854.0
2019-01-28,8370.0,8400.0,8120.0,8180.0,30908.0
2019-01-29,8130.0,8130.0,7870.0,8010.0,46705.0
2019-01-30,8010.0,8200.0,8010.0,8130.0,28692.0
2019-01-31,8200.0,8300.0,8050.0,8280.0,28296.0
2019-02-01,8330.0,8330.0,8200.0,8230.0,19793.0
2019-02-07,8400.0,8400.0,8270.0,8400.0,35592.0
2019-02-08,8350.0,8570.0,8300.0,8390.0,37188.0
2019-02-11,8250.0,8320.0,8080.0,8180.0,29625.0
2019-02-12,8180.0,8250.0,8180.0,8230.0,9139.0
2019-02-13,8140.0,8260.0,8140.0,8230.0,23799.0
2019-02-14,8290.0,8290.0,8100.0,8280.0,12434.0
2019-02-15,8140.0,8290.0,8040.0,8140.0,37311.0
2019-02-18,8090.0,8190.0,8030.0,8060.0,37578.0
2019-02-19,8060.0,8070.0,7870.0,8010.0,51167.0
2019-02-20,8010.0,8010.0,7860.0,7920.0,19395.0
2019-02-21,8000.0,8230.0,7870.0,8100.0,53041.0
2019-02-22,8110.0,8140.0,7880.0,7960.0,18733.0
2019-02-25,7900.0,8070.0,7900.0,8030.0,12929.0
2019-02-26,8120.0,8400.0,8040.0,8290.0,62543.0
2019-02-27,8370.0,8370.0,8230.0,8260.0,20908.0
2019-02-28,8260.0,8270.0,7900.0,8120.0,44150.0
2019-03-04,8150.0,8270.0,8060.0,8190.0,39153.0
2019-03-05,8120.0,8860.0,8070.0,8540.0,243100.0
2019-03-06,8570.0,8650.0,8390.0,8500.0,51062.0
2019-03-07,8500.0,8600.0,8240.0,8290.0,45460.0
2019-03-08,8200.0,8340.0,8140.0,8290.0,22306.0
2019-03-11,8250.0,8370.0,7980.0,8290.0,31838.0
2019-03-12,8430.0,8580.0,8370.0,8550.0,73034.0
2019-03-13,8550.0,8980.0,8470.0,8960.0,172572.0
2019-03-14,9010.0,10050.0,8960.0,9720.0,495345.0
2019-03-15,9940.0,10850.0,9800.0,10800.0,787731.0
2019-03-18,11100.0,11600.0,10750.0,11250.0,393163.0
2019-03-19,11300.0,11650.0,10800.0,10900.0,225443.0
2019-03-20,10900.0,11050.0,10400.0,10700.0,236906.0
2019-03-21,10700.0,11150.0,10500.0,10800.0,144898.0
2019-03-22,10750.0,10750.0,10500.0,10600.0,57962.0
2019-03-25,10400.0,10650.0,10000.0,10450.0,227454.0
2019-03-26,10600.0,10800.0,10350.0,10650.0,103694.0
2019-03-27,10500.0,10900.0,10400.0,10650.0,99572.0
2019-03-28,10650.0,10700.0,10450.0,10500.0,32307.0
2019-03-29,10550.0,10600.0,10000.0,10100.0,140392.0
2019-04-01,10100.0,10350.0,9780.0,10000.0,192876.0
2019-04-02,10000.0,10600.0,9990.0,10450.0,174331.0
2019-04-03,10350.0,10550.0,10300.0,10550.0,53223.0
2019-04-04,10600.0,10650.0,10300.0,10550.0,61320.0
2019-04-05,10500.0,10500.0,10200.0,10200.0,47476.0
2019-04-08,10150.0,10600.0,10100.0,10200.0,51387.0
2019-04-09,10300.0,10350.0,9950.0,10000.0,52611.0
2019-04-10,10000.0,10200.0,9810.0,10150.0,52572.0
2019-04-11,10250.0,10550.0,10250.0,10500.0,84454.0
2019-04-12,10500.0,10850.0,10250.0,10800.0,115179.0
2019-04-15,10800.0,10850.0,10450.0,10750.0,75310.0
2019-04-16,10750.0,11450.0,10450.0,11300.0,200978.0
2019-04-17,11400.0,12250.0,11350.0,11950.0,390308.0
2019-04-18,11950.0,12050.0,11250.0,11250.0,118158.0
2019-04-19,11250.0,11700.0,11100.0,11450.0,108765.0
2019-04-22,11450.0,11450.0,10900.0,11050.0,67554.0
2019-04-23,11100.0,11100.0,10700.0,10800.0,44580.0
2019-04-24,10850.0,10850.0,10500.0,10550.0,41426.0
2019-04-25,10650.0,10700.0,10100.0,10400.0,65759.0
2019-04-26,10400.0,11850.0,10400.0,11650.0,462956.0
2019-04-29,11650.0,12250.0,11500.0,12200.0,289286.0
2019-04-30,12150.0,12450.0,12000.0,12250.0,127693.0
2019-05-02,12250.0,12250.0,11800.0,11950.0,53320.0
2019-05-03,11850.0,12000.0,11150.0,11350.0,103744.0
2019-05-07,10800.0,11200.0,10650.0,10900.0,137021.0
2019-05-08,10900.0,10900.0,10600.0,10700.0,82736.0
2019-05-09,10750.0,10900.0,10150.0,10550.0,140893.0
2019-05-10,10550.0,10800.0,9850.0,10000.0,163836.0
2019-05-13,10150.0,10150.0,9610.0,9610.0,90456.0
2019-05-14,9460.0,9770.0,9400.0,9740.0,58298.0
2019-05-15,9780.0,10250.0,9780.0,10100.0,63093.0
2019-05-16,10000.0,10050.0,9470.0,9530.0,94028.0
2019-05-17,9580.0,9880.0,9580.0,9730.0,42750.0
2019-05-20,9650.0,9820.0,9120.0,9160.0,90221.0
2019-05-21,9160.0,9320.0,8950.0,9170.0,34068.0
2019-05-22,9140.0,9410.0,9120.0,9400.0,40131.0
2019-05-23,9300.0,9460.0,9160.0,9250.0,38189.0
2019-05-24,9200.0,9210.0,9000.0,9120.0,30256.0
2019-05-27,9120.0,9400.0,9120.0,9310.0,30194.0
2019-05-28,9310.0,9590.0,8410.0,8710.0,263394.0
2019-05-29,8600.0,8870.0,8300.0,8420.0,146389.0
2019-05-30,8430.0,8810.0,8380.0,8810.0,73335.0
2019-05-31,8630.0,9450.0,8630.0,9390.0,118229.0
2019-06-03,9380.0,9620.0,9200.0,9340.0,75936.0
2019-06-04,9230.0,9490.0,9120.0,9240.0,44967.0
2019-06-05,9320.0,9980.0,9130.0,9610.0,137741.0
2019-06-07,9730.0,9800.0,9560.0,9610.0,41788.0
2019-06-10,10100.0,10200.0,9580.0,10100.0,77912.0
2019-06-11,10150.0,10650.0,9900.0,10600.0,85517.0
2019-06-12,10700.0,11000.0,10400.0,10800.0,68532.0
2019-06-13,10900.0,11000.0,10450.0,10600.0,111811.0
2019-06-14,10500.0,10750.0,10300.0,10450.0,37910.0
2019-06-17,10450.0,10450.0,9900.0,9900.0,57846.0
2019-06-18,9990.0,10200.0,9880.0,10000.0,38432.0
2019-06-19,10150.0,11000.0,10000.0,10600.0,126779.0
2019-06-20,10550.0,10950.0,10400.0,10750.0,54419.0
2019-06-21,10750.0,11300.0,10500.0,10650.0,236582.0
2019-06-24,10600.0,10750.0,10300.0,10450.0,53606.0
2019-06-25,10450.0,10500.0,9900.0,10250.0,67887.0
2019-06-26,10250.0,10450.0,10100.0,10300.0,26234.0
2019-06-27,10200.0,10450.0,10150.0,10350.0,31101.0
2019-06-28,10450.0,10450.0,10150.0,10250.0,21022.0
2019-07-01,10300.0,10500.0,10300.0,10450.0,22737.0
2019-07-02,10350.0,10850.0,10250.0,10750.0,59760.0
2019-07-03,10750.0,10850.0,10350.0,10550.0,48425.0
2019-07-04,10500.0,10600.0,9960.0,10550.0,98807.0
2019-07-05,10550.0,10850.0,10400.0,10600.0,39130.0
2019-07-08,10400.0,10500.0,9720.0,9950.0,110241.0
2019-07-09,9900.0,9940.0,8910.0,9060.0,166904.0
2019-07-10,9070.0,9290.0,8940.0,9190.0,58047.0
2019-07-11,9100.0,9590.0,9100.0,9520.0,26989.0
2019-07-12,9420.0,9510.0,9290.0,9460.0,27555.0
2019-07-15,9550.0,9550.0,9280.0,9350.0,22379.0
2019-07-16,9350.0,9430.0,8800.0,8950.0,79157.0
2019-07-17,8970.0,8970.0,8600.0,8790.0,51778.0
2019-07-18,8790.0,8880.0,8590.0,8790.0,53991.0
2019-07-19,8760.0,9080.0,8760.0,9050.0,47531.0
2019-07-22,9260.0,9370.0,9070.0,9070.0,90768.0
2019-07-23,9080.0,9150.0,8980.0,8980.0,32699.0
2019-07-24,8980.0,9080.0,8660.0,8660.0,36045.0
2019-07-25,8710.0,8820.0,8450.0,8520.0,52486.0
2019-07-26,8540.0,8690.0,8400.0,8600.0,52314.0
2019-07-29,8600.0,8750.0,8210.0,8300.0,40508.0
2019-07-30,8230.0,8520.0,8230.0,8330.0,18072.0
2019-07-31,8530.0,8530.0,8210.0,8390.0,18966.0
2019-08-01,8260.0,8830.0,8260.0,8780.0,56868.0
2019-08-02,8700.0,8790.0,8400.0,8620.0,31471.0
2019-08-05,8620.0,8750.0,8020.0,8150.0,44469.0
2019-08-06,7960.0,8290.0,7830.0,7960.0,65218.0
2019-08-07,7950.0,8370.0,7830.0,8260.0,93405.0
2019-08-08,8450.0,8700.0,8340.0,8600.0,60975.0
2019-08-09,8520.0,8670.0,8450.0,8620.0,32604.0
2019-08-12,8670.0,8950.0,8560.0,8740.0,62909.0
2019-08-13,8700.0,8810.0,8600.0,8650.0,26134.0
2019-08-14,8710.0,8860.0,8690.0,8740.0,15712.0
2019-08-16,8650.0,8740.0,8320.0,8380.0,51958.0
2019-08-19,8380.0,8790.0,8380.0,8660.0,41737.0
2019-08-20,8650.0,8770.0,8580.0,8730.0,17340.0
2019-08-21,8720.0,8930.0,8670.0,8910.0,24239.0
2019-08-22,8900.0,9290.0,8770.0,8800.0,89305.0
2019-08-23,8750.0,8860.0,8620.0,8620.0,23073.0
2019-08-26,8510.0,8550.0,8320.0,8350.0,30661.0
2019-08-27,8350.0,8490.0,7990.0,8130.0,62572.0
2019-08-28,8180.0,8180.0,7930.0,8100.0,49693.0
2019-08-29,8140.0,8330.0,8010.0,8120.0,38509.0
2019-08-30,8260.0,8380.0,8020.0,8020.0,173331.0
2019-09-02,8050.0,8250.0,8030.0,8210.0,65745.0
2019-09-03,8200.0,8270.0,8140.0,8200.0,26363.0
2019-09-04,8180.0,8480.0,8160.0,8430.0,34792.0
2019-09-05,8480.0,8630.0,8370.0,8620.0,43908.0
2019-09-06,8770.0,9100.0,8740.0,8910.0,108827.0
2019-09-09,8950.0,9060.0,8810.0,8810.0,37158.0
2019-09-10,8720.0,9040.0,8720.0,8960.0,30086.0
2019-09-11,9050.0,9190.0,8950.0,9170.0,35409.0
2019-09-16,9170.0,9670.0,9170.0,9460.0,77235.0
2019-09-17,9640.0,9640.0,9150.0,9150.0,79668.0
2019-09-18,9200.0,9750.0,9160.0,9240.0,40601.0
2019-09-19,9240.0,9550.0,9200.0,9240.0,18594.0
2019-09-20,9290.0,9290.0,9180.0,9250.0,21807.0
2019-09-23,9340.0,9360.0,9180.0,9330.0,28016.0
2019-09-24,9250.0,9500.0,9200.0,9290.0,46505.0
2019-09-25,9290.0,9400.0,9100.0,9100.0,24881.0
2019-09-26,9100.0,9210.0,8900.0,9100.0,45278.0
2019-09-27,9040.0,9100.0,8890.0,9070.0,23597.0
2019-09-30,8910.0,9200.0,8910.0,9090.0,15085.0
2019-10-01,9090.0,9230.0,9050.0,9120.0,12297.0
2019-10-02,8940.0,9150.0,8940.0,9100.0,24409.0
2019-10-04,9050.0,9050.0,8860.0,9010.0,28264.0
2019-10-07,8920.0,8970.0,8700.0,8830.0,32779.0
2019-10-08,8840.0,8970.0,8650.0,8850.0,36003.0
2019-10-10,8850.0,8970.0,8670.0,8910.0,17077.0
2019-10-11,8920.0,8930.0,8820.0,8850.0,16500.0
2019-10-14,9070.0,9300.0,8980.0,9180.0,52821.0
2019-10-15,9280.0,9280.0,8780.0,9180.0,68967.0
2019-10-16,9250.0,9250.0,9050.0,9160.0,18599.0
2019-10-17,9160.0,9250.0,9060.0,9060.0,11712.0
2019-10-18,9270.0,9270.0,9090.0,9130.0,21246.0
2019-10-21,9130.0,9230.0,8990.0,9080.0,23406.0
2019-10-22,9010.0,9260.0,9010.0,9240.0,45009.0
2019-10-23,9290.0,9470.0,9200.0,9390.0,40946.0
2019-10-24,9390.0,9760.0,9340.0,9750.0,87198.0
2019-10-25,9830.0,10100.0,9600.0,9670.0,65076.0
2019-10-28,9580.0,9770.0,9500.0,9660.0,34872.0
2019-10-29,9680.0,9840.0,9590.0,9650.0,12425.0
2019-10-30,9520.0,9710.0,9510.0,9520.0,15487.0
2019-10-31,9530.0,10250.0,9510.0,10050.0,89628.0
2019-11-01,10150.0,10350.0,9980.0,10250.0,49196.0
2019-11-04,10250.0,10350.0,9980.0,10000.0,27926.0
2019-11-05,10000.0,10250.0,9920.0,9930.0,29944.0
2019-11-06,9950.0,10100.0,9850.0,9960.0,21169.0
2019-11-07,9920.0,10150.0,9890.0,10150.0,13837.0
2019-11-08,10150.0,10150.0,9740.0,9890.0,24556.0
2019-11-11,9770.0,10100.0,9770.0,10050.0,9974.0
2019-11-12,10000.0,10400.0,9770.0,10050.0,95531.0
2019-11-13,10250.0,10350.0,10100.0,10300.0,30612.0
2019-11-14,10300.0,10450.0,10050.0,10200.0,33535.0
2019-11-15,10200.0,10300.0,9900.0,9900.0,37710.0
2019-11-18,9850.0,10050.0,9530.0,9550.0,55192.0
2019-11-19,9570.0,9830.0,9570.0,9720.0,19440.0
2019-11-20,9670.0,9870.0,9450.0,9530.0,42946.0
2019-11-21,9510.0,9690.0,9430.0,9450.0,17279.0
2019-11-22,9500.0,9680.0,9400.0,9500.0,20980.0
2019-11-25,9500.0,9780.0,9460.0,9730.0,24892.0
2019-11-26,9630.0,9750.0,9630.0,9700.0,18094.0
2019-11-27,9700.0,9720.0,9390.0,9520.0,61423.0
2019-11-28,9550.0,9690.0,9410.0,9430.0,15404.0
2019-11-29,9430.0,9500.0,9300.0,9310.0,29592.0
2019-12-02,9390.0,9400.0,9190.0,9320.0,23086.0
2019-12-03,9320.0,9390.0,9150.0,9340.0,14981.0
2019-12-04,9360.0,9390.0,9130.0,9130.0,18797.0
2019-12-05,9060.0,9220.0,9060.0,9090.0,14406.0
2019-12-06,9090.0,9400.0,9090.0,9380.0,22696.0
2019-12-09,9380.0,9610.0,9320.0,9520.0,16962.0
2019-12-10,9600.0,9600.0,9410.0,9470.0,6775.0
2019-12-11,9470.0,9580.0,9390.0,9550.0,8908.0
2019-12-12,9510.0,9950.0,9510.0,9760.0,83975.0
2019-12-13,9930.0,9930.0,9710.0,9730.0,20459.0
2019-12-16,9640.0,9840.0,9630.0,9670.0,26147.0
2019-12-17,9640.0,9900.0,9640.0,9900.0,25186.0
2019-12-18,9900.0,9940.0,9600.0,9910.0,12906.0
2019-12-19,9930.0,9930.0,9830.0,9840.0,8585.0
2019-12-20,9880.0,9920.0,9790.0,9830.0,3605.0
2019-12-23,9830.0,9900.0,9750.0,9800.0,10319.0
2019-12-24,9800.0,10150.0,9710.0,9870.0,44951.0
2019-12-26,9900.0,10000.0,9750.0,9930.0,18131.0
2019-12-27,9930.0,9970.0,9750.0,9760.0,17557.0
2019-12-30,9700.0,9860.0,9670.0,9690.0,7598.0
2020-01-02,9820.0,9820.0,9580.0,9700.0,16804.0
2020-01-03,9760.0,9760.0,9560.0,9650.0,14728.0
2020-01-06,9700.0,9700.0,9380.0,9400.0,26309.0
2020-01-07,9370.0,9510.0,8880.0,9400.0,47771.0
2020-01-08,9410.0,9410.0,8970.0,9000.0,67106.0
2020-01-09,9260.0,9410.0,9100.0,9410.0,22084.0
2020-01-10,9370.0,9540.0,9170.0,9540.0,14300.0
2020-01-13,9630.0,9700.0,9390.0,9690.0,27045.0
2020-01-14,9790.0,9790.0,9520.0,9520.0,23651.0
2020-01-15,9480.0,9550.0,9240.0,9280.0,41104.0
2020-01-16,9210.0,9360.0,9190.0,9240.0,17462.0
2020-01-17,9300.0,9360.0,9210.0,9320.0,11353.0
2020-01-20,9320.0,9320.0,9150.0,9160.0,32738.0
2020-01-21,9160.0,9200.0,9070.0,9100.0,14899.0
2020-01-22,9110.0,9370.0,9050.0,9340.0,25644.0
2020-01-23,9340.0,9340.0,9140.0,9230.0,9922.0
2020-01-28,9000.0,9150.0,8940.0,9100.0,32112.0
2020-01-29,9010.0,9120.0,8970.0,9060.0,16058.0
2020-01-30,9140.0,9140.0,8970.0,8990.0,14671.0
2020-01-31,9120.0,9150.0,8810.0,8830.0,32427.0
2020-02-03,8770.0,8880.0,8560.0,8830.0,49681.0
2020-02-04,8710.0,8850.0,8710.0,8840.0,18311.0
2020-02-05,8840.0,8940.0,8840.0,8900.0,8308.0
2020-02-06,8900.0,9100.0,8900.0,9020.0,26630.0
2020-02-07,9070.0,9070.0,8900.0,8910.0,6567.0
2020-02-10,9000.0,9000.0,8830.0,8900.0,17699.0
2020-02-11,8960.0,8960.0,8700.0,8800.0,34189.0
2020-02-12,8800.0,8800.0,8700.0,8720.0,29941.0
2020-02-13,8720.0,8780.0,8630.0,8640.0,14030.0
2020-02-14,8640.0,8690.0,8510.0,8690.0,44020.0
2020-02-17,8690.0,8690.0,8520.0,8530.0,24148.0
2020-02-18,8690.0,8690.0,8480.0,8540.0,16181.0
2020-02-19,8540.0,8740.0,8450.0,8710.0,22447.0
2020-02-20,8640.0,8730.0,8550.0,8700.0,9014.0
2020-02-21,8560.0,8940.0,8560.0,8720.0,48294.0
2020-02-24,8600.0,8730.0,8360.0,8410.0,24286.0
2020-02-25,8410.0,8640.0,8350.0,8470.0,18296.0
2020-02-26,8370.0,8480.0,8230.0,8430.0,38419.0
2020-02-27,8350.0,8380.0,8250.0,8350.0,15213.0
2020-02-28,8310.0,8310.0,7910.0,8120.0,39267.0
2020-03-02,8100.0,8210.0,8000.0,8060.0,18218.0
2020-03-03,8080.0,8270.0,8050.0,8050.0,22938.0
2020-03-04,8050.0,8200.0,8020.0,8190.0,9710.0
2020-03-05,8190.0,8380.0,8190.0,8380.0,9323.0
2020-03-06,8160.0,8330.0,8110.0,8200.0,13993.0
2020-03-09,8040.0,8080.0,7880.0,7990.0,16029.0
2020-03-10,7910.0,7910.0,7730.0,7800.0,16870.0
2020-03-11,7910.0,7930.0,7560.0,7600.0,20015.0
2020-03-12,7600.0,7600.0,7000.0,7100.0,48420.0
2020-03-13,6760.0,6990.0,6170.0,6780.0,51961.0
2020-03-16,6560.0,7200.0,6560.0,6700.0,28544.0
2020-03-17,6300.0,6570.0,6170.0,6300.0,75743.0
2020-03-18,6330.0,6570.0,6090.0,6090.0,32934.0
2020-03-19,6090.0,6220.0,5260.0,5400.0,92584.0
2020-03-20,5410.0,5730.0,5410.0,5640.0,79323.0
2020-03-23,5250.0,5440.0,5200.0,5380.0,33480.0
2020-03-24,5400.0,5880.0,5380.0,5870.0,57873.0
2020-03-25,6050.0,6330.0,6050.0,6280.0,35831.0
2020-03-26,6290.0,6630.0,6220.0,6550.0,37305.0
2020-03-27,6630.0,6920.0,6300.0,6740.0,32039.0
2020-03-30,6680.0,6940.0,6460.0,6910.0,18654.0
2020-03-31,6920.0,7150.0,6770.0,6930.0,22616.0
2020-04-01,6930.0,7050.0,6760.0,6800.0,30086.0
2020-04-02,6720.0,6940.0,6490.0,6920.0,14996.0
2020-04-03,6930.0,7090.0,6780.0,6840.0,11838.0
2020-04-06,6980.0,7120.0,6770.0,7030.0,29273.0
2020-04-07,7200.0,7200.0,6970.0,7060.0,23688.0
2020-04-08,7080.0,7240.0,7010.0,7210.0,24881.0
2020-04-09,7310.0,7400.0,7040.0,7130.0,55080.0
2020-04-10,7140.0,7200.0,7030.0,7050.0,23502.0
2020-04-13,9130.0,9160.0,8770.0,9160.0,1248210.0
2020-04-14,10850.0,11800.0,8230.0,8260.0,7590739.0
2020-04-16,8200.0,8520.0,7610.0,7630.0,1085122.0
2020-04-17,7630.0,7680.0,7480.0,7570.0,393099.0
2020-04-20,7650.0,7760.0,7530.0,7620.0,234308.0
2020-04-21,7570.0,7580.0,7240.0,7370.0,206904.0
2020-04-22,7210.0,7450.0,7150.0,7450.0,124213.0
2020-04-23,7530.0,7720.0,7470.0,7500.0,162210.0
2020-04-24,7540.0,7590.0,7340.0,7380.0,81865.0
2020-04-27,7410.0,7550.0,7410.0,7500.0,77015.0
2020-04-28,7590.0,7770.0,7450.0,7650.0,125828.0
2020-04-29,7650.0,7860.0,7570.0,7850.0,131672.0
2020-05-04,7790.0,7980.0,7590.0,7800.0,124465.0
2020-05-06,7870.0,8050.0,7840.0,8050.0,91756.0
2020-05-07,8060.0,8150.0,7960.0,8130.0,99590.0
2020-05-08,8270.0,8500.0,8100.0,8450.0,216871.0
2020-05-11,8510.0,8580.0,8300.0,8300.0,109399.0
2020-05-12,8250.0,8380.0,7950.0,8160.0,110336.0
2020-05-13,8000.0,8170.0,8000.0,8120.0,35582.0
2020-05-14,8120.0,8220.0,7900.0,8010.0,78887.0
2020-05-15,8090.0,8120.0,7870.0,8120.0,47177.0
2020-05-18,8230.0,8560.0,8010.0,8560.0,134667.0
2020-05-19,8590.0,8760.0,8530.0,8720.0,155607.0
2020-05-20,8720.0,8830.0,8660.0,8730.0,73504.0
2020-05-21,8830.0,9180.0,8770.0,9000.0,264211.0
2020-05-22,9200.0,9850.0,9070.0,9450.0,360102.0
2020-05-25,9590.0,9590.0,9150.0,9490.0,151219.0
2020-05-26,9500.0,9540.0,9320.0,9540.0,89880.0
2020-05-27,9590.0,9590.0,9450.0,9550.0,79505.0
2020-05-28,9610.0,9610.0,9120.0,9280.0,140052.0
2020-05-29,9290.0,10100.0,9100.0,9640.0,296854.0
2020-06-01,9800.0,9890.0,9460.0,9580.0,133320.0
2020-06-02,9580.0,9690.0,9410.0,9590.0,49966.0
2020-06-03,9530.0,9650.0,9290.0,9400.0,98963.0
2020-06-04,9430.0,9440.0,9240.0,9260.0,61217.0
2020-06-05,9180.0,9390.0,9100.0,9290.0,66161.0
2020-06-08,9410.0,9450.0,9080.0,9270.0,93505.0
2020-06-09,9310.0,9340.0,9050.0,9110.0,65052.0
2020-06-10,9150.0,9240.0,9060.0,9130.0,38438.0
2020-06-11,9170.0,9470.0,8960.0,9020.0,140897.0
2020-06-12,8600.0,8790.0,8450.0,8710.0,83137.0
2020-06-15,8900.0,9620.0,8690.0,8700.0,455807.0
2020-06-16,8810.0,9150.0,8770.0,8790.0,92052.0
2020-06-17,8800.0,8860.0,8570.0,8720.0,58311.0
2020-06-18,8750.0,8980.0,8680.0,8950.0,67089.0
2020-06-19,9090.0,9090.0,8800.0,8850.0,55404.0
2020-06-22,8940.0,8940.0,8610.0,8610.0,43928.0
2020-06-23,8710.0,8710.0,8320.0,8530.0,94798.0
2020-06-24,8520.0,8890.0,8520.0,8800.0,92222.0
2020-06-25,8780.0,8780.0,8510.0,8550.0,52329.0
2020-06-26,8550.0,8700.0,8450.0,8500.0,50567.0
2020-06-29,8400.0,8410.0,8190.0,8370.0,55182.0
2020-06-30,8400.0,8580.0,8380.0,8570.0,40153.0
2020-07-01,8620.0,9450.0,8500.0,8560.0,634039.0
2020-07-02,8600.0,8750.0,8420.0,8700.0,33322.0
2020-07-03,8750.0,8970.0,8630.0,8680.0,51278.0
2020-07-06,8680.0,8820.0,8620.0,8680.0,31585.0
2020-07-07,8700.0,8720.0,8550.0,8700.0,40144.0
2020-07-08,8700.0,8930.0,8700.0,8820.0,58670.0
2020-07-09,8860.0,8920.0,8590.0,8640.0,76830.0
2020-07-10,8640.0,8910.0,8470.0,8890.0,101892.0
2020-07-13,8880.0,9120.0,8760.0,9120.0,96360.0
2020-07-14,9040.0,9110.0,8920.0,8990.0,47205.0
2020-07-15,9000.0,9120.0,8900.0,9050.0,37030.0
2020-07-16,9050.0,9060.0,8910.0,9050.0,59540.0
2020-07-17,9120.0,9550.0,8700.0,9440.0,280831.0
2020-07-20,9540.0,9770.0,9350.0,9720.0,202693.0
2020-07-21,10050.0,10300.0,9500.0,10100.0,510773.0
2020-07-22,10150.0,12500.0,9990.0,11600.0,1964459.0
2020-07-23,11300.0,11500.0,10700.0,10900.0,573240.0
2020-07-24,10900.0,10950.0,10100.0,10200.0,430909.0
2020-07-27,10300.0,10450.0,10000.0,10300.0,127403.0
2020-07-28,10550.0,10900.0,10450.0,10650.0,323557.0
2020-07-29,10850.0,11000.0,10450.0,10850.0,160410.0
2020-07-30,11050.0,11100.0,10500.0,10900.0,154119.0
2020-07-31,10950.0,11000.0,10500.0,10500.0,96950.0
2020-08-03,10400.0,10500.0,10100.0,10250.0,144902.0
2020-08-04,10450.0,10850.0,10250.0,10450.0,162016.0
2020-08-05,10500.0,10550.0,10200.0,10300.0,82067.0
2020-08-06,10300.0,10550.0,10100.0,10100.0,120658.0
2020-08-07,10200.0,10350.0,10000.0,10150.0,82302.0
2020-08-10,10200.0,11100.0,10200.0,10700.0,445803.0
2020-08-11,11550.0,12950.0,11400.0,12100.0,1541113.0
2020-08-12,12100.0,12550.0,11500.0,12450.0,447706.0
2020-08-13,12550.0,12600.0,12000.0,12200.0,256010.0
2020-08-14,12250.0,13000.0,12250.0,12700.0,350698.0
2020-08-18,12950.0,14500.0,12500.0,13300.0,697672.0
2020-08-19,13550.0,14050.0,12900.0,13550.0,287048.0
2020-08-20,13450.0,13450.0,12500.0,12700.0,294945.0
2020-08-21,12900.0,16400.0,12750.0,14150.0,2337111.0
2020-08-24,14050.0,14550.0,13000.0,13400.0,602566.0
2020-08-25,13450.0,13600.0,13150.0,13200.0,170636.0
2020-08-26,13500.0,14800.0,13300.0,13900.0,699770.0
2020-08-27,14700.0,18050.0,14400.0,18050.0,4743148.0
2020-08-28,19750.0,23450.0,18800.0,23450.0,5553610.0
2020-08-31,23450.0,24800.0,18950.0,19000.0,5183551.0
2020-09-01,18700.0,20300.0,18000.0,19700.0,2815605.0
2020-09-02,19100.0,19650.0,18600.0,19000.0,929807.0
2020-09-03,18800.0,19000.0,18250.0,18400.0,479951.0
2020-09-04,17050.0,19950.0,17000.0,18850.0,1936392.0
2020-09-07,19700.0,22850.0,19400.0,20450.0,3332130.0
2020-09-08,21150.0,21200.0,18750.0,18900.0,805417.0
2020-09-09,18400.0,19100.0,17900.0,18550.0,368691.0
2020-09-10,18550.0,19450.0,18500.0,18950.0,359247.0
2020-09-11,18500.0,19550.0,18450.0,19100.0,502640.0
2020-09-14,19250.0,20650.0,18800.0,20200.0,849918.0
2020-09-15,20050.0,20100.0,19400.0,19750.0,249976.0
2020-09-16,19850.0,21350.0,19600.0,21000.0,978890.0
2020-09-17,21000.0,21650.0,20500.0,20650.0,521426.0
2020-09-18,20900.0,20950.0,19500.0,19950.0,286107.0
2020-09-21,19900.0,20650.0,19150.0,20350.0,305441.0
2020-09-22,20700.0,21750.0,19950.0,21600.0,967261.0
2020-09-23,21600.0,21600.0,20000.0,20450.0,432788.0
2020-09-24,19800.0,19900.0,18150.0,18550.0,380797.0
2020-09-25,18600.0,18900.0,17700.0,17700.0,247502.0
2020-09-28,17750.0,18600.0,17650.0,18600.0,124452.0
2020-09-29,18600.0,18900.0,18150.0,18300.0,84670.0
2020-10-05,18700.0,19600.0,18300.0,19500.0,176590.0
2020-10-06,20300.0,21100.0,19550.0,19850.0,470326.0
2020-10-07,19800.0,20900.0,19550.0,20500.0,313900.0
2020-10-08,20550.0,20750.0,19900.0,20300.0,208915.0
2020-10-12,20500.0,20500.0,20100.0,20250.0,136076.0
2020-10-13,20400.0,20650.0,19900.0,20450.0,124332.0
2020-10-14,20500.0,20500.0,19900.0,19900.0,105051.0
2020-10-15,20100.0,20650.0,19850.0,20250.0,157952.0
2020-10-16,20200.0,20450.0,19050.0,19400.0,200323.0
2020-10-19,19400.0,19600.0,18550.0,18700.0,100575.0
2020-10-20,18600.0,19000.0,18100.0,18700.0,91050.0
2020-10-21,18700.0,19250.0,17850.0,18600.0,82600.0
2020-10-22,18350.0,18550.0,17800.0,17950.0,129354.0
2020-10-23,18000.0,18350.0,17700.0,17850.0,64299.0
2020-10-26,17900.0,18050.0,16850.0,16900.0,120832.0
2020-10-27,16650.0,17450.0,16450.0,17000.0,96531.0
2020-10-28,16450.0,17850.0,16450.0,17800.0,103274.0
2020-10-29,17350.0,17700.0,17050.0,17650.0,47778.0
2020-10-30,17750.0,18600.0,17400.0,17600.0,87213.0
2020-11-02,17600.0,18300.0,17450.0,18300.0,49730.0
2020-11-03,18400.0,18500.0,18150.0,18400.0,62142.0
2020-11-04,18500.0,18650.0,17750.0,18200.0,105677.0
2020-11-05,18200.0,19200.0,17900.0,19000.0,156027.0
2020-11-06,19100.0,19150.0,18500.0,18700.0,70640.0
2020-11-09,18900.0,19900.0,18850.0,19800.0,178820.0
2020-11-10,19750.0,19750.0,19100.0,19300.0,84070.0
2020-11-11,19300.0,19400.0,18500.0,18650.0,132274.0
2020-11-12,18650.0,18950.0,18400.0,18550.0,66207.0
2020-11-13,18850.0,19150.0,18250.0,19100.0,151215.0
2020-11-16,19550.0,19650.0,18850.0,19300.0,175940.0
2020-11-17,19250.0,19300.0,18750.0,18800.0,92782.0
2020-11-18,18800.0,22150.0,18750.0,20000.0,1738729.0
2020-11-19,20550.0,20850.0,19600.0,19800.0,531864.0
2020-11-20,19850.0,20300.0,19450.0,19850.0,260713.0
2020-11-23,19850.0,20250.0,19550.0,19650.0,168136.0
2020-11-24,19700.0,19850.0,19050.0,19200.0,186087.0
2020-11-25,19200.0,19450.0,18350.0,18450.0,215098.0
2020-11-26,18850.0,21200.0,18700.0,19800.0,1989620.0
2020-11-27,19450.0,19800.0,19000.0,19750.0,288730.0
2020-11-30,19850.0,20900.0,19400.0,20500.0,576526.0
2020-12-01,20450.0,20800.0,19900.0,20750.0,345694.0
2020-12-02,20900.0,20900.0,20250.0,20450.0,244606.0
2020-12-03,20600.0,20850.0,20150.0,20450.0,250818.0
2020-12-04,20800.0,20800.0,20200.0,20400.0,274685.0
2020-12-07,20750.0,20800.0,20300.0,20400.0,211402.0
2020-12-08,20500.0,21150.0,20250.0,20300.0,499376.0
2020-12-09,20650.0,20850.0,19750.0,20250.0,288994.0
2020-12-10,20200.0,21450.0,19800.0,21300.0,726754.0
2020-12-11,21550.0,21650.0,20650.0,20900.0,429792.0
2020-12-14,21200.0,21250.0,20500.0,20900.0,244742.0
2020-12-15,20900.0,21100.0,20400.0,20450.0,202455.0
2020-12-16,20500.0,21200.0,20450.0,21000.0,253924.0
2020-12-17,20900.0,20950.0,20400.0,20400.0,194537.0
2020-12-18,20600.0,20700.0,19700.0,19750.0,230820.0
2020-12-21,19950.0,20400.0,19850.0,19950.0,159208.0
2020-12-22,19850.0,19900.0,19050.0,19100.0,215472.0
2020-12-23,19200.0,19350.0,18300.0,18750.0,146719.0
2020-12-24,19050.0,19250.0,18800.0,18900.0,67405.0
2020-12-28,19150.0,19150.0,18200.0,18300.0,128289.0
2020-12-29,18300.0,19000.0,18250.0,18900.0,82838.0
2020-12-30,18900.0,19400.0,18700.0,19300.0,72141.0
2021-01-04,19400.0,19400.0,18950.0,19000.0,82410.0
2021-01-05,18800.0,19500.0,18650.0,19400.0,134740.0
2021-01-06,19500.0,19600.0,19100.0,19150.0,92533.0
2021-01-07,19550.0,19600.0,19100.0,19400.0,126839.0
2021-01-08,19400.0,19450.0,18950.0,19100.0,138682.0
2021-01-11,19100.0,19100.0,18000.0,18350.0,263089.0
2021-01-12,18500.0,19050.0,18400.0,18700.0,145469.0
2021-01-13,18800.0,19300.0,18750.0,19100.0,86665.0
2021-01-14,19200.0,19350.0,19100.0,19200.0,87018.0
2021-01-15,19300.0,19300.0,18750.0,18800.0,66389.0
2021-01-18,19000.0,19250.0,18350.0,18400.0,181774.0
2021-01-19,18050.0,19550.0,17800.0,19450.0,392991.0
2021-01-20,19550.0,19900.0,19250.0,19900.0,210901.0
2021-01-21,19900.0,20200.0,19650.0,19800.0,173694.0
2021-01-22,20100.0,20100.0,19300.0,19600.0,122606.0
2021-01-25,19600.0,19600.0,18950.0,19350.0,132429.0
2021-01-26,19200.0,19300.0,18750.0,18800.0,147770.0
2021-01-27,18900.0,19250.0,18650.0,19000.0,93022.0
2021-01-28,18650.0,19250.0,18500.0,18950.0,126604.0
2021-01-29,19150.0,19150.0,17700.0,18050.0,116218.0
2021-02-01,18250.0,18550.0,17700.0,18500.0,54487.0
2021-02-02,18650.0,18900.0,18250.0,18350.0,70666.0
2021-02-03,18550.0,19250.0,18250.0,19100.0,93727.0
2021-02-04,19350.0,19400.0,18800.0,19050.0,112394.0
2021-02-05,19100.0,20450.0,18500.0,20450.0,556392.0
2021-02-08,20950.0,21050.0,20000.0,20550.0,403361.0
2021-02-09,20300.0,20450.0,19850.0,20400.0,241383.0
2021-02-10,20400.0,20500.0,19900.0,20400.0,149708.0
2021-02-15,20700.0,21850.0,20250.0,21400.0,565470.0
2021-02-16,21750.0,22100.0,20850.0,21950.0,380606.0
2021-02-17,22200.0,22450.0,21450.0,21950.0,286328.0
2021-02-18,21950.0,21950.0,21050.0,21150.0,226100.0
2021-02-19,21300.0,24950.0,20500.0,20950.0,1145110.0
2021-02-22,21300.0,21350.0,20750.0,20900.0,151858.0
2021-02-23,20900.0,20900.0,20200.0,20250.0,100846.0
2021-02-24,20300.0,20650.0,19850.0,20250.0,151708.0
2021-02-25,20800.0,21350.0,20500.0,20850.0,143209.0
2021-02-26,20100.0,20450.0,19450.0,19850.0,118642.0
2021-03-02,20150.0,20200.0,19300.0,19300.0,107764.0
2021-03-03,19050.0,19550.0,18850.0,19100.0,88474.0
2021-03-04,18950.0,19400.0,18700.0,18950.0,88647.0
2021-03-05,19000.0,19500.0,18900.0,19500.0,68714.0
2021-03-08,19700.0,19850.0,19250.0,19250.0,59538.0
2021-03-09,19100.0,19400.0,18650.0,18950.0,48794.0
2021-03-10,19100.0,19200.0,18650.0,19150.0,47024.0
2021-03-11,19200.0,19650.0,19150.0,19500.0,60481.0
2021-03-12,19900.0,20300.0,19600.0,20200.0,75509.0
2021-03-15,20500.0,20850.0,20350.0,20550.0,93822.0
2021-03-16,20800.0,21150.0,20300.0,20450.0,131932.0
2021-03-17,20450.0,20600.0,20050.0,20300.0,43912.0
2021-03-18,20450.0,20500.0,19900.0,20150.0,66998.0
2021-03-19,19850.0,20050.0,19500.0,19900.0,38125.0
2021-03-22,19950.0,20450.0,19700.0,20350.0,69128.0
2021-03-23,20500.0,20550.0,19900.0,19900.0,51020.0
2021-03-24,19900.0,20100.0,19600.0,19800.0,34529.0
2021-03-25,19800.0,19950.0,19600.0,19800.0,31359.0
2021-03-26,20250.0,20850.0,20050.0,20650.0,144078.0
2021-03-29,21000.0,21100.0,20300.0,20350.0,92599.0
2021-03-30,20400.0,20800.0,20050.0,20250.0,54336.0
2021-03-31,20300.0,21400.0,19950.0,21300.0,179083.0
2021-04-01,21150.0,21700.0,20500.0,21600.0,245568.0
2021-04-02,21900.0,21900.0,20850.0,21400.0,153577.0
2021-04-05,21200.0,21650.0,21000.0,21400.0,83516.0
2021-04-06,21400.0,21650.0,21000.0,21250.0,74021.0
2021-04-07,21150.0,21300.0,20650.0,20850.0,85613.0
2021-04-08,21100.0,22250.0,20950.0,21800.0,305007.0
2021-04-09,22050.0,22450.0,21600.0,22250.0,236081.0
2021-04-12,22300.0,22350.0,21500.0,21750.0,145105.0
2021-04-13,21800.0,21850.0,21350.0,21350.0,97045.0
2021-04-14,21350.0,21550.0,20900.0,21050.0,117115.0
2021-04-15,21200.0,21200.0,20800.0,20900.0,77106.0
2021-04-16,21050.0,21250.0,20900.0,21000.0,66541.0
2021-04-19,21100.0,21300.0,20800.0,20800.0,67995.0
2021-04-20,20750.0,21050.0,20750.0,20900.0,57967.0
2021-04-21,21350.0,21750.0,21000.0,21250.0,202460.0
2021-04-22,22150.0,22700.0,21900.0,22350.0,390332.0
2021-04-23,22400.0,25200.0,22350.0,24550.0,1335505.0
2021-04-26,24650.0,25550.0,24250.0,25550.0,449937.0
2021-04-27,25150.0,25200.0,23450.0,24600.0,557357.0
2021-04-28,24100.0,30500.0,24050.0,24900.0,1861391.0
2021-04-29,25000.0,25550.0,23700.0,23750.0,319949.0
2021-04-30,24000.0,25150.0,23550.0,24200.0,255114.0
2021-05-03,23750.0,26400.0,23650.0,25400.0,392666.0
2021-05-04,25650.0,26600.0,25100.0,26550.0,352307.0
2021-05-06,26750.0,28050.0,26050.0,26100.0,304198.0
2021-05-07,26300.0,27850.0,26050.0,27700.0,236738.0
2021-05-10,28350.0,28700.0,27000.0,27800.0,155465.0
2021-05-11,27950.0,28050.0,26350.0,27300.0,223118.0
2021-05-12,27300.0,27350.0,25650.0,25800.0,219346.0
2021-05-13,25100.0,26350.0,24500.0,25850.0,153501.0
2021-05-14,25900.0,26750.0,25500.0,26500.0,111706.0
2021-05-17,26500.0,26650.0,25100.0,25150.0,101428.0
2021-05-18,25200.0,25800.0,24850.0,25500.0,65192.0
2021-05-20,25500.0,26000.0,25100.0,25450.0,76643.0
2021-05-21,25500.0,25850.0,24100.0,24300.0,140416.0
2021-05-24,24300.0,24500.0,23600.0,23900.0,62915.0
2021-05-25,23950.0,24350.0,23400.0,23850.0,93977.0
2021-05-26,24200.0,24550.0,23900.0,24200.0,60927.0
2021-05-27,24300.0,25250.0,24300.0,24550.0,111446.0
2021-05-28,24800.0,24950.0,23900.0,24000.0,90185.0
2021-05-31,24050.0,24200.0,23550.0,24000.0,76467.0
2021-06-01,23850.0,24350.0,23850.0,24300.0,58831.0
2021-06-02,24500.0,25100.0,24250.0,24900.0,124734.0
2021-06-03,24850.0,25650.0,24800.0,24900.0,110880.0
2021-06-04,24700.0,24900.0,24550.0,24850.0,45412.0
2021-06-07,24950.0,25100.0,24150.0,24400.0,77763.0
2021-06-08,24400.0,24900.0,24200.0,24300.0,66307.0
2021-06-09,24500.0,24750.0,23950.0,23950.0,55745.0
2021-06-10,23850.0,24200.0,23600.0,23950.0,46330.0
2021-06-11,24000.0,24400.0,23850.0,24000.0,37312.0
2021-06-14,24150.0,24250.0,23850.0,23850.0,42800.0
2021-06-15,23800.0,24000.0,23550.0,23700.0,51031.0
2021-06-16,23700.0,23950.0,23500.0,23750.0,27142.0
2021-06-17,23750.0,24650.0,23700.0,24350.0,97712.0
2021-06-18,24900.0,25200.0,24650.0,24850.0,112520.0
2021-06-21,24450.0,24750.0,24250.0,24450.0,48968.0
2021-06-22,24600.0,25400.0,24300.0,25400.0,123140.0
2021-06-23,25650.0,25700.0,24800.0,24900.0,78449.0
2021-06-24,24850.0,25000.0,24200.0,24300.0,63372.0
2021-06-25,24350.0,24850.0,24350.0,24450.0,47919.0
