Datetime,Open,High,Low,Close,Volume
2020-03-03 09:00:00,11500.0,12900.0,11050.0,11750.0,7227359.0
2020-03-03 10:00:00,10200.0,10400.0,10150.0,10250.0,229343.0
2020-03-03 11:00:00,10650.0,10700.0,10000.0,10250.0,612391.0
2020-03-03 12:00:00,11750.0,12100.0,11050.0,11450.0,1158517.0
2020-03-03 13:00:00,11400.0,11600.0,11200.0,11400.0,305338.0
2020-03-03 14:00:00,11450.0,11750.0,11250.0,11450.0,617975.0
2020-03-03 15:00:00,11400.0,11550.0,10350.0,10600.0,706861.0
2020-03-04 09:00:00,10300.0,10550.0,9760.0,9850.0,923656.0
2020-03-04 10:00:00,9840.0,9900.0,9600.0,9780.0,302084.0
2020-03-04 11:00:00,9780.0,9860.0,9720.0,9800.0,67060.0
2020-03-04 12:00:00,9820.0,9840.0,9510.0,9530.0,152039.0
2020-03-04 13:00:00,9530.0,9580.0,9290.0,9380.0,222383.0
2020-03-04 14:00:00,9380.0,9510.0,9340.0,9420.0,114368.0
2020-03-04 15:00:00,9420.0,9480.0,9410.0,9440.0,89489.0
2020-03-05 09:00:00,8990.0,9020.0,8920.0,9020.0,106087.0
2020-03-05 10:00:00,9030.0,9040.0,8900.0,9000.0,156126.0
2020-03-05 11:00:00,9100.0,9110.0,8890.0,9020.0,210427.0
2020-03-05 12:00:00,9540.0,9810.0,9400.0,9500.0,425040.0
2020-03-05 13:00:00,9520.0,9530.0,9120.0,9180.0,241129.0
2020-03-05 14:00:00,9500.0,9630.0,9480.0,9520.0,74702.0
2020-03-05 15:00:00,9200.0,9230.0,9040.0,9090.0,168473.0
2020-03-06 09:00:00,8490.0,8560.0,8460.0,8470.0,72823.0
2020-03-06 10:00:00,8470.0,8510.0,8420.0,8450.0,99269.0
2020-03-06 11:00:00,8600.0,8630.0,8480.0,8490.0,60591.0
2020-03-06 12:00:00,8860.0,9090.0,8640.0,8730.0,383662.0
2020-03-06 13:00:00,8630.0,8630.0,8500.0,8580.0,73641.0
2020-03-06 14:00:00,8740.0,8760.0,8550.0,8610.0,123910.0
2020-03-06 15:00:00,8580.0,8650.0,8570.0,8600.0,39436.0
2020-03-09 09:00:00,8380.0,8740.0,8170.0,8440.0,492921.0
2020-03-09 10:00:00,8450.0,8630.0,8330.0,8330.0,115179.0
2020-03-09 11:00:00,8330.0,8420.0,8130.0,8170.0,48000.0
2020-03-09 12:00:00,8160.0,8300.0,8080.0,8140.0,27135.0
2020-03-09 13:00:00,8150.0,8190.0,8100.0,8110.0,26039.0
2020-03-09 14:00:00,8110.0,8120.0,7740.0,7830.0,126608.0
2020-03-09 15:00:00,7830.0,7840.0,7740.0,7780.0,48222.0
2020-03-10 09:00:00,7770.0,7940.0,7750.0,7940.0,54959.0
2020-03-10 10:00:00,7680.0,7820.0,7620.0,7770.0,48515.0
2020-03-10 11:00:00,7790.0,7790.0,7580.0,7690.0,49176.0
2020-03-10 12:00:00,7740.0,7950.0,7450.0,7700.0,193536.0
2020-03-10 13:00:00,7660.0,7720.0,7550.0,7650.0,36082.0
2020-03-10 14:00:00,7640.0,7940.0,7620.0,7660.0,194123.0
2020-03-10 15:00:00,7640.0,7870.0,7610.0,7810.0,56424.0
2020-03-11 09:00:00,7850.0,8000.0,7560.0,7650.0,176054.0
2020-03-11 10:00:00,7650.0,7720.0,7450.0,7490.0,92757.0
2020-03-11 11:00:00,7500.0,7530.0,7420.0,7500.0,39091.0
2020-03-11 12:00:00,7500.0,7530.0,7410.0,7420.0,39703.0
2020-03-11 13:00:00,7420.0,7470.0,7150.0,7170.0,89485.0
2020-03-11 14:00:00,7170.0,7190.0,7010.0,7050.0,88161.0
2020-03-11 15:00:00,7050.0,7100.0,6860.0,6860.0,56857.0
2020-03-12 09:00:00,6010.0,6010.0,5830.0,5920.0,69666.0
2020-03-12 10:00:00,6080.0,6140.0,5900.0,6060.0,68064.0
2020-03-12 11:00:00,6030.0,6110.0,5980.0,6010.0,51054.0
2020-03-12 12:00:00,6220.0,6280.0,6080.0,6120.0,71060.0
2020-03-12 13:00:00,6730.0,6750.0,6210.0,6250.0,90352.0
2020-03-12 14:00:00,6720.0,6820.0,6480.0,6730.0,168433.0
2020-03-12 15:00:00,6120.0,6210.0,6060.0,6080.0,49279.0
2020-03-13 09:00:00,4865.0,4890.0,4720.0,4890.0,47470.0
2020-03-13 10:00:00,4450.0,4725.0,4410.0,4705.0,106430.0
2020-03-13 11:00:00,4725.0,5010.0,4700.0,4870.0,128664.0
2020-03-13 12:00:00,4420.0,4570.0,4415.0,4520.0,109710.0
2020-03-13 13:00:00,5190.0,5200.0,4420.0,4505.0,171841.0
2020-03-13 14:00:00,4515.0,4515.0,4410.0,4450.0,49821.0
2020-03-13 15:00:00,5330.0,5340.0,5000.0,5160.0,124635.0
2020-03-16 09:00:00,5690.0,6100.0,5300.0,5300.0,265478.0
2020-03-16 10:00:00,4890.0,5170.0,4700.0,5110.0,112246.0
2020-03-16 11:00:00,5130.0,5840.0,5120.0,5800.0,402286.0
2020-03-16 12:00:00,5800.0,6130.0,5560.0,5970.0,562893.0
2020-03-16 13:00:00,5940.0,5970.0,5400.0,5600.0,185790.0
2020-03-16 14:00:00,5600.0,6290.0,5530.0,5930.0,462306.0
2020-03-16 15:00:00,5930.0,6210.0,5590.0,5670.0,495790.0
2020-03-17 09:00:00,5740.0,5960.0,5560.0,5710.0,125562.0
2020-03-17 10:00:00,5710.0,5740.0,5570.0,5710.0,61961.0
2020-03-17 11:00:00,5810.0,5840.0,5490.0,5740.0,132954.0
2020-03-17 12:00:00,5940.0,6040.0,5760.0,5850.0,122504.0
2020-03-17 13:00:00,5700.0,6270.0,5670.0,5940.0,496715.0
2020-03-17 14:00:00,6080.0,6140.0,5610.0,5700.0,329879.0
2020-03-17 15:00:00,4800.0,6150.0,4715.0,6080.0,790261.0
2020-03-18 09:00:00,5900.0,6480.0,5870.0,6090.0,567718.0
2020-03-18 10:00:00,6080.0,6200.0,6010.0,6110.0,85287.0
2020-03-18 11:00:00,6110.0,6180.0,5980.0,6050.0,59728.0
2020-03-18 12:00:00,6050.0,6080.0,5930.0,5950.0,36829.0
2020-03-18 13:00:00,5940.0,6010.0,5850.0,5920.0,82430.0
2020-03-18 14:00:00,5920.0,5980.0,5240.0,5250.0,95762.0
2020-03-18 15:00:00,5240.0,5430.0,5000.0,5000.0,45139.0
2020-03-19 09:00:00,4695.0,4780.0,4595.0,4780.0,18657.0
2020-03-19 10:00:00,4850.0,4850.0,4695.0,4700.0,27092.0
2020-03-19 11:00:00,4600.0,4945.0,4520.0,4860.0,33980.0
2020-03-19 12:00:00,5300.0,5790.0,4970.0,4990.0,229615.0
2020-03-19 13:00:00,5030.0,5140.0,4800.0,4925.0,48485.0
2020-03-19 14:00:00,4990.0,5100.0,4985.0,5040.0,55175.0
2020-03-19 15:00:00,4925.0,4925.0,4520.0,4695.0,30582.0
2020-03-20 09:00:00,5280.0,5350.0,5130.0,5240.0,45281.0
2020-03-20 10:00:00,5230.0,5350.0,5200.0,5340.0,52661.0
2020-03-20 11:00:00,5190.0,5320.0,5180.0,5280.0,41676.0
2020-03-20 12:00:00,5050.0,5600.0,4835.0,5550.0,431278.0
2020-03-20 13:00:00,5270.0,5310.0,5110.0,5160.0,68630.0
2020-03-20 14:00:00,5560.0,5560.0,5210.0,5270.0,239426.0
2020-03-20 15:00:00,5160.0,5300.0,5120.0,5190.0,20690.0
2020-03-23 09:00:00,4755.0,5030.0,4755.0,4995.0,82343.0
2020-03-23 10:00:00,4945.0,5290.0,4930.0,5150.0,87026.0
2020-03-23 11:00:00,5140.0,5140.0,5000.0,5070.0,12536.0
2020-03-23 12:00:00,5060.0,5120.0,5030.0,5100.0,10344.0
2020-03-23 13:00:00,5090.0,5090.0,5020.0,5060.0,8577.0
2020-03-23 14:00:00,5030.0,5070.0,4820.0,4820.0,19725.0
2020-03-23 15:00:00,4860.0,5020.0,4820.0,5000.0,17101.0
2020-03-24 09:00:00,5180.0,5240.0,5140.0,5170.0,21146.0
2020-03-24 10:00:00,5170.0,5240.0,5160.0,5190.0,14751.0
2020-03-24 11:00:00,5220.0,5230.0,5140.0,5180.0,11255.0
2020-03-24 12:00:00,5300.0,5330.0,5160.0,5220.0,20813.0
2020-03-24 13:00:00,5360.0,5370.0,5270.0,5280.0,22525.0
2020-03-24 14:00:00,5380.0,5420.0,5290.0,5310.0,58262.0
2020-03-24 15:00:00,5250.0,5550.0,5220.0,5360.0,274353.0
2020-03-25 09:00:00,5320.0,5620.0,5300.0,5390.0,223862.0
2020-03-25 10:00:00,5380.0,5460.0,5310.0,5340.0,61245.0
2020-03-25 11:00:00,5330.0,5400.0,5310.0,5350.0,27286.0
2020-03-25 12:00:00,5350.0,5400.0,5320.0,5340.0,29426.0
2020-03-25 13:00:00,5340.0,5440.0,5180.0,5240.0,90480.0
2020-03-25 14:00:00,5230.0,5320.0,5170.0,5310.0,31200.0
2020-03-25 15:00:00,5310.0,5330.0,5260.0,5290.0,22795.0
2020-03-26 09:00:00,5940.0,5970.0,5900.0,5930.0,24768.0
2020-03-26 10:00:00,6000.0,6070.0,5900.0,5940.0,50351.0
2020-03-26 11:00:00,6000.0,6050.0,5940.0,6000.0,35257.0
2020-03-26 12:00:00,5500.0,6200.0,5470.0,6030.0,528655.0
2020-03-26 13:00:00,6090.0,6150.0,5980.0,6150.0,91136.0
2020-03-26 14:00:00,6030.0,6100.0,5910.0,6090.0,111459.0
2020-03-26 15:00:00,6150.0,6150.0,5960.0,6000.0,33877.0
2020-03-27 09:00:00,6010.0,6060.0,5750.0,5980.0,71186.0
2020-03-27 10:00:00,5980.0,6040.0,5980.0,6020.0,18608.0
2020-03-27 11:00:00,6120.0,6130.0,5970.0,6000.0,36761.0
2020-03-27 12:00:00,6380.0,6550.0,6200.0,6270.0,178625.0
2020-03-27 13:00:00,6060.0,6120.0,5980.0,6080.0,30492.0
2020-03-27 14:00:00,6200.0,6250.0,6020.0,6030.0,53835.0
2020-03-27 15:00:00,6080.0,6190.0,6010.0,6120.0,28259.0
2020-03-30 09:00:00,5800.0,5800.0,5570.0,5660.0,214898.0
2020-03-30 10:00:00,5680.0,5780.0,5610.0,5770.0,57070.0
2020-03-30 11:00:00,5770.0,5800.0,5720.0,5770.0,30465.0
2020-03-30 12:00:00,5740.0,5800.0,5730.0,5770.0,19217.0
2020-03-30 13:00:00,5770.0,5890.0,5770.0,5820.0,25880.0
2020-03-30 14:00:00,5810.0,6030.0,5790.0,6020.0,35238.0
2020-03-30 15:00:00,6010.0,6040.0,5980.0,5990.0,28267.0
2020-03-31 09:00:00,6110.0,6170.0,6100.0,6100.0,13922.0
2020-03-31 10:00:00,6090.0,6120.0,6000.0,6120.0,31074.0
2020-03-31 11:00:00,6160.0,6230.0,6050.0,6090.0,36838.0
2020-03-31 12:00:00,6100.0,6520.0,6060.0,6290.0,268706.0
2020-03-31 13:00:00,6280.0,6300.0,6090.0,6160.0,66643.0
2020-03-31 14:00:00,6200.0,6220.0,6140.0,6180.0,13120.0
2020-03-31 15:00:00,6150.0,6230.0,6130.0,6200.0,14216.0
2020-04-01 09:00:00,6180.0,6240.0,6000.0,6170.0,53024.0
2020-04-01 10:00:00,6170.0,6210.0,6100.0,6150.0,28225.0
2020-04-01 11:00:00,6170.0,6200.0,6100.0,6170.0,13710.0
2020-04-01 12:00:00,6180.0,6400.0,6150.0,6320.0,82339.0
2020-04-01 13:00:00,6320.0,6330.0,6130.0,6180.0,36662.0
2020-04-01 14:00:00,6180.0,6200.0,6020.0,6040.0,55496.0
2020-04-01 15:00:00,6050.0,6070.0,6010.0,6030.0,32289.0
2020-04-02 09:00:00,6050.0,6150.0,6030.0,6150.0,25618.0
2020-04-02 10:00:00,6010.0,6050.0,5960.0,6050.0,7260.0
2020-04-02 11:00:00,6030.0,6030.0,5950.0,6000.0,6999.0
2020-04-02 12:00:00,5970.0,6000.0,5850.0,5980.0,20314.0
2020-04-02 13:00:00,5980.0,6070.0,5960.0,5990.0,9379.0
2020-04-02 14:00:00,6030.0,6090.0,5860.0,5980.0,36283.0
2020-04-02 15:00:00,5980.0,6060.0,5960.0,6030.0,5494.0
2020-04-03 09:00:00,6120.0,6280.0,6120.0,6240.0,12693.0
2020-04-03 10:00:00,6230.0,6310.0,6220.0,6250.0,16198.0
2020-04-03 11:00:00,6170.0,6220.0,6120.0,6120.0,21224.0
2020-04-03 12:00:00,6250.0,6530.0,6240.0,6300.0,181337.0
2020-04-03 13:00:00,6320.0,6360.0,6240.0,6240.0,18398.0
2020-04-03 14:00:00,6160.0,6380.0,6110.0,6240.0,174145.0
2020-04-03 15:00:00,6250.0,6280.0,6150.0,6180.0,26574.0
2020-04-06 09:00:00,6250.0,6290.0,6030.0,6110.0,93923.0
2020-04-06 10:00:00,6110.0,6160.0,6070.0,6100.0,25012.0
2020-04-06 11:00:00,6110.0,6160.0,6100.0,6140.0,19589.0
2020-04-06 12:00:00,6130.0,6160.0,6090.0,6150.0,18687.0
2020-04-06 13:00:00,6150.0,6160.0,6100.0,6140.0,23254.0
2020-04-06 14:00:00,6140.0,6190.0,6130.0,6170.0,20750.0
2020-04-06 15:00:00,6160.0,6210.0,6090.0,6150.0,26757.0
2020-04-07 09:00:00,6490.0,6570.0,6420.0,6570.0,32878.0
2020-04-07 10:00:00,6450.0,6490.0,6410.0,6480.0,40271.0
2020-04-07 11:00:00,6480.0,6520.0,6420.0,6500.0,31777.0
2020-04-07 12:00:00,6440.0,6540.0,6420.0,6490.0,42453.0
2020-04-07 13:00:00,6390.0,6720.0,6300.0,6470.0,428050.0
2020-04-07 14:00:00,6490.0,6600.0,6400.0,6480.0,68254.0
2020-04-07 15:00:00,6460.0,6550.0,6380.0,6440.0,70509.0
2020-04-08 09:00:00,6480.0,6500.0,6290.0,6410.0,75465.0
2020-04-08 10:00:00,6400.0,6440.0,6350.0,6410.0,16430.0
2020-04-08 11:00:00,6400.0,6430.0,6290.0,6310.0,37316.0
2020-04-08 12:00:00,6350.0,6370.0,6310.0,6360.0,15508.0
2020-04-08 13:00:00,6340.0,6380.0,6310.0,6370.0,22778.0
2020-04-08 14:00:00,6370.0,6520.0,6340.0,6420.0,41862.0
2020-04-08 15:00:00,6420.0,6450.0,6350.0,6360.0,24206.0
2020-04-09 09:00:00,7330.0,7330.0,7150.0,7220.0,72809.0
2020-04-09 10:00:00,7500.0,7580.0,7120.0,7340.0,241630.0
2020-04-09 11:00:00,7590.0,7720.0,7410.0,7500.0,144696.0
2020-04-09 12:00:00,7100.0,8150.0,7080.0,7840.0,1055413.0
2020-04-09 13:00:00,7840.0,7860.0,7420.0,7690.0,416737.0
2020-04-09 14:00:00,6450.0,7360.0,6440.0,7150.0,674608.0
2020-04-09 15:00:00,7690.0,7700.0,7400.0,7590.0,200899.0
2020-04-10 09:00:00,7700.0,7770.0,7520.0,7720.0,59990.0
2020-04-10 10:00:00,7710.0,8000.0,7710.0,8000.0,78603.0
2020-04-10 11:00:00,7800.0,7910.0,7650.0,7700.0,96041.0
2020-04-10 12:00:00,8070.0,8190.0,7810.0,7900.0,178789.0
2020-04-10 13:00:00,7900.0,7910.0,7400.0,7700.0,204465.0
2020-04-10 14:00:00,7700.0,7870.0,7640.0,7800.0,87259.0
2020-04-10 15:00:00,7440.0,8450.0,7300.0,8070.0,1074419.0
2020-04-13 09:00:00,7720.0,8020.0,7600.0,7720.0,160248.0
2020-04-13 10:00:00,7710.0,7720.0,7530.0,7660.0,63180.0
2020-04-13 11:00:00,7670.0,7690.0,7520.0,7630.0,28845.0
2020-04-13 12:00:00,7600.0,7630.0,7540.0,7600.0,28875.0
2020-04-13 13:00:00,7610.0,7630.0,7450.0,7520.0,40590.0
2020-04-13 14:00:00,7510.0,7570.0,7240.0,7300.0,46238.0
2020-04-13 15:00:00,7340.0,7340.0,7250.0,7250.0,24489.0
2020-04-14 09:00:00,7720.0,7750.0,7670.0,7720.0,19910.0
2020-04-14 10:00:00,7750.0,7850.0,7700.0,7850.0,44585.0
2020-04-14 11:00:00,7720.0,7850.0,7720.0,7750.0,38064.0
2020-04-14 12:00:00,7730.0,7760.0,7700.0,7720.0,10844.0
2020-04-14 13:00:00,7700.0,7860.0,7640.0,7720.0,74471.0
2020-04-14 14:00:00,7730.0,7800.0,7710.0,7760.0,26161.0
2020-04-14 15:00:00,7400.0,7990.0,7400.0,7680.0,357865.0
2020-04-16 09:00:00,8860.0,9100.0,8820.0,9050.0,139500.0
2020-04-16 10:00:00,8300.0,9200.0,8290.0,8850.0,739159.0
2020-04-16 11:00:00,8290.0,8380.0,8200.0,8350.0,47320.0
2020-04-16 12:00:00,8100.0,8280.0,7850.0,8010.0,236682.0
2020-04-16 13:00:00,8090.0,8410.0,8080.0,8390.0,172063.0
2020-04-16 14:00:00,8000.0,8220.0,8000.0,8090.0,57009.0
2020-04-16 15:00:00,8380.0,8450.0,8220.0,8290.0,84877.0
2020-04-17 09:00:00,9750.0,10700.0,9290.0,9580.0,1522495.0
2020-04-17 10:00:00,9580.0,9580.0,8710.0,8870.0,496231.0
2020-04-17 11:00:00,8900.0,8900.0,8680.0,8700.0,132200.0
2020-04-17 12:00:00,8690.0,8740.0,8510.0,8530.0,139310.0
2020-04-17 13:00:00,8540.0,8690.0,8490.0,8600.0,117884.0
2020-04-17 14:00:00,8600.0,8760.0,8510.0,8530.0,104522.0
2020-04-17 15:00:00,8530.0,8580.0,8230.0,8280.0,168471.0
2020-04-20 09:00:00,8200.0,8260.0,8150.0,8250.0,41185.0
2020-04-20 10:00:00,8350.0,8360.0,8180.0,8200.0,65443.0
2020-04-20 11:00:00,8380.0,8390.0,8330.0,8350.0,27683.0
2020-04-20 12:00:00,8320.0,8470.0,8310.0,8370.0,35680.0
2020-04-20 13:00:00,8490.0,8830.0,8300.0,8480.0,407011.0
2020-04-20 14:00:00,8370.0,8410.0,8330.0,8380.0,13564.0
2020-04-20 15:00:00,8480.0,8530.0,8270.0,8330.0,91763.0
2020-04-21 09:00:00,8260.0,8550.0,8200.0,8220.0,178454.0
2020-04-21 10:00:00,8220.0,8320.0,7860.0,7860.0,96092.0
2020-04-21 11:00:00,7870.0,8060.0,7650.0,7890.0,151538.0
2020-04-21 12:00:00,7890.0,7990.0,7850.0,7900.0,30011.0
2020-04-21 13:00:00,7890.0,7970.0,7840.0,7950.0,36823.0
2020-04-21 14:00:00,7950.0,8100.0,7930.0,8010.0,34666.0
2020-04-21 15:00:00,8000.0,8200.0,7910.0,8050.0,28290.0
2020-04-22 09:00:00,7730.0,7800.0,7690.0,7750.0,23038.0
2020-04-22 10:00:00,7770.0,7810.0,7730.0,7810.0,16422.0
2020-04-22 11:00:00,7740.0,7780.0,7680.0,7770.0,25826.0
2020-04-22 12:00:00,7750.0,7790.0,7700.0,7730.0,11747.0
2020-04-22 13:00:00,7800.0,7800.0,7660.0,7680.0,60718.0
2020-04-22 14:00:00,7680.0,7760.0,7660.0,7750.0,23115.0
2020-04-22 15:00:00,8020.0,8150.0,7710.0,7810.0,101432.0
2020-04-23 09:00:00,7920.0,8220.0,7880.0,8200.0,232399.0
2020-04-23 10:00:00,8190.0,8440.0,8090.0,8440.0,157651.0
2020-04-23 11:00:00,8440.0,8450.0,8120.0,8150.0,114395.0
2020-04-23 12:00:00,8150.0,8210.0,8120.0,8160.0,19084.0
2020-04-23 13:00:00,8160.0,8430.0,8160.0,8330.0,86190.0
2020-04-23 14:00:00,8330.0,8360.0,8200.0,8280.0,35736.0
2020-04-23 15:00:00,8280.0,8290.0,8240.0,8290.0,19339.0
2020-04-24 09:00:00,8170.0,8190.0,8050.0,8110.0,35155.0
2020-04-24 10:00:00,8160.0,8350.0,8130.0,8170.0,52551.0
2020-04-24 11:00:00,8140.0,8140.0,8030.0,8030.0,30139.0
2020-04-24 12:00:00,8290.0,8290.0,8170.0,8250.0,26740.0
2020-04-24 13:00:00,8470.0,8470.0,8290.0,8290.0,51642.0
2020-04-24 14:00:00,8240.0,8550.0,8190.0,8460.0,145979.0
2020-04-24 15:00:00,8250.0,8260.0,8130.0,8150.0,22267.0
2020-04-27 09:00:00,8030.0,8110.0,8030.0,8110.0,10779.0
2020-04-27 10:00:00,8020.0,8050.0,7970.0,8000.0,16587.0
2020-04-27 11:00:00,8020.0,8040.0,7970.0,8030.0,9970.0
2020-04-27 12:00:00,8090.0,8110.0,8010.0,8040.0,18091.0
2020-04-27 13:00:00,8120.0,8140.0,8080.0,8090.0,14323.0
2020-04-27 14:00:00,8030.0,8080.0,8010.0,8020.0,8249.0
2020-04-27 15:00:00,8040.0,8190.0,8040.0,8120.0,36257.0
2020-04-28 09:00:00,8310.0,8720.0,8300.0,8710.0,213145.0
2020-04-28 10:00:00,8180.0,8550.0,8150.0,8470.0,253540.0
2020-04-28 11:00:00,8440.0,8440.0,8210.0,8310.0,90870.0
2020-04-28 12:00:00,8300.0,8380.0,8300.0,8320.0,21188.0
2020-04-28 13:00:00,8320.0,8360.0,8290.0,8320.0,5648.0
2020-04-28 14:00:00,8350.0,8350.0,8270.0,8270.0,11750.0
2020-04-28 15:00:00,8270.0,8360.0,8270.0,8340.0,11760.0
2020-04-29 09:00:00,8390.0,8480.0,8390.0,8420.0,20840.0
2020-04-29 10:00:00,8440.0,8440.0,8400.0,8400.0,14641.0
2020-04-29 11:00:00,8400.0,8430.0,8390.0,8400.0,16974.0
2020-04-29 12:00:00,8800.0,8800.0,8380.0,8500.0,137512.0
2020-04-29 13:00:00,8550.0,8580.0,8440.0,8440.0,19980.0
2020-04-29 14:00:00,8480.0,8560.0,8450.0,8560.0,19143.0
2020-04-29 15:00:00,8450.0,8470.0,8380.0,8390.0,28294.0
2020-05-04 09:00:00,8250.0,8290.0,8000.0,8160.0,58579.0
2020-05-04 10:00:00,8160.0,8370.0,8110.0,8330.0,19315.0
2020-05-04 11:00:00,8330.0,8440.0,8300.0,8390.0,21117.0
2020-05-04 12:00:00,8390.0,8410.0,8380.0,8380.0,7053.0
2020-05-04 13:00:00,8400.0,8400.0,8320.0,8320.0,9066.0
2020-05-04 14:00:00,8320.0,8400.0,8320.0,8340.0,8545.0
2020-05-04 15:00:00,8340.0,8410.0,8300.0,8410.0,13580.0
2020-05-06 09:00:00,8410.0,8410.0,8370.0,8400.0,10934.0
2020-05-06 10:00:00,8360.0,8400.0,8360.0,8400.0,6781.0
2020-05-06 11:00:00,8390.0,8410.0,8350.0,8360.0,15346.0
2020-05-06 12:00:00,8420.0,8450.0,8360.0,8390.0,27342.0
2020-05-06 13:00:00,8380.0,8400.0,8330.0,8370.0,8839.0
2020-05-06 14:00:00,8380.0,8390.0,8300.0,8380.0,12197.0
2020-05-06 15:00:00,8370.0,8390.0,8350.0,8390.0,10608.0
2020-05-07 09:00:00,8410.0,8420.0,8350.0,8420.0,18809.0
2020-05-07 10:00:00,8410.0,8420.0,8370.0,8420.0,6936.0
2020-05-07 11:00:00,8450.0,8450.0,8360.0,8410.0,11652.0
2020-05-07 12:00:00,8360.0,8390.0,8330.0,8370.0,34906.0
2020-05-07 13:00:00,8440.0,8450.0,8420.0,8420.0,15186.0
2020-05-07 14:00:00,8370.0,8480.0,8370.0,8450.0,21850.0
2020-05-07 15:00:00,8420.0,8450.0,8380.0,8450.0,8694.0
2020-05-08 09:00:00,8550.0,8680.0,8520.0,8560.0,94557.0
2020-05-08 10:00:00,8560.0,8870.0,8560.0,8720.0,132733.0
2020-05-08 11:00:00,8720.0,8760.0,8670.0,8670.0,25714.0
2020-05-08 12:00:00,8680.0,8730.0,8670.0,8720.0,13569.0
2020-05-08 13:00:00,8720.0,8720.0,8600.0,8600.0,22786.0
2020-05-08 14:00:00,8600.0,8640.0,8600.0,8610.0,15349.0
2020-05-08 15:00:00,8620.0,8670.0,8610.0,8670.0,18132.0
2020-05-11 09:00:00,8620.0,8640.0,8550.0,8590.0,21933.0
2020-05-11 10:00:00,8590.0,8590.0,8560.0,8560.0,5445.0
2020-05-11 11:00:00,8610.0,8640.0,8570.0,8640.0,24449.0
2020-05-11 12:00:00,8600.0,8640.0,8600.0,8630.0,10438.0
2020-05-11 13:00:00,8600.0,8600.0,8580.0,8600.0,9038.0
2020-05-11 14:00:00,8590.0,8640.0,8590.0,8600.0,6676.0
2020-05-11 15:00:00,8770.0,8770.0,8570.0,8590.0,45047.0
2020-05-12 09:00:00,8560.0,8750.0,8530.0,8650.0,94076.0
2020-05-12 10:00:00,8630.0,8810.0,8620.0,8750.0,79108.0
2020-05-12 11:00:00,8780.0,8780.0,8720.0,8780.0,22248.0
2020-05-12 12:00:00,8770.0,8810.0,8740.0,8770.0,28899.0
2020-05-12 13:00:00,8790.0,8820.0,8740.0,8780.0,20660.0
2020-05-12 14:00:00,8780.0,8880.0,8760.0,8790.0,59521.0
2020-05-12 15:00:00,8770.0,8850.0,8720.0,8850.0,34789.0
2020-05-13 09:00:00,8800.0,8820.0,8740.0,8780.0,10975.0
2020-05-13 10:00:00,8740.0,8820.0,8650.0,8820.0,25098.0
2020-05-13 11:00:00,8670.0,8740.0,8630.0,8740.0,23167.0
2020-05-13 12:00:00,8700.0,8840.0,8670.0,8780.0,47053.0
2020-05-13 13:00:00,8780.0,8800.0,8700.0,8770.0,16474.0
2020-05-13 14:00:00,8770.0,8830.0,8750.0,8780.0,11131.0
2020-05-13 15:00:00,8780.0,8780.0,8630.0,8670.0,27998.0
2020-05-14 09:00:00,8790.0,8840.0,8720.0,8760.0,23763.0
2020-05-14 10:00:00,8760.0,8900.0,8720.0,8860.0,10869.0
2020-05-14 11:00:00,8810.0,8860.0,8770.0,8790.0,21407.0
2020-05-14 12:00:00,8780.0,9240.0,8740.0,9110.0,235588.0
2020-05-14 13:00:00,8870.0,8950.0,8730.0,8910.0,23967.0
2020-05-14 14:00:00,9120.0,9120.0,8800.0,8880.0,59548.0
2020-05-14 15:00:00,8900.0,8920.0,8790.0,8800.0,15184.0
2020-05-15 09:00:00,8860.0,8980.0,8750.0,8780.0,30683.0
2020-05-15 10:00:00,8770.0,8800.0,8630.0,8800.0,17114.0
2020-05-15 11:00:00,8740.0,8830.0,8730.0,8740.0,5108.0
2020-05-15 12:00:00,8730.0,8740.0,8660.0,8680.0,13834.0
2020-05-15 13:00:00,8680.0,8710.0,8620.0,8650.0,13710.0
2020-05-15 14:00:00,8650.0,8700.0,8630.0,8640.0,9579.0
2020-05-15 15:00:00,8640.0,8890.0,8640.0,8870.0,20428.0
2020-05-18 09:00:00,8420.0,8460.0,8360.0,8360.0,17905.0
2020-05-18 10:00:00,8420.0,8470.0,8400.0,8420.0,10732.0
2020-05-18 11:00:00,8470.0,8470.0,8400.0,8420.0,17391.0
2020-05-18 12:00:00,8900.0,8900.0,8070.0,8270.0,116662.0
2020-05-18 13:00:00,8260.0,8500.0,8250.0,8500.0,24092.0
2020-05-18 14:00:00,8440.0,8480.0,8410.0,8460.0,11063.0
2020-05-18 15:00:00,8500.0,8530.0,8430.0,8440.0,11749.0
2020-05-19 09:00:00,8500.0,8600.0,8320.0,8420.0,42086.0
2020-05-19 10:00:00,8420.0,8460.0,8370.0,8420.0,18904.0
2020-05-19 11:00:00,8400.0,8420.0,8370.0,8380.0,6866.0
2020-05-19 12:00:00,8390.0,8400.0,8320.0,8390.0,7279.0
2020-05-19 13:00:00,8390.0,8420.0,8350.0,8420.0,8462.0
2020-05-19 14:00:00,8420.0,8480.0,8420.0,8460.0,9508.0
2020-05-19 15:00:00,8460.0,8490.0,8400.0,8440.0,9116.0
2020-05-20 09:00:00,8350.0,8370.0,8320.0,8370.0,8716.0
2020-05-20 10:00:00,8350.0,8370.0,8350.0,8350.0,5307.0
2020-05-20 11:00:00,8350.0,8370.0,8340.0,8350.0,8208.0
2020-05-20 12:00:00,8380.0,8390.0,8310.0,8350.0,9425.0
2020-05-20 13:00:00,8380.0,8380.0,8330.0,8330.0,8449.0
2020-05-20 14:00:00,8460.0,8460.0,8270.0,8360.0,20648.0
2020-05-20 15:00:00,8330.0,8370.0,8310.0,8340.0,7959.0
2020-05-21 09:00:00,8370.0,8380.0,8350.0,8380.0,4921.0
2020-05-21 10:00:00,8370.0,8370.0,8320.0,8320.0,10639.0
2020-05-21 11:00:00,8340.0,8390.0,8320.0,8380.0,16724.0
2020-05-21 12:00:00,8400.0,8430.0,8300.0,8370.0,20189.0
2020-05-21 13:00:00,8360.0,8370.0,8320.0,8340.0,4309.0
2020-05-21 14:00:00,8350.0,8370.0,8340.0,8340.0,3754.0
2020-05-21 15:00:00,8400.0,8450.0,8310.0,8400.0,17333.0
2020-05-22 09:00:00,8310.0,8800.0,8250.0,8650.0,81443.0
2020-05-22 10:00:00,8660.0,8670.0,8450.0,8570.0,30199.0
2020-05-22 11:00:00,8570.0,8630.0,8500.0,8500.0,10831.0
2020-05-22 12:00:00,8550.0,8550.0,8310.0,8460.0,20182.0
2020-05-22 13:00:00,8400.0,8460.0,8390.0,8400.0,3519.0
2020-05-22 14:00:00,8410.0,8420.0,8310.0,8320.0,12187.0
2020-05-22 15:00:00,8320.0,8430.0,8320.0,8430.0,8517.0
2020-05-25 09:00:00,8510.0,8510.0,8480.0,8500.0,5966.0
2020-05-25 10:00:00,8490.0,8490.0,8470.0,8470.0,3826.0
2020-05-25 11:00:00,8500.0,8520.0,8460.0,8490.0,9982.0
2020-05-25 12:00:00,8510.0,8520.0,8500.0,8500.0,2735.0
2020-05-25 13:00:00,8520.0,8610.0,8520.0,8540.0,11287.0
2020-05-25 14:00:00,8540.0,8540.0,8430.0,8510.0,12291.0
2020-05-25 15:00:00,8650.0,8650.0,8440.0,8570.0,33171.0
2020-05-26 09:00:00,8500.0,8790.0,8480.0,8590.0,57891.0
2020-05-26 10:00:00,8580.0,8630.0,8580.0,8620.0,7450.0
2020-05-26 11:00:00,8620.0,8780.0,8590.0,8770.0,26880.0
2020-05-26 12:00:00,8770.0,9160.0,8730.0,9070.0,177868.0
2020-05-26 13:00:00,9040.0,9560.0,9000.0,9250.0,251921.0
2020-05-26 14:00:00,9210.0,9500.0,9150.0,9440.0,132967.0
2020-05-26 15:00:00,9430.0,9500.0,9340.0,9460.0,57231.0
2020-05-27 09:00:00,11300.0,11600.0,10950.0,11250.0,287588.0
2020-05-27 10:00:00,11200.0,11700.0,10850.0,11250.0,273313.0
2020-05-27 11:00:00,11250.0,11300.0,10850.0,11300.0,127204.0
2020-05-27 12:00:00,10550.0,12100.0,10450.0,11350.0,1394803.0
2020-05-27 13:00:00,10500.0,10800.0,10150.0,10500.0,317955.0
2020-05-27 14:00:00,9780.0,10850.0,9600.0,10500.0,711694.0
2020-05-27 15:00:00,11350.0,11500.0,10800.0,11200.0,342637.0
2020-05-28 09:00:00,10950.0,11250.0,10900.0,11250.0,76359.0
2020-05-28 10:00:00,10750.0,10950.0,10600.0,10900.0,76169.0
2020-05-28 11:00:00,10900.0,11050.0,10800.0,10950.0,68057.0
2020-05-28 12:00:00,10950.0,11050.0,10850.0,10900.0,39413.0
2020-05-28 13:00:00,11100.0,11100.0,10850.0,11000.0,59546.0
2020-05-28 14:00:00,10900.0,11000.0,10750.0,10750.0,67877.0
2020-05-28 15:00:00,10850.0,11250.0,10600.0,11100.0,281121.0
2020-05-29 09:00:00,11150.0,11200.0,10900.0,10900.0,71279.0
2020-05-29 10:00:00,11250.0,11650.0,10950.0,11300.0,552212.0
2020-05-29 11:00:00,11300.0,11450.0,10950.0,11300.0,201346.0
2020-05-29 12:00:00,11300.0,11550.0,11250.0,11500.0,80137.0
2020-05-29 13:00:00,11450.0,11500.0,11200.0,11250.0,62220.0
2020-05-29 14:00:00,11250.0,11350.0,11050.0,11200.0,96283.0
2020-05-29 15:00:00,11200.0,11250.0,11050.0,11150.0,70101.0
2020-06-01 09:00:00,10950.0,10950.0,10300.0,10550.0,366227.0
2020-06-01 10:00:00,10550.0,10600.0,10000.0,10150.0,199780.0
2020-06-01 11:00:00,11200.0,11300.0,10900.0,10950.0,216491.0
2020-06-01 12:00:00,13000.0,13850.0,11500.0,11600.0,2446511.0
2020-06-01 13:00:00,11800.0,11950.0,11550.0,11600.0,152585.0
2020-06-01 14:00:00,11600.0,11950.0,11500.0,11750.0,268529.0
2020-06-01 15:00:00,11600.0,11600.0,11100.0,11200.0,385356.0
2020-06-02 09:00:00,10000.0,10050.0,9680.0,9680.0,371013.0
2020-06-02 10:00:00,9690.0,9770.0,9570.0,9750.0,136318.0
2020-06-02 11:00:00,9750.0,9770.0,9660.0,9750.0,28791.0
2020-06-02 12:00:00,9750.0,9750.0,9600.0,9650.0,63639.0
2020-06-02 13:00:00,9650.0,9700.0,9500.0,9680.0,117880.0
2020-06-02 14:00:00,9680.0,9740.0,9640.0,9660.0,54379.0
2020-06-02 15:00:00,9670.0,9690.0,9640.0,9680.0,52803.0
2020-06-03 09:00:00,9560.0,9580.0,9450.0,9450.0,72481.0
2020-06-03 10:00:00,9570.0,9580.0,9510.0,9560.0,46893.0
2020-06-03 11:00:00,9590.0,9650.0,9560.0,9560.0,29956.0
2020-06-03 12:00:00,9620.0,9770.0,9520.0,9700.0,123909.0
2020-06-03 13:00:00,9580.0,9620.0,9570.0,9590.0,19162.0
2020-06-03 14:00:00,9700.0,9700.0,9560.0,9580.0,42720.0
2020-06-03 15:00:00,9590.0,9600.0,9560.0,9580.0,18641.0
2020-06-04 09:00:00,10050.0,10500.0,10050.0,10200.0,261073.0
2020-06-04 10:00:00,10200.0,10400.0,10100.0,10400.0,121965.0
2020-06-04 11:00:00,10300.0,10400.0,10000.0,10050.0,215597.0
2020-06-04 12:00:00,9450.0,10250.0,9430.0,9990.0,573132.0
2020-06-04 13:00:00,10850.0,11700.0,10150.0,10200.0,1644814.0
2020-06-04 14:00:00,9960.0,11500.0,9950.0,10850.0,2880601.0
2020-06-04 15:00:00,10200.0,10500.0,10050.0,10350.0,442401.0
2020-06-05 09:00:00,10300.0,10400.0,9910.0,9990.0,262795.0
2020-06-05 10:00:00,10000.0,10100.0,9980.0,10050.0,46519.0
2020-06-05 11:00:00,10050.0,10150.0,10050.0,10050.0,29749.0
2020-06-05 12:00:00,10050.0,10150.0,10000.0,10100.0,28068.0
2020-06-05 13:00:00,10100.0,10150.0,10000.0,10050.0,38343.0
2020-06-05 14:00:00,10050.0,10150.0,10000.0,10150.0,41876.0
2020-06-05 15:00:00,10150.0,10300.0,10100.0,10250.0,51820.0
2020-06-08 09:00:00,10450.0,10500.0,10400.0,10450.0,35183.0
2020-06-08 10:00:00,10400.0,10500.0,10300.0,10450.0,64607.0
2020-06-08 11:00:00,10400.0,10400.0,10300.0,10400.0,18897.0
2020-06-08 12:00:00,10400.0,10650.0,10300.0,10600.0,343260.0
2020-06-08 13:00:00,10450.0,10450.0,10350.0,10350.0,24516.0
2020-06-08 14:00:00,10600.0,10650.0,10350.0,10400.0,99460.0
2020-06-08 15:00:00,10350.0,10400.0,10300.0,10300.0,28583.0
2020-06-09 09:00:00,10800.0,10950.0,10450.0,10550.0,289899.0
2020-06-09 10:00:00,10550.0,10700.0,10400.0,10650.0,59930.0
2020-06-09 11:00:00,10650.0,10650.0,10450.0,10500.0,51489.0
2020-06-09 12:00:00,10550.0,10650.0,10400.0,10550.0,39200.0
2020-06-09 13:00:00,10550.0,10550.0,10400.0,10450.0,45714.0
2020-06-09 14:00:00,10450.0,10500.0,10350.0,10450.0,36530.0
2020-06-09 15:00:00,10400.0,10450.0,10350.0,10450.0,21620.0
2020-06-10 09:00:00,10350.0,10350.0,10250.0,10300.0,14030.0
2020-06-10 10:00:00,10200.0,10250.0,10050.0,10100.0,35835.0
2020-06-10 11:00:00,10100.0,10350.0,10100.0,10350.0,35503.0
2020-06-10 12:00:00,10200.0,10350.0,10150.0,10200.0,26475.0
2020-06-10 13:00:00,10200.0,10350.0,10150.0,10200.0,22853.0
2020-06-10 14:00:00,10500.0,10550.0,10200.0,10200.0,73746.0
2020-06-10 15:00:00,10200.0,10300.0,10150.0,10250.0,8130.0
2020-06-11 09:00:00,9940.0,9980.0,9920.0,9930.0,13522.0
2020-06-11 10:00:00,9990.0,10000.0,9900.0,9990.0,32855.0
2020-06-11 11:00:00,9990.0,10000.0,9930.0,9930.0,22107.0
2020-06-11 12:00:00,10000.0,10050.0,10000.0,10050.0,13954.0
2020-06-11 13:00:00,10050.0,10100.0,10000.0,10000.0,18430.0
2020-06-11 14:00:00,10050.0,10050.0,9990.0,9990.0,17260.0
2020-06-11 15:00:00,10300.0,10300.0,9850.0,10050.0,88116.0
2020-06-12 09:00:00,9340.0,9510.0,9340.0,9480.0,14837.0
2020-06-12 10:00:00,9000.0,9560.0,9000.0,9210.0,132712.0
2020-06-12 11:00:00,9230.0,9440.0,9200.0,9440.0,20349.0
2020-06-12 12:00:00,9440.0,9450.0,9370.0,9440.0,9846.0
2020-06-12 13:00:00,9420.0,9430.0,9280.0,9370.0,19130.0
2020-06-12 14:00:00,9370.0,9390.0,9300.0,9310.0,16208.0
2020-06-12 15:00:00,9340.0,9350.0,9310.0,9340.0,14298.0
2020-06-15 09:00:00,9180.0,9190.0,9000.0,9010.0,66287.0
2020-06-15 10:00:00,9040.0,9040.0,8900.0,8900.0,19813.0
2020-06-15 11:00:00,9220.0,9240.0,9160.0,9180.0,18667.0
2020-06-15 12:00:00,9300.0,9430.0,9130.0,9160.0,61938.0
2020-06-15 13:00:00,9190.0,9260.0,9160.0,9200.0,7232.0
2020-06-15 14:00:00,9160.0,9260.0,9140.0,9190.0,17651.0
2020-06-15 15:00:00,9240.0,9280.0,9170.0,9240.0,10535.0
2020-06-16 09:00:00,9010.0,9490.0,8900.0,9340.0,75753.0
2020-06-16 10:00:00,9340.0,9440.0,9340.0,9400.0,17788.0
2020-06-16 11:00:00,9350.0,9400.0,9320.0,9380.0,14772.0
2020-06-16 12:00:00,9380.0,9440.0,9360.0,9390.0,7465.0
2020-06-16 13:00:00,9390.0,9400.0,9310.0,9390.0,15961.0
2020-06-16 14:00:00,9390.0,9410.0,9340.0,9380.0,12609.0
2020-06-16 15:00:00,9370.0,9430.0,9370.0,9430.0,7624.0
2020-06-17 09:00:00,10350.0,10750.0,10350.0,10500.0,213796.0
2020-06-17 10:00:00,9820.0,10600.0,9800.0,10350.0,390251.0
2020-06-17 11:00:00,10150.0,10300.0,9730.0,9830.0,275946.0
2020-06-17 12:00:00,9500.0,9660.0,9450.0,9540.0,33677.0
2020-06-17 13:00:00,9420.0,11300.0,9320.0,10300.0,1333876.0
2020-06-17 14:00:00,9550.0,9550.0,9400.0,9420.0,11457.0
2020-06-17 15:00:00,10350.0,10550.0,9990.0,10100.0,491816.0
2020-06-18 09:00:00,10250.0,10350.0,10100.0,10200.0,51989.0
2020-06-18 10:00:00,10200.0,10350.0,10200.0,10200.0,39475.0
2020-06-18 11:00:00,10300.0,10450.0,10150.0,10250.0,49682.0
2020-06-18 12:00:00,10300.0,10800.0,9960.0,10650.0,330620.0
2020-06-18 13:00:00,10300.0,10400.0,10000.0,10100.0,101503.0
2020-06-18 14:00:00,10650.0,10750.0,10250.0,10350.0,137377.0
2020-06-18 15:00:00,10100.0,10500.0,10100.0,10300.0,70764.0
2020-06-19 09:00:00,10200.0,10500.0,10000.0,10200.0,197889.0
2020-06-19 10:00:00,10250.0,10250.0,9550.0,9750.0,167568.0
2020-06-19 11:00:00,9710.0,9840.0,9620.0,9730.0,48406.0
2020-06-19 12:00:00,9730.0,9730.0,9550.0,9630.0,59303.0
2020-06-19 13:00:00,9640.0,9660.0,9580.0,9630.0,21444.0
2020-06-19 14:00:00,9600.0,9630.0,9580.0,9600.0,21423.0
2020-06-19 15:00:00,9590.0,9610.0,9570.0,9570.0,25206.0
2020-06-22 09:00:00,9400.0,9690.0,9380.0,9610.0,43769.0
2020-06-22 10:00:00,9600.0,9610.0,9540.0,9540.0,16322.0
2020-06-22 11:00:00,9370.0,9410.0,9340.0,9410.0,13732.0
2020-06-22 12:00:00,9470.0,9620.0,9350.0,9450.0,57057.0
2020-06-22 13:00:00,9320.0,9380.0,9300.0,9380.0,16389.0
2020-06-22 14:00:00,9450.0,9450.0,9290.0,9320.0,32649.0
2020-06-22 15:00:00,9380.0,9390.0,9340.0,9370.0,4026.0
2020-06-23 09:00:00,9550.0,9640.0,9420.0,9510.0,21124.0
2020-06-23 10:00:00,9500.0,9550.0,9150.0,9290.0,53618.0
2020-06-23 11:00:00,9290.0,9400.0,9270.0,9350.0,15418.0
2020-06-23 12:00:00,9350.0,9400.0,9280.0,9340.0,11818.0
2020-06-23 13:00:00,9340.0,9360.0,9320.0,9350.0,9033.0
2020-06-23 14:00:00,9350.0,9350.0,9210.0,9290.0,14449.0
2020-06-23 15:00:00,9290.0,9350.0,9270.0,9300.0,13494.0
2020-06-24 09:00:00,9280.0,9290.0,9210.0,9280.0,9929.0
2020-06-24 10:00:00,9220.0,9300.0,9180.0,9290.0,25362.0
2020-06-24 11:00:00,9270.0,9270.0,9200.0,9230.0,7127.0
2020-06-24 12:00:00,9200.0,9290.0,9190.0,9270.0,9343.0
2020-06-24 13:00:00,9290.0,9300.0,9180.0,9210.0,21792.0
2020-06-24 14:00:00,9300.0,9390.0,9220.0,9290.0,17873.0
2020-06-24 15:00:00,9210.0,9230.0,9180.0,9200.0,6651.0
2020-06-25 09:00:00,9280.0,9280.0,9000.0,9070.0,21316.0
2020-06-25 10:00:00,9090.0,9150.0,8950.0,9050.0,30367.0
2020-06-25 11:00:00,9010.0,9090.0,9000.0,9040.0,12457.0
2020-06-25 12:00:00,9040.0,9040.0,8950.0,8990.0,17088.0
2020-06-25 13:00:00,8990.0,9000.0,8900.0,8960.0,36662.0
2020-06-25 14:00:00,8960.0,9060.0,8790.0,9020.0,40116.0
2020-06-25 15:00:00,9020.0,9050.0,8990.0,9000.0,4465.0
2020-06-26 09:00:00,9040.0,9050.0,8950.0,8980.0,9454.0
2020-06-26 10:00:00,9010.0,9080.0,8990.0,9050.0,4865.0
2020-06-26 11:00:00,9050.0,9100.0,9020.0,9040.0,6530.0
2020-06-26 12:00:00,8950.0,9000.0,8920.0,8920.0,7642.0
2020-06-26 13:00:00,8930.0,9010.0,8930.0,9010.0,3845.0
2020-06-26 14:00:00,9130.0,9130.0,8910.0,8950.0,13295.0
2020-06-26 15:00:00,9060.0,9200.0,8910.0,9130.0,35038.0
2020-06-29 09:00:00,8790.0,8810.0,8750.0,8790.0,6341.0
2020-06-29 10:00:00,8750.0,8850.0,8720.0,8750.0,10663.0
2020-06-29 11:00:00,8780.0,8790.0,8740.0,8750.0,4885.0
2020-06-29 12:00:00,8880.0,8910.0,8730.0,8810.0,31193.0
2020-06-29 13:00:00,8730.0,8930.0,8730.0,8800.0,22629.0
2020-06-29 14:00:00,8820.0,8820.0,8720.0,8760.0,8454.0
2020-06-29 15:00:00,8800.0,8820.0,8710.0,8790.0,15146.0
2020-06-30 09:00:00,9060.0,9850.0,9060.0,9620.0,435647.0
2020-06-30 10:00:00,9620.0,9620.0,9150.0,9280.0,127526.0
2020-06-30 11:00:00,9280.0,9290.0,9180.0,9290.0,14192.0
2020-06-30 12:00:00,9280.0,9280.0,9170.0,9200.0,10607.0
2020-06-30 13:00:00,9180.0,9280.0,9150.0,9200.0,29837.0
2020-06-30 14:00:00,9200.0,9280.0,9160.0,9160.0,15107.0
2020-06-30 15:00:00,9160.0,9280.0,9150.0,9280.0,17972.0
2020-07-01 09:00:00,8900.0,8960.0,8850.0,8860.0,17500.0
2020-07-01 10:00:00,8900.0,8930.0,8830.0,8890.0,39555.0
2020-07-01 11:00:00,9120.0,9120.0,8890.0,8900.0,67802.0
2020-07-01 12:00:00,9630.0,9630.0,9210.0,9210.0,58919.0
2020-07-01 13:00:00,9190.0,9210.0,9110.0,9120.0,17793.0
2020-07-01 14:00:00,9230.0,9260.0,9190.0,9190.0,20558.0
2020-07-01 15:00:00,9110.0,9160.0,9060.0,9120.0,13878.0
2020-07-02 09:00:00,9000.0,9000.0,8970.0,8970.0,9336.0
2020-07-02 10:00:00,8970.0,8990.0,8950.0,8950.0,6706.0
2020-07-02 11:00:00,9000.0,9020.0,8990.0,8990.0,2428.0
2020-07-02 12:00:00,8950.0,9060.0,8860.0,8990.0,21119.0
2020-07-02 13:00:00,9000.0,9010.0,8980.0,8990.0,6740.0
2020-07-02 14:00:00,8990.0,9020.0,8950.0,9000.0,9340.0
2020-07-02 15:00:00,8980.0,9050.0,8970.0,9000.0,9262.0
2020-07-03 09:00:00,9140.0,9230.0,9050.0,9110.0,29020.0
2020-07-03 10:00:00,9100.0,9140.0,9080.0,9110.0,10874.0
2020-07-03 11:00:00,9100.0,9140.0,9070.0,9100.0,5514.0
2020-07-03 12:00:00,9100.0,9110.0,9080.0,9090.0,4030.0
2020-07-03 13:00:00,9080.0,9100.0,9070.0,9090.0,7211.0
2020-07-03 14:00:00,9080.0,9090.0,9050.0,9070.0,11874.0
2020-07-03 15:00:00,9060.0,9060.0,8950.0,8980.0,17188.0
2020-07-06 09:00:00,9010.0,9040.0,9010.0,9040.0,4704.0
2020-07-06 10:00:00,9040.0,9040.0,8990.0,9030.0,7989.0
2020-07-06 11:00:00,9020.0,9020.0,9010.0,9010.0,3789.0
2020-07-06 12:00:00,9010.0,9020.0,9000.0,9020.0,4383.0
2020-07-06 13:00:00,9030.0,9050.0,9000.0,9010.0,5423.0
2020-07-06 14:00:00,8990.0,9050.0,8990.0,9030.0,5100.0
2020-07-06 15:00:00,8980.0,9110.0,8950.0,9000.0,23576.0
2020-07-07 09:00:00,9030.0,9100.0,8980.0,9000.0,24080.0
2020-07-07 10:00:00,8990.0,9020.0,8990.0,8990.0,11119.0
2020-07-07 11:00:00,8990.0,9000.0,8980.0,8990.0,7664.0
2020-07-07 12:00:00,8990.0,9000.0,8970.0,9000.0,7684.0
2020-07-07 13:00:00,9000.0,9080.0,9000.0,9050.0,11254.0
2020-07-07 14:00:00,9050.0,9050.0,8990.0,9000.0,6769.0
2020-07-07 15:00:00,9000.0,9020.0,8990.0,9000.0,5838.0
2020-07-08 09:00:00,8890.0,8950.0,8890.0,8950.0,3204.0
2020-07-08 10:00:00,8910.0,8910.0,8850.0,8910.0,4347.0
2020-07-08 11:00:00,8920.0,8930.0,8840.0,8910.0,4912.0
2020-07-08 12:00:00,9020.0,9060.0,8650.0,8980.0,19948.0
2020-07-08 13:00:00,8900.0,8990.0,8870.0,8960.0,10051.0
2020-07-08 14:00:00,8980.0,8980.0,8900.0,8940.0,8763.0
2020-07-08 15:00:00,8960.0,8970.0,8890.0,8920.0,813.0
2020-07-09 09:00:00,8980.0,9000.0,8940.0,8970.0,5573.0
2020-07-09 10:00:00,8960.0,8990.0,8920.0,8990.0,5784.0
2020-07-09 11:00:00,8980.0,9000.0,8970.0,8990.0,2416.0
2020-07-09 12:00:00,8920.0,9050.0,8850.0,8960.0,15746.0
2020-07-09 13:00:00,9000.0,9000.0,8910.0,8990.0,7150.0
2020-07-09 14:00:00,8970.0,9020.0,8970.0,8970.0,7967.0
2020-07-09 15:00:00,8990.0,9000.0,8920.0,8990.0,1482.0
2020-07-10 09:00:00,9060.0,9060.0,8920.0,9030.0,6990.0
2020-07-10 10:00:00,9020.0,9030.0,8980.0,8980.0,6109.0
2020-07-10 11:00:00,8970.0,8990.0,8960.0,8970.0,3734.0
2020-07-10 12:00:00,8990.0,9490.0,8980.0,9300.0,93642.0
2020-07-10 13:00:00,9270.0,9670.0,9210.0,9290.0,131179.0
2020-07-10 14:00:00,9300.0,9350.0,9160.0,9280.0,19993.0
2020-07-10 15:00:00,9260.0,9330.0,9220.0,9320.0,13045.0
2020-07-13 09:00:00,9550.0,9600.0,9540.0,9590.0,29497.0
2020-07-13 10:00:00,9540.0,9560.0,9520.0,9550.0,14050.0
2020-07-13 11:00:00,9530.0,9540.0,9520.0,9540.0,10837.0
2020-07-13 12:00:00,9340.0,9500.0,9250.0,9380.0,52434.0
2020-07-13 13:00:00,9370.0,9660.0,9320.0,9600.0,96904.0
2020-07-13 14:00:00,9550.0,9570.0,9520.0,9530.0,8277.0
2020-07-13 15:00:00,9600.0,9620.0,9530.0,9560.0,16338.0
2020-07-14 09:00:00,9610.0,9690.0,9500.0,9560.0,37331.0
2020-07-14 10:00:00,9550.0,9660.0,9500.0,9530.0,35707.0
2020-07-14 11:00:00,9580.0,9620.0,9500.0,9540.0,22741.0
2020-07-14 12:00:00,9540.0,9560.0,9420.0,9420.0,21763.0
2020-07-14 13:00:00,9420.0,9530.0,9420.0,9450.0,12443.0
2020-07-14 14:00:00,9450.0,9540.0,9450.0,9460.0,10745.0
2020-07-14 15:00:00,9500.0,9600.0,9470.0,9600.0,11211.0
2020-07-15 09:00:00,9550.0,9570.0,9500.0,9570.0,9562.0
2020-07-15 10:00:00,9410.0,9590.0,9370.0,9550.0,19776.0
2020-07-15 11:00:00,9370.0,9440.0,9330.0,9440.0,12201.0
2020-07-15 12:00:00,9430.0,9430.0,9360.0,9360.0,11119.0
2020-07-15 13:00:00,9360.0,9420.0,9360.0,9410.0,6656.0
2020-07-15 14:00:00,9630.0,9630.0,9320.0,9430.0,36796.0
2020-07-15 15:00:00,9410.0,9420.0,9340.0,9370.0,15790.0
2020-07-16 09:00:00,9530.0,9550.0,9480.0,9540.0,20104.0
2020-07-16 10:00:00,9530.0,9540.0,9490.0,9490.0,9847.0
2020-07-16 11:00:00,9490.0,9530.0,9480.0,9530.0,10433.0
2020-07-16 12:00:00,9550.0,9550.0,9510.0,9550.0,5821.0
2020-07-16 13:00:00,9540.0,9560.0,9500.0,9500.0,11534.0
2020-07-16 14:00:00,9520.0,9530.0,9490.0,9490.0,6884.0
2020-07-16 15:00:00,9570.0,9640.0,9510.0,9550.0,13592.0
2020-07-17 09:00:00,9490.0,9550.0,9450.0,9510.0,6951.0
2020-07-17 10:00:00,9510.0,9640.0,9460.0,9640.0,14635.0
2020-07-17 11:00:00,9620.0,9800.0,9580.0,9620.0,35375.0
2020-07-17 12:00:00,9620.0,9660.0,9580.0,9600.0,6709.0
2020-07-17 13:00:00,9600.0,9630.0,9600.0,9620.0,4601.0
2020-07-17 14:00:00,9620.0,9630.0,9570.0,9580.0,7951.0
2020-07-17 15:00:00,9590.0,9620.0,9570.0,9600.0,11327.0
2020-07-20 09:00:00,9580.0,9600.0,9540.0,9540.0,7161.0
2020-07-20 10:00:00,9570.0,9590.0,9510.0,9590.0,4610.0
2020-07-20 11:00:00,9590.0,9610.0,9500.0,9570.0,9180.0
2020-07-20 12:00:00,9570.0,9580.0,9550.0,9560.0,2575.0
2020-07-20 13:00:00,9640.0,9640.0,9460.0,9550.0,11173.0
2020-07-20 14:00:00,9550.0,9580.0,9520.0,9570.0,5552.0
2020-07-20 15:00:00,9790.0,9790.0,9580.0,9630.0,31060.0
2020-07-21 09:00:00,9580.0,9700.0,9000.0,9220.0,125300.0
2020-07-21 10:00:00,9220.0,9260.0,9150.0,9240.0,19607.0
2020-07-21 11:00:00,9240.0,9390.0,9220.0,9350.0,26917.0
2020-07-21 12:00:00,9320.0,9350.0,9220.0,9270.0,16254.0
2020-07-21 13:00:00,9270.0,9270.0,9230.0,9270.0,5828.0
2020-07-21 14:00:00,9260.0,9280.0,9230.0,9250.0,7793.0
2020-07-21 15:00:00,9250.0,9260.0,9220.0,9220.0,18482.0
2020-07-22 09:00:00,9080.0,9140.0,9060.0,9100.0,12667.0
2020-07-22 10:00:00,9090.0,9100.0,9070.0,9090.0,6220.0
2020-07-22 11:00:00,9100.0,9120.0,9080.0,9090.0,3380.0
2020-07-22 12:00:00,9150.0,9150.0,9030.0,9030.0,13189.0
2020-07-22 13:00:00,9100.0,9160.0,9060.0,9160.0,25497.0
2020-07-22 14:00:00,9240.0,9280.0,9080.0,9100.0,39255.0
2020-07-22 15:00:00,9030.0,9100.0,9030.0,9100.0,11252.0
2020-07-23 09:00:00,9260.0,9300.0,9250.0,9290.0,10373.0
2020-07-23 10:00:00,9100.0,9320.0,9090.0,9290.0,24658.0
2020-07-23 11:00:00,9300.0,9520.0,9240.0,9260.0,76720.0
2020-07-23 12:00:00,9080.0,9130.0,9070.0,9080.0,5236.0
2020-07-23 13:00:00,9170.0,9180.0,9070.0,9080.0,29550.0
2020-07-23 14:00:00,9090.0,9100.0,9080.0,9090.0,3419.0
2020-07-23 15:00:00,9030.0,9230.0,9030.0,9160.0,38632.0
2020-07-24 09:00:00,9060.0,9110.0,9060.0,9100.0,6757.0
2020-07-24 10:00:00,9280.0,9280.0,9060.0,9230.0,21513.0
2020-07-24 11:00:00,9220.0,9220.0,9120.0,9130.0,6028.0
2020-07-24 12:00:00,9130.0,9150.0,9050.0,9080.0,23209.0
2020-07-24 13:00:00,9090.0,9100.0,9070.0,9080.0,9581.0
2020-07-24 14:00:00,9080.0,9110.0,9050.0,9110.0,11936.0
2020-07-24 15:00:00,9100.0,9110.0,9060.0,9060.0,7366.0
2020-07-27 09:00:00,8990.0,9010.0,8980.0,8990.0,7111.0
2020-07-27 10:00:00,8990.0,9000.0,8980.0,8990.0,5876.0
2020-07-27 11:00:00,8970.0,9000.0,8940.0,8990.0,8223.0
2020-07-27 12:00:00,9190.0,9190.0,9000.0,9090.0,9513.0
2020-07-27 13:00:00,9050.0,9050.0,8980.0,9000.0,19014.0
2020-07-27 14:00:00,9080.0,9100.0,9010.0,9060.0,11238.0
2020-07-27 15:00:00,9000.0,9010.0,8970.0,8970.0,9553.0
2020-07-28 09:00:00,8940.0,9010.0,8890.0,9000.0,29875.0
2020-07-28 10:00:00,8980.0,9040.0,8960.0,9020.0,8892.0
2020-07-28 11:00:00,9010.0,9040.0,8980.0,8990.0,11745.0
2020-07-28 12:00:00,8990.0,8990.0,8900.0,8990.0,17966.0
2020-07-28 13:00:00,8990.0,9000.0,8920.0,9000.0,8676.0
2020-07-28 14:00:00,8990.0,9750.0,8940.0,9430.0,156938.0
2020-07-28 15:00:00,9430.0,9600.0,9220.0,9440.0,110114.0
2020-07-29 09:00:00,9160.0,9170.0,9120.0,9140.0,21446.0
2020-07-29 10:00:00,9160.0,9240.0,9150.0,9160.0,9704.0
2020-07-29 11:00:00,9260.0,9290.0,9150.0,9160.0,28561.0
2020-07-29 12:00:00,9900.0,10200.0,9220.0,9300.0,615375.0
2020-07-29 13:00:00,9400.0,9400.0,9290.0,9290.0,17652.0
2020-07-29 14:00:00,9290.0,9410.0,9290.0,9400.0,38152.0
2020-07-29 15:00:00,9280.0,9290.0,9220.0,9260.0,23161.0
2020-07-30 09:00:00,9050.0,9100.0,9010.0,9050.0,14964.0
2020-07-30 10:00:00,9050.0,9050.0,8990.0,9010.0,27734.0
2020-07-30 11:00:00,9050.0,9110.0,9050.0,9050.0,15373.0
2020-07-30 12:00:00,9240.0,9260.0,9110.0,9110.0,38658.0
2020-07-30 13:00:00,9130.0,9130.0,9040.0,9040.0,22480.0
2020-07-30 14:00:00,9110.0,9190.0,9110.0,9130.0,6608.0
2020-07-30 15:00:00,9040.0,9110.0,9040.0,9050.0,9922.0
2020-07-31 09:00:00,9010.0,9110.0,8960.0,9050.0,15157.0
2020-07-31 10:00:00,9050.0,9080.0,9000.0,9020.0,20615.0
2020-07-31 11:00:00,9020.0,9070.0,8970.0,9030.0,12690.0
2020-07-31 12:00:00,9010.0,9050.0,8990.0,9030.0,3520.0
2020-07-31 13:00:00,9000.0,9030.0,8970.0,8980.0,5792.0
2020-07-31 14:00:00,8980.0,9000.0,8980.0,8990.0,5696.0
2020-07-31 15:00:00,8980.0,8990.0,8880.0,8890.0,31435.0
2020-08-03 09:00:00,8990.0,9020.0,8990.0,9000.0,4672.0
2020-08-03 10:00:00,9000.0,9040.0,8970.0,9000.0,7437.0
2020-08-03 11:00:00,8950.0,9040.0,8950.0,9000.0,7873.0
2020-08-03 12:00:00,8920.0,9060.0,8870.0,8910.0,25399.0
2020-08-03 13:00:00,8930.0,8960.0,8910.0,8960.0,2742.0
2020-08-03 14:00:00,8900.0,8980.0,8900.0,8930.0,9934.0
2020-08-03 15:00:00,8940.0,8980.0,8930.0,8960.0,3292.0
2020-08-04 09:00:00,9000.0,9100.0,8990.0,9010.0,16624.0
2020-08-04 10:00:00,9000.0,9070.0,9000.0,9050.0,12899.0
2020-08-04 11:00:00,9040.0,9050.0,9000.0,9030.0,3570.0
2020-08-04 12:00:00,9030.0,9090.0,9000.0,9070.0,9740.0
2020-08-04 13:00:00,9050.0,9050.0,9010.0,9010.0,6941.0
2020-08-04 14:00:00,9050.0,9050.0,9000.0,9010.0,10276.0
2020-08-04 15:00:00,9040.0,9040.0,9010.0,9040.0,7047.0
2020-08-05 09:00:00,8950.0,8980.0,8950.0,8950.0,4481.0
2020-08-05 10:00:00,8950.0,8980.0,8950.0,8970.0,6354.0
2020-08-05 11:00:00,8980.0,8980.0,8940.0,8940.0,4322.0
2020-08-05 12:00:00,8960.0,8990.0,8940.0,8980.0,3694.0
2020-08-05 13:00:00,9000.0,9000.0,8930.0,8960.0,11444.0
2020-08-05 14:00:00,9040.0,9090.0,8930.0,9000.0,21495.0
2020-08-05 15:00:00,8980.0,8980.0,8930.0,8950.0,7056.0
2020-08-06 09:00:00,8940.0,8950.0,8920.0,8920.0,3600.0
2020-08-06 10:00:00,8970.0,8970.0,8930.0,8970.0,4238.0
2020-08-06 11:00:00,8970.0,8970.0,8940.0,8940.0,7030.0
2020-08-06 12:00:00,8980.0,8980.0,8930.0,8950.0,7921.0
2020-08-06 13:00:00,8950.0,8990.0,8950.0,8980.0,6503.0
2020-08-06 14:00:00,8950.0,8970.0,8930.0,8970.0,3559.0
2020-08-06 15:00:00,8960.0,9030.0,8930.0,8950.0,14084.0
2020-08-07 09:00:00,8890.0,8890.0,8860.0,8880.0,1649.0
2020-08-07 10:00:00,8830.0,9100.0,8830.0,8920.0,13969.0
2020-08-07 11:00:00,8910.0,8930.0,8840.0,8840.0,21122.0
2020-08-07 12:00:00,8840.0,8920.0,8840.0,8900.0,7069.0
2020-08-07 13:00:00,8900.0,8920.0,8860.0,8860.0,9867.0
2020-08-07 14:00:00,8860.0,8900.0,8840.0,8900.0,3669.0
2020-08-07 15:00:00,8900.0,8920.0,8850.0,8900.0,5954.0
2020-08-10 09:00:00,8880.0,8880.0,8860.0,8870.0,6579.0
2020-08-10 10:00:00,8870.0,8890.0,8850.0,8870.0,8910.0
2020-08-10 11:00:00,8880.0,8890.0,8860.0,8880.0,10008.0
2020-08-10 12:00:00,8880.0,8940.0,8840.0,8900.0,9914.0
2020-08-10 13:00:00,8840.0,8860.0,8800.0,8850.0,8998.0
2020-08-10 14:00:00,8890.0,8900.0,8830.0,8860.0,9583.0
2020-08-10 15:00:00,8860.0,8890.0,8820.0,8880.0,2351.0
2020-08-11 09:00:00,8910.0,9100.0,8910.0,9030.0,44180.0
2020-08-11 10:00:00,9030.0,9040.0,9000.0,9020.0,11730.0
2020-08-11 11:00:00,9020.0,9020.0,8950.0,8960.0,5294.0
2020-08-11 12:00:00,8960.0,9000.0,8950.0,8980.0,5261.0
2020-08-11 13:00:00,8990.0,9000.0,8980.0,8980.0,3866.0
2020-08-11 14:00:00,8980.0,9080.0,8970.0,9030.0,35773.0
2020-08-11 15:00:00,9030.0,9050.0,9000.0,9040.0,10014.0
2020-08-12 09:00:00,8920.0,8950.0,8890.0,8930.0,1610.0
2020-08-12 10:00:00,8940.0,8950.0,8880.0,8930.0,10505.0
2020-08-12 11:00:00,8940.0,8960.0,8900.0,8940.0,1272.0
2020-08-12 12:00:00,9070.0,9070.0,8890.0,8920.0,24045.0
2020-08-12 13:00:00,8960.0,8960.0,8910.0,8960.0,3164.0
2020-08-12 14:00:00,8900.0,8980.0,8880.0,8960.0,9007.0
2020-08-12 15:00:00,8960.0,8960.0,8900.0,8900.0,2913.0
2020-08-13 09:00:00,8890.0,8890.0,8860.0,8860.0,7912.0
2020-08-13 10:00:00,8880.0,8900.0,8850.0,8900.0,9175.0
2020-08-13 11:00:00,8890.0,8920.0,8880.0,8890.0,6328.0
2020-08-13 12:00:00,8890.0,8980.0,8820.0,8880.0,25878.0
2020-08-13 13:00:00,8910.0,8930.0,8850.0,8900.0,4863.0
2020-08-13 14:00:00,8880.0,8980.0,8860.0,8910.0,3490.0
2020-08-13 15:00:00,8900.0,8930.0,8890.0,8890.0,3079.0
2020-08-14 09:00:00,8790.0,8970.0,8790.0,8830.0,10242.0
2020-08-14 10:00:00,8890.0,8890.0,8800.0,8820.0,9850.0
2020-08-14 11:00:00,8810.0,8860.0,8790.0,8790.0,17554.0
2020-08-14 12:00:00,8860.0,8860.0,8780.0,8850.0,3755.0
2020-08-14 13:00:00,8840.0,8840.0,8780.0,8840.0,5258.0
2020-08-14 14:00:00,8810.0,8830.0,8780.0,8790.0,3512.0
2020-08-14 15:00:00,8790.0,8820.0,8790.0,8820.0,2788.0
2020-08-18 09:00:00,8370.0,8380.0,8070.0,8070.0,27596.0
2020-08-18 10:00:00,8080.0,8220.0,7990.0,8080.0,21776.0
2020-08-18 11:00:00,8350.0,8390.0,8330.0,8370.0,7643.0
2020-08-18 12:00:00,8000.0,8690.0,8000.0,8450.0,28904.0
2020-08-18 13:00:00,8490.0,8490.0,8340.0,8340.0,4147.0
2020-08-18 14:00:00,8490.0,8490.0,8390.0,8490.0,10783.0
2020-08-18 15:00:00,8340.0,8370.0,8280.0,8350.0,5944.0
2020-08-19 09:00:00,7790.0,8330.0,7790.0,7980.0,34292.0
2020-08-19 10:00:00,7980.0,8090.0,7930.0,8040.0,7623.0
2020-08-19 11:00:00,8060.0,8110.0,8020.0,8020.0,3682.0
2020-08-19 12:00:00,8020.0,8060.0,7940.0,8030.0,5045.0
2020-08-19 13:00:00,8030.0,8040.0,7980.0,7990.0,3915.0
2020-08-19 14:00:00,7990.0,8060.0,7990.0,8060.0,9811.0
2020-08-19 15:00:00,8060.0,8090.0,8040.0,8090.0,6512.0
2020-08-20 09:00:00,7700.0,7790.0,7670.0,7720.0,6126.0
2020-08-20 10:00:00,7750.0,7800.0,7690.0,7700.0,10770.0
2020-08-20 11:00:00,7810.0,7870.0,7730.0,7750.0,9164.0
2020-08-20 12:00:00,7820.0,7930.0,7730.0,7880.0,6705.0
2020-08-20 13:00:00,7910.0,7950.0,7750.0,7780.0,25299.0
2020-08-20 14:00:00,8100.0,8340.0,7900.0,7900.0,27122.0
2020-08-20 15:00:00,7880.0,7880.0,7770.0,7800.0,4104.0
2020-08-21 09:00:00,7720.0,7990.0,7660.0,7790.0,10207.0
2020-08-21 10:00:00,7790.0,7790.0,7620.0,7680.0,6699.0
2020-08-21 11:00:00,7680.0,7790.0,7610.0,7740.0,6434.0
2020-08-21 12:00:00,7740.0,7770.0,7700.0,7750.0,2816.0
2020-08-21 13:00:00,7740.0,7800.0,7700.0,7700.0,10838.0
2020-08-21 14:00:00,7720.0,7750.0,7700.0,7730.0,8945.0
2020-08-21 15:00:00,7750.0,7750.0,7700.0,7700.0,5115.0
2020-08-24 09:00:00,7570.0,7600.0,7550.0,7580.0,5104.0
2020-08-24 10:00:00,7580.0,7600.0,7560.0,7600.0,1754.0
2020-08-24 11:00:00,7550.0,7620.0,7550.0,7600.0,4237.0
2020-08-24 12:00:00,7530.0,7620.0,7530.0,7550.0,6106.0
2020-08-24 13:00:00,7490.0,7620.0,7490.0,7530.0,2898.0
2020-08-24 14:00:00,7380.0,7630.0,7360.0,7490.0,8107.0
2020-08-24 15:00:00,7480.0,7590.0,7350.0,7380.0,27745.0
2020-08-25 09:00:00,7840.0,7890.0,7780.0,7890.0,3855.0
2020-08-25 10:00:00,7850.0,7890.0,7780.0,7830.0,1983.0
2020-08-25 11:00:00,7800.0,7850.0,7760.0,7850.0,5844.0
2020-08-25 12:00:00,7600.0,7880.0,7550.0,7850.0,12557.0
2020-08-25 13:00:00,7840.0,7980.0,7840.0,7890.0,12494.0
2020-08-25 14:00:00,7860.0,7940.0,7800.0,7830.0,11738.0
2020-08-25 15:00:00,7890.0,7890.0,7800.0,7800.0,3573.0
2020-08-26 09:00:00,7940.0,7990.0,7780.0,7800.0,10466.0
2020-08-26 10:00:00,7800.0,7830.0,7740.0,7800.0,7505.0
2020-08-26 11:00:00,7830.0,7830.0,7780.0,7800.0,1791.0
2020-08-26 12:00:00,7820.0,7840.0,7790.0,7840.0,2694.0
2020-08-26 13:00:00,7830.0,7830.0,7790.0,7830.0,4308.0
2020-08-26 14:00:00,7810.0,7830.0,7770.0,7800.0,4998.0
2020-08-26 15:00:00,7800.0,7810.0,7770.0,7810.0,6825.0
2020-08-27 09:00:00,7740.0,7740.0,7660.0,7710.0,1681.0
2020-08-27 10:00:00,7550.0,7750.0,7550.0,7750.0,4913.0
2020-08-27 11:00:00,7650.0,7660.0,7560.0,7560.0,5998.0
2020-08-27 12:00:00,7710.0,7820.0,7710.0,7780.0,10914.0
2020-08-27 13:00:00,7670.0,7670.0,7600.0,7640.0,7199.0
2020-08-27 14:00:00,7750.0,7750.0,7600.0,7670.0,13520.0
2020-08-27 15:00:00,7650.0,7650.0,7610.0,7650.0,3184.0
2020-08-28 09:00:00,7580.0,7600.0,7500.0,7540.0,11114.0
2020-08-28 10:00:00,7540.0,7610.0,7510.0,7510.0,7706.0
2020-08-28 11:00:00,7650.0,7650.0,7560.0,7580.0,7636.0
2020-08-28 12:00:00,7710.0,7710.0,7400.0,7620.0,16527.0
2020-08-28 13:00:00,7600.0,7710.0,7600.0,7660.0,3812.0
2020-08-28 14:00:00,7620.0,7620.0,7570.0,7600.0,2400.0
2020-08-28 15:00:00,7660.0,7680.0,7640.0,7670.0,1458.0
2020-08-31 09:00:00,7510.0,7710.0,7500.0,7570.0,8763.0
2020-08-31 10:00:00,7550.0,7570.0,7500.0,7550.0,7083.0
2020-08-31 11:00:00,7550.0,7560.0,7500.0,7560.0,3672.0
2020-08-31 12:00:00,7550.0,7610.0,7520.0,7550.0,7024.0
2020-08-31 13:00:00,7590.0,7610.0,7500.0,7540.0,3828.0
2020-08-31 14:00:00,7530.0,7560.0,7520.0,7540.0,2455.0
2020-08-31 15:00:00,7550.0,7560.0,7500.0,7510.0,8402.0
2020-09-01 09:00:00,7410.0,7550.0,7410.0,7460.0,6669.0
2020-09-01 10:00:00,7400.0,7430.0,7390.0,7410.0,9383.0
2020-09-01 11:00:00,7410.0,7430.0,7400.0,7410.0,5582.0
2020-09-01 12:00:00,7330.0,7700.0,7330.0,7650.0,29328.0
2020-09-01 13:00:00,7390.0,7440.0,7370.0,7390.0,5937.0
2020-09-01 14:00:00,7570.0,7650.0,7370.0,7400.0,14893.0
2020-09-01 15:00:00,7390.0,7430.0,7370.0,7410.0,6655.0
2020-09-02 09:00:00,7470.0,7650.0,7390.0,7610.0,24836.0
2020-09-02 10:00:00,7610.0,7900.0,7610.0,7740.0,26036.0
2020-09-02 11:00:00,7750.0,8200.0,7670.0,7940.0,40758.0
2020-09-02 12:00:00,7940.0,7940.0,7800.0,7910.0,8842.0
2020-09-02 13:00:00,7910.0,7910.0,7800.0,7860.0,8547.0
2020-09-02 14:00:00,7870.0,7890.0,7800.0,7810.0,12928.0
2020-09-02 15:00:00,7850.0,7880.0,7820.0,7880.0,2676.0
2020-09-03 09:00:00,8070.0,8170.0,8050.0,8170.0,9539.0
2020-09-03 10:00:00,8130.0,8130.0,8080.0,8080.0,5403.0
2020-09-03 11:00:00,8080.0,8110.0,8060.0,8070.0,2220.0
2020-09-03 12:00:00,8090.0,8100.0,8050.0,8050.0,6940.0
2020-09-03 13:00:00,8100.0,8100.0,8040.0,8090.0,7748.0
2020-09-03 14:00:00,8200.0,8250.0,7990.0,8100.0,45292.0
2020-09-03 15:00:00,8050.0,8130.0,8040.0,8130.0,3663.0
2020-09-04 09:00:00,7860.0,7900.0,7850.0,7870.0,3665.0
2020-09-04 10:00:00,7900.0,7920.0,7840.0,7860.0,7233.0
2020-09-04 11:00:00,7860.0,7940.0,7840.0,7860.0,3597.0
2020-09-04 12:00:00,7900.0,7910.0,7850.0,7910.0,3245.0
2020-09-04 13:00:00,7890.0,7920.0,7830.0,7890.0,3786.0
2020-09-04 14:00:00,7910.0,7910.0,7870.0,7890.0,1190.0
2020-09-04 15:00:00,8080.0,8080.0,7510.0,7890.0,69820.0
2020-09-07 09:00:00,8020.0,8060.0,8010.0,8010.0,2392.0
2020-09-07 10:00:00,8080.0,8080.0,7810.0,7860.0,9799.0
2020-09-07 11:00:00,7880.0,7990.0,7860.0,7930.0,5335.0
2020-09-07 12:00:00,7950.0,7980.0,7900.0,7980.0,3572.0
2020-09-07 13:00:00,7980.0,8050.0,7950.0,8030.0,5155.0
2020-09-07 14:00:00,8030.0,8080.0,7970.0,7970.0,6229.0
2020-09-07 15:00:00,7970.0,8070.0,7970.0,8020.0,4001.0
2020-09-08 09:00:00,7980.0,8000.0,7950.0,7950.0,8363.0
2020-09-08 10:00:00,7940.0,7970.0,7930.0,7950.0,2904.0
2020-09-08 11:00:00,7950.0,8000.0,7950.0,7950.0,4184.0
2020-09-08 12:00:00,8000.0,8100.0,7930.0,7980.0,10669.0
2020-09-08 13:00:00,8010.0,8010.0,7980.0,7990.0,2293.0
2020-09-08 14:00:00,7980.0,8020.0,7950.0,8000.0,7228.0
2020-09-08 15:00:00,7990.0,7990.0,7950.0,7950.0,2755.0
2020-09-09 09:00:00,7800.0,7960.0,7710.0,7860.0,9581.0
2020-09-09 10:00:00,7860.0,7950.0,7820.0,7940.0,2406.0
2020-09-09 11:00:00,7930.0,7940.0,7810.0,7890.0,1705.0
2020-09-09 12:00:00,7890.0,7900.0,7810.0,7900.0,2313.0
2020-09-09 13:00:00,7900.0,7900.0,7850.0,7900.0,2105.0
2020-09-09 14:00:00,7900.0,7940.0,7850.0,7850.0,2622.0
2020-09-09 15:00:00,7910.0,7910.0,7860.0,7890.0,1019.0
2020-09-10 09:00:00,7850.0,7900.0,7800.0,7900.0,1932.0
2020-09-10 10:00:00,7810.0,7850.0,7790.0,7800.0,2380.0
2020-09-10 11:00:00,7800.0,7860.0,7790.0,7810.0,3791.0
2020-09-10 12:00:00,7910.0,7990.0,7690.0,7820.0,9966.0
2020-09-10 13:00:00,7840.0,7880.0,7820.0,7820.0,2717.0
2020-09-10 14:00:00,7870.0,7870.0,7810.0,7840.0,5935.0
2020-09-10 15:00:00,7820.0,7830.0,7790.0,7820.0,4785.0
2020-09-11 09:00:00,7820.0,7850.0,7820.0,7840.0,2142.0
2020-09-11 10:00:00,7840.0,7900.0,7840.0,7890.0,2236.0
2020-09-11 11:00:00,7840.0,7860.0,7800.0,7820.0,1305.0
2020-09-11 12:00:00,7870.0,7980.0,7780.0,7780.0,6110.0
2020-09-11 13:00:00,7800.0,7850.0,7790.0,7840.0,899.0
2020-09-11 14:00:00,7840.0,7870.0,7790.0,7790.0,1941.0
2020-09-11 15:00:00,7830.0,7850.0,7800.0,7810.0,1316.0
2020-09-14 09:00:00,8040.0,8200.0,7900.0,8170.0,22054.0
2020-09-14 10:00:00,8160.0,8160.0,8070.0,8090.0,3667.0
2020-09-14 11:00:00,8090.0,8120.0,8050.0,8050.0,2914.0
2020-09-14 12:00:00,8040.0,8050.0,8010.0,8010.0,4262.0
2020-09-14 13:00:00,8010.0,8100.0,8010.0,8070.0,5315.0
2020-09-14 14:00:00,8070.0,8090.0,8020.0,8070.0,2857.0
2020-09-14 15:00:00,8060.0,8080.0,8030.0,8030.0,3384.0
2020-09-15 09:00:00,8070.0,8090.0,8050.0,8080.0,2114.0
2020-09-15 10:00:00,8070.0,8080.0,8040.0,8050.0,2109.0
2020-09-15 11:00:00,8050.0,8070.0,8030.0,8060.0,586.0
2020-09-15 12:00:00,8040.0,8130.0,8000.0,8030.0,9808.0
2020-09-15 13:00:00,8050.0,8090.0,8030.0,8050.0,3159.0
2020-09-15 14:00:00,8030.0,8040.0,8000.0,8040.0,2236.0
2020-09-15 15:00:00,8050.0,8090.0,8020.0,8030.0,1536.0
2020-09-16 09:00:00,8150.0,8150.0,7980.0,8000.0,6844.0
2020-09-16 10:00:00,7980.0,8020.0,7970.0,8020.0,2975.0
2020-09-16 11:00:00,8020.0,8070.0,7980.0,8040.0,3032.0
2020-09-16 12:00:00,8040.0,8070.0,8040.0,8050.0,2498.0
2020-09-16 13:00:00,8060.0,8070.0,8010.0,8040.0,2419.0
2020-09-16 14:00:00,8040.0,8050.0,7990.0,7990.0,5485.0
2020-09-16 15:00:00,8000.0,8010.0,7990.0,8010.0,1810.0
2020-09-17 09:00:00,7860.0,7960.0,7840.0,7960.0,5034.0
2020-09-17 10:00:00,7870.0,7890.0,7820.0,7860.0,7033.0
2020-09-17 11:00:00,7930.0,7930.0,7860.0,7900.0,1915.0
2020-09-17 12:00:00,7960.0,7970.0,7910.0,7910.0,3647.0
2020-09-17 13:00:00,7960.0,8010.0,7960.0,7980.0,1301.0
2020-09-17 14:00:00,8030.0,8030.0,7920.0,7940.0,7058.0
2020-09-17 15:00:00,7910.0,7940.0,7860.0,7910.0,5499.0
2020-09-18 09:00:00,7640.0,7930.0,7640.0,7810.0,14706.0
2020-09-18 10:00:00,7810.0,7870.0,7780.0,7800.0,4569.0
2020-09-18 11:00:00,7810.0,7870.0,7800.0,7810.0,704.0
2020-09-18 12:00:00,7860.0,7870.0,7800.0,7810.0,2046.0
2020-09-18 13:00:00,7810.0,7850.0,7800.0,7840.0,3507.0
2020-09-18 14:00:00,7810.0,7840.0,7790.0,7810.0,1431.0
2020-09-18 15:00:00,7830.0,7830.0,7780.0,7780.0,2924.0
2020-09-21 09:00:00,7690.0,7700.0,7580.0,7640.0,14882.0
2020-09-21 10:00:00,7640.0,7670.0,7640.0,7650.0,793.0
2020-09-21 11:00:00,7680.0,7720.0,7610.0,7700.0,5351.0
2020-09-21 12:00:00,7710.0,7730.0,7650.0,7700.0,2519.0
2020-09-21 13:00:00,7710.0,8070.0,7610.0,7710.0,14966.0
2020-09-21 14:00:00,7770.0,7770.0,7610.0,7730.0,6211.0
2020-09-21 15:00:00,7900.0,7900.0,7510.0,7770.0,9122.0
2020-09-22 09:00:00,7220.0,7340.0,7200.0,7260.0,5182.0
2020-09-22 10:00:00,7270.0,7280.0,7200.0,7210.0,11830.0
2020-09-22 11:00:00,7280.0,7290.0,7260.0,7270.0,9953.0
2020-09-22 12:00:00,7450.0,7580.0,7410.0,7440.0,9322.0
2020-09-22 13:00:00,7430.0,7450.0,7230.0,7310.0,17095.0
2020-09-22 14:00:00,7440.0,7470.0,7410.0,7410.0,5926.0
2020-09-22 15:00:00,7300.0,7330.0,7260.0,7280.0,8730.0
2020-09-23 09:00:00,7280.0,7420.0,7050.0,7120.0,14919.0
2020-09-23 10:00:00,7120.0,7150.0,7020.0,7110.0,11468.0
2020-09-23 11:00:00,7120.0,7130.0,7100.0,7110.0,4082.0
2020-09-23 12:00:00,7110.0,7110.0,7050.0,7070.0,4818.0
2020-09-23 13:00:00,7070.0,7150.0,7070.0,7130.0,6547.0
2020-09-23 14:00:00,7120.0,7150.0,7100.0,7100.0,6812.0
2020-09-23 15:00:00,7100.0,7270.0,7100.0,7230.0,934.0
2020-09-24 09:00:00,6730.0,6780.0,6730.0,6750.0,2401.0
2020-09-24 10:00:00,6760.0,6770.0,6610.0,6690.0,15391.0
2020-09-24 11:00:00,6870.0,6890.0,6770.0,6770.0,11257.0
2020-09-24 12:00:00,6930.0,7170.0,6910.0,6980.0,18071.0
2020-09-24 13:00:00,6940.0,6960.0,6840.0,6840.0,16102.0
2020-09-24 14:00:00,6990.0,7000.0,6940.0,6940.0,7348.0
2020-09-24 15:00:00,6840.0,6900.0,6840.0,6860.0,5377.0
2020-09-25 09:00:00,6730.0,6810.0,6710.0,6740.0,4121.0
2020-09-25 10:00:00,6740.0,6800.0,6730.0,6770.0,3982.0
2020-09-25 11:00:00,6730.0,6750.0,6710.0,6720.0,6743.0
2020-09-25 12:00:00,6720.0,6860.0,6580.0,6710.0,16434.0
2020-09-25 13:00:00,6820.0,6820.0,6680.0,6750.0,9045.0
2020-09-25 14:00:00,6700.0,7020.0,6700.0,6820.0,11924.0
2020-09-25 15:00:00,6750.0,6770.0,6720.0,6740.0,4982.0
2020-09-28 09:00:00,6830.0,7340.0,6830.0,7270.0,17410.0
2020-09-28 10:00:00,7280.0,7310.0,7090.0,7090.0,6571.0
2020-09-28 11:00:00,7120.0,7130.0,7060.0,7090.0,4773.0
2020-09-28 12:00:00,7080.0,7100.0,7070.0,7090.0,5326.0
2020-09-28 13:00:00,7080.0,7120.0,7060.0,7080.0,5221.0
2020-09-28 14:00:00,7080.0,7140.0,7050.0,7070.0,4982.0
2020-09-28 15:00:00,7070.0,7120.0,7070.0,7120.0,3298.0
2020-09-29 09:00:00,7160.0,7200.0,7140.0,7170.0,3549.0
2020-09-29 10:00:00,7160.0,7250.0,7160.0,7200.0,3160.0
2020-09-29 11:00:00,7100.0,7210.0,7100.0,7170.0,5610.0
2020-09-29 12:00:00,7140.0,7290.0,7100.0,7130.0,10527.0
2020-09-29 13:00:00,7080.0,7120.0,7070.0,7090.0,3063.0
2020-09-29 14:00:00,7140.0,7170.0,7080.0,7090.0,8416.0
2020-09-29 15:00:00,7090.0,7090.0,7070.0,7090.0,2738.0
2020-10-05 09:00:00,7180.0,7350.0,7180.0,7290.0,5816.0
2020-10-05 10:00:00,7290.0,7480.0,7260.0,7440.0,5339.0
2020-10-05 11:00:00,7430.0,7470.0,7380.0,7460.0,1924.0
2020-10-05 12:00:00,7460.0,7460.0,7410.0,7420.0,846.0
2020-10-05 13:00:00,7410.0,7460.0,7380.0,7440.0,3609.0
2020-10-05 14:00:00,7460.0,7460.0,7430.0,7460.0,1170.0
2020-10-05 15:00:00,7440.0,7520.0,7440.0,7500.0,6239.0
2020-10-06 09:00:00,7470.0,7520.0,7470.0,7500.0,287.0
2020-10-06 10:00:00,7550.0,7550.0,7460.0,7520.0,4171.0
2020-10-06 11:00:00,7540.0,7620.0,7490.0,7550.0,4288.0
2020-10-06 12:00:00,7520.0,7580.0,7510.0,7510.0,2526.0
2020-10-06 13:00:00,7520.0,7530.0,7480.0,7530.0,815.0
2020-10-06 14:00:00,7470.0,7640.0,7450.0,7520.0,5053.0
2020-10-06 15:00:00,7510.0,7550.0,7480.0,7540.0,481.0
2020-10-07 09:00:00,7500.0,7500.0,7330.0,7450.0,1449.0
2020-10-07 10:00:00,7370.0,7450.0,7340.0,7400.0,3957.0
2020-10-07 11:00:00,7400.0,7440.0,7390.0,7430.0,1332.0
2020-10-07 12:00:00,7430.0,7450.0,7400.0,7420.0,1949.0
2020-10-07 13:00:00,7420.0,7510.0,7410.0,7510.0,802.0
2020-10-07 14:00:00,7510.0,7550.0,7500.0,7510.0,1320.0
2020-10-07 15:00:00,7520.0,7550.0,7500.0,7500.0,2141.0
2020-10-08 09:00:00,7620.0,7650.0,7610.0,7650.0,4034.0
2020-10-08 10:00:00,7650.0,7710.0,7630.0,7690.0,2662.0
2020-10-08 11:00:00,7600.0,7650.0,7600.0,7620.0,2894.0
2020-10-08 12:00:00,7600.0,7690.0,7590.0,7600.0,3786.0
2020-10-08 13:00:00,7590.0,7620.0,7590.0,7610.0,980.0
2020-10-08 14:00:00,7620.0,7740.0,7530.0,7590.0,7477.0
2020-10-08 15:00:00,7510.0,7660.0,7510.0,7620.0,5476.0
2020-10-12 09:00:00,7740.0,7750.0,7700.0,7740.0,1442.0
2020-10-12 10:00:00,7730.0,7750.0,7700.0,7730.0,1062.0
2020-10-12 11:00:00,7700.0,7750.0,7700.0,7750.0,5070.0
2020-10-12 12:00:00,7700.0,7730.0,7510.0,7510.0,6124.0
2020-10-12 13:00:00,7690.0,7700.0,7660.0,7700.0,2363.0
2020-10-12 14:00:00,7590.0,7730.0,7520.0,7700.0,4609.0
2020-10-12 15:00:00,7670.0,7750.0,7670.0,7740.0,4189.0
2020-10-13 09:00:00,7680.0,7900.0,7650.0,7780.0,12737.0
2020-10-13 10:00:00,7780.0,7870.0,7760.0,7820.0,4403.0
2020-10-13 11:00:00,7820.0,7860.0,7760.0,7800.0,4345.0
2020-10-13 12:00:00,7770.0,7860.0,7750.0,7820.0,3048.0
2020-10-13 13:00:00,7820.0,7900.0,7820.0,7890.0,8656.0
2020-10-13 14:00:00,7890.0,7900.0,7820.0,7880.0,9678.0
2020-10-13 15:00:00,7830.0,7850.0,7820.0,7850.0,1229.0
2020-10-14 09:00:00,7710.0,7710.0,7680.0,7680.0,1193.0
2020-10-14 10:00:00,7750.0,7760.0,7700.0,7710.0,4696.0
2020-10-14 11:00:00,7830.0,7850.0,7750.0,7750.0,2358.0
2020-10-14 12:00:00,7680.0,7820.0,7650.0,7800.0,1765.0
2020-10-14 13:00:00,7720.0,7780.0,7700.0,7700.0,2324.0
2020-10-14 14:00:00,7800.0,7820.0,7730.0,7730.0,4140.0
2020-10-14 15:00:00,7750.0,7880.0,7740.0,7860.0,8809.0
2020-10-15 09:00:00,7690.0,7820.0,7370.0,7530.0,6526.0
2020-10-15 10:00:00,7530.0,7530.0,7430.0,7440.0,1749.0
2020-10-15 11:00:00,7440.0,7500.0,7430.0,7500.0,1812.0
2020-10-15 12:00:00,7490.0,7500.0,7430.0,7470.0,1927.0
2020-10-15 13:00:00,7470.0,7470.0,7340.0,7350.0,7484.0
2020-10-15 14:00:00,7380.0,7460.0,7310.0,7410.0,3374.0
2020-10-15 15:00:00,7410.0,7450.0,7370.0,7370.0,895.0
2020-10-16 09:00:00,7040.0,7090.0,7040.0,7060.0,7542.0
2020-10-16 10:00:00,7070.0,7100.0,7060.0,7070.0,2798.0
2020-10-16 11:00:00,7080.0,7090.0,7040.0,7050.0,15467.0
2020-10-16 12:00:00,7110.0,7110.0,7080.0,7080.0,7923.0
2020-10-16 13:00:00,7160.0,7160.0,7080.0,7110.0,9601.0
2020-10-16 14:00:00,7170.0,7220.0,7110.0,7150.0,7856.0
2020-10-16 15:00:00,7380.0,7420.0,7150.0,7160.0,8352.0
2020-10-19 09:00:00,6990.0,7000.0,6950.0,6950.0,4343.0
2020-10-19 10:00:00,7000.0,7000.0,6960.0,6990.0,2210.0
2020-10-19 11:00:00,7010.0,7040.0,6960.0,7000.0,6899.0
2020-10-19 12:00:00,7200.0,7200.0,6810.0,6970.0,7263.0
2020-10-19 13:00:00,7100.0,7110.0,7020.0,7030.0,4292.0
2020-10-19 14:00:00,7000.0,7100.0,6980.0,7100.0,7301.0
2020-10-19 15:00:00,7050.0,7050.0,7000.0,7010.0,7918.0
2020-10-20 09:00:00,6860.0,7060.0,6860.0,6970.0,10415.0
2020-10-20 10:00:00,6960.0,7020.0,6810.0,6860.0,8197.0
2020-10-20 11:00:00,6860.0,6890.0,6800.0,6870.0,4939.0
2020-10-20 12:00:00,6870.0,6900.0,6820.0,6900.0,2912.0
2020-10-20 13:00:00,6900.0,6970.0,6900.0,6970.0,1675.0
2020-10-20 14:00:00,6970.0,7090.0,6920.0,7080.0,3660.0
2020-10-20 15:00:00,7080.0,7140.0,7080.0,7100.0,1021.0
2020-10-21 09:00:00,7000.0,7000.0,6970.0,6970.0,1819.0
2020-10-21 10:00:00,6980.0,7020.0,6970.0,7000.0,7141.0
2020-10-21 11:00:00,7000.0,7000.0,6960.0,6980.0,3193.0
2020-10-21 12:00:00,7000.0,7000.0,6990.0,7000.0,1097.0
2020-10-21 13:00:00,6990.0,7030.0,6960.0,7000.0,3958.0
2020-10-21 14:00:00,7000.0,7010.0,6970.0,7000.0,4145.0
2020-10-21 15:00:00,7150.0,7230.0,6990.0,6990.0,3225.0
2020-10-22 09:00:00,7020.0,7020.0,6820.0,6840.0,5288.0
2020-10-22 10:00:00,6850.0,6910.0,6840.0,6900.0,1145.0
2020-10-22 11:00:00,6900.0,6910.0,6890.0,6890.0,1316.0
2020-10-22 12:00:00,6900.0,6900.0,6870.0,6870.0,1360.0
2020-10-22 13:00:00,6860.0,6890.0,6850.0,6860.0,1422.0
2020-10-22 14:00:00,6850.0,6890.0,6850.0,6860.0,788.0
2020-10-22 15:00:00,6870.0,6890.0,6860.0,6890.0,505.0
2020-10-23 09:00:00,6890.0,6950.0,6890.0,6900.0,3500.0
2020-10-23 10:00:00,6980.0,7050.0,6890.0,6890.0,3445.0
2020-10-23 11:00:00,6900.0,7010.0,6860.0,7000.0,7079.0
2020-10-23 12:00:00,6990.0,7000.0,6940.0,6940.0,1135.0
2020-10-23 13:00:00,6880.0,6900.0,6860.0,6890.0,1059.0
2020-10-23 14:00:00,7000.0,7010.0,6950.0,7000.0,3897.0
2020-10-23 15:00:00,6930.0,6930.0,6880.0,6880.0,819.0
2020-10-26 09:00:00,6800.0,6800.0,6730.0,6730.0,3621.0
2020-10-26 10:00:00,6810.0,6810.0,6730.0,6810.0,6048.0
2020-10-26 11:00:00,6840.0,6850.0,6800.0,6840.0,1335.0
2020-10-26 12:00:00,6810.0,7050.0,6750.0,6790.0,4523.0
2020-10-26 13:00:00,6870.0,6990.0,6870.0,6920.0,1559.0
2020-10-26 14:00:00,6800.0,6900.0,6780.0,6800.0,2417.0
2020-10-26 15:00:00,6920.0,6920.0,6800.0,6800.0,2512.0
2020-10-27 09:00:00,6480.0,6700.0,6480.0,6620.0,16034.0
2020-10-27 10:00:00,6680.0,6700.0,6560.0,6600.0,14446.0
2020-10-27 11:00:00,6630.0,6730.0,6630.0,6730.0,6102.0
2020-10-27 12:00:00,6720.0,6790.0,6700.0,6750.0,3017.0
2020-10-27 13:00:00,6770.0,6800.0,6710.0,6730.0,4198.0
2020-10-27 14:00:00,6710.0,6730.0,6610.0,6610.0,3353.0
2020-10-27 15:00:00,6630.0,6710.0,6620.0,6710.0,1353.0
2020-10-28 09:00:00,6790.0,6830.0,6770.0,6820.0,4720.0
2020-10-28 10:00:00,6820.0,6870.0,6780.0,6790.0,5837.0
2020-10-28 11:00:00,6780.0,6830.0,6780.0,6810.0,993.0
2020-10-28 12:00:00,6860.0,6860.0,6780.0,6840.0,700.0
2020-10-28 13:00:00,6770.0,6880.0,6730.0,6860.0,1357.0
2020-10-28 14:00:00,6680.0,6900.0,6650.0,6770.0,2787.0
2020-10-28 15:00:00,6570.0,6710.0,6550.0,6670.0,11096.0
2020-10-29 09:00:00,6620.0,6820.0,6620.0,6700.0,6450.0
2020-10-29 10:00:00,6690.0,6890.0,6690.0,6820.0,4471.0
2020-10-29 11:00:00,6790.0,6820.0,6750.0,6770.0,1319.0
2020-10-29 12:00:00,6770.0,6810.0,6770.0,6790.0,864.0
2020-10-29 13:00:00,6790.0,6850.0,6710.0,6850.0,2949.0
2020-10-29 14:00:00,6850.0,6890.0,6780.0,6890.0,1135.0
2020-10-29 15:00:00,6830.0,6950.0,6830.0,6950.0,1268.0
2020-10-30 09:00:00,6720.0,6770.0,6710.0,6740.0,2423.0
2020-10-30 10:00:00,6790.0,6800.0,6710.0,6750.0,6265.0
2020-10-30 11:00:00,6780.0,6790.0,6770.0,6790.0,637.0
2020-10-30 12:00:00,6870.0,6870.0,6740.0,6750.0,13008.0
2020-10-30 13:00:00,6880.0,6890.0,6840.0,6870.0,3598.0
2020-10-30 14:00:00,6840.0,6910.0,6810.0,6880.0,4773.0
2020-10-30 15:00:00,6760.0,6800.0,6750.0,6780.0,2047.0
2020-11-02 09:00:00,6740.0,6860.0,6550.0,6800.0,5754.0
2020-11-02 10:00:00,6800.0,6810.0,6740.0,6740.0,202.0
2020-11-02 11:00:00,6740.0,6810.0,6720.0,6790.0,868.0
2020-11-02 12:00:00,6760.0,6800.0,6710.0,6790.0,1037.0
2020-11-02 13:00:00,6720.0,6720.0,6610.0,6680.0,1718.0
2020-11-02 14:00:00,6680.0,6700.0,6670.0,6700.0,298.0
2020-11-02 15:00:00,6700.0,6710.0,6700.0,6700.0,255.0
2020-11-03 09:00:00,7050.0,7070.0,7030.0,7050.0,11721.0
2020-11-03 10:00:00,7130.0,7180.0,7020.0,7050.0,14997.0
2020-11-03 11:00:00,7120.0,7120.0,7020.0,7110.0,2256.0
2020-11-03 12:00:00,7190.0,7470.0,7100.0,7180.0,67575.0
2020-11-03 13:00:00,7170.0,7200.0,7100.0,7150.0,12157.0
2020-11-03 14:00:00,6680.0,7190.0,6680.0,7100.0,31937.0
2020-11-03 15:00:00,7170.0,7260.0,7090.0,7210.0,13844.0
2020-11-04 09:00:00,7050.0,7070.0,7040.0,7070.0,1163.0
2020-11-04 10:00:00,7000.0,7070.0,7000.0,7060.0,3255.0
2020-11-04 11:00:00,7070.0,7070.0,7010.0,7010.0,2182.0
2020-11-04 12:00:00,7060.0,7090.0,7050.0,7070.0,2705.0
2020-11-04 13:00:00,7080.0,7080.0,7020.0,7060.0,1612.0
2020-11-04 14:00:00,7210.0,7210.0,6990.0,7080.0,7949.0
2020-11-04 15:00:00,7070.0,7070.0,6990.0,7000.0,8386.0
2020-11-05 09:00:00,7010.0,7180.0,7010.0,7130.0,5126.0
2020-11-05 10:00:00,7130.0,7130.0,7070.0,7100.0,4335.0
2020-11-05 11:00:00,7100.0,7200.0,7100.0,7190.0,8455.0
2020-11-05 12:00:00,7190.0,7200.0,7130.0,7200.0,6215.0
2020-11-05 13:00:00,7200.0,7210.0,7100.0,7150.0,7083.0
2020-11-05 14:00:00,7160.0,7180.0,7150.0,7170.0,2617.0
2020-11-05 15:00:00,7170.0,7180.0,7150.0,7150.0,1102.0
2020-11-06 09:00:00,7110.0,7120.0,7060.0,7120.0,2245.0
2020-11-06 10:00:00,7080.0,7120.0,7080.0,7120.0,1147.0
2020-11-06 11:00:00,7150.0,7170.0,7090.0,7120.0,2615.0
2020-11-06 12:00:00,7140.0,7200.0,7110.0,7180.0,2038.0
2020-11-06 13:00:00,7160.0,7240.0,7110.0,7130.0,8182.0
2020-11-06 14:00:00,7180.0,7180.0,7130.0,7150.0,1456.0
2020-11-06 15:00:00,7130.0,7140.0,7100.0,7140.0,3519.0
2020-11-09 09:00:00,7120.0,7250.0,7120.0,7200.0,3260.0
2020-11-09 10:00:00,7190.0,7210.0,7160.0,7200.0,5038.0
2020-11-09 11:00:00,7180.0,7200.0,7160.0,7170.0,2047.0
2020-11-09 12:00:00,7160.0,7170.0,7150.0,7150.0,1459.0
2020-11-09 13:00:00,7170.0,7170.0,7130.0,7160.0,2892.0
2020-11-09 14:00:00,7140.0,7160.0,7120.0,7150.0,1711.0
2020-11-09 15:00:00,7150.0,7160.0,7140.0,7160.0,2248.0
2020-11-10 09:00:00,7780.0,7790.0,7650.0,7650.0,10692.0
2020-11-10 10:00:00,7660.0,7790.0,7650.0,7780.0,11881.0
2020-11-10 11:00:00,7690.0,8150.0,7650.0,7650.0,89752.0
2020-11-10 12:00:00,7670.0,7750.0,7650.0,7730.0,28965.0
2020-11-10 13:00:00,7730.0,7730.0,7650.0,7660.0,16636.0
2020-11-10 14:00:00,7980.0,8570.0,7570.0,7670.0,283501.0
2020-11-10 15:00:00,7660.0,7750.0,7650.0,7690.0,13774.0
2020-11-11 09:00:00,8130.0,8130.0,8010.0,8120.0,8486.0
2020-11-11 10:00:00,8120.0,8120.0,8090.0,8110.0,16393.0
2020-11-11 11:00:00,8110.0,8130.0,8000.0,8130.0,13587.0
2020-11-11 12:00:00,7840.0,8120.0,7830.0,8070.0,54214.0
2020-11-11 13:00:00,8070.0,8080.0,7940.0,8070.0,13546.0
2020-11-11 14:00:00,8060.0,8120.0,8010.0,8120.0,19201.0
2020-11-11 15:00:00,7890.0,7890.0,7600.0,7870.0,28999.0
2020-11-12 09:00:00,8170.0,8440.0,8140.0,8300.0,67972.0
2020-11-12 10:00:00,8300.0,8380.0,8270.0,8310.0,27670.0
2020-11-12 11:00:00,8320.0,8360.0,8290.0,8320.0,16522.0
2020-11-12 12:00:00,8350.0,8400.0,8320.0,8340.0,30200.0
2020-11-12 13:00:00,8340.0,8390.0,8330.0,8330.0,18919.0
2020-11-12 14:00:00,8330.0,8400.0,8330.0,8350.0,14394.0
2020-11-12 15:00:00,8360.0,8380.0,8330.0,8380.0,28937.0
2020-11-13 09:00:00,8520.0,8620.0,8520.0,8560.0,20718.0
2020-11-13 10:00:00,8630.0,8670.0,8560.0,8560.0,30704.0
2020-11-13 11:00:00,8560.0,8700.0,8560.0,8630.0,38037.0
2020-11-13 12:00:00,8600.0,8600.0,8510.0,8520.0,14815.0
2020-11-13 13:00:00,8630.0,8670.0,8500.0,8610.0,51059.0
2020-11-13 14:00:00,8500.0,8710.0,8420.0,8640.0,102128.0
2020-11-13 15:00:00,8580.0,8650.0,8560.0,8600.0,11359.0
2020-11-16 09:00:00,8630.0,9150.0,8630.0,8990.0,336874.0
2020-11-16 10:00:00,8990.0,9070.0,8930.0,9040.0,155340.0
2020-11-16 11:00:00,9050.0,9070.0,8990.0,9000.0,51092.0
2020-11-16 12:00:00,9010.0,9070.0,9000.0,9070.0,53658.0
2020-11-16 13:00:00,9050.0,9250.0,8990.0,8990.0,593442.0
2020-11-16 14:00:00,8990.0,9020.0,8910.0,8930.0,61719.0
2020-11-16 15:00:00,8930.0,8960.0,8840.0,8900.0,62265.0
2020-11-17 09:00:00,8700.0,8710.0,8700.0,8700.0,8280.0
2020-11-17 10:00:00,8750.0,8790.0,8700.0,8700.0,19488.0
2020-11-17 11:00:00,8710.0,8810.0,8700.0,8760.0,16707.0
2020-11-17 12:00:00,8970.0,9150.0,8950.0,8990.0,109556.0
2020-11-17 13:00:00,8890.0,8890.0,8750.0,8770.0,26635.0
2020-11-17 14:00:00,8980.0,9000.0,8870.0,8890.0,52233.0
2020-11-17 15:00:00,8770.0,8790.0,8690.0,8720.0,25393.0
2020-11-18 09:00:00,8800.0,8910.0,8780.0,8910.0,11538.0
2020-11-18 10:00:00,8910.0,8920.0,8890.0,8900.0,9563.0
2020-11-18 11:00:00,8750.0,8890.0,8710.0,8800.0,8162.0
2020-11-18 12:00:00,8770.0,8940.0,8770.0,8920.0,54843.0
2020-11-18 13:00:00,8920.0,8920.0,8300.0,8700.0,44382.0
2020-11-18 14:00:00,8920.0,8980.0,8900.0,8910.0,29084.0
2020-11-18 15:00:00,8700.0,8760.0,8700.0,8750.0,7607.0
2020-11-19 09:00:00,8990.0,9000.0,8670.0,8730.0,34194.0
2020-11-19 10:00:00,8730.0,8750.0,8680.0,8750.0,13706.0
2020-11-19 11:00:00,8700.0,8750.0,8670.0,8700.0,5200.0
2020-11-19 12:00:00,8690.0,8690.0,8640.0,8640.0,13245.0
2020-11-19 13:00:00,8630.0,8680.0,8610.0,8680.0,11682.0
2020-11-19 14:00:00,8670.0,8720.0,8650.0,8710.0,5378.0
2020-11-19 15:00:00,8700.0,8700.0,8680.0,8690.0,2742.0
2020-11-20 09:00:00,8580.0,8600.0,8570.0,8570.0,3360.0
2020-11-20 10:00:00,8590.0,8650.0,8570.0,8570.0,7874.0
2020-11-20 11:00:00,8570.0,8610.0,8560.0,8590.0,7559.0
2020-11-20 12:00:00,8570.0,8730.0,8570.0,8680.0,7145.0
2020-11-20 13:00:00,8690.0,8690.0,8450.0,8490.0,32459.0
2020-11-20 14:00:00,8680.0,8680.0,8590.0,8590.0,2976.0
2020-11-20 15:00:00,8470.0,8580.0,8470.0,8580.0,16787.0
2020-11-23 09:00:00,8550.0,8570.0,8550.0,8570.0,2025.0
2020-11-23 10:00:00,8510.0,8590.0,8490.0,8550.0,10940.0
2020-11-23 11:00:00,8430.0,8510.0,8430.0,8470.0,8189.0
2020-11-23 12:00:00,8560.0,8560.0,8320.0,8380.0,38727.0
2020-11-23 13:00:00,8420.0,8480.0,8400.0,8460.0,7283.0
2020-11-23 14:00:00,8390.0,8450.0,8380.0,8410.0,10437.0
2020-11-23 15:00:00,8460.0,8470.0,8400.0,8400.0,9794.0
2020-11-24 09:00:00,8580.0,8670.0,8560.0,8600.0,14235.0
2020-11-24 10:00:00,8600.0,8630.0,8540.0,8610.0,9307.0
2020-11-24 11:00:00,8600.0,8600.0,8570.0,8570.0,2927.0
2020-11-24 12:00:00,8570.0,8580.0,8550.0,8550.0,5402.0
2020-11-24 13:00:00,8550.0,8550.0,8470.0,8520.0,3930.0
2020-11-24 14:00:00,8520.0,8560.0,8460.0,8540.0,2833.0
2020-11-24 15:00:00,8540.0,8540.0,8480.0,8520.0,1487.0
2020-11-25 09:00:00,8400.0,8400.0,8340.0,8380.0,2496.0
2020-11-25 10:00:00,8410.0,8450.0,8310.0,8370.0,17021.0
2020-11-25 11:00:00,8430.0,8480.0,8410.0,8410.0,4055.0
2020-11-25 12:00:00,8390.0,8500.0,8380.0,8430.0,3590.0
2020-11-25 13:00:00,8450.0,8550.0,8400.0,8520.0,36838.0
2020-11-25 14:00:00,8470.0,8470.0,8380.0,8390.0,16990.0
2020-11-25 15:00:00,8520.0,8550.0,8450.0,8460.0,13939.0
2020-11-26 09:00:00,8340.0,8490.0,8260.0,8370.0,11270.0
2020-11-26 10:00:00,8370.0,8370.0,8250.0,8300.0,6509.0
2020-11-26 11:00:00,8300.0,8350.0,8230.0,8340.0,7362.0
2020-11-26 12:00:00,8330.0,8330.0,8230.0,8240.0,12861.0
2020-11-26 13:00:00,8240.0,8260.0,8160.0,8240.0,21540.0
2020-11-26 14:00:00,8250.0,8270.0,8150.0,8170.0,9235.0
2020-11-26 15:00:00,8200.0,8210.0,8170.0,8190.0,2617.0
2020-11-27 09:00:00,8420.0,8500.0,8390.0,8500.0,13354.0
2020-11-27 10:00:00,8490.0,8490.0,8430.0,8480.0,5135.0
2020-11-27 11:00:00,8350.0,8420.0,8320.0,8420.0,5472.0
2020-11-27 12:00:00,8320.0,8400.0,8320.0,8360.0,5348.0
2020-11-27 13:00:00,8250.0,8360.0,8220.0,8350.0,9472.0
2020-11-27 14:00:00,8170.0,8250.0,8170.0,8250.0,15002.0
2020-11-27 15:00:00,8350.0,8350.0,8310.0,8350.0,3376.0
2020-11-30 09:00:00,8480.0,8600.0,8340.0,8340.0,9093.0
2020-11-30 10:00:00,8340.0,8350.0,8250.0,8300.0,10633.0
2020-11-30 11:00:00,8280.0,8300.0,8200.0,8200.0,12424.0
2020-11-30 12:00:00,8250.0,8250.0,8220.0,8250.0,1893.0
2020-11-30 13:00:00,8250.0,8250.0,8220.0,8250.0,2648.0
2020-11-30 14:00:00,8250.0,8260.0,8200.0,8240.0,12606.0
2020-11-30 15:00:00,8230.0,8290.0,8200.0,8200.0,6716.0
2020-12-01 09:00:00,8400.0,8530.0,8400.0,8410.0,26764.0
2020-12-01 10:00:00,8310.0,8570.0,8220.0,8410.0,33784.0
2020-12-01 11:00:00,8410.0,8520.0,8410.0,8520.0,6406.0
2020-12-01 12:00:00,8180.0,8230.0,8180.0,8200.0,4358.0
2020-12-01 13:00:00,8250.0,8250.0,8180.0,8180.0,2346.0
2020-12-01 14:00:00,8200.0,8300.0,8000.0,8260.0,31668.0
2020-12-01 15:00:00,8230.0,8400.0,8230.0,8300.0,12001.0
2020-12-02 09:00:00,8400.0,8430.0,8400.0,8430.0,1710.0
2020-12-02 10:00:00,8400.0,8420.0,8390.0,8400.0,1605.0
2020-12-02 11:00:00,8410.0,8450.0,8400.0,8450.0,1511.0
2020-12-02 12:00:00,8420.0,8430.0,8400.0,8410.0,2010.0
2020-12-02 13:00:00,8420.0,8490.0,8420.0,8420.0,2836.0
2020-12-02 14:00:00,8520.0,8710.0,8390.0,8420.0,14917.0
2020-12-02 15:00:00,8410.0,8410.0,8380.0,8390.0,4922.0
2020-12-03 09:00:00,8450.0,8500.0,8270.0,8290.0,16258.0
2020-12-03 10:00:00,8290.0,8320.0,8270.0,8300.0,5278.0
2020-12-03 11:00:00,8300.0,8320.0,8280.0,8300.0,6553.0
2020-12-03 12:00:00,8300.0,8390.0,8300.0,8380.0,7649.0
2020-12-03 13:00:00,8370.0,8400.0,8350.0,8400.0,4308.0
2020-12-03 14:00:00,8370.0,8420.0,8370.0,8410.0,8702.0
2020-12-03 15:00:00,8410.0,8500.0,8360.0,8370.0,4288.0
2020-12-04 09:00:00,8720.0,8790.0,8700.0,8700.0,10489.0
2020-12-04 10:00:00,8790.0,8820.0,8710.0,8720.0,9640.0
2020-12-04 11:00:00,8720.0,8780.0,8710.0,8720.0,10029.0
2020-12-04 12:00:00,8800.0,8940.0,8700.0,8840.0,46872.0
2020-12-04 13:00:00,8500.0,8800.0,8490.0,8730.0,83405.0
2020-12-04 14:00:00,8840.0,8900.0,8780.0,8790.0,17159.0
2020-12-04 15:00:00,8750.0,8930.0,8710.0,8800.0,89172.0
2020-12-07 09:00:00,8720.0,8960.0,8470.0,8470.0,47926.0
2020-12-07 10:00:00,8470.0,8550.0,8200.0,8490.0,39533.0
2020-12-07 11:00:00,8490.0,8530.0,8460.0,8460.0,8934.0
2020-12-07 12:00:00,8470.0,8520.0,8460.0,8500.0,4273.0
2020-12-07 13:00:00,8500.0,8540.0,8490.0,8500.0,7722.0
2020-12-07 14:00:00,8530.0,8540.0,8460.0,8470.0,9901.0
2020-12-07 15:00:00,8460.0,8500.0,8410.0,8500.0,8169.0
2020-12-08 09:00:00,8400.0,8430.0,8300.0,8300.0,9107.0
2020-12-08 10:00:00,8400.0,8410.0,8320.0,8400.0,9605.0
2020-12-08 11:00:00,8430.0,8500.0,8400.0,8410.0,3984.0
2020-12-08 12:00:00,8500.0,8500.0,8390.0,8390.0,8333.0
2020-12-08 13:00:00,8390.0,8410.0,8350.0,8350.0,8055.0
2020-12-08 14:00:00,8550.0,8630.0,8400.0,8440.0,20516.0
2020-12-08 15:00:00,8350.0,8430.0,8330.0,8430.0,9608.0
2020-12-09 09:00:00,8410.0,8450.0,8380.0,8420.0,4040.0
2020-12-09 10:00:00,8400.0,8450.0,8360.0,8450.0,5456.0
2020-12-09 11:00:00,8380.0,8410.0,8350.0,8410.0,7346.0
2020-12-09 12:00:00,8440.0,8440.0,8310.0,8400.0,6510.0
2020-12-09 13:00:00,8380.0,8400.0,8310.0,8400.0,4496.0
2020-12-09 14:00:00,8480.0,8480.0,8250.0,8440.0,11681.0
2020-12-09 15:00:00,8400.0,8400.0,8360.0,8400.0,1010.0
2020-12-10 09:00:00,8440.0,8590.0,8260.0,8520.0,14604.0
2020-12-10 10:00:00,8510.0,8870.0,8450.0,8650.0,55917.0
2020-12-10 11:00:00,8650.0,8650.0,8610.0,8610.0,8887.0
2020-12-10 12:00:00,8640.0,8690.0,8510.0,8690.0,8132.0
2020-12-10 13:00:00,8690.0,8820.0,8680.0,8760.0,27916.0
2020-12-10 14:00:00,8760.0,8780.0,8700.0,8760.0,14114.0
2020-12-10 15:00:00,8740.0,8750.0,8700.0,8700.0,11244.0
2020-12-11 09:00:00,8730.0,8730.0,8650.0,8680.0,10094.0
2020-12-11 10:00:00,8680.0,8710.0,8670.0,8670.0,4003.0
2020-12-11 11:00:00,8670.0,8940.0,8600.0,8730.0,118919.0
2020-12-11 12:00:00,8750.0,8760.0,8720.0,8730.0,7016.0
2020-12-11 13:00:00,8940.0,8940.0,8670.0,8770.0,29183.0
2020-12-11 14:00:00,8720.0,8720.0,8650.0,8680.0,14047.0
2020-12-11 15:00:00,8780.0,8780.0,8720.0,8760.0,13066.0
2020-12-14 09:00:00,8700.0,8700.0,8430.0,8490.0,23637.0
2020-12-14 10:00:00,8490.0,8560.0,8420.0,8550.0,7663.0
2020-12-14 11:00:00,8550.0,8550.0,8410.0,8500.0,14813.0
2020-12-14 12:00:00,8480.0,8490.0,8420.0,8490.0,8308.0
2020-12-14 13:00:00,8490.0,8500.0,8420.0,8430.0,5694.0
2020-12-14 14:00:00,8430.0,8460.0,8400.0,8400.0,10750.0
2020-12-14 15:00:00,8440.0,8440.0,8380.0,8380.0,5109.0
2020-12-15 09:00:00,8340.0,8370.0,8280.0,8280.0,6670.0
2020-12-15 10:00:00,8330.0,8360.0,8300.0,8350.0,1516.0
2020-12-15 11:00:00,8350.0,8410.0,8290.0,8300.0,3589.0
2020-12-15 12:00:00,8360.0,8400.0,8310.0,8350.0,3419.0
2020-12-15 13:00:00,8350.0,8380.0,8340.0,8380.0,2711.0
2020-12-15 14:00:00,8340.0,8460.0,8280.0,8420.0,11527.0
2020-12-15 15:00:00,8370.0,8400.0,8290.0,8350.0,6013.0
2020-12-16 09:00:00,8280.0,8400.0,8260.0,8300.0,8908.0
2020-12-16 10:00:00,8280.0,8320.0,8280.0,8320.0,3246.0
2020-12-16 11:00:00,8240.0,8280.0,8230.0,8250.0,8290.0
2020-12-16 12:00:00,8400.0,8480.0,8320.0,8360.0,23415.0
2020-12-16 13:00:00,8360.0,8360.0,8140.0,8270.0,20158.0
2020-12-16 14:00:00,8270.0,8350.0,8240.0,8240.0,5816.0
2020-12-16 15:00:00,8420.0,8500.0,8300.0,8400.0,16826.0
2020-12-17 09:00:00,8320.0,8320.0,8080.0,8200.0,36561.0
2020-12-17 10:00:00,8210.0,8210.0,8120.0,8120.0,8487.0
2020-12-17 11:00:00,8120.0,8170.0,8120.0,8150.0,1452.0
2020-12-17 12:00:00,8150.0,8150.0,8090.0,8100.0,11782.0
2020-12-17 13:00:00,8100.0,8230.0,8050.0,8100.0,16582.0
2020-12-17 14:00:00,8110.0,8220.0,8100.0,8140.0,19297.0
2020-12-17 15:00:00,8130.0,8140.0,8100.0,8140.0,4844.0
2020-12-18 09:00:00,8120.0,8140.0,8100.0,8140.0,9707.0
2020-12-18 10:00:00,8130.0,8130.0,8090.0,8130.0,3724.0
2020-12-18 11:00:00,8140.0,8150.0,8100.0,8140.0,5464.0
2020-12-18 12:00:00,8130.0,8200.0,8120.0,8120.0,14505.0
2020-12-18 13:00:00,8140.0,8170.0,8090.0,8090.0,16671.0
2020-12-18 14:00:00,8090.0,8130.0,8090.0,8130.0,10260.0
2020-12-18 15:00:00,8130.0,8240.0,8110.0,8140.0,5025.0
2020-12-21 09:00:00,8180.0,8190.0,8150.0,8190.0,4294.0
2020-12-21 10:00:00,8190.0,8210.0,8140.0,8140.0,12095.0
2020-12-21 11:00:00,8210.0,8210.0,8140.0,8200.0,6656.0
2020-12-21 12:00:00,8130.0,8230.0,8060.0,8130.0,11071.0
2020-12-21 13:00:00,8110.0,8170.0,8100.0,8140.0,4661.0
2020-12-21 14:00:00,8100.0,8150.0,8100.0,8110.0,10934.0
2020-12-21 15:00:00,8140.0,8220.0,8140.0,8210.0,6386.0
2020-12-22 09:00:00,8140.0,8190.0,8060.0,8060.0,11208.0
2020-12-22 10:00:00,8100.0,8100.0,8030.0,8030.0,9430.0
2020-12-22 11:00:00,8020.0,8070.0,8010.0,8070.0,5001.0
2020-12-22 12:00:00,8070.0,8100.0,8070.0,8090.0,1935.0
2020-12-22 13:00:00,8090.0,8130.0,8050.0,8090.0,2874.0
2020-12-22 14:00:00,8090.0,8090.0,8000.0,8010.0,13680.0
2020-12-22 15:00:00,8010.0,8040.0,7930.0,8030.0,9295.0
2020-12-23 09:00:00,7950.0,7950.0,7910.0,7940.0,1166.0
2020-12-23 10:00:00,7980.0,7980.0,7910.0,7910.0,9951.0
2020-12-23 11:00:00,8030.0,8030.0,7940.0,7940.0,7387.0
2020-12-23 12:00:00,7980.0,8020.0,7960.0,8020.0,4667.0
2020-12-23 13:00:00,8040.0,8100.0,7890.0,7900.0,10234.0
2020-12-23 14:00:00,8010.0,8040.0,7970.0,8010.0,3415.0
2020-12-23 15:00:00,7890.0,8040.0,7850.0,8040.0,5028.0
2020-12-24 09:00:00,8040.0,8150.0,7950.0,8070.0,11704.0
2020-12-24 10:00:00,8070.0,8090.0,8070.0,8080.0,3049.0
2020-12-24 11:00:00,8100.0,8100.0,8000.0,8040.0,7323.0
2020-12-24 12:00:00,8040.0,8040.0,7940.0,7970.0,4646.0
2020-12-24 13:00:00,7970.0,8040.0,7940.0,7940.0,5606.0
2020-12-24 14:00:00,7940.0,7990.0,7920.0,7960.0,5033.0
2020-12-24 15:00:00,7950.0,8000.0,7920.0,7920.0,9534.0
2020-12-28 09:00:00,7810.0,7830.0,7780.0,7780.0,10949.0
2020-12-28 10:00:00,7780.0,7780.0,7700.0,7770.0,15883.0
2020-12-28 11:00:00,7850.0,7850.0,7800.0,7820.0,9077.0
2020-12-28 12:00:00,7820.0,7870.0,7820.0,7840.0,4620.0
2020-12-28 13:00:00,7900.0,7900.0,7820.0,7820.0,12396.0
2020-12-28 14:00:00,8550.0,8550.0,7900.0,7900.0,45836.0
2020-12-28 15:00:00,7840.0,7870.0,7830.0,7850.0,4404.0
2020-12-29 09:00:00,7700.0,7940.0,7700.0,7890.0,10059.0
2020-12-29 10:00:00,7900.0,7900.0,7820.0,7850.0,5607.0
2020-12-29 11:00:00,7850.0,7890.0,7820.0,7880.0,2383.0
2020-12-29 12:00:00,7880.0,7900.0,7870.0,7880.0,2751.0
2020-12-29 13:00:00,7880.0,7940.0,7880.0,7940.0,4382.0
2020-12-29 14:00:00,7940.0,7980.0,7910.0,7970.0,7100.0
2020-12-29 15:00:00,7940.0,7950.0,7900.0,7900.0,4154.0
2020-12-30 09:00:00,8030.0,8030.0,7950.0,8000.0,4916.0
2020-12-30 10:00:00,7990.0,8040.0,7990.0,8030.0,2936.0
2020-12-30 11:00:00,7960.0,8070.0,7960.0,8070.0,5734.0
2020-12-30 12:00:00,8040.0,8060.0,8030.0,8060.0,9092.0
2020-12-30 13:00:00,7960.0,8070.0,7950.0,8040.0,20271.0
2020-12-30 14:00:00,7940.0,7970.0,7900.0,7960.0,6305.0
2020-12-30 15:00:00,8050.0,8070.0,7970.0,7970.0,6112.0
2021-01-04 09:00:00,8100.0,8140.0,7920.0,8090.0,15502.0
2021-01-04 10:00:00,8090.0,8090.0,8050.0,8090.0,6615.0
2021-01-04 11:00:00,8090.0,8240.0,8090.0,8200.0,23929.0
2021-01-04 12:00:00,8200.0,8230.0,8200.0,8220.0,4586.0
2021-01-04 13:00:00,8210.0,8220.0,8170.0,8200.0,5328.0
2021-01-04 14:00:00,8200.0,8200.0,8160.0,8200.0,9665.0
2021-01-05 09:00:00,8150.0,8200.0,8100.0,8200.0,9220.0
2021-01-05 10:00:00,8160.0,8170.0,8120.0,8170.0,3713.0
2021-01-05 11:00:00,8160.0,8190.0,8120.0,8160.0,4216.0
2021-01-05 12:00:00,8220.0,8220.0,8010.0,8150.0,8648.0
2021-01-05 13:00:00,8140.0,8170.0,8090.0,8170.0,6775.0
2021-01-05 14:00:00,8140.0,8160.0,8080.0,8150.0,8324.0
2021-01-05 15:00:00,8170.0,8180.0,8120.0,8160.0,2492.0
2021-01-06 09:00:00,8150.0,8160.0,8100.0,8120.0,2226.0
2021-01-06 10:00:00,8150.0,8170.0,8090.0,8160.0,2721.0
2021-01-06 11:00:00,8100.0,8160.0,8090.0,8160.0,9081.0
2021-01-06 12:00:00,8160.0,8160.0,8080.0,8100.0,6118.0
2021-01-06 13:00:00,8200.0,8210.0,8050.0,8080.0,22983.0
2021-01-06 14:00:00,8130.0,8150.0,8130.0,8150.0,4538.0
2021-01-06 15:00:00,8080.0,8130.0,8060.0,8130.0,5138.0
2021-01-07 09:00:00,8120.0,8500.0,8120.0,8430.0,48905.0
2021-01-07 10:00:00,8430.0,8490.0,8400.0,8430.0,23804.0
2021-01-07 11:00:00,8410.0,8410.0,8330.0,8350.0,11759.0
2021-01-07 12:00:00,8350.0,8400.0,8330.0,8400.0,8468.0
2021-01-07 13:00:00,8400.0,8400.0,8280.0,8300.0,14106.0
2021-01-07 14:00:00,8300.0,8340.0,8260.0,8310.0,8978.0
2021-01-07 15:00:00,8320.0,8390.0,8320.0,8370.0,4830.0
2021-01-08 09:00:00,8090.0,8100.0,8060.0,8070.0,5099.0
2021-01-08 10:00:00,8090.0,8110.0,8060.0,8090.0,7870.0
2021-01-08 11:00:00,8110.0,8110.0,8040.0,8090.0,10903.0
2021-01-08 12:00:00,8160.0,8200.0,8060.0,8090.0,28351.0
2021-01-08 13:00:00,8100.0,8150.0,8020.0,8100.0,37143.0
2021-01-08 14:00:00,8300.0,8370.0,8160.0,8160.0,28588.0
2021-01-08 15:00:00,8100.0,8130.0,8050.0,8100.0,8422.0
2021-01-11 09:00:00,8020.0,8290.0,8020.0,8130.0,24117.0
2021-01-11 10:00:00,8120.0,8120.0,8030.0,8050.0,8995.0
2021-01-11 11:00:00,8200.0,8210.0,8000.0,8020.0,14803.0
2021-01-11 12:00:00,7900.0,8120.0,7840.0,8050.0,21516.0
2021-01-11 13:00:00,8100.0,8100.0,7870.0,8060.0,12401.0
2021-01-11 14:00:00,8060.0,8270.0,8000.0,8200.0,28867.0
2021-01-11 15:00:00,8090.0,8090.0,7640.0,7890.0,45370.0
2021-01-12 09:00:00,8300.0,8300.0,8060.0,8210.0,25131.0
2021-01-12 10:00:00,8230.0,8230.0,8100.0,8150.0,7104.0
2021-01-12 11:00:00,8160.0,8230.0,8140.0,8230.0,9953.0
2021-01-12 12:00:00,8230.0,8230.0,8130.0,8130.0,9174.0
2021-01-12 13:00:00,8120.0,8150.0,8020.0,8020.0,13018.0
2021-01-12 14:00:00,8030.0,8080.0,8000.0,8000.0,8724.0
2021-01-12 15:00:00,8050.0,8100.0,8050.0,8050.0,3951.0
2021-01-13 09:00:00,8360.0,8410.0,8330.0,8380.0,28028.0
2021-01-13 10:00:00,8340.0,8380.0,8300.0,8380.0,11561.0
2021-01-13 11:00:00,8360.0,8380.0,8310.0,8340.0,25026.0
2021-01-13 12:00:00,8320.0,8390.0,8310.0,8370.0,12877.0
2021-01-13 13:00:00,8090.0,8890.0,8090.0,8290.0,466385.0
2021-01-13 14:00:00,8090.0,8300.0,8090.0,8110.0,13022.0
2021-01-13 15:00:00,8300.0,8390.0,8250.0,8330.0,37962.0
2021-01-14 09:00:00,8470.0,8570.0,8350.0,8410.0,66944.0
2021-01-14 10:00:00,8410.0,8410.0,8300.0,8350.0,34609.0
2021-01-14 11:00:00,8330.0,8360.0,8300.0,8360.0,7694.0
2021-01-14 12:00:00,8380.0,8380.0,8300.0,8350.0,7672.0
2021-01-14 13:00:00,8310.0,8390.0,8310.0,8390.0,8853.0
2021-01-14 14:00:00,8400.0,8460.0,8380.0,8440.0,14576.0
2021-01-14 15:00:00,8440.0,8470.0,8430.0,8470.0,5003.0
2021-01-15 09:00:00,8470.0,8530.0,8460.0,8510.0,15715.0
2021-01-15 10:00:00,8460.0,8470.0,8380.0,8470.0,16394.0
2021-01-15 11:00:00,8410.0,8480.0,8400.0,8460.0,9289.0
2021-01-15 12:00:00,8500.0,8550.0,8310.0,8310.0,46655.0
2021-01-15 13:00:00,8390.0,8410.0,8350.0,8380.0,9325.0
2021-01-15 14:00:00,8330.0,8410.0,8290.0,8390.0,13908.0
2021-01-15 15:00:00,8410.0,8450.0,8400.0,8420.0,6019.0
2021-01-18 09:00:00,10800.0,11050.0,10600.0,10750.0,1047399.0
2021-01-18 10:00:00,10800.0,11050.0,10250.0,10600.0,529813.0
2021-01-18 11:00:00,10400.0,11050.0,10350.0,10800.0,2573658.0
2021-01-18 12:00:00,8580.0,9240.0,8450.0,9080.0,472059.0
2021-01-18 13:00:00,9260.0,9530.0,9070.0,9300.0,156552.0
2021-01-18 14:00:00,9090.0,9950.0,9050.0,9280.0,1088798.0
2021-01-18 15:00:00,9290.0,10900.0,9260.0,10400.0,1385559.0
2021-01-19 09:00:00,10650.0,10850.0,9860.0,10300.0,1259483.0
2021-01-19 10:00:00,10300.0,10350.0,10000.0,10300.0,239663.0
2021-01-19 11:00:00,10300.0,10350.0,10150.0,10300.0,148346.0
2021-01-19 12:00:00,10300.0,10400.0,10150.0,10350.0,132915.0
2021-01-19 13:00:00,10350.0,10350.0,10200.0,10350.0,119023.0
2021-01-19 14:00:00,10350.0,10500.0,10100.0,10200.0,301195.0
2021-01-19 15:00:00,10200.0,10450.0,10150.0,10450.0,122546.0
2021-01-20 09:00:00,11500.0,11700.0,11350.0,11600.0,215606.0
2021-01-20 10:00:00,11100.0,11700.0,11000.0,11550.0,372653.0
2021-01-20 11:00:00,11450.0,11600.0,11000.0,11000.0,410144.0
2021-01-20 12:00:00,12200.0,12300.0,11250.0,11300.0,1260358.0
2021-01-20 13:00:00,10250.0,12350.0,10200.0,12150.0,2505335.0
2021-01-20 14:00:00,11300.0,11600.0,11150.0,11500.0,512460.0
2021-01-20 15:00:00,12150.0,13400.0,12000.0,12200.0,3248086.0
2021-01-21 09:00:00,11700.0,12300.0,11400.0,11900.0,1344426.0
2021-01-21 10:00:00,11900.0,13450.0,11600.0,13000.0,2594762.0
2021-01-21 11:00:00,13050.0,13250.0,12200.0,12450.0,1148547.0
2021-01-21 12:00:00,12450.0,13850.0,12200.0,12950.0,2723213.0
2021-01-21 13:00:00,13000.0,14800.0,12850.0,13400.0,4487567.0
2021-01-21 14:00:00,13450.0,13950.0,13000.0,13700.0,1366314.0
2021-01-21 15:00:00,13650.0,13700.0,13100.0,13250.0,460961.0
2021-01-22 09:00:00,12550.0,12600.0,12200.0,12200.0,80009.0
2021-01-22 10:00:00,12400.0,12550.0,12300.0,12550.0,62248.0
2021-01-22 11:00:00,12150.0,12600.0,12050.0,12350.0,139757.0
2021-01-22 12:00:00,12450.0,12650.0,12250.0,12350.0,169926.0
2021-01-22 13:00:00,12300.0,12350.0,12000.0,12100.0,251580.0
2021-01-22 14:00:00,13050.0,13150.0,12250.0,12450.0,691149.0
2021-01-22 15:00:00,12150.0,12300.0,12050.0,12150.0,90310.0
2021-01-25 09:00:00,12700.0,12850.0,12550.0,12650.0,105220.0
2021-01-25 10:00:00,12650.0,12650.0,12450.0,12600.0,102912.0
2021-01-25 11:00:00,12750.0,12850.0,12650.0,12700.0,91499.0
2021-01-25 12:00:00,13650.0,13850.0,12900.0,13100.0,570806.0
2021-01-25 13:00:00,13050.0,13500.0,13000.0,13150.0,201556.0
2021-01-25 14:00:00,12300.0,14100.0,12300.0,13650.0,1473968.0
2021-01-25 15:00:00,13100.0,13300.0,12650.0,12700.0,174655.0
2021-01-26 09:00:00,12600.0,13000.0,12150.0,12850.0,284615.0
2021-01-26 10:00:00,12800.0,13600.0,12650.0,12800.0,350755.0
2021-01-26 11:00:00,12850.0,12850.0,12650.0,12750.0,70201.0
2021-01-26 12:00:00,12750.0,12850.0,12500.0,12600.0,76608.0
2021-01-26 13:00:00,12550.0,12650.0,12450.0,12450.0,45114.0
2021-01-26 14:00:00,12450.0,13050.0,12450.0,12950.0,88340.0
2021-01-26 15:00:00,12900.0,13100.0,12750.0,13050.0,81181.0
2021-01-27 09:00:00,12600.0,12650.0,12350.0,12350.0,42204.0
2021-01-27 10:00:00,12450.0,12800.0,12400.0,12550.0,53478.0
2021-01-27 11:00:00,12550.0,12650.0,12350.0,12600.0,63791.0
2021-01-27 12:00:00,13050.0,13100.0,12300.0,12500.0,186313.0
2021-01-27 13:00:00,12900.0,13650.0,12750.0,13100.0,445571.0
2021-01-27 14:00:00,12500.0,12650.0,12300.0,12500.0,55838.0
2021-01-27 15:00:00,13150.0,13350.0,13000.0,13050.0,124810.0
2021-01-28 09:00:00,12000.0,12250.0,11300.0,11950.0,282817.0
2021-01-28 10:00:00,11900.0,12000.0,11700.0,11800.0,59227.0
2021-01-28 11:00:00,11850.0,11900.0,11550.0,11700.0,63409.0
2021-01-28 12:00:00,11650.0,11900.0,11600.0,11700.0,36611.0
2021-01-28 13:00:00,11700.0,11800.0,11350.0,11550.0,95111.0
2021-01-28 14:00:00,11600.0,11800.0,11500.0,11600.0,45697.0
2021-01-28 15:00:00,11600.0,11650.0,11400.0,11650.0,33949.0
2021-01-29 09:00:00,11900.0,12050.0,11450.0,11800.0,166250.0
2021-01-29 10:00:00,11750.0,12050.0,11300.0,11900.0,292523.0
2021-01-29 11:00:00,11900.0,12000.0,11300.0,11750.0,337989.0
2021-01-29 12:00:00,11200.0,12400.0,11150.0,12400.0,160935.0
2021-01-29 13:00:00,12400.0,13750.0,11800.0,11950.0,3751950.0
2021-01-29 14:00:00,11650.0,12000.0,11200.0,11200.0,141269.0
2021-01-29 15:00:00,11950.0,12350.0,11650.0,11900.0,408797.0
2021-02-01 09:00:00,11550.0,12300.0,11550.0,12050.0,157668.0
2021-02-01 10:00:00,12050.0,12050.0,11900.0,11950.0,44291.0
2021-02-01 11:00:00,11400.0,11700.0,11350.0,11600.0,35764.0
2021-02-01 12:00:00,11450.0,11700.0,11350.0,11600.0,38805.0
2021-02-01 13:00:00,11600.0,11700.0,11400.0,11450.0,34862.0
2021-02-01 14:00:00,11450.0,11500.0,11250.0,11300.0,45930.0
2021-02-01 15:00:00,11450.0,11800.0,10900.0,11450.0,199596.0
2021-02-02 09:00:00,12600.0,13050.0,12400.0,12500.0,924809.0
2021-02-02 10:00:00,12500.0,12600.0,12200.0,12350.0,114094.0
2021-02-02 11:00:00,12400.0,12450.0,12200.0,12350.0,83803.0
2021-02-02 12:00:00,12400.0,12400.0,12300.0,12300.0,40292.0
2021-02-02 13:00:00,12300.0,12550.0,12150.0,12500.0,118190.0
2021-02-02 14:00:00,12500.0,12550.0,12350.0,12400.0,76297.0
2021-02-02 15:00:00,12450.0,12550.0,12350.0,12450.0,71800.0
2021-02-03 09:00:00,12300.0,12450.0,12250.0,12400.0,36897.0
2021-02-03 10:00:00,12500.0,12550.0,12450.0,12500.0,33010.0
2021-02-03 11:00:00,12400.0,12600.0,12350.0,12500.0,101535.0
2021-02-03 12:00:00,12400.0,12450.0,12250.0,12250.0,52207.0
2021-02-03 13:00:00,12500.0,12550.0,12250.0,12500.0,80767.0
2021-02-03 14:00:00,12500.0,12550.0,12300.0,12450.0,35153.0
2021-02-03 15:00:00,12350.0,12650.0,12250.0,12550.0,184345.0
2021-02-04 09:00:00,12700.0,14500.0,12400.0,13300.0,2294924.0
2021-02-04 10:00:00,13300.0,13700.0,13150.0,13350.0,741241.0
2021-02-04 11:00:00,13300.0,13350.0,13050.0,13200.0,178869.0
2021-02-04 12:00:00,13150.0,13200.0,12700.0,12900.0,207795.0
2021-02-04 13:00:00,12900.0,13250.0,12850.0,13100.0,128583.0
2021-02-04 14:00:00,13100.0,13900.0,12900.0,13550.0,547331.0
2021-02-04 15:00:00,13600.0,13600.0,13300.0,13350.0,176015.0
2021-02-05 09:00:00,13450.0,13750.0,13450.0,13650.0,312585.0
2021-02-05 10:00:00,12900.0,13400.0,12800.0,13400.0,106207.0
2021-02-05 11:00:00,12950.0,13050.0,12850.0,12900.0,62255.0
2021-02-05 12:00:00,12950.0,13650.0,12900.0,13150.0,299443.0
2021-02-05 13:00:00,13150.0,13150.0,13000.0,13000.0,39123.0
2021-02-05 14:00:00,13350.0,13500.0,12900.0,12950.0,291270.0
2021-02-05 15:00:00,13000.0,13100.0,12950.0,12950.0,37546.0
2021-02-08 09:00:00,13200.0,13250.0,12900.0,13050.0,89065.0
2021-02-08 10:00:00,13050.0,13050.0,12650.0,12650.0,98761.0
2021-02-08 11:00:00,13550.0,13600.0,13000.0,13200.0,189042.0
2021-02-08 12:00:00,13300.0,14350.0,13300.0,13750.0,491418.0
2021-02-08 13:00:00,13700.0,13750.0,13500.0,13600.0,89503.0
2021-02-08 14:00:00,13600.0,13900.0,13450.0,13550.0,153345.0
2021-02-08 15:00:00,13400.0,13950.0,13200.0,13300.0,363841.0
2021-02-09 09:00:00,13000.0,13300.0,12450.0,12600.0,338263.0
2021-02-09 10:00:00,12550.0,12750.0,12500.0,12750.0,47086.0
2021-02-09 11:00:00,12750.0,12800.0,12600.0,12700.0,33649.0
2021-02-09 12:00:00,12700.0,12750.0,12550.0,12700.0,27712.0
2021-02-09 13:00:00,12700.0,12900.0,12600.0,12700.0,44180.0
2021-02-09 14:00:00,12700.0,12800.0,12550.0,12700.0,29019.0
2021-02-09 15:00:00,12700.0,12700.0,12450.0,12450.0,50858.0
2021-02-10 09:00:00,12600.0,12700.0,12550.0,12650.0,26601.0
2021-02-10 10:00:00,12650.0,12700.0,12550.0,12550.0,41054.0
2021-02-10 11:00:00,12650.0,12700.0,12500.0,12600.0,52751.0
2021-02-10 12:00:00,12950.0,13050.0,12550.0,12650.0,153733.0
2021-02-10 13:00:00,12850.0,13250.0,12450.0,12950.0,406314.0
2021-02-10 14:00:00,12800.0,12950.0,12400.0,12850.0,198876.0
2021-02-10 15:00:00,12650.0,12700.0,12600.0,12650.0,27196.0
2021-02-15 09:00:00,12850.0,12850.0,12500.0,12550.0,78564.0
2021-02-15 10:00:00,12550.0,13300.0,12550.0,13000.0,316933.0
2021-02-15 11:00:00,13000.0,13050.0,12850.0,13000.0,39923.0
2021-02-15 12:00:00,12950.0,13000.0,12850.0,12850.0,17016.0
2021-02-15 13:00:00,12850.0,12950.0,12850.0,12850.0,18541.0
2021-02-15 14:00:00,12900.0,13050.0,12750.0,13000.0,69952.0
2021-02-15 15:00:00,13000.0,13100.0,12950.0,13100.0,41161.0
2021-02-16 09:00:00,12600.0,12650.0,12500.0,12650.0,21630.0
2021-02-16 10:00:00,12600.0,12650.0,12500.0,12600.0,33466.0
2021-02-16 11:00:00,12600.0,12600.0,12500.0,12600.0,28179.0
2021-02-16 12:00:00,13050.0,13050.0,12550.0,12550.0,139329.0
2021-02-16 13:00:00,12550.0,12650.0,12500.0,12650.0,19314.0
2021-02-16 14:00:00,12600.0,12650.0,12350.0,12550.0,110360.0
2021-02-16 15:00:00,12650.0,12700.0,12550.0,12600.0,18246.0
2021-02-17 09:00:00,12000.0,12050.0,11800.0,11850.0,48037.0
2021-02-17 10:00:00,11900.0,11950.0,11850.0,11900.0,32596.0
2021-02-17 11:00:00,11850.0,12050.0,11800.0,12050.0,47556.0
2021-02-17 12:00:00,12600.0,12650.0,12150.0,12200.0,104496.0
2021-02-17 13:00:00,11950.0,12000.0,11800.0,11800.0,106224.0
2021-02-17 14:00:00,12250.0,12250.0,11950.0,11950.0,124968.0
2021-02-17 15:00:00,11800.0,11950.0,11700.0,11850.0,80172.0
2021-02-18 09:00:00,12150.0,13950.0,12100.0,13700.0,2279327.0
2021-02-18 10:00:00,13700.0,14250.0,12900.0,13800.0,3638992.0
2021-02-18 11:00:00,13750.0,13800.0,12800.0,12900.0,823731.0
2021-02-18 12:00:00,12900.0,13250.0,12650.0,13050.0,382962.0
2021-02-18 13:00:00,13000.0,13200.0,12700.0,12850.0,249494.0
2021-02-18 14:00:00,12900.0,13650.0,12500.0,12750.0,1129687.0
2021-02-18 15:00:00,12750.0,12800.0,12400.0,12750.0,209241.0
2021-02-19 09:00:00,12700.0,12900.0,12650.0,12650.0,71602.0
2021-02-19 10:00:00,12800.0,12800.0,12600.0,12700.0,72283.0
2021-02-19 11:00:00,12650.0,12900.0,12600.0,12800.0,100163.0
2021-02-19 12:00:00,12250.0,12550.0,11900.0,12450.0,212564.0
2021-02-19 13:00:00,12650.0,12900.0,12150.0,12250.0,229618.0
2021-02-19 14:00:00,12400.0,12650.0,12300.0,12650.0,76440.0
2021-02-19 15:00:00,12750.0,13950.0,12500.0,12650.0,1823726.0
2021-02-22 09:00:00,16400.0,16400.0,16400.0,16400.0,25958.0
2021-02-22 10:00:00,16400.0,16400.0,16400.0,16400.0,29403.0
2021-02-22 11:00:00,16400.0,16400.0,16400.0,16400.0,7445.0
2021-02-22 12:00:00,14750.0,16200.0,13300.0,16200.0,2988324.0
2021-02-22 13:00:00,16400.0,16400.0,16400.0,16400.0,33531.0
2021-02-22 14:00:00,16400.0,16400.0,16400.0,16400.0,2086521.0
2021-02-22 15:00:00,16400.0,16400.0,16400.0,16400.0,11983.0
2021-02-23 09:00:00,17200.0,19900.0,16800.0,19800.0,12516824.0
2021-02-23 10:00:00,19850.0,20500.0,18600.0,18700.0,5300111.0
2021-02-23 11:00:00,18750.0,19400.0,18400.0,18550.0,1591127.0
2021-02-23 12:00:00,18550.0,18600.0,17500.0,17600.0,1387728.0
2021-02-23 13:00:00,17600.0,18600.0,17550.0,18500.0,1188491.0
2021-02-23 14:00:00,18500.0,18500.0,17550.0,18150.0,889850.0
2021-02-23 15:00:00,18100.0,18350.0,17800.0,18350.0,523090.0
2021-02-24 09:00:00,17200.0,17200.0,16850.0,17200.0,161702.0
2021-02-24 10:00:00,17000.0,17200.0,16750.0,17200.0,321236.0
2021-02-24 11:00:00,17250.0,17400.0,16950.0,16950.0,206191.0
2021-02-24 12:00:00,17550.0,17550.0,16950.0,17300.0,437970.0
2021-02-24 13:00:00,17900.0,18000.0,17500.0,17550.0,215805.0
2021-02-24 14:00:00,18200.0,18300.0,17700.0,17950.0,349729.0
2021-02-24 15:00:00,18000.0,18950.0,17650.0,18200.0,1726776.0
2021-02-25 09:00:00,17400.0,18050.0,16900.0,17250.0,1104749.0
2021-02-25 10:00:00,17250.0,17500.0,17000.0,17200.0,209413.0
2021-02-25 11:00:00,17250.0,17300.0,16750.0,16800.0,185049.0
2021-02-25 12:00:00,16800.0,16950.0,16650.0,16850.0,133944.0
2021-02-25 13:00:00,16850.0,16850.0,16500.0,16700.0,231476.0
2021-02-25 14:00:00,16700.0,17550.0,16700.0,17400.0,604676.0
2021-02-25 15:00:00,17400.0,18400.0,17350.0,17850.0,1358462.0
2021-02-26 09:00:00,16350.0,16550.0,16250.0,16350.0,135899.0
2021-02-26 10:00:00,16150.0,16400.0,16000.0,16350.0,111165.0
2021-02-26 11:00:00,16450.0,16550.0,16000.0,16200.0,153596.0
2021-02-26 12:00:00,16600.0,16800.0,16500.0,16700.0,97998.0
2021-02-26 13:00:00,17000.0,17200.0,16500.0,16650.0,221542.0
2021-02-26 14:00:00,16950.0,17100.0,16450.0,17000.0,792681.0
2021-02-26 15:00:00,16650.0,16700.0,16350.0,16450.0,100483.0
2021-03-02 09:00:00,16600.0,16850.0,16100.0,16350.0,298953.0
2021-03-02 10:00:00,16350.0,16500.0,16050.0,16200.0,149164.0
2021-03-02 11:00:00,16200.0,16350.0,16100.0,16200.0,38805.0
2021-03-02 12:00:00,16200.0,16200.0,15850.0,16050.0,58782.0
2021-03-02 13:00:00,16100.0,16500.0,16050.0,16250.0,81451.0
2021-03-02 14:00:00,16250.0,16350.0,15950.0,16100.0,82745.0
2021-03-02 15:00:00,16100.0,16200.0,15950.0,15950.0,60612.0
2021-03-03 09:00:00,16800.0,18250.0,16700.0,17100.0,1402168.0
2021-03-03 10:00:00,16700.0,17350.0,16500.0,16800.0,664115.0
2021-03-03 11:00:00,17050.0,17300.0,16900.0,17300.0,221290.0
2021-03-03 12:00:00,16100.0,17450.0,16050.0,17400.0,1160177.0
2021-03-03 13:00:00,16150.0,16250.0,15950.0,16100.0,59417.0
2021-03-03 14:00:00,15800.0,16450.0,15700.0,16200.0,183138.0
2021-03-03 15:00:00,17400.0,17850.0,16550.0,16700.0,1869352.0
2021-03-04 09:00:00,16100.0,16250.0,16050.0,16150.0,71257.0
2021-03-04 10:00:00,16100.0,16100.0,15950.0,16100.0,116523.0
2021-03-04 11:00:00,16100.0,16400.0,16050.0,16400.0,132587.0
2021-03-04 12:00:00,16650.0,16700.0,16200.0,16250.0,165661.0
2021-03-04 13:00:00,16850.0,16900.0,16600.0,16650.0,118081.0
2021-03-04 14:00:00,16800.0,16950.0,16500.0,16800.0,392335.0
2021-03-04 15:00:00,16200.0,16300.0,16050.0,16050.0,115689.0
2021-03-05 09:00:00,16200.0,16750.0,15750.0,15850.0,407717.0
2021-03-05 10:00:00,15850.0,16100.0,15600.0,15800.0,185067.0
2021-03-05 11:00:00,15800.0,15950.0,15650.0,15800.0,60969.0
2021-03-05 12:00:00,15800.0,15950.0,15700.0,15850.0,39662.0
2021-03-05 13:00:00,15850.0,15900.0,15800.0,15800.0,43820.0
2021-03-05 14:00:00,15850.0,16100.0,15800.0,16000.0,91231.0
2021-03-05 15:00:00,16000.0,16100.0,15950.0,16000.0,41591.0
2021-03-08 09:00:00,15200.0,15300.0,15150.0,15150.0,57445.0
2021-03-08 10:00:00,15450.0,15500.0,15100.0,15200.0,131651.0
2021-03-08 11:00:00,15700.0,15700.0,15450.0,15450.0,36675.0
2021-03-08 12:00:00,16000.0,16050.0,15700.0,15850.0,68229.0
2021-03-08 13:00:00,16050.0,16400.0,15800.0,16250.0,271685.0
2021-03-08 14:00:00,15800.0,15850.0,15400.0,15700.0,143005.0
2021-03-08 15:00:00,16250.0,16300.0,15950.0,16000.0,138274.0
2021-03-09 09:00:00,15350.0,15500.0,15100.0,15500.0,78827.0
2021-03-09 10:00:00,15400.0,15600.0,15250.0,15350.0,209686.0
2021-03-09 11:00:00,14950.0,16500.0,14700.0,15350.0,983506.0
2021-03-09 12:00:00,15050.0,15200.0,14450.0,14450.0,268123.0
2021-03-09 13:00:00,14600.0,14900.0,14600.0,14850.0,33956.0
2021-03-09 14:00:00,14500.0,14850.0,14500.0,14650.0,58658.0
2021-03-09 15:00:00,14850.0,15100.0,14850.0,14950.0,61291.0
2021-03-10 09:00:00,15850.0,15900.0,15400.0,15650.0,262820.0
2021-03-10 10:00:00,15600.0,15650.0,15400.0,15400.0,49243.0
2021-03-10 11:00:00,15350.0,15400.0,15100.0,15250.0,43160.0
2021-03-10 12:00:00,15200.0,15250.0,15000.0,15000.0,26291.0
2021-03-10 13:00:00,15000.0,15150.0,14850.0,15100.0,40655.0
2021-03-10 14:00:00,15100.0,15100.0,14800.0,14850.0,46249.0
2021-03-10 15:00:00,14850.0,15100.0,14800.0,14850.0,37919.0
2021-03-11 09:00:00,15850.0,16050.0,15650.0,15900.0,182490.0
2021-03-11 10:00:00,15350.0,16450.0,15300.0,15850.0,1232811.0
2021-03-11 11:00:00,15250.0,15350.0,15100.0,15300.0,32391.0
2021-03-11 12:00:00,15400.0,15500.0,15200.0,15250.0,44847.0
2021-03-11 13:00:00,15000.0,15100.0,14550.0,14650.0,75048.0
2021-03-11 14:00:00,15050.0,15600.0,14950.0,15400.0,133668.0
2021-03-11 15:00:00,14650.0,15300.0,14600.0,15000.0,98724.0
2021-03-12 09:00:00,15650.0,15900.0,15450.0,15600.0,250775.0
2021-03-12 10:00:00,15600.0,15850.0,15500.0,15750.0,104803.0
2021-03-12 11:00:00,15700.0,15800.0,15550.0,15650.0,56266.0
2021-03-12 12:00:00,15650.0,15700.0,15550.0,15650.0,25055.0
2021-03-12 13:00:00,15650.0,15850.0,15600.0,15800.0,52672.0
2021-03-12 14:00:00,15800.0,15950.0,15700.0,15850.0,92016.0
2021-03-12 15:00:00,15850.0,15850.0,15700.0,15800.0,51276.0
2021-03-15 09:00:00,16650.0,16700.0,16500.0,16600.0,83679.0
2021-03-15 10:00:00,16600.0,16950.0,16600.0,16900.0,122584.0
2021-03-15 11:00:00,16650.0,16800.0,16400.0,16600.0,143125.0
2021-03-15 12:00:00,16650.0,17100.0,16600.0,16750.0,394293.0
2021-03-15 13:00:00,16000.0,16600.0,15750.0,16300.0,565274.0
2021-03-15 14:00:00,16700.0,16850.0,16500.0,16650.0,122384.0
2021-03-15 15:00:00,16350.0,16850.0,16300.0,16600.0,296273.0
2021-03-16 09:00:00,17250.0,17300.0,16600.0,16600.0,290881.0
2021-03-16 10:00:00,16650.0,16850.0,16600.0,16700.0,63651.0
2021-03-16 11:00:00,16700.0,17250.0,16700.0,17150.0,207821.0
2021-03-16 12:00:00,17200.0,17750.0,17050.0,17300.0,420114.0
2021-03-16 13:00:00,17300.0,17350.0,17000.0,17150.0,86158.0
2021-03-16 14:00:00,17150.0,17300.0,17050.0,17150.0,75174.0
2021-03-16 15:00:00,17150.0,17400.0,17150.0,17400.0,145540.0
2021-03-17 09:00:00,17450.0,17600.0,17300.0,17300.0,94074.0
2021-03-17 10:00:00,17600.0,17650.0,17350.0,17500.0,102243.0
2021-03-17 11:00:00,17350.0,17400.0,17150.0,17250.0,75468.0
2021-03-17 12:00:00,17700.0,17800.0,17300.0,17700.0,390803.0
2021-03-17 13:00:00,16900.0,18700.0,16850.0,17700.0,1993450.0
2021-03-17 14:00:00,17700.0,17700.0,17400.0,17550.0,78651.0
2021-03-17 15:00:00,17650.0,17650.0,16850.0,16900.0,350553.0
2021-03-18 09:00:00,17600.0,17800.0,17550.0,17600.0,83306.0
2021-03-18 10:00:00,17650.0,17700.0,17450.0,17600.0,61249.0
2021-03-18 11:00:00,17600.0,17800.0,17500.0,17800.0,80912.0
2021-03-18 12:00:00,17750.0,17750.0,17500.0,17650.0,68018.0
2021-03-18 13:00:00,17750.0,18050.0,17400.0,17900.0,560012.0
2021-03-18 14:00:00,17650.0,17850.0,17600.0,17650.0,66670.0
2021-03-18 15:00:00,17900.0,18100.0,17550.0,17750.0,282605.0
2021-03-19 09:00:00,17550.0,17800.0,17250.0,17650.0,261285.0
2021-03-19 10:00:00,17650.0,17750.0,17400.0,17650.0,115785.0
2021-03-19 11:00:00,17650.0,17650.0,17400.0,17450.0,84928.0
2021-03-19 12:00:00,17400.0,17450.0,16500.0,16800.0,442040.0
2021-03-19 13:00:00,16800.0,17050.0,16750.0,17000.0,92679.0
2021-03-19 14:00:00,17000.0,17150.0,16700.0,16700.0,130042.0
2021-03-19 15:00:00,16700.0,16750.0,16100.0,16400.0,250879.0
2021-03-22 09:00:00,16150.0,16250.0,15950.0,16250.0,63627.0
2021-03-22 10:00:00,16250.0,16600.0,15700.0,15750.0,176948.0
2021-03-22 11:00:00,16150.0,16200.0,16000.0,16100.0,40155.0
2021-03-22 12:00:00,16500.0,16550.0,16200.0,16400.0,55728.0
2021-03-22 13:00:00,16550.0,16650.0,15600.0,15900.0,283968.0
2021-03-22 14:00:00,16400.0,16450.0,16100.0,16200.0,48951.0
2021-03-22 15:00:00,15900.0,16900.0,15800.0,16500.0,359416.0
2021-03-23 09:00:00,16000.0,16300.0,15000.0,15050.0,324774.0
2021-03-23 10:00:00,15050.0,15100.0,14650.0,14850.0,153461.0
2021-03-23 11:00:00,14900.0,14900.0,14550.0,14650.0,85644.0
2021-03-23 12:00:00,14700.0,14750.0,14550.0,14750.0,51298.0
2021-03-23 13:00:00,14800.0,14800.0,14500.0,14500.0,78036.0
2021-03-23 14:00:00,14500.0,14600.0,14250.0,14500.0,131319.0
2021-03-23 15:00:00,14500.0,14800.0,14500.0,14800.0,40576.0
2021-03-24 09:00:00,14350.0,14400.0,14250.0,14350.0,35571.0
2021-03-24 10:00:00,14250.0,14400.0,14200.0,14350.0,47555.0
2021-03-24 11:00:00,14250.0,14400.0,14250.0,14250.0,20001.0
2021-03-24 12:00:00,14450.0,14750.0,14450.0,14600.0,29848.0
2021-03-24 13:00:00,14550.0,14600.0,14300.0,14300.0,32832.0
2021-03-24 14:00:00,14300.0,14750.0,14150.0,14400.0,129889.0
2021-03-24 15:00:00,14350.0,14400.0,14150.0,14250.0,47531.0
2021-03-25 09:00:00,13800.0,14000.0,13750.0,13950.0,35436.0
2021-03-25 10:00:00,13900.0,13950.0,13800.0,13800.0,37433.0
2021-03-25 11:00:00,13750.0,13850.0,13600.0,13800.0,34749.0
2021-03-25 12:00:00,13900.0,14050.0,13650.0,13750.0,96331.0
2021-03-25 13:00:00,13800.0,13950.0,13650.0,13950.0,44471.0
2021-03-25 14:00:00,14050.0,14400.0,13850.0,13900.0,114896.0
2021-03-25 15:00:00,13950.0,13950.0,13750.0,13800.0,26389.0
2021-03-26 09:00:00,14350.0,15650.0,14300.0,14900.0,1289234.0
2021-03-26 10:00:00,14850.0,14900.0,14450.0,14650.0,203735.0
2021-03-26 11:00:00,14700.0,14900.0,14600.0,14700.0,71455.0
2021-03-26 12:00:00,14650.0,14700.0,14500.0,14600.0,45791.0
2021-03-26 13:00:00,14600.0,14850.0,14550.0,14700.0,44157.0
2021-03-26 14:00:00,14700.0,15050.0,14700.0,14950.0,80215.0
2021-03-26 15:00:00,14950.0,15200.0,14800.0,15200.0,112591.0
2021-03-29 09:00:00,14750.0,14900.0,14700.0,14700.0,25564.0
2021-03-29 10:00:00,14950.0,15000.0,14800.0,14900.0,25276.0
2021-03-29 11:00:00,14900.0,14950.0,14700.0,14700.0,34304.0
2021-03-29 12:00:00,15000.0,15150.0,14900.0,15050.0,43442.0
2021-03-29 13:00:00,15500.0,15650.0,14850.0,14900.0,180617.0
2021-03-29 14:00:00,15050.0,15150.0,14900.0,14950.0,17295.0
2021-03-29 15:00:00,14900.0,15150.0,14850.0,15000.0,43722.0
2021-03-30 09:00:00,15200.0,15500.0,14800.0,14800.0,208030.0
2021-03-30 10:00:00,14800.0,14900.0,14600.0,14850.0,37289.0
2021-03-30 11:00:00,14850.0,14950.0,14750.0,14800.0,30826.0
2021-03-30 12:00:00,14800.0,14800.0,14700.0,14750.0,16468.0
2021-03-30 13:00:00,14800.0,14800.0,14700.0,14700.0,19824.0
2021-03-30 14:00:00,14700.0,14750.0,14550.0,14600.0,29115.0
2021-03-30 15:00:00,14650.0,14750.0,14000.0,14400.0,57043.0
2021-03-31 09:00:00,14200.0,14200.0,14050.0,14150.0,24263.0
2021-03-31 10:00:00,14150.0,14300.0,14050.0,14200.0,47740.0
2021-03-31 11:00:00,14100.0,14200.0,14100.0,14150.0,13746.0
2021-03-31 12:00:00,14050.0,14600.0,14050.0,14200.0,93844.0
2021-03-31 13:00:00,14200.0,14250.0,14100.0,14100.0,24739.0
2021-03-31 14:00:00,14400.0,14450.0,13850.0,14050.0,145733.0
2021-03-31 15:00:00,14100.0,14250.0,14100.0,14100.0,24070.0
2021-04-01 09:00:00,14000.0,14150.0,13950.0,14000.0,29142.0
2021-04-01 10:00:00,14000.0,14050.0,13900.0,13900.0,27202.0
2021-04-01 11:00:00,14000.0,14000.0,13900.0,14000.0,13865.0
2021-04-01 12:00:00,13900.0,14250.0,13900.0,14200.0,28598.0
2021-04-01 13:00:00,14150.0,14200.0,14050.0,14100.0,7781.0
2021-04-01 14:00:00,14100.0,14100.0,13950.0,14000.0,18002.0
2021-04-01 15:00:00,14150.0,14300.0,13800.0,13950.0,60563.0
2021-04-02 09:00:00,13950.0,14250.0,13800.0,14100.0,56152.0
2021-04-02 10:00:00,14150.0,14150.0,13950.0,14050.0,21200.0
2021-04-02 11:00:00,14050.0,14050.0,13900.0,14000.0,18015.0
2021-04-02 12:00:00,14050.0,14100.0,13950.0,14050.0,21246.0
2021-04-02 13:00:00,14050.0,14100.0,13950.0,14000.0,12846.0
2021-04-02 14:00:00,14000.0,14050.0,13950.0,13950.0,19463.0
2021-04-02 15:00:00,13950.0,14000.0,13900.0,14000.0,13703.0
2021-04-05 09:00:00,14050.0,14600.0,14050.0,14400.0,71582.0
2021-04-05 10:00:00,14350.0,14450.0,14300.0,14450.0,15281.0
2021-04-05 11:00:00,14400.0,14450.0,14300.0,14350.0,38749.0
2021-04-05 12:00:00,14150.0,14250.0,14050.0,14100.0,27696.0
2021-04-05 13:00:00,13950.0,14050.0,13900.0,14000.0,28802.0
2021-04-05 14:00:00,14000.0,14500.0,14000.0,14150.0,70245.0
2021-04-05 15:00:00,14050.0,14200.0,13850.0,13950.0,60751.0
2021-04-06 09:00:00,14500.0,14550.0,14000.0,14050.0,71502.0
2021-04-06 10:00:00,14050.0,14250.0,13950.0,14050.0,38982.0
2021-04-06 11:00:00,14000.0,14100.0,13950.0,14000.0,13609.0
2021-04-06 12:00:00,14000.0,14050.0,13950.0,14050.0,16137.0
2021-04-06 13:00:00,14050.0,14050.0,13950.0,13950.0,13366.0
2021-04-06 14:00:00,13950.0,14000.0,13900.0,13950.0,21059.0
2021-04-06 15:00:00,13950.0,14000.0,13900.0,13900.0,37713.0
2021-04-07 09:00:00,13800.0,13850.0,13700.0,13700.0,18007.0
2021-04-07 10:00:00,13750.0,13900.0,13750.0,13850.0,22291.0
2021-04-07 11:00:00,13800.0,13850.0,13750.0,13750.0,7841.0
2021-04-07 12:00:00,13800.0,13950.0,13750.0,13900.0,21495.0
2021-04-07 13:00:00,13850.0,13900.0,13700.0,13700.0,16207.0
2021-04-07 14:00:00,13900.0,14050.0,13700.0,13800.0,39767.0
2021-04-07 15:00:00,13700.0,13900.0,13700.0,13800.0,14984.0
2021-04-08 09:00:00,13550.0,13800.0,13500.0,13700.0,20691.0
2021-04-08 10:00:00,13700.0,13700.0,13600.0,13700.0,13583.0
2021-04-08 11:00:00,13600.0,13600.0,13500.0,13550.0,23203.0
2021-04-08 12:00:00,13750.0,13800.0,13500.0,13650.0,31634.0
2021-04-08 13:00:00,13600.0,13650.0,13450.0,13550.0,22441.0
2021-04-08 14:00:00,13550.0,13650.0,13500.0,13600.0,11683.0
2021-04-08 15:00:00,14000.0,14000.0,13650.0,13750.0,44450.0
2021-04-09 09:00:00,13900.0,13900.0,13500.0,13800.0,51025.0
2021-04-09 10:00:00,13800.0,13850.0,13650.0,13750.0,16878.0
2021-04-09 11:00:00,13750.0,13800.0,13700.0,13750.0,18480.0
2021-04-09 12:00:00,13750.0,13800.0,13700.0,13700.0,7552.0
2021-04-09 13:00:00,13700.0,13800.0,13700.0,13800.0,11284.0
2021-04-09 14:00:00,13800.0,13800.0,13700.0,13750.0,14650.0
2021-04-09 15:00:00,13700.0,13700.0,13600.0,13650.0,19010.0
2021-04-12 09:00:00,13400.0,13600.0,13400.0,13450.0,22775.0
2021-04-12 10:00:00,13450.0,13550.0,13400.0,13450.0,13043.0
2021-04-12 11:00:00,13400.0,13450.0,13350.0,13400.0,11096.0
2021-04-12 12:00:00,13350.0,13450.0,13350.0,13400.0,11557.0
2021-04-12 13:00:00,13400.0,13450.0,13300.0,13350.0,14176.0
2021-04-12 14:00:00,13600.0,13800.0,13200.0,13350.0,63842.0
2021-04-12 15:00:00,13400.0,13450.0,13350.0,13400.0,7761.0
2021-04-13 09:00:00,13300.0,13600.0,13150.0,13500.0,62274.0
2021-04-13 10:00:00,13500.0,13500.0,13350.0,13400.0,15917.0
2021-04-13 11:00:00,13400.0,13450.0,13350.0,13400.0,14034.0
2021-04-13 12:00:00,13400.0,13500.0,13400.0,13450.0,8548.0
2021-04-13 13:00:00,13450.0,13450.0,13300.0,13350.0,20689.0
2021-04-13 14:00:00,13350.0,13350.0,13200.0,13300.0,21621.0
2021-04-13 15:00:00,13300.0,13300.0,13200.0,13300.0,17075.0
2021-04-14 09:00:00,13250.0,13350.0,13250.0,13300.0,9564.0
2021-04-14 10:00:00,13300.0,13350.0,13250.0,13250.0,11830.0
2021-04-14 11:00:00,13250.0,13400.0,13200.0,13300.0,14228.0
2021-04-14 12:00:00,13300.0,13600.0,13300.0,13400.0,51035.0
2021-04-14 13:00:00,13300.0,13350.0,13250.0,13300.0,20999.0
2021-04-14 14:00:00,13400.0,13450.0,13300.0,13300.0,14874.0
2021-04-14 15:00:00,13300.0,13350.0,13200.0,13250.0,16364.0
2021-04-15 09:00:00,13050.0,13100.0,13000.0,13050.0,7738.0
2021-04-15 10:00:00,13100.0,13150.0,13000.0,13000.0,7608.0
2021-04-15 11:00:00,13100.0,13150.0,13000.0,13050.0,9604.0
2021-04-15 12:00:00,13250.0,13250.0,12950.0,13000.0,53048.0
2021-04-15 13:00:00,13000.0,13100.0,12900.0,12900.0,11680.0
2021-04-15 14:00:00,13000.0,13050.0,12850.0,13000.0,42968.0
2021-04-15 15:00:00,12950.0,13150.0,12900.0,13050.0,18764.0
2021-04-16 09:00:00,12950.0,13200.0,12950.0,13000.0,29704.0
2021-04-16 10:00:00,13000.0,13250.0,13000.0,13150.0,28091.0
2021-04-16 11:00:00,13200.0,13250.0,13100.0,13100.0,15480.0
2021-04-16 12:00:00,13150.0,13200.0,13050.0,13050.0,7023.0
2021-04-16 13:00:00,13100.0,13100.0,13000.0,13000.0,8662.0
2021-04-16 14:00:00,13000.0,13150.0,13000.0,13050.0,9534.0
2021-04-16 15:00:00,13050.0,13150.0,13000.0,13000.0,15432.0
2021-04-19 09:00:00,14300.0,14350.0,14200.0,14300.0,98233.0
2021-04-19 10:00:00,15200.0,15800.0,13850.0,14250.0,2424941.0
2021-04-19 11:00:00,13450.0,14800.0,13350.0,14800.0,145437.0
2021-04-19 12:00:00,13500.0,13550.0,13350.0,13350.0,9947.0
2021-04-19 13:00:00,13450.0,13600.0,13400.0,13550.0,28437.0
2021-04-19 14:00:00,13400.0,13500.0,13350.0,13450.0,7249.0
2021-04-19 15:00:00,13500.0,13950.0,13300.0,13450.0,97768.0
2021-04-20 09:00:00,13900.0,14000.0,13900.0,13900.0,19875.0
2021-04-20 10:00:00,13950.0,14050.0,13900.0,13950.0,24019.0
2021-04-20 11:00:00,14050.0,14100.0,13900.0,13900.0,20601.0
2021-04-20 12:00:00,14200.0,14250.0,13650.0,13800.0,208958.0
2021-04-20 13:00:00,13800.0,14200.0,13800.0,14050.0,59598.0
2021-04-20 14:00:00,13750.0,13900.0,13600.0,13800.0,73716.0
2021-04-20 15:00:00,14050.0,14150.0,14000.0,14100.0,19542.0
2021-04-21 09:00:00,13900.0,14250.0,13600.0,14250.0,165300.0
2021-04-21 10:00:00,14250.0,15050.0,13950.0,14400.0,434838.0
2021-04-21 11:00:00,14450.0,14600.0,14350.0,14550.0,64194.0
2021-04-21 12:00:00,14550.0,14550.0,14300.0,14500.0,36819.0
2021-04-21 13:00:00,14500.0,14900.0,14150.0,14150.0,304319.0
2021-04-21 14:00:00,14200.0,14350.0,14100.0,14300.0,50606.0
2021-04-21 15:00:00,14250.0,14300.0,14150.0,14250.0,30062.0
2021-04-22 09:00:00,14200.0,14300.0,14100.0,14300.0,31849.0
2021-04-22 10:00:00,14200.0,14300.0,14150.0,14150.0,25797.0
2021-04-22 11:00:00,14300.0,14350.0,14200.0,14250.0,31607.0
2021-04-22 12:00:00,14300.0,14350.0,14250.0,14300.0,10384.0
2021-04-22 13:00:00,14300.0,14500.0,14050.0,14450.0,97790.0
2021-04-22 14:00:00,14250.0,14350.0,14200.0,14300.0,21632.0
2021-04-22 15:00:00,14450.0,14450.0,14100.0,14300.0,48333.0
2021-04-23 09:00:00,14300.0,14600.0,14050.0,14200.0,56857.0
2021-04-23 10:00:00,14250.0,14300.0,14150.0,14150.0,19214.0
2021-04-23 11:00:00,14150.0,14250.0,14100.0,14150.0,18201.0
2021-04-23 12:00:00,14100.0,14200.0,13950.0,14000.0,33702.0
2021-04-23 13:00:00,14000.0,14100.0,13900.0,13950.0,16431.0
2021-04-23 14:00:00,13950.0,14300.0,13950.0,14200.0,32621.0
2021-04-23 15:00:00,14200.0,14350.0,14150.0,14350.0,30338.0
2021-04-26 09:00:00,13950.0,14000.0,13900.0,13950.0,14202.0
2021-04-26 10:00:00,13950.0,14150.0,13950.0,14150.0,11031.0
2021-04-26 11:00:00,14050.0,14100.0,13950.0,13950.0,15766.0
2021-04-26 12:00:00,14050.0,14050.0,13950.0,14000.0,6788.0
2021-04-26 13:00:00,14200.0,14300.0,13800.0,13950.0,87661.0
2021-04-26 14:00:00,14000.0,14100.0,14000.0,14050.0,8903.0
2021-04-26 15:00:00,13950.0,14050.0,13950.0,13950.0,18154.0
2021-04-27 09:00:00,14050.0,14100.0,13700.0,13750.0,66715.0
2021-04-27 10:00:00,13750.0,13850.0,13750.0,13800.0,22350.0
2021-04-27 11:00:00,13850.0,13850.0,13700.0,13800.0,7273.0
2021-04-27 12:00:00,13750.0,13800.0,13700.0,13800.0,6876.0
2021-04-27 13:00:00,13800.0,13800.0,13700.0,13800.0,6240.0
2021-04-27 14:00:00,13800.0,13800.0,13700.0,13750.0,17172.0
2021-04-27 15:00:00,13750.0,13750.0,13700.0,13700.0,13406.0
2021-04-28 09:00:00,13450.0,13450.0,13350.0,13350.0,19095.0
2021-04-28 10:00:00,13450.0,13500.0,13400.0,13450.0,13342.0
2021-04-28 11:00:00,13350.0,13550.0,13350.0,13550.0,9707.0
2021-04-28 12:00:00,13450.0,13550.0,13450.0,13550.0,5921.0
2021-04-28 13:00:00,13600.0,13650.0,13450.0,13500.0,18318.0
2021-04-28 14:00:00,13550.0,13550.0,13400.0,13450.0,14613.0
2021-04-28 15:00:00,13550.0,13750.0,13450.0,13600.0,31315.0
2021-04-29 09:00:00,13500.0,13550.0,13400.0,13500.0,9596.0
2021-04-29 10:00:00,13450.0,13550.0,13400.0,13450.0,5765.0
2021-04-29 11:00:00,13500.0,13500.0,13300.0,13350.0,13939.0
2021-04-29 12:00:00,13700.0,13700.0,13500.0,13500.0,8430.0
2021-04-29 13:00:00,13550.0,13550.0,13150.0,13300.0,28303.0
2021-04-29 14:00:00,13550.0,13600.0,13400.0,13400.0,8802.0
2021-04-29 15:00:00,13300.0,13700.0,13300.0,13700.0,30263.0
2021-04-30 09:00:00,13500.0,13800.0,13400.0,13700.0,28501.0
2021-04-30 10:00:00,13700.0,13700.0,13500.0,13500.0,13680.0
2021-04-30 11:00:00,13550.0,13550.0,13350.0,13450.0,16568.0
2021-04-30 12:00:00,13450.0,13450.0,13350.0,13400.0,2374.0
2021-04-30 13:00:00,13450.0,13500.0,13300.0,13300.0,8999.0
2021-04-30 14:00:00,13350.0,13450.0,13300.0,13400.0,8627.0
2021-04-30 15:00:00,13400.0,13500.0,13400.0,13500.0,11762.0
2021-05-03 09:00:00,13400.0,13400.0,13250.0,13250.0,21167.0
2021-05-03 10:00:00,13250.0,13350.0,13200.0,13350.0,12715.0
2021-05-03 11:00:00,13450.0,13500.0,13350.0,13400.0,9857.0
2021-05-03 12:00:00,13700.0,13700.0,13450.0,13450.0,10947.0
2021-05-03 13:00:00,13650.0,13700.0,13350.0,13600.0,19193.0
2021-05-03 14:00:00,13450.0,13500.0,13400.0,13450.0,8709.0
2021-05-03 15:00:00,13600.0,13750.0,13550.0,13750.0,13459.0
2021-05-04 09:00:00,13250.0,13650.0,13000.0,13050.0,40575.0
2021-05-04 10:00:00,13100.0,13200.0,12800.0,12850.0,36731.0
2021-05-04 11:00:00,12900.0,13000.0,12650.0,12800.0,21725.0
2021-05-04 12:00:00,12800.0,13000.0,12750.0,12900.0,9012.0
2021-05-04 13:00:00,12900.0,12950.0,12850.0,12950.0,6605.0
2021-05-04 14:00:00,12950.0,13100.0,12850.0,13100.0,10352.0
2021-05-04 15:00:00,13100.0,13150.0,13050.0,13100.0,9064.0
2021-05-06 09:00:00,13300.0,13350.0,13200.0,13200.0,31319.0
2021-05-06 10:00:00,13400.0,13450.0,13200.0,13300.0,79224.0
2021-05-06 11:00:00,13300.0,14550.0,13250.0,13450.0,558405.0
2021-05-06 12:00:00,13350.0,13450.0,13150.0,13450.0,10635.0
2021-05-06 13:00:00,13450.0,13600.0,13300.0,13300.0,28847.0
2021-05-06 14:00:00,13250.0,13450.0,13000.0,13350.0,45804.0
2021-05-06 15:00:00,13300.0,13350.0,13150.0,13300.0,10069.0
2021-05-07 09:00:00,13300.0,13500.0,13250.0,13350.0,22927.0
2021-05-07 10:00:00,13400.0,13400.0,13200.0,13200.0,12972.0
2021-05-07 11:00:00,13300.0,13350.0,13250.0,13350.0,6845.0
2021-05-07 12:00:00,13450.0,13500.0,13000.0,13300.0,62967.0
2021-05-07 13:00:00,13250.0,13350.0,13250.0,13300.0,12149.0
2021-05-07 14:00:00,13350.0,13400.0,13250.0,13300.0,8152.0
2021-05-07 15:00:00,13600.0,13800.0,13350.0,13400.0,89287.0
2021-05-10 09:00:00,13200.0,13500.0,13200.0,13400.0,34465.0
2021-05-10 10:00:00,13450.0,13650.0,13400.0,13600.0,36438.0
2021-05-10 11:00:00,13600.0,14050.0,13600.0,13850.0,125039.0
2021-05-10 12:00:00,13850.0,13850.0,13700.0,13800.0,14225.0
2021-05-10 13:00:00,13750.0,13850.0,13700.0,13750.0,10103.0
2021-05-10 14:00:00,13700.0,13800.0,13600.0,13650.0,23163.0
2021-05-10 15:00:00,13650.0,14100.0,13650.0,14100.0,119590.0
2021-05-11 09:00:00,13800.0,13800.0,13650.0,13700.0,21900.0
2021-05-11 10:00:00,13800.0,13900.0,13750.0,13900.0,7839.0
2021-05-11 11:00:00,13700.0,13800.0,13600.0,13800.0,12346.0
2021-05-11 12:00:00,13750.0,13800.0,13750.0,13800.0,5764.0
2021-05-11 13:00:00,13850.0,13850.0,13750.0,13800.0,21396.0
2021-05-11 14:00:00,13850.0,13950.0,13650.0,13800.0,58713.0
2021-05-11 15:00:00,13800.0,13850.0,13750.0,13800.0,6904.0
2021-05-12 09:00:00,13800.0,13950.0,13400.0,13450.0,39258.0
2021-05-12 10:00:00,13450.0,13650.0,13450.0,13550.0,12381.0
2021-05-12 11:00:00,13550.0,13600.0,13400.0,13400.0,23612.0
2021-05-12 12:00:00,13400.0,13500.0,13250.0,13300.0,20895.0
2021-05-12 13:00:00,13300.0,13350.0,13100.0,13200.0,45364.0
2021-05-12 14:00:00,13200.0,13500.0,13200.0,13350.0,22586.0
2021-05-12 15:00:00,13350.0,13450.0,13350.0,13400.0,10040.0
2021-05-13 09:00:00,12950.0,13050.0,12950.0,12950.0,9358.0
2021-05-13 10:00:00,13150.0,13200.0,12950.0,12950.0,31578.0
2021-05-13 11:00:00,13200.0,13300.0,13100.0,13150.0,21199.0
2021-05-13 12:00:00,13000.0,13300.0,12950.0,13250.0,24616.0
2021-05-13 13:00:00,13100.0,13250.0,13050.0,13250.0,9551.0
2021-05-13 14:00:00,13250.0,13250.0,13050.0,13100.0,31048.0
2021-05-13 15:00:00,13200.0,13300.0,13200.0,13200.0,6204.0
2021-05-14 09:00:00,13150.0,13250.0,13100.0,13150.0,20554.0
2021-05-14 10:00:00,13150.0,13200.0,13050.0,13050.0,16510.0
2021-05-14 11:00:00,13200.0,13250.0,13150.0,13150.0,12070.0
2021-05-14 12:00:00,13100.0,13400.0,13050.0,13200.0,38427.0
2021-05-14 13:00:00,13300.0,13350.0,13200.0,13200.0,9228.0
2021-05-14 14:00:00,13200.0,13400.0,13200.0,13300.0,25547.0
2021-05-14 15:00:00,13250.0,13300.0,13150.0,13250.0,5086.0
2021-05-17 09:00:00,13050.0,13250.0,13000.0,13050.0,25190.0
2021-05-17 10:00:00,13050.0,13150.0,13050.0,13100.0,5975.0
2021-05-17 11:00:00,13150.0,13150.0,13050.0,13100.0,4611.0
2021-05-17 12:00:00,13150.0,13200.0,13050.0,13100.0,8863.0
2021-05-17 13:00:00,13100.0,13100.0,13000.0,13000.0,12550.0
2021-05-17 14:00:00,13050.0,13200.0,13000.0,13100.0,7470.0
2021-05-17 15:00:00,13100.0,13100.0,13050.0,13100.0,3055.0
2021-05-18 09:00:00,13350.0,13400.0,13250.0,13300.0,34485.0
2021-05-18 10:00:00,13350.0,13450.0,13250.0,13350.0,24876.0
2021-05-18 11:00:00,13550.0,13650.0,13200.0,13300.0,76387.0
2021-05-18 12:00:00,13400.0,14350.0,13250.0,13550.0,780175.0
2021-05-18 13:00:00,13300.0,13550.0,13300.0,13350.0,20556.0
2021-05-18 14:00:00,13600.0,14100.0,13350.0,13550.0,258275.0
2021-05-18 15:00:00,13000.0,13500.0,13000.0,13350.0,36829.0
2021-05-20 09:00:00,13250.0,13300.0,13000.0,13150.0,66639.0
2021-05-20 10:00:00,13150.0,13250.0,13000.0,13250.0,26432.0
2021-05-20 11:00:00,13250.0,13550.0,13200.0,13450.0,35220.0
2021-05-20 12:00:00,13450.0,13500.0,13350.0,13400.0,13064.0
2021-05-20 13:00:00,13500.0,13500.0,13300.0,13300.0,11002.0
2021-05-20 14:00:00,13300.0,13500.0,13300.0,13450.0,14146.0
2021-05-20 15:00:00,13450.0,13600.0,13350.0,13500.0,25945.0
2021-05-21 09:00:00,13700.0,13900.0,13700.0,13900.0,44459.0
2021-05-21 10:00:00,13750.0,13900.0,13700.0,13700.0,19812.0
2021-05-21 11:00:00,13700.0,13850.0,13650.0,13750.0,33779.0
2021-05-21 12:00:00,13900.0,13950.0,13650.0,13700.0,69248.0
2021-05-21 13:00:00,13750.0,13850.0,13700.0,13800.0,23405.0
2021-05-21 14:00:00,13750.0,15000.0,13600.0,13900.0,972544.0
2021-05-21 15:00:00,13800.0,13850.0,13700.0,13700.0,13153.0
2021-05-24 09:00:00,14800.0,16800.0,14150.0,14600.0,6587330.0
2021-05-24 10:00:00,14600.0,14650.0,14250.0,14400.0,452927.0
2021-05-24 11:00:00,14250.0,15000.0,14000.0,14750.0,289078.0
2021-05-24 12:00:00,14250.0,14550.0,14200.0,14300.0,113184.0
2021-05-24 13:00:00,14300.0,14500.0,14200.0,14250.0,67861.0
2021-05-24 14:00:00,14250.0,14350.0,14200.0,14250.0,25068.0
2021-05-24 15:00:00,15000.0,15400.0,14100.0,14250.0,1205522.0
2021-05-25 09:00:00,14550.0,15800.0,14300.0,15350.0,1530910.0
2021-05-25 10:00:00,15300.0,15750.0,15000.0,15050.0,876946.0
2021-05-25 11:00:00,15050.0,15550.0,14950.0,15450.0,312442.0
2021-05-25 12:00:00,15500.0,15900.0,15400.0,15600.0,778244.0
2021-05-25 13:00:00,15600.0,15650.0,15250.0,15350.0,282314.0
2021-05-25 14:00:00,15350.0,15500.0,15150.0,15450.0,183976.0
2021-05-25 15:00:00,15500.0,15500.0,15300.0,15350.0,111022.0
2021-05-26 09:00:00,15450.0,15500.0,15350.0,15400.0,49003.0
2021-05-26 10:00:00,15400.0,15450.0,15250.0,15250.0,54840.0
2021-05-26 11:00:00,15350.0,15500.0,15200.0,15450.0,86842.0
2021-05-26 12:00:00,15400.0,15500.0,15300.0,15400.0,87874.0
2021-05-26 13:00:00,15200.0,15600.0,15200.0,15350.0,107439.0
2021-05-26 14:00:00,15150.0,15500.0,14900.0,15200.0,343184.0
2021-05-26 15:00:00,15450.0,15500.0,15350.0,15350.0,73097.0
2021-05-27 09:00:00,15500.0,16300.0,15400.0,15900.0,1002648.0
2021-05-27 10:00:00,15900.0,16200.0,15450.0,15600.0,331308.0
2021-05-27 11:00:00,15550.0,15600.0,15200.0,15450.0,137917.0
2021-05-27 12:00:00,15450.0,15450.0,15300.0,15450.0,30267.0
2021-05-27 13:00:00,15450.0,15600.0,15350.0,15550.0,45865.0
2021-05-27 14:00:00,15550.0,15650.0,15350.0,15400.0,79352.0
2021-05-27 15:00:00,15400.0,15450.0,15250.0,15300.0,64010.0
2021-05-28 09:00:00,15450.0,15550.0,15450.0,15500.0,37570.0
2021-05-28 10:00:00,15500.0,15600.0,15400.0,15450.0,34325.0
2021-05-28 11:00:00,15550.0,15550.0,15400.0,15450.0,48452.0
2021-05-28 12:00:00,15300.0,15900.0,15300.0,15750.0,246380.0
2021-05-28 13:00:00,15550.0,15650.0,15500.0,15600.0,26678.0
2021-05-28 14:00:00,15700.0,15800.0,15500.0,15550.0,73128.0
2021-05-28 15:00:00,15600.0,15650.0,15500.0,15550.0,17648.0
2021-05-31 09:00:00,14850.0,15150.0,14750.0,15100.0,77397.0
2021-05-31 10:00:00,15100.0,15100.0,14900.0,14900.0,40270.0
2021-05-31 11:00:00,14950.0,15000.0,14850.0,14850.0,27174.0
2021-05-31 12:00:00,15500.0,15800.0,14900.0,15000.0,213024.0
2021-05-31 13:00:00,14900.0,15100.0,14850.0,15050.0,34360.0
2021-05-31 14:00:00,15000.0,15100.0,14800.0,14850.0,92609.0
2021-05-31 15:00:00,15050.0,15050.0,14900.0,15000.0,11706.0
2021-06-01 09:00:00,14800.0,15150.0,14650.0,14900.0,108246.0
2021-06-01 10:00:00,14900.0,15700.0,14900.0,15300.0,301097.0
2021-06-01 11:00:00,15300.0,15350.0,15000.0,15150.0,53605.0
2021-06-01 12:00:00,15150.0,15250.0,15100.0,15150.0,13826.0
2021-06-01 13:00:00,15150.0,15350.0,15150.0,15300.0,25372.0
2021-06-01 14:00:00,15250.0,15550.0,15250.0,15550.0,121603.0
2021-06-01 15:00:00,15550.0,15600.0,15450.0,15600.0,69745.0
2021-06-02 09:00:00,15300.0,15300.0,15200.0,15200.0,17541.0
2021-06-02 10:00:00,15250.0,15300.0,15200.0,15300.0,13274.0
2021-06-02 11:00:00,15400.0,15400.0,15200.0,15250.0,34331.0
2021-06-02 12:00:00,15300.0,15400.0,15250.0,15300.0,33778.0
2021-06-02 13:00:00,15300.0,15400.0,15250.0,15350.0,19801.0
2021-06-02 14:00:00,15600.0,15600.0,15200.0,15300.0,88440.0
2021-06-02 15:00:00,15250.0,15400.0,15250.0,15350.0,19147.0
2021-06-03 09:00:00,15400.0,15600.0,15250.0,15500.0,149178.0
2021-06-03 10:00:00,15500.0,15550.0,15400.0,15500.0,48370.0
2021-06-03 11:00:00,15450.0,15600.0,15450.0,15500.0,31740.0
2021-06-03 12:00:00,15500.0,15550.0,15400.0,15500.0,26619.0
2021-06-03 13:00:00,15500.0,15550.0,15400.0,15400.0,25338.0
2021-06-03 14:00:00,15400.0,15500.0,15300.0,15400.0,38099.0
2021-06-03 15:00:00,15400.0,15450.0,15350.0,15350.0,18433.0
2021-06-04 09:00:00,15350.0,15450.0,15300.0,15450.0,24549.0
2021-06-04 10:00:00,15300.0,15450.0,15150.0,15350.0,55482.0
2021-06-04 11:00:00,15200.0,15350.0,15100.0,15300.0,18210.0
2021-06-04 12:00:00,15150.0,15200.0,14950.0,15150.0,62816.0
2021-06-04 13:00:00,15050.0,15200.0,15050.0,15150.0,20934.0
2021-06-04 14:00:00,15100.0,15150.0,15000.0,15050.0,34744.0
2021-06-04 15:00:00,15150.0,15200.0,15050.0,15200.0,19582.0
2021-06-07 09:00:00,15950.0,16100.0,15900.0,16000.0,103560.0
2021-06-07 10:00:00,16000.0,16250.0,15900.0,16000.0,135820.0
2021-06-07 11:00:00,15900.0,15950.0,15750.0,15900.0,43150.0
2021-06-07 12:00:00,15500.0,16000.0,15300.0,15850.0,366664.0
2021-06-07 13:00:00,15900.0,15950.0,15800.0,15900.0,54752.0
2021-06-07 14:00:00,15850.0,16100.0,15750.0,15900.0,356179.0
2021-06-07 15:00:00,15900.0,16000.0,15850.0,15900.0,57585.0
2021-06-08 09:00:00,16600.0,18250.0,16150.0,17100.0,4107740.0
2021-06-08 10:00:00,17100.0,17350.0,16450.0,16600.0,661739.0
2021-06-08 11:00:00,16600.0,16800.0,16450.0,16650.0,140099.0
2021-06-08 12:00:00,16650.0,16900.0,16600.0,16800.0,74002.0
2021-06-08 13:00:00,16850.0,16850.0,16500.0,16600.0,103088.0
2021-06-08 14:00:00,16550.0,16600.0,16350.0,16450.0,136198.0
2021-06-08 15:00:00,16450.0,16450.0,16250.0,16350.0,94403.0
2021-06-09 09:00:00,16550.0,16850.0,16550.0,16850.0,89631.0
2021-06-09 10:00:00,16500.0,16700.0,16450.0,16550.0,70879.0
2021-06-09 11:00:00,16500.0,16650.0,16450.0,16450.0,41438.0
2021-06-09 12:00:00,16550.0,16650.0,16450.0,16500.0,41184.0
2021-06-09 13:00:00,16700.0,16700.0,16500.0,16550.0,60477.0
2021-06-09 14:00:00,16550.0,16850.0,16200.0,16700.0,241247.0
2021-06-09 15:00:00,16500.0,16600.0,16500.0,16500.0,30671.0
2021-06-10 09:00:00,17050.0,17300.0,16700.0,16900.0,363224.0
2021-06-10 10:00:00,16900.0,16900.0,16500.0,16600.0,115995.0
2021-06-10 11:00:00,16600.0,16700.0,16550.0,16600.0,32091.0
2021-06-10 12:00:00,16600.0,16850.0,16550.0,16750.0,45780.0
2021-06-10 13:00:00,16800.0,16800.0,16600.0,16700.0,28889.0
2021-06-10 14:00:00,16650.0,16650.0,16300.0,16350.0,103188.0
2021-06-10 15:00:00,16400.0,16450.0,16250.0,16300.0,51045.0
2021-06-11 09:00:00,16600.0,16600.0,16550.0,16600.0,36665.0
2021-06-11 10:00:00,16450.0,16600.0,16400.0,16550.0,30984.0
2021-06-11 11:00:00,16550.0,16600.0,16500.0,16550.0,26063.0
2021-06-11 12:00:00,16500.0,16700.0,16450.0,16550.0,43756.0
2021-06-11 13:00:00,16450.0,16600.0,16450.0,16500.0,51142.0
2021-06-11 14:00:00,16400.0,16700.0,15900.0,16450.0,246454.0
2021-06-11 15:00:00,16550.0,16550.0,16400.0,16450.0,29403.0
2021-06-14 09:00:00,16300.0,16350.0,16250.0,16250.0,32893.0
2021-06-14 10:00:00,16350.0,16400.0,16300.0,16350.0,24002.0
2021-06-14 11:00:00,16350.0,16450.0,16300.0,16350.0,30436.0
2021-06-14 12:00:00,16350.0,16400.0,16250.0,16300.0,32724.0
2021-06-14 13:00:00,16350.0,16400.0,16250.0,16350.0,34844.0
2021-06-14 14:00:00,16850.0,16850.0,16200.0,16350.0,121566.0
2021-06-14 15:00:00,16300.0,16400.0,16250.0,16350.0,20763.0
2021-06-15 09:00:00,16250.0,17000.0,16050.0,16500.0,130197.0
2021-06-15 10:00:00,16500.0,16700.0,16350.0,16650.0,43633.0
2021-06-15 11:00:00,16650.0,16700.0,16500.0,16550.0,22458.0
2021-06-15 12:00:00,16550.0,16600.0,16450.0,16500.0,11468.0
2021-06-15 13:00:00,16500.0,16500.0,16300.0,16400.0,43354.0
2021-06-15 14:00:00,16400.0,16400.0,16250.0,16350.0,31469.0
